{"type": "FeatureCollection", "features": [{"type": "Feature", "id": "Aprobados.302745", "geometry": {"type": "MultiPolygon", "coordinates": [[[[-70.46704245, 18.71733497], [-70.46697903, 18.71698457], [-70.46695608, 18.71687164], [-70.46716595, 18.71684074], [-70.46732054, 18.7168059], [-70.46737588, 18.71678669], [-70.4675036, 18.71676448], [-70.46764475, 18.71672651], [-70.46773837, 18.71670897], [-70.46791946, 18.7166629], [-70.46803474, 18.71663532], [-70.46812307, 18.71661447], [-70.46829397, 18.7166979], [-70.46830488, 18.71681066], [-70.46831318, 18.71697025], [-70.46829717, 18.7170845], [-70.46798651, 18.71714222], [-70.46778346, 18.71718268], [-70.46766425, 18.71720196], [-70.46753613, 18.71723403], [-70.46742447, 18.71725175], [-70.46735565, 18.71726881], [-70.46725557, 18.71728929], [-70.46715002, 18.71731036], [-70.46704245, 18.71733497]]]]}, "geometry_name": "the_geom", "properties": {"Posicional": "304750215477", "Expediente": "6642021094564-02", "Area": 7235.16, "Municipio": "RANCHO ARRIBA", "Provincia": "San Jos\u00e9 de Ocoa", "Operacion": "Deslinde", "FechaInsc": "21/2/2022 10:46:34 a.\u00a0m.", "area_calc_m2": 7235, "touches_family_land": false, "owner": null, "owner_source": null, "family": false, "category": "confirmed"}}, {"type": "Feature", "id": "Aprobados.294234", "geometry": {"type": "MultiPolygon", "coordinates": [[[[-70.47003668, 18.71765815], [-70.46996537, 18.71764724], [-70.46988962, 18.71764855], [-70.4695801, 18.71763725], [-70.46943804, 18.71764776], [-70.46936262, 18.71768802], [-70.46930112, 18.71771525], [-70.46925783, 18.71774242], [-70.46922411, 18.71774666], [-70.4691609, 18.71774083], [-70.46908795, 18.71770517], [-70.46903128, 18.71767553], [-70.46891379, 18.71761058], [-70.46872854, 18.7175055], [-70.46868977, 18.71748566], [-70.46867491, 18.71747737], [-70.46864504, 18.71746721], [-70.46864256, 18.71746561], [-70.46849435, 18.71747671], [-70.46842055, 18.71748542], [-70.46833487, 18.71750136], [-70.4682596, 18.71751505], [-70.4682027, 18.71752526], [-70.46816048, 18.71753408], [-70.4680979, 18.71754595], [-70.46803755, 18.7175636], [-70.46802011, 18.71756445], [-70.46799375, 18.71756421], [-70.46796214, 18.71757205], [-70.46781264, 18.71759933], [-70.46774605, 18.71761838], [-70.46768379, 18.71763395], [-70.46756526, 18.71765711], [-70.46752711, 18.71766455], [-70.46745289, 18.71767922], [-70.46738754, 18.71768823], [-70.46730085, 18.71770797], [-70.46721747, 18.71772778], [-70.46718606, 18.71773634], [-70.46715667, 18.7177372], [-70.46710648, 18.71756917], [-70.46706575, 18.71743098], [-70.46704323, 18.71733745], [-70.46711892, 18.71731852], [-70.46717933, 18.71730811], [-70.46727322, 18.71728686], [-70.46737073, 18.71726839], [-70.46751207, 18.7172399], [-70.46759371, 18.71722878], [-70.46767517, 18.71720637], [-70.46771615, 18.717198], [-70.46784537, 18.71717169], [-70.46800858, 18.7171406], [-70.46829996, 18.7170822], [-70.46831543, 18.71705109], [-70.46831322, 18.71695966], [-70.46830369, 18.71683288], [-70.46829774, 18.71669324], [-70.46832372, 18.71669321], [-70.46838584, 18.71670483], [-70.46849702, 18.71672086], [-70.46858858, 18.71675981], [-70.46875091, 18.71683425], [-70.46875131, 18.71683705], [-70.46890227, 18.71685891], [-70.46901156, 18.71686447], [-70.46909891, 18.7168542], [-70.46917284, 18.71685064], [-70.46927645, 18.71681333], [-70.46933352, 18.71676779], [-70.46937477, 18.71672392], [-70.46941543, 18.71672152], [-70.46955207, 18.71670951], [-70.46957917, 18.71671789], [-70.46967732, 18.71674043], [-70.46983076, 18.71676353], [-70.4699321, 18.71676002], [-70.4699417, 18.71685039], [-70.46994235, 18.71685933], [-70.46998426, 18.71723254], [-70.47001965, 18.71753079], [-70.47003668, 18.71765815]]]]}, "geometry_name": "the_geom", "properties": {"Posicional": "304750113870", "Expediente": "6642021028121-05", "Area": 22269.48, "Municipio": "RANCHO ARRIBA", "Provincia": "San Jos\u00e9 de Ocoa", "Operacion": "Deslinde de excepci\u00f3n", "FechaInsc": "20/5/2022 11:44:55 a.\u00a0m.", "area_calc_m2": 22269, "touches_family_land": false, "owner": null, "owner_source": null, "family": false, "category": "confirmed"}}, {"type": "Feature", "id": "Aprobados.261505", "geometry": {"type": "MultiPolygon", "coordinates": [[[[-70.45838864, 18.71028152], [-70.45846311, 18.71032919], [-70.45857664, 18.71040936], [-70.45858574, 18.71041995], [-70.45862573, 18.71045072], [-70.45867059, 18.71048444], [-70.45875871, 18.71054293], [-70.45875349, 18.71055382], [-70.45906201, 18.71077008], [-70.46077801, 18.71037911], [-70.46084047, 18.71032052], [-70.46157211, 18.71015227], [-70.4615858, 18.7101003], [-70.46139588, 18.70936221], [-70.46139504, 18.70927575], [-70.46111376, 18.70825538], [-70.46116061, 18.70822384], [-70.46229476, 18.70974292], [-70.46319344, 18.71041909], [-70.46324806, 18.71047405], [-70.46321162, 18.71072516], [-70.46321284, 18.71076762], [-70.46322086, 18.71080677], [-70.463291, 18.71091402], [-70.46331155, 18.71094386], [-70.46340542, 18.71110793], [-70.4636274, 18.71184631], [-70.46371819, 18.71198348], [-70.46367035, 18.71203292], [-70.46358006, 18.7119654], [-70.46333422, 18.71203581], [-70.46295806, 18.71210354], [-70.46293118, 18.71216501], [-70.46286257, 18.7121697], [-70.46277564, 18.71218411], [-70.46271512, 18.71219263], [-70.46263247, 18.71220773], [-70.46217829, 18.71226684], [-70.46210775, 18.71198078], [-70.46201052, 18.71159102], [-70.46184149, 18.7109228], [-70.46158566, 18.71097811], [-70.46142929, 18.71101122], [-70.46109597, 18.71108746], [-70.46057516, 18.71120519], [-70.46015817, 18.71129898], [-70.45987756, 18.71136306], [-70.45974043, 18.71139485], [-70.45968366, 18.7113099], [-70.45966017, 18.71127936], [-70.45959957, 18.711223], [-70.45954413, 18.71118295], [-70.45948142, 18.71114622], [-70.45942876, 18.71110913], [-70.4593877, 18.71107575], [-70.45921398, 18.71095494], [-70.45902393, 18.71081953], [-70.4589558, 18.71076991], [-70.45871874, 18.71060405], [-70.45869947, 18.71057981], [-70.45848207, 18.71050533], [-70.45848954, 18.71048078], [-70.45838864, 18.71028152]]]]}, "geometry_name": "the_geom", "properties": {"Posicional": "304659846593", "Expediente": "6642021105248-04", "Area": 69244.48382568, "Municipio": "RANCHO ARRIBA", "Provincia": "San Jos\u00e9 de Ocoa", "Operacion": "Subdivisi\u00f3n", "FechaInsc": "4/2/2022 10:27:27 a.\u00a0m.", "area_calc_m2": 69244, "touches_family_land": false, "owner": null, "owner_source": null, "family": false, "category": "confirmed"}}, {"type": "Feature", "id": "Aprobados.18527", "geometry": {"type": "MultiPolygon", "coordinates": [[[[-70.46276159, 18.71521193], [-70.46286246, 18.71546159], [-70.46286872, 18.71552439], [-70.46263534, 18.71558607], [-70.46246584, 18.71562326], [-70.46228256, 18.71565035], [-70.46225636, 18.71551032], [-70.46222555, 18.71531976], [-70.46241396, 18.71529015], [-70.46256105, 18.71525513], [-70.46269588, 18.71522739], [-70.46276159, 18.71521193]]]]}, "geometry_name": "the_geom", "properties": {"Posicional": "304659799742", "Expediente": "663201610263", "Area": 2278.30761719, "Municipio": "RANCHO ARRIBA", "Provincia": "SAN JOS\u00c9 DE OCOA", "Operacion": "Saneamiento", "FechaInsc": "24/11/2016 1:46:28 p.\u00a0m.", "area_calc_m2": 2278, "touches_family_land": false, "owner": null, "owner_source": null, "family": false, "category": "confirmed"}}, {"type": "Feature", "id": "Aprobados.29106", "geometry": {"type": "MultiPolygon", "coordinates": [[[[-70.46277215, 18.71511891], [-70.46269415, 18.71513578], [-70.46262007, 18.71495673], [-70.46261374, 18.71494838], [-70.46252382, 18.71497799], [-70.46250636, 18.71498798], [-70.46251864, 18.71503767], [-70.46234484, 18.71508438], [-70.46232701, 18.71507232], [-70.46228772, 18.71506911], [-70.46225042, 18.71506569], [-70.46219903, 18.71501043], [-70.46214675, 18.71495202], [-70.46208674, 18.71486502], [-70.46200703, 18.71473788], [-70.46198078, 18.71469607], [-70.46186281, 18.71450797], [-70.46183955, 18.71447092], [-70.46190234, 18.7144511], [-70.46174783, 18.71400549], [-70.46176868, 18.71399268], [-70.46181933, 18.71396147], [-70.46198847, 18.71385751], [-70.46211531, 18.71397461], [-70.46213668, 18.71402288], [-70.46226033, 18.71417751], [-70.46236319, 18.714307], [-70.46249838, 18.71447888], [-70.46246473, 18.71450291], [-70.46259092, 18.71467595], [-70.46268519, 18.71485457], [-70.4626723, 18.71487726], [-70.46277215, 18.71511891]]]]}, "geometry_name": "the_geom", "properties": {"Posicional": "304659882782", "Expediente": "663201610681", "Area": 6970.3, "Municipio": "RANCHO ARRIBA", "Provincia": "SAN JOS\u00c9 DE OCOA", "Operacion": "Subdivisi\u00f3n", "FechaInsc": "24/3/2017 12:25:54 p.\u00a0m.", "area_calc_m2": 6970, "touches_family_land": false, "owner": null, "owner_source": null, "family": false, "category": "confirmed"}}, {"type": "Feature", "id": "Aprobados.27004", "geometry": {"type": "MultiPolygon", "coordinates": [[[[-70.46185956, 18.7153765], [-70.46198371, 18.71534553], [-70.46204225, 18.71551485], [-70.46208915, 18.71564225], [-70.46197968, 18.71568196], [-70.46185956, 18.7153765]]]]}, "geometry_name": "the_geom", "properties": {"Posicional": "304659895840", "Expediente": "663201500580", "Area": 454.19274902, "Municipio": "RANCHO ARRIBA", "Provincia": "SAN JOS\u00c9 DE OCOA", "Operacion": "Saneamiento", "FechaInsc": "15/4/2015 11:50:55 a.\u00a0m.", "area_calc_m2": 454, "touches_family_land": false, "owner": null, "owner_source": null, "family": false, "category": "confirmed"}}, {"type": "Feature", "id": "Aprobados.553905", "geometry": {"type": "MultiPolygon", "coordinates": [[[[-70.46199067, 18.71536065], [-70.46210981, 18.71533244], [-70.46215468, 18.71551081], [-70.46215486, 18.7155203], [-70.46219401, 18.71567287], [-70.46218513, 18.71567692], [-70.46215212, 18.71568757], [-70.46211789, 18.71569877], [-70.46208915, 18.71564225], [-70.4620505, 18.71553729], [-70.4619967, 18.71537814], [-70.46199067, 18.71536065]]]]}, "geometry_name": "the_geom", "properties": {"Posicional": "304659894810", "Expediente": "6642024037537-02", "Area": 437.73, "Municipio": "RANCHO ARRIBA", "Provincia": "San Jos\u00e9 de Ocoa", "Operacion": "Saneamiento", "FechaInsc": "27/8/2024 7:59:28 p.\u00a0m.", "area_calc_m2": 438, "touches_family_land": false, "owner": null, "owner_source": null, "family": false, "category": "confirmed"}}, {"type": "Feature", "id": "Aprobados.29107", "geometry": {"type": "MultiPolygon", "coordinates": [[[[-70.46183955, 18.71447092], [-70.46172499, 18.71449197], [-70.46162984, 18.71450942], [-70.46135291, 18.71456019], [-70.46120663, 18.71458709], [-70.46097049, 18.71399963], [-70.46114204, 18.71380203], [-70.46103999, 18.7136888], [-70.46107381, 18.7136739], [-70.46130431, 18.71357244], [-70.46134928, 18.71355266], [-70.46142739, 18.71369283], [-70.46144655, 18.7137271], [-70.46149002, 18.71369884], [-70.46159516, 18.71363008], [-70.46159718, 18.7137656], [-70.46169039, 18.71404082], [-70.46174783, 18.71400549], [-70.46190234, 18.7144511], [-70.46183955, 18.71447092]]]]}, "geometry_name": "the_geom", "properties": {"Posicional": "304659981235", "Expediente": "663201610681", "Area": 6970.3, "Municipio": "RANCHO ARRIBA", "Provincia": "SAN JOS\u00c9 DE OCOA", "Operacion": "Subdivisi\u00f3n", "FechaInsc": "24/3/2017 12:25:54 p.\u00a0m.", "area_calc_m2": 6970, "touches_family_land": false, "owner": null, "owner_source": null, "family": false, "category": "confirmed"}}, {"type": "Feature", "id": "Aprobados.261506", "geometry": {"type": "MultiPolygon", "coordinates": [[[[-70.45906201, 18.71077008], [-70.45875349, 18.71055382], [-70.45875871, 18.71054293], [-70.45867059, 18.71048444], [-70.45862573, 18.71045072], [-70.45858574, 18.71041995], [-70.45857664, 18.71040936], [-70.45846311, 18.71032919], [-70.45838864, 18.71028152], [-70.45838328, 18.71024253], [-70.45839226, 18.71015075], [-70.45856288, 18.71007623], [-70.45858157, 18.71008901], [-70.45865495, 18.71007588], [-70.45867972, 18.71006755], [-70.45874503, 18.71004228], [-70.45886135, 18.7099615], [-70.4589143, 18.70988917], [-70.45897973, 18.70980038], [-70.45903127, 18.70972905], [-70.45910376, 18.70962394], [-70.45916971, 18.70952964], [-70.45930023, 18.70932388], [-70.45933133, 18.70936854], [-70.45937692, 18.70933322], [-70.45939727, 18.70931752], [-70.45950693, 18.70924528], [-70.45956374, 18.70919153], [-70.45957477, 18.70920527], [-70.45960652, 18.70918117], [-70.45961103, 18.70916568], [-70.45969041, 18.70910028], [-70.45979371, 18.70901698], [-70.45996312, 18.70884642], [-70.46006797, 18.70874368], [-70.46024861, 18.7085678], [-70.46022026, 18.70853468], [-70.46041393, 18.70836194], [-70.46042173, 18.70833207], [-70.46051313, 18.70826449], [-70.4606908, 18.70851565], [-70.46111376, 18.70825538], [-70.46139504, 18.70927575], [-70.46139588, 18.70936212], [-70.4615858, 18.7101003], [-70.46157211, 18.71015227], [-70.46084047, 18.71032052], [-70.46077801, 18.7103792], [-70.45906201, 18.71077008]]]]}, "geometry_name": "the_geom", "properties": {"Posicional": "304669033372", "Expediente": "6642021105248-04", "Area": 51269.56066895, "Municipio": "RANCHO ARRIBA", "Provincia": "San Jos\u00e9 de Ocoa", "Operacion": "Subdivisi\u00f3n", "FechaInsc": "4/2/2022 10:27:27 a.\u00a0m.", "area_calc_m2": 51270, "touches_family_land": false, "owner": null, "owner_source": null, "family": false, "category": "confirmed"}}, {"type": "Feature", "id": "Aprobados.704262", "geometry": {"type": "MultiPolygon", "coordinates": [[[[-70.4580976, 18.7101954], [-70.45810217, 18.71019813], [-70.458191, 18.71029984], [-70.45814734, 18.71033603], [-70.45810068, 18.71033811], [-70.45794957, 18.71034793], [-70.45793733, 18.71030693], [-70.45798132, 18.71028024], [-70.45803285, 18.71024345], [-70.4580976, 18.7101954]]]]}, "geometry_name": "the_geom", "properties": {"Posicional": "304669236919", "Expediente": "6642026006191-04", "Area": 254.68, "Municipio": "RANCHO ARRIBA", "Provincia": "San Jos\u00e9 de Ocoa", "Operacion": "Saneamiento", "FechaInsc": "7/5/2026 10:56:50 p.\u00a0m.", "area_calc_m2": 255, "touches_family_land": false, "owner": null, "owner_source": null, "family": false, "category": "confirmed"}}, {"type": "Feature", "id": "Aprobados.76929", "geometry": {"type": "MultiPolygon", "coordinates": [[[[-70.45412681, 18.71071871], [-70.45415273, 18.71056343], [-70.45449601, 18.71058668], [-70.45478024, 18.71063565], [-70.45532646, 18.71084428], [-70.45555188, 18.7108271], [-70.45608939, 18.71073861], [-70.45644567, 18.7106502], [-70.45649486, 18.71078505], [-70.45657474, 18.71098203], [-70.45684607, 18.710911], [-70.4568493, 18.71094763], [-70.45704597, 18.71089614], [-70.45714951, 18.71087462], [-70.45719723, 18.71087642], [-70.45765455, 18.71109812], [-70.45808235, 18.71128366], [-70.45842347, 18.7114514], [-70.45844361, 18.71149423], [-70.45848159, 18.71156858], [-70.45854361, 18.71169441], [-70.45860227, 18.7118477], [-70.4586046, 18.7118796], [-70.45859839, 18.71193141], [-70.45853204, 18.71221766], [-70.45848754, 18.71239069], [-70.458458, 18.71247907], [-70.45410055, 18.71208512], [-70.45410697, 18.71198491], [-70.45411845, 18.71136952], [-70.45412681, 18.71071871]]]]}, "geometry_name": "the_geom", "properties": {"Posicional": "304669455460", "Expediente": "663201709429", "Area": 72055.74, "Municipio": "RANCHO ARRIBA", "Provincia": "SAN JOS\u00c9 DE OCOA", "Operacion": "Subdivisi\u00f3n", "FechaInsc": "28/5/2018 9:49:46 a.\u00a0m.", "area_calc_m2": 72056, "touches_family_land": false, "owner": null, "owner_source": null, "family": false, "category": "confirmed"}}, {"type": "Feature", "id": "Aprobados.197833", "geometry": {"type": "MultiPolygon", "coordinates": [[[[-70.45849822, 18.7124784], [-70.45811079, 18.7124488], [-70.4577793, 18.71241786], [-70.45775615, 18.7124156], [-70.45694012, 18.71089257], [-70.45703781, 18.71086154], [-70.45706362, 18.71085267], [-70.45712874, 18.71083825], [-70.45714513, 18.7108374], [-70.45720586, 18.71084244], [-70.45751493, 18.71097909], [-70.45768917, 18.71107261], [-70.45783272, 18.71113736], [-70.45792125, 18.71117734], [-70.45796363, 18.7111986], [-70.4581104, 18.71124056], [-70.4581285, 18.71125027], [-70.45843421, 18.71141586], [-70.45847009, 18.71147558], [-70.45853535, 18.71158856], [-70.45858159, 18.71168361], [-70.45862359, 18.71179415], [-70.45863782, 18.7118385], [-70.45864607, 18.71188253], [-70.45863789, 18.711935], [-70.45859811, 18.71208521], [-70.45857143, 18.71222402], [-70.45853682, 18.71235721], [-70.45852463, 18.71240609], [-70.45849822, 18.7124784]]]]}, "geometry_name": "the_geom", "properties": {"Posicional": "304669258515", "Expediente": "6642020036358-04", "Area": 18001.81, "Municipio": "RANCHO ARRIBA", "Provincia": "San Jos\u00e9 de Ocoa", "Operacion": "Subdivisi\u00f3n", "FechaInsc": "11/11/2020 7:22:13 p.\u00a0m.", "area_calc_m2": 18006, "touches_family_land": false, "owner": null, "owner_source": null, "family": false, "category": "confirmed"}}, {"type": "Feature", "id": "Aprobados.261679", "geometry": {"type": "MultiPolygon", "coordinates": [[[[-70.45822746, 18.71188832], [-70.45818906, 18.71191048], [-70.45810942, 18.71195655], [-70.45810093, 18.7119614], [-70.45799011, 18.71175463], [-70.45811664, 18.71168154], [-70.45822746, 18.71188832]]]]}, "geometry_name": "the_geom", "properties": {"Posicional": "304669255689", "Expediente": "6642021079298-08", "Area": 399.94555664, "Municipio": "RANCHO ARRIBA", "Provincia": "San Jos\u00e9 de Ocoa", "Operacion": "Subdivisi\u00f3n", "FechaInsc": "31/1/2022 2:33:48 p.\u00a0m.", "area_calc_m2": 400, "touches_family_land": false, "owner": null, "owner_source": null, "family": false, "category": "confirmed"}}, {"type": "Feature", "id": "Aprobados.261680", "geometry": {"type": "MultiPolygon", "coordinates": [[[[-70.45832229, 18.71183345], [-70.4582687, 18.7118645], [-70.45822746, 18.71188841], [-70.45811664, 18.71168163], [-70.45821156, 18.71162677], [-70.45832229, 18.71183345]]]]}, "geometry_name": "the_geom", "properties": {"Posicional": "304669254662", "Expediente": "6642021079298-08", "Area": 299.92089844, "Municipio": "RANCHO ARRIBA", "Provincia": "San Jos\u00e9 de Ocoa", "Operacion": "Subdivisi\u00f3n", "FechaInsc": "31/1/2022 2:33:48 p.\u00a0m.", "area_calc_m2": 300, "touches_family_land": false, "owner": null, "owner_source": null, "family": false, "category": "confirmed"}}, {"type": "Feature", "id": "Aprobados.76928", "geometry": {"type": "MultiPolygon", "coordinates": [[[[-70.45314234, 18.71297985], [-70.45317342, 18.71252702], [-70.45358825, 18.71229475], [-70.45408412, 18.7123413], [-70.45410055, 18.71208512], [-70.458458, 18.71247907], [-70.45840823, 18.71262793], [-70.45840534, 18.71284968], [-70.45839812, 18.71300048], [-70.45838344, 18.71341261], [-70.45837523, 18.71370136], [-70.45327302, 18.71325602], [-70.45314234, 18.71297985]]]]}, "geometry_name": "the_geom", "properties": {"Posicional": "304669469845", "Expediente": "663201709429", "Area": 72054.14, "Municipio": "RANCHO ARRIBA", "Provincia": "SAN JOS\u00c9 DE OCOA", "Operacion": "Subdivisi\u00f3n", "FechaInsc": "28/5/2018 9:49:46 a.\u00a0m.", "area_calc_m2": 72054, "touches_family_land": false, "owner": null, "owner_source": null, "family": false, "category": "confirmed"}}, {"type": "Feature", "id": "Aprobados.76927", "geometry": {"type": "MultiPolygon", "coordinates": [[[[-70.45343404, 18.71439693], [-70.45343276, 18.71413664], [-70.45342711, 18.71402087], [-70.45344298, 18.71395148], [-70.45343514, 18.71369995], [-70.45335117, 18.71342118], [-70.45327302, 18.71325602], [-70.45837523, 18.71370136], [-70.45836562, 18.71403963], [-70.45836569, 18.7143884], [-70.45836623, 18.7146421], [-70.45843674, 18.71498113], [-70.45836328, 18.71498828], [-70.45826263, 18.7149776], [-70.45785634, 18.71494373], [-70.45683999, 18.71484878], [-70.45602992, 18.71476233], [-70.45513332, 18.71464909], [-70.45445234, 18.71456318], [-70.45385002, 18.71446872], [-70.45343404, 18.71439693]]]]}, "geometry_name": "the_geom", "properties": {"Posicional": "304669488290", "Expediente": "663201709429", "Area": 72055.12, "Municipio": "RANCHO ARRIBA", "Provincia": "SAN JOS\u00c9 DE OCOA", "Operacion": "Subdivisi\u00f3n", "FechaInsc": "28/5/2018 9:49:46 a.\u00a0m.", "area_calc_m2": 72055, "touches_family_land": false, "owner": null, "owner_source": null, "family": false, "category": "confirmed"}}, {"type": "Feature", "id": "Aprobados.261687", "geometry": {"type": "MultiPolygon", "coordinates": [[[[-70.45757876, 18.71101338], [-70.4575345, 18.71103894], [-70.45749025, 18.71106449], [-70.45734796, 18.71114683], [-70.45730517, 18.71106692], [-70.45748219, 18.71096462], [-70.45751493, 18.71097909], [-70.45757876, 18.71101338]]]]}, "geometry_name": "the_geom", "properties": {"Posicional": "304669342893", "Expediente": "6642021079298-08", "Area": 250.05383301, "Municipio": "RANCHO ARRIBA", "Provincia": "San Jos\u00e9 de Ocoa", "Operacion": "Subdivisi\u00f3n", "FechaInsc": "31/1/2022 2:33:48 p.\u00a0m.", "area_calc_m2": 250, "touches_family_land": false, "owner": null, "owner_source": null, "family": false, "category": "confirmed"}}, {"type": "Feature", "id": "Aprobados.197834", "geometry": {"type": "MultiPolygon", "coordinates": [[[[-70.4541287, 18.71057566], [-70.45422862, 18.71057272], [-70.45444055, 18.71058345], [-70.45458357, 18.71059734], [-70.45481877, 18.71064621], [-70.45488935, 18.71067186], [-70.45524975, 18.71082321], [-70.45532617, 18.71084467], [-70.45542768, 18.71083945], [-70.45551173, 18.71083202], [-70.45575656, 18.71079795], [-70.45602405, 18.71075277], [-70.45644378, 18.71065635], [-70.45649448, 18.71078653], [-70.45657794, 18.71097599], [-70.45686797, 18.71091563], [-70.45694012, 18.71089257], [-70.45775615, 18.7124156], [-70.45611764, 18.71226976], [-70.45410728, 18.71208623], [-70.45411243, 18.71183473], [-70.45411936, 18.71115808], [-70.4541287, 18.71057566]]]]}, "geometry_name": "the_geom", "properties": {"Posicional": "304669550394", "Expediente": "6642020036358-04", "Area": 55275.96, "Municipio": "RANCHO ARRIBA", "Provincia": "San Jos\u00e9 de Ocoa", "Operacion": "Subdivisi\u00f3n", "FechaInsc": "11/11/2020 7:22:13 p.\u00a0m.", "area_calc_m2": 55331, "touches_family_land": false, "owner": null, "owner_source": null, "family": false, "category": "confirmed"}}, {"type": "Feature", "id": "Aprobados.261663", "geometry": {"type": "MultiPolygon", "coordinates": [[[[-70.45772792, 18.71182163], [-70.45750627, 18.71194968], [-70.45739574, 18.7117429], [-70.45755388, 18.71165149], [-70.45761719, 18.71161486], [-70.4576541, 18.71168378], [-70.45772792, 18.71182163]]]]}, "geometry_name": "the_geom", "properties": {"Posicional": "304669351664", "Expediente": "6642021079298-08", "Area": 700.02374268, "Municipio": "RANCHO ARRIBA", "Provincia": "San Jos\u00e9 de Ocoa", "Operacion": "Subdivisi\u00f3n", "FechaInsc": "31/1/2022 2:33:48 p.\u00a0m.", "area_calc_m2": 700, "touches_family_land": false, "owner": null, "owner_source": null, "family": false, "category": "confirmed"}}, {"type": "Feature", "id": "Aprobados.352903", "geometry": {"type": "MultiPolygon", "coordinates": [[[[-70.52657529, 18.72327902], [-70.5265596, 18.72309163], [-70.52687284, 18.72308849], [-70.52701875, 18.72300509], [-70.52770293, 18.72331437], [-70.52830289, 18.7237207], [-70.52838942, 18.72404822], [-70.52834679, 18.72410149], [-70.52828658, 18.72416386], [-70.52821201, 18.72421657], [-70.52819586, 18.72422454], [-70.52657529, 18.72327902]]]]}, "geometry_name": "the_geom", "properties": {"Posicional": "303780994370", "Expediente": "6642022091224-03", "Area": 10649, "Municipio": "", "Provincia": "San Jos\u00e9 de Ocoa", "Operacion": "Subdivisi\u00f3n", "FechaInsc": "18/1/2023 8:49:13 a.\u00a0m.", "area_calc_m2": 10649, "touches_family_land": false, "owner": null, "owner_source": null, "family": false, "category": "confirmed"}}, {"type": "Feature", "id": "Aprobados.352905", "geometry": {"type": "MultiPolygon", "coordinates": [[[[-70.52645515, 18.72392156], [-70.52660825, 18.7236726], [-70.52657529, 18.72327902], [-70.52819586, 18.72422454], [-70.52816074, 18.72424187], [-70.52811225, 18.72426579], [-70.5280125, 18.7243121], [-70.52792661, 18.72434678], [-70.52783115, 18.72442049], [-70.52774241, 18.72450283], [-70.52771029, 18.72459392], [-70.52645515, 18.72392156]]]]}, "geometry_name": "the_geom", "properties": {"Posicional": "303780998706", "Expediente": "6642022091224-03", "Area": 10648.79, "Municipio": "RANCHO ARRIBA", "Provincia": "San Jos\u00e9 de Ocoa", "Operacion": "Subdivisi\u00f3n", "FechaInsc": "18/1/2023 8:49:13 a.\u00a0m.", "area_calc_m2": 10649, "touches_family_land": false, "owner": null, "owner_source": null, "family": false, "category": "confirmed"}}, {"type": "Feature", "id": "Aprobados.352907", "geometry": {"type": "MultiPolygon", "coordinates": [[[[-70.52645515, 18.72392156], [-70.52771029, 18.72459392], [-70.52770167, 18.72461836], [-70.52764247, 18.72472977], [-70.52757361, 18.72479434], [-70.52741892, 18.72492947], [-70.52742852, 18.72499723], [-70.52741348, 18.72502111], [-70.52741079, 18.72507913], [-70.52738255, 18.72516298], [-70.52611936, 18.72446758], [-70.52645515, 18.72392156]]]]}, "geometry_name": "the_geom", "properties": {"Posicional": "303791001356", "Expediente": "6642022091224-03", "Area": 10649.04, "Municipio": "RANCHO ARRIBA", "Provincia": "San Jos\u00e9 de Ocoa", "Operacion": "Subdivisi\u00f3n", "FechaInsc": "18/1/2023 8:49:13 a.\u00a0m.", "area_calc_m2": 10649, "touches_family_land": false, "owner": null, "owner_source": null, "family": false, "category": "confirmed"}}, {"type": "Feature", "id": "Aprobados.352906", "geometry": {"type": "MultiPolygon", "coordinates": [[[[-70.52516823, 18.72324026], [-70.52645583, 18.72379535], [-70.52606883, 18.72442463], [-70.52488883, 18.72381582], [-70.52505908, 18.72364377], [-70.52515572, 18.72328381], [-70.52516823, 18.72324026]]]]}, "geometry_name": "the_geom", "properties": {"Posicional": "303790194547", "Expediente": "6642022091224-03", "Area": 10648.47, "Municipio": "RANCHO ARRIBA", "Provincia": "San Jos\u00e9 de Ocoa", "Operacion": "Subdivisi\u00f3n", "FechaInsc": "18/1/2023 8:49:13 a.\u00a0m.", "area_calc_m2": 10649, "touches_family_land": false, "owner": null, "owner_source": null, "family": false, "category": "confirmed"}}, {"type": "Feature", "id": "Aprobados.352909", "geometry": {"type": "MultiPolygon", "coordinates": [[[[-70.52580921, 18.7249719], [-70.52611936, 18.72446758], [-70.52738255, 18.72516298], [-70.52736779, 18.7252068], [-70.52732069, 18.72539679], [-70.52730297, 18.72549433], [-70.52728125, 18.72558699], [-70.52724035, 18.72566536], [-70.52718326, 18.72574099], [-70.52580921, 18.7249719]]]]}, "geometry_name": "the_geom", "properties": {"Posicional": "303791004948", "Expediente": "6642022091224-03", "Area": 10648.79, "Municipio": "RANCHO ARRIBA", "Provincia": "San Jos\u00e9 de Ocoa", "Operacion": "Subdivisi\u00f3n", "FechaInsc": "18/1/2023 8:49:13 a.\u00a0m.", "area_calc_m2": 10649, "touches_family_land": false, "owner": null, "owner_source": null, "family": false, "category": "confirmed"}}, {"type": "Feature", "id": "Aprobados.352913", "geometry": {"type": "MultiPolygon", "coordinates": [[[[-70.52548915, 18.72549233], [-70.52677249, 18.72618912], [-70.52673896, 18.72621941], [-70.52656075, 18.72638039], [-70.52647812, 18.72645048], [-70.52641087, 18.72650753], [-70.52629301, 18.72659448], [-70.52622002, 18.72664566], [-70.52513001, 18.72607631], [-70.52548915, 18.72549233]]]]}, "geometry_name": "the_geom", "properties": {"Posicional": "303791122018", "Expediente": "6642022091224-03", "Area": 10649.12, "Municipio": "RANCHO ARRIBA", "Provincia": "San Jos\u00e9 de Ocoa", "Operacion": "Subdivisi\u00f3n", "FechaInsc": "18/1/2023 8:49:13 a.\u00a0m.", "area_calc_m2": 10649, "touches_family_land": false, "owner": null, "owner_source": null, "family": false, "category": "confirmed"}}, {"type": "Feature", "id": "Aprobados.82396", "geometry": {"type": "MultiPolygon", "coordinates": [[[[-70.5270729, 18.76013567], [-70.52688571, 18.76010819], [-70.52661505, 18.76008095], [-70.52649848, 18.76003961], [-70.52649869, 18.75994682], [-70.52646077, 18.75980084], [-70.52642701, 18.75967517], [-70.52621936, 18.75947257], [-70.52615289, 18.7594321], [-70.52602983, 18.75933353], [-70.52572902, 18.75932894], [-70.52532937, 18.75937557], [-70.52513122, 18.75951181], [-70.52509121, 18.75956608], [-70.52508099, 18.75940018], [-70.52514106, 18.75922404], [-70.52515309, 18.75912709], [-70.52517768, 18.75895061], [-70.52521962, 18.75877281], [-70.52512519, 18.75856622], [-70.5250674, 18.75852124], [-70.52503287, 18.75841509], [-70.52496854, 18.75839131], [-70.52496976, 18.75831666], [-70.52509412, 18.75839137], [-70.52530912, 18.75841058], [-70.5254864, 18.75842124], [-70.52605168, 18.75840912], [-70.52630291, 18.75840635], [-70.52679143, 18.75829566], [-70.52693334, 18.75826531], [-70.52703769, 18.75824684], [-70.5271088, 18.75850639], [-70.52718993, 18.75875266], [-70.52716525, 18.75897179], [-70.52712567, 18.75906427], [-70.52703009, 18.75922489], [-70.52694482, 18.75934124], [-70.5269158, 18.7594049], [-70.52692458, 18.75944188], [-70.52704121, 18.75964901], [-70.5271472, 18.75985397], [-70.52717359, 18.75994149], [-70.52717924, 18.76005258], [-70.52715031, 18.76012654], [-70.5270729, 18.76013567]]]]}, "geometry_name": "the_geom", "properties": {"Posicional": "303794181565", "Expediente": "663200904610", "Area": 28723.47784424, "Municipio": "RANCHO ARRIBA", "Provincia": "SAN JOS\u00c9 DE OCOA", "Operacion": "Deslinde de excepci\u00f3n", "FechaInsc": "15/5/2015 11:12:30 a.\u00a0m.", "area_calc_m2": 28723, "touches_family_land": false, "owner": null, "owner_source": null, "family": false, "category": "confirmed"}}, {"type": "Feature", "id": "Aprobados.352910", "geometry": {"type": "MultiPolygon", "coordinates": [[[[-70.52569329, 18.72503528], [-70.5253244, 18.72563512], [-70.52410914, 18.72501672], [-70.52419427, 18.72491319], [-70.52437285, 18.72467584], [-70.52456482, 18.7246185], [-70.52461565, 18.72447796], [-70.52569329, 18.72503528]]]]}, "geometry_name": "the_geom", "properties": {"Posicional": "303791202941", "Expediente": "6642022091224-03", "Area": 10648.93, "Municipio": "RANCHO ARRIBA", "Provincia": "San Jos\u00e9 de Ocoa", "Operacion": "Subdivisi\u00f3n", "FechaInsc": "18/1/2023 8:49:13 a.\u00a0m.", "area_calc_m2": 10649, "touches_family_land": false, "owner": null, "owner_source": null, "family": false, "category": "confirmed"}}, {"type": "Feature", "id": "Aprobados.352912", "geometry": {"type": "MultiPolygon", "coordinates": [[[[-70.5253244, 18.72563512], [-70.52498721, 18.72618339], [-70.52372054, 18.72555883], [-70.52378526, 18.72543187], [-70.52381379, 18.72537588], [-70.52410914, 18.72501672], [-70.5253244, 18.72563512]]]]}, "geometry_name": "the_geom", "properties": {"Posicional": "303791216572", "Expediente": "6642022091224-03", "Area": 10648.83, "Municipio": "RANCHO ARRIBA", "Provincia": "San Jos\u00e9 de Ocoa", "Operacion": "Subdivisi\u00f3n", "FechaInsc": "18/1/2023 8:49:13 a.\u00a0m.", "area_calc_m2": 10649, "touches_family_land": false, "owner": null, "owner_source": null, "family": false, "category": "confirmed"}}, {"type": "Feature", "id": "Aprobados.352917", "geometry": {"type": "MultiPolygon", "coordinates": [[[[-70.52470076, 18.72677428], [-70.52577639, 18.72729904], [-70.52575384, 18.72743056], [-70.52571416, 18.72752872], [-70.52567121, 18.72769766], [-70.52563306, 18.72778208], [-70.52554915, 18.72786526], [-70.52551867, 18.7278894], [-70.52547054, 18.72793091], [-70.52431965, 18.72739396], [-70.52470076, 18.72677428]]]]}, "geometry_name": "the_geom", "properties": {"Posicional": "303791231408", "Expediente": "6642022091224-03", "Area": 10649.18, "Municipio": "RANCHO ARRIBA", "Provincia": "San Jos\u00e9 de Ocoa", "Operacion": "Subdivisi\u00f3n", "FechaInsc": "18/1/2023 8:49:13 a.\u00a0m.", "area_calc_m2": 10649, "touches_family_land": false, "owner": null, "owner_source": null, "family": false, "category": "confirmed"}}, {"type": "Feature", "id": "Aprobados.352919", "geometry": {"type": "MultiPolygon", "coordinates": [[[[-70.52431965, 18.72739396], [-70.52547054, 18.72793091], [-70.52542736, 18.72796815], [-70.52532294, 18.72806572], [-70.52522993, 18.72820258], [-70.52519457, 18.72828471], [-70.52518901, 18.72832493], [-70.52519282, 18.72839164], [-70.52390201, 18.72821365], [-70.52388893, 18.72809431], [-70.52431965, 18.72739396]]]]}, "geometry_name": "the_geom", "properties": {"Posicional": "303791245183", "Expediente": "6642022091224-03", "Area": 10648.53, "Municipio": "RANCHO ARRIBA", "Provincia": "San Jos\u00e9 de Ocoa", "Operacion": "Subdivisi\u00f3n", "FechaInsc": "18/1/2023 8:49:13 a.\u00a0m.", "area_calc_m2": 10649, "touches_family_land": false, "owner": null, "owner_source": null, "family": false, "category": "confirmed"}}, {"type": "Feature", "id": "Aprobados.352923", "geometry": {"type": "MultiPolygon", "coordinates": [[[[-70.52404508, 18.72951837], [-70.52399529, 18.72906431], [-70.52524851, 18.7289862], [-70.52526865, 18.72904362], [-70.52527233, 18.72905411], [-70.5252995, 18.72923795], [-70.52527193, 18.72933143], [-70.52524138, 18.72941315], [-70.52523137, 18.72946602], [-70.5252379, 18.72958772], [-70.52524428, 18.72974283], [-70.52408009, 18.72983769], [-70.52404508, 18.72951837]]]]}, "geometry_name": "the_geom", "properties": {"Posicional": "303791255783", "Expediente": "6642022091224-03", "Area": 10949.08, "Municipio": "RANCHO ARRIBA", "Provincia": "San Jos\u00e9 de Ocoa", "Operacion": "Subdivisi\u00f3n", "FechaInsc": "18/1/2023 8:49:13 a.\u00a0m.", "area_calc_m2": 10949, "touches_family_land": false, "owner": null, "owner_source": null, "family": false, "category": "confirmed"}}, {"type": "Feature", "id": "Aprobados.352925", "geometry": {"type": "MultiPolygon", "coordinates": [[[[-70.52415579, 18.72989774], [-70.5240873, 18.72990345], [-70.52408009, 18.72983769], [-70.52524428, 18.72974283], [-70.52524449, 18.72974802], [-70.52522881, 18.72982823], [-70.52521659, 18.72987397], [-70.52518514, 18.72999287], [-70.52513231, 18.73013481], [-70.52511341, 18.73019771], [-70.52509589, 18.73029936], [-70.52502253, 18.73057516], [-70.52497538, 18.73067817], [-70.5249516, 18.73072864], [-70.52483137, 18.73076333], [-70.52476403, 18.73078008], [-70.52468682, 18.73079763], [-70.52451207, 18.73083488], [-70.5244081, 18.73085303], [-70.5242969, 18.73086995], [-70.5242746, 18.73087239], [-70.52415579, 18.72989774]]]]}, "geometry_name": "the_geom", "properties": {"Posicional": "303791265688", "Expediente": "6642022091224-03", "Area": 10649.26, "Municipio": "RANCHO ARRIBA", "Provincia": "San Jos\u00e9 de Ocoa", "Operacion": "Subdivisi\u00f3n", "FechaInsc": "18/1/2023 8:49:13 a.\u00a0m.", "area_calc_m2": 10649, "touches_family_land": false, "owner": null, "owner_source": null, "family": false, "category": "confirmed"}}, {"type": "Feature", "id": "Aprobados.82394", "geometry": {"type": "MultiPolygon", "coordinates": [[[[-70.52646733, 18.76012968], [-70.52620901, 18.7601148], [-70.52605513, 18.76012166], [-70.52580878, 18.76018131], [-70.52571719, 18.76021694], [-70.52565617, 18.76023469], [-70.52532974, 18.76036629], [-70.52508334, 18.76046344], [-70.52492473, 18.76048236], [-70.52481553, 18.76047981], [-70.52473426, 18.76046033], [-70.52463017, 18.76041356], [-70.52471093, 18.76016461], [-70.52475786, 18.75999364], [-70.52474809, 18.75997303], [-70.5245534, 18.76005096], [-70.52442055, 18.76010789], [-70.52431575, 18.76010802], [-70.52443241, 18.75995003], [-70.52456606, 18.75984476], [-70.52471006, 18.75975206], [-70.52490646, 18.75962162], [-70.52494934, 18.75958025], [-70.52506159, 18.7594372], [-70.5250871, 18.75961581], [-70.52509937, 18.75960875], [-70.52517814, 18.75957196], [-70.52537612, 18.75942732], [-70.52565423, 18.75939641], [-70.52595294, 18.75936876], [-70.52607335, 18.75945759], [-70.52619121, 18.75949584], [-70.5263832, 18.75979244], [-70.52643842, 18.75993159], [-70.5264349, 18.7600151], [-70.52646733, 18.76012968]]]]}, "geometry_name": "the_geom", "properties": {"Posicional": "303794290520", "Expediente": "663200904610", "Area": 16369.06121826, "Municipio": "RANCHO ARRIBA", "Provincia": "SAN JOS\u00c9 DE OCOA", "Operacion": "Deslinde de excepci\u00f3n", "FechaInsc": "15/5/2015 11:12:30 a.\u00a0m.", "area_calc_m2": 16369, "touches_family_land": false, "owner": null, "owner_source": null, "family": false, "category": "confirmed"}}, {"type": "Feature", "id": "Aprobados.352914", "geometry": {"type": "MultiPolygon", "coordinates": [[[[-70.52372054, 18.72555883], [-70.52498721, 18.72618339], [-70.52463995, 18.72674805], [-70.5233765, 18.72610144], [-70.52360429, 18.7257869], [-70.52372054, 18.72555883]]]]}, "geometry_name": "the_geom", "properties": {"Posicional": "303791320133", "Expediente": "6642022091224-03", "Area": 10648.32, "Municipio": "RANCHO ARRIBA", "Provincia": "San Jos\u00e9 de Ocoa", "Operacion": "Subdivisi\u00f3n", "FechaInsc": "18/1/2023 8:49:13 a.\u00a0m.", "area_calc_m2": 10649, "touches_family_land": false, "owner": null, "owner_source": null, "family": false, "category": "confirmed"}}, {"type": "Feature", "id": "Aprobados.352916", "geometry": {"type": "MultiPolygon", "coordinates": [[[[-70.5233765, 18.72610144], [-70.52463995, 18.72674805], [-70.52430965, 18.72728512], [-70.52300194, 18.72659913], [-70.52310322, 18.72638608], [-70.52332748, 18.72616912], [-70.5233765, 18.72610144]]]]}, "geometry_name": "the_geom", "properties": {"Posicional": "303791324721", "Expediente": "6642022091224-03", "Area": 10650.06, "Municipio": "RANCHO ARRIBA", "Provincia": "San Jos\u00e9 de Ocoa", "Operacion": "Subdivisi\u00f3n", "FechaInsc": "18/1/2023 8:49:13 a.\u00a0m.", "area_calc_m2": 10649, "touches_family_land": false, "owner": null, "owner_source": null, "family": false, "category": "confirmed"}}, {"type": "Feature", "id": "Aprobados.352920", "geometry": {"type": "MultiPolygon", "coordinates": [[[[-70.52385357, 18.7283805], [-70.52269264, 18.72821585], [-70.52271942, 18.72818029], [-70.52279739, 18.72809975], [-70.52283126, 18.72796911], [-70.52268964, 18.72731989], [-70.52273837, 18.7272066], [-70.52398752, 18.7278089], [-70.52382065, 18.72808024], [-70.52385357, 18.7283805]]]]}, "geometry_name": "the_geom", "properties": {"Posicional": "303791440012", "Expediente": "6642022091224-03", "Area": 10648.85, "Municipio": "RANCHO ARRIBA", "Provincia": "San Jos\u00e9 de Ocoa", "Operacion": "Subdivisi\u00f3n", "FechaInsc": "18/1/2023 8:49:13 a.\u00a0m.", "area_calc_m2": 10649, "touches_family_land": false, "owner": null, "owner_source": null, "family": false, "category": "confirmed"}}, {"type": "Feature", "id": "Aprobados.352924", "geometry": {"type": "MultiPolygon", "coordinates": [[[[-70.52401955, 18.72989429], [-70.52308771, 18.72994302], [-70.5228991, 18.72939833], [-70.52283877, 18.72924647], [-70.52274562, 18.72906923], [-70.52392515, 18.72903337], [-70.52397875, 18.72952221], [-70.52401955, 18.72989429]]]]}, "geometry_name": "the_geom", "properties": {"Posicional": "303791358759", "Expediente": "6642022091224-03", "Area": 10648.56, "Municipio": "RANCHO ARRIBA", "Provincia": "San Jos\u00e9 de Ocoa", "Operacion": "Subdivisi\u00f3n", "FechaInsc": "18/1/2023 8:49:13 a.\u00a0m.", "area_calc_m2": 10649, "touches_family_land": false, "owner": null, "owner_source": null, "family": false, "category": "confirmed"}}, {"type": "Feature", "id": "Aprobados.352926", "geometry": {"type": "MultiPolygon", "coordinates": [[[[-70.52308771, 18.72994302], [-70.52401955, 18.72989429], [-70.52397875, 18.72952221], [-70.52404508, 18.72951837], [-70.52408009, 18.72983769], [-70.5240873, 18.72990345], [-70.52415579, 18.72989774], [-70.5242746, 18.73087239], [-70.52419451, 18.73088116], [-70.52416153, 18.73088477], [-70.52412803, 18.73088362], [-70.52406728, 18.73088154], [-70.5238933, 18.73082008], [-70.52337121, 18.73076173], [-70.52308771, 18.72994302]]]]}, "geometry_name": "the_geom", "properties": {"Posicional": "303791365746", "Expediente": "6642022091224-03", "Area": 10648.52, "Municipio": "RANCHO ARRIBA", "Provincia": "San Jos\u00e9 de Ocoa", "Operacion": "Subdivisi\u00f3n", "FechaInsc": "18/1/2023 8:49:13 a.\u00a0m.", "area_calc_m2": 10649, "touches_family_land": false, "owner": null, "owner_source": null, "family": false, "category": "confirmed"}}, {"type": "Feature", "id": "Aprobados.82395", "geometry": {"type": "MultiPolygon", "coordinates": [[[[-70.524407, 18.75991862], [-70.52434617, 18.75989472], [-70.5242179, 18.7596481], [-70.52398783, 18.75924004], [-70.52382409, 18.75907874], [-70.52359556, 18.7590956], [-70.52350342, 18.75900582], [-70.52349536, 18.75876347], [-70.52346313, 18.75870256], [-70.52347435, 18.75864175], [-70.52382735, 18.75858547], [-70.5240294, 18.75852474], [-70.52402017, 18.75842651], [-70.52429051, 18.75834434], [-70.52441129, 18.75831643], [-70.52458367, 18.75825747], [-70.52469008, 18.75829844], [-70.52494734, 18.75830221], [-70.52493051, 18.75838177], [-70.52498224, 18.75845977], [-70.5250657, 18.75856472], [-70.52518581, 18.75875791], [-70.52513727, 18.75895085], [-70.52506221, 18.75937883], [-70.52493959, 18.75956117], [-70.52483214, 18.75965746], [-70.52472824, 18.7597061], [-70.52454243, 18.75982183], [-70.524407, 18.75991862]]]]}, "geometry_name": "the_geom", "properties": {"Posicional": "303794380487", "Expediente": "663200904610", "Area": 19939.00653076, "Municipio": "RANCHO ARRIBA", "Provincia": "SAN JOS\u00c9 DE OCOA", "Operacion": "Deslinde de excepci\u00f3n", "FechaInsc": "15/5/2015 11:12:30 a.\u00a0m.", "area_calc_m2": 19939, "touches_family_land": false, "owner": null, "owner_source": null, "family": false, "category": "confirmed"}}, {"type": "Feature", "id": "Aprobados.82397", "geometry": {"type": "MultiPolygon", "coordinates": [[[[-70.51490932, 18.73779283], [-70.51439475, 18.73796596], [-70.51436337, 18.7379982], [-70.51423523, 18.73806095], [-70.51410887, 18.7380888], [-70.51407685, 18.73809241], [-70.51402005, 18.7380513], [-70.513964, 18.73800875], [-70.51363943, 18.73786663], [-70.5135779, 18.7378467], [-70.51352209, 18.737842], [-70.51327507, 18.73769672], [-70.51322986, 18.73759291], [-70.51332183, 18.73758042], [-70.51345264, 18.73759382], [-70.51349069, 18.73759677], [-70.51353891, 18.73758011], [-70.51357148, 18.73755265], [-70.51361285, 18.737501], [-70.51363494, 18.73744796], [-70.51380924, 18.73728681], [-70.51386024, 18.73722007], [-70.51390268, 18.73716172], [-70.51383141, 18.73690136], [-70.5135033, 18.73588156], [-70.51335783, 18.73575498], [-70.51330303, 18.73569353], [-70.51293669, 18.73355392], [-70.51350519, 18.73347442], [-70.5135537, 18.73348071], [-70.51361968, 18.73346644], [-70.51376798, 18.73343209], [-70.51406313, 18.73331739], [-70.51414711, 18.73327018], [-70.51419216, 18.73324912], [-70.51474383, 18.73286743], [-70.51488948, 18.73343006], [-70.51505905, 18.73391913], [-70.51536359, 18.73458167], [-70.51541587, 18.7346482], [-70.51560035, 18.73470363], [-70.51578997, 18.73472993], [-70.51596559, 18.7348128], [-70.51623072, 18.7348309], [-70.51628961, 18.73481994], [-70.51644747, 18.73484721], [-70.51682271, 18.73483288], [-70.51706423, 18.73495778], [-70.51748983, 18.73511462], [-70.5176942, 18.73517774], [-70.5178975, 18.73536502], [-70.51796252, 18.73546678], [-70.517983, 18.7355098], [-70.51808304, 18.73569846], [-70.51810236, 18.73573797], [-70.51818378, 18.73582929], [-70.51820937, 18.73586938], [-70.51850786, 18.73634123], [-70.51836545, 18.73670561], [-70.51835499, 18.73679785], [-70.51790434, 18.73710808], [-70.51776548, 18.73727573], [-70.51718585, 18.73751083], [-70.51710959, 18.73759439], [-70.5169806, 18.73767902], [-70.51692194, 18.73770452], [-70.51683049, 18.73773381], [-70.51670176, 18.73776133], [-70.51655976, 18.73779013], [-70.51649269, 18.73778778], [-70.51644783, 18.73777694], [-70.51635555, 18.73778709], [-70.51613068, 18.73780734], [-70.51552165, 18.73782067], [-70.51541781, 18.73778917], [-70.51531675, 18.73774011], [-70.51504031, 18.7377203], [-70.51490932, 18.73779283]]]]}, "geometry_name": "the_geom", "properties": {"Posicional": "304702223799", "Expediente": "663200904610", "Area": 191404.2086792, "Municipio": "RANCHO ARRIBA", "Provincia": "SAN JOS\u00c9 DE OCOA", "Operacion": "Deslinde de excepci\u00f3n", "FechaInsc": "15/5/2015 11:12:30 a.\u00a0m.", "area_calc_m2": 191404, "touches_family_land": false, "owner": null, "owner_source": null, "family": false, "category": "confirmed"}}, {"type": "Feature", "id": "Aprobados.15821", "geometry": {"type": "MultiPolygon", "coordinates": [[[[-70.51456838, 18.72256476], [-70.51431369, 18.72256664], [-70.51427417, 18.72314459], [-70.5139161, 18.72344403], [-70.51391722, 18.72384655], [-70.51328266, 18.7247994], [-70.5107546, 18.72456773], [-70.51042489, 18.72383391], [-70.51086364, 18.7232971], [-70.51144761, 18.72202778], [-70.51153863, 18.72161061], [-70.51148989, 18.72146047], [-70.51145039, 18.72135968], [-70.51065031, 18.72120847], [-70.51033673, 18.720944], [-70.51040532, 18.72080791], [-70.51081523, 18.72097556], [-70.51115047, 18.72078519], [-70.51151847, 18.72078258], [-70.51180884, 18.7209642], [-70.51213097, 18.72102747], [-70.51252278, 18.72131326], [-70.5142262, 18.72235808], [-70.51456838, 18.72256476]]]]}, "geometry_name": "the_geom", "properties": {"Posicional": "304700584585", "Expediente": "663201500430", "Area": 117998.48126221, "Municipio": "RANCHO ARRIBA", "Provincia": "SAN JOS\u00c9 DE OCOA", "Operacion": "Saneamiento", "FechaInsc": "15/4/2015 11:33:20 a.\u00a0m.", "area_calc_m2": 117998, "touches_family_land": false, "owner": null, "owner_source": null, "family": false, "category": "confirmed"}}, {"type": "Feature", "id": "Aprobados.237212", "geometry": {"type": "MultiPolygon", "coordinates": [[[[-70.49704402, 18.69864272], [-70.49712971, 18.69859451], [-70.49717033, 18.69856742], [-70.49721023, 18.69853767], [-70.49723988, 18.69851386], [-70.49728148, 18.69845101], [-70.49731123, 18.69839329], [-70.49736072, 18.69829062], [-70.49753529, 18.69797624], [-70.49758456, 18.69788224], [-70.49770183, 18.69768022], [-70.49772411, 18.69762779], [-70.49775264, 18.69751166], [-70.49776909, 18.69742231], [-70.49779315, 18.69731401], [-70.49781649, 18.69724273], [-70.49783377, 18.69720052], [-70.49786506, 18.69713102], [-70.4979009, 18.69705415], [-70.49794022, 18.69696366], [-70.49797542, 18.69688748], [-70.49801999, 18.69679384], [-70.49804959, 18.69670623], [-70.49806951, 18.6966442], [-70.49810333, 18.69656552], [-70.49824815, 18.6962809], [-70.49828347, 18.69620274], [-70.49835188, 18.69604192], [-70.49839529, 18.69594794], [-70.49842401, 18.69590053], [-70.49846339, 18.69584838], [-70.4985101, 18.69580241], [-70.49855232, 18.69576887], [-70.49869025, 18.69571121], [-70.49883213, 18.69564247], [-70.49891948, 18.69560554], [-70.49897207, 18.69558157], [-70.49900481, 18.69555951], [-70.49899665, 18.69541486], [-70.49899614, 18.69533935], [-70.4989958, 18.69521255], [-70.49900989, 18.69506124], [-70.49903573, 18.69484871], [-70.49905598, 18.69468297], [-70.49906752, 18.69462782], [-70.49912901, 18.69440263], [-70.49916444, 18.69432137], [-70.49921084, 18.69421918], [-70.49923089, 18.69416863], [-70.49928456, 18.6939918], [-70.49931412, 18.69392348], [-70.49938664, 18.69385291], [-70.49941263, 18.69378873], [-70.49946489, 18.69365845], [-70.49950653, 18.69358196], [-70.49955919, 18.69351164], [-70.49958872, 18.69347135], [-70.49965774, 18.69338658], [-70.49968359, 18.69336808], [-70.49981277, 18.69333657], [-70.49985527, 18.69333271], [-70.49988705, 18.69332448], [-70.50003831, 18.69326543], [-70.50014178, 18.69320014], [-70.50022149, 18.69324227], [-70.50032708, 18.69325557], [-70.50044295, 18.69321912], [-70.5005417, 18.69309894], [-70.50056981, 18.69303411], [-70.50062258, 18.69300009], [-70.50080227, 18.69302053], [-70.50096349, 18.69308172], [-70.50118047, 18.69310482], [-70.50134128, 18.69312597], [-70.50141813, 18.69313255], [-70.50145615, 18.69313722], [-70.50153556, 18.69322834], [-70.5015506, 18.69328239], [-70.50155972, 18.69344934], [-70.5015824, 18.69347772], [-70.50161037, 18.69347738], [-70.50167514, 18.69348349], [-70.50185126, 18.6935648], [-70.50197381, 18.69367189], [-70.50204683, 18.69364889], [-70.50207414, 18.69366459], [-70.50213333, 18.69375517], [-70.50219037, 18.69385703], [-70.50222272, 18.69386689], [-70.50306839, 18.69506838], [-70.50359549, 18.69581725], [-70.50354894, 18.69585349], [-70.5034925, 18.69589219], [-70.50341132, 18.69590143], [-70.5033392, 18.69592694], [-70.50308585, 18.69597869], [-70.50295224, 18.69596734], [-70.50286736, 18.69609408], [-70.502838, 18.69617362], [-70.50285025, 18.69619636], [-70.50289606, 18.69628642], [-70.50289525, 18.6963603], [-70.50286945, 18.69638717], [-70.50284523, 18.69644097], [-70.50284677, 18.69657676], [-70.50284587, 18.69668461], [-70.5028652, 18.69673932], [-70.50291508, 18.69679125], [-70.50295236, 18.69680519], [-70.50297804, 18.69673218], [-70.50302158, 18.69674591], [-70.50306302, 18.69674503], [-70.50315246, 18.69671286], [-70.50322723, 18.69666815], [-70.5032811, 18.69669591], [-70.50329686, 18.69673219], [-70.50335902, 18.69681713], [-70.50343527, 18.69691265], [-70.50350449, 18.69697801], [-70.50360494, 18.69704254], [-70.50376122, 18.69712917], [-70.50390283, 18.69725065], [-70.50394729, 18.69730069], [-70.50396231, 18.69730372], [-70.50397776, 18.69730164], [-70.50401318, 18.69727905], [-70.50406315, 18.69727037], [-70.5040778, 18.69728304], [-70.50407538, 18.69736929], [-70.50405727, 18.69739742], [-70.50404465, 18.69745279], [-70.50405765, 18.6975106], [-70.5040432, 18.69754342], [-70.50406866, 18.6975952], [-70.5040519, 18.69820819], [-70.50393868, 18.6983188], [-70.50390242, 18.6984029], [-70.50386859, 18.69849197], [-70.50381449, 18.69862961], [-70.50380254, 18.69869807], [-70.50381025, 18.69872563], [-70.50381265, 18.69878659], [-70.50381853, 18.69882058], [-70.5038111, 18.69885618], [-70.5038006, 18.69896618], [-70.50377813, 18.69909904], [-70.50377279, 18.69913705], [-70.50377862, 18.69918323], [-70.50378858, 18.69921535], [-70.50386749, 18.69938705], [-70.50390709, 18.69947837], [-70.50396278, 18.69957015], [-70.50398199, 18.69960042], [-70.50398201, 18.69963694], [-70.50400933, 18.69972942], [-70.50400774, 18.69978607], [-70.50405212, 18.70006498], [-70.50405607, 18.70010919], [-70.50401623, 18.7001414], [-70.5039349, 18.70017416], [-70.50390008, 18.70018766], [-70.50388603, 18.7001984], [-70.50379537, 18.70025457], [-70.50371231, 18.70030007], [-70.50361082, 18.70036636], [-70.50355137, 18.70039255], [-70.50346802, 18.7004318], [-70.50327126, 18.70052983], [-70.50311231, 18.70058307], [-70.50301831, 18.70060457], [-70.5029053, 18.70063974], [-70.50245789, 18.70077487], [-70.50200147, 18.70091273], [-70.50149054, 18.70106705], [-70.50109764, 18.70118571], [-70.49914884, 18.70185859], [-70.49911585, 18.70178425], [-70.49905519, 18.70164754], [-70.49903806, 18.70160894], [-70.49867423, 18.7015069], [-70.49802193, 18.70063836], [-70.49800085, 18.70058614], [-70.49791831, 18.70043556], [-70.49785383, 18.70033614], [-70.49775509, 18.70019484], [-70.497709, 18.70012343], [-70.49767119, 18.70006544], [-70.49764354, 18.70001129], [-70.49762921, 18.69996664], [-70.49762284, 18.69991845], [-70.49761947, 18.69967842], [-70.49761181, 18.69961388], [-70.4975874, 18.6995009], [-70.49754923, 18.69938526], [-70.49752418, 18.69932296], [-70.49747258, 18.69923962], [-70.49736319, 18.69909491], [-70.4972034, 18.69889994], [-70.49712755, 18.69881103], [-70.49708925, 18.69876149], [-70.49704528, 18.69865811], [-70.49704402, 18.69864272]]]]}, "geometry_name": "the_geom", "properties": {"Posicional": "304618705434", "Expediente": "6642021033565-03", "Area": 475868.46, "Municipio": "RANCHO ARRIBA", "Provincia": "San Jos\u00e9 de Ocoa", "Operacion": "Deslinde", "FechaInsc": "12/10/2021 2:45:53 p.\u00a0m.", "area_calc_m2": 475868, "touches_family_land": false, "owner": null, "owner_source": null, "family": false, "category": "confirmed"}}, {"type": "Feature", "id": "Aprobados.326794", "geometry": {"type": "MultiPolygon", "coordinates": [[[[-70.50099705, 18.71025482], [-70.50093738, 18.71026247], [-70.50088889, 18.71027527], [-70.50082857, 18.71031887], [-70.50071374, 18.71041863], [-70.50067, 18.71046238], [-70.50061078, 18.71051508], [-70.50054328, 18.71057483], [-70.50045996, 18.71065995], [-70.50040075, 18.71071304], [-70.50032112, 18.71076621], [-70.50023069, 18.7106147], [-70.50018794, 18.71054517], [-70.50010166, 18.71037068], [-70.50007658, 18.71031164], [-70.50003562, 18.7102412], [-70.50000655, 18.71015588], [-70.49997933, 18.71009169], [-70.49996507, 18.71002639], [-70.49992901, 18.70989514], [-70.49991859, 18.70987574], [-70.49989175, 18.7098399], [-70.49983329, 18.70976765], [-70.49976849, 18.70969455], [-70.49969461, 18.70960596], [-70.49962915, 18.70952035], [-70.49957593, 18.70945681], [-70.49955924, 18.70942269], [-70.4995019, 18.70935568], [-70.49944881, 18.70929007], [-70.49935095, 18.70917911], [-70.4992867, 18.70910938], [-70.49922599, 18.70903069], [-70.49918107, 18.7089495], [-70.49909796, 18.70875681], [-70.4990694, 18.70869237], [-70.49904546, 18.70864603], [-70.49903022, 18.7086181], [-70.4990082, 18.70857486], [-70.49898634, 18.70853112], [-70.49905545, 18.7084464], [-70.49912717, 18.70836308], [-70.49917469, 18.70829534], [-70.49922017, 18.70823493], [-70.49915549, 18.70800133], [-70.4991591, 18.70782303], [-70.49921957, 18.70768099], [-70.49929569, 18.70756014], [-70.49934107, 18.70743628], [-70.49941553, 18.70721143], [-70.49938785, 18.70708622], [-70.49931368, 18.70694301], [-70.49929107, 18.70682165], [-70.49926066, 18.70674782], [-70.49916064, 18.706703], [-70.49901172, 18.70666467], [-70.4988775, 18.70664425], [-70.49876985, 18.70660958], [-70.49878825, 18.70659336], [-70.49888692, 18.70651324], [-70.49893274, 18.70648191], [-70.49902186, 18.70642079], [-70.49912239, 18.70634139], [-70.49919967, 18.70628142], [-70.49933965, 18.70618591], [-70.4993974, 18.70614842], [-70.49944881, 18.70613629], [-70.49954066, 18.70611204], [-70.49959645, 18.70609743], [-70.49967071, 18.70607764], [-70.49971571, 18.70606801], [-70.49972632, 18.70607687], [-70.49974468, 18.70611033], [-70.49977329, 18.70617016], [-70.49979086, 18.70624192], [-70.49981675, 18.70633856], [-70.49983468, 18.70639855], [-70.49985812, 18.70650313], [-70.49988071, 18.7065556], [-70.49988848, 18.70657102], [-70.4999112, 18.70657993], [-70.49995534, 18.70659249], [-70.50007759, 18.70662156], [-70.50013691, 18.706633], [-70.50021742, 18.70665075], [-70.50027459, 18.70666512], [-70.50032604, 18.70668073], [-70.50040275, 18.7067015], [-70.50048501, 18.70672518], [-70.5005652, 18.70674808], [-70.50062736, 18.70676606], [-70.50071813, 18.70678888], [-70.50078839, 18.70680534], [-70.50087948, 18.7068233], [-70.50100298, 18.7068436], [-70.50109208, 18.70686615], [-70.5012072, 18.70689913], [-70.50131675, 18.70693974], [-70.50139767, 18.70697971], [-70.50144016, 18.70700541], [-70.501549, 18.70706171], [-70.50164355, 18.70710369], [-70.50172462, 18.70713658], [-70.50181179, 18.70718461], [-70.50184732, 18.70720482], [-70.50191158, 18.70726012], [-70.5019453, 18.70729014], [-70.50199601, 18.70732723], [-70.5020726, 18.7073921], [-70.50209228, 18.70740493], [-70.50213543, 18.70742741], [-70.50217785, 18.70743822], [-70.50222498, 18.70745564], [-70.50233946, 18.70747773], [-70.50240315, 18.70748956], [-70.50252331, 18.70750023], [-70.50260453, 18.70750286], [-70.50265171, 18.7075139], [-70.50276698, 18.70752624], [-70.5028126, 18.70753304], [-70.50284807, 18.70753141], [-70.50286707, 18.7075331], [-70.50295213, 18.70754007], [-70.50306088, 18.70753937], [-70.50315184, 18.70754485], [-70.50325568, 18.70755807], [-70.50335357, 18.70757969], [-70.50338397, 18.70758468], [-70.50343033, 18.70760353], [-70.50356338, 18.70766569], [-70.50366288, 18.70771443], [-70.50375599, 18.707768], [-70.50383591, 18.70781343], [-70.50391929, 18.70786995], [-70.50400737, 18.70793834], [-70.50411024, 18.70802873], [-70.50415104, 18.70807013], [-70.50415161, 18.70807508], [-70.50414074, 18.7080959], [-70.50410319, 18.708152], [-70.50407195, 18.70820382], [-70.5040358, 18.70826255], [-70.5039874, 18.70834273], [-70.50395663, 18.70839122], [-70.5039092, 18.70845828], [-70.50387768, 18.7085026], [-70.50383165, 18.70855953], [-70.50374288, 18.70866564], [-70.50366665, 18.7087633], [-70.50360562, 18.70883533], [-70.503542, 18.70891747], [-70.50347482, 18.70898618], [-70.50341436, 18.70898579], [-70.50336242, 18.70899028], [-70.50330124, 18.70901099], [-70.50318515, 18.70905446], [-70.50306082, 18.70910498], [-70.50297487, 18.70912651], [-70.50287485, 18.70915235], [-70.50283139, 18.70916509], [-70.50279624, 18.7091763], [-70.50272555, 18.70921819], [-70.50264567, 18.70927463], [-70.50262328, 18.70929409], [-70.50257625, 18.70934056], [-70.50252676, 18.70939329], [-70.50246841, 18.70944686], [-70.50239582, 18.70951988], [-70.50231278, 18.70959263], [-70.50225433, 18.70964983], [-70.50207636, 18.70978404], [-70.50203542, 18.70980778], [-70.50192957, 18.70985053], [-70.50184866, 18.70989109], [-70.50182429, 18.70990828], [-70.50180075, 18.70994321], [-70.50171958, 18.71001763], [-70.50166099, 18.71007998], [-70.50153331, 18.71016164], [-70.50142873, 18.71017747], [-70.50135047, 18.7102282], [-70.50130378, 18.71018502], [-70.50119286, 18.71014112], [-70.50105625, 18.71013265], [-70.50103402, 18.71018755], [-70.50102657, 18.71023714], [-70.50099705, 18.71025482]]]]}, "geometry_name": "the_geom", "properties": {"Posicional": "304619721287", "Expediente": "6642022045354-05", "Area": 147088.19, "Municipio": "RANCHO ARRIBA", "Provincia": "San Jos\u00e9 de Ocoa", "Operacion": "Saneamiento", "FechaInsc": "26/9/2022 2:34:28 p.\u00a0m.", "area_calc_m2": 147089, "touches_family_land": false, "owner": null, "owner_source": null, "family": false, "category": "confirmed"}}, {"type": "Feature", "id": "Aprobados.670314", "geometry": {"type": "MultiPolygon", "coordinates": [[[[-70.50105025, 18.71022251], [-70.50149346, 18.71049867], [-70.50170393, 18.71100268], [-70.5017415, 18.71112486], [-70.50179428, 18.71139933], [-70.50179635, 18.71152331], [-70.50178096, 18.71151584], [-70.50166067, 18.71144537], [-70.50162169, 18.71143383], [-70.50157135, 18.7113896], [-70.50147396, 18.71128397], [-70.50139772, 18.71125844], [-70.50138625, 18.7112519], [-70.50132593, 18.71106032], [-70.50129527, 18.71096041], [-70.50125676, 18.71087014], [-70.50117789, 18.7107817], [-70.50114854, 18.71075288], [-70.50096375, 18.7110013], [-70.50090447, 18.71111032], [-70.50086556, 18.71117863], [-70.50085054, 18.71121517], [-70.5007801, 18.71134574], [-70.50070505, 18.71147457], [-70.50065787, 18.7115305], [-70.50062604, 18.71144467], [-70.50056366, 18.71131069], [-70.50052169, 18.71121933], [-70.50048446, 18.7111526], [-70.50035783, 18.71088523], [-70.50032773, 18.7107662], [-70.50041648, 18.71070168], [-70.50046949, 18.7106511], [-70.50054342, 18.7105748], [-70.50072654, 18.71041272], [-70.50073578, 18.71040189], [-70.50082641, 18.71032137], [-70.50089847, 18.71027328], [-70.50099856, 18.71025517], [-70.50105025, 18.71022251]]]]}, "geometry_name": "the_geom", "properties": {"Posicional": "304619742998", "Expediente": "6642025032474-04", "Area": 11338.99, "Municipio": "RANCHO ARRIBA", "Provincia": "San Jos\u00e9 de Ocoa", "Operacion": "Saneamiento", "FechaInsc": "6/11/2025 2:00:47 p.\u00a0m.", "area_calc_m2": 11339, "touches_family_land": false, "owner": null, "owner_source": null, "family": false, "category": "confirmed"}}, {"type": "Feature", "id": "Aprobados.638148", "geometry": {"type": "MultiPolygon", "coordinates": [[[[-70.48893932, 18.70923931], [-70.48952343, 18.70499975], [-70.48957233, 18.7049158], [-70.4896858, 18.70479411], [-70.48971089, 18.70477026], [-70.48966577, 18.70465134], [-70.4896364, 18.7045853], [-70.48955175, 18.70447569], [-70.48951429, 18.70446535], [-70.48913416, 18.70440315], [-70.48902488, 18.70438108], [-70.48892964, 18.70430901], [-70.4887753, 18.70417713], [-70.48866741, 18.70408217], [-70.48851097, 18.70395956], [-70.48783027, 18.7033899], [-70.48771258, 18.70328606], [-70.48765565, 18.70323892], [-70.48750945, 18.70311202], [-70.48746761, 18.70307826], [-70.48758233, 18.70295826], [-70.48786201, 18.70272005], [-70.48812114, 18.70246322], [-70.4883252, 18.70234057], [-70.48844091, 18.70229868], [-70.48871178, 18.70230433], [-70.48901609, 18.70238053], [-70.48949998, 18.70251922], [-70.48967504, 18.70255934], [-70.48981528, 18.70260813], [-70.49004447, 18.70271255], [-70.49021343, 18.70282985], [-70.49034338, 18.70295422], [-70.49075593, 18.70320118], [-70.49110706, 18.70327162], [-70.49122899, 18.70328695], [-70.49135299, 18.70331087], [-70.49161992, 18.70343714], [-70.49186245, 18.7036228], [-70.49217863, 18.70413485], [-70.49237293, 18.70437251], [-70.49278411, 18.70473361], [-70.49286743, 18.70480834], [-70.49309191, 18.70476171], [-70.49321167, 18.704749], [-70.4935731, 18.70471079], [-70.49365611, 18.70470132], [-70.49604974, 18.70387741], [-70.49616444, 18.70409984], [-70.49645713, 18.70441973], [-70.4965782, 18.70441925], [-70.49720909, 18.70433902], [-70.49746811, 18.70428485], [-70.49759681, 18.70422649], [-70.49771617, 18.70406603], [-70.49808297, 18.70379253], [-70.49827539, 18.70391601], [-70.49842729, 18.70399953], [-70.49855391, 18.70409933], [-70.49860613, 18.70418765], [-70.49861972, 18.70426184], [-70.49862872, 18.70435919], [-70.49858728, 18.70455012], [-70.49852833, 18.70464981], [-70.49842549, 18.70482914], [-70.49846135, 18.70499288], [-70.49845638, 18.70526539], [-70.4985164, 18.70534148], [-70.49884474, 18.70534892], [-70.49889273, 18.7054049], [-70.49895464, 18.7055224], [-70.49882467, 18.70583583], [-70.49874563, 18.70629894], [-70.49864691, 18.70651689], [-70.49866221, 18.70666395], [-70.49870344, 18.70668707], [-70.49892696, 18.70669983], [-70.499211, 18.70678362], [-70.49924548, 18.70695039], [-70.49933098, 18.70714776], [-70.49927788, 18.70740078], [-70.49921201, 18.70758096], [-70.4991407, 18.70771384], [-70.49912265, 18.70782339], [-70.49909724, 18.70802092], [-70.49912398, 18.70814971], [-70.49912906, 18.70819557], [-70.49907069, 18.7083216], [-70.49901707, 18.70837356], [-70.49894972, 18.70842618], [-70.49892417, 18.7084338], [-70.49887011, 18.70843929], [-70.49890098, 18.70837681], [-70.49892898, 18.70832999], [-70.49895641, 18.70827738], [-70.49896497, 18.70821504], [-70.49895437, 18.7081658], [-70.49874312, 18.70791671], [-70.49870392, 18.70796615], [-70.4986752, 18.70803337], [-70.49871372, 18.7081309], [-70.49872412, 18.70817562], [-70.4987164, 18.70821396], [-70.49864864, 18.70832065], [-70.49859978, 18.7083867], [-70.49856452, 18.7084299], [-70.49849966, 18.70848261], [-70.49845711, 18.70851126], [-70.49840828, 18.7085708], [-70.49833995, 18.70869062], [-70.49833148, 18.70875583], [-70.49812474, 18.70878957], [-70.49795068, 18.70883075], [-70.49776709, 18.70889129], [-70.49768946, 18.70891142], [-70.49761442, 18.70893078], [-70.497551, 18.70895065], [-70.49621466, 18.7091212], [-70.4960425, 18.70924008], [-70.49599714, 18.70927555], [-70.49580839, 18.70929475], [-70.49561844, 18.70921417], [-70.49538107, 18.70920042], [-70.49508377, 18.70934519], [-70.49493177, 18.7094065], [-70.49472249, 18.70957768], [-70.49463822, 18.7096365], [-70.49456626, 18.70979404], [-70.49441108, 18.70989226], [-70.49425307, 18.71007378], [-70.49390928, 18.7101216], [-70.49316839, 18.71024623], [-70.49284839, 18.70989131], [-70.4927406, 18.70980702], [-70.49232933, 18.70980581], [-70.49171715, 18.70967234], [-70.4913588, 18.70968017], [-70.49096665, 18.70976814], [-70.49059289, 18.70981185], [-70.49034229, 18.70970218], [-70.49025639, 18.70952352], [-70.49012921, 18.70936438], [-70.48984079, 18.70922927], [-70.48893932, 18.70923931]]]]}, "geometry_name": "the_geom", "properties": {"Posicional": "304629502119", "Expediente": "6642024075749-04", "Area": 642331.92, "Municipio": "RANCHO ARRIBA", "Provincia": "San Jos\u00e9 de Ocoa", "Operacion": "Saneamiento", "FechaInsc": "8/8/2025 11:51:40 a.\u00a0m.", "area_calc_m2": 642334, "touches_family_land": false, "owner": null, "owner_source": null, "family": false, "category": "confirmed"}}, {"type": "Feature", "id": "Aprobados.387272", "geometry": {"type": "MultiPolygon", "coordinates": [[[[-70.49598147, 18.71576054], [-70.49553511, 18.71674069], [-70.49549835, 18.71677581], [-70.49544613, 18.71684218], [-70.49534168, 18.7169257], [-70.49511332, 18.71687494], [-70.49505802, 18.71694308], [-70.49502384, 18.71696036], [-70.49474042, 18.71685983], [-70.49436622, 18.7168014], [-70.49433193, 18.71679404], [-70.49410658, 18.7167019], [-70.49382437, 18.71662159], [-70.49364235, 18.71651708], [-70.49353282, 18.71640234], [-70.49333504, 18.71625836], [-70.49301309, 18.71612552], [-70.49275745, 18.71605184], [-70.49275675, 18.715996], [-70.49283799, 18.71588806], [-70.4928889, 18.7158572], [-70.49292501, 18.7158552], [-70.49306971, 18.71592938], [-70.49318001, 18.71600803], [-70.49345565, 18.71594524], [-70.49355152, 18.71579368], [-70.49341761, 18.71561518], [-70.49343259, 18.71551822], [-70.49370436, 18.71526192], [-70.49394387, 18.71507612], [-70.49426545, 18.71484064], [-70.49451929, 18.7147283], [-70.49493349, 18.71468792], [-70.49510135, 18.7146492], [-70.49522113, 18.7144969], [-70.49529789, 18.71443628], [-70.49554445, 18.71440305], [-70.4956995, 18.71433197], [-70.49583896, 18.71421734], [-70.49596746, 18.7148035], [-70.49604099, 18.71525711], [-70.49639185, 18.71483787], [-70.49644728, 18.71478502], [-70.49648838, 18.71502372], [-70.49652906, 18.71503648], [-70.49661893, 18.71489595], [-70.49683806, 18.71469303], [-70.49694905, 18.71453827], [-70.49698929, 18.71448577], [-70.49711512, 18.71449615], [-70.49746159, 18.71421515], [-70.49756807, 18.7142529], [-70.49774663, 18.71430586], [-70.49793118, 18.71446364], [-70.49808005, 18.71456373], [-70.49819742, 18.71458576], [-70.49853345, 18.71460448], [-70.49870927, 18.71463596], [-70.49873303, 18.71481862], [-70.49872893, 18.71483546], [-70.49874525, 18.71502732], [-70.49870181, 18.71523239], [-70.49855309, 18.71548671], [-70.49847275, 18.71553255], [-70.49834555, 18.71584137], [-70.49798183, 18.71620383], [-70.49785367, 18.7168124], [-70.49771596, 18.71707513], [-70.49730605, 18.71693704], [-70.49717729, 18.71689512], [-70.49700652, 18.71685545], [-70.49690586, 18.71654846], [-70.49673873, 18.71639167], [-70.49661508, 18.71639209], [-70.49660783, 18.7162798], [-70.49654146, 18.7160037], [-70.49638891, 18.71574888], [-70.4963612, 18.71565838], [-70.49629788, 18.715608], [-70.49598147, 18.71576054]]]]}, "geometry_name": "the_geom", "properties": {"Posicional": "304720206233", "Expediente": "6642022100215-05", "Area": 111179.47, "Municipio": "RANCHO ARRIBA", "Provincia": "San Jos\u00e9 de Ocoa", "Operacion": "Saneamiento", "FechaInsc": "22/2/2023 7:14:41 p.\u00a0m.", "area_calc_m2": 111180, "touches_family_land": false, "owner": null, "owner_source": null, "family": false, "category": "confirmed"}}, {"type": "Feature", "id": "Aprobados.686403", "geometry": {"type": "MultiPolygon", "coordinates": [[[[-70.4947094, 18.6940904], [-70.49472159, 18.69417593], [-70.49471615, 18.69419641], [-70.49468353, 18.6942171], [-70.49465332, 18.69421214], [-70.49437677, 18.69411192], [-70.4936759, 18.69390346], [-70.4936184, 18.69389205], [-70.4935055, 18.69383827], [-70.49338009, 18.69376311], [-70.49331405, 18.69371762], [-70.49323134, 18.6936779], [-70.4930676, 18.69359821], [-70.49300294, 18.69356168], [-70.49294635, 18.69350559], [-70.49291996, 18.69345694], [-70.49289738, 18.69339131], [-70.49286816, 18.69331275], [-70.49283172, 18.69325563], [-70.49279944, 18.69320496], [-70.4925928, 18.69306365], [-70.49264839, 18.69299267], [-70.49271523, 18.69286977], [-70.49275463, 18.69280766], [-70.49281987, 18.69271871], [-70.49285474, 18.69266555], [-70.49332782, 18.69215736], [-70.49335809, 18.69212311], [-70.49344833, 18.69201146], [-70.49349916, 18.69193072], [-70.4935171, 18.69189311], [-70.49352921, 18.69186461], [-70.49354206, 18.69182474], [-70.49358564, 18.69168041], [-70.49361077, 18.69160218], [-70.49362209, 18.69157067], [-70.49363208, 18.69154557], [-70.49366332, 18.69140404], [-70.49380636, 18.6915162], [-70.49388415, 18.69159443], [-70.49394158, 18.69170616], [-70.49402473, 18.69189105], [-70.4940395, 18.69191605], [-70.49406896, 18.6919218], [-70.49412331, 18.69219429], [-70.4942162, 18.69255632], [-70.4943227, 18.69302491], [-70.49433491, 18.69308125], [-70.49439692, 18.69331447], [-70.49449881, 18.69361325], [-70.49458355, 18.6938015], [-70.49468708, 18.69399591], [-70.4947094, 18.6940904]]]]}, "geometry_name": "the_geom", "properties": {"Posicional": "304627458185", "Expediente": "6642025076544-05", "Area": 33235.25, "Municipio": "RANCHO ARRIBA", "Provincia": "San Jos\u00e9 de Ocoa", "Operacion": "Saneamiento", "FechaInsc": "30/1/2026 4:26:12 p.\u00a0m.", "area_calc_m2": 33236, "touches_family_land": false, "owner": null, "owner_source": null, "family": false, "category": "confirmed"}}, {"type": "Feature", "id": "Aprobados.535430", "geometry": {"type": "MultiPolygon", "coordinates": [[[[-70.49055696, 18.69174423], [-70.4906329, 18.6915863], [-70.4906817, 18.69147607], [-70.49068777, 18.69144663], [-70.49075611, 18.69136498], [-70.4907653, 18.69136133], [-70.49090413, 18.69118792], [-70.49115011, 18.69101429], [-70.49139091, 18.69088427], [-70.49187311, 18.69058692], [-70.49194004, 18.69053868], [-70.49194745, 18.69052935], [-70.49208212, 18.6906451], [-70.492367, 18.69075961], [-70.49281544, 18.69089774], [-70.49326925, 18.69111558], [-70.49366018, 18.69140037], [-70.49360675, 18.69161], [-70.49354206, 18.69182475], [-70.4933581, 18.69212311], [-70.49285473, 18.69266557], [-70.4927546, 18.69280765], [-70.49258991, 18.69306576], [-70.49253734, 18.69303363], [-70.49250411, 18.6930079], [-70.49199521, 18.69251223], [-70.49188595, 18.69244899], [-70.49179819, 18.69239203], [-70.49158669, 18.69223813], [-70.49143035, 18.69211316], [-70.49132557, 18.69204], [-70.49093105, 18.69186857], [-70.49067554, 18.69179461], [-70.49059553, 18.69177082], [-70.49057231, 18.69175209], [-70.49055696, 18.69174423]]]]}, "geometry_name": "the_geom", "properties": {"Posicional": "304627634628", "Expediente": "6642024014820-02", "Area": 48705.6, "Municipio": "RANCHO ARRIBA", "Provincia": "San Jos\u00e9 de Ocoa", "Operacion": "Saneamiento", "FechaInsc": "3/6/2024 12:49:16 p.\u00a0m.", "area_calc_m2": 48706, "touches_family_land": false, "owner": null, "owner_source": null, "family": false, "category": "confirmed"}}, {"type": "Feature", "id": "Aprobados.561317", "geometry": {"type": "MultiPolygon", "coordinates": [[[[-70.49218339, 18.69277163], [-70.49202283, 18.69276879], [-70.49179009, 18.69272515], [-70.49154994, 18.69266749], [-70.49147233, 18.69264741], [-70.49143097, 18.69263843], [-70.49116733, 18.69289118], [-70.49093153, 18.69306439], [-70.49027982, 18.6928149], [-70.4897709, 18.69286954], [-70.48911567, 18.69328193], [-70.48899173, 18.69326559], [-70.48886951, 18.69339337], [-70.4888367, 18.69374866], [-70.48867476, 18.69382883], [-70.48858994, 18.69385368], [-70.48858096, 18.69370512], [-70.48860348, 18.69356941], [-70.48849869, 18.69345151], [-70.48867972, 18.69290516], [-70.48881337, 18.6925901], [-70.48893239, 18.6924277], [-70.48947007, 18.69220238], [-70.48957458, 18.69218329], [-70.48997304, 18.6920397], [-70.49035301, 18.69182518], [-70.49050468, 18.69180076], [-70.49087712, 18.69191151], [-70.49136293, 18.69213253], [-70.49165634, 18.69235399], [-70.49193187, 18.6925258], [-70.49218339, 18.69277163]]]]}, "geometry_name": "the_geom", "properties": {"Posicional": "304627846649", "Expediente": "6642024038584-04", "Area": 32789.86, "Municipio": "RANCHO ARRIBA", "Provincia": "San Jos\u00e9 de Ocoa", "Operacion": "Saneamiento", "FechaInsc": "15/10/2024 4:23:20 p.\u00a0m.", "area_calc_m2": 32791, "touches_family_land": false, "owner": null, "owner_source": null, "family": false, "category": "confirmed"}}, {"type": "Feature", "id": "Aprobados.497362", "geometry": {"type": "MultiPolygon", "coordinates": [[[[-70.48438363, 18.72577901], [-70.48440032, 18.72576777], [-70.484466, 18.72575207], [-70.48460101, 18.72572669], [-70.48465709, 18.72570899], [-70.48478078, 18.72566907], [-70.48488636, 18.72561899], [-70.48500287, 18.72557053], [-70.48517649, 18.7255032], [-70.48537905, 18.72541684], [-70.485441, 18.72537596], [-70.4855454, 18.72528803], [-70.4855923, 18.72526118], [-70.48558022, 18.72523571], [-70.48557798, 18.72521838], [-70.485601, 18.72516118], [-70.4856296, 18.72508099], [-70.48564325, 18.72501429], [-70.48566632, 18.72495221], [-70.48572789, 18.72485748], [-70.48577875, 18.72477468], [-70.48579482, 18.7247469], [-70.48580056, 18.72475273], [-70.48585658, 18.72468488], [-70.48604103, 18.72450072], [-70.4861279, 18.72442485], [-70.48620453, 18.72439271], [-70.48632924, 18.72432865], [-70.48639515, 18.72429623], [-70.48649701, 18.72424383], [-70.48654945, 18.7242211], [-70.4866698, 18.72419005], [-70.48673658, 18.72418157], [-70.48683847, 18.72416414], [-70.48688686, 18.72414568], [-70.48694248, 18.72414054], [-70.48698029, 18.72414801], [-70.48706364, 18.72415828], [-70.48710899, 18.72417157], [-70.48719317, 18.72417831], [-70.48728622, 18.72417007], [-70.48738207, 18.72415666], [-70.48755084, 18.72480371], [-70.48749215, 18.72505373], [-70.48754947, 18.7253079], [-70.48763276, 18.72564688], [-70.48767324, 18.72575436], [-70.48767769, 18.72578585], [-70.48768641, 18.72582843], [-70.48780367, 18.72584539], [-70.48799201, 18.72589937], [-70.48814464, 18.72600207], [-70.4882887, 18.72674048], [-70.48830879, 18.72677113], [-70.48790461, 18.72684636], [-70.48786614, 18.72687133], [-70.48743756, 18.72721528], [-70.4870396, 18.72732931], [-70.48698069, 18.72726174], [-70.48674521, 18.72707685], [-70.48649151, 18.72695462], [-70.48622901, 18.72694378], [-70.48595433, 18.72699331], [-70.48569431, 18.72708157], [-70.48541813, 18.72717593], [-70.48499127, 18.72736906], [-70.48497442, 18.72732953], [-70.48497886, 18.72719712], [-70.48380917, 18.72711902], [-70.48369548, 18.72700074], [-70.4837572, 18.72660757], [-70.48373175, 18.72660415], [-70.48376882, 18.72650546], [-70.48381506, 18.72639261], [-70.48383254, 18.72628738], [-70.48384894, 18.7261988], [-70.48388197, 18.72612634], [-70.48401609, 18.72602119], [-70.48407756, 18.72596911], [-70.48414583, 18.7259242], [-70.48420184, 18.72588726], [-70.48430126, 18.725859], [-70.4843742, 18.72580592], [-70.48438363, 18.72577901]]]]}, "geometry_name": "the_geom", "properties": {"Posicional": "304731311642", "Expediente": "6642023104486-04", "Area": 101704.92, "Municipio": "RANCHO ARRIBA", "Provincia": "San Jos\u00e9 de Ocoa", "Operacion": "Saneamiento", "FechaInsc": "24/2/2024 9:49:54 a.\u00a0m.", "area_calc_m2": 101705, "touches_family_land": false, "owner": null, "owner_source": null, "family": false, "category": "confirmed"}}, {"type": "Feature", "id": "Aprobados.708103", "geometry": {"type": "MultiPolygon", "coordinates": [[[[-70.48186676, 18.72310532], [-70.48181725, 18.72308923], [-70.48166994, 18.72304775], [-70.48143381, 18.72297584], [-70.48104535, 18.72299788], [-70.48075579, 18.72313506], [-70.48053527, 18.72323313], [-70.48018401, 18.72326083], [-70.48004601, 18.72321559], [-70.47993972, 18.72314297], [-70.47979761, 18.72299804], [-70.48012368, 18.72279117], [-70.48032935, 18.722631], [-70.48056471, 18.72252906], [-70.48074807, 18.72265847], [-70.4808877, 18.72271386], [-70.48094632, 18.72271882], [-70.48106944, 18.72271525], [-70.4813187, 18.72271119], [-70.48157161, 18.72268655], [-70.48189373, 18.72270868], [-70.48248983, 18.72276082], [-70.48260768, 18.72276494], [-70.48282147, 18.72276785], [-70.48299458, 18.72277203], [-70.48330265, 18.72275514], [-70.48352642, 18.72274156], [-70.48364854, 18.72273533], [-70.48425579, 18.72269239], [-70.48431236, 18.72270963], [-70.48445665, 18.72277186], [-70.48492257, 18.72296441], [-70.48535199, 18.72304501], [-70.48533136, 18.72316152], [-70.48545171, 18.72320546], [-70.48549814, 18.72320478], [-70.4855162, 18.72318916], [-70.4855844, 18.72322858], [-70.48571097, 18.7234378], [-70.4857564, 18.72352493], [-70.48577954, 18.72364796], [-70.48576519, 18.72374219], [-70.48571279, 18.72383229], [-70.48563238, 18.72389587], [-70.48542501, 18.72405183], [-70.48533628, 18.72408988], [-70.4850887, 18.72412876], [-70.48498464, 18.72413317], [-70.4848739, 18.72410236], [-70.4847964, 18.72410468], [-70.48472098, 18.72416249], [-70.48475818, 18.7242439], [-70.4844097, 18.72432738], [-70.48431084, 18.72434568], [-70.48423448, 18.72435124], [-70.48418171, 18.724342], [-70.48409145, 18.72433122], [-70.48394555, 18.72429555], [-70.48371986, 18.72419618], [-70.48359008, 18.7241105], [-70.48349702, 18.72404289], [-70.48351056, 18.7239965], [-70.48352999, 18.7237773], [-70.48318137, 18.7236821], [-70.48309529, 18.7235383], [-70.48295955, 18.72345479], [-70.48274497, 18.72332649], [-70.48272167, 18.72330712], [-70.48263707, 18.72328967], [-70.48256033, 18.72327909], [-70.48242929, 18.72326931], [-70.48220777, 18.72325599], [-70.48186676, 18.72310532]]]]}, "geometry_name": "the_geom", "properties": {"Posicional": "304730589644", "Expediente": "6642021011022-03", "Area": 55123.38574219, "Municipio": "RANCHO ARRIBA", "Provincia": "San Jos\u00e9 de Ocoa", "Operacion": "Saneamiento", "FechaInsc": "9/6/2021 11:18:14 p.\u00a0m.", "area_calc_m2": 55123, "touches_family_land": false, "owner": null, "owner_source": null, "family": false, "category": "confirmed"}}, {"type": "Feature", "id": "Aprobados.620827", "geometry": {"type": "MultiPolygon", "coordinates": [[[[-70.48409767, 18.6734271], [-70.48407793, 18.67345644], [-70.48380194, 18.67365708], [-70.48342431, 18.67355113], [-70.48327588, 18.67370682], [-70.48315426, 18.67382815], [-70.48307558, 18.6739312], [-70.4829659, 18.67399258], [-70.48287154, 18.67395842], [-70.48278936, 18.67390736], [-70.48254456, 18.67366313], [-70.48231913, 18.67356319], [-70.48208024, 18.67337724], [-70.48188309, 18.6732595], [-70.48176418, 18.67320616], [-70.48175958, 18.67311599], [-70.48172328, 18.67303871], [-70.48173919, 18.67300815], [-70.481818, 18.67295372], [-70.48191221, 18.67288284], [-70.48194895, 18.67283943], [-70.48187559, 18.67259681], [-70.48177426, 18.67244659], [-70.48172942, 18.67239216], [-70.48164422, 18.67228321], [-70.48156956, 18.67219947], [-70.48147935, 18.67208437], [-70.48145321, 18.67205784], [-70.48138657, 18.67192994], [-70.48137831, 18.67184884], [-70.48145032, 18.67167383], [-70.48167047, 18.67141396], [-70.48173159, 18.67132364], [-70.4819068, 18.67146676], [-70.48195224, 18.67148448], [-70.48205288, 18.67147816], [-70.48216431, 18.67145217], [-70.48263855, 18.67130408], [-70.48292931, 18.67119915], [-70.48301625, 18.6711823], [-70.48304958, 18.67117423], [-70.48313166, 18.67126514], [-70.48317383, 18.67137378], [-70.48322143, 18.67162953], [-70.48322457, 18.67181353], [-70.48323156, 18.67199683], [-70.48323806, 18.67207695], [-70.48324123, 18.67221071], [-70.4832421, 18.67231466], [-70.48326534, 18.67246093], [-70.48328205, 18.67256899], [-70.48329477, 18.67258804], [-70.48336102, 18.67265106], [-70.48363869, 18.67275303], [-70.48378811, 18.6727993], [-70.48393046, 18.67290007], [-70.48395156, 18.67296975], [-70.48400972, 18.67325687], [-70.48408267, 18.67336679], [-70.48409767, 18.6734271]]]]}, "geometry_name": "the_geom", "properties": {"Posicional": "304635623426", "Expediente": "6642024074858-04", "Area": 49393.26, "Municipio": "RANCHO ARRIBA", "Provincia": "San Jos\u00e9 de Ocoa", "Operacion": "Saneamiento", "FechaInsc": "18/6/2025 2:48:56 p.\u00a0m.", "area_calc_m2": 49392, "touches_family_land": false, "owner": null, "owner_source": null, "family": false, "category": "confirmed"}}, {"type": "Feature", "id": "Aprobados.620828", "geometry": {"type": "MultiPolygon", "coordinates": [[[[-70.48304958, 18.67117423], [-70.48301625, 18.6711823], [-70.48292931, 18.67119915], [-70.48263855, 18.67130408], [-70.48216431, 18.67145217], [-70.48205288, 18.67147816], [-70.48195224, 18.67148448], [-70.4819068, 18.67146676], [-70.48173159, 18.67132364], [-70.48178581, 18.67131385], [-70.48172499, 18.67121613], [-70.48170165, 18.67083513], [-70.48159499, 18.67075796], [-70.48149921, 18.67068739], [-70.48135837, 18.6705812], [-70.48131296, 18.67051435], [-70.4811511, 18.67031362], [-70.48105352, 18.67006907], [-70.48093257, 18.66995733], [-70.4807797, 18.66990033], [-70.48060363, 18.66987438], [-70.48050283, 18.66985986], [-70.48042372, 18.66983406], [-70.48028023, 18.66979131], [-70.48016687, 18.66975424], [-70.48009544, 18.66970843], [-70.48003994, 18.66967078], [-70.48000276, 18.66959256], [-70.47996334, 18.66953117], [-70.47999914, 18.6694842], [-70.48003526, 18.66942719], [-70.48005634, 18.66939249], [-70.48007175, 18.66925897], [-70.48006054, 18.66915975], [-70.48003518, 18.66899238], [-70.47989566, 18.66875904], [-70.47985133, 18.66870245], [-70.47987084, 18.66867647], [-70.47986766, 18.6685864], [-70.47988374, 18.66857208], [-70.47992881, 18.66856655], [-70.480034, 18.66861716], [-70.48018043, 18.66869949], [-70.48031349, 18.66877624], [-70.480381, 18.6687912], [-70.48043579, 18.66879573], [-70.48052538, 18.66875703], [-70.48063393, 18.66873362], [-70.4806949, 18.66874534], [-70.48081935, 18.66881449], [-70.48085639, 18.66887419], [-70.48095561, 18.66898465], [-70.48105622, 18.66907064], [-70.48113284, 18.66912384], [-70.48124294, 18.66916887], [-70.48136218, 18.66921925], [-70.48144747, 18.66927949], [-70.48158154, 18.66938645], [-70.48170271, 18.66948154], [-70.48177676, 18.66953304], [-70.4818064, 18.66956503], [-70.48185485, 18.66965781], [-70.48207855, 18.66973292], [-70.48215638, 18.66977106], [-70.48221385, 18.66981274], [-70.48221848, 18.66983593], [-70.48219392, 18.66994385], [-70.48215634, 18.6699951], [-70.48206518, 18.6700325], [-70.48199711, 18.67011143], [-70.4819293, 18.67020336], [-70.48189875, 18.67025097], [-70.48186211, 18.67033868], [-70.48186345, 18.67035739], [-70.48189489, 18.67039001], [-70.48198404, 18.67043803], [-70.48205406, 18.67046591], [-70.48220135, 18.67048452], [-70.4823303, 18.67048922], [-70.48239722, 18.67047915], [-70.48241161, 18.67051678], [-70.48247405, 18.67060465], [-70.48258341, 18.67067577], [-70.4826187, 18.67071171], [-70.48264618, 18.67076263], [-70.48268626, 18.67077235], [-70.48277125, 18.67080452], [-70.48283466, 18.67083893], [-70.48295019, 18.67100608], [-70.48304958, 18.67117423]]]]}, "geometry_name": "the_geom", "properties": {"Posicional": "304634796653", "Expediente": "6642024074858-04", "Area": 37494.36, "Municipio": "RANCHO ARRIBA", "Provincia": "San Jos\u00e9 de Ocoa", "Operacion": "Saneamiento", "FechaInsc": "18/6/2025 2:48:56 p.\u00a0m.", "area_calc_m2": 37494, "touches_family_land": false, "owner": null, "owner_source": null, "family": false, "category": "confirmed"}}, {"type": "Feature", "id": "Aprobados.464429", "geometry": {"type": "MultiPolygon", "coordinates": [[[[-70.48138269, 18.72606445], [-70.48145899, 18.72595162], [-70.48155486, 18.72579861], [-70.48164867, 18.72559376], [-70.4817027, 18.7255046], [-70.48173956, 18.7254566], [-70.48178426, 18.72540637], [-70.48184937, 18.72535824], [-70.48202002, 18.72526563], [-70.4821262, 18.72519712], [-70.48222961, 18.72510432], [-70.48233473, 18.72501177], [-70.48240757, 18.72495816], [-70.48248806, 18.72491225], [-70.48252311, 18.72489698], [-70.48257217, 18.7248787], [-70.48261901, 18.72486766], [-70.48264614, 18.7248679], [-70.48267179, 18.72487321], [-70.48269425, 18.72488261], [-70.4827357, 18.72490541], [-70.48275439, 18.72491737], [-70.48270156, 18.72494896], [-70.48261027, 18.7249851], [-70.48254418, 18.72503993], [-70.48243824, 18.72513727], [-70.48240334, 18.72516926], [-70.48235944, 18.72523521], [-70.48229144, 18.72536531], [-70.48220357, 18.72549965], [-70.48215197, 18.72556366], [-70.48208593, 18.72571219], [-70.48207226, 18.7258743], [-70.4820681, 18.72599532], [-70.4820622, 18.7261009], [-70.48205342, 18.72617064], [-70.48207296, 18.72618277], [-70.48206116, 18.72619931], [-70.4820617, 18.7263052], [-70.48205074, 18.72632011], [-70.48200283, 18.72630711], [-70.48190804, 18.72626892], [-70.48186393, 18.72624578], [-70.48175902, 18.72620965], [-70.48164773, 18.72615027], [-70.48150498, 18.72609185], [-70.48138269, 18.72606445]]]]}, "geometry_name": "the_geom", "properties": {"Posicional": "304731715261", "Expediente": "6642023088261-02", "Area": 6928.65, "Municipio": "RANCHO ARRIBA", "Provincia": "San Jos\u00e9 de Ocoa", "Operacion": "Saneamiento", "FechaInsc": "23/10/2023 8:55:42 a.\u00a0m.", "area_calc_m2": 6929, "touches_family_land": false, "owner": null, "owner_source": null, "family": false, "category": "confirmed"}}, {"type": "Feature", "id": "Aprobados.663233", "geometry": {"type": "MultiPolygon", "coordinates": [[[[-70.47087084, 18.68283544], [-70.47092395, 18.68277637], [-70.47097196, 18.68270218], [-70.47096522, 18.68249444], [-70.47093968, 18.6823566], [-70.47097019, 18.6822943], [-70.47126843, 18.68176629], [-70.47129707, 18.6817589], [-70.47135755, 18.68175536], [-70.47152949, 18.68172714], [-70.47231295, 18.681916], [-70.47303467, 18.68114628], [-70.47320428, 18.68072351], [-70.47321609, 18.68060104], [-70.47322001, 18.6804998], [-70.47323448, 18.68037231], [-70.47329559, 18.68035086], [-70.4733798, 18.680343], [-70.47351314, 18.68031226], [-70.47356743, 18.68028508], [-70.47365985, 18.68027045], [-70.47380969, 18.68028456], [-70.47404406, 18.68033659], [-70.47430646, 18.68040348], [-70.47449951, 18.68045757], [-70.47474613, 18.68048273], [-70.4748361, 18.68050661], [-70.47511775, 18.68058558], [-70.4753621, 18.68060233], [-70.47539292, 18.68059694], [-70.47543855, 18.68053638], [-70.47550771, 18.68043291], [-70.47556489, 18.68036164], [-70.47563674, 18.68022484], [-70.47571784, 18.68010588], [-70.47576041, 18.68000716], [-70.47578153, 18.67990142], [-70.47579556, 18.67986603], [-70.4758028, 18.67977249], [-70.47583005, 18.67962737], [-70.47584655, 18.6795233], [-70.47586586, 18.67942325], [-70.47587713, 18.67925399], [-70.47591025, 18.67914303], [-70.47589665, 18.67899954], [-70.47589899, 18.67896612], [-70.47586329, 18.67884637], [-70.47581618, 18.67867628], [-70.47580087, 18.67857173], [-70.47580601, 18.67855003], [-70.47579456, 18.67849023], [-70.47574276, 18.67837146], [-70.47566682, 18.67825802], [-70.47666878, 18.6788389], [-70.47675143, 18.67891865], [-70.47698314, 18.679094], [-70.47734362, 18.67917805], [-70.47746431, 18.67920851], [-70.4778225, 18.67937606], [-70.47798887, 18.67956231], [-70.47829731, 18.67963863], [-70.47854295, 18.67961812], [-70.47890766, 18.67982111], [-70.47916158, 18.68011052], [-70.47916509, 18.68058937], [-70.4789954, 18.68073342], [-70.47905669, 18.6810485], [-70.47930215, 18.6812809], [-70.4796368, 18.6813682], [-70.47979843, 18.6813029], [-70.48009446, 18.68232122], [-70.48020077, 18.68247529], [-70.4805602, 18.68282069], [-70.48074836, 18.68300538], [-70.48100699, 18.68319267], [-70.48107269, 18.68346819], [-70.48124845, 18.68357646], [-70.48128126, 18.6837866], [-70.48119629, 18.68387581], [-70.48124711, 18.6839818], [-70.48126955, 18.68406603], [-70.48154305, 18.68452349], [-70.48153582, 18.68463333], [-70.48160005, 18.68473635], [-70.48155857, 18.68477085], [-70.48147234, 18.68479269], [-70.48141572, 18.6848297], [-70.48136837, 18.68485807], [-70.48126759, 18.68488364], [-70.48112878, 18.68491099], [-70.48100041, 18.68493966], [-70.48094024, 18.68496264], [-70.48088301, 18.6849653], [-70.48075079, 18.68495744], [-70.48067064, 18.68495387], [-70.4805679, 18.68495731], [-70.4804345, 18.68495479], [-70.48022812, 18.68498834], [-70.48013637, 18.68500714], [-70.47997441, 18.68503544], [-70.47980339, 18.68508286], [-70.47960065, 18.68507479], [-70.47941291, 18.68508207], [-70.47899093, 18.68516046], [-70.47880838, 18.68498602], [-70.47874557, 18.6849547], [-70.47862362, 18.68489958], [-70.47856026, 18.68488462], [-70.47843154, 18.68483519], [-70.47838752, 18.68483249], [-70.4783252, 18.68478909], [-70.47800082, 18.6846268], [-70.47791276, 18.68462062], [-70.47774359, 18.68444308], [-70.47769885, 18.68438277], [-70.47752503, 18.68431787], [-70.47737297, 18.68426665], [-70.47705121, 18.68417657], [-70.47694652, 18.68405821], [-70.47681536, 18.6838281], [-70.47680377, 18.6837984], [-70.47683753, 18.68358787], [-70.47688284, 18.68347842], [-70.47680755, 18.68348248], [-70.47648281, 18.68355773], [-70.47627766, 18.68358363], [-70.47610257, 18.68357053], [-70.47588549, 18.68368342], [-70.4757296, 18.68378142], [-70.47542999, 18.68421826], [-70.47521427, 18.68441956], [-70.47502371, 18.68474552], [-70.47463223, 18.68504937], [-70.47441541, 18.68519031], [-70.47419818, 18.68529283], [-70.47407627, 18.68530663], [-70.47387074, 18.68530039], [-70.47376594, 18.68530549], [-70.47366551, 18.68535377], [-70.47359581, 18.68536306], [-70.47342823, 18.6853026], [-70.47341341, 18.68533188], [-70.47324421, 18.68524195], [-70.4731159, 18.68517501], [-70.47302635, 18.68506722], [-70.47294814, 18.68494493], [-70.47285582, 18.68466127], [-70.47262573, 18.68429175], [-70.47261433, 18.68426675], [-70.47247948, 18.68416897], [-70.47236459, 18.68407978], [-70.47219969, 18.68406266], [-70.47214593, 18.6840029], [-70.47198547, 18.68379114], [-70.47178743, 18.68358878], [-70.47163665, 18.68339455], [-70.4715702, 18.68329968], [-70.47147973, 18.68321859], [-70.47132985, 18.68312316], [-70.47110139, 18.6829549], [-70.47095976, 18.6828669], [-70.47087084, 18.68283544]]]]}, "geometry_name": "the_geom", "properties": {"Posicional": "304646331313", "Expediente": "6642025036021-04", "Area": 460166.06, "Municipio": "RANCHO ARRIBA", "Provincia": "San Jos\u00e9 de Ocoa", "Operacion": "Subdivisi\u00f3n", "FechaInsc": "25/9/2025 3:17:33 p.\u00a0m.", "area_calc_m2": 460165, "touches_family_land": false, "owner": null, "owner_source": null, "family": false, "category": "confirmed"}}, {"type": "Feature", "id": "Aprobados.419942", "geometry": {"type": "MultiPolygon", "coordinates": [[[[-70.47366551, 18.68535377], [-70.47376594, 18.68530549], [-70.47387073, 18.68530039], [-70.47407627, 18.68530662], [-70.47419818, 18.68529283], [-70.47441541, 18.68519031], [-70.47463223, 18.68504937], [-70.47502371, 18.68474552], [-70.47521427, 18.68441956], [-70.47542998, 18.68421826], [-70.47572961, 18.68378142], [-70.47588549, 18.68368341], [-70.47610257, 18.68357052], [-70.47627766, 18.68358364], [-70.47648281, 18.68355773], [-70.47680756, 18.68348249], [-70.47688285, 18.68347842], [-70.47683754, 18.68358786], [-70.47680377, 18.6837984], [-70.47681536, 18.6838281], [-70.47694652, 18.68405822], [-70.4770512, 18.68417657], [-70.47737296, 18.68426665], [-70.47752503, 18.68431787], [-70.47769884, 18.68438277], [-70.47774359, 18.68444308], [-70.47791276, 18.68462061], [-70.47800082, 18.68462679], [-70.4783252, 18.68478909], [-70.47838751, 18.68483249], [-70.47843155, 18.68483519], [-70.47856026, 18.68488462], [-70.47862362, 18.68489958], [-70.47874557, 18.68495471], [-70.47880838, 18.68498602], [-70.47899093, 18.68516046], [-70.47884969, 18.68520533], [-70.4787241, 18.68542632], [-70.47854811, 18.68570523], [-70.47842718, 18.685837], [-70.47833225, 18.68594771], [-70.47826567, 18.68592801], [-70.47823144, 18.68592081], [-70.47811628, 18.68596598], [-70.47804991, 18.68597261], [-70.4779479, 18.6859853], [-70.47783173, 18.68597027], [-70.4778014, 18.68595031], [-70.47779997, 18.68593776], [-70.47780701, 18.68589851], [-70.47780185, 18.68582739], [-70.47777337, 18.68581575], [-70.4777479, 18.68580885], [-70.47771899, 18.68582946], [-70.47769295, 18.68587418], [-70.47767401, 18.68590164], [-70.47757566, 18.68598137], [-70.47749553, 18.68602447], [-70.47743314, 18.68607065], [-70.4773792, 18.68612141], [-70.47732713, 18.68614663], [-70.47728377, 18.68616371], [-70.47724187, 18.6861806], [-70.47718846, 18.686187], [-70.47713121, 18.68619863], [-70.47710101, 18.68622774], [-70.47709427, 18.68626003], [-70.47708628, 18.68630892], [-70.47705847, 18.68633339], [-70.47703773, 18.68635297], [-70.47699722, 18.68635467], [-70.47696398, 18.68634594], [-70.47693581, 18.68633198], [-70.47691876, 18.68631535], [-70.47689077, 18.6862918], [-70.4768407, 18.68627707], [-70.4768014, 18.68627446], [-70.4767178, 18.68627588], [-70.47666191, 18.6862773], [-70.4764421, 18.68629895], [-70.47638226, 18.686319], [-70.47624812, 18.68632897], [-70.47615695, 18.68633318], [-70.47605361, 18.68632117], [-70.47603894, 18.68630365], [-70.47603831, 18.68629365], [-70.47604388, 18.68627296], [-70.47605504, 18.68625], [-70.47608124, 18.6862191], [-70.47610322, 18.68619244], [-70.47613036, 18.68615618], [-70.47613986, 18.68611392], [-70.47612072, 18.68608176], [-70.47609235, 18.68606705], [-70.47607329, 18.68606183], [-70.47605203, 18.6860586], [-70.4760173, 18.68605601], [-70.47599439, 18.68606024], [-70.47597517, 18.68606747], [-70.47595178, 18.68607385], [-70.47591688, 18.68608685], [-70.47581509, 18.68606315], [-70.47579106, 18.68605124], [-70.47574825, 18.68604582], [-70.47567324, 18.68603815], [-70.47546482, 18.68600302], [-70.47533478, 18.6859789], [-70.47521865, 18.68597156], [-70.47507373, 18.68597163], [-70.47502294, 18.68596372], [-70.47489814, 18.6859293], [-70.47486277, 18.68591393], [-70.47483954, 18.68591052], [-70.47457844, 18.6858854], [-70.47442259, 18.68580684], [-70.4742185, 18.68573283], [-70.47407878, 18.68568397], [-70.47393793, 18.68559129], [-70.47385934, 18.68555704], [-70.47379137, 18.6855341], [-70.47372264, 18.68552557], [-70.47365518, 18.68555305], [-70.47362456, 18.68557453], [-70.47358046, 18.68561234], [-70.47353297, 18.68562047], [-70.47341684, 18.68556756], [-70.47340001, 18.68554871], [-70.47340888, 18.685504], [-70.47344868, 18.685382], [-70.47343632, 18.68535051], [-70.47341341, 18.68533188], [-70.47342823, 18.6853026], [-70.47359581, 18.68536306], [-70.47366551, 18.68535377]]]]}, "geometry_name": "the_geom", "properties": {"Posicional": "304646360219", "Expediente": "6642023014800-03", "Area": 92487.88, "Municipio": "RANCHO ARRIBA", "Provincia": "San Jos\u00e9 de Ocoa", "Operacion": "Deslinde", "FechaInsc": "12/6/2023 9:01:03 p.\u00a0m.", "area_calc_m2": 92488, "touches_family_land": false, "owner": null, "owner_source": null, "family": false, "category": "confirmed"}}, {"type": "Feature", "id": "Aprobados.419941", "geometry": {"type": "MultiPolygon", "coordinates": [[[[-70.47790098, 18.68623082], [-70.47706524, 18.68685339], [-70.47689384, 18.68693186], [-70.47672317, 18.68693498], [-70.47662305, 18.68694816], [-70.47653057, 18.68695483], [-70.47632699, 18.68699775], [-70.47626678, 18.68699406], [-70.47618009, 18.68699401], [-70.47599084, 18.68706576], [-70.47595526, 18.68728403], [-70.47584226, 18.68730498], [-70.47571784, 18.68732284], [-70.47565956, 18.68738944], [-70.47551078, 18.68739607], [-70.47528569, 18.68753651], [-70.47522426, 18.68751483], [-70.47516031, 18.68750428], [-70.47511599, 18.68754147], [-70.47502452, 18.68760271], [-70.47444845, 18.68768428], [-70.474332, 18.68770888], [-70.47426727, 18.68770508], [-70.47421996, 18.68773018], [-70.47406936, 18.68783223], [-70.47401837, 18.6878386], [-70.4733899, 18.68767243], [-70.4732787, 18.68728739], [-70.47293813, 18.68672159], [-70.47270287, 18.68657239], [-70.47245293, 18.68672705], [-70.47246359, 18.6866886], [-70.47247574, 18.68662695], [-70.47249974, 18.68654491], [-70.47253476, 18.68648672], [-70.4725593, 18.68643246], [-70.4726074, 18.68640652], [-70.47263798, 18.68638407], [-70.47268117, 18.68634452], [-70.47270453, 18.68630851], [-70.47270689, 18.68630461], [-70.47275274, 18.68622205], [-70.47280493, 18.68612309], [-70.47284622, 18.68605678], [-70.47288042, 18.68600449], [-70.47291791, 18.68593983], [-70.47291148, 18.68582111], [-70.47289823, 18.6857688], [-70.4728981, 18.68569128], [-70.47291253, 18.68561012], [-70.47292631, 18.68552856], [-70.47295486, 18.68549804], [-70.47338574, 18.6853627], [-70.47339875, 18.68538374], [-70.47336279, 18.68549311], [-70.47334922, 18.68556154], [-70.47338727, 18.68560417], [-70.47352631, 18.68566751], [-70.47360212, 18.68565453], [-70.47365453, 18.6856096], [-70.47367886, 18.68559254], [-70.47372937, 18.68557196], [-70.47378028, 18.68557828], [-70.47384154, 18.68559895], [-70.47391442, 18.68563072], [-70.47405427, 18.68572274], [-70.4742018, 18.68577511], [-70.474403, 18.68584807], [-70.47456446, 18.68592947], [-70.47483354, 18.68595535], [-70.47484907, 18.68595763], [-70.47488163, 18.68597177], [-70.47501249, 18.68600787], [-70.4750699, 18.68601681], [-70.47521709, 18.68601674], [-70.47532866, 18.68602379], [-70.47545616, 18.68604743], [-70.47566657, 18.68608291], [-70.47577657, 18.68609498], [-70.47579829, 18.68610574], [-70.47592018, 18.68613412], [-70.47596697, 18.68611669], [-70.47600771, 18.6861038], [-70.47602001, 18.68610153], [-70.47604644, 18.6861035], [-70.47607427, 18.6861091], [-70.47608617, 18.68611527], [-70.47608973, 18.68612126], [-70.47608606, 18.68613756], [-70.47606526, 18.68616535], [-70.47604416, 18.68619095], [-70.47601449, 18.68622595], [-70.47599905, 18.68625772], [-70.47599054, 18.68628928], [-70.47599253, 18.68632065], [-70.47602864, 18.68636378], [-70.47615521, 18.68637849], [-70.47625111, 18.68637406], [-70.47639213, 18.68636358], [-70.47645255, 18.68634334], [-70.47666498, 18.68632241], [-70.47671885, 18.68632105], [-70.47680017, 18.68631967], [-70.47683195, 18.68632178], [-70.47686704, 18.6863321], [-70.47688608, 18.68634811], [-70.4769072, 18.68636872], [-70.47694655, 18.68638822], [-70.47699183, 18.68640012], [-70.4770581, 18.68639734], [-70.47709124, 18.68636604], [-70.47713058, 18.68633143], [-70.47714096, 18.68626791], [-70.47714473, 18.68624985], [-70.47715496, 18.68623999], [-70.47719637, 18.68623158], [-70.47725429, 18.68622464], [-70.47730206, 18.68620539], [-70.47734695, 18.68618771], [-70.47740726, 18.6861585], [-70.47746445, 18.68610468], [-70.47752186, 18.68606219], [-70.47760292, 18.68601859], [-70.47770989, 18.68593186], [-70.47773353, 18.68589758], [-70.47775551, 18.68585984], [-70.47775663, 18.68585904], [-70.47775933, 18.68589623], [-70.47775212, 18.68593638], [-70.47775663, 18.68597575], [-70.47781412, 18.68601359], [-70.47794777, 18.68603087], [-70.47806183, 18.68601684], [-70.47790098, 18.68623082]]]]}, "geometry_name": "the_geom", "properties": {"Posicional": "304646478957", "Expediente": "6642023014800-03", "Area": 75348.13, "Municipio": "RANCHO ARRIBA", "Provincia": "San Jos\u00e9 de Ocoa", "Operacion": "Deslinde", "FechaInsc": "12/6/2023 9:01:03 p.\u00a0m.", "area_calc_m2": 75347, "touches_family_land": false, "owner": null, "owner_source": null, "family": false, "category": "confirmed"}}, {"type": "Feature", "id": "Aprobados.637013", "geometry": {"type": "MultiPolygon", "coordinates": [[[[-70.47128467, 18.69977942], [-70.4715312, 18.69945182], [-70.47181053, 18.6992368], [-70.4719401, 18.69917809], [-70.47211648, 18.69915408], [-70.47225168, 18.69918381], [-70.47250193, 18.69928225], [-70.47364614, 18.69960181], [-70.47262316, 18.70150713], [-70.4751395, 18.70508729], [-70.47663357, 18.70448636], [-70.4767032, 18.70459933], [-70.47676323, 18.70467596], [-70.47690209, 18.70485001], [-70.47729474, 18.70536369], [-70.47742148, 18.7059259], [-70.47762841, 18.70662663], [-70.47547719, 18.70829707], [-70.47505023, 18.70850352], [-70.47443917, 18.70904621], [-70.47274367, 18.70896595], [-70.47237653, 18.70882113], [-70.47235278, 18.7086465], [-70.47242613, 18.70852969], [-70.47244264, 18.7083646], [-70.47246845, 18.7082703], [-70.47259303, 18.7080711], [-70.47262865, 18.70770616], [-70.47254334, 18.70733759], [-70.47278824, 18.7067492], [-70.47323567, 18.70645873], [-70.47363189, 18.70614801], [-70.4738143, 18.70594055], [-70.4736403, 18.70564364], [-70.47367313, 18.70542093], [-70.47371359, 18.70444609], [-70.47343027, 18.70364976], [-70.47327492, 18.70332649], [-70.47319982, 18.70328325], [-70.47310861, 18.70322428], [-70.47295505, 18.70317219], [-70.47232675, 18.70284917], [-70.47221435, 18.70280708], [-70.47030473, 18.70274447], [-70.47020657, 18.70268062], [-70.47003608, 18.70249697], [-70.46986559, 18.70231332], [-70.46948209, 18.70214395], [-70.46923889, 18.70204932], [-70.4692221, 18.70203563], [-70.46921516, 18.70201344], [-70.46924673, 18.70187354], [-70.46929604, 18.70163032], [-70.46932098, 18.70148551], [-70.46933416, 18.70142775], [-70.46935757, 18.70131914], [-70.46943025, 18.70105804], [-70.46944559, 18.70097683], [-70.4695318, 18.70085695], [-70.4696259, 18.70076816], [-70.46986954, 18.70062163], [-70.47019444, 18.70051262], [-70.47073203, 18.70024719], [-70.47118115, 18.69987472], [-70.47127559, 18.69995158], [-70.47138236, 18.69985175], [-70.47128467, 18.69977942]]]]}, "geometry_name": "the_geom", "properties": {"Posicional": "304648662448", "Expediente": "6642024070887-08", "Area": 320384.11, "Municipio": "RANCHO ARRIBA", "Provincia": "San Jos\u00e9 de Ocoa", "Operacion": "Subdivisi\u00f3n", "FechaInsc": "7/8/2025 9:45:23 a.\u00a0m.", "area_calc_m2": 320387, "touches_family_land": false, "owner": null, "owner_source": null, "family": false, "category": "confirmed"}}, {"type": "Feature", "id": "Aprobados.637012", "geometry": {"type": "MultiPolygon", "coordinates": [[[[-70.47663357, 18.70448636], [-70.4751395, 18.70508729], [-70.47262316, 18.70150713], [-70.47364614, 18.69960181], [-70.4737778, 18.69965435], [-70.47389126, 18.69972956], [-70.47411638, 18.69994418], [-70.47432985, 18.70020263], [-70.47472899, 18.70061075], [-70.47496746, 18.70081661], [-70.4753163, 18.70111577], [-70.47557388, 18.70118319], [-70.47576829, 18.7011955], [-70.4758424, 18.70123851], [-70.47596226, 18.70136721], [-70.47605091, 18.70150833], [-70.47614009, 18.70169672], [-70.47628792, 18.70204548], [-70.47642688, 18.70224043], [-70.47663357, 18.70448636]]]]}, "geometry_name": "the_geom", "properties": {"Posicional": "304648459413", "Expediente": "6642024070887-08", "Area": 140114.35, "Municipio": "RANCHO ARRIBA", "Provincia": "San Jos\u00e9 de Ocoa", "Operacion": "Subdivisi\u00f3n", "FechaInsc": "7/8/2025 9:45:23 a.\u00a0m.", "area_calc_m2": 140113, "touches_family_land": false, "owner": null, "owner_source": null, "family": false, "category": "confirmed"}}, {"type": "Feature", "id": "Aprobados.450480", "geometry": {"type": "MultiPolygon", "coordinates": [[[[-70.47588828, 18.71286382], [-70.47626805, 18.71367838], [-70.47608885, 18.71394873], [-70.4760099, 18.71399896], [-70.475581, 18.71416655], [-70.47520234, 18.71424553], [-70.47501732, 18.71440382], [-70.47474808, 18.71364166], [-70.47488549, 18.71350768], [-70.47532438, 18.7130481], [-70.47588828, 18.71286382]]]]}, "geometry_name": "the_geom", "properties": {"Posicional": "304649472853", "Expediente": "6642023059332-03", "Area": 16167.58, "Municipio": "RANCHO ARRIBA", "Provincia": "San Jos\u00e9 de Ocoa", "Operacion": "Saneamiento", "FechaInsc": "5/10/2023 10:59:45 a.\u00a0m.", "area_calc_m2": 16168, "touches_family_land": false, "owner": null, "owner_source": null, "family": false, "category": "confirmed"}}, {"type": "Feature", "id": "Aprobados.637011", "geometry": {"type": "MultiPolygon", "coordinates": [[[[-70.47408318, 18.69979316], [-70.4754956, 18.70078915], [-70.47572238, 18.70112709], [-70.47564798, 18.70110708], [-70.4755246, 18.70108791], [-70.47519391, 18.70089709], [-70.47482579, 18.7005628], [-70.47454, 18.70028254], [-70.47420664, 18.69994159], [-70.47408318, 18.69979316]]]]}, "geometry_name": "the_geom", "properties": {"Posicional": "304648436440", "Expediente": "6642024070887-08", "Area": 3837.03, "Municipio": "RANCHO ARRIBA", "Provincia": "San Jos\u00e9 de Ocoa", "Operacion": "Subdivisi\u00f3n", "FechaInsc": "7/8/2025 9:45:23 a.\u00a0m.", "area_calc_m2": 3837, "touches_family_land": false, "owner": null, "owner_source": null, "family": false, "category": "confirmed"}}, {"type": "Feature", "id": "Aprobados.689757", "geometry": {"type": "MultiPolygon", "coordinates": [[[[-70.47405288, 18.71446695], [-70.47404162, 18.71447029], [-70.47392309, 18.71448089], [-70.47379301, 18.71449456], [-70.47376769, 18.71451572], [-70.47376024, 18.71452156], [-70.47362867, 18.7145591], [-70.47351289, 18.71458161], [-70.47343765, 18.71459819], [-70.47341033, 18.71459769], [-70.47338196, 18.71456321], [-70.47337833, 18.71450541], [-70.47338044, 18.71448624], [-70.4734216, 18.71442068], [-70.47346775, 18.71432924], [-70.47349326, 18.71429732], [-70.47351213, 18.71428579], [-70.47364196, 18.71425432], [-70.47370405, 18.71428464], [-70.47380997, 18.71433965], [-70.4738383, 18.71433653], [-70.47385012, 18.71433364], [-70.47387664, 18.71431807], [-70.47389539, 18.71428278], [-70.47394621, 18.71416175], [-70.47404452, 18.71442174], [-70.47405288, 18.71446695]]]]}, "geometry_name": "the_geom", "properties": {"Posicional": "304649681679", "Expediente": "6642025088828-05", "Area": 1763.98, "Municipio": "RANCHO ARRIBA", "Provincia": "San Jos\u00e9 de Ocoa", "Operacion": "Saneamiento", "FechaInsc": "24/3/2026 8:49:45 a.\u00a0m.", "area_calc_m2": 1764, "touches_family_land": false, "owner": null, "owner_source": null, "family": false, "category": "confirmed"}}, {"type": "Feature", "id": "Aprobados.663232", "geometry": {"type": "MultiPolygon", "coordinates": [[[[-70.4708595, 18.68287703], [-70.47087465, 18.68287766], [-70.47093082, 18.68290478], [-70.47107225, 18.68300166], [-70.47119056, 18.68309352], [-70.47140658, 18.68323459], [-70.47152207, 18.68333074], [-70.47160245, 18.68341874], [-70.47175194, 18.68362175], [-70.47193651, 18.68382096], [-70.47206075, 18.6840044], [-70.47214772, 18.68410095], [-70.47221109, 18.68410926], [-70.47230903, 18.68413589], [-70.47239932, 18.68420708], [-70.47255273, 18.68430321], [-70.4726495, 18.68443401], [-70.4728153, 18.68469006], [-70.47290473, 18.68496742], [-70.47297391, 18.6851067], [-70.47305678, 18.68521188], [-70.47311278, 18.68524809], [-70.47329711, 18.68531311], [-70.47338574, 18.6853627], [-70.47295486, 18.68549804], [-70.47292631, 18.68552856], [-70.47291253, 18.68561012], [-70.4728981, 18.68569128], [-70.47289823, 18.6857688], [-70.47291148, 18.68582111], [-70.47291791, 18.68593983], [-70.47288042, 18.68600449], [-70.47284622, 18.68605678], [-70.47280493, 18.68612309], [-70.47275274, 18.68622205], [-70.47270689, 18.68630461], [-70.47268117, 18.68634452], [-70.47263798, 18.68638407], [-70.4726074, 18.68640652], [-70.4725593, 18.68643246], [-70.47253476, 18.68648672], [-70.47249974, 18.68654491], [-70.47247574, 18.68662695], [-70.47246359, 18.6866886], [-70.47245293, 18.68672705], [-70.47236862, 18.68674991], [-70.47226977, 18.68676814], [-70.47219695, 18.68680733], [-70.47207303, 18.68679322], [-70.47202456, 18.6867479], [-70.47195757, 18.6866975], [-70.4718648, 18.68665108], [-70.47177031, 18.68668171], [-70.47167804, 18.68666483], [-70.47164316, 18.6866879], [-70.47155287, 18.68666172], [-70.4714588, 18.68654254], [-70.47135645, 18.68652508], [-70.47129371, 18.68648311], [-70.47125696, 18.68644254], [-70.47126167, 18.6863771], [-70.47128885, 18.68632673], [-70.47126332, 18.6862664], [-70.47122735, 18.6862078], [-70.47119908, 18.68614625], [-70.47114855, 18.6860563], [-70.47110235, 18.68597305], [-70.471053, 18.68585504], [-70.47103847, 18.6857391], [-70.47101856, 18.68561593], [-70.4710118, 18.68553279], [-70.4709821, 18.68546234], [-70.47091241, 18.68537722], [-70.47084635, 18.68534437], [-70.4707728, 18.68534453], [-70.47072851, 18.68534511], [-70.47065049, 18.68531423], [-70.47055999, 18.68526692], [-70.47045288, 18.68518673], [-70.47039239, 18.68511552], [-70.47037039, 18.68506502], [-70.47036728, 18.68497783], [-70.47031545, 18.68489688], [-70.47025622, 18.68485736], [-70.47025397, 18.68484715], [-70.47012922, 18.68480918], [-70.46991553, 18.68473294], [-70.46981983, 18.68468986], [-70.46988087, 18.68465186], [-70.46995188, 18.68460655], [-70.46998724, 18.68457951], [-70.47011542, 18.68446912], [-70.47024817, 18.68437562], [-70.47038168, 18.68426973], [-70.47054024, 18.68417703], [-70.47086169, 18.68395172], [-70.47087203, 18.6839395], [-70.47110622, 18.68362898], [-70.47114473, 18.68354615], [-70.47091206, 18.68334715], [-70.47071316, 18.68315731], [-70.47067713, 18.68311262], [-70.47081256, 18.68294092], [-70.4708595, 18.68287703]]]]}, "geometry_name": "the_geom", "properties": {"Posicional": "304646860135", "Expediente": "6642025036021-04", "Area": 72829.81, "Municipio": "RANCHO ARRIBA", "Provincia": "San Jos\u00e9 de Ocoa", "Operacion": "Subdivisi\u00f3n", "FechaInsc": "25/9/2025 3:17:33 p.\u00a0m.", "area_calc_m2": 72830, "touches_family_land": false, "owner": null, "owner_source": null, "family": false, "category": "confirmed"}}, {"type": "Feature", "id": "Aprobados.9433", "geometry": {"type": "MultiPolygon", "coordinates": [[[[-70.46935355, 18.66275204], [-70.46931937, 18.66282315], [-70.46927268, 18.66306955], [-70.46926391, 18.66321817], [-70.46927618, 18.66330093], [-70.46928552, 18.66333908], [-70.46929703, 18.66337675], [-70.46930704, 18.66340496], [-70.46934868, 18.66346336], [-70.46938368, 18.66349878], [-70.4695669, 18.66361707], [-70.46983528, 18.66376062], [-70.47005953, 18.66386576], [-70.470187, 18.6639281], [-70.47037238, 18.66402089], [-70.47051391, 18.66409749], [-70.47061292, 18.66416819], [-70.47070809, 18.66425518], [-70.47079645, 18.66436707], [-70.47085239, 18.66446647], [-70.47088463, 18.66454456], [-70.47091329, 18.66464707], [-70.47097901, 18.6651886], [-70.47101152, 18.66554038], [-70.47099055, 18.66595519], [-70.47089627, 18.66618073], [-70.47080949, 18.66625252], [-70.4705542, 18.66630864], [-70.47038734, 18.66631853], [-70.47011806, 18.66637883], [-70.47008566, 18.66639147], [-70.46975612, 18.66626935], [-70.4696122, 18.66617976], [-70.46927262, 18.66588081], [-70.4689316, 18.66550353], [-70.46857211, 18.66517238], [-70.46795973, 18.66500956], [-70.46728453, 18.66508134], [-70.46695029, 18.66423514], [-70.46615039, 18.66292309], [-70.4656703, 18.66190427], [-70.4653939, 18.66109033], [-70.46550797, 18.65893082], [-70.4666095, 18.6584128], [-70.46740034, 18.65783539], [-70.46778588, 18.65775846], [-70.46813607, 18.65782729], [-70.46836197, 18.65791597], [-70.46853452, 18.65820467], [-70.46864579, 18.65860959], [-70.4688038, 18.65910414], [-70.46878787, 18.65956571], [-70.46843788, 18.66013869], [-70.46815501, 18.66046925], [-70.46824633, 18.66106805], [-70.46822301, 18.66139903], [-70.46827232, 18.66189633], [-70.46852985, 18.6623882], [-70.46935355, 18.66275204]]]]}, "geometry_name": "the_geom", "properties": {"Posicional": "304654108764", "Expediente": "663201513545", "Area": 274603.6831665, "Municipio": "RANCHO ARRIBA", "Provincia": "SAN JOS\u00c9 DE OCOA", "Operacion": "Deslinde", "FechaInsc": "7/10/2016 2:13:06 p.\u00a0m.", "area_calc_m2": 274604, "touches_family_land": false, "owner": null, "owner_source": null, "family": false, "category": "confirmed"}}, {"type": "Feature", "id": "Aprobados.58055", "geometry": {"type": "MultiPolygon", "coordinates": [[[[-70.46840439, 18.70804335], [-70.46834502, 18.70798635], [-70.4682798, 18.70788982], [-70.46823501, 18.70772129], [-70.46820175, 18.70754744], [-70.46822656, 18.70745644], [-70.46836391, 18.70738479], [-70.46840591, 18.70732898], [-70.46843763, 18.70724669], [-70.46846058, 18.70715878], [-70.46851898, 18.70695963], [-70.46857231, 18.70677841], [-70.46862001, 18.7067231], [-70.46874013, 18.70663279], [-70.46879476, 18.70655782], [-70.46883248, 18.70645651], [-70.468862, 18.70632806], [-70.46891408, 18.70628754], [-70.46903734, 18.70623118], [-70.46916918, 18.70618099], [-70.46929836, 18.7060861], [-70.46926093, 18.70625355], [-70.46923998, 18.70640814], [-70.46923261, 18.70654228], [-70.46922225, 18.70668196], [-70.46921212, 18.7068492], [-70.46916739, 18.70688533], [-70.46910204, 18.70692705], [-70.46892612, 18.70703351], [-70.46884406, 18.70707283], [-70.46877756, 18.70712485], [-70.46869774, 18.70725965], [-70.46863092, 18.70739445], [-70.46855718, 18.70752966], [-70.46852533, 18.70758638], [-70.46845844, 18.70771286], [-70.46843242, 18.70786269], [-70.46840755, 18.70796923], [-70.46840439, 18.70804335]]]]}, "geometry_name": "the_geom", "properties": {"Posicional": "304659103400", "Expediente": "663201708336", "Area": 7648.93, "Municipio": "RANCHO ARRIBA", "Provincia": "SAN JOS\u00c9 DE OCOA", "Operacion": "Actualizaci\u00f3n de mensuras", "FechaInsc": "2/11/2017 11:51:36 a.\u00a0m.", "area_calc_m2": 7649, "touches_family_land": false, "owner": null, "owner_source": null, "family": false, "category": "confirmed"}}, {"type": "Feature", "id": "Aprobados.73745", "geometry": {"type": "MultiPolygon", "coordinates": [[[[-70.46840439, 18.70804335], [-70.46835644, 18.70790413], [-70.46834975, 18.70788647], [-70.46833874, 18.70784111], [-70.46838695, 18.70785708], [-70.46843403, 18.70773058], [-70.46834386, 18.70769894], [-70.46829642, 18.70782707], [-70.46831333, 18.70789669], [-70.46832051, 18.70791588], [-70.46834597, 18.70798734], [-70.46834502, 18.70798635], [-70.4682798, 18.70788982], [-70.46823501, 18.70772129], [-70.46820175, 18.70754744], [-70.46822656, 18.70745644], [-70.46836391, 18.70738479], [-70.46840591, 18.70732898], [-70.46843763, 18.70724669], [-70.46846058, 18.70715878], [-70.46851898, 18.70695963], [-70.46857231, 18.70677841], [-70.46862001, 18.7067231], [-70.46874013, 18.70663279], [-70.46879476, 18.70655782], [-70.46883248, 18.70645651], [-70.468862, 18.70632806], [-70.46891408, 18.70628754], [-70.46903734, 18.70623118], [-70.46916918, 18.70618099], [-70.46929836, 18.7060861], [-70.46926093, 18.70625355], [-70.46923998, 18.70640814], [-70.46923261, 18.70654228], [-70.46922225, 18.70668196], [-70.46921212, 18.7068492], [-70.46916739, 18.70688533], [-70.46910204, 18.70692705], [-70.46892612, 18.70703351], [-70.46884406, 18.70707283], [-70.46877756, 18.70712485], [-70.46869774, 18.70725965], [-70.46863092, 18.70739445], [-70.46855718, 18.70752966], [-70.46852533, 18.70758638], [-70.46845844, 18.70771286], [-70.46843242, 18.70786269], [-70.46840755, 18.70796923], [-70.46840439, 18.70804335]]]]}, "geometry_name": "the_geom", "properties": {"Posicional": "304659102397", "Expediente": "6642018008762-02", "Area": 7414.37512207, "Municipio": "RANCHO ARRIBA", "Provincia": "San Jos\u00e9 de Ocoa", "Operacion": "Subdivisi\u00f3n", "FechaInsc": "10/4/2018 3:47:47 p.\u00a0m.", "area_calc_m2": 7414, "touches_family_land": false, "owner": null, "owner_source": null, "family": false, "category": "confirmed"}}, {"type": "Feature", "id": "Aprobados.477984", "geometry": {"type": "MultiPolygon", "coordinates": [[[[-70.46840437, 18.70804337], [-70.46835641, 18.7079041], [-70.46834977, 18.70788645], [-70.46833876, 18.7078411], [-70.46838694, 18.70785708], [-70.46843403, 18.70773054], [-70.46834383, 18.70769891], [-70.46831733, 18.70777055], [-70.46825247, 18.70778696], [-70.46823504, 18.70772131], [-70.46820176, 18.7075474], [-70.46822659, 18.70745647], [-70.46836388, 18.70738483], [-70.46840595, 18.70732898], [-70.46843766, 18.70724673], [-70.46846056, 18.70715874], [-70.46851902, 18.70695958], [-70.4685723, 18.70677843], [-70.46861998, 18.70672309], [-70.46874016, 18.7066328], [-70.46879478, 18.70655785], [-70.46883248, 18.70645653], [-70.46886196, 18.70632803], [-70.46891406, 18.70628754], [-70.46903734, 18.70623115], [-70.46916915, 18.70618103], [-70.46929836, 18.70608606], [-70.4692609, 18.70625355], [-70.46924002, 18.7064081], [-70.4692326, 18.70654227], [-70.46922227, 18.70668198], [-70.46921213, 18.70684922], [-70.46916739, 18.70688534], [-70.46910206, 18.70692707], [-70.46892611, 18.70703354], [-70.46884404, 18.7070728], [-70.46877752, 18.70712489], [-70.46869776, 18.70725962], [-70.46863094, 18.70739446], [-70.46855722, 18.70752968], [-70.46852531, 18.7075864], [-70.46845848, 18.70771288], [-70.46843247, 18.70786265], [-70.46840753, 18.70796923], [-70.46840437, 18.70804337]]]]}, "geometry_name": "the_geom", "properties": {"Posicional": "304659102386", "Expediente": "6642023098605-03", "Area": 7345.42, "Municipio": "RANCHO ARRIBA", "Provincia": "San Jos\u00e9 de Ocoa", "Operacion": "Subdivisi\u00f3n", "FechaInsc": "11/1/2024 6:20:17 p.\u00a0m.", "area_calc_m2": 7345, "touches_family_land": false, "owner": null, "owner_source": null, "family": false, "category": "confirmed"}}, {"type": "Feature", "id": "Aprobados.403331", "geometry": {"type": "MultiPolygon", "coordinates": [[[[-70.46909586, 18.71588706], [-70.46906434, 18.71588279], [-70.4689547, 18.71586955], [-70.46895825, 18.71584061], [-70.46902066, 18.71574371], [-70.46904066, 18.71563332], [-70.4689924, 18.71563325], [-70.46899493, 18.7156194], [-70.46900214, 18.71549827], [-70.46902237, 18.71542556], [-70.46920223, 18.71544402], [-70.46917666, 18.71556891], [-70.46915821, 18.71566113], [-70.46911701, 18.71581018], [-70.46909586, 18.71588706]]]]}, "geometry_name": "the_geom", "properties": {"Posicional": "304750100051", "Expediente": "6642022116881-05", "Area": 789.77, "Municipio": "RANCHO ARRIBA", "Provincia": "San Jos\u00e9 de Ocoa", "Operacion": "Saneamiento", "FechaInsc": "18/4/2023 2:23:12 p.\u00a0m.", "area_calc_m2": 790, "touches_family_land": false, "owner": null, "owner_source": null, "family": false, "category": "confirmed"}}, {"type": "Feature", "id": "Aprobados.122818", "geometry": {"type": "MultiPolygon", "coordinates": [[[[-70.46448658, 18.70841636], [-70.46449489, 18.70826884], [-70.46441774, 18.70772197], [-70.46437242, 18.70758002], [-70.46434596, 18.70734747], [-70.46428669, 18.70703846], [-70.46420735, 18.70675455], [-70.46438346, 18.70618456], [-70.46444819, 18.70605973], [-70.46447254, 18.70592554], [-70.46452972, 18.7059475], [-70.46468812, 18.70599713], [-70.46474334, 18.70602308], [-70.46486469, 18.7060094], [-70.46497829, 18.70597652], [-70.46512151, 18.70592634], [-70.46520751, 18.70591528], [-70.46527173, 18.70590736], [-70.4654184, 18.70597046], [-70.46556661, 18.70597156], [-70.46583908, 18.70602021], [-70.466191, 18.70598123], [-70.46646543, 18.70596065], [-70.46674133, 18.70592442], [-70.46686732, 18.70589913], [-70.46721489, 18.70575067], [-70.4672599, 18.70574679], [-70.46736799, 18.70575661], [-70.4674925, 18.70574669], [-70.46767882, 18.70568026], [-70.46784576, 18.70558742], [-70.4680071, 18.70561516], [-70.4681438, 18.70566614], [-70.46836601, 18.70576018], [-70.4684425, 18.70577819], [-70.46863457, 18.7057953], [-70.46876217, 18.70579195], [-70.46882286, 18.70585789], [-70.46885014, 18.70587674], [-70.46889444, 18.70587973], [-70.4689172, 18.70587964], [-70.46897861, 18.7058976], [-70.46903965, 18.7059497], [-70.46907422, 18.70599967], [-70.46911887, 18.70613043], [-70.46888068, 18.70625166], [-70.46881981, 18.70628484], [-70.46879758, 18.70633543], [-70.46874987, 18.70647676], [-70.46870794, 18.70653989], [-70.46863358, 18.70662541], [-70.46853116, 18.70673473], [-70.46846151, 18.70693695], [-70.46840616, 18.70712758], [-70.46835136, 18.7072817], [-70.46831341, 18.70735664], [-70.46818779, 18.70740289], [-70.46815712, 18.70745282], [-70.46814915, 18.70753999], [-70.46821292, 18.70786405], [-70.46808183, 18.70788107], [-70.46798596, 18.70789167], [-70.46787872, 18.70790353], [-70.46784113, 18.70790916], [-70.46777027, 18.70791712], [-70.46767305, 18.7079252], [-70.4674419, 18.70793966], [-70.46725796, 18.70795212], [-70.4672042, 18.70795264], [-70.46700387, 18.70794526], [-70.46693305, 18.70794699], [-70.46684846, 18.70795705], [-70.46672832, 18.70797958], [-70.46652298, 18.70803911], [-70.46643996, 18.70804455], [-70.46635668, 18.70803074], [-70.46626535, 18.70802883], [-70.4661787, 18.70801957], [-70.46610165, 18.70801349], [-70.46607918, 18.70801376], [-70.4657964, 18.7079791], [-70.46472605, 18.70820125], [-70.46448658, 18.70841636]]]]}, "geometry_name": "the_geom", "properties": {"Posicional": "304659307321", "Expediente": "6642018066282-06", "Area": 105263.64, "Municipio": "RANCHO ARRIBA", "Provincia": "San Jos\u00e9 de Ocoa", "Operacion": "Saneamiento", "FechaInsc": "4/6/2019 2:34:50 p.\u00a0m.", "area_calc_m2": 105264, "touches_family_land": false, "owner": null, "owner_source": null, "family": false, "category": "confirmed"}}, {"type": "Feature", "id": "Aprobados.460590", "geometry": {"type": "MultiPolygon", "coordinates": [[[[-70.4668032, 18.66692243], [-70.46639602, 18.66685876], [-70.46641106, 18.66681818], [-70.46643252, 18.66667607], [-70.46643934, 18.66654728], [-70.46645449, 18.6664667], [-70.46654373, 18.66648981], [-70.46660805, 18.66648693], [-70.46665748, 18.66640754], [-70.46689747, 18.66646936], [-70.46682875, 18.6666308], [-70.46682095, 18.66670399], [-70.4668032, 18.66692243]]]]}, "geometry_name": "the_geom", "properties": {"Posicional": "304654351779", "Expediente": "6642023045307-06", "Area": 2079.97, "Municipio": "RANCHO ARRIBA", "Provincia": "San Jos\u00e9 de Ocoa", "Operacion": "Saneamiento", "FechaInsc": "2/11/2023 10:53:56 a.\u00a0m.", "area_calc_m2": 2080, "touches_family_land": false, "owner": null, "owner_source": null, "family": false, "category": "confirmed"}}, {"type": "Feature", "id": "Aprobados.94038", "geometry": {"type": "MultiPolygon", "coordinates": [[[[-70.46709537, 18.69785665], [-70.46747755, 18.69840341], [-70.46746666, 18.69850698], [-70.46747805, 18.69864199], [-70.46748142, 18.69877574], [-70.46751652, 18.69890745], [-70.46750621, 18.69900123], [-70.46768684, 18.69992763], [-70.46762567, 18.70002858], [-70.46760832, 18.70004015], [-70.46751906, 18.70015859], [-70.46731661, 18.70052509], [-70.46728924, 18.70064426], [-70.46725305, 18.70066382], [-70.46722946, 18.70066762], [-70.46721224, 18.70080265], [-70.46721593, 18.70096229], [-70.46728249, 18.70105386], [-70.46728267, 18.70105673], [-70.46727968, 18.70108327], [-70.4663336, 18.70388455], [-70.46561125, 18.70402164], [-70.46474787, 18.70407847], [-70.46455941, 18.70411467], [-70.46354874, 18.70441206], [-70.46330485, 18.70366666], [-70.46281681, 18.70265109], [-70.46102422, 18.70003067], [-70.46119644, 18.69997219], [-70.46192718, 18.69970818], [-70.46219578, 18.69958374], [-70.46298248, 18.69929415], [-70.46320154, 18.69902855], [-70.46350739, 18.69873868], [-70.46391999, 18.69822475], [-70.4639152, 18.69806638], [-70.46453959, 18.69880631], [-70.46474279, 18.69917039], [-70.46709537, 18.69785665]]]]}, "geometry_name": "the_geom", "properties": {"Posicional": "304658534885", "Expediente": "663201710846", "Area": 304793.2, "Municipio": "RANCHO ARRIBA", "Provincia": "San Jos\u00e9 de Ocoa", "Operacion": "Saneamiento", "FechaInsc": "16/7/2018 10:50:09 a.\u00a0m.", "area_calc_m2": 304793, "touches_family_land": false, "owner": null, "owner_source": null, "family": false, "category": "confirmed"}}, {"type": "Feature", "id": "Aprobados.158250", "geometry": {"type": "MultiPolygon", "coordinates": [[[[-70.46515865, 18.71867357], [-70.46531423, 18.71863648], [-70.46560416, 18.71838835], [-70.46628088, 18.71812708], [-70.46639685, 18.71820333], [-70.46641433, 18.71827331], [-70.46647225, 18.71838038], [-70.46655456, 18.71852395], [-70.46627236, 18.71863495], [-70.46590904, 18.71881823], [-70.46571039, 18.71894068], [-70.46552692, 18.71908723], [-70.46539797, 18.71894638], [-70.46524514, 18.71877373], [-70.46515865, 18.71867357]]]]}, "geometry_name": "the_geom", "properties": {"Posicional": "304750434263", "Expediente": "6642019064941-05", "Area": 7108.47, "Municipio": "RANCHO ARRIBA", "Provincia": "San Jos\u00e9 de Ocoa", "Operacion": "Deslinde", "FechaInsc": "13/2/2020 9:54:06 a.\u00a0m.", "area_calc_m2": 7108, "touches_family_land": false, "owner": null, "owner_source": null, "family": false, "category": "confirmed"}}, {"type": "Feature", "id": "Aprobados.564660", "geometry": {"type": "MultiPolygon", "coordinates": [[[[-70.46321655, 18.71648948], [-70.46331131, 18.71640599], [-70.46344385, 18.71655891], [-70.46333947, 18.71663425], [-70.46321655, 18.71648948]]]]}, "geometry_name": "the_geom", "properties": {"Posicional": "304750701924", "Expediente": "6642024053044-03", "Area": 291.46, "Municipio": "RANCHO ARRIBA", "Provincia": "San Jos\u00e9 de Ocoa", "Operacion": "Saneamiento", "FechaInsc": "2/11/2024 1:18:27 p.\u00a0m.", "area_calc_m2": 291, "touches_family_land": false, "owner": null, "owner_source": null, "family": false, "category": "confirmed"}}, {"type": "Feature", "id": "Aprobados.62177", "geometry": {"type": "MultiPolygon", "coordinates": [[[[-70.46243373, 18.7072495], [-70.46215415, 18.70729877], [-70.46204639, 18.70702003], [-70.46182409, 18.70656899], [-70.46151482, 18.70594706], [-70.4613514, 18.70557962], [-70.46133577, 18.70547604], [-70.46130567, 18.70492742], [-70.46130517, 18.70437411], [-70.46131245, 18.70409122], [-70.46132138, 18.70376049], [-70.46133001, 18.70354209], [-70.46133675, 18.70336341], [-70.46149149, 18.70347682], [-70.46185441, 18.70376846], [-70.46187488, 18.70402157], [-70.4620251, 18.70399424], [-70.46211166, 18.70397518], [-70.46252366, 18.70430625], [-70.46252114, 18.70476866], [-70.46250231, 18.70509859], [-70.46248066, 18.70571771], [-70.46244448, 18.70600343], [-70.46243112, 18.70638883], [-70.46238827, 18.70682606], [-70.46243373, 18.7072495]]]]}, "geometry_name": "the_geom", "properties": {"Posicional": "304658885404", "Expediente": "663201701906", "Area": 37589.5, "Municipio": "RANCHO ARRIBA", "Provincia": "San Jos\u00e9 de Ocoa", "Operacion": "Subdivisi\u00f3n", "FechaInsc": "27/7/2017 3:43:13 p.\u00a0m.", "area_calc_m2": 37589, "touches_family_land": false, "owner": null, "owner_source": null, "family": false, "category": "confirmed"}}, {"type": "Feature", "id": "Aprobados.62175", "geometry": {"type": "MultiPolygon", "coordinates": [[[[-70.46215415, 18.70729877], [-70.46170779, 18.70742949], [-70.46135187, 18.70761586], [-70.46103136, 18.70778118], [-70.46034421, 18.7069236], [-70.459638, 18.70736119], [-70.4596061, 18.70743827], [-70.45960738, 18.70744859], [-70.45979425, 18.70769321], [-70.45941564, 18.70798407], [-70.45842313, 18.70874661], [-70.45822316, 18.70871327], [-70.45807956, 18.7087018], [-70.45785847, 18.70868866], [-70.45773107, 18.70847239], [-70.45739244, 18.70802111], [-70.45723152, 18.70782079], [-70.45713124, 18.70768752], [-70.45720577, 18.70757874], [-70.45718314, 18.70755303], [-70.45706506, 18.7074037], [-70.4569494, 18.70722964], [-70.4567353, 18.70682378], [-70.45673765, 18.70677439], [-70.45674599, 18.70677377], [-70.45679464, 18.70658187], [-70.45733276, 18.70634897], [-70.45818874, 18.70596513], [-70.45789588, 18.7053025], [-70.45779766, 18.70509252], [-70.45762978, 18.70470317], [-70.4573359, 18.70444022], [-70.45732017, 18.70441519], [-70.4573067, 18.70438688], [-70.45725884, 18.70425903], [-70.45673093, 18.70296829], [-70.45670575, 18.70285811], [-70.45663049, 18.70260164], [-70.45702478, 18.70261984], [-70.45747703, 18.7026226], [-70.45794042, 18.70261864], [-70.45849062, 18.70263481], [-70.45885696, 18.7026743], [-70.45916838, 18.70273287], [-70.45944521, 18.70281975], [-70.45949616, 18.70282139], [-70.45964841, 18.70277898], [-70.45978169, 18.70277307], [-70.45994768, 18.70273589], [-70.46001963, 18.70271205], [-70.4604715, 18.70246842], [-70.4607136, 18.70290669], [-70.46133675, 18.70336341], [-70.46133001, 18.70354209], [-70.46132138, 18.70376049], [-70.46131245, 18.70409122], [-70.46130517, 18.70437411], [-70.46130567, 18.70492742], [-70.46133577, 18.70547604], [-70.4613514, 18.70557962], [-70.46151482, 18.70594706], [-70.46182409, 18.70656899], [-70.46204639, 18.70702003], [-70.46215415, 18.70729877]]]]}, "geometry_name": "the_geom", "properties": {"Posicional": "304668183539", "Expediente": "663201701906", "Area": 255574.11, "Municipio": "RANCHO ARRIBA", "Provincia": "San Jos\u00e9 de Ocoa", "Operacion": "Subdivisi\u00f3n", "FechaInsc": "27/7/2017 3:43:13 p.\u00a0m.", "area_calc_m2": 255575, "touches_family_land": false, "owner": null, "owner_source": null, "family": false, "category": "confirmed"}}, {"type": "Feature", "id": "Aprobados.97864", "geometry": {"type": "MultiPolygon", "coordinates": [[[[-70.46034944, 18.70221004], [-70.46030944, 18.70220208], [-70.45955047, 18.70156314], [-70.45936127, 18.70140567], [-70.45930764, 18.70136687], [-70.45927895, 18.70135072], [-70.45935707, 18.70118659], [-70.45942761, 18.7010384], [-70.45956109, 18.70072689], [-70.45963489, 18.70079109], [-70.45981779, 18.70102846], [-70.45989638, 18.7011515], [-70.45996226, 18.70127866], [-70.46001786, 18.70138305], [-70.46006654, 18.70148584], [-70.46016972, 18.70166321], [-70.46026616, 18.70185984], [-70.460324, 18.70202789], [-70.46034944, 18.70221004]]]]}, "geometry_name": "the_geom", "properties": {"Posicional": "304668047212", "Expediente": "663201708585", "Area": 6831.3, "Municipio": "RANCHO ARRIBA", "Provincia": "San Jos\u00e9 de Ocoa", "Operacion": "Subdivisi\u00f3n", "FechaInsc": "10/10/2018 4:30:38 p.\u00a0m.", "area_calc_m2": 6831, "touches_family_land": false, "owner": null, "owner_source": null, "family": false, "category": "confirmed"}}, {"type": "Feature", "id": "Aprobados.97866", "geometry": {"type": "MultiPolygon", "coordinates": [[[[-70.46019585, 18.70262372], [-70.45999104, 18.70271959], [-70.45981841, 18.70276761], [-70.45975856, 18.70277529], [-70.45964679, 18.70277747], [-70.45885762, 18.7021016], [-70.45908086, 18.70171126], [-70.46019585, 18.70262372]]]]}, "geometry_name": "the_geom", "properties": {"Posicional": "304668150167", "Expediente": "663201708585", "Area": 6768.73, "Municipio": "RANCHO ARRIBA", "Provincia": "San Jos\u00e9 de Ocoa", "Operacion": "Subdivisi\u00f3n", "FechaInsc": "10/10/2018 4:30:38 p.\u00a0m.", "area_calc_m2": 6769, "touches_family_land": false, "owner": null, "owner_source": null, "family": false, "category": "confirmed"}}, {"type": "Feature", "id": "Aprobados.62174", "geometry": {"type": "MultiPolygon", "coordinates": [[[[-70.46103136, 18.70778118], [-70.46093232, 18.70784717], [-70.46066105, 18.70806873], [-70.46031844, 18.70835404], [-70.46007152, 18.70856135], [-70.45978586, 18.70882297], [-70.45943832, 18.70913204], [-70.45938798, 18.70913068], [-70.45930554, 18.70902552], [-70.45915959, 18.70882119], [-70.45908479, 18.70880547], [-70.45904236, 18.70880011], [-70.45884006, 18.70879947], [-70.45866725, 18.70878954], [-70.45851735, 18.7087642], [-70.45848952, 18.70875113], [-70.45842313, 18.70874661], [-70.45941564, 18.70798407], [-70.45979425, 18.70769321], [-70.45960738, 18.70744859], [-70.4596061, 18.70743827], [-70.459638, 18.70736119], [-70.46034421, 18.7069236], [-70.46103136, 18.70778118]]]]}, "geometry_name": "the_geom", "properties": {"Posicional": "304669016594", "Expediente": "663201701906", "Area": 26173.6, "Municipio": "RANCHO ARRIBA", "Provincia": "San Jos\u00e9 de Ocoa", "Operacion": "Subdivisi\u00f3n", "FechaInsc": "27/7/2017 3:43:13 p.\u00a0m.", "area_calc_m2": 26173, "touches_family_land": false, "owner": null, "owner_source": null, "family": false, "category": "confirmed"}}, {"type": "Feature", "id": "Aprobados.97873", "geometry": {"type": "MultiPolygon", "coordinates": [[[[-70.45830021, 18.70159236], [-70.45817387, 18.70160301], [-70.45806676, 18.70159722], [-70.457958, 18.70158799], [-70.45781846, 18.70156573], [-70.45767685, 18.70151283], [-70.45823219, 18.70010996], [-70.45842573, 18.70013353], [-70.45849631, 18.70014317], [-70.45862815, 18.70016418], [-70.45872672, 18.70018541], [-70.45891821, 18.70020782], [-70.45873148, 18.7006026], [-70.45867752, 18.70072125], [-70.45860607, 18.70088268], [-70.45853609, 18.70102761], [-70.4584274, 18.70128023], [-70.45841736, 18.70132656], [-70.45840968, 18.70135814], [-70.45840261, 18.70139159], [-70.45838905, 18.70143021], [-70.45830021, 18.70159236]]]]}, "geometry_name": "the_geom", "properties": {"Posicional": "304668233505", "Expediente": "663201708585", "Area": 11355.31, "Municipio": "RANCHO ARRIBA", "Provincia": "San Jos\u00e9 de Ocoa", "Operacion": "Subdivisi\u00f3n", "FechaInsc": "10/10/2018 4:30:38 p.\u00a0m.", "area_calc_m2": 11356, "touches_family_land": false, "owner": null, "owner_source": null, "family": false, "category": "confirmed"}}, {"type": "Feature", "id": "Aprobados.97869", "geometry": {"type": "MultiPolygon", "coordinates": [[[[-70.45845862, 18.70257982], [-70.45840116, 18.70257678], [-70.45824241, 18.70256836], [-70.45807213, 18.70256717], [-70.45791521, 18.70256684], [-70.45794723, 18.70251023], [-70.45797029, 18.70241156], [-70.45798259, 18.70233846], [-70.45799902, 18.70223927], [-70.45800898, 18.70220604], [-70.45801419, 18.7021888], [-70.45802841, 18.70216555], [-70.45804291, 18.70214876], [-70.45806231, 18.70210385], [-70.45809879, 18.70200654], [-70.45813527, 18.70190924], [-70.45816539, 18.70184983], [-70.45819466, 18.70179213], [-70.4582171, 18.70175487], [-70.4582596, 18.70167178], [-70.45830021, 18.70159236], [-70.45838905, 18.70143021], [-70.45840261, 18.70139159], [-70.45840969, 18.70135815], [-70.45841737, 18.70132657], [-70.45842741, 18.70128024], [-70.4585361, 18.70102761], [-70.45860607, 18.70088269], [-70.45932626, 18.70117413], [-70.45921874, 18.70140365], [-70.45922853, 18.70142571], [-70.45907614, 18.70165608], [-70.45904813, 18.70169842], [-70.45884443, 18.70204253], [-70.45867001, 18.70232332], [-70.45861103, 18.7024028], [-70.45859114, 18.70243347], [-70.45856911, 18.70246031], [-70.45854139, 18.70249413], [-70.45849645, 18.70254894], [-70.45847382, 18.70257096], [-70.45845862, 18.70257982]]]]}, "geometry_name": "the_geom", "properties": {"Posicional": "304668149575", "Expediente": "663201708585", "Area": 13876.34, "Municipio": "RANCHO ARRIBA", "Provincia": "San Jos\u00e9 de Ocoa", "Operacion": "Subdivisi\u00f3n", "FechaInsc": "10/10/2018 4:30:38 p.\u00a0m.", "area_calc_m2": 13876, "touches_family_land": false, "owner": null, "owner_source": null, "family": false, "category": "confirmed"}}, {"type": "Feature", "id": "Aprobados.97867", "geometry": {"type": "MultiPolygon", "coordinates": [[[[-70.45964679, 18.70277747], [-70.45946325, 18.70282119], [-70.45926447, 18.70276027], [-70.45910458, 18.70271663], [-70.45885932, 18.70267311], [-70.45870946, 18.70265557], [-70.45848822, 18.70263565], [-70.45853946, 18.70258454], [-70.45863789, 18.70246451], [-70.45865849, 18.70243274], [-70.45871938, 18.70235029], [-70.45885762, 18.7021016], [-70.45964679, 18.70277747]]]]}, "geometry_name": "the_geom", "properties": {"Posicional": "304668155420", "Expediente": "663201708585", "Area": 3976.99, "Municipio": "RANCHO ARRIBA", "Provincia": "San Jos\u00e9 de Ocoa", "Operacion": "Subdivisi\u00f3n", "FechaInsc": "10/10/2018 4:30:38 p.\u00a0m.", "area_calc_m2": 3977, "touches_family_land": false, "owner": null, "owner_source": null, "family": false, "category": "confirmed"}}, {"type": "Feature", "id": "Aprobados.447933", "geometry": {"type": "MultiPolygon", "coordinates": [[[[-70.45629339, 18.66757957], [-70.45614355, 18.66744021], [-70.45627137, 18.66737728], [-70.45638144, 18.6673416], [-70.4564964, 18.66731486], [-70.45658655, 18.66730215], [-70.45669954, 18.66729336], [-70.45680884, 18.66729785], [-70.45690816, 18.66730925], [-70.45701218, 18.66732911], [-70.45710688, 18.66735781], [-70.45731213, 18.66745845], [-70.45765199, 18.66769294], [-70.4580425, 18.66794549], [-70.45800471, 18.6680339], [-70.45747693, 18.66794091], [-70.45742727, 18.66792506], [-70.45674409, 18.6678601], [-70.4564846, 18.66770871], [-70.45629339, 18.66757957]]]]}, "geometry_name": "the_geom", "properties": {"Posicional": "304664363719", "Expediente": "6642023080005-02", "Area": 8163.45, "Municipio": "RANCHO ARRIBA", "Provincia": "San Jos\u00e9 de Ocoa", "Operacion": "Saneamiento", "FechaInsc": "18/9/2023 9:43:55 a.\u00a0m.", "area_calc_m2": 8164, "touches_family_land": false, "owner": null, "owner_source": null, "family": false, "category": "confirmed"}}, {"type": "Feature", "id": "Aprobados.204958", "geometry": {"type": "MultiPolygon", "coordinates": [[[[-70.45891821, 18.70020782], [-70.45872672, 18.70018541], [-70.45862815, 18.70016418], [-70.45842573, 18.70013353], [-70.45823219, 18.70010996], [-70.45822955, 18.70010963], [-70.45804811, 18.700091], [-70.45798036, 18.70008738], [-70.457839, 18.70008383], [-70.45772738, 18.7000847], [-70.45755317, 18.70006342], [-70.45749409, 18.7000486], [-70.45745657, 18.7000392], [-70.45744959, 18.69997339], [-70.45740478, 18.69974211], [-70.45737926, 18.69958634], [-70.45737617, 18.69948054], [-70.45738319, 18.69945489], [-70.45745043, 18.69932998], [-70.45755169, 18.69913156], [-70.4576643, 18.69889923], [-70.45800085, 18.6990841], [-70.45810668, 18.6991435], [-70.4585107, 18.69934608], [-70.45852542, 18.69935424], [-70.45855473, 18.69939626], [-70.45874284, 18.69967007], [-70.45884958, 18.69981552], [-70.45886363, 18.69984145], [-70.45891821, 18.70020782]]]]}, "geometry_name": "the_geom", "properties": {"Posicional": "304668225212", "Expediente": "663201408149", "Area": 14847.40234375, "Municipio": "RANCHO ARRIBA", "Provincia": "San Jos\u00e9 de Ocoa", "Operacion": "Saneamiento", "FechaInsc": "3/11/2020 3:07:37 p.\u00a0m.", "area_calc_m2": 14847, "touches_family_land": false, "owner": null, "owner_source": null, "family": false, "category": "confirmed"}}, {"type": "Feature", "id": "Aprobados.97874", "geometry": {"type": "MultiPolygon", "coordinates": [[[[-70.45767685, 18.70151283], [-70.45762329, 18.70149286], [-70.45749129, 18.70143057], [-70.45703905, 18.70119575], [-70.45749364, 18.70004856], [-70.45755272, 18.70006337], [-70.45772692, 18.70008465], [-70.45783854, 18.70008379], [-70.4579799, 18.70008734], [-70.45804765, 18.70009096], [-70.45822909, 18.70010959], [-70.45822955, 18.70010963], [-70.45767685, 18.70151283]]]]}, "geometry_name": "the_geom", "properties": {"Posicional": "304668330400", "Expediente": "663201708585", "Area": 11332.28, "Municipio": "RANCHO ARRIBA", "Provincia": "San Jos\u00e9 de Ocoa", "Operacion": "Subdivisi\u00f3n", "FechaInsc": "10/10/2018 4:30:38 p.\u00a0m.", "area_calc_m2": 11333, "touches_family_land": false, "owner": null, "owner_source": null, "family": false, "category": "confirmed"}}, {"type": "Feature", "id": "Aprobados.97871", "geometry": {"type": "MultiPolygon", "coordinates": [[[[-70.45765923, 18.70256871], [-70.45762785, 18.70256907], [-70.45761374, 18.70256918], [-70.45752304, 18.70257034], [-70.45722241, 18.70256925], [-70.45702329, 18.7025695], [-70.45673567, 18.70255348], [-70.45650165, 18.70253935], [-70.45636795, 18.7025389], [-70.45634052, 18.70252682], [-70.4563112, 18.70250133], [-70.45629913, 18.70248105], [-70.4562904, 18.70245234], [-70.45627581, 18.70231447], [-70.45628887, 18.70216748], [-70.45632517, 18.7019463], [-70.45756223, 18.70194116], [-70.45765923, 18.70256871]]]]}, "geometry_name": "the_geom", "properties": {"Posicional": "304668357019", "Expediente": "663201708585", "Area": 9438.82, "Municipio": "RANCHO ARRIBA", "Provincia": "San Jos\u00e9 de Ocoa", "Operacion": "Subdivisi\u00f3n", "FechaInsc": "10/10/2018 4:30:38 p.\u00a0m.", "area_calc_m2": 9439, "touches_family_land": false, "owner": null, "owner_source": null, "family": false, "category": "confirmed"}}, {"type": "Feature", "id": "Aprobados.62176", "geometry": {"type": "MultiPolygon", "coordinates": [[[[-70.4567353, 18.70682378], [-70.45669827, 18.70677088], [-70.45665292, 18.7067667], [-70.45664881, 18.70663604], [-70.45664978, 18.70650972], [-70.45659994, 18.70649383], [-70.45662479, 18.70621471], [-70.45660124, 18.70600317], [-70.45653199, 18.70579059], [-70.45643454, 18.70553455], [-70.4563619, 18.70520707], [-70.45629839, 18.70483301], [-70.4562255, 18.70430793], [-70.45611971, 18.70402604], [-70.45600073, 18.70380491], [-70.45598855, 18.70371811], [-70.45605085, 18.70340314], [-70.45626248, 18.70299413], [-70.45628798, 18.70292101], [-70.45629523, 18.70258943], [-70.45663049, 18.70260164], [-70.45670575, 18.70285811], [-70.45673093, 18.70296829], [-70.45725884, 18.70425903], [-70.4573067, 18.70438688], [-70.45732017, 18.70441519], [-70.4573359, 18.70444022], [-70.45762978, 18.70470317], [-70.45779766, 18.70509252], [-70.45789588, 18.7053025], [-70.45818874, 18.70596513], [-70.45733276, 18.70634897], [-70.45679464, 18.70658187], [-70.45674599, 18.70677377], [-70.45673765, 18.70677439], [-70.4567353, 18.70682378]]]]}, "geometry_name": "the_geom", "properties": {"Posicional": "304668377963", "Expediente": "663201701906", "Area": 49941.81, "Municipio": "RANCHO ARRIBA", "Provincia": "San Jos\u00e9 de Ocoa", "Operacion": "Subdivisi\u00f3n", "FechaInsc": "27/7/2017 3:43:13 p.\u00a0m.", "area_calc_m2": 49942, "touches_family_land": false, "owner": null, "owner_source": null, "family": false, "category": "confirmed"}}, {"type": "Feature", "id": "Aprobados.661318", "geometry": {"type": "MultiPolygon", "coordinates": [[[[-70.45791909, 18.7099926], [-70.45796885, 18.71004954], [-70.45789115, 18.71011088], [-70.45795087, 18.71017408], [-70.45790756, 18.71021392], [-70.45791265, 18.71023687], [-70.45783514, 18.71025334], [-70.45783191, 18.71024009], [-70.457721, 18.71025205], [-70.45764463, 18.71026836], [-70.45762215, 18.71027237], [-70.45760751, 18.71024783], [-70.45758707, 18.71021254], [-70.45756695, 18.71015781], [-70.45771079, 18.71009531], [-70.45782384, 18.71003975], [-70.45791909, 18.7099926]]]]}, "geometry_name": "the_geom", "properties": {"Posicional": "304669239814", "Expediente": "6642025052459-03", "Area": 721.58, "Municipio": "RANCHO ARRIBA", "Provincia": "San Jos\u00e9 de Ocoa", "Operacion": "Saneamiento", "FechaInsc": "26/9/2025 1:19:56 p.\u00a0m.", "area_calc_m2": 722, "touches_family_land": false, "owner": null, "owner_source": null, "family": false, "category": "confirmed"}}, {"type": "Feature", "id": "Aprobados.261683", "geometry": {"type": "MultiPolygon", "coordinates": [[[[-70.45783272, 18.71113736], [-70.45770477, 18.71121137], [-70.4575345, 18.71103894], [-70.45757876, 18.71101338], [-70.45768917, 18.71107252], [-70.45783272, 18.71113736]]]]}, "geometry_name": "the_geom", "properties": {"Posicional": "304669340930", "Expediente": "6642021079298-08", "Area": 264.42315674, "Municipio": "RANCHO ARRIBA", "Provincia": "San Jos\u00e9 de Ocoa", "Operacion": "Subdivisi\u00f3n", "FechaInsc": "31/1/2022 2:33:48 p.\u00a0m.", "area_calc_m2": 264, "touches_family_land": false, "owner": null, "owner_source": null, "family": false, "category": "confirmed"}}, {"type": "Feature", "id": "Aprobados.261684", "geometry": {"type": "MultiPolygon", "coordinates": [[[[-70.45770477, 18.71121137], [-70.45760107, 18.71127127], [-70.45754566, 18.71116788], [-70.45749025, 18.71106449], [-70.4575345, 18.71103894], [-70.45770477, 18.71121137]]]]}, "geometry_name": "the_geom", "properties": {"Posicional": "304669341925", "Expediente": "6642021079298-08", "Area": 233.80541992, "Municipio": "RANCHO ARRIBA", "Provincia": "San Jos\u00e9 de Ocoa", "Operacion": "Subdivisi\u00f3n", "FechaInsc": "31/1/2022 2:33:48 p.\u00a0m.", "area_calc_m2": 234, "touches_family_land": false, "owner": null, "owner_source": null, "family": false, "category": "confirmed"}}, {"type": "Feature", "id": "Aprobados.261675", "geometry": {"type": "MultiPolygon", "coordinates": [[[[-70.45796538, 18.7123106], [-70.4577793, 18.71241786], [-70.45775615, 18.7124156], [-70.45771403, 18.71233695], [-70.45791671, 18.71221981], [-70.45796538, 18.7123106]]]]}, "geometry_name": "the_geom", "properties": {"Posicional": "304669268274", "Expediente": "6642021079298-08", "Area": 279.44543457, "Municipio": "RANCHO ARRIBA", "Provincia": "San Jos\u00e9 de Ocoa", "Operacion": "Subdivisi\u00f3n", "FechaInsc": "31/1/2022 2:33:48 p.\u00a0m.", "area_calc_m2": 279, "touches_family_land": false, "owner": null, "owner_source": null, "family": false, "category": "confirmed"}}, {"type": "Feature", "id": "Aprobados.261676", "geometry": {"type": "MultiPolygon", "coordinates": [[[[-70.45791671, 18.71221981], [-70.45771403, 18.71233695], [-70.45754115, 18.71201419], [-70.45774374, 18.71189705], [-70.45785465, 18.71210382], [-70.457901, 18.7121903], [-70.45791671, 18.71221981]]]]}, "geometry_name": "the_geom", "properties": {"Posicional": "304669269091", "Expediente": "6642021079298-08", "Area": 1000.06744385, "Municipio": "RANCHO ARRIBA", "Provincia": "San Jos\u00e9 de Ocoa", "Operacion": "Subdivisi\u00f3n", "FechaInsc": "31/1/2022 2:33:48 p.\u00a0m.", "area_calc_m2": 1000, "touches_family_land": false, "owner": null, "owner_source": null, "family": false, "category": "confirmed"}}, {"type": "Feature", "id": "Aprobados.632569", "geometry": {"type": "MultiPolygon", "coordinates": [[[[-70.45518748, 18.6678973], [-70.45488273, 18.66811664], [-70.45487151, 18.66810336], [-70.45482235, 18.66806102], [-70.45415849, 18.66715097], [-70.45393147, 18.66694148], [-70.45365964, 18.66687392], [-70.45347795, 18.66697321], [-70.45341775, 18.6668957], [-70.45379964, 18.66621156], [-70.45387371, 18.66624769], [-70.45473607, 18.66517946], [-70.45511459, 18.66497658], [-70.4551147, 18.66495434], [-70.45507464, 18.66492344], [-70.45464719, 18.66451146], [-70.45452799, 18.66432595], [-70.45427426, 18.66402013], [-70.45409146, 18.66384794], [-70.4540199, 18.66360677], [-70.45419723, 18.66357536], [-70.45436219, 18.66347743], [-70.45451458, 18.66341221], [-70.4547882, 18.6633401], [-70.45503349, 18.66324271], [-70.45518301, 18.66321415], [-70.45544458, 18.66320766], [-70.45558247, 18.66322301], [-70.45582815, 18.66322513], [-70.45604595, 18.66323304], [-70.45621454, 18.66322609], [-70.45633775, 18.66319322], [-70.45640503, 18.66315505], [-70.45652059, 18.6630651], [-70.45660328, 18.66301985], [-70.45676275, 18.66300183], [-70.45681034, 18.66297124], [-70.4568324, 18.66317443], [-70.45681312, 18.66355237], [-70.4568471, 18.66373266], [-70.45681916, 18.66398226], [-70.45681902, 18.6640554], [-70.45675907, 18.6641805], [-70.45678575, 18.66431129], [-70.45681062, 18.66432156], [-70.45683223, 18.66448052], [-70.45675286, 18.66456783], [-70.45675381, 18.66459883], [-70.45673921, 18.66461097], [-70.45656144, 18.66462335], [-70.4564322, 18.66464989], [-70.456323, 18.66473726], [-70.45629699, 18.66477743], [-70.45629252, 18.66481343], [-70.45623138, 18.66487327], [-70.45604734, 18.66498378], [-70.45616148, 18.66513116], [-70.45630946, 18.66520863], [-70.45651172, 18.66546227], [-70.45663067, 18.66583433], [-70.45685584, 18.66618714], [-70.4569061, 18.66628229], [-70.45696962, 18.66669917], [-70.45698345, 18.66673881], [-70.45697313, 18.6667965], [-70.45689674, 18.66712672], [-70.45687016, 18.66712775], [-70.45686424, 18.66717254], [-70.45666354, 18.66717082], [-70.45651882, 18.66718388], [-70.45644964, 18.66719463], [-70.45634545, 18.66721958], [-70.45624649, 18.66725499], [-70.45610171, 18.66732244], [-70.45596945, 18.66740055], [-70.45575939, 18.66752486], [-70.45554585, 18.66765291], [-70.45518748, 18.6678973]]]]}, "geometry_name": "the_geom", "properties": {"Posicional": "304664449473", "Expediente": "6642025047307-03", "Area": 123862.74, "Municipio": "RANCHO ARRIBA", "Provincia": "San Jos\u00e9 de Ocoa", "Operacion": "Saneamiento", "FechaInsc": "25/7/2025 1:42:37 p.\u00a0m.", "area_calc_m2": 123863, "touches_family_land": false, "owner": null, "owner_source": null, "family": false, "category": "confirmed"}}, {"type": "Feature", "id": "Aprobados.622979", "geometry": {"type": "MultiPolygon", "coordinates": [[[[-70.4554414, 18.66789649], [-70.45591998, 18.66757726], [-70.45613221, 18.66749673], [-70.45621431, 18.6675747], [-70.45642088, 18.66774071], [-70.45659456, 18.66785249], [-70.45687283, 18.66801198], [-70.45711243, 18.66816021], [-70.4565664, 18.66827423], [-70.4558498, 18.66846312], [-70.45573352, 18.66830156], [-70.45566916, 18.66821324], [-70.4555736, 18.66808052], [-70.45551, 18.66799246], [-70.4554414, 18.66789649]]]]}, "geometry_name": "the_geom", "properties": {"Posicional": "304664472148", "Expediente": "6642024076877-05", "Area": 9607.77, "Municipio": "RANCHO ARRIBA", "Provincia": "San Jos\u00e9 de Ocoa", "Operacion": "Saneamiento", "FechaInsc": "22/6/2025 7:54:03 p.\u00a0m.", "area_calc_m2": 9608, "touches_family_land": false, "owner": null, "owner_source": null, "family": false, "category": "confirmed"}}, {"type": "Feature", "id": "Aprobados.259222", "geometry": {"type": "MultiPolygon", "coordinates": [[[[-70.45567995, 18.67627514], [-70.45559419, 18.67615292], [-70.45526481, 18.67576409], [-70.45509064, 18.67567615], [-70.45478035, 18.67550139], [-70.45473173, 18.67546223], [-70.45453405, 18.67526658], [-70.45426634, 18.67498432], [-70.45407461, 18.67479734], [-70.45393663, 18.67465339], [-70.45367386, 18.67434287], [-70.45358428, 18.67421887], [-70.4535631, 18.67415813], [-70.45354524, 18.67400918], [-70.45351899, 18.67384769], [-70.45369125, 18.673733], [-70.45395499, 18.67354837], [-70.45413987, 18.67333862], [-70.45421798, 18.67323312], [-70.45429182, 18.6731374], [-70.4543531, 18.67308968], [-70.45477431, 18.67297881], [-70.45483826, 18.67296349], [-70.45500005, 18.67303543], [-70.45537788, 18.67312918], [-70.45591182, 18.67328497], [-70.45658192, 18.6734875], [-70.45662742, 18.67380579], [-70.45678679, 18.67428205], [-70.45640495, 18.67518388], [-70.45611871, 18.67531219], [-70.45665593, 18.67547435], [-70.45678018, 18.67556455], [-70.45655089, 18.67575826], [-70.45627132, 18.67594263], [-70.45618971, 18.67601464], [-70.45567995, 18.67627514]]]]}, "geometry_name": "the_geom", "properties": {"Posicional": "304665542209", "Expediente": "6642021059769-04", "Area": 79188.86590576, "Municipio": "RANCHO ARRIBA", "Provincia": "San Jos\u00e9 de Ocoa", "Operacion": "Saneamiento", "FechaInsc": "11/1/2022 11:51:54 a.\u00a0m.", "area_calc_m2": 79189, "touches_family_land": false, "owner": null, "owner_source": null, "family": false, "category": "confirmed"}}, {"type": "Feature", "id": "Aprobados.650795", "geometry": {"type": "MultiPolygon", "coordinates": [[[[-70.45648567, 18.69731229], [-70.45647094, 18.69728593], [-70.45640922, 18.69717572], [-70.4566963, 18.69702883], [-70.45677043, 18.697159], [-70.4568514, 18.6972809], [-70.45671801, 18.69735332], [-70.45664371, 18.69723209], [-70.45648567, 18.69731229]]]]}, "geometry_name": "the_geom", "properties": {"Posicional": "304667490409", "Expediente": "6642024086767-07", "Area": 835.57, "Municipio": "RANCHO ARRIBA", "Provincia": "San Jos\u00e9 de Ocoa", "Operacion": "Saneamiento", "FechaInsc": "16/9/2025 10:49:16 a.\u00a0m.", "area_calc_m2": 836, "touches_family_land": false, "owner": null, "owner_source": null, "family": false, "category": "confirmed"}}, {"type": "Feature", "id": "Aprobados.623875", "geometry": {"type": "MultiPolygon", "coordinates": [[[[-70.45646327, 18.69917666], [-70.4564431, 18.69913282], [-70.45640834, 18.69905999], [-70.45634612, 18.69893619], [-70.45626872, 18.69876704], [-70.45624503, 18.69871695], [-70.45622787, 18.69866498], [-70.45625957, 18.69865215], [-70.45631863, 18.69863644], [-70.45642636, 18.69860555], [-70.45645422, 18.69859719], [-70.45643452, 18.69854265], [-70.45640627, 18.69846626], [-70.45639161, 18.69837402], [-70.45639107, 18.69829046], [-70.45638953, 18.69817877], [-70.45639022, 18.69809836], [-70.45638889, 18.69801788], [-70.45638811, 18.69795079], [-70.4564079, 18.697923], [-70.45647836, 18.69783614], [-70.45657653, 18.69773714], [-70.4566535, 18.69765879], [-70.45677256, 18.69775488], [-70.45692205, 18.69787278], [-70.45709388, 18.69800559], [-70.45732707, 18.69816252], [-70.4575521, 18.69827783], [-70.4577516, 18.69839904], [-70.45774684, 18.69840719], [-70.4579584, 18.69854524], [-70.4577768, 18.69870326], [-70.45774481, 18.69873033], [-70.45761462, 18.6987851], [-70.45747716, 18.69881241], [-70.45725054, 18.6988165], [-70.45721068, 18.69881922], [-70.45711338, 18.69882047], [-70.45701748, 18.69885805], [-70.45691667, 18.698909], [-70.456863, 18.69893686], [-70.45646327, 18.69917666]]]]}, "geometry_name": "the_geom", "properties": {"Posicional": "304668307808", "Expediente": "6642025003571-03", "Area": 14978.89, "Municipio": "RANCHO ARRIBA", "Provincia": "San Jos\u00e9 de Ocoa", "Operacion": "Saneamiento", "FechaInsc": "9/5/2025 1:16:41 p.\u00a0m.", "area_calc_m2": 14979, "touches_family_land": false, "owner": null, "owner_source": null, "family": false, "category": "confirmed"}}, {"type": "Feature", "id": "Aprobados.97872", "geometry": {"type": "MultiPolygon", "coordinates": [[[[-70.45756223, 18.70194116], [-70.45632517, 18.7019463], [-70.45637472, 18.70167892], [-70.45644108, 18.7013719], [-70.45655942, 18.70099826], [-70.45738381, 18.70142749], [-70.45755008, 18.70150902], [-70.45756223, 18.70194116]]]]}, "geometry_name": "the_geom", "properties": {"Posicional": "304668347355", "Expediente": "663201708585", "Area": 9435.15, "Municipio": "RANCHO ARRIBA", "Provincia": "San Jos\u00e9 de Ocoa", "Operacion": "Subdivisi\u00f3n", "FechaInsc": "10/10/2018 4:30:38 p.\u00a0m.", "area_calc_m2": 9435, "touches_family_land": false, "owner": null, "owner_source": null, "family": false, "category": "confirmed"}}, {"type": "Feature", "id": "Aprobados.18525", "geometry": {"type": "MultiPolygon", "coordinates": [[[[-70.45335308, 18.67316739], [-70.45314337, 18.67298027], [-70.45303677, 18.67292058], [-70.45255052, 18.67219392], [-70.4525444, 18.67219044], [-70.45253749, 18.67217147], [-70.45249304, 18.6720629], [-70.45247745, 18.67194232], [-70.45247624, 18.6718699], [-70.45248964, 18.67174139], [-70.45258935, 18.6716788], [-70.45263847, 18.67163539], [-70.452724, 18.67154151], [-70.45285421, 18.67143594], [-70.45296508, 18.67141648], [-70.45305661, 18.67138715], [-70.4531134, 18.67135062], [-70.45311916, 18.67132124], [-70.45314219, 18.67128717], [-70.45317558, 18.67108467], [-70.45324152, 18.67086603], [-70.45329659, 18.67078915], [-70.45332986, 18.67080219], [-70.45342906, 18.67074246], [-70.45346789, 18.67089606], [-70.45344175, 18.67122134], [-70.45338775, 18.67141779], [-70.45347775, 18.67175609], [-70.45364344, 18.67192852], [-70.45373496, 18.67205587], [-70.4538292, 18.67227302], [-70.45394981, 18.67260089], [-70.4540185, 18.67276255], [-70.45412318, 18.67281846], [-70.45435295, 18.67308343], [-70.45428067, 18.67313791], [-70.4542227, 18.67322198], [-70.45413803, 18.6733381], [-70.45366648, 18.67374453], [-70.45366546, 18.67362418], [-70.45358663, 18.67359337], [-70.45355287, 18.67345624], [-70.45335308, 18.67316739]]]]}, "geometry_name": "the_geom", "properties": {"Posicional": "304665712948", "Expediente": "663201609563", "Area": 26952.0904541, "Municipio": "RANCHO ARRIBA", "Provincia": "SAN JOS\u00c9 DE OCOA", "Operacion": "Saneamiento", "FechaInsc": "23/11/2016 2:33:58 p.\u00a0m.", "area_calc_m2": 26952, "touches_family_land": false, "owner": null, "owner_source": null, "family": false, "category": "confirmed"}}, {"type": "Feature", "id": "Aprobados.259223", "geometry": {"type": "MultiPolygon", "coordinates": [[[[-70.4551591, 18.67626185], [-70.45500493, 18.67629032], [-70.4549206, 18.67632567], [-70.45467508, 18.67642304], [-70.45460347, 18.67645636], [-70.45429765, 18.67664573], [-70.45411797, 18.67663972], [-70.45396498, 18.67662797], [-70.45373652, 18.67657437], [-70.45358139, 18.67656434], [-70.45334587, 18.67650825], [-70.45282923, 18.67650389], [-70.45255009, 18.67641258], [-70.45229439, 18.67616046], [-70.45144713, 18.67521168], [-70.45068966, 18.67436342], [-70.45026869, 18.67368009], [-70.45019028, 18.67343099], [-70.45085818, 18.67322124], [-70.45104735, 18.67319898], [-70.45157776, 18.67327579], [-70.45186896, 18.67322187], [-70.45215553, 18.67294687], [-70.45223795, 18.67289338], [-70.45233373, 18.67287135], [-70.45268049, 18.67280524], [-70.45273463, 18.67292503], [-70.45291879, 18.67323228], [-70.45305371, 18.67340834], [-70.4531344, 18.67355754], [-70.4531803, 18.67364773], [-70.45345474, 18.6744974], [-70.45359032, 18.67475042], [-70.45375544, 18.67495663], [-70.45407423, 18.67529023], [-70.45434979, 18.67556941], [-70.4547769, 18.67598744], [-70.4551591, 18.67626185]]]]}, "geometry_name": "the_geom", "properties": {"Posicional": "304665841636", "Expediente": "6642021059769-04", "Area": 105233.01348877, "Municipio": "RANCHO ARRIBA", "Provincia": "San Jos\u00e9 de Ocoa", "Operacion": "Saneamiento", "FechaInsc": "11/1/2022 11:51:54 a.\u00a0m.", "area_calc_m2": 105233, "touches_family_land": false, "owner": null, "owner_source": null, "family": false, "category": "confirmed"}}, {"type": "Feature", "id": "Aprobados.88332", "geometry": {"type": "MultiPolygon", "coordinates": [[[[-70.4533452, 18.66975958], [-70.45332805, 18.66985739], [-70.45324637, 18.67018948], [-70.4532169, 18.67038118], [-70.45308409, 18.67043459], [-70.4530556, 18.6703966], [-70.45294269, 18.67028158], [-70.452882, 18.67023574], [-70.45285109, 18.67021508], [-70.45277823, 18.67018099], [-70.45270889, 18.67016457], [-70.45270074, 18.67015379], [-70.45265227, 18.67005864], [-70.45263274, 18.67002349], [-70.45255367, 18.66986799], [-70.4525548, 18.66979644], [-70.45282718, 18.66968108], [-70.45298134, 18.66962031], [-70.45314119, 18.66966047], [-70.45325606, 18.66970932], [-70.4533452, 18.66975958]]]]}, "geometry_name": "the_geom", "properties": {"Posicional": "304664796313", "Expediente": "6642018011917-03", "Area": 4739.07, "Municipio": "RANCHO ARRIBA", "Provincia": "San Jos\u00e9 de Ocoa", "Operacion": "Saneamiento", "FechaInsc": "1/8/2018 12:52:26 p.\u00a0m.", "area_calc_m2": 4739, "touches_family_land": false, "owner": null, "owner_source": null, "family": false, "category": "confirmed"}}, {"type": "Feature", "id": "Aprobados.396206", "geometry": {"type": "MultiPolygon", "coordinates": [[[[-70.44960982, 18.69379099], [-70.44966938, 18.69377158], [-70.44994356, 18.69382306], [-70.45040217, 18.69386135], [-70.45119394, 18.69392173], [-70.45157667, 18.6939485], [-70.45175224, 18.69396935], [-70.45191969, 18.69396349], [-70.45271977, 18.69401693], [-70.4536805, 18.69408298], [-70.45372605, 18.69432861], [-70.45379186, 18.69469082], [-70.45382625, 18.69488087], [-70.45341617, 18.69500914], [-70.45350507, 18.6953313], [-70.45356033, 18.69548419], [-70.45349899, 18.69549759], [-70.45318172, 18.6955924], [-70.45271693, 18.69572758], [-70.4523972, 18.6958205], [-70.45229012, 18.69585103], [-70.45242778, 18.69627611], [-70.45251127, 18.69655799], [-70.45224845, 18.69664728], [-70.45220315, 18.69666171], [-70.45219389, 18.69665277], [-70.45188035, 18.69662212], [-70.45155303, 18.69657843], [-70.4513128, 18.69652633], [-70.45121946, 18.69651145], [-70.45137662, 18.69611212], [-70.45144393, 18.69594106], [-70.45178608, 18.69521757], [-70.45196867, 18.69484782], [-70.4519605, 18.69466511], [-70.45096237, 18.69458867], [-70.4505167, 18.69449329], [-70.44967843, 18.69408615], [-70.4495163, 18.69390391], [-70.44951291, 18.69389437], [-70.44951362, 18.69388253], [-70.44960982, 18.69379099]]]]}, "geometry_name": "the_geom", "properties": {"Posicional": "304667867973", "Expediente": "6642022060868-04", "Area": 61263.51, "Municipio": "RANCHO ARRIBA", "Provincia": "San Jos\u00e9 de Ocoa", "Operacion": "Deslinde", "FechaInsc": "26/11/2022 4:02:23 p.\u00a0m.", "area_calc_m2": 61264, "touches_family_land": false, "owner": null, "owner_source": null, "family": false, "category": "confirmed"}}, {"type": "Feature", "id": "Aprobados.582524", "geometry": {"type": "MultiPolygon", "coordinates": [[[[-70.45244188, 18.70282694], [-70.45283471, 18.70312947], [-70.45288532, 18.7031783], [-70.45320107, 18.70346029], [-70.45343723, 18.70374672], [-70.45358439, 18.70398475], [-70.45376712, 18.7043997], [-70.45385734, 18.70466549], [-70.45318361, 18.70463146], [-70.45286382, 18.70541601], [-70.4527955, 18.70560383], [-70.45263437, 18.70583668], [-70.45232806, 18.70661588], [-70.45219303, 18.70673656], [-70.45179908, 18.70705989], [-70.45173063, 18.70706756], [-70.45149358, 18.70700343], [-70.45105014, 18.70653178], [-70.45040498, 18.70675182], [-70.4501595, 18.7067706], [-70.4474143, 18.70785194], [-70.4473245, 18.70773544], [-70.44631709, 18.70673047], [-70.44615151, 18.706568], [-70.44749146, 18.70625969], [-70.4501174, 18.70568608], [-70.45021471, 18.70545878], [-70.45023632, 18.70542316], [-70.45025656, 18.70540466], [-70.45029686, 18.70538575], [-70.45058872, 18.70531279], [-70.45076078, 18.70526118], [-70.45078329, 18.70524692], [-70.45133392, 18.70505767], [-70.4514128, 18.70467857], [-70.45153272, 18.70416023], [-70.45159684, 18.70396334], [-70.45176137, 18.70364534], [-70.4518429, 18.70335338], [-70.45215855, 18.70305862], [-70.45244188, 18.70282694]]]]}, "geometry_name": "the_geom", "properties": {"Posicional": "304678084866", "Expediente": "6642024050762-03", "Area": 142667.82, "Municipio": "RANCHO ARRIBA", "Provincia": "San Jos\u00e9 de Ocoa", "Operacion": "Subdivisi\u00f3n", "FechaInsc": "16/12/2024 6:13:48 p.\u00a0m.", "area_calc_m2": 142666, "touches_family_land": false, "owner": null, "owner_source": null, "family": false, "category": "confirmed"}}, {"type": "Feature", "id": "Aprobados.582525", "geometry": {"type": "MultiPolygon", "coordinates": [[[[-70.44972481, 18.70077466], [-70.44979511, 18.70081984], [-70.45022419, 18.70114221], [-70.45072776, 18.70152474], [-70.4514803, 18.70209823], [-70.45244188, 18.70282694], [-70.45215855, 18.70305862], [-70.4518429, 18.70335338], [-70.45176137, 18.70364534], [-70.45159684, 18.70396334], [-70.45153272, 18.70416023], [-70.4514128, 18.70467857], [-70.45133392, 18.70505767], [-70.45078329, 18.70524692], [-70.45076078, 18.70526118], [-70.45058872, 18.70531279], [-70.45029686, 18.70538575], [-70.45025656, 18.70540466], [-70.45023632, 18.70542316], [-70.45021471, 18.70545878], [-70.4501174, 18.70568608], [-70.44749146, 18.70625969], [-70.44615151, 18.706568], [-70.44603732, 18.70646474], [-70.44558018, 18.70601837], [-70.44529206, 18.70573215], [-70.44518456, 18.70563026], [-70.4449045, 18.70536431], [-70.44461666, 18.70507758], [-70.44436891, 18.70484036], [-70.4440759, 18.70436879], [-70.44379047, 18.7039218], [-70.44356879, 18.7035417], [-70.4440338, 18.70362091], [-70.44442331, 18.70369204], [-70.44488703, 18.70377077], [-70.44542223, 18.70386103], [-70.44553716, 18.70380885], [-70.44561248, 18.70392038], [-70.44585926, 18.70379374], [-70.44628316, 18.7034676], [-70.44655154, 18.70323953], [-70.44648321, 18.70313293], [-70.44650444, 18.70305121], [-70.44667315, 18.70275438], [-70.44687157, 18.70296493], [-70.4472825, 18.70333436], [-70.44758665, 18.70347364], [-70.44803011, 18.7037166], [-70.44828876, 18.70385646], [-70.44835821, 18.70383027], [-70.44838477, 18.70382012], [-70.44849726, 18.70379515], [-70.44904825, 18.70339589], [-70.44921246, 18.70330312], [-70.44926135, 18.70289318], [-70.44925983, 18.70273279], [-70.44929429, 18.70236712], [-70.44933615, 18.70194211], [-70.44923387, 18.70169965], [-70.44912355, 18.70144608], [-70.44903648, 18.7012489], [-70.44895035, 18.70096918], [-70.44925384, 18.70089001], [-70.44972481, 18.70077466]]]]}, "geometry_name": "the_geom", "properties": {"Posicional": "304678277028", "Expediente": "6642024050762-03", "Area": 265276.78, "Municipio": "RANCHO ARRIBA", "Provincia": "San Jos\u00e9 de Ocoa", "Operacion": "Subdivisi\u00f3n", "FechaInsc": "16/12/2024 6:13:48 p.\u00a0m.", "area_calc_m2": 265279, "touches_family_land": false, "owner": null, "owner_source": null, "family": false, "category": "confirmed"}}, {"type": "Feature", "id": "Aprobados.83380", "geometry": {"type": "MultiPolygon", "coordinates": [[[[-70.44955338, 18.69176269], [-70.44935064, 18.69138669], [-70.448714, 18.69119838], [-70.44830999, 18.69107864], [-70.44844703, 18.68985956], [-70.44846924, 18.68965778], [-70.44865119, 18.68800637], [-70.44878839, 18.68802542], [-70.4489179, 18.68805876], [-70.44904594, 18.68805244], [-70.44914679, 18.68801633], [-70.44928403, 18.68780989], [-70.44950548, 18.68775017], [-70.44980364, 18.68770314], [-70.44996653, 18.68765805], [-70.45017978, 18.68762767], [-70.4508313, 18.68740072], [-70.45089377, 18.6875889], [-70.45099682, 18.68815554], [-70.45132194, 18.68905822], [-70.45088439, 18.69020579], [-70.45056044, 18.69057632], [-70.45070515, 18.69076856], [-70.45031342, 18.69100742], [-70.44998223, 18.69126362], [-70.44983119, 18.69138595], [-70.44955338, 18.69176269]]]]}, "geometry_name": "the_geom", "properties": {"Posicional": "304677101898", "Expediente": "6642018001571-05", "Area": 102059.89, "Municipio": "RANCHO ARRIBA", "Provincia": "San Jos\u00e9 de Ocoa", "Operacion": "Subdivisi\u00f3n", "FechaInsc": "27/7/2018 11:24:43 a.\u00a0m.", "area_calc_m2": 102061, "touches_family_land": false, "owner": null, "owner_source": null, "family": false, "category": "confirmed"}}, {"type": "Feature", "id": "Aprobados.289321", "geometry": {"type": "MultiPolygon", "coordinates": [[[[-70.44955338, 18.69176269], [-70.44935064, 18.69138669], [-70.448714, 18.69119838], [-70.44830999, 18.69107864], [-70.44844703, 18.68985956], [-70.44846924, 18.68965778], [-70.44865119, 18.68800637], [-70.44878839, 18.68802542], [-70.4489179, 18.68805876], [-70.44904594, 18.68805244], [-70.44914679, 18.68801633], [-70.44928403, 18.68780989], [-70.44950548, 18.68775017], [-70.44980364, 18.68770314], [-70.44996653, 18.68765805], [-70.45017978, 18.68762767], [-70.4508313, 18.68740072], [-70.45089377, 18.6875889], [-70.45099682, 18.68815554], [-70.45132194, 18.68905822], [-70.45088439, 18.69020579], [-70.45056044, 18.69057632], [-70.45070515, 18.69076856], [-70.45031342, 18.69100742], [-70.44998223, 18.69126362], [-70.44983119, 18.69138595], [-70.44955338, 18.69176269]]]]}, "geometry_name": "the_geom", "properties": {"Posicional": "304677101990", "Expediente": "6642018001571-06", "Area": 102060.56512451, "Municipio": "RANCHO ARRIBA", "Provincia": "San Jos\u00e9 de Ocoa", "Operacion": "Subdivisi\u00f3n", "FechaInsc": "16/5/2022 1:30:00 p.\u00a0m.", "area_calc_m2": 102061, "touches_family_land": false, "owner": null, "owner_source": null, "family": false, "category": "confirmed"}}, {"type": "Feature", "id": "Aprobados.700345", "geometry": {"type": "MultiPolygon", "coordinates": [[[[-70.45244023, 18.77003603], [-70.45232702, 18.7702804], [-70.45221431, 18.7703678], [-70.45192773, 18.77050884], [-70.45182448, 18.77031541], [-70.45170092, 18.77039879], [-70.45145624, 18.77025269], [-70.45097633, 18.76985951], [-70.45048553, 18.7695416], [-70.4505356, 18.76941328], [-70.45059775, 18.76926309], [-70.45062453, 18.76918119], [-70.45063643, 18.76918166], [-70.45067824, 18.76919532], [-70.45075182, 18.76922177], [-70.45088252, 18.76928308], [-70.45133236, 18.76955692], [-70.4514746, 18.76961346], [-70.45158375, 18.76964301], [-70.45177565, 18.76971434], [-70.45187112, 18.76975292], [-70.45189585, 18.76976433], [-70.45203909, 18.76982409], [-70.45224779, 18.76993382], [-70.45244023, 18.77003603]]]]}, "geometry_name": "the_geom", "properties": {"Posicional": "304775091808", "Expediente": "6622025116308-07", "Area": 11963.91, "Municipio": "", "Provincia": "San Jos\u00e9 de Ocoa", "Operacion": "Saneamiento", "FechaInsc": "3/4/2026 11:56:36 a.\u00a0m.", "area_calc_m2": 11963, "touches_family_land": false, "owner": null, "owner_source": null, "family": false, "category": "confirmed"}}, {"type": "Feature", "id": "Aprobados.70085", "geometry": {"type": "MultiPolygon", "coordinates": [[[[-70.44870636, 18.66896723], [-70.44874233, 18.66891438], [-70.4488028, 18.66884826], [-70.44898598, 18.66891186], [-70.4490941, 18.66895206], [-70.44926426, 18.66898934], [-70.44948222, 18.66911067], [-70.44950528, 18.66934097], [-70.44961435, 18.66940262], [-70.44980747, 18.66940973], [-70.44998356, 18.66939587], [-70.4501505, 18.66949239], [-70.45069256, 18.6697702], [-70.45107794, 18.67012197], [-70.45108715, 18.67016714], [-70.45085318, 18.67027399], [-70.45069909, 18.67033281], [-70.45058678, 18.67038555], [-70.45051184, 18.67043538], [-70.45048086, 18.67037629], [-70.45092937, 18.67013356], [-70.45063187, 18.66983942], [-70.45017222, 18.66959372], [-70.44996181, 18.66948882], [-70.44982809, 18.66950543], [-70.44959795, 18.66947593], [-70.44947483, 18.66942718], [-70.44942788, 18.66937447], [-70.44938817, 18.6691871], [-70.44922342, 18.66907142], [-70.44906005, 18.66902769], [-70.44870636, 18.66896723]]]]}, "geometry_name": "the_geom", "properties": {"Posicional": "304674087744", "Expediente": "663201709626", "Area": 3522.71, "Municipio": "RANCHO ARRIBA", "Provincia": "San Jos\u00e9 de Ocoa", "Operacion": "Subdivisi\u00f3n", "FechaInsc": "2/3/2018 5:50:43 p.\u00a0m.", "area_calc_m2": 3523, "touches_family_land": false, "owner": null, "owner_source": null, "family": false, "category": "confirmed"}}, {"type": "Feature", "id": "Aprobados.70082", "geometry": {"type": "MultiPolygon", "coordinates": [[[[-70.44925278, 18.67209407], [-70.44929093, 18.6720091], [-70.44932717, 18.6719268], [-70.4493527, 18.67185594], [-70.44938786, 18.67174598], [-70.44939465, 18.67169965], [-70.44939751, 18.67165496], [-70.44939318, 18.67162279], [-70.44938523, 18.67158858], [-70.4493767, 18.67153904], [-70.44937259, 18.67150244], [-70.44936985, 18.67143281], [-70.44937447, 18.6713786], [-70.44938233, 18.67131018], [-70.44939327, 18.67124002], [-70.44940233, 18.67119855], [-70.44941101, 18.67116548], [-70.4494173, 18.67114423], [-70.44944012, 18.6711088], [-70.4494885, 18.67104262], [-70.44950358, 18.6710258], [-70.44952927, 18.67100753], [-70.44956706, 18.67098726], [-70.44962729, 18.67097092], [-70.44966083, 18.67096081], [-70.44971359, 18.67093854], [-70.44976448, 18.67090834], [-70.44980981, 18.67087233], [-70.44995968, 18.67074284], [-70.4500033, 18.67069898], [-70.45002427, 18.67067032], [-70.4500715, 18.6706754], [-70.44995818, 18.67076858], [-70.44985624, 18.67085452], [-70.44978124, 18.67091171], [-70.44970674, 18.670992], [-70.44959752, 18.67111496], [-70.44952093, 18.67120816], [-70.44946895, 18.67129097], [-70.44943794, 18.67137763], [-70.44941918, 18.67149005], [-70.44940993, 18.67157363], [-70.44940538, 18.67164814], [-70.44939878, 18.67172379], [-70.44939132, 18.67178947], [-70.44937019, 18.67185988], [-70.44931253, 18.67199476], [-70.44927676, 18.67208439], [-70.44925278, 18.67209407]]]]}, "geometry_name": "the_geom", "properties": {"Posicional": "304675102575", "Expediente": "663201709626", "Area": 922.55, "Municipio": "RANCHO ARRIBA", "Provincia": "San Jos\u00e9 de Ocoa", "Operacion": "Subdivisi\u00f3n", "FechaInsc": "2/3/2018 5:50:43 p.\u00a0m.", "area_calc_m2": 923, "touches_family_land": false, "owner": null, "owner_source": null, "family": false, "category": "confirmed"}}, {"type": "Feature", "id": "Aprobados.70109", "geometry": {"type": "MultiPolygon", "coordinates": [[[[-70.4494506, 18.6710006], [-70.44936474, 18.67112252], [-70.4493376, 18.67122896], [-70.44898419, 18.67113284], [-70.44917186, 18.67064874], [-70.4494506, 18.6710006]]]]}, "geometry_name": "the_geom", "properties": {"Posicional": "304675105492", "Expediente": "663201709626", "Area": 1673.55, "Municipio": "RANCHO ARRIBA", "Provincia": "San Jos\u00e9 de Ocoa", "Operacion": "Subdivisi\u00f3n", "FechaInsc": "2/3/2018 5:50:43 p.\u00a0m.", "area_calc_m2": 1674, "touches_family_land": false, "owner": null, "owner_source": null, "family": false, "category": "confirmed"}}, {"type": "Feature", "id": "Aprobados.70081", "geometry": {"type": "MultiPolygon", "coordinates": [[[[-70.44922706, 18.67248692], [-70.4491874, 18.67249755], [-70.44916699, 18.67245891], [-70.44917588, 18.67236342], [-70.44921652, 18.67221114], [-70.44925278, 18.67209407], [-70.44927676, 18.67208439], [-70.44937852, 18.67204734], [-70.44945105, 18.67202341], [-70.44955852, 18.67197435], [-70.4495835, 18.67196162], [-70.44963218, 18.67193627], [-70.44970952, 18.67192769], [-70.44974966, 18.67194152], [-70.44969829, 18.67204487], [-70.44964381, 18.67215595], [-70.44961557, 18.67222926], [-70.44960749, 18.67227267], [-70.44962057, 18.67231095], [-70.44963627, 18.67233651], [-70.44965367, 18.67235314], [-70.44968467, 18.67237849], [-70.44972041, 18.67240864], [-70.4497396, 18.67243601], [-70.44974406, 18.67246111], [-70.44974038, 18.67247209], [-70.44922706, 18.67248692]]]]}, "geometry_name": "the_geom", "properties": {"Posicional": "304675113852", "Expediente": "663201709626", "Area": 2548.89, "Municipio": "RANCHO ARRIBA", "Provincia": "San Jos\u00e9 de Ocoa", "Operacion": "Subdivisi\u00f3n", "FechaInsc": "2/3/2018 5:50:43 p.\u00a0m.", "area_calc_m2": 2549, "touches_family_land": false, "owner": null, "owner_source": null, "family": false, "category": "confirmed"}}, {"type": "Feature", "id": "Aprobados.70079", "geometry": {"type": "MultiPolygon", "coordinates": [[[[-70.44889295, 18.67298626], [-70.44895343, 18.67296555], [-70.4490176, 18.67293051], [-70.44907356, 18.67288442], [-70.44966493, 18.67296359], [-70.44968842, 18.67309362], [-70.44973305, 18.67318725], [-70.44964885, 18.67320332], [-70.4495685, 18.67325202], [-70.44945104, 18.67330508], [-70.44923927, 18.67338472], [-70.44919004, 18.67339903], [-70.44914873, 18.67331371], [-70.44908234, 18.67320907], [-70.44902295, 18.67317649], [-70.44897761, 18.6731648], [-70.44892549, 18.67314201], [-70.44889295, 18.67298626]]]]}, "geometry_name": "the_geom", "properties": {"Posicional": "304675125727", "Expediente": "663201709626", "Area": 3141.65, "Municipio": "RANCHO ARRIBA", "Provincia": "San Jos\u00e9 de Ocoa", "Operacion": "Subdivisi\u00f3n", "FechaInsc": "2/3/2018 5:50:43 p.\u00a0m.", "area_calc_m2": 3142, "touches_family_land": false, "owner": null, "owner_source": null, "family": false, "category": "confirmed"}}, {"type": "Feature", "id": "Aprobados.83379", "geometry": {"type": "MultiPolygon", "coordinates": [[[[-70.44830667, 18.69113582], [-70.44789164, 18.6910143], [-70.44668298, 18.69086924], [-70.44671893, 18.69080451], [-70.44688011, 18.69049689], [-70.44697801, 18.69031018], [-70.44706689, 18.69006012], [-70.44725992, 18.68917756], [-70.4472587, 18.68908126], [-70.44731974, 18.68893818], [-70.44740207, 18.6886632], [-70.44747862, 18.68828626], [-70.44754813, 18.68803695], [-70.44757297, 18.68803417], [-70.44788635, 18.68801594], [-70.4481484, 18.68799151], [-70.4484944, 18.68798396], [-70.44865119, 18.68800637], [-70.44846924, 18.68965778], [-70.44844703, 18.68985956], [-70.44830999, 18.69107864], [-70.44830667, 18.69113582]]]]}, "geometry_name": "the_geom", "properties": {"Posicional": "304677302939", "Expediente": "6642018001571-05", "Area": 45775.67, "Municipio": "RANCHO ARRIBA", "Provincia": "San Jos\u00e9 de Ocoa", "Operacion": "Subdivisi\u00f3n", "FechaInsc": "27/7/2018 11:24:43 a.\u00a0m.", "area_calc_m2": 45775, "touches_family_land": false, "owner": null, "owner_source": null, "family": false, "category": "confirmed"}}, {"type": "Feature", "id": "Aprobados.289320", "geometry": {"type": "MultiPolygon", "coordinates": [[[[-70.44830667, 18.69113582], [-70.44789164, 18.6910143], [-70.44668298, 18.69086924], [-70.44671893, 18.69080451], [-70.44688011, 18.69049689], [-70.44697801, 18.69031018], [-70.44706689, 18.69006012], [-70.44725992, 18.68917756], [-70.4472587, 18.68908126], [-70.44731974, 18.68893818], [-70.44740207, 18.6886632], [-70.44747862, 18.68828626], [-70.44754813, 18.68803695], [-70.44757297, 18.68803417], [-70.44788635, 18.68801594], [-70.4481484, 18.68799151], [-70.4484944, 18.68798396], [-70.44865119, 18.68800637], [-70.44846924, 18.68965778], [-70.44844703, 18.68985956], [-70.44830999, 18.69107864], [-70.44830667, 18.69113582]]]]}, "geometry_name": "the_geom", "properties": {"Posicional": "304677312031", "Expediente": "6642018001571-06", "Area": 45774.82800293, "Municipio": "RANCHO ARRIBA", "Provincia": "San Jos\u00e9 de Ocoa", "Operacion": "Subdivisi\u00f3n", "FechaInsc": "16/5/2022 1:30:00 p.\u00a0m.", "area_calc_m2": 45775, "touches_family_land": false, "owner": null, "owner_source": null, "family": false, "category": "confirmed"}}, {"type": "Feature", "id": "Aprobados.113498", "geometry": {"type": "MultiPolygon", "coordinates": [[[[-70.44934589, 18.69982567], [-70.44917214, 18.69988783], [-70.44912081, 18.69993918], [-70.44905705, 18.699946], [-70.44882974, 18.69989761], [-70.44885235, 18.69973552], [-70.44884949, 18.69967816], [-70.44862841, 18.69945967], [-70.44849931, 18.69946555], [-70.4485239, 18.69912363], [-70.448533, 18.69906763], [-70.44854853, 18.69890821], [-70.44855138, 18.69886491], [-70.4477921, 18.6986784], [-70.44756065, 18.69863384], [-70.44746446, 18.69861705], [-70.44740318, 18.69863695], [-70.44730288, 18.69877299], [-70.4470698, 18.69867033], [-70.44702406, 18.69864385], [-70.44713441, 18.69833994], [-70.44726239, 18.69832585], [-70.44762846, 18.69827911], [-70.44762767, 18.69827514], [-70.44754522, 18.69799052], [-70.4475157, 18.69785269], [-70.44751855, 18.69781923], [-70.4477042, 18.69771868], [-70.44803889, 18.69772793], [-70.44857688, 18.69777148], [-70.4487346, 18.69817777], [-70.44876818, 18.69824573], [-70.44882438, 18.69836593], [-70.44890555, 18.69835518], [-70.44887399, 18.69853451], [-70.44888456, 18.69864033], [-70.44890632, 18.69884653], [-70.44889735, 18.69889603], [-70.44887526, 18.69907429], [-70.44891754, 18.69913992], [-70.44904714, 18.6993162], [-70.44912532, 18.69943315], [-70.44934589, 18.69982567]]]]}, "geometry_name": "the_geom", "properties": {"Posicional": "304678208936", "Expediente": "6642018029689-05", "Area": 22147.5, "Municipio": "RANCHO ARRIBA", "Provincia": "San Jos\u00e9 de Ocoa", "Operacion": "Saneamiento", "FechaInsc": "7/3/2019 9:02:54 a.\u00a0m.", "area_calc_m2": 22148, "touches_family_land": false, "owner": null, "owner_source": null, "family": false, "category": "confirmed"}}, {"type": "Feature", "id": "Aprobados.117058", "geometry": {"type": "MultiPolygon", "coordinates": [[[[-70.44776037, 18.66948752], [-70.44748527, 18.66948955], [-70.44736493, 18.66950764], [-70.44728677, 18.66954692], [-70.44724023, 18.669593], [-70.44717152, 18.66969626], [-70.44710448, 18.6698165], [-70.44705361, 18.66993309], [-70.44703125, 18.67002362], [-70.44699574, 18.66997284], [-70.44696871, 18.66981556], [-70.44698688, 18.6696329], [-70.44689147, 18.66881193], [-70.44696544, 18.668692], [-70.44749863, 18.66888568], [-70.44788861, 18.66903772], [-70.44777056, 18.66934793], [-70.44776037, 18.66948752]]]]}, "geometry_name": "the_geom", "properties": {"Posicional": "304674386405", "Expediente": "6642018011712-06", "Area": 7753.05993652, "Municipio": "RANCHO ARRIBA", "Provincia": "San Jos\u00e9 de Ocoa", "Operacion": "Saneamiento", "FechaInsc": "19/12/2018 3:39:34 p.\u00a0m.", "area_calc_m2": 7753, "touches_family_land": false, "owner": null, "owner_source": null, "family": false, "category": "confirmed"}}, {"type": "Feature", "id": "Aprobados.70098", "geometry": {"type": "MultiPolygon", "coordinates": [[[[-70.44723402, 18.67136547], [-70.4472249, 18.67130849], [-70.44721523, 18.67126626], [-70.44718175, 18.67126173], [-70.4471474, 18.67135263], [-70.44686689, 18.67110543], [-70.44688271, 18.67108916], [-70.4469275, 18.67105343], [-70.44696192, 18.67103254], [-70.44701667, 18.6710083], [-70.44708014, 18.67099158], [-70.44714181, 18.67098553], [-70.44722365, 18.67099225], [-70.44728749, 18.67100978], [-70.44735089, 18.6710397], [-70.44741475, 18.67108674], [-70.44746404, 18.67114161], [-70.44749553, 18.6711932], [-70.44751858, 18.67125167], [-70.44752045, 18.67126537], [-70.44723402, 18.67136547]]]]}, "geometry_name": "the_geom", "properties": {"Posicional": "304675307529", "Expediente": "663201709626", "Area": 1773.9, "Municipio": "RANCHO ARRIBA", "Provincia": "San Jos\u00e9 de Ocoa", "Operacion": "Subdivisi\u00f3n", "FechaInsc": "2/3/2018 5:50:43 p.\u00a0m.", "area_calc_m2": 1774, "touches_family_land": false, "owner": null, "owner_source": null, "family": false, "category": "confirmed"}}, {"type": "Feature", "id": "Aprobados.70101", "geometry": {"type": "MultiPolygon", "coordinates": [[[[-70.4471343, 18.67254235], [-70.44708032, 18.67258697], [-70.44703582, 18.67263861], [-70.44699452, 18.67269418], [-70.44687526, 18.67276976], [-70.44681516, 18.67274409], [-70.4467697, 18.67267842], [-70.44676376, 18.67264367], [-70.44678044, 18.67263012], [-70.44682398, 18.67257847], [-70.4468652, 18.67250558], [-70.44690931, 18.67244028], [-70.44692807, 18.67242137], [-70.44698689, 18.67237203], [-70.44705835, 18.67227724], [-70.44709757, 18.67217773], [-70.44710526, 18.67213907], [-70.44729483, 18.67217587], [-70.44724979, 18.67233106], [-70.4471343, 18.67254235]]]]}, "geometry_name": "the_geom", "properties": {"Posicional": "304675329013", "Expediente": "663201709626", "Area": 1651.35, "Municipio": "RANCHO ARRIBA", "Provincia": "San Jos\u00e9 de Ocoa", "Operacion": "Subdivisi\u00f3n", "FechaInsc": "2/3/2018 5:50:43 p.\u00a0m.", "area_calc_m2": 1651, "touches_family_land": false, "owner": null, "owner_source": null, "family": false, "category": "confirmed"}}, {"type": "Feature", "id": "Aprobados.70078", "geometry": {"type": "MultiPolygon", "coordinates": [[[[-70.44345036, 18.67421153], [-70.44348552, 18.67416582], [-70.44350178, 18.67413618], [-70.44351477, 18.6741041], [-70.44352414, 18.67407993], [-70.44353613, 18.67406336], [-70.44356154, 18.6740435], [-70.44358644, 18.67403408], [-70.44361202, 18.6740315], [-70.44363197, 18.67403402], [-70.4436547, 18.67404402], [-70.44368608, 18.67405671], [-70.4437296, 18.67406731], [-70.44376367, 18.67407052], [-70.44382901, 18.67406554], [-70.44388743, 18.67405854], [-70.44395819, 18.67405153], [-70.44400044, 18.67404812], [-70.44406971, 18.67404583], [-70.44410289, 18.67404393], [-70.44414687, 18.67404059], [-70.44422094, 18.67403183], [-70.44425627, 18.67402296], [-70.44430388, 18.6740056], [-70.44444427, 18.67393682], [-70.4445785, 18.67387166], [-70.44470247, 18.67381148], [-70.44479082, 18.673772], [-70.44488652, 18.67374022], [-70.44497794, 18.67371964], [-70.44507638, 18.67370741], [-70.44515364, 18.67369471], [-70.44521962, 18.67367857], [-70.44526805, 18.67365323], [-70.44533107, 18.67362045], [-70.44539159, 18.67359362], [-70.44545273, 18.67357073], [-70.44552875, 18.67354775], [-70.44560114, 18.67353117], [-70.44569122, 18.6735115], [-70.44576453, 18.67348427], [-70.44585373, 18.6734323], [-70.44589839, 18.67339694], [-70.44598451, 18.67333614], [-70.44603922, 18.67330354], [-70.44605514, 18.6732925], [-70.44608589, 18.67327728], [-70.4461359, 18.67325268], [-70.44621109, 18.67322053], [-70.44631139, 18.67318109], [-70.44637458, 18.67315083], [-70.44645906, 18.6730875], [-70.44654152, 18.67303163], [-70.44665849, 18.67296154], [-70.44675679, 18.67290971], [-70.4468488, 18.67285145], [-70.44697599, 18.67277105], [-70.44704569, 18.67272685], [-70.44707794, 18.67270639], [-70.44711313, 18.6726927], [-70.44714188, 18.67269263], [-70.44717199, 18.67270303], [-70.44719736, 18.67272458], [-70.44721776, 18.67275792], [-70.44725195, 18.67280265], [-70.44731398, 18.67286053], [-70.44737053, 18.67289982], [-70.44743296, 18.67293228], [-70.44748861, 18.67295337], [-70.44755694, 18.67296557], [-70.44760867, 18.67297207], [-70.44764871, 18.67297563], [-70.44771937, 18.67296429], [-70.44780783, 18.67293538], [-70.44796759, 18.67287691], [-70.44806833, 18.6728713], [-70.44815845, 18.67291459], [-70.44817897, 18.67292999], [-70.44821102, 18.67294703], [-70.44824974, 18.67295902], [-70.4482868, 18.6729632], [-70.44833115, 18.67295946], [-70.44836736, 18.67295615], [-70.44841926, 18.67295656], [-70.44846147, 18.67296141], [-70.44850102, 18.67296977], [-70.44853619, 18.67298048], [-70.44858979, 18.67299091], [-70.44866762, 18.67300004], [-70.44872708, 18.67300236], [-70.44878232, 18.67300093], [-70.44884843, 18.67299466], [-70.44889295, 18.67298626], [-70.44892549, 18.67314201], [-70.44872633, 18.67307916], [-70.44831461, 18.67301823], [-70.44811017, 18.67296943], [-70.44799939, 18.67296245], [-70.4477752, 18.67297513], [-70.44766328, 18.67298503], [-70.44747142, 18.67296834], [-70.44733786, 18.67293833], [-70.44727014, 18.67291515], [-70.44715751, 18.67287847], [-70.447109, 18.67288647], [-70.44707854, 18.67288763], [-70.44698192, 18.67289134], [-70.44679155, 18.67294403], [-70.44666135, 18.67301286], [-70.44649985, 18.67310444], [-70.44642762, 18.67314246], [-70.4462692, 18.67320715], [-70.44613178, 18.67326293], [-70.44605946, 18.67329794], [-70.44596146, 18.67339299], [-70.44592636, 18.67342703], [-70.44585837, 18.67347041], [-70.44580699, 18.67349581], [-70.44572045, 18.67351927], [-70.44566002, 18.67353566], [-70.44553624, 18.67356643], [-70.44546752, 18.67358528], [-70.44531201, 18.67365061], [-70.44526203, 18.6736716], [-70.44520054, 18.67369242], [-70.44510784, 18.67371092], [-70.44498131, 18.67373508], [-70.44493315, 18.67374428], [-70.44486194, 18.67377176], [-70.44474642, 18.67382184], [-70.44464992, 18.67385753], [-70.44452719, 18.67391019], [-70.44447617, 18.67393674], [-70.44440616, 18.6739829], [-70.44435469, 18.67401072], [-70.44428563, 18.6740282], [-70.44414656, 18.67406423], [-70.44405565, 18.67406476], [-70.44400211, 18.67406764], [-70.44390603, 18.67408806], [-70.44387377, 18.67409363], [-70.4437924, 18.67409961], [-70.44368404, 18.67410789], [-70.44361748, 18.67411899], [-70.44357148, 18.67414543], [-70.44351898, 18.67419175], [-70.44348058, 18.6742335], [-70.44345036, 18.67421153]]]]}, "geometry_name": "the_geom", "properties": {"Posicional": "304675422505", "Expediente": "663201709626", "Area": 3000.49, "Municipio": "RANCHO ARRIBA", "Provincia": "San Jos\u00e9 de Ocoa", "Operacion": "Subdivisi\u00f3n", "FechaInsc": "2/3/2018 5:50:43 p.\u00a0m.", "area_calc_m2": 3001, "touches_family_land": false, "owner": null, "owner_source": null, "family": false, "category": "confirmed"}}, {"type": "Feature", "id": "Aprobados.311601", "geometry": {"type": "MultiPolygon", "coordinates": [[[[-70.44550726, 18.69124314], [-70.4455816, 18.69123001], [-70.44557504, 18.69110983], [-70.44555411, 18.69103838], [-70.44554037, 18.69096383], [-70.44550333, 18.69086016], [-70.44548679, 18.69073152], [-70.44545529, 18.69053321], [-70.44547563, 18.69052567], [-70.4454911, 18.69044844], [-70.44551399, 18.69037222], [-70.44552502, 18.68994049], [-70.44537028, 18.68998573], [-70.44531565, 18.68995597], [-70.44529615, 18.68991925], [-70.44526349, 18.689849], [-70.44517045, 18.68987483], [-70.44516659, 18.68987484], [-70.44516058, 18.68987406], [-70.44511077, 18.68972114], [-70.44509336, 18.68966422], [-70.4450477, 18.68948488], [-70.4450197, 18.68936648], [-70.44501613, 18.68934694], [-70.44501689, 18.68932231], [-70.44511845, 18.68931357], [-70.44519881, 18.68931537], [-70.44538449, 18.68933719], [-70.4454468, 18.68934603], [-70.44549404, 18.68934925], [-70.44555482, 18.68935432], [-70.44563377, 18.68934543], [-70.44577695, 18.68933973], [-70.4458539, 18.68933786], [-70.44595217, 18.68934005], [-70.44603937, 18.6893389], [-70.44611849, 18.68934019], [-70.4461658, 18.68934162], [-70.44623566, 18.68934893], [-70.44630799, 18.6893564], [-70.44634489, 18.68936043], [-70.44639051, 18.6893699], [-70.44644483, 18.68938384], [-70.44649365, 18.68940086], [-70.44646556, 18.68950028], [-70.44641966, 18.68964207], [-70.44638152, 18.68973896], [-70.44636812, 18.68978132], [-70.44633219, 18.68990192], [-70.44629734, 18.69001364], [-70.44627189, 18.6900886], [-70.4462317, 18.69019822], [-70.44619257, 18.69035446], [-70.44615105, 18.69048602], [-70.44612006, 18.69057526], [-70.44609706, 18.69065373], [-70.44604193, 18.69078992], [-70.44594118, 18.69105847], [-70.4459216, 18.6911066], [-70.44587359, 18.69119961], [-70.44581571, 18.69129719], [-70.44578258, 18.69135072], [-70.44574932, 18.69141173], [-70.44571714, 18.69147407], [-70.44568828, 18.6915394], [-70.44566524, 18.69153074], [-70.44562534, 18.69151319], [-70.44555402, 18.69148516], [-70.44555381, 18.69148036], [-70.44554867, 18.69143876], [-70.44554397, 18.69139583], [-70.44552574, 18.69133201], [-70.44551535, 18.69130432], [-70.44550726, 18.69124314]]]]}, "geometry_name": "the_geom", "properties": {"Posicional": "304677513595", "Expediente": "6642022040115-03", "Area": 18893.07, "Municipio": "RANCHO ARRIBA", "Provincia": "San Jos\u00e9 de Ocoa", "Operacion": "Saneamiento", "FechaInsc": "12/7/2022 2:50:36 p.\u00a0m.", "area_calc_m2": 18893, "touches_family_land": false, "owner": null, "owner_source": null, "family": false, "category": "confirmed"}}, {"type": "Feature", "id": "Aprobados.131345", "geometry": {"type": "MultiPolygon", "coordinates": [[[[-70.44584157, 18.69794795], [-70.44565436, 18.69785097], [-70.44548892, 18.69810497], [-70.44546172, 18.69812381], [-70.44544588, 18.69799691], [-70.44528491, 18.69788498], [-70.44516244, 18.69779919], [-70.4450093, 18.69768643], [-70.44494958, 18.69765454], [-70.44489318, 18.69760157], [-70.44484479, 18.69757484], [-70.44497699, 18.69747806], [-70.44504376, 18.69744449], [-70.44515213, 18.69741362], [-70.44522691, 18.69737911], [-70.44528154, 18.69734327], [-70.4454324, 18.6972283], [-70.44552662, 18.69717382], [-70.44561221, 18.69707987], [-70.44586581, 18.69685149], [-70.44612713, 18.69705767], [-70.44652934, 18.69732752], [-70.44649321, 18.69738952], [-70.44643072, 18.69745251], [-70.44624618, 18.69760591], [-70.44617721, 18.69766198], [-70.44601275, 18.69780027], [-70.44586703, 18.69792505], [-70.44584157, 18.69794795]]]]}, "geometry_name": "the_geom", "properties": {"Posicional": "304677595711", "Expediente": "6642018023532-07", "Area": 11368.61, "Municipio": "RANCHO ARRIBA", "Provincia": "San Jos\u00e9 de Ocoa", "Operacion": "Subdivisi\u00f3n", "FechaInsc": "6/8/2019 2:00:54 p.\u00a0m.", "area_calc_m2": 11369, "touches_family_land": false, "owner": null, "owner_source": null, "family": false, "category": "confirmed"}}, {"type": "Feature", "id": "Aprobados.300973", "geometry": {"type": "MultiPolygon", "coordinates": [[[[-70.44600185, 18.6984513], [-70.44587466, 18.6982988], [-70.4459095, 18.69822928], [-70.44593433, 18.69817808], [-70.44604185, 18.69823001], [-70.44620634, 18.69832036], [-70.44617388, 18.69834766], [-70.44614421, 18.69836816], [-70.44613427, 18.69837415], [-70.44608641, 18.69840292], [-70.44603808, 18.69843104], [-70.44600185, 18.6984513]]]]}, "geometry_name": "the_geom", "properties": {"Posicional": "304678502614", "Expediente": "6642020023541-03", "Area": 538.39703369, "Municipio": "", "Provincia": "", "Operacion": "Saneamiento", "FechaInsc": "15/9/2020 3:30:08 p.\u00a0m.", "area_calc_m2": 538, "touches_family_land": false, "owner": null, "owner_source": null, "family": false, "category": "confirmed"}}, {"type": "Feature", "id": "Aprobados.70090", "geometry": {"type": "MultiPolygon", "coordinates": [[[[-70.44517705, 18.67363661], [-70.44512173, 18.67364967], [-70.44506231, 18.6736549], [-70.44499477, 18.67366228], [-70.44496054, 18.67366807], [-70.44495527, 18.67364139], [-70.44486872, 18.67362071], [-70.44480254, 18.67364838], [-70.44484847, 18.67369455], [-70.44474582, 18.67373132], [-70.44465348, 18.67377443], [-70.44446448, 18.67324614], [-70.44494978, 18.67313516], [-70.44517705, 18.67363661]]]]}, "geometry_name": "the_geom", "properties": {"Posicional": "304675632170", "Expediente": "663201709626", "Area": 3148.37, "Municipio": "RANCHO ARRIBA", "Provincia": "San Jos\u00e9 de Ocoa", "Operacion": "Subdivisi\u00f3n", "FechaInsc": "2/3/2018 5:50:43 p.\u00a0m.", "area_calc_m2": 3149, "touches_family_land": false, "owner": null, "owner_source": null, "family": false, "category": "confirmed"}}, {"type": "Feature", "id": "Aprobados.76025", "geometry": {"type": "MultiPolygon", "coordinates": [[[[-70.44506668, 18.69281815], [-70.44492798, 18.69275895], [-70.44466841, 18.69265817], [-70.44435369, 18.69259342], [-70.44421415, 18.69226477], [-70.44387771, 18.69225228], [-70.44396927, 18.69210603], [-70.44402734, 18.69190922], [-70.44376852, 18.69159014], [-70.44341095, 18.69069285], [-70.44305371, 18.6897953], [-70.44320858, 18.68965082], [-70.44321576, 18.6896304], [-70.4433291, 18.68969766], [-70.44353582, 18.6897579], [-70.4436519, 18.68979894], [-70.44369538, 18.68981621], [-70.44394109, 18.68994007], [-70.44400479, 18.68998002], [-70.44409116, 18.6900502], [-70.44415023, 18.69011434], [-70.44420186, 18.69019168], [-70.44428143, 18.69033001], [-70.44439174, 18.69044811], [-70.44446756, 18.6905145], [-70.44488091, 18.69089118], [-70.44493696, 18.69112268], [-70.4449741, 18.69169795], [-70.44497007, 18.69188266], [-70.44498098, 18.69210279], [-70.44498213, 18.69212562], [-70.4450045, 18.69218942], [-70.44506149, 18.69228376], [-70.44505121, 18.69239633], [-70.44508806, 18.69251233], [-70.44506668, 18.69281815]]]]}, "geometry_name": "the_geom", "properties": {"Posicional": "304677720784", "Expediente": "663201707102", "Area": 36629.99, "Municipio": "RANCHO ARRIBA", "Provincia": "SAN JOS\u00c9 DE OCOA", "Operacion": "Actualizaci\u00f3n de mensuras", "FechaInsc": "13/4/2018 10:46:26 a.\u00a0m.", "area_calc_m2": 36629, "touches_family_land": false, "owner": null, "owner_source": null, "family": false, "category": "confirmed"}}, {"type": "Feature", "id": "Aprobados.59529", "geometry": {"type": "MultiPolygon", "coordinates": [[[[-70.44505035, 18.69509386], [-70.44507053, 18.6953486], [-70.44513803, 18.69561626], [-70.445097, 18.69560827], [-70.44501663, 18.69557889], [-70.44488918, 18.69557607], [-70.44472845, 18.69559701], [-70.4445532, 18.69563794], [-70.44432789, 18.6957247], [-70.44402352, 18.69588391], [-70.44382027, 18.69540078], [-70.44447505, 18.69523391], [-70.44505035, 18.69509386]]]]}, "geometry_name": "the_geom", "properties": {"Posicional": "304677678407", "Expediente": "663201706972", "Area": 6287.9, "Municipio": "RANCHO ARRIBA", "Provincia": "San Jos\u00e9 de Ocoa", "Operacion": "Subdivisi\u00f3n", "FechaInsc": "14/12/2017 10:13:37 a.\u00a0m.", "area_calc_m2": 6288, "touches_family_land": false, "owner": null, "owner_source": null, "family": false, "category": "confirmed"}}, {"type": "Feature", "id": "Aprobados.59530", "geometry": {"type": "MultiPolygon", "coordinates": [[[[-70.44504024, 18.69504098], [-70.44460799, 18.69514575], [-70.44452211, 18.69480322], [-70.44500539, 18.69469978], [-70.44501006, 18.69478217], [-70.44502634, 18.69496827], [-70.44504024, 18.69504098]]]]}, "geometry_name": "the_geom", "properties": {"Posicional": "304677664887", "Expediente": "663201706972", "Area": 1884.57, "Municipio": "RANCHO ARRIBA", "Provincia": "San Jos\u00e9 de Ocoa", "Operacion": "Subdivisi\u00f3n", "FechaInsc": "14/12/2017 10:13:37 a.\u00a0m.", "area_calc_m2": 1884, "touches_family_land": false, "owner": null, "owner_source": null, "family": false, "category": "confirmed"}}, {"type": "Feature", "id": "Aprobados.13265", "geometry": {"type": "MultiPolygon", "coordinates": [[[[-70.4450117, 18.69944484], [-70.44510199, 18.69923271], [-70.44513356, 18.69922438], [-70.44536999, 18.69925079], [-70.44529033, 18.69951769], [-70.4450117, 18.69944484]]]]}, "geometry_name": "the_geom", "properties": {"Posicional": "304678610799", "Expediente": "663201605300", "Area": 825.59002686, "Municipio": "RANCHO ARRIBA", "Provincia": "SAN JOS\u00c9 DE OCOA", "Operacion": "Saneamiento", "FechaInsc": "28/10/2016 1:34:03 p.\u00a0m.", "area_calc_m2": 826, "touches_family_land": false, "owner": null, "owner_source": null, "family": false, "category": "confirmed"}}, {"type": "Feature", "id": "Aprobados.59531", "geometry": {"type": "MultiPolygon", "coordinates": [[[[-70.44497951, 18.6943108], [-70.44499546, 18.69452459], [-70.44500539, 18.69469978], [-70.44452211, 18.69480322], [-70.44460799, 18.69514575], [-70.44380558, 18.69534841], [-70.44382027, 18.69540078], [-70.44402352, 18.69588391], [-70.44363661, 18.6960863], [-70.4437677, 18.69720002], [-70.44373774, 18.69723332], [-70.44360092, 18.69733494], [-70.44338231, 18.69742825], [-70.44309267, 18.69747665], [-70.44280769, 18.69758239], [-70.44250383, 18.69760849], [-70.44218506, 18.69758709], [-70.44219621, 18.69740668], [-70.44222035, 18.69720362], [-70.44228812, 18.69671637], [-70.44233564, 18.6965973], [-70.44239937, 18.69648272], [-70.44257711, 18.69616066], [-70.44271311, 18.69619889], [-70.44287205, 18.69614228], [-70.44300736, 18.69594987], [-70.44324239, 18.69574894], [-70.4433405, 18.69564085], [-70.44332596, 18.69554619], [-70.4433414, 18.69541113], [-70.44334907, 18.69530291], [-70.44352374, 18.69516646], [-70.44364107, 18.69498873], [-70.44383626, 18.69495001], [-70.44432333, 18.69484682], [-70.44442553, 18.69482389], [-70.44450958, 18.69441902], [-70.44497951, 18.6943108]]]]}, "geometry_name": "the_geom", "properties": {"Posicional": "304677880337", "Expediente": "663201706972", "Area": 35458.68, "Municipio": "RANCHO ARRIBA", "Provincia": "San Jos\u00e9 de Ocoa", "Operacion": "Subdivisi\u00f3n", "FechaInsc": "14/12/2017 10:13:37 a.\u00a0m.", "area_calc_m2": 35459, "touches_family_land": false, "owner": null, "owner_source": null, "family": false, "category": "confirmed"}}, {"type": "Feature", "id": "Aprobados.427637", "geometry": {"type": "MultiPolygon", "coordinates": [[[[-70.43783816, 18.71980323], [-70.43786306, 18.71974433], [-70.43788939, 18.71973113], [-70.43816135, 18.71959474], [-70.43816283, 18.71959262], [-70.43842064, 18.71945493], [-70.43846513, 18.71941492], [-70.43851278, 18.71941417], [-70.43861634, 18.71951086], [-70.43858316, 18.7197673], [-70.43855888, 18.71983004], [-70.4392258, 18.71967079], [-70.43926492, 18.71970512], [-70.43959604, 18.71992811], [-70.4398776, 18.72011243], [-70.44011704, 18.72022138], [-70.44017101, 18.72025279], [-70.44027776, 18.72031491], [-70.44040319, 18.72038599], [-70.44058129, 18.72044931], [-70.44076623, 18.72044975], [-70.44104169, 18.72042898], [-70.44125965, 18.72041181], [-70.4414702, 18.72044798], [-70.44163146, 18.72058325], [-70.44177227, 18.72071429], [-70.44193122, 18.72088148], [-70.44207027, 18.72109077], [-70.44212139, 18.72114668], [-70.44222955, 18.72125127], [-70.44227828, 18.72134566], [-70.44234908, 18.72146804], [-70.44237786, 18.72148406], [-70.44245046, 18.72151883], [-70.44257473, 18.72153791], [-70.44261802, 18.72152944], [-70.44284374, 18.72142526], [-70.4429713, 18.72136697], [-70.44305713, 18.72133704], [-70.44320203, 18.72127489], [-70.44324173, 18.72125277], [-70.44334859, 18.72119697], [-70.44347277, 18.72112121], [-70.44358888, 18.72147856], [-70.44364488, 18.72178331], [-70.44370161, 18.72197605], [-70.44386532, 18.72239982], [-70.44389425, 18.72249657], [-70.44391804, 18.72258229], [-70.4440947, 18.72336909], [-70.444256, 18.72384696], [-70.4443778, 18.72420576], [-70.44439174, 18.72428861], [-70.4443886, 18.72452108], [-70.44075938, 18.72547939], [-70.44082908, 18.72522935], [-70.44086208, 18.72515012], [-70.44112504, 18.72469009], [-70.44135239, 18.72419891], [-70.4416637, 18.72371522], [-70.44172725, 18.72353873], [-70.44153904, 18.72345246], [-70.44150384, 18.72313167], [-70.441407, 18.72304689], [-70.44113496, 18.72290659], [-70.44088506, 18.72321544], [-70.4404093, 18.72309508], [-70.44040748, 18.72306235], [-70.4404122, 18.72305829], [-70.44052091, 18.7229447], [-70.44057385, 18.72286999], [-70.44058617, 18.72284759], [-70.44059183, 18.72281334], [-70.44058909, 18.72275801], [-70.44056392, 18.72262152], [-70.44048323, 18.7225009], [-70.44039132, 18.72235802], [-70.44034061, 18.72225316], [-70.44032485, 18.72221366], [-70.44031287, 18.72210152], [-70.44028387, 18.72197732], [-70.44021209, 18.72184567], [-70.44016504, 18.72178932], [-70.44016374, 18.7217874], [-70.44009815, 18.72169023], [-70.44005046, 18.72160794], [-70.44002207, 18.72153973], [-70.43993161, 18.72146107], [-70.439816, 18.7213694], [-70.43977303, 18.72133829], [-70.43971175, 18.72129441], [-70.43964612, 18.72125369], [-70.43954629, 18.72122911], [-70.43946324, 18.72117495], [-70.43945011, 18.72113225], [-70.43939639, 18.72109243], [-70.43933168, 18.72106495], [-70.43928793, 18.72105483], [-70.43921108, 18.72104], [-70.43914517, 18.72102877], [-70.43906507, 18.72100926], [-70.43902039, 18.7210043], [-70.43898569, 18.72099882], [-70.43893803, 18.7209754], [-70.43889012, 18.72094523], [-70.43877941, 18.72090594], [-70.43870089, 18.72087013], [-70.43862256, 18.7207955], [-70.43847706, 18.72070558], [-70.43835586, 18.72064725], [-70.43833301, 18.72063361], [-70.43827719, 18.72060029], [-70.43821703, 18.72054648], [-70.43818061, 18.72050229], [-70.43814477, 18.72044349], [-70.43810573, 18.72037912], [-70.43804016, 18.72027292], [-70.43798368, 18.72017941], [-70.43794248, 18.72008921], [-70.43790374, 18.71999289], [-70.4378864, 18.71994236], [-70.4378718, 18.71988343], [-70.43787089, 18.71982931], [-70.43787183, 18.71980084], [-70.43783816, 18.71980323]]]]}, "geometry_name": "the_geom", "properties": {"Posicional": "304780070320", "Expediente": "6642022114194-05", "Area": 183609.12, "Municipio": "RANCHO ARRIBA", "Provincia": "San Jos\u00e9 de Ocoa", "Operacion": "Subdivisi\u00f3n", "FechaInsc": "10/7/2023 6:46:44 p.\u00a0m.", "area_calc_m2": 183609, "touches_family_land": false, "owner": null, "owner_source": null, "family": false, "category": "confirmed"}}, {"type": "Feature", "id": "Aprobados.70073", "geometry": {"type": "MultiPolygon", "coordinates": [[[[-70.44363643, 18.67275769], [-70.44384788, 18.67292074], [-70.44395661, 18.67300373], [-70.44365654, 18.67336343], [-70.44341033, 18.67334139], [-70.44342152, 18.67331079], [-70.44343864, 18.67326931], [-70.44347832, 18.67318957], [-70.44352134, 18.67311381], [-70.4435289, 18.67303619], [-70.44338142, 18.67306225], [-70.44333325, 18.67308436], [-70.44320168, 18.67312516], [-70.44315852, 18.67313821], [-70.44315933, 18.67317223], [-70.44321193, 18.6731535], [-70.44334192, 18.673123], [-70.44340226, 18.6731167], [-70.44342611, 18.6731208], [-70.44343272, 18.67315894], [-70.44327838, 18.673613], [-70.44320478, 18.67374914], [-70.4431316, 18.673847], [-70.44293061, 18.67411599], [-70.4429118, 18.67410999], [-70.44285861, 18.6740986], [-70.44267239, 18.67409529], [-70.44258033, 18.67385264], [-70.44254525, 18.67376016], [-70.44246727, 18.67365968], [-70.44214113, 18.67323423], [-70.4416715, 18.67316608], [-70.44152284, 18.67306806], [-70.44134371, 18.67304482], [-70.44124057, 18.67302346], [-70.44099762, 18.67291982], [-70.4408741, 18.67285443], [-70.44079875, 18.67282901], [-70.44067601, 18.67280563], [-70.44117716, 18.67186027], [-70.44118166, 18.67185445], [-70.44125307, 18.6717841], [-70.44126092, 18.67177086], [-70.44129856, 18.67171494], [-70.44129308, 18.67169], [-70.44130152, 18.67168322], [-70.44131901, 18.67167999], [-70.44132787, 18.67167074], [-70.44136925, 18.67160519], [-70.44137103, 18.67157676], [-70.44143099, 18.67145488], [-70.44143904, 18.67144215], [-70.44148809, 18.67138833], [-70.44155943, 18.67134463], [-70.44160824, 18.67131121], [-70.44163552, 18.67129282], [-70.44224903, 18.67114153], [-70.4424484, 18.6710486], [-70.4425367, 18.67104035], [-70.44262444, 18.6710907], [-70.44269667, 18.67111412], [-70.4427499, 18.67118345], [-70.44280747, 18.67132909], [-70.44285043, 18.67145273], [-70.44301208, 18.6719554], [-70.44312734, 18.6724287], [-70.44326179, 18.67289258], [-70.4433349, 18.67286626], [-70.44363643, 18.67275769]]]]}, "geometry_name": "the_geom", "properties": {"Posicional": "304675829024", "Expediente": "663201709626", "Area": 56304.32, "Municipio": "RANCHO ARRIBA", "Provincia": "San Jos\u00e9 de Ocoa", "Operacion": "Refundici\u00f3n", "FechaInsc": "2/3/2018 5:50:43 p.\u00a0m.", "area_calc_m2": 56304, "touches_family_land": false, "owner": null, "owner_source": null, "family": false, "category": "confirmed"}}, {"type": "Feature", "id": "Aprobados.70074", "geometry": {"type": "MultiPolygon", "coordinates": [[[[-70.44326181, 18.67289256], [-70.44315365, 18.67293151], [-70.4432017, 18.67312514], [-70.44315855, 18.67313819], [-70.44315936, 18.67317221], [-70.44321196, 18.67315348], [-70.44334194, 18.67312298], [-70.44340229, 18.67311668], [-70.44342613, 18.67312078], [-70.44343275, 18.67315892], [-70.44327841, 18.67361298], [-70.44320481, 18.67374912], [-70.44313162, 18.67384698], [-70.44293063, 18.67411597], [-70.44291183, 18.67410997], [-70.44285864, 18.67409858], [-70.44267241, 18.67409527], [-70.44258036, 18.67385262], [-70.44254528, 18.67376013], [-70.44246472, 18.67365865], [-70.44249486, 18.67347034], [-70.44216457, 18.67323228], [-70.44210224, 18.67319706], [-70.44208622, 18.67315661], [-70.44192262, 18.67305835], [-70.44189878, 18.67306069], [-70.44185604, 18.67303709], [-70.44168415, 18.67304712], [-70.44152287, 18.67306804], [-70.44134373, 18.6730448], [-70.4412406, 18.67302344], [-70.44099765, 18.6729198], [-70.44087413, 18.67285441], [-70.44079877, 18.67282899], [-70.44067603, 18.67280561], [-70.44117719, 18.67186025], [-70.44118169, 18.67185443], [-70.4412531, 18.67178408], [-70.44126094, 18.67177084], [-70.44129858, 18.67171492], [-70.44129311, 18.67168998], [-70.44130154, 18.6716832], [-70.44131904, 18.67167997], [-70.4413279, 18.67167072], [-70.44136928, 18.67160517], [-70.44137106, 18.67157674], [-70.44143102, 18.67145486], [-70.44143907, 18.67144213], [-70.44148812, 18.67138831], [-70.44155945, 18.67134461], [-70.44160827, 18.67131119], [-70.44163554, 18.6712928], [-70.44224906, 18.67114151], [-70.44244842, 18.67104858], [-70.44253672, 18.67104033], [-70.44262447, 18.67109068], [-70.4426967, 18.6711141], [-70.44274993, 18.67118343], [-70.44280749, 18.67132907], [-70.44285045, 18.67145271], [-70.44301211, 18.67195538], [-70.44312737, 18.67242868], [-70.44326181, 18.67289256]]]]}, "geometry_name": "the_geom", "properties": {"Posicional": "304675819998", "Expediente": "663201709626", "Area": 52110.89, "Municipio": "RANCHO ARRIBA", "Provincia": "San Jos\u00e9 de Ocoa", "Operacion": "Subdivisi\u00f3n", "FechaInsc": "2/3/2018 5:50:43 p.\u00a0m.", "area_calc_m2": 52117, "touches_family_land": false, "owner": null, "owner_source": null, "family": false, "category": "confirmed"}}, {"type": "Feature", "id": "Aprobados.70077", "geometry": {"type": "MultiPolygon", "coordinates": [[[[-70.44293061, 18.67411599], [-70.44290915, 18.67416545], [-70.44290478, 18.67420822], [-70.44290956, 18.67424279], [-70.44292441, 18.67428117], [-70.4429393, 18.67430387], [-70.44296788, 18.67433322], [-70.44299313, 18.67435064], [-70.44301976, 18.67436261], [-70.44305513, 18.674372], [-70.44309437, 18.67437372], [-70.44312725, 18.67436922], [-70.44317876, 18.67435146], [-70.44328657, 18.67430948], [-70.44334495, 18.67428534], [-70.44338512, 18.67426459], [-70.44342138, 18.67423878], [-70.44345036, 18.67421153], [-70.44348058, 18.6742335], [-70.44342219, 18.67431731], [-70.44337346, 18.67437716], [-70.44328417, 18.67447031], [-70.44322218, 18.67454191], [-70.443145, 18.67461317], [-70.44306802, 18.67468567], [-70.44299574, 18.67473848], [-70.44296265, 18.67475991], [-70.44286066, 18.67481102], [-70.44275251, 18.67497186], [-70.44268214, 18.675014], [-70.44264466, 18.67487712], [-70.44261453, 18.67475863], [-70.44258029, 18.67465265], [-70.44255885, 18.674553], [-70.44256655, 18.67442335], [-70.44257369, 18.67433332], [-70.44260251, 18.67423649], [-70.44267239, 18.67409529], [-70.44285861, 18.6740986], [-70.4429118, 18.67410999], [-70.44293061, 18.67411599]]]]}, "geometry_name": "the_geom", "properties": {"Posicional": "304675843225", "Expediente": "663201709626", "Area": 4518.89, "Municipio": "RANCHO ARRIBA", "Provincia": "San Jos\u00e9 de Ocoa", "Operacion": "Subdivisi\u00f3n", "FechaInsc": "2/3/2018 5:50:43 p.\u00a0m.", "area_calc_m2": 4519, "touches_family_land": false, "owner": null, "owner_source": null, "family": false, "category": "confirmed"}}, {"type": "Feature", "id": "Aprobados.59532", "geometry": {"type": "MultiPolygon", "coordinates": [[[[-70.44498053, 18.69406925], [-70.44497834, 18.69429512], [-70.44497951, 18.6943108], [-70.44450958, 18.69441902], [-70.44442553, 18.69482389], [-70.44432333, 18.69484682], [-70.44383626, 18.69495001], [-70.44364107, 18.69498873], [-70.44352374, 18.69516646], [-70.44334907, 18.69530291], [-70.4433414, 18.69541113], [-70.44332596, 18.69554619], [-70.4433405, 18.69564085], [-70.44324239, 18.69574894], [-70.44300736, 18.69594987], [-70.44287205, 18.69614228], [-70.44271311, 18.69619889], [-70.44257711, 18.69616066], [-70.44239937, 18.69648272], [-70.44233564, 18.6965973], [-70.44228812, 18.69671637], [-70.44222035, 18.69720361], [-70.44219621, 18.69740668], [-70.44218506, 18.69758709], [-70.44166806, 18.69778217], [-70.44121264, 18.69797208], [-70.44071878, 18.69776498], [-70.44064865, 18.69776895], [-70.44176728, 18.69441552], [-70.44233265, 18.69435759], [-70.44239982, 18.69435075], [-70.44266465, 18.69435224], [-70.44274403, 18.69435497], [-70.44287737, 18.69433569], [-70.44311347, 18.6942915], [-70.44328901, 18.69427325], [-70.44346852, 18.6942425], [-70.4436884, 18.69422048], [-70.44388456, 18.69418527], [-70.44429863, 18.69414133], [-70.44454109, 18.69412067], [-70.44493896, 18.69407839], [-70.44498053, 18.69406925]]]]}, "geometry_name": "the_geom", "properties": {"Posicional": "304677970758", "Expediente": "663201706972", "Area": 76110.13, "Municipio": "RANCHO ARRIBA", "Provincia": "San Jos\u00e9 de Ocoa", "Operacion": "Subdivisi\u00f3n", "FechaInsc": "14/12/2017 10:13:37 a.\u00a0m.", "area_calc_m2": 76111, "touches_family_land": false, "owner": null, "owner_source": null, "family": false, "category": "confirmed"}}, {"type": "Feature", "id": "Aprobados.102610", "geometry": {"type": "MultiPolygon", "coordinates": [[[[-70.44180219, 18.71892615], [-70.44134803, 18.71868361], [-70.44186903, 18.71779834], [-70.44229149, 18.71811781], [-70.44180219, 18.71892615]]]]}, "geometry_name": "the_geom", "properties": {"Posicional": "304770928822", "Expediente": "6642018062406-04", "Area": 5988.81, "Municipio": "RANCHO ARRIBA", "Provincia": "San Jos\u00e9 de Ocoa", "Operacion": "Subdivisi\u00f3n", "FechaInsc": "11/2/2019 9:25:51 a.\u00a0m.", "area_calc_m2": 5989, "touches_family_land": false, "owner": null, "owner_source": null, "family": false, "category": "confirmed"}}, {"type": "Feature", "id": "Aprobados.102611", "geometry": {"type": "MultiPolygon", "coordinates": [[[[-70.44037689, 18.72028875], [-70.44134803, 18.71868361], [-70.44180219, 18.71892615], [-70.44097203, 18.72040293], [-70.44082522, 18.72040799], [-70.44060533, 18.72039744], [-70.44049394, 18.72038148], [-70.44037689, 18.72028875]]]]}, "geometry_name": "the_geom", "properties": {"Posicional": "304780045197", "Expediente": "6642018062406-04", "Area": 11600.94, "Municipio": "RANCHO ARRIBA", "Provincia": "San Jos\u00e9 de Ocoa", "Operacion": "Subdivisi\u00f3n", "FechaInsc": "11/2/2019 9:25:51 a.\u00a0m.", "area_calc_m2": 11601, "touches_family_land": false, "owner": null, "owner_source": null, "family": false, "category": "confirmed"}}, {"type": "Feature", "id": "Aprobados.19110", "geometry": {"type": "MultiPolygon", "coordinates": [[[[-70.44065508, 18.67160091], [-70.44084147, 18.67168731], [-70.44093233, 18.67173029], [-70.44097822, 18.67171211], [-70.44105707, 18.67170813], [-70.44096319, 18.67186615], [-70.44087179, 18.67193665], [-70.44084528, 18.67198053], [-70.44087272, 18.67214956], [-70.44057414, 18.67272026], [-70.44041356, 18.67324657], [-70.44031637, 18.67348635], [-70.44014009, 18.67382286], [-70.4400551, 18.67389292], [-70.44003755, 18.67406625], [-70.44002737, 18.67423343], [-70.4396341, 18.67439536], [-70.43908004, 18.67464466], [-70.43875692, 18.67499211], [-70.43815286, 18.67554324], [-70.43785675, 18.67562722], [-70.43770852, 18.67565159], [-70.43754057, 18.67560761], [-70.43719367, 18.67564582], [-70.43686708, 18.6754209], [-70.4368791, 18.67533229], [-70.43694641, 18.67517688], [-70.4370067, 18.67490125], [-70.43716015, 18.67465296], [-70.43726367, 18.6745661], [-70.43732951, 18.67447923], [-70.43735193, 18.67427723], [-70.43744091, 18.67390358], [-70.43746418, 18.67385358], [-70.43760369, 18.6738542], [-70.43783552, 18.6738469], [-70.43794373, 18.67379791], [-70.43807109, 18.67378853], [-70.43833709, 18.6737942], [-70.43855354, 18.67372131], [-70.43860679, 18.67369387], [-70.43878011, 18.67356924], [-70.43891036, 18.67343457], [-70.43902858, 18.67332901], [-70.43912101, 18.67320053], [-70.43912814, 18.67314982], [-70.43934584, 18.67294254], [-70.43956323, 18.67274238], [-70.43957261, 18.67268553], [-70.43955689, 18.67249385], [-70.43972962, 18.6724076], [-70.4397259, 18.67253804], [-70.44008755, 18.67232954], [-70.44021646, 18.67222552], [-70.44048756, 18.67194571], [-70.44058899, 18.67185461], [-70.44068573, 18.67182523], [-70.44056373, 18.67178529], [-70.44058833, 18.67174264], [-70.44070128, 18.67175965], [-70.44065508, 18.67160091]]]]}, "geometry_name": "the_geom", "properties": {"Posicional": "304685235626", "Expediente": "663201611341", "Area": 67026.36077881, "Municipio": "SAN JOS\u00c9 DE OCOA", "Provincia": "SAN JOS\u00c9 DE OCOA", "Operacion": "Saneamiento", "FechaInsc": "6/12/2016 4:11:52 p.\u00a0m.", "area_calc_m2": 67026, "touches_family_land": false, "owner": null, "owner_source": null, "family": false, "category": "confirmed"}}, {"type": "Feature", "id": "Aprobados.600870", "geometry": {"type": "MultiPolygon", "coordinates": [[[[-70.44103404, 18.69932316], [-70.44099913, 18.69933659], [-70.44097591, 18.69938728], [-70.4408654, 18.69858227], [-70.44034901, 18.69864375], [-70.4399548, 18.69869069], [-70.43950356, 18.69874442], [-70.43924397, 18.69877533], [-70.43920457, 18.69850954], [-70.43966741, 18.69841091], [-70.43988713, 18.69821824], [-70.44035096, 18.69790402], [-70.44050697, 18.69782431], [-70.44071567, 18.69776281], [-70.44125111, 18.69799652], [-70.44141985, 18.69838662], [-70.44144249, 18.69856991], [-70.4409386, 18.69862986], [-70.44103404, 18.69932316]]]]}, "geometry_name": "the_geom", "properties": {"Posicional": "304688100663", "Expediente": "6642023104583-07", "Area": 15140.86, "Municipio": "RANCHO ARRIBA", "Provincia": "San Jos\u00e9 de Ocoa", "Operacion": "Subdivisi\u00f3n", "FechaInsc": "30/1/2025 4:03:40 p.\u00a0m.", "area_calc_m2": 15139, "touches_family_land": false, "owner": null, "owner_source": null, "family": false, "category": "confirmed"}}, {"type": "Feature", "id": "Aprobados.600864", "geometry": {"type": "MultiPolygon", "coordinates": [[[[-70.44097591, 18.69938728], [-70.44076966, 18.69983755], [-70.44055182, 18.7002629], [-70.44034901, 18.69864375], [-70.4408654, 18.69858227], [-70.44097591, 18.69938728]]]]}, "geometry_name": "the_geom", "properties": {"Posicional": "304688018673", "Expediente": "6642023104583-07", "Area": 7570.31, "Municipio": "RANCHO ARRIBA", "Provincia": "San Jos\u00e9 de Ocoa", "Operacion": "Subdivisi\u00f3n", "FechaInsc": "30/1/2025 4:03:40 p.\u00a0m.", "area_calc_m2": 7570, "touches_family_land": false, "owner": null, "owner_source": null, "family": false, "category": "confirmed"}}, {"type": "Feature", "id": "Aprobados.280113", "geometry": {"type": "MultiPolygon", "coordinates": [[[[-70.43920323, 18.70284408], [-70.43916923, 18.70271797], [-70.43913212, 18.70269288], [-70.43901791, 18.70254484], [-70.43908886, 18.70251628], [-70.43929819, 18.70244181], [-70.43940293, 18.70239474], [-70.43956456, 18.70223947], [-70.43965678, 18.70210887], [-70.43982122, 18.7018754], [-70.43986167, 18.70184244], [-70.43994373, 18.70174061], [-70.44009653, 18.70164867], [-70.44018874, 18.70154635], [-70.44024039, 18.70148532], [-70.44031181, 18.70140687], [-70.44037722, 18.7013368], [-70.44060753, 18.70113058], [-70.44077446, 18.70076502], [-70.44084712, 18.70078639], [-70.44130533, 18.70112251], [-70.44143797, 18.70118909], [-70.4413763, 18.7012401], [-70.44137227, 18.70128888], [-70.4413793, 18.70133119], [-70.44120983, 18.70131057], [-70.44121164, 18.70161776], [-70.44101617, 18.70145332], [-70.44087886, 18.70184306], [-70.44150666, 18.70173668], [-70.44104704, 18.70237306], [-70.4408359, 18.70252468], [-70.44081723, 18.70252545], [-70.44058294, 18.70254478], [-70.44041348, 18.70256804], [-70.44023117, 18.70254963], [-70.43925027, 18.70285988], [-70.43920323, 18.70284408]]]]}, "geometry_name": "the_geom", "properties": {"Posicional": "304688141651", "Expediente": "6642021067117-05", "Area": 24919.81, "Municipio": "RANCHO ARRIBA", "Provincia": "San Jos\u00e9 de Ocoa", "Operacion": "Saneamiento", "FechaInsc": "29/4/2022 2:54:01 p.\u00a0m.", "area_calc_m2": 24920, "touches_family_land": false, "owner": null, "owner_source": null, "family": false, "category": "confirmed"}}, {"type": "Feature", "id": "Aprobados.64494", "geometry": {"type": "MultiPolygon", "coordinates": [[[[-70.44188187, 18.71649193], [-70.44158875, 18.71711989], [-70.44099088, 18.71827879], [-70.44051153, 18.71806328], [-70.44091935, 18.71732305], [-70.44148243, 18.71623719], [-70.44188187, 18.71649193]]]]}, "geometry_name": "the_geom", "properties": {"Posicional": "304780014559", "Expediente": "663201706176", "Area": 11875.85, "Municipio": "RANCHO ARRIBA", "Provincia": "SAN JOS\u00c9 DE OCOA", "Operacion": "Subdivisi\u00f3n", "FechaInsc": "31/1/2018 4:10:50 p.\u00a0m.", "area_calc_m2": 11876, "touches_family_land": false, "owner": null, "owner_source": null, "family": false, "category": "confirmed"}}, {"type": "Feature", "id": "Aprobados.664260", "geometry": {"type": "MultiPolygon", "coordinates": [[[[-70.44085328, 18.74741523], [-70.44068755, 18.74741126], [-70.44066995, 18.74737092], [-70.44060207, 18.74739692], [-70.44055846, 18.74741027], [-70.44042944, 18.7472835], [-70.44041089, 18.74725518], [-70.44037155, 18.74722413], [-70.44034825, 18.74721627], [-70.44010085, 18.7472113], [-70.44009144, 18.74721996], [-70.44004193, 18.74733265], [-70.43992479, 18.7472975], [-70.43984025, 18.74720436], [-70.43979938, 18.74706002], [-70.43955137, 18.74707268], [-70.43954319, 18.7470703], [-70.43959751, 18.74688755], [-70.43973048, 18.74658536], [-70.43976186, 18.74655052], [-70.4398284, 18.74646679], [-70.43987664, 18.74654159], [-70.43992126, 18.74655778], [-70.43994621, 18.74655849], [-70.44008183, 18.74648941], [-70.44013647, 18.74646884], [-70.44018066, 18.74648974], [-70.44024353, 18.74649964], [-70.44026998, 18.74654326], [-70.44025967, 18.74664653], [-70.44026718, 18.74681706], [-70.44025631, 18.74692196], [-70.4402137, 18.74706397], [-70.44027496, 18.74708572], [-70.4404774, 18.74707911], [-70.44058197, 18.74705183], [-70.44067994, 18.74698303], [-70.44074551, 18.7469313], [-70.44082131, 18.74683349], [-70.44102305, 18.74669884], [-70.44118615, 18.74660596], [-70.44125964, 18.74657052], [-70.44133656, 18.74652628], [-70.44138001, 18.74667215], [-70.44139286, 18.7467334], [-70.44141637, 18.74682213], [-70.44148129, 18.74688361], [-70.44136642, 18.74702708], [-70.44127479, 18.74707007], [-70.44118985, 18.74716497], [-70.44102731, 18.74717887], [-70.4409779, 18.74725786], [-70.44091497, 18.74729675], [-70.44085328, 18.74741523]]]]}, "geometry_name": "the_geom", "properties": {"Posicional": "304783144790", "Expediente": "6642025051721-03", "Area": 10511.74, "Municipio": "RANCHO ARRIBA", "Provincia": "San Jos\u00e9 de Ocoa", "Operacion": "Saneamiento", "FechaInsc": "10/10/2025 9:23:56 a.\u00a0m.", "area_calc_m2": 10512, "touches_family_land": false, "owner": null, "owner_source": null, "family": false, "category": "confirmed"}}, {"type": "Feature", "id": "Aprobados.600867", "geometry": {"type": "MultiPolygon", "coordinates": [[[[-70.43970375, 18.70035214], [-70.43942917, 18.70034198], [-70.43924604, 18.70033197], [-70.43904541, 18.69866878], [-70.43920456, 18.69850954], [-70.43924397, 18.69877533], [-70.43950356, 18.69874442], [-70.43970375, 18.70035214]]]]}, "geometry_name": "the_geom", "properties": {"Posicional": "304688212931", "Expediente": "6642023104583-07", "Area": 8721.38, "Municipio": "RANCHO ARRIBA", "Provincia": "San Jos\u00e9 de Ocoa", "Operacion": "Subdivisi\u00f3n", "FechaInsc": "30/1/2025 4:03:40 p.\u00a0m.", "area_calc_m2": 8721, "touches_family_land": false, "owner": null, "owner_source": null, "family": false, "category": "confirmed"}}, {"type": "Feature", "id": "Aprobados.600869", "geometry": {"type": "MultiPolygon", "coordinates": [[[[-70.43871433, 18.70030291], [-70.43858818, 18.70029602], [-70.43788398, 18.70029437], [-70.43741619, 18.70029883], [-70.43857259, 18.69914184], [-70.43871433, 18.70030291]]]]}, "geometry_name": "the_geom", "properties": {"Posicional": "304688324334", "Expediente": "6642023104583-07", "Area": 8721.26, "Municipio": "RANCHO ARRIBA", "Provincia": "San Jos\u00e9 de Ocoa", "Operacion": "Subdivisi\u00f3n", "FechaInsc": "30/1/2025 4:03:40 p.\u00a0m.", "area_calc_m2": 8721, "touches_family_land": false, "owner": null, "owner_source": null, "family": false, "category": "confirmed"}}, {"type": "Feature", "id": "Aprobados.64498", "geometry": {"type": "MultiPolygon", "coordinates": [[[[-70.43654952, 18.7179495], [-70.43712786, 18.71698056], [-70.43755992, 18.7162818], [-70.43799421, 18.7165289], [-70.43757976, 18.71720664], [-70.43696085, 18.71822244], [-70.43654952, 18.7179495]]]]}, "geometry_name": "the_geom", "properties": {"Posicional": "304780416511", "Expediente": "663201707040", "Area": 11470.58, "Municipio": "RANCHO ARRIBA", "Provincia": "SAN JOS\u00c9 DE OCOA", "Operacion": "Subdivisi\u00f3n", "FechaInsc": "1/2/2018 12:14:48 p.\u00a0m.", "area_calc_m2": 11471, "touches_family_land": false, "owner": null, "owner_source": null, "family": false, "category": "confirmed"}}, {"type": "Feature", "id": "Aprobados.76044", "geometry": {"type": "MultiPolygon", "coordinates": [[[[-70.43772692, 18.73364969], [-70.43770813, 18.73362556], [-70.43758654, 18.73346994], [-70.43740423, 18.73320763], [-70.43726729, 18.73301227], [-70.43733832, 18.73292198], [-70.43740878, 18.73283119], [-70.43748722, 18.73273313], [-70.43750125, 18.73272158], [-70.43756861, 18.7326307], [-70.43767996, 18.73248819], [-70.4384585, 18.73283973], [-70.43812161, 18.73317829], [-70.4380261, 18.73327738], [-70.43787896, 18.73343756], [-70.43780238, 18.73352628], [-70.43778371, 18.73355869], [-70.43772692, 18.73364969]]]]}, "geometry_name": "the_geom", "properties": {"Posicional": "304781481986", "Expediente": "663201706726", "Area": 7919.24, "Municipio": "RANCHO ARRIBA", "Provincia": "SAN JOS\u00c9 DE OCOA", "Operacion": "Subdivisi\u00f3n", "FechaInsc": "16/5/2018 3:42:30 p.\u00a0m.", "area_calc_m2": 7919, "touches_family_land": false, "owner": null, "owner_source": null, "family": false, "category": "confirmed"}}, {"type": "Feature", "id": "Aprobados.118166", "geometry": {"type": "MultiPolygon", "coordinates": [[[[-70.43638621, 18.73662161], [-70.43270459, 18.73208637], [-70.43311364, 18.7319156], [-70.43368313, 18.73166016], [-70.43419332, 18.73141601], [-70.43424179, 18.73139275], [-70.43444162, 18.73129685], [-70.43455415, 18.73124878], [-70.43498657, 18.73119334], [-70.43517871, 18.73122529], [-70.43514955, 18.7316453], [-70.43515416, 18.73235265], [-70.43506201, 18.73248179], [-70.43478143, 18.73289446], [-70.43456232, 18.73322106], [-70.43431289, 18.7336084], [-70.43674018, 18.73604582], [-70.43683828, 18.73618124], [-70.4366601, 18.73646837], [-70.43652261, 18.73657153], [-70.43638621, 18.73662161]]]]}, "geometry_name": "the_geom", "properties": {"Posicional": "304781785053", "Expediente": "6642018049264-08", "Area": 61923.72, "Municipio": "RANCHO ARRIBA", "Provincia": "San Jos\u00e9 de Ocoa", "Operacion": "Subdivisi\u00f3n", "FechaInsc": "13/5/2019 10:06:37 a.\u00a0m.", "area_calc_m2": 61923, "touches_family_land": false, "owner": null, "owner_source": null, "family": false, "category": "confirmed"}}, {"type": "Feature", "id": "Aprobados.522031", "geometry": {"type": "MultiPolygon", "coordinates": [[[[-70.43482549, 18.74558813], [-70.43543109, 18.74552581], [-70.43572884, 18.74546652], [-70.43625527, 18.74495151], [-70.43627201, 18.74496834], [-70.43647497, 18.74523233], [-70.43656571, 18.74561932], [-70.4365595, 18.74566467], [-70.43615693, 18.74630974], [-70.4357368, 18.74719808], [-70.43557255, 18.74754276], [-70.43579862, 18.74798418], [-70.43575163, 18.74835843], [-70.43546533, 18.7486844], [-70.43514441, 18.74854376], [-70.43462359, 18.74838826], [-70.4333939, 18.74852064], [-70.43336934, 18.74846904], [-70.43334584, 18.74830969], [-70.4333549, 18.74823754], [-70.43336478, 18.74812122], [-70.43345676, 18.74795879], [-70.43357021, 18.74783015], [-70.43354725, 18.7474857], [-70.43357912, 18.74719766], [-70.43359515, 18.7471591], [-70.43364487, 18.74709423], [-70.43380947, 18.74687394], [-70.4339691, 18.74678033], [-70.43400322, 18.74672366], [-70.43401199, 18.74666514], [-70.43403649, 18.74645163], [-70.43406488, 18.7462588], [-70.43410176, 18.74611073], [-70.43413728, 18.74605986], [-70.43414767, 18.7460553], [-70.43437337, 18.74603544], [-70.43447709, 18.74601143], [-70.43455551, 18.74595627], [-70.43475401, 18.74573694], [-70.434808, 18.74565632], [-70.43482549, 18.74558813]]]]}, "geometry_name": "the_geom", "properties": {"Posicional": "304783743423", "Expediente": "6642023089150-05", "Area": 75421.71, "Municipio": "RANCHO ARRIBA", "Provincia": "San Jos\u00e9 de Ocoa", "Operacion": "Subdivisi\u00f3n", "FechaInsc": "22/2/2024 1:46:00 p.\u00a0m.", "area_calc_m2": 75422, "touches_family_land": false, "owner": null, "owner_source": null, "family": false, "category": "confirmed"}}, {"type": "Feature", "id": "Aprobados.118167", "geometry": {"type": "MultiPolygon", "coordinates": [[[[-70.43638621, 18.73662161], [-70.43608888, 18.73673074], [-70.43536548, 18.73685167], [-70.43503888, 18.73684358], [-70.43393565, 18.73378989], [-70.43120693, 18.73355843], [-70.43131666, 18.73337245], [-70.43138172, 18.73326245], [-70.4310829, 18.73305455], [-70.43104667, 18.73287333], [-70.43104804, 18.73286929], [-70.43122769, 18.7327889], [-70.43138679, 18.73269435], [-70.43143333, 18.73266962], [-70.43185914, 18.73252428], [-70.43213195, 18.73242256], [-70.43270459, 18.73208637], [-70.43638621, 18.73662161]]]]}, "geometry_name": "the_geom", "properties": {"Posicional": "304781895531", "Expediente": "6642018049264-08", "Area": 61924.4, "Municipio": "RANCHO ARRIBA", "Provincia": "San Jos\u00e9 de Ocoa", "Operacion": "Subdivisi\u00f3n", "FechaInsc": "13/5/2019 10:06:37 a.\u00a0m.", "area_calc_m2": 61923, "touches_family_land": false, "owner": null, "owner_source": null, "family": false, "category": "confirmed"}}, {"type": "Feature", "id": "Aprobados.587167", "geometry": {"type": "MultiPolygon", "coordinates": [[[[-70.43006302, 18.66858123], [-70.4301971, 18.66856255], [-70.43026833, 18.6685607], [-70.43040832, 18.66859751], [-70.43055911, 18.66854672], [-70.43068126, 18.66849172], [-70.43072017, 18.66846397], [-70.43078184, 18.6684254], [-70.43084988, 18.66834882], [-70.4310252, 18.66837731], [-70.43107622, 18.66837672], [-70.43109972, 18.66838043], [-70.43120016, 18.66838578], [-70.43133213, 18.66839749], [-70.43142545, 18.66840014], [-70.43146663, 18.66840485], [-70.43150686, 18.66841144], [-70.43156756, 18.66843566], [-70.43158435, 18.66845161], [-70.43163582, 18.66848137], [-70.43172947, 18.66846182], [-70.43180706, 18.6682851], [-70.43187491, 18.66835479], [-70.43193982, 18.66835416], [-70.43203021, 18.66835173], [-70.43216253, 18.66834579], [-70.43226366, 18.66835279], [-70.43233395, 18.66832682], [-70.43235869, 18.66833112], [-70.4324177, 18.66830726], [-70.43244929, 18.66823677], [-70.43250611, 18.66816091], [-70.43257202, 18.66812469], [-70.43261064, 18.66808907], [-70.43267822, 18.66804313], [-70.4327274, 18.66801075], [-70.43279073, 18.6680052], [-70.43287526, 18.66796727], [-70.43299522, 18.66793954], [-70.43304351, 18.66793971], [-70.43318195, 18.66788446], [-70.43337142, 18.66805556], [-70.43338612, 18.66808156], [-70.43292725, 18.6683019], [-70.43302484, 18.66881591], [-70.43332498, 18.66907062], [-70.43352595, 18.66925902], [-70.43254859, 18.66973313], [-70.43239983, 18.66985317], [-70.43230056, 18.66999887], [-70.4321582, 18.67006985], [-70.43197274, 18.67013049], [-70.43185674, 18.67020276], [-70.43148562, 18.67007452], [-70.43123549, 18.67016788], [-70.43105001, 18.67027685], [-70.43093774, 18.67033722], [-70.43086676, 18.67038593], [-70.4308056, 18.67038753], [-70.43068473, 18.67038136], [-70.43060397, 18.67038488], [-70.43050058, 18.67040993], [-70.43046143, 18.67044523], [-70.4302678, 18.67053784], [-70.43019206, 18.67057764], [-70.43008426, 18.67063374], [-70.42994668, 18.67068906], [-70.42985969, 18.67076276], [-70.42981794, 18.67064415], [-70.42978643, 18.67054062], [-70.42977465, 18.67036393], [-70.42978789, 18.67022947], [-70.42980774, 18.67010265], [-70.4298215, 18.66994249], [-70.42990289, 18.6698238], [-70.42995473, 18.6697304], [-70.42994383, 18.66969035], [-70.4299097, 18.66958266], [-70.42987306, 18.66937321], [-70.42988176, 18.66918563], [-70.42993748, 18.66904421], [-70.43009544, 18.66887876], [-70.4301293, 18.6687245], [-70.43007992, 18.66865247], [-70.43006302, 18.66858123]]]]}, "geometry_name": "the_geom", "properties": {"Posicional": "304694083318", "Expediente": "6642024043421-04", "Area": 68097.65, "Municipio": "RANCHO ARRIBA", "Provincia": "San Jos\u00e9 de Ocoa", "Operacion": "Saneamiento", "FechaInsc": "24/1/2025 11:50:10 a.\u00a0m.", "area_calc_m2": 68098, "touches_family_land": false, "owner": null, "owner_source": null, "family": false, "category": "confirmed"}}, {"type": "Feature", "id": "Aprobados.587166", "geometry": {"type": "MultiPolygon", "coordinates": [[[[-70.42995631, 18.67090685], [-70.43000402, 18.67098235], [-70.43026952, 18.67094715], [-70.4307815, 18.67107884], [-70.43104507, 18.6713554], [-70.43167212, 18.67170409], [-70.43198294, 18.671886], [-70.43206981, 18.67204138], [-70.43242915, 18.6724862], [-70.43279565, 18.67266252], [-70.43295393, 18.67271806], [-70.43321766, 18.67269868], [-70.43346592, 18.67273224], [-70.43364644, 18.67299256], [-70.43366484, 18.67309939], [-70.43377096, 18.67335831], [-70.43363955, 18.67343555], [-70.43321926, 18.67373008], [-70.4330303, 18.67396137], [-70.43287537, 18.67414612], [-70.43283897, 18.67418287], [-70.43274964, 18.67435518], [-70.43270139, 18.67442225], [-70.43266767, 18.6746505], [-70.43245934, 18.67508136], [-70.43240947, 18.67528408], [-70.4323734, 18.67537877], [-70.43238798, 18.67551687], [-70.43242031, 18.67579979], [-70.43243775, 18.67586271], [-70.43247929, 18.67608684], [-70.43255938, 18.67634157], [-70.43257249, 18.67644497], [-70.4327416, 18.6766085], [-70.43276329, 18.67683051], [-70.4327945, 18.67689915], [-70.43282896, 18.67708936], [-70.43280621, 18.67737445], [-70.43259351, 18.67752747], [-70.43235587, 18.67748302], [-70.43220385, 18.67755268], [-70.4320731, 18.67781754], [-70.43116241, 18.67695243], [-70.43170992, 18.67636211], [-70.43105968, 18.67550678], [-70.43094113, 18.67519022], [-70.43071539, 18.67505036], [-70.4303222, 18.67545944], [-70.42986761, 18.67550785], [-70.42974157, 18.67547795], [-70.42967722, 18.67539351], [-70.42983778, 18.67525762], [-70.42999725, 18.67499899], [-70.43019862, 18.67457113], [-70.42996038, 18.67449172], [-70.43034512, 18.67416741], [-70.43020083, 18.67387963], [-70.4301994, 18.6738806], [-70.42973663, 18.67356492], [-70.42950147, 18.67359307], [-70.42928704, 18.67383498], [-70.42881601, 18.67382407], [-70.42918898, 18.67419487], [-70.42874902, 18.67447092], [-70.42869011, 18.67430536], [-70.4286327, 18.67411354], [-70.42857922, 18.67397522], [-70.42859447, 18.67381121], [-70.42859815, 18.67377869], [-70.42865622, 18.67373864], [-70.42877921, 18.67372917], [-70.42905783, 18.67352956], [-70.42923775, 18.67339587], [-70.4292532, 18.673384], [-70.42952671, 18.67349188], [-70.42972848, 18.67354505], [-70.42977822, 18.67347313], [-70.42978184, 18.67333458], [-70.42980217, 18.67319686], [-70.42985971, 18.67299241], [-70.42992411, 18.67284353], [-70.43000279, 18.6727375], [-70.43004453, 18.67256126], [-70.43004553, 18.6725115], [-70.42996971, 18.67225108], [-70.42988601, 18.67207409], [-70.42984833, 18.67202917], [-70.42985739, 18.67193273], [-70.42980429, 18.67187263], [-70.42977423, 18.67182338], [-70.42971515, 18.67170565], [-70.42970608, 18.67167335], [-70.42970221, 18.67160839], [-70.42977278, 18.67151466], [-70.4297926, 18.6713873], [-70.42992402, 18.67113612], [-70.42995631, 18.67090685]]]]}, "geometry_name": "the_geom", "properties": {"Posicional": "304695034506", "Expediente": "6642024043421-04", "Area": 168669.65, "Municipio": "RANCHO ARRIBA", "Provincia": "San Jos\u00e9 de Ocoa", "Operacion": "Saneamiento", "FechaInsc": "24/1/2025 11:50:10 a.\u00a0m.", "area_calc_m2": 168671, "touches_family_land": false, "owner": null, "owner_source": null, "family": false, "category": "confirmed"}}, {"type": "Feature", "id": "Aprobados.118168", "geometry": {"type": "MultiPolygon", "coordinates": [[[[-70.43503888, 18.73684358], [-70.43483438, 18.73684819], [-70.43440663, 18.73701564], [-70.43435269, 18.73703], [-70.43425176, 18.73688362], [-70.43453925, 18.73665007], [-70.43481909, 18.73658218], [-70.43387253, 18.7338919], [-70.4335826, 18.73436049], [-70.43337418, 18.73462944], [-70.43322946, 18.73476947], [-70.43302553, 18.73505036], [-70.43294986, 18.73529286], [-70.43286078, 18.73553311], [-70.43275641, 18.73589934], [-70.43257903, 18.73598561], [-70.4325026, 18.73604269], [-70.43242332, 18.73613179], [-70.43236536, 18.73619749], [-70.43229449, 18.73627742], [-70.43186552, 18.73620288], [-70.43142833, 18.73570327], [-70.4314633, 18.7355652], [-70.4314811, 18.73549992], [-70.43123742, 18.73510529], [-70.43138851, 18.73493747], [-70.43163311, 18.73489541], [-70.43133029, 18.73435265], [-70.43072177, 18.73428353], [-70.43068066, 18.73427881], [-70.43061148, 18.73411063], [-70.43094738, 18.73384505], [-70.43097625, 18.73382199], [-70.43120693, 18.73355843], [-70.43393565, 18.73378989], [-70.43503888, 18.73684358]]]]}, "geometry_name": "the_geom", "properties": {"Posicional": "304782908838", "Expediente": "6642018049264-08", "Area": 61924.81, "Municipio": "RANCHO ARRIBA", "Provincia": "San Jos\u00e9 de Ocoa", "Operacion": "Subdivisi\u00f3n", "FechaInsc": "13/5/2019 10:06:37 a.\u00a0m.", "area_calc_m2": 61925, "touches_family_land": false, "owner": null, "owner_source": null, "family": false, "category": "confirmed"}}, {"type": "Feature", "id": "Aprobados.696036", "geometry": {"type": "MultiPolygon", "coordinates": [[[[-70.43313152, 18.74190685], [-70.43321284, 18.74194507], [-70.43341894, 18.74190928], [-70.43376603, 18.74156554], [-70.43478121, 18.7412306], [-70.43495444, 18.74155818], [-70.43531836, 18.74247034], [-70.43517912, 18.74277674], [-70.43467955, 18.74338618], [-70.43431954, 18.74346242], [-70.43428686, 18.74346975], [-70.43416601, 18.74341646], [-70.43403205, 18.74337288], [-70.43392767, 18.74323777], [-70.43388742, 18.74317051], [-70.43384444, 18.74312643], [-70.43378968, 18.74308872], [-70.43362816, 18.742965], [-70.43354319, 18.74287034], [-70.43352445, 18.74282232], [-70.43347548, 18.74271762], [-70.43336845, 18.74256188], [-70.43315465, 18.74207139], [-70.43313152, 18.74190685]]]]}, "geometry_name": "the_geom", "properties": {"Posicional": "304782799267", "Expediente": "6642025053242-04", "Area": 36176.2, "Municipio": "RANCHO ARRIBA", "Provincia": "San Jos\u00e9 de Ocoa", "Operacion": "Subdivisi\u00f3n", "FechaInsc": "8/12/2025 1:22:51 p.\u00a0m.", "area_calc_m2": 36176, "touches_family_land": false, "owner": null, "owner_source": null, "family": false, "category": "confirmed"}}, {"type": "Feature", "id": "Aprobados.589114", "geometry": {"type": "MultiPolygon", "coordinates": [[[[-70.43412469, 18.74431471], [-70.43333671, 18.74430778], [-70.43339242, 18.74423216], [-70.43343154, 18.7441522], [-70.43345514, 18.74409917], [-70.43347011, 18.74405452], [-70.43349994, 18.74382936], [-70.4334988, 18.74368059], [-70.43348712, 18.7436145], [-70.43348105, 18.74358935], [-70.43358997, 18.74355834], [-70.4337764, 18.74353581], [-70.43396148, 18.74352101], [-70.43418207, 18.74349324], [-70.43418593, 18.74350204], [-70.43423298, 18.74357855], [-70.43424343, 18.74364802], [-70.43422761, 18.74380591], [-70.43423132, 18.74384946], [-70.43422725, 18.74388951], [-70.43417752, 18.74408167], [-70.43412469, 18.74431471]]]]}, "geometry_name": "the_geom", "properties": {"Posicional": "304783814061", "Expediente": "6642022101068-06", "Area": 6692.69, "Municipio": "RANCHO ARRIBA", "Provincia": "San Jos\u00e9 de Ocoa", "Operacion": "Saneamiento", "FechaInsc": "10/2/2025 12:48:21 p.\u00a0m.", "area_calc_m2": 6693, "touches_family_land": false, "owner": null, "owner_source": null, "family": false, "category": "confirmed"}}, {"type": "Feature", "id": "Aprobados.601253", "geometry": {"type": "MultiPolygon", "coordinates": [[[[-70.43090437, 18.69722715], [-70.43094195, 18.69723075], [-70.43098279, 18.69723866], [-70.43103973, 18.697245], [-70.43108684, 18.69723154], [-70.43113173, 18.6971693], [-70.43122498, 18.69708392], [-70.43130671, 18.6970271], [-70.43150102, 18.6969068], [-70.43159886, 18.69684885], [-70.43179576, 18.69673133], [-70.43198981, 18.69663597], [-70.43214826, 18.69655804], [-70.43225763, 18.69650742], [-70.43238903, 18.69670819], [-70.43250849, 18.69685401], [-70.43257914, 18.69692242], [-70.43267889, 18.6970131], [-70.43272325, 18.69704501], [-70.43274816, 18.69705296], [-70.43280861, 18.69707048], [-70.43289948, 18.69709743], [-70.43300253, 18.69712854], [-70.43304224, 18.69714947], [-70.43309995, 18.69719068], [-70.43320351, 18.69727085], [-70.4332691, 18.69732438], [-70.43331195, 18.69736923], [-70.43343326, 18.6974864], [-70.43352047, 18.69756173], [-70.43347494, 18.69761665], [-70.43343361, 18.69762889], [-70.43335422, 18.69768155], [-70.43332569, 18.6977058], [-70.43322176, 18.69765979], [-70.4331538, 18.69762823], [-70.43304706, 18.69758658], [-70.43297339, 18.69755299], [-70.43287506, 18.69751859], [-70.43277001, 18.69748605], [-70.43265215, 18.6974518], [-70.43253952, 18.69740929], [-70.43245991, 18.69735704], [-70.43243527, 18.69734693], [-70.43241212, 18.69734521], [-70.43238422, 18.69736548], [-70.43234299, 18.69743492], [-70.43231481, 18.6974551], [-70.43227658, 18.6974872], [-70.43202199, 18.69727166], [-70.43191164, 18.69716172], [-70.43170396, 18.69732676], [-70.43158873, 18.69741475], [-70.43137905, 18.69757953], [-70.4312626, 18.69766771], [-70.43112462, 18.69776743], [-70.43103706, 18.69772825], [-70.43093928, 18.69753337], [-70.43088196, 18.69741535], [-70.43088956, 18.69728184], [-70.43089321, 18.69726473], [-70.43090437, 18.69722715]]]]}, "geometry_name": "the_geom", "properties": {"Posicional": "304687998287", "Expediente": "6642024075595-03", "Area": 15836.13, "Municipio": "RANCHO ARRIBA", "Provincia": "San Jos\u00e9 de Ocoa", "Operacion": "Saneamiento", "FechaInsc": "4/3/2025 8:02:50 a.\u00a0m.", "area_calc_m2": 15836, "touches_family_land": false, "owner": null, "owner_source": null, "family": false, "category": "confirmed"}}, {"type": "Feature", "id": "Aprobados.104194", "geometry": {"type": "MultiPolygon", "coordinates": [[[[-70.43307906, 18.72224004], [-70.43323661, 18.72283594], [-70.43345537, 18.72356371], [-70.43213469, 18.7238272], [-70.43247378, 18.72274318], [-70.43270071, 18.72212685], [-70.43307906, 18.72224004]]]]}, "geometry_name": "the_geom", "properties": {"Posicional": "304780973964", "Expediente": "6642018064123-04", "Area": 14655.67, "Municipio": "RANCHO ARRIBA", "Provincia": "San Jos\u00e9 de Ocoa", "Operacion": "Subdivisi\u00f3n", "FechaInsc": "18/2/2019 8:54:40 p.\u00a0m.", "area_calc_m2": 15032, "touches_family_land": false, "owner": null, "owner_source": null, "family": false, "category": "confirmed"}}, {"type": "Feature", "id": "Aprobados.104193", "geometry": {"type": "MultiPolygon", "coordinates": [[[[-70.43363186, 18.72421783], [-70.4336368, 18.72425829], [-70.4336332, 18.7242805], [-70.4336262, 18.72429418], [-70.43361113, 18.72431041], [-70.43358346, 18.72432837], [-70.43331737, 18.72440948], [-70.43255423, 18.72458419], [-70.43230388, 18.72464238], [-70.43173983, 18.72475975], [-70.43195483, 18.72422121], [-70.43207173, 18.72389023], [-70.43213469, 18.7238272], [-70.43345537, 18.72356371], [-70.43363186, 18.72421783]]]]}, "geometry_name": "the_geom", "properties": {"Posicional": "304780994163", "Expediente": "6642018064123-04", "Area": 15755.57, "Municipio": "RANCHO ARRIBA", "Provincia": "San Jos\u00e9 de Ocoa", "Operacion": "Subdivisi\u00f3n", "FechaInsc": "18/2/2019 8:54:40 p.\u00a0m.", "area_calc_m2": 15871, "touches_family_land": false, "owner": null, "owner_source": null, "family": false, "category": "confirmed"}}, {"type": "Feature", "id": "Aprobados.522033", "geometry": {"type": "MultiPolygon", "coordinates": [[[[-70.43289017, 18.74738833], [-70.43297719, 18.74709657], [-70.43353654, 18.74712832], [-70.43351405, 18.74718241], [-70.43348064, 18.74748438], [-70.43289017, 18.74738833]]]]}, "geometry_name": "the_geom", "properties": {"Posicional": "304783941742", "Expediente": "6642023089150-05", "Area": 2197.28, "Municipio": "RANCHO ARRIBA", "Provincia": "San Jos\u00e9 de Ocoa", "Operacion": "Subdivisi\u00f3n", "FechaInsc": "22/2/2024 1:46:00 p.\u00a0m.", "area_calc_m2": 2197, "touches_family_land": false, "owner": null, "owner_source": null, "family": false, "category": "confirmed"}}, {"type": "Feature", "id": "Aprobados.522032", "geometry": {"type": "MultiPolygon", "coordinates": [[[[-70.4325285, 18.74861396], [-70.43267751, 18.74802715], [-70.4328143, 18.74763332], [-70.43289017, 18.74738833], [-70.43348064, 18.74748438], [-70.43350226, 18.74780886], [-70.43340155, 18.74792306], [-70.43329973, 18.74810288], [-70.43328883, 18.74823124], [-70.4332789, 18.74831034], [-70.43330492, 18.74848687], [-70.43332456, 18.7485281], [-70.4325285, 18.74861396]]]]}, "geometry_name": "the_geom", "properties": {"Posicional": "304783953553", "Expediente": "6642023089150-05", "Area": 9097.41, "Municipio": "RANCHO ARRIBA", "Provincia": "San Jos\u00e9 de Ocoa", "Operacion": "Subdivisi\u00f3n", "FechaInsc": "22/2/2024 1:46:00 p.\u00a0m.", "area_calc_m2": 9097, "touches_family_land": false, "owner": null, "owner_source": null, "family": false, "category": "confirmed"}}, {"type": "Feature", "id": "Aprobados.78635", "geometry": {"type": "MultiPolygon", "coordinates": [[[[-70.42994547, 18.70631192], [-70.43044734, 18.70617627], [-70.43062633, 18.70613313], [-70.43062826, 18.70610058], [-70.43057651, 18.70595875], [-70.43053969, 18.70584214], [-70.43051754, 18.70579989], [-70.43055132, 18.70578939], [-70.43058346, 18.7058812], [-70.4306175, 18.70598112], [-70.43063861, 18.70603405], [-70.43065346, 18.70606611], [-70.43079007, 18.7060288], [-70.43083633, 18.70600574], [-70.43089175, 18.7059742], [-70.43099486, 18.70590802], [-70.43102107, 18.70588209], [-70.43107088, 18.70581852], [-70.43102479, 18.70574841], [-70.43116352, 18.70567986], [-70.43119597, 18.7056616], [-70.43123205, 18.70564553], [-70.43128419, 18.70561183], [-70.43133036, 18.70559017], [-70.43139405, 18.70556825], [-70.4314373, 18.70555901], [-70.43152325, 18.7057066], [-70.43162405, 18.70589804], [-70.43175802, 18.70616437], [-70.43182724, 18.70628777], [-70.43190414, 18.70640361], [-70.43192636, 18.70644196], [-70.43199696, 18.70656385], [-70.43192089, 18.70658924], [-70.43183681, 18.70661024], [-70.43172285, 18.70664337], [-70.43165078, 18.70666583], [-70.43144503, 18.706725], [-70.43140015, 18.70673566], [-70.43119326, 18.70677109], [-70.43115422, 18.70677609], [-70.43109644, 18.70662595], [-70.43106369, 18.70657477], [-70.43101296, 18.70648631], [-70.43097509, 18.70644846], [-70.43093028, 18.70640911], [-70.43082768, 18.70634648], [-70.43081553, 18.70634109], [-70.43064261, 18.70634475], [-70.43064457, 18.70627297], [-70.43064104, 18.70620688], [-70.43042517, 18.70626027], [-70.43019509, 18.70631839], [-70.43009304, 18.7063432], [-70.42995263, 18.70638403], [-70.42994547, 18.70631192]]]]}, "geometry_name": "the_geom", "properties": {"Posicional": "304698098256", "Expediente": "663201704552", "Area": 11307.82, "Municipio": "RANCHO ARRIBA", "Provincia": "SAN JOS\u00c9 DE OCOA", "Operacion": "Saneamiento", "FechaInsc": "25/6/2018 1:59:23 p.\u00a0m.", "area_calc_m2": 11308, "touches_family_land": false, "owner": null, "owner_source": null, "family": false, "category": "confirmed"}}, {"type": "Feature", "id": "Aprobados.113220", "geometry": {"type": "MultiPolygon", "coordinates": [[[[-70.43089151, 18.71827526], [-70.43024591, 18.71965926], [-70.43020413, 18.71965006], [-70.42989484, 18.71944529], [-70.42969253, 18.7193049], [-70.43022587, 18.71799985], [-70.43053206, 18.71810339], [-70.43089151, 18.71827526]]]]}, "geometry_name": "the_geom", "properties": {"Posicional": "304790230109", "Expediente": "6642018064409-05", "Area": 11889.29, "Municipio": "RANCHO ARRIBA", "Provincia": "San Jos\u00e9 de Ocoa", "Operacion": "Subdivisi\u00f3n", "FechaInsc": "2/4/2019 12:36:12 p.\u00a0m.", "area_calc_m2": 11889, "touches_family_land": false, "owner": null, "owner_source": null, "family": false, "category": "confirmed"}}, {"type": "Feature", "id": "Aprobados.633166", "geometry": {"type": "MultiPolygon", "coordinates": [[[[-70.43038745, 18.73224062], [-70.43055113, 18.7322487], [-70.4305726, 18.73229993], [-70.43059978, 18.73247224], [-70.43061393, 18.73275307], [-70.43059793, 18.73312079], [-70.43057786, 18.73326509], [-70.43055393, 18.73336923], [-70.4305234, 18.73347437], [-70.43046379, 18.73361445], [-70.43036914, 18.73379868], [-70.43000172, 18.73445696], [-70.42988146, 18.73468832], [-70.42982098, 18.73488053], [-70.4298006, 18.7351279], [-70.42982567, 18.73531089], [-70.42991754, 18.73562467], [-70.42998134, 18.73584204], [-70.43010258, 18.73617109], [-70.43000739, 18.73623791], [-70.42995514, 18.73627654], [-70.42993814, 18.73629373], [-70.42990914, 18.73634128], [-70.42988267, 18.73639007], [-70.4298519, 18.73642831], [-70.42974539, 18.73650339], [-70.42967862, 18.73652908], [-70.42960264, 18.73654496], [-70.42952965, 18.7365654], [-70.42930529, 18.73674273], [-70.42926028, 18.73680844], [-70.42925052, 18.73687131], [-70.42927418, 18.73695613], [-70.42930148, 18.73704639], [-70.42926249, 18.7370786], [-70.42913442, 18.73696444], [-70.42910763, 18.73678831], [-70.42911243, 18.73670935], [-70.42911584, 18.73666183], [-70.42914429, 18.73660626], [-70.42921765, 18.73651862], [-70.42924165, 18.73639716], [-70.4292689, 18.7363442], [-70.42931384, 18.73630903], [-70.42939198, 18.73622722], [-70.42961008, 18.73633207], [-70.42969653, 18.73630944], [-70.42990368, 18.73613223], [-70.42992421, 18.73591081], [-70.42984158, 18.73566305], [-70.42981972, 18.73562894], [-70.42972046, 18.73558868], [-70.42967283, 18.73549869], [-70.42968999, 18.73528378], [-70.42965784, 18.73519718], [-70.42959423, 18.73512534], [-70.42957464, 18.73507005], [-70.42962133, 18.73495378], [-70.42970659, 18.73485115], [-70.42975494, 18.73471457], [-70.4297349, 18.73463795], [-70.42951419, 18.73444624], [-70.4293313, 18.73422853], [-70.42936576, 18.73416355], [-70.42957308, 18.73391079], [-70.42959255, 18.73371832], [-70.42956716, 18.73359178], [-70.42945856, 18.73346061], [-70.4294092, 18.73334679], [-70.42937883, 18.73325249], [-70.42965213, 18.73312572], [-70.42977012, 18.73306342], [-70.43005368, 18.73265753], [-70.4301283, 18.73255697], [-70.43020995, 18.73248802], [-70.43029763, 18.73248606], [-70.43037805, 18.73246296], [-70.43040893, 18.73245097], [-70.43042219, 18.73234031], [-70.43038745, 18.73224062]]]]}, "geometry_name": "the_geom", "properties": {"Posicional": "304792204098", "Expediente": "6642024031180-06", "Area": 25461.38, "Municipio": "RANCHO ARRIBA", "Provincia": "San Jos\u00e9 de Ocoa", "Operacion": "Subdivisi\u00f3n", "FechaInsc": "17/6/2025 4:16:37 p.\u00a0m.", "area_calc_m2": 25461, "touches_family_land": false, "owner": null, "owner_source": null, "family": false, "category": "confirmed"}}, {"type": "Feature", "id": "Aprobados.633167", "geometry": {"type": "MultiPolygon", "coordinates": [[[[-70.43060706, 18.73214124], [-70.43098386, 18.7323529], [-70.43102508, 18.73242215], [-70.43098753, 18.73250465], [-70.43090513, 18.73252347], [-70.43086022, 18.73253372], [-70.43077495, 18.73258574], [-70.43073491, 18.7326736], [-70.43076017, 18.73275555], [-70.43093725, 18.73303673], [-70.43096432, 18.73311849], [-70.43109774, 18.73320828], [-70.43107439, 18.73356729], [-70.43109294, 18.73360395], [-70.43093588, 18.73378343], [-70.43054351, 18.73409393], [-70.43064017, 18.73432876], [-70.43129404, 18.73440307], [-70.43154631, 18.73485525], [-70.43135848, 18.73488757], [-70.43116885, 18.7351011], [-70.43131886, 18.73534388], [-70.43119739, 18.73539226], [-70.43104189, 18.73561138], [-70.43099699, 18.73578351], [-70.43104155, 18.73591628], [-70.43137128, 18.73623617], [-70.43150451, 18.73630358], [-70.43171412, 18.73650091], [-70.43167228, 18.7366033], [-70.43166128, 18.73676242], [-70.43163164, 18.7369648], [-70.4316162, 18.73709466], [-70.43160692, 18.73715678], [-70.43154897, 18.73740999], [-70.43150663, 18.73757528], [-70.43145364, 18.73772233], [-70.43135765, 18.73766337], [-70.43130547, 18.73760346], [-70.43127778, 18.73757742], [-70.43117021, 18.73745006], [-70.43070483, 18.73688692], [-70.43045562, 18.73659553], [-70.43032677, 18.73641633], [-70.43023578, 18.73624721], [-70.43008211, 18.73585611], [-70.42993791, 18.73539464], [-70.42988425, 18.73513307], [-70.42989315, 18.73497503], [-70.4299262, 18.73482456], [-70.4299861, 18.7346577], [-70.43013995, 18.73438232], [-70.43033587, 18.73404993], [-70.43050058, 18.73375055], [-70.43065077, 18.73339186], [-70.43068054, 18.73323607], [-70.43070311, 18.73257027], [-70.43069059, 18.73246941], [-70.43063669, 18.73223495], [-70.43060706, 18.73214124]]]]}, "geometry_name": "the_geom", "properties": {"Posicional": "304792116514", "Expediente": "6642024031180-06", "Area": 48565.07, "Municipio": "RANCHO ARRIBA", "Provincia": "San Jos\u00e9 de Ocoa", "Operacion": "Subdivisi\u00f3n", "FechaInsc": "17/6/2025 4:16:37 p.\u00a0m.", "area_calc_m2": 48565, "touches_family_land": false, "owner": null, "owner_source": null, "family": false, "category": "confirmed"}}, {"type": "Feature", "id": "Aprobados.633165", "geometry": {"type": "MultiPolygon", "coordinates": [[[[-70.43010696, 18.73621098], [-70.43015789, 18.73629255], [-70.43025969, 18.73645922], [-70.4303935, 18.73663401], [-70.43065342, 18.73694928], [-70.43096123, 18.73733183], [-70.43122248, 18.73763125], [-70.4312509, 18.73766995], [-70.43136345, 18.73786354], [-70.43129078, 18.73791817], [-70.43131347, 18.73796747], [-70.43118355, 18.73843542], [-70.43113183, 18.73856858], [-70.43110754, 18.73862772], [-70.43107482, 18.73867787], [-70.43098081, 18.73873491], [-70.43092573, 18.73868246], [-70.43078025, 18.73874246], [-70.43073704, 18.73876986], [-70.43050177, 18.7386109], [-70.43054103, 18.73845989], [-70.4305592, 18.7382434], [-70.43060983, 18.73821704], [-70.43075104, 18.73799573], [-70.43075723, 18.73794679], [-70.43073532, 18.73787782], [-70.43070065, 18.73780374], [-70.43043123, 18.73766678], [-70.4303936, 18.73765829], [-70.43033348, 18.73766718], [-70.43018666, 18.73769625], [-70.42989022, 18.73779056], [-70.42969231, 18.73763168], [-70.4296359, 18.73752337], [-70.42954188, 18.73753397], [-70.42949882, 18.73739089], [-70.42942363, 18.73717858], [-70.42933425, 18.73699575], [-70.42929564, 18.73688831], [-70.42929316, 18.73683975], [-70.42931111, 18.73679556], [-70.42947618, 18.73664556], [-70.42957444, 18.73658491], [-70.4296834, 18.73656301], [-70.42979269, 18.73651058], [-70.42989483, 18.73643246], [-70.42993693, 18.73635491], [-70.42997882, 18.73630063], [-70.43002441, 18.73626586], [-70.43010696, 18.73621098]]]]}, "geometry_name": "the_geom", "properties": {"Posicional": "304792230779", "Expediente": "6642024031180-06", "Area": 26490.24, "Municipio": "RANCHO ARRIBA", "Provincia": "San Jos\u00e9 de Ocoa", "Operacion": "Subdivisi\u00f3n", "FechaInsc": "17/6/2025 4:16:37 p.\u00a0m.", "area_calc_m2": 26491, "touches_family_land": false, "owner": null, "owner_source": null, "family": false, "category": "confirmed"}}, {"type": "Feature", "id": "Aprobados.137760", "geometry": {"type": "MultiPolygon", "coordinates": [[[[-70.42942771, 18.6859216], [-70.42942588, 18.68600818], [-70.42942507, 18.68603665], [-70.42941837, 18.68605098], [-70.42939315, 18.68609662], [-70.42930719, 18.68605571], [-70.42922401, 18.68601731], [-70.42921372, 18.68601187], [-70.42919673, 18.68599764], [-70.4291484, 18.68595581], [-70.42910981, 18.68592177], [-70.42907028, 18.68587788], [-70.4290584, 18.68586279], [-70.42905249, 18.68584703], [-70.42904375, 18.68583435], [-70.42903168, 18.6857964], [-70.42902899, 18.6857592], [-70.42904908, 18.68567808], [-70.42906946, 18.68559823], [-70.42908014, 18.68550391], [-70.42908533, 18.68539987], [-70.42909357, 18.68534225], [-70.42911071, 18.68529432], [-70.4291273, 18.68523754], [-70.42913561, 18.68518814], [-70.42913208, 18.68510612], [-70.42909027, 18.68499331], [-70.42907927, 18.68494786], [-70.42905982, 18.68484491], [-70.42905819, 18.68481998], [-70.42903117, 18.68469531], [-70.42903355, 18.68468626], [-70.42896542, 18.68465624], [-70.42887993, 18.68462653], [-70.42887014, 18.6846229], [-70.4288282, 18.6846074], [-70.42881388, 18.68459631], [-70.42877463, 18.6845732], [-70.42873752, 18.6845462], [-70.42869477, 18.68451354], [-70.4286417, 18.68445955], [-70.42860398, 18.68442831], [-70.42857311, 18.68439899], [-70.42855748, 18.68438935], [-70.42853453, 18.68437643], [-70.42846895, 18.68436916], [-70.42840708, 18.6843736], [-70.42839126, 18.68437535], [-70.42831919, 18.68433976], [-70.42826303, 18.68431362], [-70.42822767, 18.68428009], [-70.42816282, 18.68422366], [-70.42813843, 18.68418698], [-70.42813014, 18.6841593], [-70.42809695, 18.68407986], [-70.4280807, 18.68405225], [-70.42805471, 18.68402796], [-70.42797726, 18.68390494], [-70.42809085, 18.6839282], [-70.42812067, 18.68392336], [-70.42820195, 18.68383618], [-70.42824484, 18.68373818], [-70.42825519, 18.68370593], [-70.42828526, 18.68364038], [-70.42832365, 18.68357078], [-70.42836161, 18.68350787], [-70.42837158, 18.68341852], [-70.42840766, 18.68327838], [-70.42843464, 18.68319441], [-70.4284315, 18.68301209], [-70.42844669, 18.68292315], [-70.42848762, 18.68285264], [-70.4285386, 18.68282613], [-70.42855062, 18.68282414], [-70.42856117, 18.68281584], [-70.42861743, 18.68277475], [-70.42864031, 18.68275596], [-70.42864483, 18.68279768], [-70.42870027, 18.68285174], [-70.42872106, 18.68286559], [-70.42878668, 18.68290168], [-70.42881338, 18.68291973], [-70.42891309, 18.68305089], [-70.42894389, 18.68309548], [-70.42897388, 18.68314413], [-70.42900356, 18.68317896], [-70.42901725, 18.68320488], [-70.42903841, 18.68323047], [-70.42908013, 18.68327579], [-70.4291172, 18.68332041], [-70.42915871, 18.68336455], [-70.42920451, 18.68341046], [-70.42932615, 18.68350017], [-70.42942254, 18.68357596], [-70.42947634, 18.68361432], [-70.42952822, 18.68366217], [-70.42955994, 18.68369139], [-70.42958853, 18.68371963], [-70.42960101, 18.68373869], [-70.42962436, 18.68378595], [-70.42963381, 18.68380513], [-70.4296481, 18.68382517], [-70.42966078, 18.6838445], [-70.42968723, 18.68387845], [-70.42971018, 18.68390132], [-70.42975217, 18.68393434], [-70.42978006, 18.68395862], [-70.42980083, 18.68397066], [-70.42984264, 18.68399329], [-70.42991454, 18.68404244], [-70.42995989, 18.68405745], [-70.4300148, 18.68406959], [-70.43004011, 18.6841369], [-70.43005197, 18.68416138], [-70.43013933, 18.6842565], [-70.43014365, 18.68426216], [-70.43014081, 18.68427383], [-70.43006783, 18.68432183], [-70.43009502, 18.68435325], [-70.43010758, 18.6843817], [-70.43011335, 18.68443642], [-70.4301235, 18.68448287], [-70.43018334, 18.68455244], [-70.43024278, 18.68461858], [-70.4302503, 18.68463407], [-70.43027908, 18.68471869], [-70.43028293, 18.68473773], [-70.43031176, 18.68479407], [-70.43033771, 18.68484755], [-70.43034884, 18.68490818], [-70.43035762, 18.68493866], [-70.43037609, 18.68495803], [-70.43036064, 18.68497035], [-70.43029261, 18.68499788], [-70.43024109, 18.68501617], [-70.4301985, 18.68502517], [-70.43007858, 18.68504966], [-70.42994775, 18.68507334], [-70.42986881, 18.68508894], [-70.42972221, 18.68512087], [-70.42968569, 18.68511826], [-70.42966871, 18.68517405], [-70.4296619, 18.68520988], [-70.42965104, 18.68536249], [-70.42963952, 18.68542429], [-70.42961777, 18.68547614], [-70.42955805, 18.68557969], [-70.42953923, 18.68560794], [-70.42951072, 18.68561032], [-70.42944353, 18.68558038], [-70.42941398, 18.68556163], [-70.42934646, 18.68568467], [-70.4293158, 18.6858274], [-70.42931732, 18.68589534], [-70.42942771, 18.6859216]]]]}, "geometry_name": "the_geom", "properties": {"Posicional": "304696248948", "Expediente": "6642019008308-05", "Area": 36375.42572021, "Municipio": "RANCHO ARRIBA", "Provincia": "San Jos\u00e9 de Ocoa", "Operacion": "Saneamiento", "FechaInsc": "2/10/2019 7:44:19 a.\u00a0m.", "area_calc_m2": 36375, "touches_family_land": false, "owner": null, "owner_source": null, "family": false, "category": "confirmed"}}, {"type": "Feature", "id": "Aprobados.302506", "geometry": {"type": "MultiPolygon", "coordinates": [[[[-70.42938753, 18.6962062], [-70.42936856, 18.69624005], [-70.42931541, 18.69627877], [-70.42906271, 18.69642409], [-70.42881115, 18.69617427], [-70.42876389, 18.69617002], [-70.42847058, 18.69617578], [-70.42810295, 18.69594682], [-70.42804891, 18.69594849], [-70.42799379, 18.69593337], [-70.42783154, 18.69580693], [-70.42772688, 18.69568448], [-70.42783983, 18.69561938], [-70.42786103, 18.69559166], [-70.42751049, 18.69528621], [-70.42737761, 18.69521321], [-70.42701783, 18.69511773], [-70.42683812, 18.69529557], [-70.42677476, 18.6953827], [-70.42671634, 18.69547242], [-70.42656546, 18.69568455], [-70.42641044, 18.69592292], [-70.42625618, 18.69572025], [-70.42621304, 18.69564097], [-70.42603175, 18.69538095], [-70.42606314, 18.69521156], [-70.42609051, 18.69508322], [-70.42612329, 18.6950003], [-70.42615444, 18.69494928], [-70.42625248, 18.69481399], [-70.42639529, 18.69462334], [-70.42655704, 18.69449768], [-70.42664778, 18.69444106], [-70.42674401, 18.69437175], [-70.42668357, 18.69428754], [-70.42655453, 18.69419808], [-70.42642428, 18.69412254], [-70.42660143, 18.69392195], [-70.42666122, 18.69331755], [-70.42665692, 18.69317852], [-70.42658765, 18.69285412], [-70.42644879, 18.69272407], [-70.42639304, 18.69261127], [-70.42636121, 18.69239909], [-70.42626561, 18.69207922], [-70.42600802, 18.69185511], [-70.42595802, 18.69170405], [-70.42589434, 18.69144792], [-70.42582619, 18.69132654], [-70.42578463, 18.69124346], [-70.42574387, 18.69115405], [-70.42573043, 18.69098617], [-70.42571424, 18.69088745], [-70.42568727, 18.69080353], [-70.42561254, 18.69049507], [-70.42557091, 18.69015411], [-70.42551909, 18.68989852], [-70.42550325, 18.68987524], [-70.42548466, 18.68985162], [-70.42586006, 18.68971946], [-70.42619119, 18.68975869], [-70.4263531, 18.68976577], [-70.42674878, 18.68973475], [-70.42687392, 18.68968699], [-70.42698126, 18.68970036], [-70.42695174, 18.68999045], [-70.42701905, 18.69010235], [-70.42700709, 18.69067792], [-70.42721134, 18.69122439], [-70.42819435, 18.69279265], [-70.42857293, 18.69320875], [-70.42854277, 18.69342232], [-70.42839502, 18.69373581], [-70.42852664, 18.69397452], [-70.42869189, 18.6942662], [-70.42876084, 18.69437049], [-70.42882936, 18.69453659], [-70.42892761, 18.69478694], [-70.42892411, 18.69481073], [-70.42870632, 18.69495769], [-70.4284754, 18.69511125], [-70.42857505, 18.69529174], [-70.42864848, 18.69542175], [-70.42878515, 18.69563007], [-70.42902481, 18.69586236], [-70.42938753, 18.6962062]]]]}, "geometry_name": "the_geom", "properties": {"Posicional": "304697449786", "Expediente": "6642021081640-04", "Area": 127715.13, "Municipio": "RANCHO ARRIBA", "Provincia": "San Jos\u00e9 de Ocoa", "Operacion": "Saneamiento", "FechaInsc": "25/2/2022 9:14:19 a.\u00a0m.", "area_calc_m2": 127715, "touches_family_land": false, "owner": null, "owner_source": null, "family": false, "category": "confirmed"}}, {"type": "Feature", "id": "Aprobados.42479", "geometry": {"type": "MultiPolygon", "coordinates": [[[[-70.42958396, 18.70496547], [-70.42972395, 18.70586066], [-70.42982783, 18.7061154], [-70.42988343, 18.70635596], [-70.42991967, 18.70671955], [-70.42922971, 18.70686387], [-70.42911324, 18.70683747], [-70.42818379, 18.70683931], [-70.42816533, 18.70669534], [-70.42844054, 18.70666613], [-70.42826356, 18.70590396], [-70.42810308, 18.70523238], [-70.42796889, 18.70465422], [-70.42958396, 18.70496547]]]]}, "geometry_name": "the_geom", "properties": {"Posicional": "304698382870", "Expediente": "663201702903", "Area": 35760.37, "Municipio": "RANCHO ARRIBA", "Provincia": "San Jos\u00e9 de Ocoa", "Operacion": "Deslinde", "FechaInsc": "31/7/2017 4:43:18 p.\u00a0m.", "area_calc_m2": 35760, "touches_family_land": false, "owner": null, "owner_source": null, "family": false, "category": "confirmed"}}, {"type": "Feature", "id": "Aprobados.76521", "geometry": {"type": "MultiPolygon", "coordinates": [[[[-70.42916274, 18.70488429], [-70.42917223, 18.70489624], [-70.42917577, 18.70490001], [-70.42919014, 18.70506471], [-70.42919187, 18.70509027], [-70.42919975, 18.7051474], [-70.4292151, 18.70517963], [-70.42922746, 18.70522951], [-70.4292351, 18.70528014], [-70.42930645, 18.7055457], [-70.42912764, 18.70558248], [-70.42912305, 18.70558884], [-70.42914931, 18.70570141], [-70.42921904, 18.70568362], [-70.42933573, 18.7056567], [-70.42939181, 18.70586355], [-70.42920232, 18.70590521], [-70.42922819, 18.70600486], [-70.42940631, 18.70596492], [-70.42941672, 18.70596267], [-70.42952626, 18.70640503], [-70.42952416, 18.70641499], [-70.42952031, 18.70641918], [-70.42948538, 18.70642559], [-70.42916859, 18.70648475], [-70.42915928, 18.70648193], [-70.42909872, 18.70626083], [-70.42927635, 18.706218], [-70.42926996, 18.70619149], [-70.42925199, 18.70611762], [-70.42918791, 18.70613103], [-70.42907271, 18.70615495], [-70.42896594, 18.70572648], [-70.42882226, 18.70513646], [-70.42881235, 18.70509668], [-70.42887818, 18.70508787], [-70.42888519, 18.70484927], [-70.42888608, 18.70483101], [-70.42916274, 18.70488429]]]]}, "geometry_name": "the_geom", "properties": {"Posicional": "304698390388", "Expediente": "663201711660", "Area": 6239.63635254, "Municipio": "RANCHO ARRIBA", "Provincia": "San Jos\u00e9 de Ocoa", "Operacion": "Subdivisi\u00f3n", "FechaInsc": "7/5/2018 8:08:05 a.\u00a0m.", "area_calc_m2": 6240, "touches_family_land": false, "owner": null, "owner_source": null, "family": false, "category": "confirmed"}}, {"type": "Feature", "id": "Aprobados.134887", "geometry": {"type": "MultiPolygon", "coordinates": [[[[-70.42885946, 18.70530462], [-70.42883428, 18.70519214], [-70.42891916, 18.70517699], [-70.4290418, 18.70515875], [-70.42903769, 18.70513886], [-70.4290375, 18.70506593], [-70.42905615, 18.70498678], [-70.429059, 18.70496566], [-70.42906431, 18.70491416], [-70.42906081, 18.70491388], [-70.42906967, 18.70486638], [-70.42916272, 18.70488432], [-70.42917219, 18.70489626], [-70.42917577, 18.70490002], [-70.42919012, 18.70506472], [-70.42919187, 18.70509024], [-70.42919975, 18.70514744], [-70.42921507, 18.70517962], [-70.42922747, 18.70522947], [-70.42923031, 18.70524845], [-70.42885946, 18.70530462]]]]}, "geometry_name": "the_geom", "properties": {"Posicional": "304698381053", "Expediente": "6642019009436-05", "Area": 936.31, "Municipio": "RANCHO ARRIBA", "Provincia": "San Jos\u00e9 de Ocoa", "Operacion": "Subdivisi\u00f3n", "FechaInsc": "23/8/2019 1:22:56 p.\u00a0m.", "area_calc_m2": 936, "touches_family_land": false, "owner": null, "owner_source": null, "family": false, "category": "confirmed"}}, {"type": "Feature", "id": "Aprobados.134877", "geometry": {"type": "MultiPolygon", "coordinates": [[[[-70.42907271, 18.70615495], [-70.42904593, 18.70604889], [-70.42909439, 18.70603877], [-70.4291842, 18.70601748], [-70.42922819, 18.70600486], [-70.42924616, 18.70607809], [-70.42925199, 18.70611762], [-70.42918791, 18.70613103], [-70.42907271, 18.70615495]]]]}, "geometry_name": "the_geom", "properties": {"Posicional": "304698390079", "Expediente": "6642019009436-05", "Area": 241.75, "Municipio": "RANCHO ARRIBA", "Provincia": "San Jos\u00e9 de Ocoa", "Operacion": "Subdivisi\u00f3n", "FechaInsc": "23/8/2019 1:22:56 p.\u00a0m.", "area_calc_m2": 242, "touches_family_land": false, "owner": null, "owner_source": null, "family": false, "category": "confirmed"}}, {"type": "Feature", "id": "Aprobados.134878", "geometry": {"type": "MultiPolygon", "coordinates": [[[[-70.42904593, 18.70604889], [-70.4290213, 18.70595005], [-70.42913317, 18.70592552], [-70.42920232, 18.70590521], [-70.42922819, 18.70600486], [-70.4291842, 18.70601748], [-70.42909439, 18.70603877], [-70.42904593, 18.70604889]]]]}, "geometry_name": "the_geom", "properties": {"Posicional": "304698381907", "Expediente": "6642019009436-05", "Area": 222.98, "Municipio": "RANCHO ARRIBA", "Provincia": "San Jos\u00e9 de Ocoa", "Operacion": "Subdivisi\u00f3n", "FechaInsc": "23/8/2019 1:22:56 p.\u00a0m.", "area_calc_m2": 223, "touches_family_land": false, "owner": null, "owner_source": null, "family": false, "category": "confirmed"}}, {"type": "Feature", "id": "Aprobados.121362", "geometry": {"type": "MultiPolygon", "coordinates": [[[[-70.42806917, 18.71057705], [-70.42813594, 18.7105331], [-70.42835328, 18.7103773], [-70.4291925, 18.70991025], [-70.42932542, 18.71001098], [-70.4295163, 18.70996681], [-70.42964096, 18.71002713], [-70.4289547, 18.71135138], [-70.42884804, 18.71125709], [-70.42806917, 18.71057705]]]]}, "geometry_name": "the_geom", "properties": {"Posicional": "304699343084", "Expediente": "6642019011661-03", "Area": 12576.13, "Municipio": "RANCHO ARRIBA", "Provincia": "San Jos\u00e9 de Ocoa", "Operacion": "Deslinde", "FechaInsc": "3/6/2019 7:23:10 a.\u00a0m.", "area_calc_m2": 12576, "touches_family_land": false, "owner": null, "owner_source": null, "family": false, "category": "confirmed"}}, {"type": "Feature", "id": "Aprobados.113219", "geometry": {"type": "MultiPolygon", "coordinates": [[[[-70.42897717, 18.72090429], [-70.42930008, 18.72011238], [-70.42969253, 18.7193049], [-70.42989484, 18.71944529], [-70.43020413, 18.71965006], [-70.43024591, 18.71965926], [-70.42991016, 18.72040668], [-70.42960856, 18.7211741], [-70.42921641, 18.72102076], [-70.42897717, 18.72090429]]]]}, "geometry_name": "the_geom", "properties": {"Posicional": "304790247821", "Expediente": "6642018064409-05", "Area": 13317.38, "Municipio": "RANCHO ARRIBA", "Provincia": "San Jos\u00e9 de Ocoa", "Operacion": "Subdivisi\u00f3n", "FechaInsc": "2/4/2019 12:36:12 p.\u00a0m.", "area_calc_m2": 13317, "touches_family_land": false, "owner": null, "owner_source": null, "family": false, "category": "confirmed"}}, {"type": "Feature", "id": "Aprobados.42478", "geometry": {"type": "MultiPolygon", "coordinates": [[[[-70.42938202, 18.70478856], [-70.42738182, 18.70444761], [-70.42694712, 18.70437602], [-70.42681173, 18.70436575], [-70.42686254, 18.70344779], [-70.42685921, 18.70312948], [-70.42679954, 18.70303587], [-70.42647053, 18.70268743], [-70.42636028, 18.70255553], [-70.4262532, 18.70246111], [-70.42598808, 18.7023706], [-70.42572231, 18.7022707], [-70.42567377, 18.70223791], [-70.42570213, 18.70220435], [-70.42573665, 18.70213723], [-70.42582788, 18.7021387], [-70.42607076, 18.70218908], [-70.42613298, 18.70215807], [-70.42620357, 18.70215156], [-70.42644025, 18.70233346], [-70.42670188, 18.70268585], [-70.4267924, 18.70270468], [-70.42733217, 18.70292484], [-70.42773462, 18.70322284], [-70.42798381, 18.70361779], [-70.42833358, 18.70401035], [-70.42851562, 18.70435802], [-70.42922993, 18.70454069], [-70.42938202, 18.70478856]]]]}, "geometry_name": "the_geom", "properties": {"Posicional": "304698468407", "Expediente": "663201702903", "Area": 28475.29, "Municipio": "RANCHO ARRIBA", "Provincia": "San Jos\u00e9 de Ocoa", "Operacion": "Deslinde", "FechaInsc": "31/7/2017 4:43:18 p.\u00a0m.", "area_calc_m2": 28475, "touches_family_land": false, "owner": null, "owner_source": null, "family": false, "category": "confirmed"}}, {"type": "Feature", "id": "Aprobados.326828", "geometry": {"type": "MultiPolygon", "coordinates": [[[[-70.42796907, 18.70409284], [-70.42798533, 18.70402626], [-70.42799126, 18.7040035], [-70.42799512, 18.70398667], [-70.42802278, 18.70399107], [-70.42809813, 18.70401286], [-70.42811868, 18.70394306], [-70.42802278, 18.70390766], [-70.42803288, 18.70388296], [-70.42799694, 18.70383163], [-70.42798139, 18.70380717], [-70.42798171, 18.70379293], [-70.42799447, 18.70377214], [-70.42802541, 18.70372411], [-70.42808998, 18.70375132], [-70.42810653, 18.70375581], [-70.4283334, 18.70401048], [-70.42833054, 18.70413504], [-70.42831659, 18.70413626], [-70.42828836, 18.70413737], [-70.42814119, 18.70412128], [-70.42796907, 18.70409284]]]]}, "geometry_name": "the_geom", "properties": {"Posicional": "304698461714", "Expediente": "6642021081187-08", "Area": 1016.79, "Municipio": "RANCHO ARRIBA", "Provincia": "San Jos\u00e9 de Ocoa", "Operacion": "Subdivisi\u00f3n", "FechaInsc": "22/9/2022 4:13:43 p.\u00a0m.", "area_calc_m2": 1017, "touches_family_land": false, "owner": null, "owner_source": null, "family": false, "category": "confirmed"}}, {"type": "Feature", "id": "Aprobados.151992", "geometry": {"type": "MultiPolygon", "coordinates": [[[[-70.42431806, 18.73860074], [-70.42458326, 18.73793476], [-70.42470023, 18.73705743], [-70.42446076, 18.73631457], [-70.42453177, 18.73624916], [-70.42466931, 18.73610864], [-70.42475718, 18.73599175], [-70.42493558, 18.73585633], [-70.42500848, 18.73581839], [-70.4251305, 18.73567341], [-70.42515136, 18.73563964], [-70.42524422, 18.73550269], [-70.42538545, 18.73531472], [-70.42545268, 18.73522252], [-70.4254857, 18.73515197], [-70.42551601, 18.735052], [-70.42552421, 18.73492555], [-70.42557834, 18.73479173], [-70.42577654, 18.73455712], [-70.42584924, 18.73453043], [-70.42597095, 18.73441668], [-70.42600352, 18.73436108], [-70.4261635, 18.73426205], [-70.42616634, 18.73425363], [-70.42618955, 18.73424363], [-70.42620487, 18.73421619], [-70.42627425, 18.73416197], [-70.42636031, 18.73408286], [-70.42651167, 18.73392821], [-70.42661905, 18.73380901], [-70.42663907, 18.7337844], [-70.42672756, 18.73366969], [-70.42676955, 18.73361908], [-70.42678875, 18.73358517], [-70.42685505, 18.73343856], [-70.42690775, 18.73334328], [-70.42695073, 18.73320824], [-70.42700746, 18.73303763], [-70.42708107, 18.73282427], [-70.42714563, 18.73262494], [-70.42722138, 18.73240082], [-70.42727551, 18.7322396], [-70.42727644, 18.73220407], [-70.42730814, 18.73208948], [-70.42735789, 18.73193641], [-70.42740232, 18.73183172], [-70.4274184, 18.73181197], [-70.42747808, 18.73180636], [-70.42765115, 18.73181945], [-70.42802323, 18.73184593], [-70.42829593, 18.73186439], [-70.42854742, 18.73187883], [-70.42894846, 18.73192276], [-70.42914406, 18.73195666], [-70.42917656, 18.73199168], [-70.4291675, 18.73201534], [-70.42911378, 18.73213901], [-70.42907044, 18.73225957], [-70.42902416, 18.73245813], [-70.42901394, 18.73251346], [-70.4289882, 18.73266212], [-70.42893853, 18.73282764], [-70.42891039, 18.7329625], [-70.42808096, 18.73396106], [-70.42811867, 18.73398735], [-70.42808491, 18.73403521], [-70.42799448, 18.73418039], [-70.42794335, 18.73419801], [-70.42785909, 18.7342143], [-70.4278413, 18.73423222], [-70.42777659, 18.73441567], [-70.42773576, 18.73445822], [-70.42761172, 18.73457563], [-70.42739653, 18.73476319], [-70.42729111, 18.73484972], [-70.42724063, 18.73491206], [-70.42705595, 18.73516304], [-70.42701274, 18.73520941], [-70.42689191, 18.7353582], [-70.4268064, 18.73563621], [-70.42678708, 18.73575924], [-70.42679033, 18.7357979], [-70.42679957, 18.73602556], [-70.42682606, 18.73610027], [-70.42686082, 18.73615386], [-70.42689053, 18.73622098], [-70.42689301, 18.73627114], [-70.42687926, 18.73633958], [-70.42683954, 18.73642204], [-70.42684099, 18.73644218], [-70.42679193, 18.73652564], [-70.42668923, 18.73658879], [-70.42658252, 18.73666281], [-70.42642309, 18.73684991], [-70.42622577, 18.73704444], [-70.42616715, 18.73709591], [-70.42608673, 18.73717738], [-70.42591381, 18.73734847], [-70.4258103, 18.737686], [-70.42578845, 18.73776039], [-70.42577998, 18.73789026], [-70.42580244, 18.73803719], [-70.42581608, 18.73811381], [-70.42586466, 18.738214], [-70.42590709, 18.73827264], [-70.42596625, 18.73836265], [-70.42589789, 18.73837236], [-70.42586103, 18.7383805], [-70.42582317, 18.73837173], [-70.42577248, 18.73841275], [-70.42571209, 18.73844593], [-70.42563134, 18.73849637], [-70.42556173, 18.73852613], [-70.42540066, 18.73858316], [-70.42519946, 18.73859267], [-70.42503157, 18.73858858], [-70.42478348, 18.73859855], [-70.42456655, 18.73860051], [-70.42431806, 18.73860074]]]]}, "geometry_name": "the_geom", "properties": {"Posicional": "304792610177", "Expediente": "6642019044517-05", "Area": 132423.03, "Municipio": "RANCHO ARRIBA", "Provincia": "San Jos\u00e9 de Ocoa", "Operacion": "Saneamiento", "FechaInsc": "19/2/2020 3:23:45 p.\u00a0m.", "area_calc_m2": 132423, "touches_family_land": false, "owner": null, "owner_source": null, "family": false, "category": "confirmed"}}, {"type": "Feature", "id": "Aprobados.331651", "geometry": {"type": "MultiPolygon", "coordinates": [[[[-70.42562595, 18.68436607], [-70.42562844, 18.68433056], [-70.42561133, 18.68423755], [-70.42557428, 18.68415164], [-70.42554379, 18.68408731], [-70.42552634, 18.68402674], [-70.42551954, 18.68398147], [-70.42551833, 18.68382148], [-70.42550504, 18.68371007], [-70.42549216, 18.68364571], [-70.42547514, 18.68356842], [-70.42547581, 18.68354165], [-70.42548458, 18.68351624], [-70.4255149, 18.68347027], [-70.42560177, 18.6833659], [-70.42566195, 18.68330919], [-70.42571853, 18.68326505], [-70.42577359, 18.68322132], [-70.4258541, 18.68317372], [-70.42594203, 18.68313542], [-70.42603986, 18.68312405], [-70.42613423, 18.68310778], [-70.42617639, 18.68309883], [-70.42621817, 18.68308463], [-70.42629694, 18.6831882], [-70.42636143, 18.68327223], [-70.42645409, 18.68333823], [-70.42650606, 18.68338905], [-70.42651584, 18.68340419], [-70.42656187, 18.68345203], [-70.42667307, 18.68352614], [-70.4267801, 18.68359801], [-70.42690297, 18.68366359], [-70.42711535, 18.68363624], [-70.42717877, 18.6836192], [-70.42725311, 18.68360077], [-70.42739794, 18.68356551], [-70.42710872, 18.68395293], [-70.42739495, 18.6841616], [-70.42749983, 18.68432995], [-70.42744541, 18.68450451], [-70.42733991, 18.68466841], [-70.42748414, 18.68488829], [-70.4274391, 18.68494422], [-70.4273625, 18.68485642], [-70.4273183, 18.68478568], [-70.42717624, 18.68468562], [-70.42706083, 18.68465802], [-70.42693868, 18.6846627], [-70.42682515, 18.68469824], [-70.42672702, 18.684726], [-70.42667428, 18.68472382], [-70.42653802, 18.6847065], [-70.42642997, 18.68470511], [-70.42641411, 18.6847044], [-70.42633816, 18.68468159], [-70.42627139, 18.68467104], [-70.42618528, 18.68464276], [-70.42612732, 18.68461508], [-70.42590729, 18.68447187], [-70.42581245, 18.68441345], [-70.42575029, 18.68438702], [-70.42569432, 18.6843752], [-70.42562595, 18.68436607]]]]}, "geometry_name": "the_geom", "properties": {"Posicional": "304696547653", "Expediente": "6642022027569-04", "Area": 25972.76, "Municipio": "RANCHO ARRIBA", "Provincia": "San Jos\u00e9 de Ocoa", "Operacion": "Saneamiento", "FechaInsc": "25/10/2022 3:06:36 p.\u00a0m.", "area_calc_m2": 25973, "touches_family_land": false, "owner": null, "owner_source": null, "family": false, "category": "confirmed"}}, {"type": "Feature", "id": "Aprobados.707207", "geometry": {"type": "MultiPolygon", "coordinates": [[[[-70.42698007, 18.69784175], [-70.42705329, 18.69808173], [-70.42707677, 18.69816884], [-70.42709019, 18.69821933], [-70.42677397, 18.69825355], [-70.42639261, 18.69829901], [-70.42628629, 18.6979682], [-70.426136, 18.69751476], [-70.42608864, 18.69739612], [-70.42619317, 18.69735475], [-70.42626581, 18.6973336], [-70.42629777, 18.69732369], [-70.42630269, 18.69733332], [-70.42638083, 18.6973123], [-70.42647555, 18.69728908], [-70.42652575, 18.6972259], [-70.42662743, 18.69725287], [-70.42681289, 18.69734209], [-70.42682297, 18.6973796], [-70.42684702, 18.69747745], [-70.42685525, 18.6975091], [-70.42687421, 18.69756552], [-70.42688797, 18.69761268], [-70.42690977, 18.6976791], [-70.42697101, 18.6978364], [-70.42698007, 18.69784175]]]]}, "geometry_name": "the_geom", "properties": {"Posicional": "304697597808", "Expediente": "6642020034241-04", "Area": 8071.42, "Municipio": "RANCHO ARRIBA", "Provincia": "San Jos\u00e9 de Ocoa", "Operacion": "Saneamiento", "FechaInsc": "11/2/2021 1:29:08 p.\u00a0m.", "area_calc_m2": 8071, "touches_family_land": false, "owner": null, "owner_source": null, "family": false, "category": "confirmed"}}, {"type": "Feature", "id": "Aprobados.697956", "geometry": {"type": "MultiPolygon", "coordinates": [[[[-70.42690783, 18.69845484], [-70.42678478, 18.69850249], [-70.42667744, 18.69826413], [-70.42683755, 18.69824872], [-70.42690783, 18.69845484]]]]}, "geometry_name": "the_geom", "properties": {"Posicional": "304698504583", "Expediente": "6642025094038-06", "Area": 399.97, "Municipio": "RANCHO ARRIBA", "Provincia": "San Jos\u00e9 de Ocoa", "Operacion": "Saneamiento", "FechaInsc": "16/4/2026 8:57:39 a.\u00a0m.", "area_calc_m2": 400, "touches_family_land": false, "owner": null, "owner_source": null, "family": false, "category": "confirmed"}}, {"type": "Feature", "id": "Aprobados.471287", "geometry": {"type": "MultiPolygon", "coordinates": [[[[-70.42701071, 18.70235785], [-70.42679728, 18.70240484], [-70.42644025, 18.70233346], [-70.42624933, 18.70218679], [-70.42666804, 18.70180082], [-70.42665043, 18.70173924], [-70.42663721, 18.70159275], [-70.42660691, 18.70147049], [-70.4265322, 18.70137709], [-70.42648635, 18.70129452], [-70.42647253, 18.70124803], [-70.4264248, 18.70117998], [-70.42639394, 18.70116795], [-70.42629414, 18.70113676], [-70.42612973, 18.70108278], [-70.42589141, 18.70099118], [-70.42572972, 18.70100318], [-70.42555212, 18.70086148], [-70.42541327, 18.70083027], [-70.42549236, 18.70074199], [-70.42556408, 18.70063194], [-70.42567032, 18.70048899], [-70.42576628, 18.70034179], [-70.42579407, 18.70030682], [-70.42584346, 18.70028093], [-70.42591162, 18.70027084], [-70.42603953, 18.7002726], [-70.42616414, 18.70030464], [-70.42625467, 18.70030921], [-70.42625467, 18.70030921], [-70.42626265, 18.70030507], [-70.42653481, 18.70057809], [-70.42695665, 18.70114585], [-70.42684239, 18.70172293], [-70.42685918, 18.70191544], [-70.42701071, 18.70235785]]]]}, "geometry_name": "the_geom", "properties": {"Posicional": "304698549775", "Expediente": "6642023098885-04", "Area": 15060.84, "Municipio": "RANCHO ARRIBA", "Provincia": "San Jos\u00e9 de Ocoa", "Operacion": "Subdivisi\u00f3n", "FechaInsc": "20/12/2023 11:41:17 a.\u00a0m.", "area_calc_m2": 15061, "touches_family_land": false, "owner": null, "owner_source": null, "family": false, "category": "confirmed"}}, {"type": "Feature", "id": "Aprobados.625235", "geometry": {"type": "MultiPolygon", "coordinates": [[[[-70.42547132, 18.70077842], [-70.42547132, 18.70077842], [-70.42554715, 18.70065682], [-70.42567032, 18.70048899], [-70.42576628, 18.70034179], [-70.42579407, 18.70030683], [-70.42584346, 18.70028093], [-70.42591162, 18.70027084], [-70.42603953, 18.7002726], [-70.42612933, 18.70030578], [-70.42612783, 18.70039478], [-70.42614401, 18.70046537], [-70.42621784, 18.70046156], [-70.42627911, 18.70046074], [-70.42634741, 18.70045596], [-70.42640878, 18.70045166], [-70.4264723, 18.70052515], [-70.42657238, 18.70062675], [-70.42666757, 18.70072356], [-70.42674379, 18.70080227], [-70.42695665, 18.70114585], [-70.42684239, 18.70172293], [-70.42666805, 18.70180081], [-70.42665043, 18.70173923], [-70.42663721, 18.70159276], [-70.42660691, 18.70147049], [-70.42653219, 18.70137708], [-70.42648635, 18.70129452], [-70.42647252, 18.70124802], [-70.42642477, 18.70117997], [-70.42639118, 18.70116709], [-70.42611746, 18.70107249], [-70.42590224, 18.70097289], [-70.42561668, 18.70086751], [-70.42560586, 18.70086392], [-70.42549291, 18.7008223], [-70.42547132, 18.70077842]]]]}, "geometry_name": "the_geom", "properties": {"Posicional": "304698630333", "Expediente": "6642025009812-05", "Area": 11090.31, "Municipio": "", "Provincia": "", "Operacion": "Subdivisi\u00f3n", "FechaInsc": "25/6/2025 4:39:17 p.\u00a0m.", "area_calc_m2": 11091, "touches_family_land": false, "owner": null, "owner_source": null, "family": false, "category": "confirmed"}}, {"type": "Feature", "id": "Aprobados.326843", "geometry": {"type": "MultiPolygon", "coordinates": [[[[-70.42568444, 18.70223919], [-70.42570219, 18.70220454], [-70.42573702, 18.70213799], [-70.42582786, 18.70213898], [-70.42607079, 18.70218943], [-70.42613375, 18.70215857], [-70.42620349, 18.7021519], [-70.42644014, 18.70233362], [-70.4264665, 18.70236915], [-70.42654273, 18.7024717], [-70.42660306, 18.70255311], [-70.42668004, 18.70265673], [-70.42670182, 18.70268602], [-70.42673146, 18.70269252], [-70.42679233, 18.70270509], [-70.42722788, 18.70288298], [-70.42733156, 18.70292556], [-70.42737332, 18.70295618], [-70.42752303, 18.70306636], [-70.42766533, 18.70317171], [-70.42773432, 18.70322317], [-70.42798235, 18.70361634], [-70.42804567, 18.70368722], [-70.42802541, 18.70372411], [-70.4280263, 18.70369879], [-70.42802045, 18.70369359], [-70.42796302, 18.70366469], [-70.42790826, 18.70364288], [-70.42789604, 18.70362955], [-70.42789166, 18.70361835], [-70.42788965, 18.70361481], [-70.42786923, 18.7036061], [-70.42786469, 18.7035998], [-70.42786459, 18.70359012], [-70.42787742, 18.7035532], [-70.4278569, 18.70355905], [-70.42784642, 18.70359303], [-70.42781112, 18.70359591], [-70.42777617, 18.70352829], [-70.42774677, 18.70350255], [-70.42774794, 18.70345386], [-70.42772834, 18.70345599], [-70.42764388, 18.7034653], [-70.42764451, 18.70345686], [-70.42763227, 18.70345668], [-70.42762773, 18.70345502], [-70.42762734, 18.7034507], [-70.42761606, 18.70342102], [-70.4276148, 18.70341972], [-70.42761634, 18.70341443], [-70.42761035, 18.70335457], [-70.4276103, 18.70333721], [-70.42760302, 18.70332037], [-70.42758444, 18.7033202], [-70.42750975, 18.70332788], [-70.42741769, 18.70333682], [-70.42743022, 18.70309291], [-70.4273521, 18.70311708], [-70.42734252, 18.70333364], [-70.42732827, 18.70351938], [-70.42734651, 18.70362088], [-70.42734408, 18.70362079], [-70.4271914, 18.70361223], [-70.42712033, 18.70360872], [-70.42712368, 18.70353487], [-70.42700401, 18.7035233], [-70.42686824, 18.70351311], [-70.42687359, 18.70343026], [-70.42687404, 18.7033419], [-70.42687803, 18.70325354], [-70.42704858, 18.70326362], [-70.42716062, 18.70327104], [-70.42717496, 18.70316619], [-70.42718889, 18.70307897], [-70.42705006, 18.70308354], [-70.42691187, 18.70308226], [-70.42685869, 18.70310253], [-70.42681222, 18.70303578], [-70.42673016, 18.70295195], [-70.42665699, 18.70287872], [-70.42660728, 18.70282917], [-70.42647738, 18.70268276], [-70.42634771, 18.70253078], [-70.42627833, 18.70246708], [-70.42619811, 18.70242855], [-70.4260747, 18.70238351], [-70.42597286, 18.70234732], [-70.42596442, 18.70235864], [-70.42585247, 18.7023193], [-70.4257819, 18.70229364], [-70.42573161, 18.70226674], [-70.42568444, 18.70223919]]]]}, "geometry_name": "the_geom", "properties": {"Posicional": "304698553690", "Expediente": "6642021081187-08", "Area": 8329.36, "Municipio": "RANCHO ARRIBA", "Provincia": "San Jos\u00e9 de Ocoa", "Operacion": "Subdivisi\u00f3n", "FechaInsc": "22/9/2022 4:13:43 p.\u00a0m.", "area_calc_m2": 8330, "touches_family_land": false, "owner": null, "owner_source": null, "family": false, "category": "confirmed"}}, {"type": "Feature", "id": "Aprobados.326838", "geometry": {"type": "MultiPolygon", "coordinates": [[[[-70.42684636, 18.70403194], [-70.42684005, 18.70393895], [-70.42684687, 18.70385962], [-70.42685174, 18.70377305], [-70.42695029, 18.70377831], [-70.42699648, 18.70377874], [-70.42713449, 18.70378224], [-70.42720771, 18.70378524], [-70.42738509, 18.70377786], [-70.42739938, 18.70380635], [-70.42737422, 18.7040113], [-70.42735525, 18.70410942], [-70.42684636, 18.70403194]]]]}, "geometry_name": "the_geom", "properties": {"Posicional": "304698561699", "Expediente": "6642021081187-08", "Area": 1826.83, "Municipio": "RANCHO ARRIBA", "Provincia": "San Jos\u00e9 de Ocoa", "Operacion": "Subdivisi\u00f3n", "FechaInsc": "22/9/2022 4:13:43 p.\u00a0m.", "area_calc_m2": 1827, "touches_family_land": false, "owner": null, "owner_source": null, "family": false, "category": "confirmed"}}, {"type": "Feature", "id": "Aprobados.584833", "geometry": {"type": "MultiPolygon", "coordinates": [[[[-70.42683966, 18.70393857], [-70.4268457, 18.70386033], [-70.42693778, 18.70386512], [-70.42702608, 18.70387077], [-70.42713898, 18.70387718], [-70.42712328, 18.70395549], [-70.4270371, 18.70394769], [-70.42694594, 18.70394321], [-70.42683966, 18.70393857]]]]}, "geometry_name": "the_geom", "properties": {"Posicional": "304698563636", "Expediente": "6642024053591-04", "Area": 261.4, "Municipio": "RANCHO ARRIBA", "Provincia": "San Jos\u00e9 de Ocoa", "Operacion": "Subdivisi\u00f3n", "FechaInsc": "27/1/2025 11:02:43 a.\u00a0m.", "area_calc_m2": 261, "touches_family_land": false, "owner": null, "owner_source": null, "family": false, "category": "confirmed"}}, {"type": "Feature", "id": "Aprobados.584835", "geometry": {"type": "MultiPolygon", "coordinates": [[[[-70.4268457, 18.70386033], [-70.42685381, 18.70377313], [-70.42700865, 18.703782], [-70.4271552, 18.7037907], [-70.42713898, 18.70387718], [-70.42702608, 18.70387077], [-70.42693778, 18.70386512], [-70.4268457, 18.70386033]]]]}, "geometry_name": "the_geom", "properties": {"Posicional": "304698563527", "Expediente": "6642024053591-04", "Area": 303.65, "Municipio": "RANCHO ARRIBA", "Provincia": "San Jos\u00e9 de Ocoa", "Operacion": "Subdivisi\u00f3n", "FechaInsc": "27/1/2025 11:02:43 a.\u00a0m.", "area_calc_m2": 304, "touches_family_land": false, "owner": null, "owner_source": null, "family": false, "category": "confirmed"}}, {"type": "Feature", "id": "Aprobados.96428", "geometry": {"type": "MultiPolygon", "coordinates": [[[[-70.42800979, 18.70753968], [-70.42799863, 18.7077452], [-70.42798398, 18.70805777], [-70.4279627, 18.70826672], [-70.42795114, 18.70834609], [-70.42798313, 18.70846253], [-70.42808061, 18.70838269], [-70.42813062, 18.70830949], [-70.42820482, 18.708349], [-70.42823151, 18.70849621], [-70.4281589, 18.70875683], [-70.42813115, 18.70889184], [-70.42805239, 18.70893385], [-70.42794181, 18.70899096], [-70.42779843, 18.70903345], [-70.42739435, 18.70903421], [-70.42712632, 18.709078], [-70.42705982, 18.70906196], [-70.42676505, 18.70873382], [-70.42641418, 18.7085594], [-70.42635187, 18.70854535], [-70.4264404, 18.7081168], [-70.42643094, 18.70797673], [-70.4265143, 18.70797531], [-70.4266334, 18.7079778], [-70.42680107, 18.70800233], [-70.42707169, 18.70807909], [-70.42727114, 18.70808147], [-70.42727759, 18.70801613], [-70.42728202, 18.70797974], [-70.42728752, 18.70789195], [-70.42728388, 18.70781185], [-70.42721487, 18.70781806], [-70.42722227, 18.70769233], [-70.42723964, 18.70763657], [-70.4272527, 18.70761864], [-70.42731044, 18.70756752], [-70.42740088, 18.7075274], [-70.4275564, 18.70751003], [-70.42770128, 18.70751463], [-70.42770337, 18.70757095], [-70.42783329, 18.70759744], [-70.42784319, 18.70752787], [-70.42800979, 18.70753968]]]]}, "geometry_name": "the_geom", "properties": {"Posicional": "304699419660", "Expediente": "6642018016511-04", "Area": 21952.48, "Municipio": "RANCHO ARRIBA", "Provincia": "San Jos\u00e9 de Ocoa", "Operacion": "Saneamiento", "FechaInsc": "19/11/2018 3:14:05 p.\u00a0m.", "area_calc_m2": 21954, "touches_family_land": false, "owner": null, "owner_source": null, "family": false, "category": "confirmed"}}, {"type": "Feature", "id": "Aprobados.195475", "geometry": {"type": "MultiPolygon", "coordinates": [[[[-70.42625288, 18.72315908], [-70.42620288, 18.72302448], [-70.42619469, 18.72298861], [-70.42616124, 18.72288248], [-70.42613021, 18.72278107], [-70.42610057, 18.7226801], [-70.42607685, 18.72260101], [-70.42610556, 18.72258233], [-70.42615802, 18.72252991], [-70.42617755, 18.72249765], [-70.42621071, 18.7224647], [-70.426246, 18.72240819], [-70.42628809, 18.72234344], [-70.42633397, 18.72226844], [-70.42636143, 18.72221063], [-70.42639506, 18.72213385], [-70.4264086, 18.72210191], [-70.42642677, 18.72203664], [-70.42646192, 18.72193761], [-70.42649001, 18.72187441], [-70.42652111, 18.72178467], [-70.42654056, 18.72172449], [-70.42656183, 18.72166758], [-70.426594, 18.72154025], [-70.42662396, 18.7214489], [-70.4267143, 18.72136565], [-70.42678863, 18.72130748], [-70.42682541, 18.72127732], [-70.42684344, 18.72125676], [-70.42685592, 18.72124702], [-70.42690182, 18.72128057], [-70.42694631, 18.72131256], [-70.42700229, 18.72135755], [-70.4270611, 18.72140106], [-70.42712777, 18.72145217], [-70.42718703, 18.72149659], [-70.4272759, 18.7215588], [-70.42736329, 18.72161082], [-70.42740475, 18.72162782], [-70.42740378, 18.72165159], [-70.42740528, 18.72169231], [-70.42740334, 18.72172474], [-70.4273974, 18.72177271], [-70.42738936, 18.72181873], [-70.42736427, 18.72188632], [-70.42732462, 18.72195839], [-70.42726961, 18.72204458], [-70.4271927, 18.72216127], [-70.42712342, 18.72226612], [-70.42709422, 18.7223064], [-70.42704703, 18.72238115], [-70.42701633, 18.72242923], [-70.42698735, 18.72248153], [-70.42696041, 18.72252422], [-70.42692467, 18.72258385], [-70.42690096, 18.72263068], [-70.42687655, 18.72266754], [-70.42684154, 18.72272748], [-70.42678015, 18.72283167], [-70.42676881, 18.72285091], [-70.42669454, 18.72294664], [-70.4266416, 18.72302441], [-70.42659635, 18.7230905], [-70.42656116, 18.72313018], [-70.42652122, 18.72308508], [-70.4264663, 18.72309784], [-70.42637695, 18.72312762], [-70.4262903, 18.72315381], [-70.42625288, 18.72315908]]]]}, "geometry_name": "the_geom", "properties": {"Posicional": "304790567961", "Expediente": "6642020015105-03", "Area": 14997.28662109, "Municipio": "RANCHO ARRIBA", "Provincia": "San Jos\u00e9 de Ocoa", "Operacion": "Saneamiento", "FechaInsc": "11/3/2021 4:19:16 p.\u00a0m.", "area_calc_m2": 14997, "touches_family_land": false, "owner": null, "owner_source": null, "family": false, "category": "confirmed"}}, {"type": "Feature", "id": "Aprobados.503364", "geometry": {"type": "MultiPolygon", "coordinates": [[[[-70.4224847, 18.68999529], [-70.42276422, 18.69001883], [-70.42284135, 18.69003622], [-70.42286111, 18.69004068], [-70.42294285, 18.69010991], [-70.42306023, 18.69015456], [-70.42315099, 18.69015749], [-70.42320906, 18.69016247], [-70.42328531, 18.69013062], [-70.42332235, 18.69011643], [-70.42349559, 18.6900384], [-70.42356909, 18.69001769], [-70.42362674, 18.69000713], [-70.4237983, 18.68998857], [-70.42390875, 18.68996478], [-70.42404819, 18.68997303], [-70.4241241, 18.6899908], [-70.42420576, 18.69001656], [-70.42425937, 18.69004471], [-70.42430778, 18.69007362], [-70.42446669, 18.69008515], [-70.42478344, 18.69000215], [-70.42494129, 18.68995532], [-70.42511875, 18.68991719], [-70.42528447, 18.68986985], [-70.42538419, 18.68990108], [-70.42542565, 18.68991595], [-70.42545486, 18.68990533], [-70.42548173, 18.68985335], [-70.42550984, 18.68990347], [-70.42553483, 18.68997846], [-70.4255568, 18.69008826], [-70.42557257, 18.69019476], [-70.42558522, 18.6902777], [-70.42558947, 18.6903214], [-70.42560401, 18.69042782], [-70.42561027, 18.69049527], [-70.4256848, 18.69080237], [-70.42571224, 18.69088647], [-70.42572662, 18.69098394], [-70.42566238, 18.69123951], [-70.42564906, 18.69135852], [-70.42558993, 18.69155441], [-70.42566492, 18.69178064], [-70.42569668, 18.69189326], [-70.42570416, 18.69192645], [-70.42572371, 18.6920304], [-70.42571424, 18.69220133], [-70.42573402, 18.6922872], [-70.42575291, 18.69233522], [-70.42576527, 18.6923963], [-70.42579113, 18.69292578], [-70.42572062, 18.69294041], [-70.42570297, 18.69293964], [-70.42556563, 18.69283225], [-70.42554922, 18.69285406], [-70.42554387, 18.69297293], [-70.42553893, 18.6930851], [-70.42554123, 18.69311128], [-70.42553309, 18.69325962], [-70.42551599, 18.6934711], [-70.4255053, 18.69362135], [-70.42550238, 18.69372538], [-70.42566092, 18.69380567], [-70.42541546, 18.69409135], [-70.42541923, 18.69404307], [-70.42541895, 18.69399907], [-70.42541939, 18.69392687], [-70.42541685, 18.69390602], [-70.4253979, 18.69385113], [-70.42537106, 18.69375999], [-70.42535759, 18.69370217], [-70.42529131, 18.69369111], [-70.42520224, 18.69368627], [-70.42510806, 18.69364958], [-70.42507479, 18.69363881], [-70.42500469, 18.69362353], [-70.42492522, 18.6936104], [-70.42482418, 18.69359282], [-70.4247107, 18.69357173], [-70.42467873, 18.69356917], [-70.42456599, 18.69351256], [-70.42446883, 18.69347011], [-70.4243658, 18.6934408], [-70.42427088, 18.69342842], [-70.42407894, 18.69335633], [-70.42402391, 18.69331771], [-70.42394353, 18.6932642], [-70.4239624, 18.69295801], [-70.42427634, 18.69284467], [-70.42423702, 18.69234927], [-70.42429053, 18.69231958], [-70.42440307, 18.69209166], [-70.4245521, 18.69163594], [-70.42399919, 18.69147171], [-70.42386199, 18.6918912], [-70.42384315, 18.69192929], [-70.42358805, 18.69207101], [-70.42365564, 18.69234148], [-70.42366614, 18.69247468], [-70.42358929, 18.69250246], [-70.42331603, 18.69279802], [-70.42335166, 18.69299969], [-70.42337465, 18.6930503], [-70.42334509, 18.69308703], [-70.42326538, 18.69312513], [-70.42320575, 18.6931489], [-70.42321224, 18.69316502], [-70.42321836, 18.69323979], [-70.4231422, 18.69327037], [-70.42300745, 18.69330256], [-70.42282726, 18.69334288], [-70.42251953, 18.69307576], [-70.4225568, 18.69286097], [-70.42255862, 18.69235261], [-70.42241612, 18.69206987], [-70.42232262, 18.69184099], [-70.42228497, 18.69176031], [-70.42234583, 18.69143041], [-70.4224847, 18.68999529]]]]}, "geometry_name": "the_geom", "properties": {"Posicional": "304697822048", "Expediente": "6642023101290-05", "Area": 113977.02, "Municipio": "RANCHO ARRIBA", "Provincia": "San Jos\u00e9 de Ocoa", "Operacion": "Saneamiento", "FechaInsc": "31/3/2024 7:38:56 p.\u00a0m.", "area_calc_m2": 113977, "touches_family_land": false, "owner": null, "owner_source": null, "family": false, "category": "confirmed"}}, {"type": "Feature", "id": "Aprobados.503363", "geometry": {"type": "MultiPolygon", "coordinates": [[[[-70.42558073, 18.69489626], [-70.42570438, 18.69480668], [-70.42581104, 18.69462416], [-70.42581278, 18.69457211], [-70.42583606, 18.6945441], [-70.42589323, 18.69448611], [-70.42595834, 18.69438152], [-70.4260401, 18.6942937], [-70.42611388, 18.69420513], [-70.42628731, 18.69404759], [-70.42630304, 18.6940575], [-70.42639256, 18.69410425], [-70.42653366, 18.69418613], [-70.42661213, 18.69423821], [-70.42668581, 18.69429466], [-70.42673643, 18.69436151], [-70.42674391, 18.69437175], [-70.42670866, 18.69439659], [-70.42662785, 18.6944507], [-70.42656571, 18.69449156], [-70.42648658, 18.69455252], [-70.42638092, 18.69462832], [-70.42635777, 18.69467178], [-70.4262898, 18.6947641], [-70.42624939, 18.69481808], [-70.42621611, 18.69486406], [-70.42615434, 18.69494946], [-70.42612291, 18.69500012], [-70.42609014, 18.69508359], [-70.42606239, 18.69521165], [-70.42602526, 18.69537585], [-70.42609338, 18.69547111], [-70.42616064, 18.6955661], [-70.42622173, 18.69565907], [-70.42626275, 18.69573411], [-70.42632191, 18.69581309], [-70.42637947, 18.69588214], [-70.42640748, 18.69592041], [-70.42626198, 18.69605064], [-70.42620188, 18.69609727], [-70.42615192, 18.69613226], [-70.42607989, 18.69619217], [-70.42599363, 18.69611629], [-70.42586963, 18.69600501], [-70.42582481, 18.69597517], [-70.42572107, 18.6959053], [-70.42573129, 18.69588047], [-70.42575518, 18.69583429], [-70.42578833, 18.6957848], [-70.42582873, 18.69572919], [-70.4258616, 18.69569144], [-70.42588473, 18.69565693], [-70.4258425, 18.69559671], [-70.42579529, 18.69548458], [-70.42575916, 18.69539341], [-70.42567028, 18.69515102], [-70.42561941, 18.69499789], [-70.42559422, 18.69492182], [-70.42558073, 18.69489626]]]]}, "geometry_name": "the_geom", "properties": {"Posicional": "304697662814", "Expediente": "6642023101290-05", "Area": 11471.96, "Municipio": "RANCHO ARRIBA", "Provincia": "San Jos\u00e9 de Ocoa", "Operacion": "Saneamiento", "FechaInsc": "31/3/2024 7:38:56 p.\u00a0m.", "area_calc_m2": 11472, "touches_family_land": false, "owner": null, "owner_source": null, "family": false, "category": "confirmed"}}, {"type": "Feature", "id": "Aprobados.42477", "geometry": {"type": "MultiPolygon", "coordinates": [[[[-70.42620357, 18.70215156], [-70.42613298, 18.70215807], [-70.42607076, 18.70218908], [-70.42582788, 18.7021387], [-70.42573665, 18.70213723], [-70.42570213, 18.70220435], [-70.42567377, 18.70223791], [-70.42559369, 18.70216334], [-70.42535515, 18.70171436], [-70.4252341, 18.70161625], [-70.42509467, 18.70161171], [-70.42488557, 18.70167655], [-70.42455693, 18.70180284], [-70.42437148, 18.70189614], [-70.4242162, 18.70199066], [-70.42414939, 18.702018], [-70.42356572, 18.70201286], [-70.42313632, 18.70215391], [-70.42303177, 18.7021585], [-70.42267922, 18.70222542], [-70.42242992, 18.70232643], [-70.42243135, 18.70230447], [-70.42231595, 18.70224706], [-70.42233395, 18.70213181], [-70.42235574, 18.70194786], [-70.42239478, 18.7019341], [-70.42249168, 18.70192161], [-70.42257685, 18.70190073], [-70.42277256, 18.7018669], [-70.42303649, 18.70183806], [-70.42310178, 18.70178832], [-70.42320413, 18.70174769], [-70.42327579, 18.70172103], [-70.42335516, 18.70169974], [-70.42340965, 18.7016846], [-70.4234591, 18.70166742], [-70.42351943, 18.70164708], [-70.42361486, 18.7016075], [-70.42369872, 18.70157695], [-70.42388517, 18.70154699], [-70.42407612, 18.70152304], [-70.42424598, 18.70150395], [-70.42444647, 18.70155375], [-70.42459741, 18.70154085], [-70.4247911, 18.7014464], [-70.42486822, 18.70141663], [-70.42514643, 18.70128115], [-70.42541224, 18.70142018], [-70.42620357, 18.70215156]]]]}, "geometry_name": "the_geom", "properties": {"Posicional": "304698842364", "Expediente": "663201702903", "Area": 16137.02, "Municipio": "RANCHO ARRIBA", "Provincia": "San Jos\u00e9 de Ocoa", "Operacion": "Deslinde", "FechaInsc": "31/7/2017 4:43:18 p.\u00a0m.", "area_calc_m2": 16137, "touches_family_land": false, "owner": null, "owner_source": null, "family": false, "category": "confirmed"}}, {"type": "Feature", "id": "Aprobados.435564", "geometry": {"type": "MultiPolygon", "coordinates": [[[[-70.42507174, 18.70159735], [-70.4250088, 18.70141195], [-70.42498342, 18.70135991], [-70.42514643, 18.70128115], [-70.42541223, 18.70142017], [-70.42620357, 18.70215156], [-70.42613298, 18.70215807], [-70.42607076, 18.70218908], [-70.42582788, 18.7021387], [-70.42573665, 18.70213723], [-70.42570213, 18.70220435], [-70.42568178, 18.70222843], [-70.42566253, 18.70221485], [-70.42559492, 18.70214494], [-70.42556085, 18.70210153], [-70.425557, 18.70209663], [-70.42554237, 18.70206676], [-70.42549835, 18.70197686], [-70.42546084, 18.70190024], [-70.42538962, 18.70172446], [-70.42537091, 18.70168332], [-70.42530114, 18.70161587], [-70.4252375, 18.70158829], [-70.42507174, 18.70159735]]]]}, "geometry_name": "the_geom", "properties": {"Posicional": "304698648310", "Expediente": "6642023015912-05", "Area": 4378.95, "Municipio": "RANCHO ARRIBA", "Provincia": "San Jos\u00e9 de Ocoa", "Operacion": "Subdivisi\u00f3n", "FechaInsc": "2/8/2023 1:14:19 p.\u00a0m.", "area_calc_m2": 4379, "touches_family_land": false, "owner": null, "owner_source": null, "family": false, "category": "confirmed"}}, {"type": "Feature", "id": "Aprobados.471288", "geometry": {"type": "MultiPolygon", "coordinates": [[[[-70.42620348, 18.70215157], [-70.42541224, 18.70142018], [-70.42514643, 18.70128115], [-70.42498342, 18.70135991], [-70.42485011, 18.70116297], [-70.42482036, 18.7010635], [-70.42491613, 18.70100577], [-70.42494315, 18.70094217], [-70.42497311, 18.70088986], [-70.42509028, 18.70070204], [-70.42522825, 18.70076892], [-70.42533982, 18.70081361], [-70.42555212, 18.70086148], [-70.42572972, 18.70100318], [-70.42589141, 18.70099118], [-70.42612973, 18.70108278], [-70.42629414, 18.70113676], [-70.42639394, 18.70116795], [-70.4264248, 18.70117998], [-70.42647253, 18.70124803], [-70.42648635, 18.70129452], [-70.4265322, 18.70137709], [-70.42660691, 18.70147049], [-70.42663721, 18.70159275], [-70.42665043, 18.70173924], [-70.42666804, 18.70180082], [-70.42624933, 18.70218679], [-70.42620348, 18.70215157]]]]}, "geometry_name": "the_geom", "properties": {"Posicional": "304698635827", "Expediente": "6642023098885-04", "Area": 14693.65, "Municipio": "RANCHO ARRIBA", "Provincia": "San Jos\u00e9 de Ocoa", "Operacion": "Subdivisi\u00f3n", "FechaInsc": "20/12/2023 11:41:17 a.\u00a0m.", "area_calc_m2": 14694, "touches_family_land": false, "owner": null, "owner_source": null, "family": false, "category": "confirmed"}}, {"type": "Feature", "id": "Aprobados.625233", "geometry": {"type": "MultiPolygon", "coordinates": [[[[-70.42603747, 18.70199812], [-70.42541224, 18.70142018], [-70.42514643, 18.70128115], [-70.42498342, 18.70135991], [-70.42485012, 18.70116298], [-70.42482036, 18.7010635], [-70.42491613, 18.70100577], [-70.42497309, 18.7008899], [-70.42509022, 18.70070201], [-70.42533994, 18.70081363], [-70.42541435, 18.70083115], [-70.42555548, 18.70095975], [-70.42559171, 18.70099861], [-70.42573309, 18.70110527], [-70.42593933, 18.70126045], [-70.426112, 18.70139293], [-70.42633842, 18.70156274], [-70.42636351, 18.70158501], [-70.42610309, 18.70191497], [-70.42603747, 18.70199812]]]]}, "geometry_name": "the_geom", "properties": {"Posicional": "304698637798", "Expediente": "6642025009812-05", "Area": 9032.68, "Municipio": "", "Provincia": "", "Operacion": "Subdivisi\u00f3n", "FechaInsc": "25/6/2025 4:39:17 p.\u00a0m.", "area_calc_m2": 9033, "touches_family_land": false, "owner": null, "owner_source": null, "family": false, "category": "confirmed"}}, {"type": "Feature", "id": "Aprobados.42476", "geometry": {"type": "MultiPolygon", "coordinates": [[[[-70.42241239, 18.70237328], [-70.42274142, 18.7022713], [-70.42301964, 18.70221642], [-70.42313122, 18.70221349], [-70.42324466, 18.70219411], [-70.42353548, 18.70208203], [-70.42365154, 18.70207003], [-70.42379289, 18.70207781], [-70.42413071, 18.70208636], [-70.42423363, 18.70204573], [-70.42457204, 18.70186308], [-70.42492806, 18.70173532], [-70.42510012, 18.70167347], [-70.42517221, 18.70168774], [-70.4252204, 18.7017125], [-70.42529035, 18.70177765], [-70.42534414, 18.70184854], [-70.42553225, 18.70220935], [-70.42562093, 18.70230328], [-70.42598607, 18.70244806], [-70.42619053, 18.7024962], [-70.42635356, 18.70264685], [-70.42643682, 18.70274985], [-70.42667359, 18.70299852], [-70.42674347, 18.70308925], [-70.42677709, 18.70317429], [-70.42678177, 18.70320118], [-70.42677564, 18.70344312], [-70.42672421, 18.70429775], [-70.42671875, 18.70433754], [-70.42668318, 18.70440287], [-70.42664862, 18.7044325], [-70.42502418, 18.70515199], [-70.42465673, 18.70533216], [-70.42433898, 18.70550273], [-70.42351697, 18.70592254], [-70.42286859, 18.70626621], [-70.42253441, 18.70643275], [-70.42251433, 18.70643633], [-70.42246723, 18.70643904], [-70.42237748, 18.70643403], [-70.42236029, 18.70643018], [-70.42221372, 18.70631988], [-70.42203285, 18.70624653], [-70.42187928, 18.70617297], [-70.42155749, 18.70605234], [-70.4212639, 18.70595961], [-70.42114382, 18.70584269], [-70.4210572, 18.70576808], [-70.42086261, 18.70573359], [-70.4208234, 18.70571618], [-70.4208352, 18.70571004], [-70.42175121, 18.70585896], [-70.42183924, 18.70527313], [-70.42198534, 18.70536157], [-70.4219797, 18.70483411], [-70.42210731, 18.70430897], [-70.42233752, 18.70380755], [-70.42256673, 18.70305006], [-70.42241239, 18.70237328]]]]}, "geometry_name": "the_geom", "properties": {"Posicional": "304698863751", "Expediente": "663201702903", "Area": 176327.35, "Municipio": "RANCHO ARRIBA", "Provincia": "San Jos\u00e9 de Ocoa", "Operacion": "Deslinde", "FechaInsc": "31/7/2017 4:43:18 p.\u00a0m.", "area_calc_m2": 176327, "touches_family_land": false, "owner": null, "owner_source": null, "family": false, "category": "confirmed"}}, {"type": "Feature", "id": "Aprobados.184995", "geometry": {"type": "MultiPolygon", "coordinates": [[[[-70.42587757, 18.702637], [-70.42591751, 18.70271902], [-70.42574557, 18.70279514], [-70.42570563, 18.70271322], [-70.42587757, 18.702637]]]]}, "geometry_name": "the_geom", "properties": {"Posicional": "304698655364", "Expediente": "6642020049484-04", "Area": 200.01098633, "Municipio": "RANCHO ARRIBA", "Provincia": "San Jos\u00e9 de Ocoa", "Operacion": "Urbanizaci\u00f3n parcelaria", "FechaInsc": "27/1/2021 1:04:42 p.\u00a0m.", "area_calc_m2": 200, "touches_family_land": false, "owner": null, "owner_source": null, "family": false, "category": "confirmed"}}, {"type": "Feature", "id": "Aprobados.184996", "geometry": {"type": "MultiPolygon", "coordinates": [[[[-70.42591751, 18.70271902], [-70.42595745, 18.70280094], [-70.42578551, 18.70287706], [-70.42574557, 18.70279514], [-70.42591751, 18.70271902]]]]}, "geometry_name": "the_geom", "properties": {"Posicional": "304698655423", "Expediente": "6642020049484-04", "Area": 199.89916992, "Municipio": "RANCHO ARRIBA", "Provincia": "San Jos\u00e9 de Ocoa", "Operacion": "Urbanizaci\u00f3n parcelaria", "FechaInsc": "27/1/2021 1:04:42 p.\u00a0m.", "area_calc_m2": 200, "touches_family_land": false, "owner": null, "owner_source": null, "family": false, "category": "confirmed"}}, {"type": "Feature", "id": "Aprobados.185001", "geometry": {"type": "MultiPolygon", "coordinates": [[[[-70.42561358, 18.70295328], [-70.42557354, 18.70287126], [-70.42574557, 18.70279514], [-70.42578551, 18.70287706], [-70.42561358, 18.70295328]]]]}, "geometry_name": "the_geom", "properties": {"Posicional": "304698657501", "Expediente": "6642020049484-04", "Area": 200.09790039, "Municipio": "RANCHO ARRIBA", "Provincia": "San Jos\u00e9 de Ocoa", "Operacion": "Urbanizaci\u00f3n parcelaria", "FechaInsc": "27/1/2021 1:04:42 p.\u00a0m.", "area_calc_m2": 200, "touches_family_land": false, "owner": null, "owner_source": null, "family": false, "category": "confirmed"}}, {"type": "Feature", "id": "Aprobados.185002", "geometry": {"type": "MultiPolygon", "coordinates": [[[[-70.42557354, 18.70287126], [-70.4255336, 18.70278934], [-70.42570563, 18.70271322], [-70.42574557, 18.70279514], [-70.42557354, 18.70287126]]]]}, "geometry_name": "the_geom", "properties": {"Posicional": "304698657442", "Expediente": "6642020049484-04", "Area": 199.99023438, "Municipio": "RANCHO ARRIBA", "Provincia": "San Jos\u00e9 de Ocoa", "Operacion": "Urbanizaci\u00f3n parcelaria", "FechaInsc": "27/1/2021 1:04:42 p.\u00a0m.", "area_calc_m2": 200, "touches_family_land": false, "owner": null, "owner_source": null, "family": false, "category": "confirmed"}}, {"type": "Feature", "id": "Aprobados.184913", "geometry": {"type": "MultiPolygon", "coordinates": [[[[-70.4227223, 18.7063391], [-70.42253213, 18.70643105], [-70.42249369, 18.7064373], [-70.42238109, 18.70643258], [-70.42218888, 18.70630511], [-70.4219164, 18.70619208], [-70.42188723, 18.70617266], [-70.42184154, 18.70613595], [-70.42162861, 18.70606146], [-70.42148347, 18.70603845], [-70.42133932, 18.70599828], [-70.42126501, 18.70595527], [-70.42109583, 18.7057913], [-70.42103965, 18.7057585], [-70.42084116, 18.7057263], [-70.42082343, 18.70571618], [-70.42083525, 18.70571021], [-70.42175121, 18.70585896], [-70.42183924, 18.70527313], [-70.42198534, 18.70536157], [-70.4219797, 18.70483411], [-70.42210731, 18.70430897], [-70.42233752, 18.70380755], [-70.42256673, 18.70305006], [-70.4224161, 18.70239313], [-70.42277309, 18.70226608], [-70.42304781, 18.70221266], [-70.42326906, 18.70218409], [-70.42355468, 18.702076], [-70.42382844, 18.70208296], [-70.42410051, 18.70210335], [-70.4242694, 18.70202698], [-70.42462121, 18.70184684], [-70.42474398, 18.70180137], [-70.42547632, 18.70330295], [-70.42592807, 18.7042292], [-70.42581833, 18.7042825], [-70.42560699, 18.70438515], [-70.42539391, 18.70448422], [-70.42472322, 18.70478124], [-70.42465147, 18.70482707], [-70.42443913, 18.7049273], [-70.42418286, 18.70504453], [-70.42397152, 18.70514804], [-70.42312755, 18.70556149], [-70.42249457, 18.70587158], [-70.4227223, 18.7063391]]]]}, "geometry_name": "the_geom", "properties": {"Posicional": "304698868678", "Expediente": "6642020049484-04", "Area": 122990.80737305, "Municipio": "RANCHO ARRIBA", "Provincia": "San Jos\u00e9 de Ocoa", "Operacion": "Subdivisi\u00f3n", "FechaInsc": "27/1/2021 1:04:42 p.\u00a0m.", "area_calc_m2": 122991, "touches_family_land": false, "owner": null, "owner_source": null, "family": false, "category": "confirmed"}}, {"type": "Feature", "id": "Aprobados.184934", "geometry": {"type": "MultiPolygon", "coordinates": [[[[-70.42593505, 18.70380543], [-70.42597499, 18.70388735], [-70.42579927, 18.70396522], [-70.42575933, 18.70388321], [-70.42593505, 18.70380543]]]]}, "geometry_name": "the_geom", "properties": {"Posicional": "304698665613", "Expediente": "6642020049484-04", "Area": 204.39813232, "Municipio": "RANCHO ARRIBA", "Provincia": "San Jos\u00e9 de Ocoa", "Operacion": "Urbanizaci\u00f3n parcelaria", "FechaInsc": "27/1/2021 1:04:42 p.\u00a0m.", "area_calc_m2": 204, "touches_family_land": false, "owner": null, "owner_source": null, "family": false, "category": "confirmed"}}, {"type": "Feature", "id": "Aprobados.184935", "geometry": {"type": "MultiPolygon", "coordinates": [[[[-70.42589511, 18.70372351], [-70.42593505, 18.70380543], [-70.42575933, 18.70388321], [-70.42571939, 18.70380129], [-70.42589511, 18.70372351]]]]}, "geometry_name": "the_geom", "properties": {"Posicional": "304698665554", "Expediente": "6642020049484-04", "Area": 204.28436279, "Municipio": "RANCHO ARRIBA", "Provincia": "San Jos\u00e9 de Ocoa", "Operacion": "Urbanizaci\u00f3n parcelaria", "FechaInsc": "27/1/2021 1:04:42 p.\u00a0m.", "area_calc_m2": 204, "touches_family_land": false, "owner": null, "owner_source": null, "family": false, "category": "confirmed"}}, {"type": "Feature", "id": "Aprobados.648156", "geometry": {"type": "MultiPolygon", "coordinates": [[[[-70.42238109, 18.70643258], [-70.42218954, 18.70630647], [-70.4220718, 18.70625737], [-70.42193092, 18.70621835], [-70.42191579, 18.70620003], [-70.42190357, 18.70619085], [-70.42188662, 18.70617264], [-70.42184566, 18.70613753], [-70.42162772, 18.70606139], [-70.42147859, 18.70603779], [-70.42134147, 18.70599722], [-70.42126208, 18.70595454], [-70.4210907, 18.7057901], [-70.4210381, 18.70575896], [-70.42084169, 18.70572495], [-70.42082297, 18.70571674], [-70.42083521, 18.70571004], [-70.42175121, 18.70585896], [-70.42183924, 18.70527313], [-70.42198534, 18.70536157], [-70.4219797, 18.70483411], [-70.42210731, 18.70430897], [-70.42233752, 18.70380755], [-70.42256673, 18.70305006], [-70.4224168, 18.70239259], [-70.42244291, 18.70238449], [-70.42265083, 18.702304], [-70.42281719, 18.70225529], [-70.42293308, 18.70222552], [-70.42302089, 18.702215], [-70.42309695, 18.7022144], [-70.42318202, 18.7022088], [-70.42322618, 18.70220151], [-70.423313, 18.70217558], [-70.42339575, 18.70214084], [-70.42355173, 18.70207969], [-70.42359326, 18.7020759], [-70.42368142, 18.70207583], [-70.42380051, 18.70208061], [-70.42387338, 18.70208749], [-70.42398156, 18.70210153], [-70.42403098, 18.7021049], [-70.42410379, 18.70210006], [-70.42414244, 18.70209322], [-70.42417225, 18.70208148], [-70.42421514, 18.70205965], [-70.42431088, 18.70200266], [-70.42447849, 18.70190667], [-70.42465321, 18.70183845], [-70.42465167, 18.70183342], [-70.42474101, 18.70180889], [-70.42474828, 18.70181204], [-70.4251993, 18.70273634], [-70.42527978, 18.70289999], [-70.42531978, 18.70298189], [-70.42535972, 18.7030639], [-70.42539966, 18.70314583], [-70.42544037, 18.70322919], [-70.42551955, 18.7033916], [-70.42555951, 18.70347361], [-70.42559947, 18.70355552], [-70.42563941, 18.70363744], [-70.42567945, 18.70371937], [-70.42571939, 18.70380129], [-70.42575933, 18.70388321], [-70.42579927, 18.70396522], [-70.42583922, 18.70404714], [-70.42587925, 18.70412906], [-70.42592807, 18.70422922], [-70.42581834, 18.7042825], [-70.42560698, 18.70438513], [-70.42539388, 18.70448423], [-70.42517883, 18.70457899], [-70.42496394, 18.70467463], [-70.4247227, 18.70478133], [-70.42465161, 18.70482691], [-70.42443914, 18.70492729], [-70.42418103, 18.70504419], [-70.42396951, 18.7051458], [-70.42376055, 18.70525141], [-70.42354947, 18.70535449], [-70.42333851, 18.7054581], [-70.42312754, 18.70556145], [-70.42291617, 18.70566438], [-70.42270022, 18.705768], [-70.42249454, 18.70587157], [-70.42244118, 18.70596108], [-70.42243789, 18.70601741], [-70.42242604, 18.70608985], [-70.42237312, 18.70618842], [-70.4223651, 18.70620336], [-70.42231483, 18.70627372], [-70.42235042, 18.70637492], [-70.42238109, 18.70643258]]]]}, "geometry_name": "the_geom", "properties": {"Posicional": "304698868655", "Expediente": "6642025036542-03", "Area": 121548.48, "Municipio": "RANCHO ARRIBA", "Provincia": "San Jos\u00e9 de Ocoa", "Operacion": "Subdivisi\u00f3n", "FechaInsc": "3/9/2025 4:53:15 a.\u00a0m.", "area_calc_m2": 121549, "touches_family_land": false, "owner": null, "owner_source": null, "family": false, "category": "confirmed"}}, {"type": "Feature", "id": "Aprobados.384824", "geometry": {"type": "MultiPolygon", "coordinates": [[[[-70.42590407, 18.72162885], [-70.4258711, 18.72145379], [-70.42582356, 18.72121337], [-70.42599551, 18.72131661], [-70.42618204, 18.72143283], [-70.42623101, 18.72146678], [-70.42618741, 18.72159384], [-70.42590407, 18.72162885]]]]}, "geometry_name": "the_geom", "properties": {"Posicional": "304790665028", "Expediente": "6642022060426-07", "Area": 1080.39, "Municipio": "RANCHO ARRIBA", "Provincia": "San Jos\u00e9 de Ocoa", "Operacion": "Saneamiento", "FechaInsc": "19/12/2022 8:38:48 a.\u00a0m.", "area_calc_m2": 1080, "touches_family_land": false, "owner": null, "owner_source": null, "family": false, "category": "confirmed"}}, {"type": "Feature", "id": "Aprobados.384825", "geometry": {"type": "MultiPolygon", "coordinates": [[[[-70.42582356, 18.72121337], [-70.42577351, 18.72099254], [-70.4257192, 18.72072474], [-70.42569223, 18.72059012], [-70.42565263, 18.72039339], [-70.42576906, 18.72036663], [-70.42586386, 18.7204504], [-70.42595971, 18.72052339], [-70.42607965, 18.72059387], [-70.42616095, 18.72064996], [-70.42630954, 18.72077659], [-70.42645622, 18.72089601], [-70.42668574, 18.72109767], [-70.4267363, 18.72114208], [-70.426767, 18.72116732], [-70.42680752, 18.72120456], [-70.42684984, 18.72124456], [-70.42676391, 18.72132461], [-70.4267143, 18.72136565], [-70.42664319, 18.72142531], [-70.4266229, 18.72144598], [-70.42655608, 18.72166207], [-70.4264869, 18.72162758], [-70.42635496, 18.72154051], [-70.42623101, 18.72146678], [-70.42618204, 18.72143283], [-70.42599551, 18.72131661], [-70.42582356, 18.72121337]]]]}, "geometry_name": "the_geom", "properties": {"Posicional": "304790653622", "Expediente": "6642022060426-07", "Area": 8237.89, "Municipio": "RANCHO ARRIBA", "Provincia": "San Jos\u00e9 de Ocoa", "Operacion": "Saneamiento", "FechaInsc": "19/12/2022 8:38:48 a.\u00a0m.", "area_calc_m2": 8238, "touches_family_land": false, "owner": null, "owner_source": null, "family": false, "category": "confirmed"}}, {"type": "Feature", "id": "Aprobados.38623", "geometry": {"type": "MultiPolygon", "coordinates": [[[[-70.42727726, 18.73220532], [-70.42721095, 18.73241735], [-70.42700624, 18.73304382], [-70.4269208, 18.73330407], [-70.42679291, 18.73358162], [-70.42674488, 18.73355317], [-70.42666569, 18.73355341], [-70.42657124, 18.73349766], [-70.4264355, 18.73339333], [-70.42639612, 18.73336879], [-70.42635652, 18.73337297], [-70.42631071, 18.7333848], [-70.42622793, 18.73343115], [-70.42613001, 18.73356138], [-70.42598367, 18.73374167], [-70.42591608, 18.7338357], [-70.42590379, 18.73385179], [-70.42594718, 18.73399296], [-70.42600538, 18.73426042], [-70.42600556, 18.73436108], [-70.42597019, 18.73441818], [-70.42584879, 18.73453088], [-70.42577392, 18.7345591], [-70.42572814, 18.73465261], [-70.42562624, 18.73474934], [-70.42555016, 18.73482654], [-70.42551986, 18.73504743], [-70.42545078, 18.73523436], [-70.42519627, 18.73557884], [-70.42501306, 18.73581824], [-70.42499101, 18.73581316], [-70.42479542, 18.73595651], [-70.42462367, 18.73616076], [-70.42453253, 18.73625136], [-70.42438038, 18.73636176], [-70.42410698, 18.73574119], [-70.42418114, 18.73571858], [-70.42422214, 18.7356992], [-70.42431591, 18.73548163], [-70.42435402, 18.73542288], [-70.42444456, 18.73528295], [-70.42447033, 18.73525773], [-70.42461713, 18.73518803], [-70.42468394, 18.73514849], [-70.42472098, 18.73510953], [-70.42474364, 18.73507484], [-70.42477673, 18.73505101], [-70.42482798, 18.73493107], [-70.42487201, 18.7348318], [-70.42493604, 18.73475442], [-70.42508294, 18.73466258], [-70.42507675, 18.73462612], [-70.42507591, 18.73460499], [-70.42508235, 18.73457051], [-70.42508743, 18.73455403], [-70.42510775, 18.73453372], [-70.42513991, 18.73451224], [-70.42520844, 18.73447404], [-70.42523947, 18.73443062], [-70.42534717, 18.73437034], [-70.42539368, 18.73422731], [-70.42542624, 18.73417511], [-70.42544504, 18.73416665], [-70.42549343, 18.73411243], [-70.42553126, 18.734032], [-70.42555978, 18.73398326], [-70.42557977, 18.73390224], [-70.42557589, 18.73385817], [-70.42543033, 18.73382603], [-70.42537175, 18.73381807], [-70.42536389, 18.73379636], [-70.42537218, 18.73375681], [-70.42534106, 18.73331393], [-70.42532706, 18.73327329], [-70.42532115, 18.73314539], [-70.42530112, 18.73304136], [-70.42529505, 18.73296126], [-70.42528118, 18.73283477], [-70.42527031, 18.73274829], [-70.42526224, 18.73269026], [-70.42521672, 18.73260088], [-70.42518098, 18.73253447], [-70.4251481, 18.73247011], [-70.42514571, 18.73237697], [-70.42514305, 18.73228645], [-70.42514056, 18.73219295], [-70.42513854, 18.73210984], [-70.42512948, 18.73192314], [-70.42511105, 18.73162601], [-70.42516435, 18.73159199], [-70.42523166, 18.73157738], [-70.42541639, 18.73158772], [-70.42580799, 18.73165648], [-70.42671094, 18.73198447], [-70.42721928, 18.73218968], [-70.42726771, 18.7322081], [-70.42727726, 18.73220532]]]]}, "geometry_name": "the_geom", "properties": {"Posicional": "304791699317", "Expediente": "663201613904", "Area": 58586.96, "Municipio": "RANCHO ARRIBA", "Provincia": "San Jos\u00e9 de Ocoa", "Operacion": "Saneamiento", "FechaInsc": "10/4/2017 1:39:07 p.\u00a0m.", "area_calc_m2": 58587, "touches_family_land": false, "owner": null, "owner_source": null, "family": false, "category": "confirmed"}}, {"type": "Feature", "id": "Aprobados.470780", "geometry": {"type": "MultiPolygon", "coordinates": [[[[-70.42678875, 18.73358517], [-70.42676955, 18.73361908], [-70.42672739, 18.7336699], [-70.42663907, 18.7337844], [-70.42661905, 18.73380901], [-70.42651167, 18.73392821], [-70.42636031, 18.73408286], [-70.42627425, 18.73416197], [-70.42620487, 18.73421619], [-70.42618955, 18.73424363], [-70.42616634, 18.73425363], [-70.4261635, 18.73426205], [-70.42600554, 18.73435971], [-70.42601103, 18.73426672], [-70.42599146, 18.73419683], [-70.42597986, 18.73414294], [-70.42597642, 18.73410964], [-70.42596073, 18.73403165], [-70.42594599, 18.73397298], [-70.42592361, 18.73389965], [-70.42590977, 18.73385052], [-70.42599243, 18.73374099], [-70.42607852, 18.73363074], [-70.42622577, 18.73344181], [-70.42624274, 18.7334242], [-70.42629226, 18.73339907], [-70.42634626, 18.73338214], [-70.42640204, 18.73337795], [-70.42643475, 18.73339389], [-70.42650706, 18.73344961], [-70.42657123, 18.7334997], [-70.42666554, 18.73355337], [-70.42672995, 18.73356309], [-70.42678875, 18.73358517]]]]}, "geometry_name": "the_geom", "properties": {"Posicional": "304791693735", "Expediente": "6642023007634-07", "Area": 5066.59, "Municipio": "RANCHO ARRIBA", "Provincia": "San Jos\u00e9 de Ocoa", "Operacion": "Saneamiento", "FechaInsc": "15/12/2023 3:43:28 p.\u00a0m.", "area_calc_m2": 5067, "touches_family_land": false, "owner": null, "owner_source": null, "family": false, "category": "confirmed"}}, {"type": "Feature", "id": "Aprobados.341377", "geometry": {"type": "MultiPolygon", "coordinates": [[[[-70.42506086, 18.68432473], [-70.42522677, 18.68472936], [-70.42527016, 18.68503587], [-70.42524514, 18.6851513], [-70.42521355, 18.68532796], [-70.42518541, 18.68547151], [-70.42516227, 18.68550249], [-70.42501852, 18.68570851], [-70.42509833, 18.685765], [-70.4251225, 18.68586104], [-70.42510108, 18.68598142], [-70.42501417, 18.68602931], [-70.424642, 18.686229], [-70.424435, 18.686319], [-70.424321, 18.686373], [-70.424284, 18.68639], [-70.424167, 18.686508], [-70.424144, 18.686523], [-70.423842, 18.686544], [-70.423744, 18.686511], [-70.423599, 18.686396], [-70.423571, 18.686343], [-70.423446, 18.686121], [-70.42328, 18.685977], [-70.423127, 18.685619], [-70.423046, 18.68554], [-70.422908, 18.685451], [-70.422815, 18.685415], [-70.422647, 18.685272], [-70.422552, 18.685187], [-70.42271994, 18.68505708], [-70.42308101, 18.68467671], [-70.42311988, 18.68462961], [-70.42382281, 18.68334465], [-70.42356334, 18.68341285], [-70.4231445, 18.68354534], [-70.4230604, 18.6833876], [-70.42299235, 18.68310846], [-70.42287153, 18.68297344], [-70.42287209, 18.68291135], [-70.42345598, 18.68279566], [-70.42377413, 18.68274989], [-70.4247779, 18.68287728], [-70.42495656, 18.68391978], [-70.42498787, 18.68398827], [-70.42506086, 18.68432473]]]]}, "geometry_name": "the_geom", "properties": {"Posicional": "304696852343", "Expediente": "6642021109448-06", "Area": 77283.35, "Municipio": "RANCHO ARRIBA", "Provincia": "San Jos\u00e9 de Ocoa", "Operacion": "Saneamiento", "FechaInsc": "1/12/2022 2:53:37 p.\u00a0m.", "area_calc_m2": 77284, "touches_family_land": false, "owner": null, "owner_source": null, "family": false, "category": "confirmed"}}, {"type": "Feature", "id": "Aprobados.471323", "geometry": {"type": "MultiPolygon", "coordinates": [[[[-70.42262931, 18.6999779], [-70.42258246, 18.69990932], [-70.42250302, 18.69971757], [-70.42243173, 18.69946435], [-70.42254715, 18.69924518], [-70.42263024, 18.69912807], [-70.42286198, 18.69888742], [-70.42298877, 18.69877681], [-70.42309091, 18.698702], [-70.42323849, 18.6986221], [-70.42343609, 18.69852452], [-70.42333637, 18.69846329], [-70.42312501, 18.69828496], [-70.42309009, 18.69810188], [-70.42302392, 18.69788298], [-70.42420621, 18.69879853], [-70.42504212, 18.69931823], [-70.42597073, 18.69970201], [-70.42627119, 18.69976824], [-70.42645105, 18.69992841], [-70.42645204, 18.6999293], [-70.42613979, 18.70010478], [-70.42580414, 18.70009814], [-70.42578615, 18.70017731], [-70.42578875, 18.70024682], [-70.42571823, 18.70032387], [-70.4255101, 18.70062657], [-70.42543397, 18.70072721], [-70.42540414, 18.7007422], [-70.42537266, 18.70074359], [-70.42530097, 18.70073649], [-70.42522531, 18.70071078], [-70.42511165, 18.70065662], [-70.42492494, 18.70055936], [-70.42485209, 18.70050686], [-70.42475581, 18.70043312], [-70.42469049, 18.70035411], [-70.4246369, 18.70027283], [-70.42458008, 18.70019855], [-70.42450627, 18.70012405], [-70.42442454, 18.70004614], [-70.42435823, 18.69998853], [-70.42423814, 18.69989478], [-70.4241999, 18.69987005], [-70.42409296, 18.69981957], [-70.42400485, 18.69977538], [-70.42390822, 18.6997451], [-70.42374401, 18.69970087], [-70.42366039, 18.69969103], [-70.42358409, 18.699682], [-70.42352892, 18.69966589], [-70.42346635, 18.69965548], [-70.42338659, 18.69965964], [-70.42329433, 18.69969914], [-70.42314155, 18.69975979], [-70.42303287, 18.69980162], [-70.42288608, 18.69986175], [-70.4227708, 18.69993673], [-70.42271043, 18.69996657], [-70.42262931, 18.6999779]]]]}, "geometry_name": "the_geom", "properties": {"Posicional": "304698811787", "Expediente": "6642023098885-04", "Area": 47297, "Municipio": "RANCHO ARRIBA", "Provincia": "San Jos\u00e9 de Ocoa", "Operacion": "Subdivisi\u00f3n", "FechaInsc": "20/12/2023 11:41:17 a.\u00a0m.", "area_calc_m2": 47297, "touches_family_land": false, "owner": null, "owner_source": null, "family": false, "category": "confirmed"}}, {"type": "Feature", "id": "Aprobados.471291", "geometry": {"type": "MultiPolygon", "coordinates": [[[[-70.42476178, 18.70050481], [-70.42469016, 18.70058095], [-70.42473107, 18.70062168], [-70.42476237, 18.70065698], [-70.42479084, 18.70068038], [-70.42479727, 18.70069889], [-70.42479236, 18.70072528], [-70.42478679, 18.70075802], [-70.4247752, 18.70078843], [-70.42475733, 18.7007918], [-70.4247381, 18.70082052], [-70.42472247, 18.70085842], [-70.42472539, 18.70090799], [-70.42473335, 18.70095903], [-70.42474318, 18.70103279], [-70.42464663, 18.70108992], [-70.42457757, 18.70112206], [-70.42453203, 18.70117261], [-70.42446457, 18.70122849], [-70.42439467, 18.70128729], [-70.42433653, 18.70132989], [-70.42428807, 18.70136506], [-70.4242595, 18.7014097], [-70.42423552, 18.70146952], [-70.42421001, 18.70150839], [-70.42407391, 18.70152321], [-70.42401483, 18.70153077], [-70.42399799, 18.70152762], [-70.42392645, 18.70151484], [-70.4238256, 18.70149529], [-70.42372348, 18.70147922], [-70.42359688, 18.70145544], [-70.42354657, 18.70144769], [-70.42346705, 18.70142291], [-70.42347042, 18.70135543], [-70.42346979, 18.70124245], [-70.42346961, 18.70114704], [-70.42347327, 18.70108994], [-70.42347921, 18.700968], [-70.42349842, 18.70093374], [-70.42365895, 18.7007857], [-70.42376405, 18.70069029], [-70.42384447, 18.70061215], [-70.42389833, 18.70056317], [-70.4239541, 18.70052237], [-70.42399287, 18.70050396], [-70.42414555, 18.70044105], [-70.42426038, 18.70040314], [-70.42435959, 18.70037004], [-70.42443318, 18.70032998], [-70.42449257, 18.70026793], [-70.42454139, 18.70021915], [-70.42457677, 18.70026384], [-70.42460397, 18.70031165], [-70.42465758, 18.70038546], [-70.42471111, 18.70045866], [-70.42476178, 18.70050481]]]]}, "geometry_name": "the_geom", "properties": {"Posicional": "304698833326", "Expediente": "6642023098885-04", "Area": 12761.14, "Municipio": "RANCHO ARRIBA", "Provincia": "San Jos\u00e9 de Ocoa", "Operacion": "Subdivisi\u00f3n", "FechaInsc": "20/12/2023 11:41:17 a.\u00a0m.", "area_calc_m2": 12761, "touches_family_land": false, "owner": null, "owner_source": null, "family": false, "category": "confirmed"}}, {"type": "Feature", "id": "Aprobados.435566", "geometry": {"type": "MultiPolygon", "coordinates": [[[[-70.42502541, 18.70161895], [-70.42483473, 18.70169047], [-70.4246606, 18.70175503], [-70.42452843, 18.70180907], [-70.42440203, 18.70187725], [-70.4243109, 18.70192712], [-70.42415474, 18.70200742], [-70.42411639, 18.70202048], [-70.42403285, 18.70202948], [-70.42392615, 18.70202336], [-70.42376158, 18.70200158], [-70.42368773, 18.70199221], [-70.42360122, 18.70199475], [-70.42355621, 18.70200112], [-70.42349917, 18.70202118], [-70.42341516, 18.70205623], [-70.42332175, 18.70209379], [-70.42324541, 18.70211959], [-70.42317499, 18.70213456], [-70.42302909, 18.70214125], [-70.42289438, 18.70215618], [-70.42276341, 18.70217834], [-70.42271411, 18.70219522], [-70.42266166, 18.7022127], [-70.42253038, 18.70227486], [-70.42237981, 18.70233143], [-70.42233894, 18.70232694], [-70.42230848, 18.70231477], [-70.42235574, 18.70194786], [-70.42239478, 18.7019341], [-70.42249169, 18.70192161], [-70.42257745, 18.70190062], [-70.42277254, 18.7018669], [-70.42303649, 18.70183806], [-70.42310178, 18.70178832], [-70.42327579, 18.70172103], [-70.42340967, 18.70168459], [-70.42344647, 18.70167184], [-70.42345901, 18.70166742], [-70.42351933, 18.70164712], [-70.42361486, 18.70160741], [-70.42369872, 18.70157695], [-70.42388517, 18.70154699], [-70.42390231, 18.70154484], [-70.42404759, 18.70152769], [-70.42421029, 18.70150796], [-70.42416583, 18.70155817], [-70.42427142, 18.70157341], [-70.4243789, 18.70158793], [-70.42444023, 18.70159313], [-70.42454697, 18.70159838], [-70.42459927, 18.7016008], [-70.42468111, 18.70159047], [-70.42498032, 18.70150446], [-70.42498675, 18.70152532], [-70.42502541, 18.70161895]]]]}, "geometry_name": "the_geom", "properties": {"Posicional": "304698849328", "Expediente": "6642023015912-05", "Area": 10469.78, "Municipio": "RANCHO ARRIBA", "Provincia": "San Jos\u00e9 de Ocoa", "Operacion": "Subdivisi\u00f3n", "FechaInsc": "2/8/2023 1:14:19 p.\u00a0m.", "area_calc_m2": 10469, "touches_family_land": false, "owner": null, "owner_source": null, "family": false, "category": "confirmed"}}, {"type": "Feature", "id": "Aprobados.184921", "geometry": {"type": "MultiPolygon", "coordinates": [[[[-70.42485127, 18.7052368], [-70.42463866, 18.70533672], [-70.42443914, 18.7049273], [-70.42465146, 18.7048271], [-70.42485127, 18.7052368]]]]}, "geometry_name": "the_geom", "properties": {"Posicional": "304698778914", "Expediente": "6642020049484-04", "Area": 1248.88195801, "Municipio": "RANCHO ARRIBA", "Provincia": "San Jos\u00e9 de Ocoa", "Operacion": "Urbanizaci\u00f3n parcelaria", "FechaInsc": "27/1/2021 1:04:42 p.\u00a0m.", "area_calc_m2": 1249, "touches_family_land": false, "owner": null, "owner_source": null, "family": false, "category": "confirmed"}}, {"type": "Feature", "id": "Aprobados.132112", "geometry": {"type": "MultiPolygon", "coordinates": [[[[-70.42338898, 18.71296233], [-70.42347305, 18.71284577], [-70.42357295, 18.71286246], [-70.4236206, 18.71286364], [-70.42374527, 18.71286106], [-70.42374843, 18.71277385], [-70.42382171, 18.71276055], [-70.42389555, 18.71273758], [-70.42397903, 18.71270536], [-70.42412948, 18.71270422], [-70.42437666, 18.71262003], [-70.42454875, 18.71259414], [-70.42478126, 18.71259166], [-70.42480113, 18.71259588], [-70.42474546, 18.71318486], [-70.42420173, 18.71313355], [-70.42420491, 18.71330796], [-70.42421901, 18.71336166], [-70.42422735, 18.71338174], [-70.42424911, 18.7134132], [-70.42460128, 18.71371412], [-70.42465414, 18.71374454], [-70.42406149, 18.71378884], [-70.42328286, 18.71310077], [-70.42338898, 18.71296233]]]]}, "geometry_name": "the_geom", "properties": {"Posicional": "304699864865", "Expediente": "6642019006984-04", "Area": 11994.01446533, "Municipio": "RANCHO ARRIBA", "Provincia": "SAN JOS\u00c9 DE OCOA", "Operacion": "Saneamiento", "FechaInsc": "12/7/2019 8:59:45 a.\u00a0m.", "area_calc_m2": 11994, "touches_family_land": false, "owner": null, "owner_source": null, "family": false, "category": "confirmed"}}, {"type": "Feature", "id": "Aprobados.300351", "geometry": {"type": "MultiPolygon", "coordinates": [[[[-70.42482865, 18.7148228], [-70.42497991, 18.71490537], [-70.42496017, 18.7150186], [-70.4249657, 18.71508865], [-70.4249767, 18.71513695], [-70.42504062, 18.71525707], [-70.42510468, 18.71539094], [-70.42516587, 18.71550283], [-70.42524771, 18.7156151], [-70.42527573, 18.71582695], [-70.42523922, 18.71590277], [-70.42511308, 18.71612866], [-70.42499145, 18.71649462], [-70.42498774, 18.71652379], [-70.4249001, 18.71657934], [-70.42476122, 18.71678836], [-70.42465623, 18.71696262], [-70.42464025, 18.7170526], [-70.42463679, 18.71711834], [-70.42440874, 18.71702963], [-70.42425747, 18.71694819], [-70.42436758, 18.71657644], [-70.42415301, 18.71644939], [-70.42376989, 18.71627001], [-70.42412966, 18.7158023], [-70.42414821, 18.71576922], [-70.42429096, 18.71543195], [-70.42434572, 18.7153434], [-70.42428624, 18.71530611], [-70.4240965, 18.71516901], [-70.42418758, 18.71514324], [-70.42436861, 18.71508593], [-70.42466913, 18.71493712], [-70.42482865, 18.7148228]]]]}, "geometry_name": "the_geom", "properties": {"Posicional": "304699799955", "Expediente": "6642020007501-06", "Area": 20992.67224121, "Municipio": "RANCHO ARRIBA", "Provincia": "San Jos\u00e9 de Ocoa", "Operacion": "Saneamiento", "FechaInsc": "27/10/2020 8:35:37 a.\u00a0m.", "area_calc_m2": 20993, "touches_family_land": false, "owner": null, "owner_source": null, "family": false, "category": "confirmed"}}, {"type": "Feature", "id": "Aprobados.689797", "geometry": {"type": "MultiPolygon", "coordinates": [[[[-70.4209141, 18.65866557], [-70.42097139, 18.65863262], [-70.42103844, 18.65858505], [-70.42105594, 18.65856183], [-70.4211394, 18.65849492], [-70.4211714, 18.65841387], [-70.42129112, 18.65829406], [-70.42132258, 18.65823325], [-70.42132608, 18.65815143], [-70.42136288, 18.65805111], [-70.42138087, 18.65785623], [-70.42140107, 18.65780695], [-70.42141366, 18.65781186], [-70.42146818, 18.65796418], [-70.42155722, 18.65805489], [-70.42165059, 18.65812203], [-70.42171571, 18.65818338], [-70.42174251, 18.65835794], [-70.42173489, 18.65854782], [-70.42239641, 18.65931433], [-70.42352027, 18.65851461], [-70.42219127, 18.65686497], [-70.42242235, 18.65685972], [-70.42263698, 18.65681002], [-70.42272613, 18.65677736], [-70.42283463, 18.6567312], [-70.42445592, 18.65875823], [-70.42297595, 18.65976299], [-70.42266805, 18.65987642], [-70.42264308, 18.65993055], [-70.42256982, 18.65998446], [-70.42246841, 18.66006723], [-70.42239485, 18.66013153], [-70.42236798, 18.66014049], [-70.422274, 18.66018314], [-70.42220844, 18.66020978], [-70.42212069, 18.66026991], [-70.42204247, 18.66033845], [-70.42198279, 18.66038427], [-70.42184364, 18.66049785], [-70.42179142, 18.66054698], [-70.42174525, 18.66061077], [-70.42171574, 18.66065403], [-70.42165809, 18.66073535], [-70.4216117, 18.66080154], [-70.42154796, 18.66087419], [-70.42146166, 18.66079615], [-70.42141141, 18.66075712], [-70.42136826, 18.66072393], [-70.42134742, 18.66069702], [-70.42130819, 18.6606318], [-70.42127045, 18.66058283], [-70.42122074, 18.66053357], [-70.42117703, 18.66048186], [-70.42111326, 18.66040522], [-70.42107723, 18.66038458], [-70.4210392, 18.66035694], [-70.42102627, 18.66035188], [-70.42102205, 18.6603195], [-70.42103856, 18.66026151], [-70.42106646, 18.66019876], [-70.42114152, 18.66006039], [-70.42115299, 18.65999707], [-70.42112339, 18.65997804], [-70.42107666, 18.65994392], [-70.42105531, 18.65991494], [-70.42104784, 18.65986262], [-70.42105941, 18.65976175], [-70.42106675, 18.65965671], [-70.42108386, 18.65952961], [-70.42103043, 18.65945613], [-70.42102255, 18.65941221], [-70.42103079, 18.65936955], [-70.4209929, 18.65930505], [-70.42096676, 18.65918159], [-70.42092461, 18.65913239], [-70.42091688, 18.65907768], [-70.42092077, 18.65904323], [-70.42095218, 18.65898882], [-70.42093932, 18.65885106], [-70.42094299, 18.65882042], [-70.42094163, 18.65879617], [-70.42091911, 18.65869215], [-70.4209141, 18.65866557]]]]}, "geometry_name": "the_geom", "properties": {"Posicional": "304693947742", "Expediente": "6642025056268-05", "Area": 62820.87, "Municipio": "RANCHO ARRIBA", "Provincia": "San Jos\u00e9 de Ocoa", "Operacion": "Saneamiento", "FechaInsc": "2/2/2026 11:33:34 a.\u00a0m.", "area_calc_m2": 62821, "touches_family_land": false, "owner": null, "owner_source": null, "family": false, "category": "confirmed"}}, {"type": "Feature", "id": "Aprobados.471321", "geometry": {"type": "MultiPolygon", "coordinates": [[[[-70.4225038, 18.69999456], [-70.4225047, 18.69999289], [-70.42253622, 18.69996599], [-70.42254414, 18.69995791], [-70.42253268, 18.69991143], [-70.42247967, 18.69975963], [-70.4224234, 18.69961161], [-70.42237303, 18.69948571], [-70.4223057, 18.69944708], [-70.4222296, 18.69936722], [-70.42221354, 18.69930298], [-70.42213753, 18.69927746], [-70.4220754, 18.69927341], [-70.42209378, 18.69916591], [-70.42194162, 18.69915001], [-70.42180763, 18.69913001], [-70.42163232, 18.69909787], [-70.42160042, 18.69909009], [-70.42153786, 18.69912733], [-70.42139102, 18.69912915], [-70.42124087, 18.69912709], [-70.42113791, 18.69911973], [-70.42093615, 18.69918505], [-70.42080717, 18.69923052], [-70.42078739, 18.69913848], [-70.42063651, 18.69906599], [-70.4204612, 18.69896646], [-70.42038716, 18.69893609], [-70.42022849, 18.69892786], [-70.4200994, 18.69891677], [-70.42000586, 18.69890584], [-70.42000442, 18.69892268], [-70.41998665, 18.69891666], [-70.4198827, 18.69887922], [-70.4197763, 18.6988529], [-70.41964578, 18.69881506], [-70.41945735, 18.69873532], [-70.41935933, 18.69869032], [-70.41925566, 18.69863269], [-70.41915193, 18.69860714], [-70.4190316, 18.69861976], [-70.41893545, 18.69862723], [-70.41878534, 18.69865514], [-70.41862889, 18.69866289], [-70.41851542, 18.69857378], [-70.41822289, 18.69834878], [-70.41815995, 18.69824816], [-70.41805936, 18.69808475], [-70.41799319, 18.69798381], [-70.41788935, 18.6978673], [-70.41778362, 18.69777369], [-70.41764733, 18.69769517], [-70.41755616, 18.69766568], [-70.41738872, 18.69766221], [-70.41720079, 18.6976367], [-70.4169949, 18.69764167], [-70.41690125, 18.69763548], [-70.41685485, 18.69755071], [-70.41677624, 18.69742667], [-70.41669443, 18.69727768], [-70.41663694, 18.69717425], [-70.41657767, 18.69705492], [-70.4165337, 18.69699972], [-70.41646197, 18.69688655], [-70.41644125, 18.69678468], [-70.41642155, 18.69669227], [-70.41634294, 18.6965956], [-70.41628562, 18.6965612], [-70.41617331, 18.69648025], [-70.41602677, 18.6963813], [-70.41591199, 18.69630393], [-70.41587294, 18.69627277], [-70.41569584, 18.69610043], [-70.41557051, 18.6960437], [-70.41544429, 18.69594707], [-70.4153006, 18.69583346], [-70.41532694, 18.69575902], [-70.41535647, 18.69565682], [-70.41540358, 18.69558947], [-70.41545786, 18.69548111], [-70.41556569, 18.6953492], [-70.41564378, 18.69527792], [-70.41568558, 18.69516122], [-70.41575297, 18.6950342], [-70.41579934, 18.69493012], [-70.41589534, 18.69473506], [-70.41646233, 18.69479839], [-70.41683971, 18.69496009], [-70.41708761, 18.69544932], [-70.41728536, 18.69562005], [-70.41744262, 18.69574864], [-70.41759786, 18.69592138], [-70.41780368, 18.69623045], [-70.41778881, 18.6967673], [-70.41788443, 18.69684468], [-70.41788772, 18.69696619], [-70.41803793, 18.6970878], [-70.41820326, 18.69723033], [-70.41835497, 18.69733544], [-70.41857125, 18.69741605], [-70.41878753, 18.69767972], [-70.41905975, 18.69778027], [-70.41917803, 18.69783651], [-70.41948571, 18.69782163], [-70.41965812, 18.69779609], [-70.41984257, 18.69796594], [-70.41998386, 18.69792464], [-70.4202293, 18.69801193], [-70.42050164, 18.69805953], [-70.42070122, 18.69819892], [-70.42095836, 18.69787929], [-70.42126108, 18.69763497], [-70.42150729, 18.69746606], [-70.42182372, 18.69741402], [-70.42220322, 18.69734462], [-70.42270091, 18.69729833], [-70.42286405, 18.69775873], [-70.42302392, 18.69788298], [-70.42309009, 18.69810188], [-70.42312501, 18.69828496], [-70.42333637, 18.69846329], [-70.42343609, 18.69852452], [-70.42323849, 18.6986221], [-70.42309091, 18.698702], [-70.42298877, 18.69877681], [-70.42286198, 18.69888742], [-70.42263024, 18.69912807], [-70.42254715, 18.69924518], [-70.42243173, 18.69946435], [-70.42250302, 18.69971757], [-70.42258246, 18.69990932], [-70.42262931, 18.6999779], [-70.4225038, 18.69999456]]]]}, "geometry_name": "the_geom", "properties": {"Posicional": "305608304382", "Expediente": "6642023098885-04", "Area": 127426.67, "Municipio": "RANCHO ARRIBA", "Provincia": "San Jos\u00e9 de Ocoa", "Operacion": "Subdivisi\u00f3n", "FechaInsc": "20/12/2023 11:41:17 a.\u00a0m.", "area_calc_m2": 127426, "touches_family_land": false, "owner": null, "owner_source": null, "family": false, "category": "confirmed"}}, {"type": "Feature", "id": "Aprobados.630685", "geometry": {"type": "MultiPolygon", "coordinates": [[[[-70.42243173, 18.69946435], [-70.42241555, 18.69944916], [-70.42230732, 18.69933125], [-70.42229889, 18.69931515], [-70.42229952, 18.69925224], [-70.42229525, 18.6992232], [-70.42228469, 18.69915615], [-70.42228949, 18.69910924], [-70.42228917, 18.69907942], [-70.42232114, 18.69892561], [-70.42230675, 18.69882367], [-70.42228611, 18.69871224], [-70.42228082, 18.6986313], [-70.42230507, 18.69862403], [-70.42236944, 18.69862703], [-70.42242237, 18.69862706], [-70.42247861, 18.69862384], [-70.42257908, 18.69860852], [-70.42267693, 18.69858317], [-70.42271637, 18.69856498], [-70.42274753, 18.69854767], [-70.42286113, 18.69847407], [-70.42294814, 18.69842112], [-70.42296022, 18.6984137], [-70.42307844, 18.69833505], [-70.42312542, 18.69830681], [-70.42333633, 18.69846326], [-70.42343608, 18.69852452], [-70.42323854, 18.69862208], [-70.4230909, 18.69870201], [-70.42300218, 18.69876699], [-70.42298877, 18.69877681], [-70.42286198, 18.69888742], [-70.42263023, 18.69912809], [-70.42254714, 18.6992452], [-70.42243173, 18.69946435]]]]}, "geometry_name": "the_geom", "properties": {"Posicional": "304698907998", "Expediente": "6642024079698-05", "Area": 5855.98, "Municipio": "RANCHO ARRIBA", "Provincia": "San Jos\u00e9 de Ocoa", "Operacion": "Subdivisi\u00f3n", "FechaInsc": "15/7/2025 5:04:53 p.\u00a0m.", "area_calc_m2": 5856, "touches_family_land": false, "owner": null, "owner_source": null, "family": false, "category": "confirmed"}}, {"type": "Feature", "id": "Aprobados.471294", "geometry": {"type": "MultiPolygon", "coordinates": [[[[-70.42344777, 18.70167138], [-70.42340965, 18.7016846], [-70.42327579, 18.70172103], [-70.42310198, 18.70178824], [-70.4230366, 18.70183804], [-70.42277256, 18.7018669], [-70.42257685, 18.70190073], [-70.42249159, 18.70192164], [-70.42239479, 18.7019341], [-70.42235596, 18.70194765], [-70.42234096, 18.70184473], [-70.42236622, 18.70184102], [-70.42241458, 18.70183085], [-70.42243022, 18.70177649], [-70.42244586, 18.70172212], [-70.42250115, 18.70145774], [-70.42252364, 18.70135171], [-70.42253271, 18.70131147], [-70.42255921, 18.70121396], [-70.42257754, 18.70114181], [-70.42260338, 18.70104071], [-70.42261414, 18.7009942], [-70.42263516, 18.70089341], [-70.42265233, 18.70081072], [-70.42268126, 18.70068704], [-70.42269174, 18.70062271], [-70.42270648, 18.70050258], [-70.42271998, 18.70040035], [-70.42272791, 18.7003167], [-70.42288074, 18.70044522], [-70.42309465, 18.70018379], [-70.42321301, 18.70004156], [-70.42334546, 18.69988206], [-70.42326417, 18.69976194], [-70.42332376, 18.69973704], [-70.4233684, 18.69980445], [-70.42349559, 18.69995366], [-70.42353222, 18.69999909], [-70.42376013, 18.70024919], [-70.42399287, 18.70050396], [-70.4239541, 18.70052237], [-70.42389833, 18.70056317], [-70.42384447, 18.70061215], [-70.42377074, 18.70068392], [-70.42365895, 18.7007857], [-70.42349842, 18.70093374], [-70.42347921, 18.700968], [-70.42347327, 18.70108994], [-70.42346961, 18.70114704], [-70.42346979, 18.70124245], [-70.42347042, 18.70135543], [-70.42346705, 18.70142291], [-70.42346705, 18.70142291], [-70.42354657, 18.70144769], [-70.42359688, 18.70145544], [-70.42372348, 18.70147922], [-70.4238256, 18.70149529], [-70.42392645, 18.70151484], [-70.42401468, 18.70153074], [-70.42388516, 18.70154699], [-70.42369872, 18.70157695], [-70.42361486, 18.7016075], [-70.42351947, 18.70164706], [-70.42344777, 18.70167138]]]]}, "geometry_name": "the_geom", "properties": {"Posicional": "304698933367", "Expediente": "6642023098885-04", "Area": 20731.04, "Municipio": "RANCHO ARRIBA", "Provincia": "San Jos\u00e9 de Ocoa", "Operacion": "Subdivisi\u00f3n", "FechaInsc": "20/12/2023 11:41:17 a.\u00a0m.", "area_calc_m2": 20731, "touches_family_land": false, "owner": null, "owner_source": null, "family": false, "category": "confirmed"}}, {"type": "Feature", "id": "Aprobados.124049", "geometry": {"type": "MultiPolygon", "coordinates": [[[[-70.42328286, 18.71310077], [-70.42406149, 18.71378884], [-70.42465414, 18.71374454], [-70.42472177, 18.71375767], [-70.42502021, 18.71378115], [-70.42509945, 18.71380719], [-70.42490915, 18.71403499], [-70.42479864, 18.71438729], [-70.42469125, 18.71455006], [-70.42456743, 18.71462298], [-70.42441578, 18.71457465], [-70.42438715, 18.71454187], [-70.42441258, 18.71438421], [-70.42441141, 18.71424439], [-70.42430049, 18.71419124], [-70.42410028, 18.71417627], [-70.4236707, 18.71428625], [-70.42362205, 18.71430907], [-70.42352403, 18.71430982], [-70.42344236, 18.7143361], [-70.42330423, 18.71440212], [-70.42321928, 18.71442065], [-70.42300405, 18.71447045], [-70.4228478, 18.71416713], [-70.42298973, 18.71411807], [-70.42312617, 18.71405966], [-70.42313377, 18.71384545], [-70.42313662, 18.71381245], [-70.42312403, 18.71370231], [-70.42311907, 18.71350528], [-70.42315906, 18.71328749], [-70.42328286, 18.71310077]]]]}, "geometry_name": "the_geom", "properties": {"Posicional": "304699877715", "Expediente": "6642019007001-02", "Area": 16920.7, "Municipio": "RANCHO ARRIBA", "Provincia": "San Jos\u00e9 de Ocoa", "Operacion": "Saneamiento", "FechaInsc": "30/4/2019 12:59:34 p.\u00a0m.", "area_calc_m2": 16920, "touches_family_land": false, "owner": null, "owner_source": null, "family": false, "category": "confirmed"}}, {"type": "Feature", "id": "Aprobados.503365", "geometry": {"type": "MultiPolygon", "coordinates": [[[[-70.41827131, 18.69056093], [-70.41828146, 18.69051676], [-70.41831801, 18.69048748], [-70.41835811, 18.69047552], [-70.41848066, 18.6904708], [-70.41851257, 18.69047652], [-70.41856069, 18.69051601], [-70.41861725, 18.69059103], [-70.41865833, 18.69062831], [-70.41871541, 18.69066203], [-70.4187596, 18.69067471], [-70.41880303, 18.69068712], [-70.41891463, 18.69070977], [-70.41896821, 18.6907221], [-70.41914399, 18.69074472], [-70.4191828, 18.69074741], [-70.41932364, 18.69074065], [-70.41941604, 18.69075847], [-70.41951614, 18.69075591], [-70.41954476, 18.69075415], [-70.41962917, 18.69072279], [-70.41969311, 18.69068093], [-70.41978517, 18.69062376], [-70.4198144, 18.69060429], [-70.41986328, 18.69061033], [-70.41991674, 18.6906318], [-70.42002638, 18.690715], [-70.42013617, 18.69079377], [-70.42020153, 18.69078695], [-70.42036081, 18.69076225], [-70.42057615, 18.69070776], [-70.42061477, 18.69069988], [-70.42070955, 18.69067296], [-70.42087624, 18.69062787], [-70.42097667, 18.69060796], [-70.42100624, 18.69060647], [-70.4210991, 18.69061082], [-70.42114274, 18.69061447], [-70.42122613, 18.69060796], [-70.42133278, 18.69054915], [-70.42135378, 18.69053236], [-70.42144646, 18.69045784], [-70.42153785, 18.6903667], [-70.42161664, 18.69028677], [-70.42166983, 18.69025293], [-70.42175338, 18.69020965], [-70.42186137, 18.69016347], [-70.42194083, 18.69015293], [-70.42198696, 18.69014752], [-70.42212236, 18.69009119], [-70.42229495, 18.69000395], [-70.42240019, 18.68999105], [-70.4224847, 18.68999529], [-70.42234801, 18.6914078], [-70.42175032, 18.6913077], [-70.42164332, 18.69183556], [-70.42184852, 18.69230459], [-70.42193992, 18.69248579], [-70.42193875, 18.69281163], [-70.42187696, 18.69316729], [-70.4219404, 18.69337255], [-70.42199202, 18.69342213], [-70.42197845, 18.69342088], [-70.42191331, 18.69342092], [-70.42188323, 18.69343], [-70.42179818, 18.69344104], [-70.42167774, 18.69346129], [-70.42161755, 18.69347457], [-70.4215136, 18.69349334], [-70.4215031, 18.69350734], [-70.42135234, 18.69354155], [-70.42128304, 18.69355373], [-70.42120339, 18.69356545], [-70.42112411, 18.69356397], [-70.42103725, 18.69356273], [-70.42097188, 18.6935579], [-70.42082166, 18.6935313], [-70.42073258, 18.69351354], [-70.42062161, 18.69349893], [-70.42054809, 18.69348259], [-70.42041826, 18.69346785], [-70.42036739, 18.69346236], [-70.42011643, 18.69344212], [-70.41986831, 18.69332916], [-70.4197864, 18.69325144], [-70.41967191, 18.6931099], [-70.41954994, 18.69309411], [-70.41945034, 18.69301986], [-70.4192488, 18.69291142], [-70.41911023, 18.69290597], [-70.41881879, 18.69287483], [-70.41882673, 18.69285977], [-70.4189078, 18.69271278], [-70.41894491, 18.69261437], [-70.41900041, 18.69250435], [-70.41905322, 18.69240247], [-70.41911074, 18.69226108], [-70.41908152, 18.69212251], [-70.41906333, 18.69204458], [-70.41904512, 18.6919531], [-70.41903165, 18.69179354], [-70.41905091, 18.69176032], [-70.41899541, 18.69167743], [-70.41892776, 18.69158017], [-70.41885446, 18.69147709], [-70.41879797, 18.69139981], [-70.41865321, 18.6911976], [-70.41864328, 18.6911318], [-70.41861206, 18.69109436], [-70.41855545, 18.69098039], [-70.41848282, 18.69088941], [-70.41841199, 18.69075152], [-70.41838156, 18.69070666], [-70.41835187, 18.69066035], [-70.41831612, 18.69060252], [-70.41827131, 18.69056093]]]]}, "geometry_name": "the_geom", "properties": {"Posicional": "305607139297", "Expediente": "6642023101290-05", "Area": 102847.72, "Municipio": "RANCHO ARRIBA", "Provincia": "San Jos\u00e9 de Ocoa", "Operacion": "Saneamiento", "FechaInsc": "31/3/2024 7:38:56 p.\u00a0m.", "area_calc_m2": 102848, "touches_family_land": false, "owner": null, "owner_source": null, "family": false, "category": "confirmed"}}, {"type": "Feature", "id": "Aprobados.630686", "geometry": {"type": "MultiPolygon", "coordinates": [[[[-70.42228949, 18.69910924], [-70.42226659, 18.69905886], [-70.42216069, 18.69888693], [-70.42210905, 18.69878873], [-70.42209209, 18.69872661], [-70.4220725, 18.69865898], [-70.42204442, 18.6986117], [-70.42200082, 18.69857266], [-70.42191029, 18.69849245], [-70.42183787, 18.69844092], [-70.42184669, 18.69836747], [-70.42191637, 18.6983584], [-70.42206164, 18.69834506], [-70.42215593, 18.69833449], [-70.42228426, 18.698322], [-70.42234243, 18.69831688], [-70.42244415, 18.69830204], [-70.42248618, 18.6982935], [-70.42248168, 18.69822741], [-70.42246796, 18.69815458], [-70.42244758, 18.69807044], [-70.42243722, 18.6980129], [-70.42242331, 18.69797811], [-70.42241225, 18.69793133], [-70.42238197, 18.69756144], [-70.42245329, 18.69755901], [-70.42254, 18.697558], [-70.42259322, 18.69755763], [-70.42267903, 18.697564], [-70.42282373, 18.69756634], [-70.42290629, 18.69757767], [-70.4229156, 18.69758649], [-70.42294573, 18.69765973], [-70.42298501, 18.69775893], [-70.42300323, 18.69781508], [-70.42302392, 18.69788298], [-70.42305842, 18.69799739], [-70.42309009, 18.69810188], [-70.42312501, 18.69828496], [-70.42312542, 18.69830681], [-70.42307844, 18.69833505], [-70.42296022, 18.6984137], [-70.42294814, 18.69842112], [-70.42286113, 18.69847407], [-70.42274753, 18.69854767], [-70.42271637, 18.69856498], [-70.42267693, 18.69858317], [-70.42257908, 18.69860852], [-70.42247861, 18.69862384], [-70.42242237, 18.69862706], [-70.42236944, 18.69862703], [-70.42230507, 18.69862403], [-70.42228082, 18.6986313], [-70.42228611, 18.69871224], [-70.42230675, 18.69882367], [-70.42232114, 18.69892561], [-70.42228917, 18.69907942], [-70.42228949, 18.69910924]]]]}, "geometry_name": "the_geom", "properties": {"Posicional": "304698909331", "Expediente": "6642024079698-05", "Area": 9411.96, "Municipio": "RANCHO ARRIBA", "Provincia": "San Jos\u00e9 de Ocoa", "Operacion": "Subdivisi\u00f3n", "FechaInsc": "15/7/2025 5:04:53 p.\u00a0m.", "area_calc_m2": 9412, "touches_family_land": false, "owner": null, "owner_source": null, "family": false, "category": "confirmed"}}, {"type": "Feature", "id": "Aprobados.471322", "geometry": {"type": "MultiPolygon", "coordinates": [[[[-70.4225038, 18.69999456], [-70.4223757, 18.70000966], [-70.42222329, 18.69999027], [-70.42215546, 18.69996849], [-70.42212076, 18.69989505], [-70.4220849, 18.69983188], [-70.42197782, 18.69975813], [-70.42193539, 18.69984534], [-70.42189255, 18.69990513], [-70.42183713, 18.69998666], [-70.42164261, 18.69999329], [-70.42160795, 18.69993892], [-70.42148177, 18.69980541], [-70.42138282, 18.69969942], [-70.42132693, 18.69966516], [-70.42127788, 18.6996611], [-70.42115706, 18.69967347], [-70.42106016, 18.69970679], [-70.42095811, 18.69959365], [-70.42087992, 18.69947331], [-70.42081846, 18.69933256], [-70.42080717, 18.69923052], [-70.42093615, 18.69918505], [-70.42113791, 18.69911973], [-70.42124087, 18.69912709], [-70.42139102, 18.69912915], [-70.42153786, 18.69912733], [-70.42160042, 18.69909009], [-70.42163232, 18.69909787], [-70.42180763, 18.69913001], [-70.42194162, 18.69915001], [-70.42209378, 18.69916591], [-70.4220754, 18.69927341], [-70.42213753, 18.69927746], [-70.42221354, 18.69930298], [-70.4222296, 18.69936722], [-70.4223057, 18.69944708], [-70.42237303, 18.69948571], [-70.4224234, 18.69961161], [-70.42247967, 18.69975963], [-70.42253268, 18.69991143], [-70.42254414, 18.69995791], [-70.42253622, 18.69996599], [-70.4225047, 18.69999289], [-70.4225038, 18.69999456]]]]}, "geometry_name": "the_geom", "properties": {"Posicional": "305608018777", "Expediente": "6642023098885-04", "Area": 11890.17, "Municipio": "RANCHO ARRIBA", "Provincia": "San Jos\u00e9 de Ocoa", "Operacion": "Subdivisi\u00f3n", "FechaInsc": "20/12/2023 11:41:17 a.\u00a0m.", "area_calc_m2": 11890, "touches_family_land": false, "owner": null, "owner_source": null, "family": false, "category": "confirmed"}}, {"type": "Feature", "id": "Aprobados.471297", "geometry": {"type": "MultiPolygon", "coordinates": [[[[-70.42269174, 18.70062271], [-70.42268126, 18.70068704], [-70.42265233, 18.70081072], [-70.42263516, 18.70089341], [-70.42261414, 18.7009942], [-70.42260338, 18.70104071], [-70.42257754, 18.70114181], [-70.42255921, 18.70121396], [-70.42253271, 18.70131147], [-70.42252364, 18.70135171], [-70.42250115, 18.70145774], [-70.42242326, 18.70141853], [-70.42230247, 18.70135636], [-70.42217901, 18.70128982], [-70.42210615, 18.70125319], [-70.42216907, 18.70100462], [-70.42234407, 18.70052038], [-70.42240999, 18.70053985], [-70.42249126, 18.70056314], [-70.42256751, 18.70058409], [-70.42261629, 18.70059737], [-70.42269174, 18.70062271]]]]}, "geometry_name": "the_geom", "properties": {"Posicional": "305608031338", "Expediente": "6642023098885-04", "Area": 3894.16, "Municipio": "RANCHO ARRIBA", "Provincia": "San Jos\u00e9 de Ocoa", "Operacion": "Subdivisi\u00f3n", "FechaInsc": "20/12/2023 11:41:17 a.\u00a0m.", "area_calc_m2": 3894, "touches_family_land": false, "owner": null, "owner_source": null, "family": false, "category": "confirmed"}}, {"type": "Feature", "id": "Aprobados.471298", "geometry": {"type": "MultiPolygon", "coordinates": [[[[-70.42210615, 18.70125319], [-70.42217901, 18.70128982], [-70.42230247, 18.70135636], [-70.42242326, 18.70141853], [-70.42250115, 18.70145774], [-70.42247204, 18.70159901], [-70.42244586, 18.70172212], [-70.42241458, 18.70183085], [-70.42236622, 18.70184102], [-70.42234096, 18.70184473], [-70.42235596, 18.70194765], [-70.42231595, 18.70224706], [-70.42231477, 18.7023172], [-70.42206712, 18.70215682], [-70.4219114, 18.70209364], [-70.42177948, 18.70208374], [-70.42166592, 18.70210238], [-70.42149831, 18.70214374], [-70.42143968, 18.70216445], [-70.42138528, 18.70218273], [-70.42136191, 18.7021073], [-70.42134522, 18.70203897], [-70.42131096, 18.70192762], [-70.42122785, 18.70161346], [-70.42136469, 18.70165676], [-70.42142036, 18.70167507], [-70.42150571, 18.70167331], [-70.42148784, 18.70162272], [-70.42200994, 18.70145109], [-70.42210615, 18.70125319]]]]}, "geometry_name": "the_geom", "properties": {"Posicional": "305608046258", "Expediente": "6642023098885-04", "Area": 8606.63, "Municipio": "RANCHO ARRIBA", "Provincia": "San Jos\u00e9 de Ocoa", "Operacion": "Subdivisi\u00f3n", "FechaInsc": "20/12/2023 11:41:17 a.\u00a0m.", "area_calc_m2": 8607, "touches_family_land": false, "owner": null, "owner_source": null, "family": false, "category": "confirmed"}}, {"type": "Feature", "id": "Aprobados.42490", "geometry": {"type": "MultiPolygon", "coordinates": [[[[-70.42273223, 18.70792178], [-70.42281976, 18.70808123], [-70.42266906, 18.7081796], [-70.42225148, 18.70850146], [-70.4219581, 18.70875199], [-70.42184014, 18.70884225], [-70.42181203, 18.7086903], [-70.42178841, 18.70845094], [-70.42178092, 18.70843925], [-70.42178964, 18.70840512], [-70.42176993, 18.70825916], [-70.42175368, 18.70819784], [-70.42170043, 18.70811195], [-70.42172277, 18.70805151], [-70.42178666, 18.70794649], [-70.4218459, 18.70789779], [-70.42189951, 18.70787904], [-70.42207292, 18.70787682], [-70.42211348, 18.7078616], [-70.42217122, 18.7077933], [-70.42231462, 18.70783017], [-70.42240322, 18.7078688], [-70.42245275, 18.70788324], [-70.42253594, 18.7078874], [-70.4226527, 18.70790178], [-70.4226806, 18.70791585], [-70.42273223, 18.70792178]]]]}, "geometry_name": "the_geom", "properties": {"Posicional": "305609014359", "Expediente": "663201702903", "Area": 7156.31, "Municipio": "RANCHO ARRIBA", "Provincia": "San Jos\u00e9 de Ocoa", "Operacion": "Deslinde", "FechaInsc": "31/7/2017 4:43:18 p.\u00a0m.", "area_calc_m2": 7156, "touches_family_land": false, "owner": null, "owner_source": null, "family": false, "category": "confirmed"}}, {"type": "Feature", "id": "Aprobados.42491", "geometry": {"type": "MultiPolygon", "coordinates": [[[[-70.42281976, 18.70808123], [-70.42281818, 18.70849336], [-70.42291693, 18.7086108], [-70.42298823, 18.70868905], [-70.42305933, 18.70876703], [-70.42298323, 18.70888562], [-70.42279801, 18.70917707], [-70.42270415, 18.70933726], [-70.4223849, 18.70998764], [-70.42185699, 18.70904407], [-70.42184271, 18.7089577], [-70.42184014, 18.70884225], [-70.4219581, 18.70875199], [-70.42225148, 18.70850146], [-70.42266906, 18.7081796], [-70.42281976, 18.70808123]]]]}, "geometry_name": "the_geom", "properties": {"Posicional": "305609021274", "Expediente": "663201702903", "Area": 13160.84, "Municipio": "RANCHO ARRIBA", "Provincia": "San Jos\u00e9 de Ocoa", "Operacion": "Deslinde", "FechaInsc": "31/7/2017 4:43:18 p.\u00a0m.", "area_calc_m2": 13161, "touches_family_land": false, "owner": null, "owner_source": null, "family": false, "category": "confirmed"}}, {"type": "Feature", "id": "Aprobados.276763", "geometry": {"type": "MultiPolygon", "coordinates": [[[[-70.4224627, 18.71268625], [-70.4222437, 18.71263589], [-70.42231768, 18.71241752], [-70.42250463, 18.71245655], [-70.4224627, 18.71268625]]]]}, "geometry_name": "the_geom", "properties": {"Posicional": "305609062169", "Expediente": "6642021109839-04", "Area": 561.11, "Municipio": "RANCHO ARRIBA", "Provincia": "San Jos\u00e9 de Ocoa", "Operacion": "Saneamiento", "FechaInsc": "13/4/2022 12:53:39 p.\u00a0m.", "area_calc_m2": 561, "touches_family_land": false, "owner": null, "owner_source": null, "family": false, "category": "confirmed"}}, {"type": "Feature", "id": "Aprobados.630696", "geometry": {"type": "MultiPolygon", "coordinates": [[[[-70.42130758, 18.69871674], [-70.42138987, 18.69871463], [-70.42145743, 18.69871878], [-70.42153586, 18.69871853], [-70.42161288, 18.69871646], [-70.42171091, 18.69872875], [-70.42177391, 18.69873866], [-70.42181883, 18.69876272], [-70.42185376, 18.69878357], [-70.42178529, 18.69886371], [-70.42174608, 18.69891208], [-70.4217336, 18.69893761], [-70.4216759, 18.69900233], [-70.42165905, 18.6990239], [-70.42162061, 18.69907054], [-70.42160042, 18.69909009], [-70.42153786, 18.69912733], [-70.42139102, 18.69912915], [-70.42124087, 18.6991271], [-70.42113791, 18.69911973], [-70.42093615, 18.69918505], [-70.42080717, 18.69923053], [-70.42078739, 18.69913848], [-70.42063651, 18.69906599], [-70.4204612, 18.69896646], [-70.42038716, 18.69893609], [-70.42022849, 18.69892786], [-70.4200994, 18.69891677], [-70.42004336, 18.69891022], [-70.42004572, 18.69890571], [-70.42006947, 18.69887697], [-70.42011743, 18.6988219], [-70.42017144, 18.69876094], [-70.42020993, 18.69871683], [-70.42028432, 18.69862674], [-70.4203487, 18.69853268], [-70.42039017, 18.69846083], [-70.42043716, 18.69839689], [-70.42051312, 18.69839136], [-70.42060009, 18.6983786], [-70.42074835, 18.69836292], [-70.42080309, 18.69835273], [-70.42086721, 18.69834932], [-70.42091106, 18.69835375], [-70.42098615, 18.69837002], [-70.42105591, 18.6983858], [-70.42109321, 18.69839329], [-70.42117293, 18.69839556], [-70.42123956, 18.69839247], [-70.42124819, 18.69841705], [-70.42125398, 18.6984947], [-70.42125587, 18.69852794], [-70.42127112, 18.69863788], [-70.42130758, 18.69871674]]]]}, "geometry_name": "the_geom", "properties": {"Posicional": "305608106974", "Expediente": "6642024079698-05", "Area": 10509.42, "Municipio": "RANCHO ARRIBA", "Provincia": "San Jos\u00e9 de Ocoa", "Operacion": "Subdivisi\u00f3n", "FechaInsc": "15/7/2025 5:04:53 p.\u00a0m.", "area_calc_m2": 10509, "touches_family_land": false, "owner": null, "owner_source": null, "family": false, "category": "confirmed"}}, {"type": "Feature", "id": "Aprobados.471308", "geometry": {"type": "MultiPolygon", "coordinates": [[[[-70.42135504, 18.70050253], [-70.42126286, 18.70084464], [-70.42123135, 18.70095403], [-70.42121857, 18.70101518], [-70.42127433, 18.70105475], [-70.42134967, 18.70108857], [-70.42140936, 18.70112068], [-70.42136768, 18.70114216], [-70.42104261, 18.70105728], [-70.42088238, 18.70102075], [-70.42049774, 18.70092696], [-70.42053025, 18.70079384], [-70.42054825, 18.70065147], [-70.42054973, 18.70047751], [-70.42060378, 18.70047738], [-70.42069003, 18.70047961], [-70.42075811, 18.70048194], [-70.42082883, 18.70048436], [-70.42093129, 18.70047107], [-70.42097436, 18.70047671], [-70.42107943, 18.70049512], [-70.42117265, 18.70050686], [-70.42124932, 18.70051031], [-70.42135504, 18.70050253]]]]}, "geometry_name": "the_geom", "properties": {"Posicional": "305608136193", "Expediente": "6642023098885-04", "Area": 4772.76, "Municipio": "RANCHO ARRIBA", "Provincia": "San Jos\u00e9 de Ocoa", "Operacion": "Subdivisi\u00f3n", "FechaInsc": "20/12/2023 11:41:17 a.\u00a0m.", "area_calc_m2": 4773, "touches_family_land": false, "owner": null, "owner_source": null, "family": false, "category": "confirmed"}}, {"type": "Feature", "id": "Aprobados.471300", "geometry": {"type": "MultiPolygon", "coordinates": [[[[-70.42133681, 18.70220519], [-70.42131874, 18.70210588], [-70.42129221, 18.70201976], [-70.42126778, 18.70191533], [-70.42115765, 18.70191434], [-70.42101484, 18.7019128], [-70.42089507, 18.70191528], [-70.42076674, 18.70192385], [-70.42068355, 18.70192689], [-70.42064586, 18.7019241], [-70.42054952, 18.70185189], [-70.42041083, 18.70172445], [-70.42050068, 18.7016742], [-70.42066435, 18.70157288], [-70.42079324, 18.70149307], [-70.42092511, 18.70141222], [-70.42104958, 18.7013356], [-70.42122598, 18.70122846], [-70.42136768, 18.70114216], [-70.42140939, 18.70112069], [-70.421445, 18.70112683], [-70.42148784, 18.70162272], [-70.42150571, 18.70167331], [-70.42142036, 18.70167507], [-70.42136469, 18.70165676], [-70.42122785, 18.70161346], [-70.42131096, 18.70192762], [-70.42134522, 18.70203897], [-70.42136191, 18.7021073], [-70.42138528, 18.70218273], [-70.42133681, 18.70220519]]]]}, "geometry_name": "the_geom", "properties": {"Posicional": "305608145088", "Expediente": "6642023098885-04", "Area": 5623.1, "Municipio": "RANCHO ARRIBA", "Provincia": "San Jos\u00e9 de Ocoa", "Operacion": "Subdivisi\u00f3n", "FechaInsc": "20/12/2023 11:41:17 a.\u00a0m.", "area_calc_m2": 5624, "touches_family_land": false, "owner": null, "owner_source": null, "family": false, "category": "confirmed"}}, {"type": "Feature", "id": "Aprobados.42494", "geometry": {"type": "MultiPolygon", "coordinates": [[[[-70.42049453, 18.70780304], [-70.4208976, 18.70795928], [-70.4209322, 18.70796878], [-70.42108025, 18.70805205], [-70.42113157, 18.7080775], [-70.42116575, 18.70792337], [-70.42165265, 18.70811322], [-70.42170043, 18.70811195], [-70.42175368, 18.70819784], [-70.42176993, 18.70825916], [-70.42178964, 18.70840512], [-70.42178092, 18.70843925], [-70.42170586, 18.70844452], [-70.421517, 18.70842571], [-70.4214391, 18.70843073], [-70.42143, 18.70841959], [-70.42127175, 18.70837552], [-70.42106307, 18.70834584], [-70.42077074, 18.70830125], [-70.42063448, 18.70829027], [-70.42060307, 18.70845857], [-70.42064816, 18.70856675], [-70.42062587, 18.70870164], [-70.42043711, 18.7086494], [-70.42033884, 18.70864581], [-70.42032982, 18.70856419], [-70.42032564, 18.70845083], [-70.42033145, 18.70833937], [-70.42034908, 18.70822557], [-70.42036957, 18.70813524], [-70.4203997, 18.70803001], [-70.42044973, 18.70790123], [-70.42049453, 18.70780304]]]]}, "geometry_name": "the_geom", "properties": {"Posicional": "305609117348", "Expediente": "663201702903", "Area": 7437.11, "Municipio": "RANCHO ARRIBA", "Provincia": "San Jos\u00e9 de Ocoa", "Operacion": "Deslinde", "FechaInsc": "31/7/2017 4:43:18 p.\u00a0m.", "area_calc_m2": 7437, "touches_family_land": false, "owner": null, "owner_source": null, "family": false, "category": "confirmed"}}, {"type": "Feature", "id": "Aprobados.387941", "geometry": {"type": "MultiPolygon", "coordinates": [[[[-70.42113157, 18.7080775], [-70.42116575, 18.70792336], [-70.42165264, 18.70811322], [-70.42170043, 18.70811195], [-70.42175368, 18.70819784], [-70.42176993, 18.70825916], [-70.42178964, 18.70840512], [-70.42178092, 18.70843925], [-70.42170586, 18.70844452], [-70.42151701, 18.70842571], [-70.4214391, 18.70843073], [-70.42143, 18.70841959], [-70.42127174, 18.70837552], [-70.42111445, 18.70835315], [-70.42106313, 18.70834585], [-70.42101154, 18.70833798], [-70.42077074, 18.70830125], [-70.42063448, 18.70829027], [-70.42060307, 18.70845857], [-70.42064816, 18.70856675], [-70.42062587, 18.70870164], [-70.42043711, 18.7086494], [-70.42033884, 18.70864581], [-70.42032981, 18.70856419], [-70.42032564, 18.70845082], [-70.420326, 18.70844397], [-70.42046104, 18.70845664], [-70.4205751, 18.70846727], [-70.42058966, 18.70837511], [-70.4206085, 18.70826316], [-70.4206085, 18.70826316], [-70.42044179, 18.70823888], [-70.42034938, 18.70822428], [-70.42035799, 18.70818628], [-70.42036316, 18.7081635], [-70.42036554, 18.70815298], [-70.42036709, 18.70814617], [-70.42036858, 18.70813958], [-70.42036947, 18.70813566], [-70.4203997, 18.70803001], [-70.42043377, 18.70794232], [-70.42044973, 18.70790124], [-70.42049453, 18.70780304], [-70.4208976, 18.70795928], [-70.42093219, 18.70796878], [-70.42108026, 18.70805205], [-70.42113157, 18.7080775]]]]}, "geometry_name": "the_geom", "properties": {"Posicional": "305609116397", "Expediente": "6642022125412-03", "Area": 6792.69, "Municipio": "RANCHO ARRIBA", "Provincia": "San Jos\u00e9 de Ocoa", "Operacion": "Subdivisi\u00f3n", "FechaInsc": "24/2/2023 5:54:15 p.\u00a0m.", "area_calc_m2": 6793, "touches_family_land": false, "owner": null, "owner_source": null, "family": false, "category": "confirmed"}}, {"type": "Feature", "id": "Aprobados.42496", "geometry": {"type": "MultiPolygon", "coordinates": [[[[-70.42055578, 18.71022226], [-70.42104082, 18.70944015], [-70.42114556, 18.70926379], [-70.42127125, 18.70899746], [-70.42131149, 18.70866102], [-70.42140438, 18.70850825], [-70.4214391, 18.70843073], [-70.421517, 18.70842571], [-70.42170586, 18.70844452], [-70.42178092, 18.70843925], [-70.42178841, 18.70845094], [-70.42181203, 18.7086903], [-70.42184014, 18.70884225], [-70.42184271, 18.7089577], [-70.42185699, 18.70904407], [-70.4223849, 18.70998764], [-70.4221991, 18.71018756], [-70.42204211, 18.71031643], [-70.42191524, 18.71051094], [-70.42175906, 18.71066889], [-70.42164785, 18.7108416], [-70.42148442, 18.71115439], [-70.42141974, 18.71130153], [-70.4212034, 18.7117733], [-70.42112517, 18.71195443], [-70.4210432, 18.71198387], [-70.42086708, 18.71156044], [-70.42074489, 18.71127087], [-70.42068735, 18.71105707], [-70.42065137, 18.710859], [-70.42059319, 18.71046684], [-70.42057817, 18.71034804], [-70.42055578, 18.71022226]]]]}, "geometry_name": "the_geom", "properties": {"Posicional": "305609133501", "Expediente": "663201702903", "Area": 37149.73, "Municipio": "RANCHO ARRIBA", "Provincia": "San Jos\u00e9 de Ocoa", "Operacion": "Deslinde", "FechaInsc": "31/7/2017 4:43:18 p.\u00a0m.", "area_calc_m2": 37150, "touches_family_land": false, "owner": null, "owner_source": null, "family": false, "category": "confirmed"}}, {"type": "Feature", "id": "Aprobados.542512", "geometry": {"type": "MultiPolygon", "coordinates": [[[[-70.42057024, 18.71031139], [-70.42055578, 18.71022226], [-70.42065561, 18.71008063], [-70.42073192, 18.70993071], [-70.42083772, 18.70977797], [-70.4208828, 18.70969891], [-70.42097114, 18.70955045], [-70.42104251, 18.70943254], [-70.42111629, 18.70931], [-70.42114176, 18.70926529], [-70.42127128, 18.70899719], [-70.42131184, 18.70866045], [-70.42140285, 18.70851076], [-70.42143907, 18.70843078], [-70.42151745, 18.70842645], [-70.4215616, 18.70843085], [-70.42170716, 18.70844443], [-70.42178038, 18.70843929], [-70.42178092, 18.70843925], [-70.42178842, 18.70845106], [-70.42181206, 18.70869043], [-70.42184018, 18.70884432], [-70.42184267, 18.70895587], [-70.42185699, 18.70904407], [-70.42230909, 18.70985214], [-70.4219603, 18.70995254], [-70.42171321, 18.71001798], [-70.42135515, 18.71011072], [-70.42088027, 18.71023385], [-70.42057024, 18.71031139]]]]}, "geometry_name": "the_geom", "properties": {"Posicional": "305609121799", "Expediente": "6642024020316-05", "Area": 17821.47, "Municipio": "RANCHO ARRIBA", "Provincia": "San Jos\u00e9 de Ocoa", "Operacion": "Subdivisi\u00f3n", "FechaInsc": "22/8/2024 7:12:20 p.\u00a0m.", "area_calc_m2": 17821, "touches_family_land": false, "owner": null, "owner_source": null, "family": false, "category": "confirmed"}}, {"type": "Feature", "id": "Aprobados.542505", "geometry": {"type": "MultiPolygon", "coordinates": [[[[-70.42115747, 18.71024589], [-70.42125735, 18.71021946], [-70.42132186, 18.71046347], [-70.42122871, 18.71050691], [-70.42115747, 18.71024589]]]]}, "geometry_name": "the_geom", "properties": {"Posicional": "305609134756", "Expediente": "6642024020316-05", "Area": 312.32, "Municipio": "RANCHO ARRIBA", "Provincia": "San Jos\u00e9 de Ocoa", "Operacion": "Subdivisi\u00f3n", "FechaInsc": "22/8/2024 7:12:20 p.\u00a0m.", "area_calc_m2": 312, "touches_family_land": false, "owner": null, "owner_source": null, "family": false, "category": "confirmed"}}, {"type": "Feature", "id": "Aprobados.542490", "geometry": {"type": "MultiPolygon", "coordinates": [[[[-70.4207728, 18.71133252], [-70.42187383, 18.71055024], [-70.42177051, 18.71065028], [-70.42170664, 18.71074565], [-70.42167482, 18.7107946], [-70.4216096, 18.71091408], [-70.42155072, 18.71101867], [-70.42148608, 18.71115211], [-70.42142908, 18.71127656], [-70.42135991, 18.71143201], [-70.42121318, 18.71175198], [-70.42112517, 18.71195442], [-70.4210432, 18.71198387], [-70.42086624, 18.71155318], [-70.42081849, 18.71144024], [-70.4207728, 18.71133252]]]]}, "geometry_name": "the_geom", "properties": {"Posicional": "305609145803", "Expediente": "6642024020316-05", "Area": 5207.67, "Municipio": "RANCHO ARRIBA", "Provincia": "San Jos\u00e9 de Ocoa", "Operacion": "Subdivisi\u00f3n", "FechaInsc": "22/8/2024 7:12:20 p.\u00a0m.", "area_calc_m2": 5207, "touches_family_land": false, "owner": null, "owner_source": null, "family": false, "category": "confirmed"}}, {"type": "Feature", "id": "Aprobados.25355", "geometry": {"type": "MultiPolygon", "coordinates": [[[[-70.42148644, 18.7179272], [-70.42148878, 18.7179615], [-70.42149612, 18.71818826], [-70.42109625, 18.71814231], [-70.42107314, 18.71798738], [-70.42127611, 18.71795678], [-70.42148644, 18.7179272]]]]}, "geometry_name": "the_geom", "properties": {"Posicional": "305700124258", "Expediente": "663201603912", "Area": 992.53955078, "Municipio": "RANCHO ARRIBA", "Provincia": "SAN JOS\u00c9 DE OCOA", "Operacion": "Saneamiento", "FechaInsc": "27/12/2016 4:19:31 p.\u00a0m.", "area_calc_m2": 993, "touches_family_land": false, "owner": null, "owner_source": null, "family": false, "category": "confirmed"}}, {"type": "Feature", "id": "Aprobados.402529", "geometry": {"type": "MultiPolygon", "coordinates": [[[[-70.41764094, 18.67883207], [-70.41740404, 18.67709935], [-70.4174838, 18.67701841], [-70.4176325, 18.67683463], [-70.41784303, 18.6770523], [-70.41794121, 18.67718995], [-70.4186162, 18.67786528], [-70.41887915, 18.6780426], [-70.41978403, 18.67846747], [-70.42032833, 18.67873883], [-70.42029002, 18.6787973], [-70.42029708, 18.67886785], [-70.42027314, 18.67900825], [-70.42028925, 18.67911026], [-70.42031299, 18.67920473], [-70.42013007, 18.67932471], [-70.41997686, 18.67936855], [-70.41985457, 18.6794096], [-70.41986173, 18.67938617], [-70.41983356, 18.67922487], [-70.41975829, 18.67916446], [-70.4197269, 18.67915299], [-70.41957246, 18.67919066], [-70.41947219, 18.67923677], [-70.41933183, 18.67930397], [-70.4192041, 18.67932841], [-70.4191739, 18.67932644], [-70.41893182, 18.67934453], [-70.41881122, 18.67935406], [-70.41873001, 18.67931777], [-70.41863723, 18.67919441], [-70.41847282, 18.67909019], [-70.41819582, 18.67890593], [-70.41812442, 18.67889336], [-70.41806851, 18.67884117], [-70.41764094, 18.67883207]]]]}, "geometry_name": "the_geom", "properties": {"Posicional": "305605389307", "Expediente": "6642022114836-04", "Area": 39740.11, "Municipio": "RANCHO ARRIBA", "Provincia": "San Jos\u00e9 de Ocoa", "Operacion": "Actualizaci\u00f3n de mensuras", "FechaInsc": "23/3/2023 9:59:53 p.\u00a0m.", "area_calc_m2": 39740, "touches_family_land": false, "owner": null, "owner_source": null, "family": false, "category": "confirmed"}}, {"type": "Feature", "id": "Aprobados.630695", "geometry": {"type": "MultiPolygon", "coordinates": [[[[-70.42043716, 18.69839689], [-70.42039017, 18.69846083], [-70.4203487, 18.69853268], [-70.42028432, 18.69862674], [-70.42020993, 18.69871683], [-70.42017144, 18.69876094], [-70.42011743, 18.6988219], [-70.42006947, 18.69887697], [-70.42004572, 18.69890571], [-70.42004336, 18.69891022], [-70.42000586, 18.69890585], [-70.42000442, 18.69892269], [-70.41998665, 18.69891666], [-70.4198827, 18.69887922], [-70.4197763, 18.6988529], [-70.41964578, 18.69881507], [-70.41945735, 18.69873533], [-70.41935933, 18.69869032], [-70.41925566, 18.69863269], [-70.41918194, 18.69861453], [-70.41919018, 18.69855417], [-70.41918419, 18.69835497], [-70.41922247, 18.69818684], [-70.41930702, 18.69783027], [-70.41948571, 18.69782163], [-70.41951956, 18.69781661], [-70.41958008, 18.69783658], [-70.41990095, 18.69803411], [-70.42004665, 18.69814604], [-70.42016895, 18.69825985], [-70.42019682, 18.69830153], [-70.42028631, 18.69836533], [-70.42035829, 18.69839016], [-70.42043716, 18.69839689]]]]}, "geometry_name": "the_geom", "properties": {"Posicional": "305608209459", "Expediente": "6642024079698-05", "Area": 10053.31, "Municipio": "RANCHO ARRIBA", "Provincia": "San Jos\u00e9 de Ocoa", "Operacion": "Subdivisi\u00f3n", "FechaInsc": "15/7/2025 5:04:53 p.\u00a0m.", "area_calc_m2": 10053, "touches_family_land": false, "owner": null, "owner_source": null, "family": false, "category": "confirmed"}}, {"type": "Feature", "id": "Aprobados.471319", "geometry": {"type": "MultiPolygon", "coordinates": [[[[-70.41897282, 18.70113402], [-70.41894595, 18.70114143], [-70.41888488, 18.70115479], [-70.41886636, 18.7011587], [-70.41880486, 18.70116985], [-70.4187728, 18.7011764], [-70.41874447, 18.70117541], [-70.41867586, 18.70115232], [-70.41859252, 18.70110289], [-70.41858918, 18.7010979], [-70.41857791, 18.70107654], [-70.41853233, 18.70097087], [-70.41848322, 18.70090722], [-70.41845176, 18.70086169], [-70.41839036, 18.70076764], [-70.41834071, 18.70069504], [-70.41831066, 18.70065998], [-70.41826817, 18.70060013], [-70.41816261, 18.70043051], [-70.41807913, 18.70028586], [-70.41805365, 18.70020291], [-70.41807855, 18.7000194], [-70.41811807, 18.69988296], [-70.41817489, 18.69970787], [-70.4182607, 18.69946066], [-70.41832092, 18.69933569], [-70.41839103, 18.69919804], [-70.41844762, 18.69909376], [-70.41852678, 18.69900284], [-70.41859671, 18.69888426], [-70.41862889, 18.69866289], [-70.41878534, 18.69865514], [-70.41893545, 18.69862723], [-70.4190316, 18.69861976], [-70.41915193, 18.69860714], [-70.41925566, 18.69863269], [-70.41935933, 18.69869032], [-70.41945735, 18.69873532], [-70.41964578, 18.69881506], [-70.4197763, 18.6988529], [-70.4198827, 18.69887922], [-70.41998665, 18.69891666], [-70.42000442, 18.69892268], [-70.42001109, 18.6989432], [-70.42002229, 18.69898113], [-70.42006261, 18.69911338], [-70.42010374, 18.69925992], [-70.4201475, 18.69942559], [-70.42018224, 18.69955717], [-70.42022204, 18.69969877], [-70.4202621, 18.69986056], [-70.42028472, 18.69995119], [-70.42018388, 18.69992211], [-70.42010624, 18.69991616], [-70.42002089, 18.69990909], [-70.42001661, 18.69997685], [-70.42002779, 18.70008724], [-70.42002735, 18.7001113], [-70.42002269, 18.70020744], [-70.4200268, 18.70038799], [-70.42002655, 18.70056584], [-70.42003451, 18.70066473], [-70.41994849, 18.70064483], [-70.41987008, 18.70063178], [-70.4197389, 18.70060722], [-70.41968424, 18.70060718], [-70.41963312, 18.7007177], [-70.41958359, 18.70082372], [-70.41954839, 18.7009054], [-70.41949446, 18.70103338], [-70.41943062, 18.7012449], [-70.41942163, 18.70130679], [-70.41934759, 18.70123386], [-70.4192835, 18.70117511], [-70.41918798, 18.701127], [-70.41897282, 18.70113402]]]]}, "geometry_name": "the_geom", "properties": {"Posicional": "305608325185", "Expediente": "6642023098885-04", "Area": 47268.71, "Municipio": "RANCHO ARRIBA", "Provincia": "San Jos\u00e9 de Ocoa", "Operacion": "Subdivisi\u00f3n", "FechaInsc": "20/12/2023 11:41:17 a.\u00a0m.", "area_calc_m2": 47269, "touches_family_land": false, "owner": null, "owner_source": null, "family": false, "category": "confirmed"}}, {"type": "Feature", "id": "Aprobados.471309", "geometry": {"type": "MultiPolygon", "coordinates": [[[[-70.42038405, 18.7024123], [-70.42034494, 18.70240357], [-70.42031969, 18.70238756], [-70.42029703, 18.70234933], [-70.42027713, 18.70222109], [-70.42024005, 18.70210599], [-70.4201929, 18.70201429], [-70.42014435, 18.70197284], [-70.42004489, 18.70190973], [-70.41983709, 18.70182787], [-70.41968061, 18.70173765], [-70.41955057, 18.70169048], [-70.41944002, 18.70163604], [-70.41942477, 18.70163693], [-70.41930435, 18.70163015], [-70.41920581, 18.70163169], [-70.4190283, 18.70169757], [-70.41896741, 18.70171858], [-70.41879785, 18.70179642], [-70.41878746, 18.70180129], [-70.41880939, 18.70177139], [-70.4188308, 18.70170197], [-70.41881074, 18.70167543], [-70.4188021, 18.70164811], [-70.41881347, 18.7015916], [-70.41884653, 18.70153014], [-70.41892283, 18.70138692], [-70.41893981, 18.70132369], [-70.41894746, 18.70122558], [-70.41894595, 18.70114143], [-70.41897282, 18.70113402], [-70.41918798, 18.701127], [-70.4192835, 18.70117511], [-70.41934759, 18.70123386], [-70.41942163, 18.70130679], [-70.41943062, 18.7012449], [-70.41949446, 18.70103338], [-70.41954839, 18.7009054], [-70.41958359, 18.70082372], [-70.41963312, 18.7007177], [-70.41968424, 18.70060718], [-70.4197389, 18.70060722], [-70.41987008, 18.70063178], [-70.41994849, 18.70064483], [-70.42003451, 18.70066473], [-70.42003453, 18.70068432], [-70.42011138, 18.70069917], [-70.42024194, 18.70073037], [-70.42036428, 18.70076564], [-70.42053025, 18.70079384], [-70.42049774, 18.70092696], [-70.42043618, 18.70107328], [-70.42036344, 18.7012205], [-70.42030547, 18.70133804], [-70.4202583, 18.70143115], [-70.42020885, 18.70153033], [-70.42014914, 18.70163627], [-70.42026396, 18.7016644], [-70.4203638, 18.70169531], [-70.42041083, 18.70172445], [-70.42054952, 18.70185189], [-70.42064586, 18.7019241], [-70.42064848, 18.70199851], [-70.4206404, 18.7020757], [-70.42056236, 18.70220677], [-70.42038405, 18.7024123]]]]}, "geometry_name": "the_geom", "properties": {"Posicional": "305608238842", "Expediente": "6642023098885-04", "Area": 17204.94, "Municipio": "RANCHO ARRIBA", "Provincia": "San Jos\u00e9 de Ocoa", "Operacion": "Subdivisi\u00f3n", "FechaInsc": "20/12/2023 11:41:17 a.\u00a0m.", "area_calc_m2": 17205, "touches_family_land": false, "owner": null, "owner_source": null, "family": false, "category": "confirmed"}}, {"type": "Feature", "id": "Aprobados.42518", "geometry": {"type": "MultiPolygon", "coordinates": [[[[-70.41947214, 18.70648587], [-70.41967768, 18.70648142], [-70.41984509, 18.70645278], [-70.41998547, 18.70641223], [-70.41998565, 18.70647873], [-70.41999538, 18.70655447], [-70.42001323, 18.70665951], [-70.42000652, 18.70667347], [-70.41984181, 18.70673029], [-70.41977264, 18.70675864], [-70.41976227, 18.70683381], [-70.41975461, 18.70698504], [-70.41974551, 18.70710989], [-70.41975749, 18.70713672], [-70.41979511, 18.70713346], [-70.41993683, 18.70708323], [-70.42008678, 18.70700764], [-70.42020453, 18.70693627], [-70.42036635, 18.70686276], [-70.4204316, 18.70683091], [-70.42045949, 18.70682058], [-70.42047366, 18.70678017], [-70.42046827, 18.70671362], [-70.42044327, 18.70656996], [-70.42040043, 18.70639065], [-70.42035535, 18.70622708], [-70.42045667, 18.70615304], [-70.42052093, 18.70609318], [-70.4206185, 18.70603507], [-70.42068394, 18.70601451], [-70.42073678, 18.70601655], [-70.42085788, 18.70614331], [-70.42099355, 18.70624231], [-70.42104657, 18.70630154], [-70.42112995, 18.7063619], [-70.42123381, 18.70639906], [-70.42128278, 18.70640429], [-70.42148319, 18.7064325], [-70.42172504, 18.70644928], [-70.42188219, 18.7064873], [-70.42192153, 18.70650824], [-70.42204154, 18.70666347], [-70.42120278, 18.70713435], [-70.42070755, 18.70738849], [-70.42053608, 18.70752108], [-70.42047321, 18.70761209], [-70.42033515, 18.7079078], [-70.4202518, 18.70818076], [-70.42021878, 18.70837176], [-70.42021638, 18.70855041], [-70.42022599, 18.70864413], [-70.42026062, 18.70886254], [-70.41990893, 18.70880764], [-70.41928502, 18.70869897], [-70.41898133, 18.70864633], [-70.41947214, 18.70648587]]]]}, "geometry_name": "the_geom", "properties": {"Posicional": "305609205437", "Expediente": "663201702903", "Area": 42120.56, "Municipio": "RANCHO ARRIBA", "Provincia": "San Jos\u00e9 de Ocoa", "Operacion": "Subdivisi\u00f3n", "FechaInsc": "31/7/2017 4:43:18 p.\u00a0m.", "area_calc_m2": 42121, "touches_family_land": false, "owner": null, "owner_source": null, "family": false, "category": "confirmed"}}, {"type": "Feature", "id": "Aprobados.586691", "geometry": {"type": "MultiPolygon", "coordinates": [[[[-70.40822697, 18.7124313], [-70.408026, 18.71148767], [-70.40802197, 18.71137927], [-70.40802067, 18.71127853], [-70.40801364, 18.71111703], [-70.40801281, 18.71101637], [-70.40861278, 18.70965361], [-70.40864002, 18.70965647], [-70.40879786, 18.70937608], [-70.40945606, 18.70893154], [-70.40958684, 18.708694], [-70.40936468, 18.70819202], [-70.40923889, 18.70813893], [-70.40929296, 18.7079466], [-70.40937965, 18.70770876], [-70.40931598, 18.70760081], [-70.40989003, 18.70691212], [-70.41004639, 18.70679728], [-70.41022338, 18.70667631], [-70.41040917, 18.7065663], [-70.41110145, 18.70617409], [-70.41139961, 18.70602953], [-70.41161815, 18.7059678], [-70.41173897, 18.70591304], [-70.41188409, 18.70571162], [-70.41208568, 18.7058029], [-70.41233799, 18.70549279], [-70.41243378, 18.70535743], [-70.41254103, 18.70523283], [-70.41263287, 18.70523811], [-70.41271412, 18.70531764], [-70.41276761, 18.70538672], [-70.41307716, 18.70571203], [-70.41335241, 18.70592618], [-70.41351268, 18.70606593], [-70.41394177, 18.70566729], [-70.41424033, 18.70542369], [-70.41438998, 18.70519766], [-70.41451221, 18.7050949], [-70.41467186, 18.7050225], [-70.41469138, 18.70502108], [-70.41475383, 18.70482291], [-70.4146869, 18.70472185], [-70.41467193, 18.70470064], [-70.41463525, 18.70456556], [-70.41464272, 18.70450587], [-70.41467529, 18.70448873], [-70.41548866, 18.70456572], [-70.41561853, 18.70460684], [-70.41572053, 18.70468405], [-70.41590793, 18.70481221], [-70.41602104, 18.70486828], [-70.41613175, 18.70494316], [-70.41618066, 18.70500912], [-70.41623691, 18.7050573], [-70.41634698, 18.70516824], [-70.416736, 18.70557354], [-70.41691659, 18.70578497], [-70.41715484, 18.70604177], [-70.41728325, 18.70616893], [-70.41749842, 18.70634214], [-70.41771993, 18.70650067], [-70.41761975, 18.70657516], [-70.41734573, 18.70656639], [-70.41676347, 18.70665238], [-70.41669837, 18.70684001], [-70.41640216, 18.70754848], [-70.41626462, 18.70791935], [-70.4166951, 18.70811046], [-70.41721262, 18.70832277], [-70.41741803, 18.70839359], [-70.41761283, 18.70812439], [-70.41769023, 18.7080123], [-70.41780889, 18.70782364], [-70.417866, 18.70773502], [-70.41793542, 18.70757709], [-70.4179854, 18.70739636], [-70.41800926, 18.70730067], [-70.41803094, 18.70722822], [-70.41806337, 18.70712597], [-70.41810823, 18.70689892], [-70.41860602, 18.70664423], [-70.41867257, 18.7063919], [-70.41870364, 18.70641091], [-70.418844, 18.70647093], [-70.41947214, 18.70648587], [-70.41967768, 18.70648142], [-70.41984509, 18.70645278], [-70.41998547, 18.70641223], [-70.41998565, 18.70647873], [-70.41999538, 18.70655447], [-70.42001323, 18.70665951], [-70.42000652, 18.70667347], [-70.41984181, 18.70673029], [-70.41977264, 18.70675864], [-70.41976227, 18.70683381], [-70.41975461, 18.70698504], [-70.41974551, 18.70710989], [-70.41975749, 18.70713672], [-70.41979511, 18.70713346], [-70.41993683, 18.70708323], [-70.42008678, 18.70700764], [-70.42020453, 18.70693627], [-70.42036635, 18.70686276], [-70.4204316, 18.70683091], [-70.42045949, 18.70682058], [-70.42047366, 18.70678017], [-70.42046827, 18.70671362], [-70.42044327, 18.70656996], [-70.42040043, 18.70639065], [-70.42035535, 18.70622708], [-70.42045667, 18.70615304], [-70.42052093, 18.70609318], [-70.4206185, 18.70603507], [-70.42068394, 18.70601451], [-70.42073678, 18.70601655], [-70.42085788, 18.70614331], [-70.42099355, 18.70624231], [-70.42104657, 18.70630154], [-70.42112995, 18.7063619], [-70.42123381, 18.70639906], [-70.42128278, 18.70640429], [-70.42148319, 18.7064325], [-70.42172504, 18.70644928], [-70.42188219, 18.7064873], [-70.42192153, 18.70650824], [-70.42204154, 18.70666347], [-70.42120278, 18.70713435], [-70.42070755, 18.70738849], [-70.42053608, 18.70752108], [-70.42047321, 18.70761209], [-70.42033515, 18.7079078], [-70.4202518, 18.70818076], [-70.42021878, 18.70837176], [-70.42021638, 18.70855041], [-70.42022599, 18.70864413], [-70.42026062, 18.70886254], [-70.42026448, 18.70895042], [-70.4203022, 18.70926657], [-70.42031083, 18.70936816], [-70.42013093, 18.70970673], [-70.41936269, 18.70940471], [-70.41923054, 18.70968238], [-70.4184796, 18.70956635], [-70.4180306, 18.70949701], [-70.41755117, 18.70941923], [-70.41732549, 18.70938479], [-70.41704882, 18.70934288], [-70.41629689, 18.70922216], [-70.41576193, 18.70913575], [-70.4151196, 18.70903551], [-70.41474055, 18.70897386], [-70.41452967, 18.70894112], [-70.41385089, 18.70883682], [-70.41352245, 18.70878381], [-70.41302675, 18.70870831], [-70.41277004, 18.70868431], [-70.41239075, 18.70865021], [-70.41227487, 18.7087756], [-70.41214677, 18.70895954], [-70.41193391, 18.70899692], [-70.41184163, 18.70898406], [-70.41156547, 18.7090034], [-70.41095203, 18.70905835], [-70.41098844, 18.70908058], [-70.41102523, 18.70919505], [-70.41102792, 18.7093022], [-70.41099669, 18.70949327], [-70.41103867, 18.70967213], [-70.41117084, 18.70981842], [-70.4112996, 18.70989678], [-70.41136961, 18.71030043], [-70.41145393, 18.71032618], [-70.4115532, 18.71034775], [-70.41179161, 18.71103484], [-70.41196159, 18.71122385], [-70.4121219, 18.71147122], [-70.41212844, 18.71152782], [-70.41205036, 18.71175123], [-70.41231472, 18.71212685], [-70.41248223, 18.71226898], [-70.41279505, 18.71246162], [-70.41312949, 18.71273315], [-70.41335456, 18.71304644], [-70.41298072, 18.71320305], [-70.41282731, 18.71304535], [-70.41277203, 18.71301225], [-70.41232087, 18.7127753], [-70.41210132, 18.71271533], [-70.41203148, 18.71272137], [-70.41154067, 18.71295258], [-70.41116526, 18.71280515], [-70.41074891, 18.7126497], [-70.40989484, 18.71258493], [-70.40891449, 18.712388], [-70.40822697, 18.7124313]]]]}, "geometry_name": "the_geom", "properties": {"Posicional": "305609912597", "Expediente": "663201702903", "Area": 543897.66778564, "Municipio": "", "Provincia": "", "Operacion": "Deslinde", "FechaInsc": "31/7/2017 4:43:18 p.\u00a0m.", "area_calc_m2": 543898, "touches_family_land": false, "owner": null, "owner_source": null, "family": false, "category": "confirmed"}}, {"type": "Feature", "id": "Aprobados.42504", "geometry": {"type": "MultiPolygon", "coordinates": [[[[-70.41883912, 18.70869448], [-70.42026448, 18.70895042], [-70.4203022, 18.70926657], [-70.42031083, 18.70936816], [-70.42013093, 18.70970673], [-70.41936269, 18.70940471], [-70.41923054, 18.70968238], [-70.4184796, 18.70956635], [-70.41883912, 18.70869448]]]]}, "geometry_name": "the_geom", "properties": {"Posicional": "305609323478", "Expediente": "663201702903", "Area": 14749.14, "Municipio": "RANCHO ARRIBA", "Provincia": "San Jos\u00e9 de Ocoa", "Operacion": "Subdivisi\u00f3n", "FechaInsc": "31/7/2017 4:43:18 p.\u00a0m.", "area_calc_m2": 14749, "touches_family_land": false, "owner": null, "owner_source": null, "family": false, "category": "confirmed"}}, {"type": "Feature", "id": "Aprobados.42497", "geometry": {"type": "MultiPolygon", "coordinates": [[[[-70.42091883, 18.71202349], [-70.42075925, 18.71227445], [-70.42062846, 18.71249898], [-70.42059654, 18.71256076], [-70.42049781, 18.71256964], [-70.42019263, 18.71257846], [-70.41967001, 18.71257492], [-70.41933576, 18.7125198], [-70.41898192, 18.71244658], [-70.41908821, 18.71210359], [-70.41921838, 18.71162299], [-70.41925074, 18.71149019], [-70.42000643, 18.71154934], [-70.42073875, 18.71160262], [-70.42076046, 18.7116245], [-70.42086627, 18.71188356], [-70.42089417, 18.71194299], [-70.42091883, 18.71202349]]]]}, "geometry_name": "the_geom", "properties": {"Posicional": "305609258632", "Expediente": "663201702903", "Area": 19738.57, "Municipio": "RANCHO ARRIBA", "Provincia": "San Jos\u00e9 de Ocoa", "Operacion": "Deslinde", "FechaInsc": "31/7/2017 4:43:18 p.\u00a0m.", "area_calc_m2": 19739, "touches_family_land": false, "owner": null, "owner_source": null, "family": false, "category": "confirmed"}}, {"type": "Feature", "id": "Aprobados.412049", "geometry": {"type": "MultiPolygon", "coordinates": [[[[-70.42003482, 18.71257933], [-70.42005003, 18.71245439], [-70.42017701, 18.71246182], [-70.42018167, 18.71254571], [-70.42018185, 18.71257942], [-70.42003482, 18.71257933]]]]}, "geometry_name": "the_geom", "properties": {"Posicional": "305609266164", "Expediente": "6642023036601-02", "Area": 194.89, "Municipio": "RANCHO ARRIBA", "Provincia": "San Jos\u00e9 de Ocoa", "Operacion": "Urbanizaci\u00f3n parcelaria", "FechaInsc": "6/6/2023 8:42:20 a.\u00a0m.", "area_calc_m2": 195, "touches_family_land": false, "owner": null, "owner_source": null, "family": false, "category": "confirmed"}}, {"type": "Feature", "id": "Aprobados.403197", "geometry": {"type": "MultiPolygon", "coordinates": [[[[-70.42049373, 18.71967791], [-70.42071071, 18.71955356], [-70.42068608, 18.71948905], [-70.42092118, 18.71937703], [-70.42101217, 18.71946281], [-70.42101228, 18.71948666], [-70.42096584, 18.71954665], [-70.42094459, 18.71957952], [-70.42089776, 18.71962686], [-70.42083543, 18.71968137], [-70.42072394, 18.71976426], [-70.42063702, 18.71982618], [-70.42050325, 18.71992063], [-70.42043641, 18.71996839], [-70.42030483, 18.72007565], [-70.42022958, 18.72013838], [-70.42009508, 18.72024783], [-70.42000486, 18.72032342], [-70.41990784, 18.72040241], [-70.41980881, 18.72047861], [-70.41975201, 18.72051256], [-70.41970077, 18.72054313], [-70.41968257, 18.72050974], [-70.41980413, 18.72032702], [-70.41990579, 18.7202133], [-70.41997184, 18.72015073], [-70.42003373, 18.72008945], [-70.42012475, 18.72000843], [-70.42018446, 18.71995864], [-70.42028898, 18.71987048], [-70.4203271, 18.71983558], [-70.4203725, 18.71979873], [-70.42044826, 18.71974033], [-70.42050788, 18.71970292], [-70.42049373, 18.71967791]]]]}, "geometry_name": "the_geom", "properties": {"Posicional": "305700244331", "Expediente": "6642021065165-07", "Area": 3198.66, "Municipio": "RANCHO ARRIBA", "Provincia": "San Jos\u00e9 de Ocoa", "Operacion": "Saneamiento", "FechaInsc": "26/2/2023 5:50:33 p.\u00a0m.", "area_calc_m2": 3199, "touches_family_land": false, "owner": null, "owner_source": null, "family": false, "category": "confirmed"}}, {"type": "Feature", "id": "Aprobados.575880", "geometry": {"type": "MultiPolygon", "coordinates": [[[[-70.42007526, 18.72220551], [-70.42050742, 18.72177544], [-70.42008963, 18.7214781], [-70.41996538, 18.72122885], [-70.41978008, 18.72096519], [-70.41975015, 18.72078037], [-70.41994179, 18.72048682], [-70.41992349, 18.7204547], [-70.42012536, 18.72027615], [-70.42038597, 18.72005536], [-70.42052307, 18.71994061], [-70.42059836, 18.71988964], [-70.42064433, 18.71985699], [-70.42094931, 18.72004312], [-70.42115295, 18.72016214], [-70.42144156, 18.720299], [-70.42145249, 18.72029357], [-70.42147563, 18.72033672], [-70.42155598, 18.72040437], [-70.42162626, 18.72045584], [-70.42174927, 18.72058303], [-70.42162224, 18.7206454], [-70.42145466, 18.72064747], [-70.42134768, 18.72062301], [-70.42129478, 18.72063332], [-70.42122446, 18.72066815], [-70.42117749, 18.72070293], [-70.42113973, 18.72075016], [-70.42105623, 18.72102167], [-70.42099302, 18.7211112], [-70.42094246, 18.72127717], [-70.42097748, 18.72142742], [-70.42093932, 18.72151922], [-70.42093404, 18.7215829], [-70.42091877, 18.72171539], [-70.42087583, 18.72182536], [-70.4207646, 18.72198555], [-70.42070977, 18.72205643], [-70.42063749, 18.72211572], [-70.42053468, 18.72218886], [-70.42032241, 18.72231847], [-70.4202301, 18.722359], [-70.42003869, 18.72240821], [-70.42005827, 18.72234505], [-70.42008101, 18.72231752], [-70.42011435, 18.72226817], [-70.42008873, 18.72221832], [-70.42007526, 18.72220551]]]]}, "geometry_name": "the_geom", "properties": {"Posicional": "305700252435", "Expediente": "6642024002131-06", "Area": 26407.53, "Municipio": "RANCHO ARRIBA", "Provincia": "San Jos\u00e9 de Ocoa", "Operacion": "Saneamiento", "FechaInsc": "22/10/2024 12:18:23 p.\u00a0m.", "area_calc_m2": 26408, "touches_family_land": false, "owner": null, "owner_source": null, "family": false, "category": "confirmed"}}, {"type": "Feature", "id": "Aprobados.601280", "geometry": {"type": "MultiPolygon", "coordinates": [[[[-70.41905091, 18.69176032], [-70.41903165, 18.69179354], [-70.41904512, 18.6919531], [-70.41906333, 18.69204458], [-70.41908152, 18.69212251], [-70.41911074, 18.69226108], [-70.41905322, 18.69240247], [-70.41900041, 18.69250435], [-70.41896869, 18.6925672], [-70.41896862, 18.69255889], [-70.41885803, 18.69211011], [-70.41882256, 18.69200637], [-70.41882602, 18.69196722], [-70.41888905, 18.69182741], [-70.41889723, 18.69154661], [-70.41899541, 18.69167743], [-70.41905091, 18.69176032]]]]}, "geometry_name": "the_geom", "properties": {"Posicional": "305607336499", "Expediente": "6642024075641-03", "Area": 1776.63, "Municipio": "RANCHO ARRIBA", "Provincia": "San Jos\u00e9 de Ocoa", "Operacion": "Saneamiento", "FechaInsc": "20/3/2025 9:36:02 a.\u00a0m.", "area_calc_m2": 1777, "touches_family_land": false, "owner": null, "owner_source": null, "family": false, "category": "confirmed"}}, {"type": "Feature", "id": "Aprobados.630694", "geometry": {"type": "MultiPolygon", "coordinates": [[[[-70.41918194, 18.69861453], [-70.41915193, 18.69860714], [-70.41893545, 18.69862723], [-70.41878534, 18.69865514], [-70.41862889, 18.69866289], [-70.41851542, 18.69857378], [-70.41822289, 18.69834878], [-70.41805936, 18.69808475], [-70.41799319, 18.69798382], [-70.41788935, 18.6978673], [-70.41778362, 18.69777369], [-70.41764733, 18.69769517], [-70.41755616, 18.69766568], [-70.41738872, 18.69766221], [-70.41720079, 18.6976367], [-70.4169949, 18.69764167], [-70.41690125, 18.69763548], [-70.41685485, 18.69755071], [-70.41677624, 18.69742667], [-70.41669443, 18.69727768], [-70.41663352, 18.6971681], [-70.41657767, 18.69705493], [-70.4165337, 18.69699972], [-70.41646197, 18.69688655], [-70.41644125, 18.69678468], [-70.41642155, 18.69669228], [-70.41634294, 18.6965956], [-70.41628562, 18.6965612], [-70.41617331, 18.69648025], [-70.41602677, 18.69638131], [-70.41591199, 18.69630394], [-70.41587294, 18.69627277], [-70.41569584, 18.69610044], [-70.41557051, 18.6960437], [-70.41544429, 18.69594707], [-70.4153006, 18.69583346], [-70.41532694, 18.69575902], [-70.41535647, 18.69565682], [-70.41540358, 18.69558947], [-70.41545786, 18.69548112], [-70.41556569, 18.6953492], [-70.41564378, 18.69527792], [-70.41568558, 18.69516122], [-70.41575297, 18.6950342], [-70.41579934, 18.69493012], [-70.41589534, 18.69473506], [-70.41646233, 18.69479839], [-70.41683971, 18.69496009], [-70.41708761, 18.69544932], [-70.41728536, 18.69562005], [-70.41744262, 18.69574864], [-70.41759786, 18.69592139], [-70.41780368, 18.69623045], [-70.41778881, 18.6967673], [-70.41788443, 18.69684468], [-70.41788772, 18.69696619], [-70.41803793, 18.6970878], [-70.41820326, 18.69723034], [-70.41835497, 18.69733544], [-70.41857125, 18.69741606], [-70.41878753, 18.69767972], [-70.41905975, 18.69778028], [-70.41917803, 18.69783651], [-70.41930702, 18.69783027], [-70.41922247, 18.69818684], [-70.41918419, 18.69835497], [-70.41919018, 18.69855417], [-70.41918194, 18.69861453]]]]}, "geometry_name": "the_geom", "properties": {"Posicional": "305607586520", "Expediente": "6642024079698-05", "Area": 66435.91, "Municipio": "RANCHO ARRIBA", "Provincia": "San Jos\u00e9 de Ocoa", "Operacion": "Subdivisi\u00f3n", "FechaInsc": "15/7/2025 5:04:53 p.\u00a0m.", "area_calc_m2": 66436, "touches_family_land": false, "owner": null, "owner_source": null, "family": false, "category": "confirmed"}}, {"type": "Feature", "id": "Aprobados.42517", "geometry": {"type": "MultiPolygon", "coordinates": [[[[-70.41810823, 18.70689892], [-70.41860602, 18.70664423], [-70.41867257, 18.7063919], [-70.41870364, 18.70641091], [-70.418844, 18.70647093], [-70.41947214, 18.70648587], [-70.41898133, 18.70864633], [-70.41886141, 18.70862736], [-70.41822915, 18.70852905], [-70.41741803, 18.70839359], [-70.41761283, 18.70812439], [-70.41769023, 18.7080123], [-70.41780889, 18.70782364], [-70.417866, 18.70773502], [-70.41793542, 18.70757709], [-70.4179854, 18.70739636], [-70.41800926, 18.70730067], [-70.41803094, 18.70722822], [-70.41806337, 18.70712597], [-70.41810823, 18.70689892]]]]}, "geometry_name": "the_geom", "properties": {"Posicional": "305609402637", "Expediente": "663201702903", "Area": 31002.84, "Municipio": "RANCHO ARRIBA", "Provincia": "San Jos\u00e9 de Ocoa", "Operacion": "Subdivisi\u00f3n", "FechaInsc": "31/7/2017 4:43:18 p.\u00a0m.", "area_calc_m2": 31003, "touches_family_land": false, "owner": null, "owner_source": null, "family": false, "category": "confirmed"}}, {"type": "Feature", "id": "Aprobados.601281", "geometry": {"type": "MultiPolygon", "coordinates": [[[[-70.41827254, 18.69303194], [-70.4184904, 18.69333678], [-70.41849453, 18.69334253], [-70.41842936, 18.69333851], [-70.418324, 18.69333641], [-70.41826105, 18.69336075], [-70.41819497, 18.69341772], [-70.41811115, 18.6934526], [-70.41801235, 18.69348578], [-70.41789374, 18.69350918], [-70.41775033, 18.69351469], [-70.41770297, 18.69344186], [-70.4175733, 18.69330947], [-70.41756188, 18.69326944], [-70.41751925, 18.69318392], [-70.41747747, 18.69313093], [-70.4174134, 18.69298593], [-70.41740159, 18.69286531], [-70.41735306, 18.69267384], [-70.41731734, 18.69261936], [-70.41725905, 18.69256477], [-70.41723436, 18.69251517], [-70.41716285, 18.69244496], [-70.41706665, 18.69233473], [-70.41697275, 18.69213773], [-70.4170236, 18.69215181], [-70.41714409, 18.6921949], [-70.41724429, 18.69222694], [-70.41739405, 18.69227795], [-70.41740531, 18.69228681], [-70.41742943, 18.6922119], [-70.4174426, 18.69212994], [-70.41748036, 18.69198508], [-70.41754115, 18.6919867], [-70.41770388, 18.69201312], [-70.41782582, 18.69202457], [-70.41793984, 18.69205371], [-70.41807892, 18.69208645], [-70.41822935, 18.69211577], [-70.41823282, 18.6921339], [-70.41827117, 18.6921843], [-70.41829787, 18.69225955], [-70.41838796, 18.69262527], [-70.41838865, 18.69270911], [-70.41839746, 18.69278694], [-70.41839444, 18.69280078], [-70.41827254, 18.69303194]]]]}, "geometry_name": "the_geom", "properties": {"Posicional": "305607448290", "Expediente": "6642024075641-03", "Area": 15982.64, "Municipio": "RANCHO ARRIBA", "Provincia": "San Jos\u00e9 de Ocoa", "Operacion": "Saneamiento", "FechaInsc": "20/3/2025 9:36:02 a.\u00a0m.", "area_calc_m2": 15983, "touches_family_land": false, "owner": null, "owner_source": null, "family": false, "category": "confirmed"}}, {"type": "Feature", "id": "Aprobados.471320", "geometry": {"type": "MultiPolygon", "coordinates": [[[[-70.4158692, 18.70247581], [-70.41580393, 18.70249524], [-70.41573039, 18.70253472], [-70.41565065, 18.70257881], [-70.41549407, 18.70266709], [-70.41547612, 18.70268035], [-70.41545328, 18.70274279], [-70.41544826, 18.7028268], [-70.41546016, 18.70290851], [-70.41548318, 18.70300161], [-70.41558044, 18.70320042], [-70.41560682, 18.70325489], [-70.41564503, 18.70334841], [-70.4156518, 18.70338806], [-70.41565162, 18.70343627], [-70.41564677, 18.70349074], [-70.41564545, 18.70350332], [-70.4156348, 18.70355059], [-70.41562108, 18.70358402], [-70.41559513, 18.70361666], [-70.41550726, 18.70368282], [-70.41543286, 18.70373033], [-70.4153759, 18.70375209], [-70.41530576, 18.70376909], [-70.41526272, 18.7037701], [-70.41517696, 18.70376755], [-70.41503282, 18.70372361], [-70.4148925, 18.70365497], [-70.41481521, 18.70361844], [-70.41474178, 18.70359837], [-70.41465895, 18.70357068], [-70.41457732, 18.70355136], [-70.41448937, 18.70352192], [-70.41440775, 18.70349561], [-70.41433287, 18.70347257], [-70.41409514, 18.70340271], [-70.41406202, 18.70339461], [-70.41398413, 18.7033811], [-70.41386587, 18.70336543], [-70.41375774, 18.70334951], [-70.41359906, 18.70332905], [-70.41350377, 18.70331881], [-70.41331876, 18.70330076], [-70.41327227, 18.7032986], [-70.41319496, 18.70329567], [-70.41309257, 18.70329409], [-70.41299148, 18.70328287], [-70.41292815, 18.70327535], [-70.41278435, 18.70325966], [-70.41270722, 18.70325405], [-70.41260513, 18.70325259], [-70.41254959, 18.70325193], [-70.41251237, 18.70323873], [-70.41247532, 18.70318842], [-70.41247011, 18.70315482], [-70.41247087, 18.70315163], [-70.4124341, 18.70304868], [-70.4125171, 18.70302259], [-70.41263031, 18.70290194], [-70.4127265, 18.70285012], [-70.41275736, 18.70272889], [-70.41278541, 18.70262845], [-70.41280759, 18.70250084], [-70.41277167, 18.7023355], [-70.41280431, 18.7023286], [-70.41295983, 18.70233178], [-70.4130524, 18.70232622], [-70.41317182, 18.70229776], [-70.41330173, 18.7022444], [-70.41351043, 18.70216742], [-70.41366002, 18.70212412], [-70.41377877, 18.70208607], [-70.41392576, 18.70202623], [-70.41403787, 18.70197557], [-70.41397262, 18.70189664], [-70.41393271, 18.70169711], [-70.41389398, 18.70149054], [-70.41377914, 18.70145075], [-70.41373205, 18.70137567], [-70.41383144, 18.70122318], [-70.41364506, 18.70122503], [-70.41353904, 18.7012407], [-70.41344934, 18.70124167], [-70.41335277, 18.70124315], [-70.41327877, 18.70128216], [-70.41319553, 18.70138285], [-70.41311613, 18.70149003], [-70.41301866, 18.70159839], [-70.41289389, 18.70171521], [-70.41278949, 18.70180172], [-70.41269429, 18.70185009], [-70.41260031, 18.70190437], [-70.41254045, 18.7019384], [-70.41244558, 18.7019884], [-70.41234996, 18.70187025], [-70.41230242, 18.70171065], [-70.41225116, 18.70156094], [-70.41223341, 18.70149356], [-70.41223151, 18.70142414], [-70.41223532, 18.7012688], [-70.41224593, 18.70109899], [-70.41224772, 18.70093497], [-70.41224849, 18.70076947], [-70.412235, 18.70055601], [-70.41221918, 18.7005163], [-70.4123978, 18.70045356], [-70.41251976, 18.7004853], [-70.41250282, 18.70026133], [-70.41250976, 18.69985424], [-70.41304825, 18.69970238], [-70.41316718, 18.69957854], [-70.41337958, 18.69903871], [-70.41387332, 18.69893138], [-70.41409516, 18.69888436], [-70.41438812, 18.69881984], [-70.414567, 18.69877788], [-70.41475963, 18.69873971], [-70.41495352, 18.69869517], [-70.4149741, 18.69856984], [-70.4149881, 18.69844714], [-70.41499998, 18.69831022], [-70.41502114, 18.69815754], [-70.41522478, 18.69791107], [-70.41536477, 18.6977524], [-70.41548657, 18.69760167], [-70.41563965, 18.69742709], [-70.41574286, 18.69729951], [-70.4158423, 18.69718767], [-70.41597938, 18.69702566], [-70.41609092, 18.69688915], [-70.41622543, 18.69673772], [-70.41634294, 18.6965956], [-70.41642155, 18.69669227], [-70.41644125, 18.69678468], [-70.41646197, 18.69688655], [-70.4165337, 18.69699972], [-70.41657767, 18.69705492], [-70.41663694, 18.69717425], [-70.41669443, 18.69727768], [-70.41677624, 18.69742667], [-70.41685485, 18.69755071], [-70.41690125, 18.69763548], [-70.4169949, 18.69764167], [-70.41720079, 18.6976367], [-70.41738872, 18.69766221], [-70.41755616, 18.69766568], [-70.41764733, 18.69769517], [-70.41778362, 18.69777369], [-70.41788935, 18.6978673], [-70.41799319, 18.69798381], [-70.41805936, 18.69808475], [-70.41815995, 18.69824816], [-70.41822289, 18.69834878], [-70.41851542, 18.69857378], [-70.41862889, 18.69866289], [-70.41859671, 18.69888426], [-70.41852678, 18.69900284], [-70.41844762, 18.69909376], [-70.41839103, 18.69919804], [-70.41832092, 18.69933569], [-70.4182607, 18.69946066], [-70.41817489, 18.69970787], [-70.41811807, 18.69988296], [-70.41807855, 18.7000194], [-70.41805365, 18.70020291], [-70.41797036, 18.70025145], [-70.41777001, 18.70042275], [-70.41723272, 18.70080631], [-70.41716683, 18.70119435], [-70.4170208, 18.70138801], [-70.4166993, 18.70168862], [-70.41634958, 18.70199369], [-70.41616106, 18.70224287], [-70.41598227, 18.70242982], [-70.41596942, 18.70244645], [-70.4158692, 18.70247581]]]]}, "geometry_name": "the_geom", "properties": {"Posicional": "305608725682", "Expediente": "6642023098885-04", "Area": 278110.84, "Municipio": "RANCHO ARRIBA", "Provincia": "San Jos\u00e9 de Ocoa", "Operacion": "Subdivisi\u00f3n", "FechaInsc": "20/12/2023 11:41:17 a.\u00a0m.", "area_calc_m2": 278111, "touches_family_land": false, "owner": null, "owner_source": null, "family": false, "category": "confirmed"}}, {"type": "Feature", "id": "Aprobados.42475", "geometry": {"type": "MultiPolygon", "coordinates": [[[[-70.41797036, 18.70025145], [-70.41807641, 18.7004498], [-70.41823287, 18.70066764], [-70.41844406, 18.70096648], [-70.41849576, 18.70108229], [-70.41856003, 18.70111524], [-70.41861409, 18.70113841], [-70.41866365, 18.70114698], [-70.41883692, 18.70111603], [-70.41872278, 18.70153995], [-70.41871003, 18.70158098], [-70.41863435, 18.701761], [-70.41859584, 18.70181668], [-70.4185456, 18.70181851], [-70.41841914, 18.70178739], [-70.41836857, 18.70177241], [-70.41826592, 18.70175484], [-70.41816215, 18.70173963], [-70.41809464, 18.70173915], [-70.41799356, 18.70175112], [-70.41793824, 18.7017688], [-70.41760349, 18.70195873], [-70.4170208, 18.70138801], [-70.41716692, 18.70119426], [-70.41723272, 18.70080631], [-70.41777001, 18.70042275], [-70.41797036, 18.70025145]]]]}, "geometry_name": "the_geom", "properties": {"Posicional": "305608438690", "Expediente": "663201702903", "Area": 20334.36, "Municipio": "RANCHO ARRIBA", "Provincia": "San Jos\u00e9 de Ocoa", "Operacion": "Deslinde", "FechaInsc": "31/7/2017 4:43:18 p.\u00a0m.", "area_calc_m2": 20334, "touches_family_land": false, "owner": null, "owner_source": null, "family": false, "category": "confirmed"}}, {"type": "Feature", "id": "Aprobados.471068", "geometry": {"type": "MultiPolygon", "coordinates": [[[[-70.41762518, 18.701999], [-70.41748118, 18.7020828], [-70.41737561, 18.7021217], [-70.41719886, 18.7021883], [-70.41710923, 18.70220684], [-70.4170112, 18.70223038], [-70.41685813, 18.70226774], [-70.4167168, 18.70230071], [-70.41658227, 18.70232225], [-70.41654194, 18.70232601], [-70.41646946, 18.70234395], [-70.41640254, 18.70236155], [-70.41623528, 18.70240904], [-70.41613771, 18.70243338], [-70.41598153, 18.70246143], [-70.4158692, 18.70247581], [-70.41596942, 18.70244645], [-70.41598227, 18.70242982], [-70.41616106, 18.70224287], [-70.41634958, 18.70199369], [-70.4166993, 18.70168862], [-70.4170208, 18.70138801], [-70.41716692, 18.70119426], [-70.41723272, 18.70080631], [-70.41777001, 18.70042275], [-70.41797036, 18.70025145], [-70.41805365, 18.70020291], [-70.41807913, 18.70028586], [-70.41816261, 18.70043051], [-70.41826817, 18.70060013], [-70.41831066, 18.70065998], [-70.41827196, 18.70068342], [-70.41811189, 18.70079934], [-70.41801856, 18.70087403], [-70.41759221, 18.70111727], [-70.41739751, 18.70122321], [-70.41757711, 18.70156292], [-70.41777118, 18.70190633], [-70.41777366, 18.70191011], [-70.41762518, 18.701999]]]]}, "geometry_name": "the_geom", "properties": {"Posicional": "305608535889", "Expediente": "6642023059499-05", "Area": 18165.72, "Municipio": "RANCHO ARRIBA", "Provincia": "San Jos\u00e9 de Ocoa", "Operacion": "Subdivisi\u00f3n", "FechaInsc": "28/11/2023 4:56:42 p.\u00a0m.", "area_calc_m2": 18165, "touches_family_land": false, "owner": null, "owner_source": null, "family": false, "category": "confirmed"}}, {"type": "Feature", "id": "Aprobados.471067", "geometry": {"type": "MultiPolygon", "coordinates": [[[[-70.41874843, 18.70181958], [-70.41873494, 18.70182138], [-70.41866565, 18.70181389], [-70.41861138, 18.7018002], [-70.41857068, 18.70178573], [-70.4184693, 18.70174953], [-70.41839826, 18.70172664], [-70.41833073, 18.70170485], [-70.41830774, 18.70171208], [-70.41821293, 18.70172574], [-70.4181426, 18.70173736], [-70.41806566, 18.70176248], [-70.41800396, 18.70178471], [-70.41796491, 18.70180338], [-70.41777366, 18.70191015], [-70.41777118, 18.70190633], [-70.41757711, 18.70156292], [-70.41739751, 18.70122321], [-70.41759221, 18.70111727], [-70.41801856, 18.70087403], [-70.41811189, 18.70079934], [-70.41827196, 18.70068342], [-70.41831066, 18.70065998], [-70.41834071, 18.70069504], [-70.41839036, 18.70076764], [-70.41845176, 18.70086169], [-70.41848322, 18.70090722], [-70.41853233, 18.70097087], [-70.41857791, 18.70107654], [-70.41858918, 18.7010979], [-70.41859252, 18.70110289], [-70.41867586, 18.70115232], [-70.41874447, 18.70117541], [-70.4187728, 18.7011764], [-70.41880486, 18.70116985], [-70.41886636, 18.7011587], [-70.41888488, 18.70115479], [-70.41894595, 18.70114143], [-70.41894746, 18.70122558], [-70.41893981, 18.70132369], [-70.41892283, 18.70138692], [-70.41884653, 18.70153014], [-70.41881347, 18.7015916], [-70.4188021, 18.70164811], [-70.41881074, 18.70167543], [-70.4188308, 18.70170197], [-70.41880939, 18.70177139], [-70.41878742, 18.70180135], [-70.41874843, 18.70181958]]]]}, "geometry_name": "the_geom", "properties": {"Posicional": "305608435795", "Expediente": "6642023059499-05", "Area": 12953.26, "Municipio": "RANCHO ARRIBA", "Provincia": "San Jos\u00e9 de Ocoa", "Operacion": "Subdivisi\u00f3n", "FechaInsc": "28/11/2023 4:56:42 p.\u00a0m.", "area_calc_m2": 12954, "touches_family_land": false, "owner": null, "owner_source": null, "family": false, "category": "confirmed"}}, {"type": "Feature", "id": "Aprobados.42473", "geometry": {"type": "MultiPolygon", "coordinates": [[[[-70.41587455, 18.70253237], [-70.41604054, 18.70251621], [-70.41619831, 18.7024684], [-70.41631851, 18.70244228], [-70.41639062, 18.70242411], [-70.4165306, 18.70239369], [-70.41676306, 18.7023426], [-70.41706821, 18.70226403], [-70.41727409, 18.70219931], [-70.41742701, 18.70213834], [-70.41799213, 18.70181772], [-70.41804735, 18.70180005], [-70.41814852, 18.70178808], [-70.41821595, 18.70178865], [-70.41831981, 18.70180377], [-70.41842245, 18.70182134], [-70.41847302, 18.70183632], [-70.4185616, 18.7018604], [-70.41796074, 18.70276283], [-70.41755961, 18.70298616], [-70.41714364, 18.7032386], [-70.41694579, 18.70377845], [-70.41694656, 18.70400876], [-70.41760545, 18.70451665], [-70.4182461, 18.70506714], [-70.41832751, 18.7051417], [-70.41885071, 18.70589982], [-70.41891562, 18.70604236], [-70.41877761, 18.70603699], [-70.41867287, 18.70608721], [-70.41859499, 18.70611762], [-70.4185217, 18.70607363], [-70.41847055, 18.70608007], [-70.41826669, 18.70617197], [-70.41809956, 18.70629169], [-70.41795012, 18.70632562], [-70.41787431, 18.70631996], [-70.417763, 18.7062758], [-70.41768651, 18.7062003], [-70.41767707, 18.70621727], [-70.41750493, 18.70611023], [-70.41737914, 18.70597773], [-70.41728392, 18.7058617], [-70.41692196, 18.70546172], [-70.41683205, 18.70535659], [-70.41668707, 18.70520895], [-70.41653423, 18.70503979], [-70.41637142, 18.70486952], [-70.4162194, 18.7047073], [-70.41611912, 18.70459845], [-70.41604898, 18.70444257], [-70.41619313, 18.70403397], [-70.41605375, 18.70378437], [-70.41586602, 18.70363887], [-70.41577237, 18.70335811], [-70.41572697, 18.70329204], [-70.41570458, 18.70325652], [-70.41571115, 18.70319123], [-70.41569793, 18.70312926], [-70.41564531, 18.70306152], [-70.41559073, 18.70299742], [-70.41558913, 18.70294213], [-70.41560495, 18.70285997], [-70.4156603, 18.70284627], [-70.41570991, 18.70274515], [-70.41574509, 18.70273377], [-70.41581939, 18.70276411], [-70.41585556, 18.70268893], [-70.41587455, 18.70253237]]]]}, "geometry_name": "the_geom", "properties": {"Posicional": "305608556298", "Expediente": "663201702903", "Area": 73861.17, "Municipio": "RANCHO ARRIBA", "Provincia": "San Jos\u00e9 de Ocoa", "Operacion": "Deslinde", "FechaInsc": "31/7/2017 4:43:18 p.\u00a0m.", "area_calc_m2": 73861, "touches_family_land": false, "owner": null, "owner_source": null, "family": false, "category": "confirmed"}}, {"type": "Feature", "id": "Aprobados.42505", "geometry": {"type": "MultiPolygon", "coordinates": [[[[-70.41768362, 18.708517], [-70.41790892, 18.70855117], [-70.41873571, 18.70867738], [-70.41883912, 18.70869448], [-70.4184796, 18.70956635], [-70.4180306, 18.70949701], [-70.41755117, 18.70941923], [-70.41732549, 18.70938479], [-70.41738576, 18.70923281], [-70.41745362, 18.70905718], [-70.41755837, 18.70880348], [-70.41760622, 18.70869649], [-70.41768362, 18.708517]]]]}, "geometry_name": "the_geom", "properties": {"Posicional": "305609427277", "Expediente": "663201702903", "Area": 12530.79, "Municipio": "RANCHO ARRIBA", "Provincia": "San Jos\u00e9 de Ocoa", "Operacion": "Subdivisi\u00f3n", "FechaInsc": "31/7/2017 4:43:18 p.\u00a0m.", "area_calc_m2": 12531, "touches_family_land": false, "owner": null, "owner_source": null, "family": false, "category": "confirmed"}}, {"type": "Feature", "id": "Aprobados.179818", "geometry": {"type": "MultiPolygon", "coordinates": [[[[-70.41796708, 18.70855507], [-70.41826324, 18.70860234], [-70.41855007, 18.70864643], [-70.41843002, 18.70894182], [-70.41833169, 18.70918129], [-70.4181935, 18.70951909], [-70.41761269, 18.70942726], [-70.41773047, 18.7091328], [-70.41783398, 18.70887775], [-70.41793091, 18.70864028], [-70.41796708, 18.70855507]]]]}, "geometry_name": "the_geom", "properties": {"Posicional": "305609427278", "Expediente": "6642020027847-03", "Area": 6319.67712402, "Municipio": "RANCHO ARRIBA", "Provincia": "San Jos\u00e9 de Ocoa", "Operacion": "Subdivisi\u00f3n", "FechaInsc": "28/10/2020 5:05:02 p.\u00a0m.", "area_calc_m2": 6320, "touches_family_land": false, "owner": null, "owner_source": null, "family": false, "category": "confirmed"}}, {"type": "Feature", "id": "Aprobados.42472", "geometry": {"type": "MultiPolygon", "coordinates": [[[[-70.41684071, 18.71408461], [-70.4165777, 18.71385059], [-70.41607796, 18.71316729], [-70.41588924, 18.71288083], [-70.4157795, 18.71276311], [-70.4151995, 18.71307832], [-70.41448806, 18.71346103], [-70.41404603, 18.7136843], [-70.41355385, 18.7130537], [-70.41335456, 18.71304644], [-70.41312949, 18.71273315], [-70.41279505, 18.71246162], [-70.41248223, 18.71226898], [-70.41231472, 18.71212685], [-70.41205036, 18.71175123], [-70.41212844, 18.71152782], [-70.4121219, 18.71147122], [-70.41196159, 18.71122385], [-70.41179161, 18.71103484], [-70.4115532, 18.71034775], [-70.41145393, 18.71032618], [-70.41136961, 18.71030043], [-70.4112996, 18.70989678], [-70.41117084, 18.70981842], [-70.41103867, 18.70967213], [-70.41099669, 18.70949327], [-70.41102792, 18.7093022], [-70.41102523, 18.70919505], [-70.41098844, 18.70908058], [-70.41095203, 18.70905835], [-70.41156547, 18.7090034], [-70.41184163, 18.70898406], [-70.41193391, 18.70899692], [-70.41214677, 18.70895954], [-70.41227487, 18.7087756], [-70.41239075, 18.70865021], [-70.41277004, 18.70868431], [-70.41302675, 18.70870831], [-70.41352245, 18.70878381], [-70.41385089, 18.70883682], [-70.41452967, 18.70894112], [-70.41474055, 18.70897386], [-70.4151196, 18.70903551], [-70.41576193, 18.70913575], [-70.41629689, 18.70922216], [-70.41704882, 18.70934288], [-70.41732549, 18.70938479], [-70.41755117, 18.70941923], [-70.4180306, 18.70949701], [-70.4184796, 18.70956635], [-70.41923054, 18.70968238], [-70.41909959, 18.70993285], [-70.41888898, 18.71041], [-70.41873477, 18.71069145], [-70.41853435, 18.71097001], [-70.41851356, 18.71095498], [-70.4184304, 18.71104615], [-70.41818623, 18.71122908], [-70.41787687, 18.7114302], [-70.41765362, 18.71171119], [-70.41759513, 18.71184952], [-70.41745006, 18.71196582], [-70.41758318, 18.71215655], [-70.41764047, 18.71223852], [-70.41775604, 18.71229204], [-70.41752635, 18.71258591], [-70.41747926, 18.71271584], [-70.41742065, 18.71304527], [-70.41714089, 18.71330464], [-70.41706556, 18.7135048], [-70.41713405, 18.71375855], [-70.41710587, 18.71389286], [-70.41684071, 18.71408461]]]]}, "geometry_name": "the_geom", "properties": {"Posicional": "305609840376", "Expediente": "663201702903", "Area": 308543.97, "Municipio": "RANCHO ARRIBA", "Provincia": "San Jos\u00e9 de Ocoa", "Operacion": "Deslinde", "FechaInsc": "31/7/2017 4:43:18 p.\u00a0m.", "area_calc_m2": 308544, "touches_family_land": false, "owner": null, "owner_source": null, "family": false, "category": "confirmed"}}, {"type": "Feature", "id": "Aprobados.557003", "geometry": {"type": "MultiPolygon", "coordinates": [[[[-70.41754505, 18.71386279], [-70.41742038, 18.71383202], [-70.41731553, 18.71383525], [-70.41710988, 18.71387394], [-70.41713405, 18.71375855], [-70.41710098, 18.71363601], [-70.41706556, 18.7135048], [-70.41714089, 18.71330464], [-70.41742065, 18.71304527], [-70.41747201, 18.71275673], [-70.41747926, 18.71271584], [-70.41752635, 18.71258591], [-70.41753892, 18.71256982], [-70.41775604, 18.71229204], [-70.41779584, 18.71222126], [-70.41780371, 18.71222084], [-70.41796396, 18.71227701], [-70.41820334, 18.71233808], [-70.41827605, 18.71234684], [-70.418283, 18.71234986], [-70.41827736, 18.71238984], [-70.41824155, 18.71247396], [-70.41818844, 18.71258713], [-70.41814463, 18.71267728], [-70.41806827, 18.71283381], [-70.41798848, 18.71300049], [-70.4178983, 18.713194], [-70.41784999, 18.71329096], [-70.41779829, 18.71340276], [-70.41771914, 18.71355353], [-70.41765656, 18.71366903], [-70.41762094, 18.71372975], [-70.41754505, 18.71386279]]]]}, "geometry_name": "the_geom", "properties": {"Posicional": "305609562761", "Expediente": "6642024013751-07", "Area": 11076.45, "Municipio": "RANCHO ARRIBA", "Provincia": "San Jos\u00e9 de Ocoa", "Operacion": "Saneamiento", "FechaInsc": "1/10/2024 11:29:37 a.\u00a0m.", "area_calc_m2": 11076, "touches_family_land": false, "owner": null, "owner_source": null, "family": false, "category": "confirmed"}}, {"type": "Feature", "id": "Aprobados.162097", "geometry": {"type": "MultiPolygon", "coordinates": [[[[-70.41557715, 18.72656484], [-70.41567832, 18.72672308], [-70.41577375, 18.72687528], [-70.41590046, 18.72706794], [-70.41599973, 18.72721242], [-70.41604173, 18.72715527], [-70.41604661, 18.72712344], [-70.41604592, 18.7270612], [-70.41605151, 18.72702955], [-70.41609715, 18.72697673], [-70.41613646, 18.72696378], [-70.41619468, 18.72693671], [-70.416308, 18.72695995], [-70.41638037, 18.72699252], [-70.41668028, 18.72713993], [-70.41687126, 18.72723337], [-70.41690229, 18.72725071], [-70.41691469, 18.72726715], [-70.41692023, 18.72727587], [-70.41694012, 18.72734142], [-70.41696848, 18.72744657], [-70.4169769, 18.72773042], [-70.4169533, 18.72801596], [-70.41694028, 18.72812842], [-70.4169352, 18.72820489], [-70.41705289, 18.72836741], [-70.41712901, 18.72847675], [-70.41720205, 18.72863625], [-70.41726091, 18.72886477], [-70.41724043, 18.72890118], [-70.41714659, 18.72895857], [-70.41707179, 18.72900236], [-70.41701223, 18.72901846], [-70.41705792, 18.72918619], [-70.41706504, 18.72920112], [-70.41713599, 18.72931603], [-70.41717685, 18.72941864], [-70.41714861, 18.72952867], [-70.41718594, 18.72966377], [-70.417207, 18.72970596], [-70.41724818, 18.72974897], [-70.41728626, 18.7298223], [-70.41733888, 18.72981932], [-70.41738899, 18.72981557], [-70.41744538, 18.72981813], [-70.41772945, 18.72976736], [-70.41802376, 18.72968064], [-70.41809672, 18.729668], [-70.41821419, 18.72965634], [-70.41838194, 18.72964093], [-70.41846045, 18.72964092], [-70.41855547, 18.7296285], [-70.41870787, 18.72957415], [-70.41873788, 18.72956068], [-70.41876963, 18.72955326], [-70.41879917, 18.72955973], [-70.41883102, 18.72957524], [-70.41886084, 18.72957487], [-70.41888249, 18.72962704], [-70.41890439, 18.72971403], [-70.41891855, 18.729778], [-70.41892143, 18.72982353], [-70.41890281, 18.72987602], [-70.41882443, 18.73001111], [-70.41880367, 18.73005631], [-70.41880762, 18.73010571], [-70.41892256, 18.73034061], [-70.4189459, 18.73040284], [-70.41901283, 18.73059203], [-70.41906812, 18.73071958], [-70.41910828, 18.73081182], [-70.41887275, 18.73080091], [-70.4186407, 18.73080352], [-70.41854925, 18.73080543], [-70.418518, 18.7308105], [-70.41848409, 18.7308211], [-70.41858292, 18.7309855], [-70.41868974, 18.73113492], [-70.41885179, 18.73140483], [-70.41886117, 18.73141279], [-70.41892083, 18.73153527], [-70.41888518, 18.73156354], [-70.4186516, 18.73157911], [-70.4185412, 18.73157827], [-70.41842301, 18.73157633], [-70.41827525, 18.73156902], [-70.41812231, 18.73155638], [-70.41797123, 18.73155024], [-70.41777304, 18.73151884], [-70.41776795, 18.73162657], [-70.41775976, 18.73179736], [-70.41774139, 18.73190461], [-70.41766508, 18.73205761], [-70.41760315, 18.73215835], [-70.41712842, 18.73233029], [-70.41691675, 18.73227508], [-70.4167348, 18.73217632], [-70.4165526, 18.73205188], [-70.41647348, 18.73198525], [-70.41630649, 18.73182015], [-70.41621062, 18.73167497], [-70.41616998, 18.73160941], [-70.41605788, 18.73150895], [-70.41601415, 18.73149173], [-70.41589105, 18.73147226], [-70.41567414, 18.73147107], [-70.41526149, 18.73146058], [-70.41500385, 18.73144237], [-70.41476098, 18.73137104], [-70.41470812, 18.73134672], [-70.41468339, 18.73131831], [-70.41463608, 18.73119779], [-70.41457809, 18.73099715], [-70.41459007, 18.73089386], [-70.41463102, 18.73077606], [-70.41472351, 18.73059609], [-70.41475605, 18.73028862], [-70.41472122, 18.7299678], [-70.41467654, 18.72980239], [-70.41462985, 18.7296426], [-70.41465071, 18.72959731], [-70.4147921, 18.72923842], [-70.41481492, 18.72911473], [-70.41482017, 18.72887153], [-70.41482563, 18.72865985], [-70.41481543, 18.72856354], [-70.41479438, 18.72838196], [-70.41486541, 18.72820345], [-70.41487951, 18.72816837], [-70.41503582, 18.72781307], [-70.41512654, 18.72772439], [-70.41513606, 18.72747302], [-70.4151801, 18.72725778], [-70.41519983, 18.7271088], [-70.41522022, 18.72692078], [-70.41522583, 18.72684907], [-70.41520509, 18.72676043], [-70.41519166, 18.72666367], [-70.41557715, 18.72656484]]]]}, "geometry_name": "the_geom", "properties": {"Posicional": "305701656252", "Expediente": "6642019056061-04", "Area": 167635.74, "Municipio": "RANCHO ARRIBA", "Provincia": "San Jos\u00e9 de Ocoa", "Operacion": "Saneamiento", "FechaInsc": "13/8/2020 1:40:29 p.\u00a0m.", "area_calc_m2": 167636, "touches_family_land": false, "owner": null, "owner_source": null, "family": false, "category": "confirmed"}}, {"type": "Feature", "id": "Aprobados.42474", "geometry": {"type": "MultiPolygon", "coordinates": [[[[-70.41596941, 18.70244636], [-70.41598227, 18.70242973], [-70.41616106, 18.70224278], [-70.41634968, 18.7019936], [-70.4166993, 18.70168862], [-70.4170208, 18.70138801], [-70.41760349, 18.70195873], [-70.41737312, 18.70208941], [-70.4172203, 18.70215038], [-70.41701432, 18.70221501], [-70.41674689, 18.70227992], [-70.41631458, 18.70235647], [-70.4161424, 18.70241632], [-70.41596941, 18.70244636]]]]}, "geometry_name": "the_geom", "properties": {"Posicional": "305608640402", "Expediente": "663201702903", "Area": 8318.26, "Municipio": "RANCHO ARRIBA", "Provincia": "San Jos\u00e9 de Ocoa", "Operacion": "Deslinde", "FechaInsc": "31/7/2017 4:43:18 p.\u00a0m.", "area_calc_m2": 8318, "touches_family_land": false, "owner": null, "owner_source": null, "family": false, "category": "confirmed"}}, {"type": "Feature", "id": "Aprobados.42515", "geometry": {"type": "MultiPolygon", "coordinates": [[[[-70.41623691, 18.7050573], [-70.41634698, 18.70516824], [-70.416736, 18.70557354], [-70.41691659, 18.70578497], [-70.41715484, 18.70604177], [-70.41728325, 18.70616893], [-70.41749842, 18.70634214], [-70.41771993, 18.70650067], [-70.41761975, 18.70657516], [-70.41734573, 18.70656639], [-70.41676347, 18.70665238], [-70.4164963, 18.70652058], [-70.41538592, 18.70597399], [-70.4156202, 18.70574353], [-70.41578522, 18.70559852], [-70.41602082, 18.70545759], [-70.41605943, 18.70540191], [-70.41616478, 18.7051745], [-70.41623691, 18.7050573]]]]}, "geometry_name": "the_geom", "properties": {"Posicional": "305608684829", "Expediente": "663201702903", "Area": 18848.36, "Municipio": "RANCHO ARRIBA", "Provincia": "San Jos\u00e9 de Ocoa", "Operacion": "Subdivisi\u00f3n", "FechaInsc": "31/7/2017 4:43:18 p.\u00a0m.", "area_calc_m2": 18848, "touches_family_land": false, "owner": null, "owner_source": null, "family": false, "category": "confirmed"}}, {"type": "Feature", "id": "Aprobados.42507", "geometry": {"type": "MultiPolygon", "coordinates": [[[[-70.41627558, 18.70800655], [-70.41692786, 18.70827712], [-70.4174038, 18.70847222], [-70.41704882, 18.70934288], [-70.41629689, 18.70922216], [-70.41576193, 18.70913575], [-70.41627558, 18.70800655]]]]}, "geometry_name": "the_geom", "properties": {"Posicional": "305609613932", "Expediente": "663201702903", "Area": 15792.06, "Municipio": "RANCHO ARRIBA", "Provincia": "San Jos\u00e9 de Ocoa", "Operacion": "Subdivisi\u00f3n", "FechaInsc": "31/7/2017 4:43:18 p.\u00a0m.", "area_calc_m2": 15792, "touches_family_land": false, "owner": null, "owner_source": null, "family": false, "category": "confirmed"}}, {"type": "Feature", "id": "Aprobados.296978", "geometry": {"type": "MultiPolygon", "coordinates": [[[[-70.41632029, 18.72428693], [-70.41626861, 18.72425353], [-70.4162461, 18.72423752], [-70.41630721, 18.72414029], [-70.41635835, 18.72406346], [-70.41623096, 18.72399123], [-70.41611377, 18.72392561], [-70.41610691, 18.72392178], [-70.41616367, 18.72384816], [-70.41542949, 18.72339515], [-70.41545298, 18.72335747], [-70.41548169, 18.72331994], [-70.41551996, 18.72329245], [-70.41560056, 18.7232229], [-70.41566327, 18.72316884], [-70.41577329, 18.72304576], [-70.41579585, 18.72302209], [-70.41590483, 18.72308009], [-70.41604386, 18.72313813], [-70.4162854, 18.7232292], [-70.41654151, 18.7233731], [-70.41664398, 18.72327654], [-70.41666075, 18.72324063], [-70.41673494, 18.72327793], [-70.41689814, 18.72335748], [-70.41685779, 18.72341941], [-70.41682318, 18.72346602], [-70.41680899, 18.7235048], [-70.41679389, 18.72355868], [-70.41678577, 18.72359642], [-70.41677416, 18.72363744], [-70.41676521, 18.72365639], [-70.4167371, 18.72369681], [-70.41672088, 18.72371953], [-70.41670635, 18.72373933], [-70.4166648, 18.72379522], [-70.41664401, 18.72383793], [-70.41662224, 18.7239112], [-70.41659883, 18.72400426], [-70.41657062, 18.72408977], [-70.41655885, 18.72412284], [-70.41654257, 18.72418359], [-70.41647953, 18.72419744], [-70.41639294, 18.72423126], [-70.41635737, 18.72425213], [-70.41632029, 18.72428693]]]]}, "geometry_name": "the_geom", "properties": {"Posicional": "305700688372", "Expediente": "6642019073967-05", "Area": 9585.21, "Municipio": "RANCHO ARRIBA", "Provincia": "San Jos\u00e9 de Ocoa", "Operacion": "Saneamiento", "FechaInsc": "8/9/2020 3:22:52 p.\u00a0m.", "area_calc_m2": 9585, "touches_family_land": false, "owner": null, "owner_source": null, "family": false, "category": "confirmed"}}, {"type": "Feature", "id": "Aprobados.300320", "geometry": {"type": "MultiPolygon", "coordinates": [[[[-70.41734976, 18.72681482], [-70.41727356, 18.72688611], [-70.41721555, 18.72695561], [-70.41715205, 18.72704565], [-70.41712034, 18.72710624], [-70.41706006, 18.72720834], [-70.41701004, 18.72729414], [-70.41699496, 18.72733945], [-70.41696647, 18.72738212], [-70.4169566, 18.72738461], [-70.41694166, 18.72734131], [-70.41691925, 18.72726707], [-70.41689126, 18.72724154], [-70.41684987, 18.72721671], [-70.41678338, 18.72718473], [-70.41666062, 18.7271249], [-70.41654767, 18.72705867], [-70.41643645, 18.72702022], [-70.41634378, 18.72697279], [-70.41627159, 18.72694421], [-70.41622762, 18.72692739], [-70.41619516, 18.72693584], [-70.41616265, 18.72694517], [-70.41616752, 18.72686923], [-70.41615421, 18.72672588], [-70.41623151, 18.72653529], [-70.4161814, 18.72639527], [-70.4160196, 18.72614642], [-70.41593027, 18.7260827], [-70.41619822, 18.72576972], [-70.41622531, 18.72581429], [-70.41628718, 18.72586869], [-70.41631666, 18.72590583], [-70.41637544, 18.72595319], [-70.41652799, 18.72610479], [-70.41663613, 18.72621042], [-70.41673782, 18.72631267], [-70.41691943, 18.72649438], [-70.41697564, 18.72654734], [-70.4170084, 18.72657267], [-70.41708798, 18.72661086], [-70.41719393, 18.72666171], [-70.41722953, 18.7266804], [-70.41734275, 18.72674361], [-70.41737409, 18.72676543], [-70.41734976, 18.72681482]]]]}, "geometry_name": "the_geom", "properties": {"Posicional": "305701614780", "Expediente": "6642020011347-05", "Area": 11264.65625, "Municipio": "RANCHO ARRIBA", "Provincia": "San Jos\u00e9 de Ocoa", "Operacion": "Saneamiento", "FechaInsc": "1/6/2021 8:15:09 a.\u00a0m.", "area_calc_m2": 11265, "touches_family_land": false, "owner": null, "owner_source": null, "family": false, "category": "confirmed"}}, {"type": "Feature", "id": "Aprobados.42514", "geometry": {"type": "MultiPolygon", "coordinates": [[[[-70.41464272, 18.70450587], [-70.41467529, 18.70448873], [-70.41548866, 18.70456572], [-70.41561853, 18.70460684], [-70.41572053, 18.70468405], [-70.41590793, 18.70481221], [-70.41602104, 18.70486828], [-70.41613175, 18.70494316], [-70.41618066, 18.70500912], [-70.41611612, 18.70513881], [-70.41601369, 18.70539738], [-70.41598839, 18.70542305], [-70.41587224, 18.7054814], [-70.41572741, 18.70557881], [-70.4155894, 18.70569912], [-70.41527018, 18.70600188], [-70.4152584, 18.70601128], [-70.41441799, 18.70535069], [-70.41433173, 18.70528574], [-70.41438998, 18.70519766], [-70.41451221, 18.7050949], [-70.41467186, 18.7050225], [-70.41469138, 18.70502108], [-70.41475383, 18.70482291], [-70.4146869, 18.70472185], [-70.41467193, 18.70470064], [-70.41463525, 18.70456556], [-70.41464272, 18.70450587]]]]}, "geometry_name": "the_geom", "properties": {"Posicional": "305608777917", "Expediente": "663201702903", "Area": 19194.31, "Municipio": "RANCHO ARRIBA", "Provincia": "San Jos\u00e9 de Ocoa", "Operacion": "Subdivisi\u00f3n", "FechaInsc": "31/7/2017 4:43:18 p.\u00a0m.", "area_calc_m2": 19194, "touches_family_land": false, "owner": null, "owner_source": null, "family": false, "category": "confirmed"}}, {"type": "Feature", "id": "Aprobados.42516", "geometry": {"type": "MultiPolygon", "coordinates": [[[[-70.41538592, 18.70597399], [-70.4164963, 18.70652058], [-70.41676347, 18.70665238], [-70.41669837, 18.70684001], [-70.41640216, 18.70754848], [-70.41626462, 18.70791935], [-70.41537312, 18.70758282], [-70.41411443, 18.70709318], [-70.41433292, 18.70690043], [-70.41493689, 18.70636908], [-70.41538592, 18.70597399]]]]}, "geometry_name": "the_geom", "properties": {"Posicional": "305608793983", "Expediente": "663201702903", "Area": 32407.84, "Municipio": "RANCHO ARRIBA", "Provincia": "San Jos\u00e9 de Ocoa", "Operacion": "Subdivisi\u00f3n", "FechaInsc": "31/7/2017 4:43:18 p.\u00a0m.", "area_calc_m2": 32408, "touches_family_land": false, "owner": null, "owner_source": null, "family": false, "category": "confirmed"}}, {"type": "Feature", "id": "Aprobados.86920", "geometry": {"type": "MultiPolygon", "coordinates": [[[[-70.41676347, 18.70665238], [-70.41674984, 18.70670056], [-70.41670357, 18.70682741], [-70.41663029, 18.70700009], [-70.41651065, 18.70728878], [-70.41467331, 18.70660103], [-70.41484134, 18.70645275], [-70.4150603, 18.7062599], [-70.41538592, 18.70597399], [-70.41676347, 18.70665238]]]]}, "geometry_name": "the_geom", "properties": {"Posicional": "305608791568", "Expediente": "6642018006743-04", "Area": 15739.67, "Municipio": "RANCHO ARRIBA", "Provincia": "San Jos\u00e9 de Ocoa", "Operacion": "Subdivisi\u00f3n", "FechaInsc": "17/8/2018 4:13:48 p.\u00a0m.", "area_calc_m2": 15740, "touches_family_land": false, "owner": null, "owner_source": null, "family": false, "category": "confirmed"}}, {"type": "Feature", "id": "Aprobados.86921", "geometry": {"type": "MultiPolygon", "coordinates": [[[[-70.41651065, 18.70728878], [-70.41649074, 18.70732309], [-70.41641942, 18.70750389], [-70.41639936, 18.70755401], [-70.41636242, 18.7076507], [-70.41626462, 18.70791935], [-70.41594195, 18.70779583], [-70.41560272, 18.7076662], [-70.41537337, 18.70757848], [-70.41515125, 18.70749368], [-70.41478434, 18.70735197], [-70.41443283, 18.70721574], [-70.41411453, 18.70709291], [-70.41433282, 18.70690025], [-70.41437574, 18.70686206], [-70.41467331, 18.70660103], [-70.41651065, 18.70728878]]]]}, "geometry_name": "the_geom", "properties": {"Posicional": "305609705295", "Expediente": "6642018006743-04", "Area": 16605.92, "Municipio": "RANCHO ARRIBA", "Provincia": "San Jos\u00e9 de Ocoa", "Operacion": "Subdivisi\u00f3n", "FechaInsc": "17/8/2018 4:13:48 p.\u00a0m.", "area_calc_m2": 16606, "touches_family_land": false, "owner": null, "owner_source": null, "family": false, "category": "confirmed"}}, {"type": "Feature", "id": "Aprobados.42508", "geometry": {"type": "MultiPolygon", "coordinates": [[[[-70.41534672, 18.70764672], [-70.41627558, 18.70800655], [-70.41576193, 18.70913575], [-70.4151196, 18.70903551], [-70.41474055, 18.70897386], [-70.41534672, 18.70764672]]]]}, "geometry_name": "the_geom", "properties": {"Posicional": "305609714578", "Expediente": "663201702903", "Area": 15692.55, "Municipio": "RANCHO ARRIBA", "Provincia": "San Jos\u00e9 de Ocoa", "Operacion": "Subdivisi\u00f3n", "FechaInsc": "31/7/2017 4:43:18 p.\u00a0m.", "area_calc_m2": 15692, "touches_family_land": false, "owner": null, "owner_source": null, "family": false, "category": "confirmed"}}, {"type": "Feature", "id": "Aprobados.114970", "geometry": {"type": "MultiPolygon", "coordinates": [[[[-70.4159944, 18.72123016], [-70.41597235, 18.72125879], [-70.4159424, 18.72129398], [-70.41588474, 18.72136201], [-70.41356071, 18.7211027], [-70.41353547, 18.72096392], [-70.41352283, 18.72085785], [-70.41362515, 18.72081217], [-70.41369671, 18.72076148], [-70.41372135, 18.72072569], [-70.4137524, 18.72065091], [-70.41379018, 18.72050669], [-70.41380164, 18.72050525], [-70.41393063, 18.72054114], [-70.41399269, 18.72056841], [-70.41407155, 18.72057541], [-70.41413499, 18.72056427], [-70.41421277, 18.72053124], [-70.41433719, 18.72047509], [-70.41442834, 18.72044287], [-70.41446981, 18.72043469], [-70.41454347, 18.72043134], [-70.41461505, 18.72041824], [-70.41465339, 18.72042219], [-70.41465914, 18.72047402], [-70.41466553, 18.72052502], [-70.41467531, 18.720606], [-70.41470828, 18.72068147], [-70.4147547, 18.72069837], [-70.41476518, 18.72070408], [-70.41480784, 18.72070294], [-70.41482839, 18.72069999], [-70.41488618, 18.72070353], [-70.41491532, 18.72069563], [-70.41492515, 18.72069167], [-70.4149626, 18.72067982], [-70.4149945, 18.72066096], [-70.41504596, 18.72063383], [-70.41506474, 18.72060016], [-70.41518343, 18.72067535], [-70.41525153, 18.72072236], [-70.41530312, 18.72075703], [-70.41534234, 18.72079721], [-70.41549149, 18.72096596], [-70.41553015, 18.7210075], [-70.41554506, 18.72102176], [-70.41555423, 18.72103009], [-70.41562269, 18.72108605], [-70.4156412, 18.72109892], [-70.41566141, 18.72111178], [-70.41570701, 18.72113267], [-70.41579437, 18.72115794], [-70.41589479, 18.72119188], [-70.41593664, 18.72120629], [-70.4159944, 18.72123016]]]]}, "geometry_name": "the_geom", "properties": {"Posicional": "305700855422", "Expediente": "6642018046109-03", "Area": 14484.22, "Municipio": "RANCHO ARRIBA", "Provincia": "San Jos\u00e9 de Ocoa", "Operacion": "Saneamiento", "FechaInsc": "5/4/2019 11:26:41 a.\u00a0m.", "area_calc_m2": 14484, "touches_family_land": false, "owner": null, "owner_source": null, "family": false, "category": "confirmed"}}, {"type": "Feature", "id": "Aprobados.223923", "geometry": {"type": "MultiPolygon", "coordinates": [[[[-70.41565573, 18.72159124], [-70.41562837, 18.72158026], [-70.41558479, 18.72155169], [-70.41552014, 18.7215303], [-70.41530029, 18.72146014], [-70.41514493, 18.72141474], [-70.41503628, 18.72138495], [-70.41492147, 18.72134548], [-70.41480086, 18.721346], [-70.41472947, 18.72135423], [-70.41450943, 18.72140244], [-70.41433423, 18.72144579], [-70.41424026, 18.72145902], [-70.41404139, 18.72146551], [-70.41399527, 18.72146007], [-70.41367441, 18.72138935], [-70.41356533, 18.72148708], [-70.41360005, 18.72167258], [-70.4134802, 18.72172626], [-70.41351681, 18.7217782], [-70.41329654, 18.72192451], [-70.41310896, 18.72195558], [-70.41287718, 18.7219244], [-70.41269846, 18.72186638], [-70.41257579, 18.72184934], [-70.41249707, 18.72179767], [-70.41248924, 18.72173974], [-70.41252777, 18.72167011], [-70.41272071, 18.72151824], [-70.41281168, 18.72140992], [-70.41286022, 18.72134553], [-70.41286756, 18.72156294], [-70.41355764, 18.72110767], [-70.41588142, 18.72136255], [-70.41565573, 18.72159124]]]]}, "geometry_name": "the_geom", "properties": {"Posicional": "305700954717", "Expediente": "6642021013513-04", "Area": 11439.7331543, "Municipio": "RANCHO ARRIBA", "Provincia": "San Jos\u00e9 de Ocoa", "Operacion": "Subdivisi\u00f3n", "FechaInsc": "27/6/2021 1:51:10 p.\u00a0m.", "area_calc_m2": 11440, "touches_family_land": false, "owner": null, "owner_source": null, "family": false, "category": "confirmed"}}, {"type": "Feature", "id": "Aprobados.25357", "geometry": {"type": "MultiPolygon", "coordinates": [[[[-70.41568774, 18.7260261], [-70.41575, 18.72602848], [-70.41587962, 18.72616569], [-70.41599581, 18.7262837], [-70.41599537, 18.72628972], [-70.41609658, 18.7264496], [-70.41611504, 18.72652618], [-70.41610667, 18.72655448], [-70.41605143, 18.72661202], [-70.41606997, 18.7268356], [-70.41610025, 18.72698071], [-70.41605401, 18.72713787], [-70.4160405, 18.72716633], [-70.41600203, 18.72721678], [-70.41595574, 18.72714767], [-70.41587121, 18.72701375], [-70.41575815, 18.72683849], [-70.41562423, 18.7266181], [-70.41555672, 18.72649145], [-70.41548981, 18.7263667], [-70.41543416, 18.72626681], [-70.41568774, 18.7260261]]]]}, "geometry_name": "the_geom", "properties": {"Posicional": "305701713602", "Expediente": "663201603912", "Area": 4837.40460205, "Municipio": "RANCHO ARRIBA", "Provincia": "SAN JOS\u00c9 DE OCOA", "Operacion": "Saneamiento", "FechaInsc": "27/12/2016 4:19:31 p.\u00a0m.", "area_calc_m2": 4837, "touches_family_land": false, "owner": null, "owner_source": null, "family": false, "category": "confirmed"}}, {"type": "Feature", "id": "Aprobados.42513", "geometry": {"type": "MultiPolygon", "coordinates": [[[[-70.41433173, 18.70528574], [-70.41441799, 18.70535069], [-70.4152584, 18.70601128], [-70.41513964, 18.70611952], [-70.41488462, 18.70634391], [-70.4142902, 18.70686081], [-70.41403495, 18.70707878], [-70.41208568, 18.7058029], [-70.41233799, 18.70549279], [-70.41243378, 18.70535743], [-70.41254103, 18.70523283], [-70.41263287, 18.70523811], [-70.41271412, 18.70531764], [-70.41276761, 18.70538672], [-70.41307716, 18.70571203], [-70.41335241, 18.70592618], [-70.41351268, 18.70606593], [-70.41394177, 18.70566729], [-70.41424033, 18.70542369], [-70.41433173, 18.70528574]]]]}, "geometry_name": "the_geom", "properties": {"Posicional": "305608983908", "Expediente": "663201702903", "Area": 31322.84, "Municipio": "RANCHO ARRIBA", "Provincia": "San Jos\u00e9 de Ocoa", "Operacion": "Subdivisi\u00f3n", "FechaInsc": "31/7/2017 4:43:18 p.\u00a0m.", "area_calc_m2": 31323, "touches_family_land": false, "owner": null, "owner_source": null, "family": false, "category": "confirmed"}}, {"type": "Feature", "id": "Aprobados.124189", "geometry": {"type": "MultiPolygon", "coordinates": [[[[-70.41433059, 18.70528485], [-70.41525831, 18.7060111], [-70.41521134, 18.70605374], [-70.41503373, 18.70621167], [-70.41489375, 18.70633489], [-70.41472872, 18.70647954], [-70.41438463, 18.70677869], [-70.41423361, 18.70690859], [-70.41403805, 18.70707614], [-70.41313138, 18.70648671], [-70.41313889, 18.70647761], [-70.41308655, 18.70644331], [-70.41351305, 18.70606502], [-70.41352201, 18.7060589], [-70.41357871, 18.70601212], [-70.4137072, 18.70589947], [-70.41382072, 18.70578639], [-70.41394138, 18.70566693], [-70.41406951, 18.70556684], [-70.41418911, 18.70546745], [-70.41428049, 18.70536059], [-70.41433059, 18.70528485]]]]}, "geometry_name": "the_geom", "properties": {"Posicional": "305608898160", "Expediente": "6642018070484-06", "Area": 21755.25, "Municipio": "RANCHO ARRIBA", "Provincia": "San Jos\u00e9 de Ocoa", "Operacion": "Subdivisi\u00f3n", "FechaInsc": "2/7/2019 10:44:24 a.\u00a0m.", "area_calc_m2": 21755, "touches_family_land": false, "owner": null, "owner_source": null, "family": false, "category": "confirmed"}}, {"type": "Feature", "id": "Aprobados.476634", "geometry": {"type": "MultiPolygon", "coordinates": [[[[-70.41521228, 18.70605242], [-70.41517108, 18.70609165], [-70.4149919, 18.70624918], [-70.41474682, 18.70646361], [-70.41453116, 18.70665151], [-70.41429126, 18.70685845], [-70.41419855, 18.70693644], [-70.41403607, 18.70707374], [-70.41397636, 18.7070353], [-70.41379803, 18.70691619], [-70.41366248, 18.70682665], [-70.41352341, 18.70673647], [-70.41336261, 18.70663016], [-70.41321342, 18.70653222], [-70.41308843, 18.70644905], [-70.41314563, 18.70638933], [-70.41324255, 18.70630532], [-70.41334098, 18.70622006], [-70.41340923, 18.70615941], [-70.41356751, 18.70601935], [-70.41370207, 18.70590329], [-70.41379658, 18.70580923], [-70.41390141, 18.70570663], [-70.41392666, 18.70567776], [-70.41398921, 18.70562691], [-70.41406795, 18.70556889], [-70.41414593, 18.70550746], [-70.41419471, 18.70546408], [-70.41424135, 18.70542127], [-70.41427941, 18.70536171], [-70.41432078, 18.70529871], [-70.41433059, 18.70528485], [-70.41438707, 18.70534048], [-70.41442867, 18.70537936], [-70.41452431, 18.70546645], [-70.41463342, 18.705561], [-70.41480492, 18.70570397], [-70.41494784, 18.7058236], [-70.41505411, 18.70591269], [-70.41514569, 18.70599035], [-70.41521228, 18.70605242]]]]}, "geometry_name": "the_geom", "properties": {"Posicional": "305608898171", "Expediente": "6642023103900-03", "Area": 21214.93, "Municipio": "RANCHO ARRIBA", "Provincia": "San Jos\u00e9 de Ocoa", "Operacion": "Subdivisi\u00f3n", "FechaInsc": "30/11/2023 2:50:51 p.\u00a0m.", "area_calc_m2": 21215, "touches_family_land": false, "owner": null, "owner_source": null, "family": false, "category": "confirmed"}}, {"type": "Feature", "id": "Aprobados.42509", "geometry": {"type": "MultiPolygon", "coordinates": [[[[-70.41453468, 18.70733063], [-70.41534672, 18.70764672], [-70.41474055, 18.70897386], [-70.41452967, 18.70894112], [-70.41385089, 18.70883682], [-70.41453468, 18.70733063]]]]}, "geometry_name": "the_geom", "properties": {"Posicional": "305609814320", "Expediente": "663201702903", "Area": 15773.13, "Municipio": "RANCHO ARRIBA", "Provincia": "San Jos\u00e9 de Ocoa", "Operacion": "Subdivisi\u00f3n", "FechaInsc": "31/7/2017 4:43:18 p.\u00a0m.", "area_calc_m2": 15773, "touches_family_land": false, "owner": null, "owner_source": null, "family": false, "category": "confirmed"}}, {"type": "Feature", "id": "Aprobados.223891", "geometry": {"type": "MultiPolygon", "coordinates": [[[[-70.41431632, 18.72266592], [-70.41407079, 18.72233758], [-70.41413533, 18.72230678], [-70.41422855, 18.72226792], [-70.41439478, 18.72219008], [-70.41459248, 18.72245482], [-70.41452153, 18.72250629], [-70.41436693, 18.72263839], [-70.41431632, 18.72266592]]]]}, "geometry_name": "the_geom", "properties": {"Posicional": "305700878034", "Expediente": "6642021013513-04", "Area": 1510.0581665, "Municipio": "RANCHO ARRIBA", "Provincia": "San Jos\u00e9 de Ocoa", "Operacion": "Subdivisi\u00f3n", "FechaInsc": "27/6/2021 1:51:10 p.\u00a0m.", "area_calc_m2": 1510, "touches_family_land": false, "owner": null, "owner_source": null, "family": false, "category": "confirmed"}}, {"type": "Feature", "id": "Aprobados.223892", "geometry": {"type": "MultiPolygon", "coordinates": [[[[-70.41459248, 18.72245482], [-70.41439478, 18.72219008], [-70.41443746, 18.72215685], [-70.41446937, 18.72212169], [-70.41458824, 18.72204445], [-70.41459564, 18.72203675], [-70.41472036, 18.72199566], [-70.41489983, 18.72229665], [-70.41459248, 18.72245482]]]]}, "geometry_name": "the_geom", "properties": {"Posicional": "305700865813", "Expediente": "6642021013513-04", "Area": 1505.02966309, "Municipio": "RANCHO ARRIBA", "Provincia": "San Jos\u00e9 de Ocoa", "Operacion": "Subdivisi\u00f3n", "FechaInsc": "27/6/2021 1:51:10 p.\u00a0m.", "area_calc_m2": 1505, "touches_family_land": false, "owner": null, "owner_source": null, "family": false, "category": "confirmed"}}, {"type": "Feature", "id": "Aprobados.396109", "geometry": {"type": "MultiPolygon", "coordinates": [[[[-70.41478229, 18.72601229], [-70.41472058, 18.72601758], [-70.41448321, 18.7260192], [-70.41436291, 18.72603425], [-70.41423505, 18.72606537], [-70.4140357, 18.72613772], [-70.41394731, 18.72620433], [-70.41383666, 18.72627892], [-70.4138138, 18.72629052], [-70.41346708, 18.7259698], [-70.41335911, 18.72587348], [-70.4128535, 18.72541776], [-70.41278007, 18.72537173], [-70.41245103, 18.72515786], [-70.41252242, 18.72498697], [-70.41259508, 18.72479513], [-70.41261678, 18.7247469], [-70.41266043, 18.72464763], [-70.41270208, 18.72454765], [-70.41304515, 18.72469223], [-70.41321229, 18.72432525], [-70.41324257, 18.72433884], [-70.41349853, 18.7244449], [-70.4136856, 18.72453622], [-70.41395188, 18.72463204], [-70.41403826, 18.72466674], [-70.41423658, 18.72499825], [-70.41433745, 18.72517022], [-70.41443602, 18.72535647], [-70.41452429, 18.72549904], [-70.41459866, 18.72564595], [-70.41467269, 18.7257858], [-70.41473755, 18.72591394], [-70.41478229, 18.72601229]]]]}, "geometry_name": "the_geom", "properties": {"Posicional": "305701906223", "Expediente": "6642022058715-04", "Area": 28190.69, "Municipio": "RANCHO ARRIBA", "Provincia": "San Jos\u00e9 de Ocoa", "Operacion": "Subdivisi\u00f3n", "FechaInsc": "1/9/2022 11:01:16 a.\u00a0m.", "area_calc_m2": 28190, "touches_family_land": false, "owner": null, "owner_source": null, "family": false, "category": "confirmed"}}, {"type": "Feature", "id": "Aprobados.385908", "geometry": {"type": "MultiPolygon", "coordinates": [[[[-70.41276798, 18.73175241], [-70.41266283, 18.73164322], [-70.41252144, 18.73164019], [-70.41248624, 18.73161322], [-70.41229663, 18.73140035], [-70.41221784, 18.73131652], [-70.41219485, 18.73123483], [-70.41219908, 18.73117397], [-70.4122264, 18.73107634], [-70.4123124, 18.73085583], [-70.41237606, 18.73067034], [-70.4123923, 18.73056203], [-70.41239803, 18.73048612], [-70.41243225, 18.73039964], [-70.41243057, 18.73030483], [-70.41242279, 18.73017478], [-70.41240039, 18.73007396], [-70.41235083, 18.7299392], [-70.41232968, 18.72985261], [-70.41232574, 18.72981051], [-70.41231506, 18.72972606], [-70.41231011, 18.72967385], [-70.41230289, 18.72958204], [-70.41229606, 18.72948933], [-70.4127745, 18.72951165], [-70.4128387, 18.72909124], [-70.41292302, 18.72904515], [-70.41301801, 18.72900844], [-70.41306881, 18.72899082], [-70.41313737, 18.72896618], [-70.41325302, 18.72893921], [-70.41334898, 18.72893685], [-70.41343593, 18.72894093], [-70.4135417, 18.72894065], [-70.41363297, 18.72895023], [-70.41368729, 18.72896538], [-70.41369648, 18.72886895], [-70.41369244, 18.72873972], [-70.41369387, 18.72866562], [-70.41371254, 18.72855186], [-70.41372713, 18.72844385], [-70.41372999, 18.72842225], [-70.41370071, 18.72839187], [-70.41365615, 18.72839282], [-70.41359958, 18.72839922], [-70.41350979, 18.72841724], [-70.4134666, 18.72842976], [-70.41340066, 18.728429], [-70.41332574, 18.72842642], [-70.4132711, 18.72842508], [-70.41319782, 18.72840903], [-70.41313874, 18.7283522], [-70.4130867, 18.72830403], [-70.41305497, 18.72827119], [-70.41298585, 18.72819402], [-70.41302095, 18.72819275], [-70.41307163, 18.72817856], [-70.41314469, 18.72816355], [-70.41316489, 18.72815449], [-70.41318811, 18.72814408], [-70.41333049, 18.7280863], [-70.41339176, 18.72806684], [-70.41345534, 18.72804246], [-70.41356351, 18.72799527], [-70.41363218, 18.72796711], [-70.41370013, 18.72793112], [-70.4137562, 18.7278768], [-70.41378007, 18.72785234], [-70.41384205, 18.72778704], [-70.41391212, 18.72771143], [-70.41393149, 18.72769198], [-70.41398443, 18.72766223], [-70.41401196, 18.72764509], [-70.41404918, 18.72762862], [-70.41408088, 18.72761296], [-70.41413207, 18.72758843], [-70.41417578, 18.72756818], [-70.41426007, 18.72753371], [-70.41430673, 18.72750008], [-70.41436824, 18.72745651], [-70.41441453, 18.7273971], [-70.41443532, 18.72737422], [-70.41446102, 18.72734259], [-70.41449521, 18.72728901], [-70.41450957, 18.72727174], [-70.41454486, 18.72722727], [-70.41457244, 18.72719903], [-70.41462447, 18.72714877], [-70.41464676, 18.72712925], [-70.41471362, 18.72706774], [-70.41477085, 18.72701757], [-70.41479112, 18.72700158], [-70.41482087, 18.72697229], [-70.41483744, 18.72695856], [-70.41489029, 18.72691108], [-70.41493306, 18.72686586], [-70.41495772, 18.72684604], [-70.41499962, 18.72680871], [-70.41504688, 18.72676203], [-70.41507045, 18.7267414], [-70.41508436, 18.72672744], [-70.41514122, 18.7266813], [-70.415233, 18.72660848], [-70.41526589, 18.7266579], [-70.41521512, 18.72671973], [-70.41519948, 18.72675481], [-70.41520008, 18.72676235], [-70.41520296, 18.72677554], [-70.41522163, 18.72684906], [-70.41521677, 18.72691912], [-70.41520926, 18.72695842], [-70.41520169, 18.72705089], [-70.4151972, 18.72711128], [-70.41519077, 18.72718874], [-70.41517376, 18.72728012], [-70.41514228, 18.72738976], [-70.41513577, 18.72744375], [-70.41512321, 18.72756408], [-70.41511885, 18.7276289], [-70.41512351, 18.72772678], [-70.41511515, 18.72773917], [-70.41507254, 18.72777533], [-70.41503362, 18.727812], [-70.41497639, 18.7279162], [-70.41492175, 18.72802692], [-70.4148954, 18.72811553], [-70.41485947, 18.72821404], [-70.41479247, 18.72837843], [-70.41480633, 18.72847645], [-70.41480904, 18.72863169], [-70.41481677, 18.72896156], [-70.41478453, 18.72925845], [-70.41474232, 18.7293721], [-70.4146463, 18.72959739], [-70.41463002, 18.72964322], [-70.41465239, 18.72972154], [-70.41466293, 18.72977217], [-70.41468226, 18.7298221], [-70.41472568, 18.72999299], [-70.41473752, 18.73013542], [-70.41475742, 18.73030558], [-70.41472871, 18.73051881], [-70.41466706, 18.73070958], [-70.41462401, 18.73079014], [-70.41459889, 18.73086035], [-70.41457289, 18.73099737], [-70.41439173, 18.73101615], [-70.41383492, 18.73093913], [-70.41376603, 18.73097291], [-70.41279997, 18.73083198], [-70.41265567, 18.7314346], [-70.41312659, 18.73155616], [-70.41299589, 18.73162399], [-70.41289243, 18.73167939], [-70.41276798, 18.73175241]]]]}, "geometry_name": "the_geom", "properties": {"Posicional": "305701944779", "Expediente": "6642020008011-04", "Area": 82085.72, "Municipio": "RANCHO ARRIBA", "Provincia": "San Jos\u00e9 de Ocoa", "Operacion": "Saneamiento", "FechaInsc": "6/2/2023 4:00:48 p.\u00a0m.", "area_calc_m2": 82086, "touches_family_land": false, "owner": null, "owner_source": null, "family": false, "category": "confirmed"}}, {"type": "Feature", "id": "Aprobados.54927", "geometry": {"type": "MultiPolygon", "coordinates": [[[[-70.41330812, 18.73618618], [-70.4129156, 18.73532307], [-70.41288582, 18.7353232], [-70.412889, 18.73513451], [-70.41286525, 18.73497078], [-70.41281527, 18.73485686], [-70.41277312, 18.73477197], [-70.41267076, 18.7346195], [-70.41257412, 18.73441475], [-70.41254361, 18.73432679], [-70.41233951, 18.73406413], [-70.4123407, 18.73383009], [-70.41235729, 18.7336929], [-70.41236855, 18.7335064], [-70.41237981, 18.73328684], [-70.41239199, 18.73316684], [-70.41241813, 18.73299045], [-70.4123827, 18.7329272], [-70.41237883, 18.73277009], [-70.41241519, 18.73270539], [-70.4124002, 18.7326597], [-70.41242565, 18.73252659], [-70.41261705, 18.73260863], [-70.41276915, 18.73276543], [-70.41283931, 18.73296848], [-70.41285491, 18.73300857], [-70.41288949, 18.73308349], [-70.41302014, 18.73317078], [-70.41313316, 18.73322432], [-70.41323562, 18.73325047], [-70.41334369, 18.73322264], [-70.41353547, 18.73317918], [-70.41364108, 18.73320766], [-70.41373423, 18.73324481], [-70.41383269, 18.73336063], [-70.41389628, 18.73348014], [-70.41391595, 18.73355373], [-70.41403637, 18.73386916], [-70.41409963, 18.73392624], [-70.41412318, 18.73394178], [-70.41416809, 18.73399394], [-70.41434102, 18.73407838], [-70.41458274, 18.73414351], [-70.41465049, 18.73417029], [-70.41479573, 18.73436825], [-70.41484619, 18.73463117], [-70.41469533, 18.73487447], [-70.41448611, 18.73528356], [-70.4143679, 18.73548432], [-70.41425069, 18.73577029], [-70.41422662, 18.73586408], [-70.41417575, 18.73587124], [-70.41367626, 18.73617139], [-70.41330812, 18.73618618]]]]}, "geometry_name": "the_geom", "properties": {"Posicional": "305702908349", "Expediente": "663201706378", "Area": 58868.4, "Municipio": "RANCHO ARRIBA", "Provincia": "San Jos\u00e9 de Ocoa", "Operacion": "Saneamiento", "FechaInsc": "20/10/2017 3:39:19 p.\u00a0m.", "area_calc_m2": 58868, "touches_family_land": false, "owner": null, "owner_source": null, "family": false, "category": "confirmed"}}, {"type": "Feature", "id": "Aprobados.124190", "geometry": {"type": "MultiPolygon", "coordinates": [[[[-70.4120852, 18.70580258], [-70.41209046, 18.70579322], [-70.41209933, 18.70578141], [-70.41234399, 18.70548194], [-70.41253433, 18.70522484], [-70.41255105, 18.70521326], [-70.41257203, 18.70520966], [-70.41258914, 18.7052129], [-70.41259933, 18.70521461], [-70.412625, 18.70522375], [-70.41263305, 18.70523877], [-70.41279101, 18.70539421], [-70.4128436, 18.7054602], [-70.41294385, 18.70557268], [-70.41299965, 18.7056341], [-70.41312813, 18.70574864], [-70.41333133, 18.70590261], [-70.41351308, 18.70606503], [-70.41308659, 18.70644333], [-70.41313887, 18.70647765], [-70.41313137, 18.70648672], [-70.4130773, 18.70645157], [-70.4120852, 18.70580258]]]]}, "geometry_name": "the_geom", "properties": {"Posicional": "305618083730", "Expediente": "6642018070484-06", "Area": 9565.96, "Municipio": "RANCHO ARRIBA", "Provincia": "San Jos\u00e9 de Ocoa", "Operacion": "Subdivisi\u00f3n", "FechaInsc": "2/7/2019 10:44:24 a.\u00a0m.", "area_calc_m2": 9566, "touches_family_land": false, "owner": null, "owner_source": null, "family": false, "category": "confirmed"}}, {"type": "Feature", "id": "Aprobados.42512", "geometry": {"type": "MultiPolygon", "coordinates": [[[[-70.41188409, 18.70571162], [-70.41208568, 18.7058029], [-70.41403495, 18.70707878], [-70.41339251, 18.70763815], [-70.41277961, 18.70819125], [-70.41249466, 18.70846519], [-70.41209444, 18.70888177], [-70.41197689, 18.70886224], [-70.41188889, 18.70883995], [-70.41110608, 18.70855056], [-70.4108364, 18.7085393], [-70.41075967, 18.70859382], [-70.41041898, 18.70879057], [-70.40996462, 18.70912759], [-70.40981082, 18.70902574], [-70.40968641, 18.7090142], [-70.40945606, 18.70893154], [-70.40958684, 18.708694], [-70.40936468, 18.70819202], [-70.40923889, 18.70813893], [-70.40929296, 18.7079466], [-70.40937965, 18.70770876], [-70.40931598, 18.70760081], [-70.40989003, 18.70691212], [-70.41004639, 18.70679728], [-70.41022338, 18.70667631], [-70.41040917, 18.7065663], [-70.41110145, 18.70617409], [-70.41139961, 18.70602953], [-70.41161815, 18.7059678], [-70.41173897, 18.70591304], [-70.41188409, 18.70571162]]]]}, "geometry_name": "the_geom", "properties": {"Posicional": "305619107447", "Expediente": "663201702903", "Area": 108284.34, "Municipio": "RANCHO ARRIBA", "Provincia": "San Jos\u00e9 de Ocoa", "Operacion": "Subdivisi\u00f3n", "FechaInsc": "31/7/2017 4:43:18 p.\u00a0m.", "area_calc_m2": 108285, "touches_family_land": false, "owner": null, "owner_source": null, "family": false, "category": "confirmed"}}, {"type": "Feature", "id": "Aprobados.87410", "geometry": {"type": "MultiPolygon", "coordinates": [[[[-70.41399183, 18.70711634], [-70.41339251, 18.70763815], [-70.41277961, 18.70819125], [-70.41249466, 18.70846519], [-70.41154487, 18.7074804], [-70.41310219, 18.706534], [-70.41399183, 18.70711634]]]]}, "geometry_name": "the_geom", "properties": {"Posicional": "305619003475", "Expediente": "6642018006751-04", "Area": 26068.64630127, "Municipio": "RANCHO ARRIBA", "Provincia": "SAN JOS\u00c9 DE OCOA", "Operacion": "Subdivisi\u00f3n", "FechaInsc": "4/5/2018 11:06:00 a.\u00a0m.", "area_calc_m2": 26069, "touches_family_land": false, "owner": null, "owner_source": null, "family": false, "category": "confirmed"}}, {"type": "Feature", "id": "Aprobados.42510", "geometry": {"type": "MultiPolygon", "coordinates": [[[[-70.41404601, 18.70714421], [-70.41453468, 18.70733063], [-70.41385089, 18.70883682], [-70.41352245, 18.70878381], [-70.41302675, 18.70870831], [-70.41277004, 18.70868431], [-70.41239075, 18.70865021], [-70.41253938, 18.70849521], [-70.41273447, 18.70831664], [-70.41343122, 18.70767464], [-70.41390123, 18.70724858], [-70.41404601, 18.70714421]]]]}, "geometry_name": "the_geom", "properties": {"Posicional": "305609914188", "Expediente": "663201702903", "Area": 19910.09, "Municipio": "RANCHO ARRIBA", "Provincia": "San Jos\u00e9 de Ocoa", "Operacion": "Subdivisi\u00f3n", "FechaInsc": "31/7/2017 4:43:18 p.\u00a0m.", "area_calc_m2": 19910, "touches_family_land": false, "owner": null, "owner_source": null, "family": false, "category": "confirmed"}}, {"type": "Feature", "id": "Aprobados.384813", "geometry": {"type": "MultiPolygon", "coordinates": [[[[-70.41377209, 18.71690626], [-70.41376225, 18.71697613], [-70.41374773, 18.71702722], [-70.41372401, 18.71707653], [-70.41368451, 18.71718783], [-70.41369336, 18.71739582], [-70.41369144, 18.71750028], [-70.41365093, 18.71751196], [-70.41356483, 18.71751149], [-70.41337175, 18.71748973], [-70.41312977, 18.7174729], [-70.41304763, 18.71748843], [-70.41301617, 18.71749005], [-70.41300734, 18.71750379], [-70.41298576, 18.71755267], [-70.41287998, 18.71776804], [-70.41273159, 18.71769365], [-70.41214033, 18.71732215], [-70.41194207, 18.71701008], [-70.41139261, 18.71714965], [-70.41128144, 18.71710325], [-70.41116347, 18.71703296], [-70.41103807, 18.71697907], [-70.41089577, 18.71692344], [-70.41057931, 18.71693199], [-70.41049332, 18.7169406], [-70.41035674, 18.71692411], [-70.41032001, 18.71691821], [-70.41023768, 18.7168994], [-70.4098982, 18.71683822], [-70.40969355, 18.7168036], [-70.40948226, 18.7167561], [-70.40938333, 18.71675257], [-70.40937271, 18.71675381], [-70.40903307, 18.71675373], [-70.40866296, 18.71664982], [-70.40852511, 18.71674178], [-70.40836791, 18.71677567], [-70.4080953, 18.71670283], [-70.40789572, 18.71663802], [-70.40765682, 18.71653729], [-70.40767444, 18.71651357], [-70.40776279, 18.71645075], [-70.40805636, 18.71625624], [-70.40817311, 18.71617718], [-70.40821022, 18.7161371], [-70.40824332, 18.71608044], [-70.40830668, 18.71582171], [-70.40871881, 18.71583658], [-70.40993647, 18.71566286], [-70.41007012, 18.71542357], [-70.41013808, 18.71556627], [-70.41020163, 18.71563299], [-70.41036487, 18.71575292], [-70.41050191, 18.71588051], [-70.41059541, 18.71599811], [-70.4106449, 18.71609847], [-70.41088744, 18.71621007], [-70.4111187, 18.71637039], [-70.41129457, 18.71641879], [-70.41135877, 18.7164678], [-70.41138525, 18.71641956], [-70.41141841, 18.71639417], [-70.41144438, 18.71623529], [-70.41249374, 18.71634085], [-70.41258173, 18.71635364], [-70.41278113, 18.71641603], [-70.41295296, 18.71651773], [-70.41296776, 18.7165256], [-70.41318735, 18.71661364], [-70.41334039, 18.716727], [-70.41347107, 18.71678283], [-70.41364612, 18.71687115], [-70.41377209, 18.71690626]]]]}, "geometry_name": "the_geom", "properties": {"Posicional": "305710204586", "Expediente": "6642022042096-06", "Area": 63002.53, "Municipio": "RANCHO ARRIBA", "Provincia": "San Jos\u00e9 de Ocoa", "Operacion": "Saneamiento", "FechaInsc": "23/2/2023 2:59:21 p.\u00a0m.", "area_calc_m2": 63003, "touches_family_land": false, "owner": null, "owner_source": null, "family": false, "category": "confirmed"}}, {"type": "Feature", "id": "Aprobados.161175", "geometry": {"type": "MultiPolygon", "coordinates": [[[[-70.41384071, 18.7204708], [-70.41374111, 18.72043333], [-70.41361346, 18.72039842], [-70.41355085, 18.72039537], [-70.41347415, 18.72040914], [-70.41329437, 18.72045748], [-70.41330854, 18.72017681], [-70.41334183, 18.71984622], [-70.41334747, 18.71974922], [-70.41334994, 18.71957824], [-70.41335582, 18.71950971], [-70.4133532, 18.71936579], [-70.41335726, 18.7193635], [-70.41336758, 18.7193618], [-70.41338806, 18.71936182], [-70.4134113, 18.71936165], [-70.41344278, 18.71936222], [-70.41350903, 18.71936877], [-70.41353241, 18.71937465], [-70.41355919, 18.71952832], [-70.41355454, 18.71976708], [-70.41355057, 18.71983741], [-70.41396651, 18.71984972], [-70.41392257, 18.72009673], [-70.41384071, 18.7204708]]]]}, "geometry_name": "the_geom", "properties": {"Posicional": "305700946318", "Expediente": "6642019044053-06", "Area": 5173.52, "Municipio": "RANCHO ARRIBA", "Provincia": "San Jos\u00e9 de Ocoa", "Operacion": "Saneamiento", "FechaInsc": "28/7/2020 2:20:06 p.\u00a0m.", "area_calc_m2": 5174, "touches_family_land": false, "owner": null, "owner_source": null, "family": false, "category": "confirmed"}}, {"type": "Feature", "id": "Aprobados.223902", "geometry": {"type": "MultiPolygon", "coordinates": [[[[-70.41263596, 18.72289197], [-70.41259625, 18.72285637], [-70.41256437, 18.72281525], [-70.41253392, 18.72273461], [-70.41253034, 18.72261698], [-70.41254053, 18.72252056], [-70.41256654, 18.72238507], [-70.41258453, 18.72226477], [-70.41277287, 18.72231723], [-70.41302165, 18.72234943], [-70.41323636, 18.72232997], [-70.41333198, 18.72230956], [-70.41350291, 18.72225073], [-70.4136745, 18.7220887], [-70.41373398, 18.72209443], [-70.41384021, 18.7221346], [-70.41391824, 18.72220148], [-70.41392182, 18.72222034], [-70.41391671, 18.72227326], [-70.4139054, 18.72230188], [-70.41389519, 18.72233475], [-70.41388981, 18.72232767], [-70.413853, 18.72235525], [-70.4137152, 18.72241686], [-70.41362869, 18.72246077], [-70.41351107, 18.72253888], [-70.41339803, 18.72262585], [-70.41325672, 18.72274519], [-70.41300282, 18.72300517], [-70.41293224, 18.7230742], [-70.41273117, 18.72293308], [-70.41263596, 18.72289197]]]]}, "geometry_name": "the_geom", "properties": {"Posicional": "305710071148", "Expediente": "6642021013513-04", "Area": 7390.73669434, "Municipio": "RANCHO ARRIBA", "Provincia": "San Jos\u00e9 de Ocoa", "Operacion": "Subdivisi\u00f3n", "FechaInsc": "27/6/2021 1:51:10 p.\u00a0m.", "area_calc_m2": 7391, "touches_family_land": false, "owner": null, "owner_source": null, "family": false, "category": "confirmed"}}, {"type": "Feature", "id": "Aprobados.722904", "geometry": {"type": "MultiPolygon", "coordinates": [[[[-70.41145135, 18.65802109], [-70.41161854, 18.65806359], [-70.41162073, 18.65812493], [-70.41163593, 18.65820925], [-70.41163992, 18.65824728], [-70.41162976, 18.65830861], [-70.4116444, 18.65838398], [-70.41165739, 18.65840397], [-70.4116847, 18.65843984], [-70.41170402, 18.65846568], [-70.41159553, 18.6586507], [-70.41156595, 18.65873765], [-70.41148297, 18.65888054], [-70.41125693, 18.65903175], [-70.41117803, 18.65917453], [-70.41120695, 18.65933926], [-70.41110563, 18.65934685], [-70.41100661, 18.65946061], [-70.41091956, 18.65938938], [-70.41051876, 18.65920905], [-70.41006088, 18.65919189], [-70.40977797, 18.65944035], [-70.40966226, 18.65955456], [-70.40942914, 18.65957], [-70.40928866, 18.65966718], [-70.40922618, 18.65986685], [-70.40923811, 18.66012949], [-70.40929626, 18.66030718], [-70.40917778, 18.66037051], [-70.40903104, 18.66025889], [-70.40894171, 18.66018995], [-70.40892062, 18.66013979], [-70.40887353, 18.66001453], [-70.40871552, 18.65972552], [-70.40871845, 18.65964034], [-70.40874229, 18.65952817], [-70.40869655, 18.65941193], [-70.40873942, 18.65936427], [-70.4088185, 18.65935135], [-70.40893084, 18.65935877], [-70.40915949, 18.65926746], [-70.40926723, 18.65905724], [-70.4093197, 18.65897581], [-70.40946909, 18.6588766], [-70.40988276, 18.65873128], [-70.41005245, 18.65869318], [-70.41013507, 18.65865975], [-70.41039204, 18.65861361], [-70.41064708, 18.658558], [-70.41082418, 18.65848635], [-70.41101931, 18.65837839], [-70.41118229, 18.65823856], [-70.41121421, 18.6581914], [-70.41125351, 18.65815437], [-70.41129136, 18.65810294], [-70.41133312, 18.65807271], [-70.41135554, 18.65805263], [-70.41140422, 18.65802832], [-70.41145135, 18.65802109]]]]}, "geometry_name": "the_geom", "properties": {"Posicional": "305613266910", "Expediente": "6642026020720-03", "Area": 25772.09, "Municipio": "RANCHO ARRIBA", "Provincia": "San Jos\u00e9 de Ocoa", "Operacion": "Saneamiento", "FechaInsc": "1/5/2026 9:35:38 a.\u00a0m.", "area_calc_m2": 25772, "touches_family_land": false, "owner": null, "owner_source": null, "family": false, "category": "confirmed"}}, {"type": "Feature", "id": "Aprobados.87413", "geometry": {"type": "MultiPolygon", "coordinates": [[[[-70.41188409, 18.70571162], [-70.41208568, 18.7058029], [-70.413123, 18.70648189], [-70.41149604, 18.70746857], [-70.4106875, 18.7064087], [-70.41110145, 18.70617409], [-70.41139961, 18.70602953], [-70.41161815, 18.7059678], [-70.41173897, 18.70591304], [-70.41188409, 18.70571162]]]]}, "geometry_name": "the_geom", "properties": {"Posicional": "305618193446", "Expediente": "6642018006751-04", "Area": 24867.70904541, "Municipio": "RANCHO ARRIBA", "Provincia": "SAN JOS\u00c9 DE OCOA", "Operacion": "Subdivisi\u00f3n", "FechaInsc": "4/5/2018 11:06:00 a.\u00a0m.", "area_calc_m2": 24868, "touches_family_land": false, "owner": null, "owner_source": null, "family": false, "category": "confirmed"}}, {"type": "Feature", "id": "Aprobados.87411", "geometry": {"type": "MultiPolygon", "coordinates": [[[[-70.41209444, 18.70888177], [-70.41197689, 18.70886224], [-70.41188889, 18.70883995], [-70.41110608, 18.70855056], [-70.4108364, 18.7085393], [-70.41075967, 18.70859382], [-70.41041898, 18.70879057], [-70.40996462, 18.70912759], [-70.40981082, 18.70902574], [-70.40968641, 18.7090142], [-70.40945606, 18.70893154], [-70.40958684, 18.708694], [-70.40947436, 18.70843986], [-70.41012275, 18.70807048], [-70.41015769, 18.70820159], [-70.41016541, 18.70828701], [-70.41018426, 18.70830729], [-70.41154487, 18.7074804], [-70.41249466, 18.70846519], [-70.41209444, 18.70888177]]]]}, "geometry_name": "the_geom", "properties": {"Posicional": "305619212426", "Expediente": "6642018006751-04", "Area": 27076.87597656, "Municipio": "RANCHO ARRIBA", "Provincia": "SAN JOS\u00c9 DE OCOA", "Operacion": "Subdivisi\u00f3n", "FechaInsc": "4/5/2018 11:06:00 a.\u00a0m.", "area_calc_m2": 27077, "touches_family_land": false, "owner": null, "owner_source": null, "family": false, "category": "confirmed"}}, {"type": "Feature", "id": "Aprobados.42511", "geometry": {"type": "MultiPolygon", "coordinates": [[[[-70.40945606, 18.70893154], [-70.40968641, 18.7090142], [-70.40981082, 18.70902574], [-70.40996462, 18.70912759], [-70.41041898, 18.70879057], [-70.41075967, 18.70859382], [-70.4108364, 18.7085393], [-70.41110608, 18.70855056], [-70.41188889, 18.70883995], [-70.41197689, 18.70886224], [-70.41209444, 18.70888177], [-70.41214677, 18.70895954], [-70.41193391, 18.70899692], [-70.41184163, 18.70898406], [-70.41156547, 18.7090034], [-70.41095203, 18.70905835], [-70.41098844, 18.70908058], [-70.41102523, 18.70919505], [-70.41102792, 18.7093022], [-70.41099669, 18.70949327], [-70.41103867, 18.70967213], [-70.41117084, 18.70981842], [-70.4112996, 18.70989678], [-70.41136961, 18.71030043], [-70.41145393, 18.71032618], [-70.4115532, 18.71034775], [-70.41179161, 18.71103484], [-70.41196159, 18.71122385], [-70.4121219, 18.71147122], [-70.41212844, 18.71152782], [-70.41205036, 18.71175123], [-70.41231472, 18.71212685], [-70.41248223, 18.71226898], [-70.41279505, 18.71246162], [-70.41312949, 18.71273315], [-70.41335456, 18.71304644], [-70.41298072, 18.71320305], [-70.41282731, 18.71304535], [-70.41277203, 18.71301225], [-70.41232087, 18.7127753], [-70.41210132, 18.71271533], [-70.41203148, 18.71272137], [-70.41154067, 18.71295258], [-70.41116526, 18.71280515], [-70.41074891, 18.7126497], [-70.40989484, 18.71258493], [-70.40891449, 18.712388], [-70.40822697, 18.7124313], [-70.408026, 18.71148767], [-70.40802197, 18.71137927], [-70.40802067, 18.71127853], [-70.40801364, 18.71111703], [-70.40801281, 18.71101637], [-70.40861278, 18.70965361], [-70.40864002, 18.70965647], [-70.40879786, 18.70937608], [-70.40945606, 18.70893154]]]]}, "geometry_name": "the_geom", "properties": {"Posicional": "305619340369", "Expediente": "663201702903", "Area": 154192.84, "Municipio": "RANCHO ARRIBA", "Provincia": "San Jos\u00e9 de Ocoa", "Operacion": "Subdivisi\u00f3n", "FechaInsc": "31/7/2017 4:43:18 p.\u00a0m.", "area_calc_m2": 154193, "touches_family_land": false, "owner": null, "owner_source": null, "family": false, "category": "confirmed"}}, {"type": "Feature", "id": "Aprobados.223922", "geometry": {"type": "MultiPolygon", "coordinates": [[[[-70.41006591, 18.72377011], [-70.41005776, 18.72374688], [-70.40998065, 18.72357034], [-70.40991226, 18.72342464], [-70.40989915, 18.72340911], [-70.40988031, 18.72339607], [-70.4098492, 18.7233806], [-70.40978168, 18.72339056], [-70.40956636, 18.7234455], [-70.40941925, 18.72348608], [-70.40933594, 18.72345767], [-70.40926185, 18.7232818], [-70.40920161, 18.72313601], [-70.4091682, 18.72296721], [-70.40906586, 18.72294871], [-70.4089405, 18.72286583], [-70.40888445, 18.72281967], [-70.40874332, 18.72295682], [-70.4086649, 18.72320161], [-70.40856455, 18.7231605], [-70.40853327, 18.72316139], [-70.40776531, 18.72341821], [-70.40753987, 18.72348026], [-70.40691154, 18.72364236], [-70.40644767, 18.7237084], [-70.40626287, 18.72368744], [-70.40614231, 18.72365982], [-70.40613297, 18.72363535], [-70.4061289, 18.72354051], [-70.40613817, 18.72342303], [-70.40614332, 18.72329005], [-70.40612348, 18.72313493], [-70.40603216, 18.72286531], [-70.40598565, 18.72278647], [-70.40593834, 18.72259948], [-70.40591252, 18.72249861], [-70.40587888, 18.72243777], [-70.40582657, 18.72231865], [-70.4057929, 18.72212809], [-70.40576243, 18.72204188], [-70.40543527, 18.7217205], [-70.40535937, 18.72167449], [-70.40526159, 18.72159147], [-70.40519195, 18.72154218], [-70.40501961, 18.72149434], [-70.40497797, 18.72147127], [-70.40496285, 18.72129631], [-70.40492034, 18.72120576], [-70.40488504, 18.72113626], [-70.40486629, 18.72108466], [-70.40487868, 18.72102852], [-70.40489913, 18.72096161], [-70.40489796, 18.72090767], [-70.40487043, 18.72080205], [-70.40479572, 18.72066413], [-70.40473166, 18.72061707], [-70.40461743, 18.72056765], [-70.40438332, 18.72033117], [-70.4042931, 18.72024278], [-70.40425958, 18.72022686], [-70.40420015, 18.72019899], [-70.40399479, 18.72016304], [-70.40390846, 18.72010626], [-70.40385944, 18.71999977], [-70.40375051, 18.71981442], [-70.40374021, 18.71971408], [-70.40375454, 18.71962704], [-70.40391555, 18.71930142], [-70.40395128, 18.7191204], [-70.40379437, 18.71897477], [-70.40359094, 18.71878251], [-70.40362181, 18.71875644], [-70.40299279, 18.71602579], [-70.40354257, 18.71608971], [-70.40364239, 18.71591608], [-70.40372277, 18.7158802], [-70.40376366, 18.71585303], [-70.40391769, 18.71570959], [-70.40405486, 18.7157715], [-70.40414426, 18.71577935], [-70.40429173, 18.71585507], [-70.40433912, 18.71591782], [-70.40441511, 18.71601417], [-70.40451942, 18.71621501], [-70.40461304, 18.71631182], [-70.40480014, 18.71636494], [-70.40500177, 18.71641672], [-70.40514467, 18.71659124], [-70.40527616, 18.71681227], [-70.40543756, 18.71679624], [-70.40558561, 18.71669964], [-70.40572141, 18.71662854], [-70.40598021, 18.71656635], [-70.40613831, 18.71661703], [-70.4063562, 18.71662197], [-70.40651279, 18.7168176], [-70.40673285, 18.71686952], [-70.40696012, 18.71682166], [-70.40721451, 18.71676976], [-70.40729531, 18.71672481], [-70.40740905, 18.7165913], [-70.40747243, 18.71656253], [-70.4076466, 18.71653616], [-70.40789522, 18.71664088], [-70.40811466, 18.71671321], [-70.40836692, 18.71677923], [-70.40847204, 18.71676211], [-70.40856318, 18.71673433], [-70.4086766, 18.71665958], [-70.40884067, 18.71671148], [-70.40903527, 18.71675731], [-70.40932099, 18.71676219], [-70.40948138, 18.7167653], [-70.40971149, 18.71681348], [-70.40995549, 18.71685021], [-70.41010565, 18.7168793], [-70.41022267, 18.71689931], [-70.4103463, 18.71692695], [-70.41049093, 18.71694428], [-70.41058046, 18.71693406], [-70.41074569, 18.71692982], [-70.41089265, 18.71692698], [-70.41104112, 18.71698601], [-70.41121107, 18.71706583], [-70.41138696, 18.71715665], [-70.41165671, 18.71720828], [-70.41178156, 18.71727483], [-70.41184674, 18.7172796], [-70.41202524, 18.71758265], [-70.41205709, 18.717611], [-70.41211726, 18.7176316], [-70.41235917, 18.71791511], [-70.41269712, 18.71810413], [-70.41296034, 18.71833388], [-70.41302834, 18.71848252], [-70.41304026, 18.71856396], [-70.41302596, 18.71875684], [-70.41301622, 18.71888424], [-70.41295238, 18.71906434], [-70.41298097, 18.71919431], [-70.4130368, 18.71928436], [-70.41293433, 18.71935082], [-70.4126143, 18.71958382], [-70.41254373, 18.71960185], [-70.41233909, 18.71963792], [-70.41227394, 18.71960355], [-70.41217298, 18.71953115], [-70.41205217, 18.71949386], [-70.41172776, 18.71959726], [-70.41154294, 18.71967112], [-70.41142446, 18.71976412], [-70.41127877, 18.71976895], [-70.41114466, 18.71979763], [-70.4108625, 18.71988048], [-70.41074215, 18.71989035], [-70.41018778, 18.72002918], [-70.41022652, 18.72029589], [-70.41025684, 18.72032713], [-70.41034425, 18.72041357], [-70.41070432, 18.72068427], [-70.41083092, 18.7207827], [-70.41092268, 18.72083995], [-70.41094773, 18.72084216], [-70.41100276, 18.72084724], [-70.41106199, 18.72083676], [-70.41140528, 18.72073761], [-70.4117934, 18.72068096], [-70.41206681, 18.72068259], [-70.41236619, 18.72066154], [-70.41261313, 18.72062203], [-70.41275104, 18.7206259], [-70.41286056, 18.72068965], [-70.41288176, 18.72094422], [-70.41287369, 18.72108047], [-70.41286022, 18.72134553], [-70.41284332, 18.72128477], [-70.41282033, 18.72124], [-70.41276721, 18.72120689], [-70.41266966, 18.72120331], [-70.41258472, 18.72121411], [-70.4124078, 18.72125448], [-70.4122687, 18.72127301], [-70.41208942, 18.72125909], [-70.41204265, 18.72123572], [-70.4119609, 18.72127894], [-70.41158657, 18.72160499], [-70.41056308, 18.72223007], [-70.41100572, 18.72297774], [-70.41061765, 18.72316152], [-70.41045636, 18.72323931], [-70.41042624, 18.72317035], [-70.4099771, 18.72336615], [-70.41016922, 18.72377899], [-70.41006591, 18.72377011]]]]}, "geometry_name": "the_geom", "properties": {"Posicional": "305710535887", "Expediente": "6642021013513-04", "Area": 577155.12109375, "Municipio": "RANCHO ARRIBA", "Provincia": "San Jos\u00e9 de Ocoa", "Operacion": "Subdivisi\u00f3n", "FechaInsc": "27/6/2021 1:51:10 p.\u00a0m.", "area_calc_m2": 577155, "touches_family_land": false, "owner": null, "owner_source": null, "family": false, "category": "confirmed"}}, {"type": "Feature", "id": "Aprobados.161176", "geometry": {"type": "MultiPolygon", "coordinates": [[[[-70.41298746, 18.72053353], [-70.41293188, 18.72054362], [-70.41284279, 18.72058396], [-70.4128066, 18.72062245], [-70.41276368, 18.72062747], [-70.41272411, 18.72060175], [-70.41261339, 18.72061758], [-70.41248935, 18.72064084], [-70.41242636, 18.72064962], [-70.41231345, 18.72065373], [-70.41206751, 18.72068287], [-70.41188256, 18.72067966], [-70.4117346, 18.72067698], [-70.41154337, 18.72071673], [-70.41136459, 18.72073633], [-70.41117259, 18.72079768], [-70.41106417, 18.72082958], [-70.41102035, 18.72084012], [-70.41099124, 18.72084043], [-70.41091075, 18.72083092], [-70.41038815, 18.72044523], [-70.41023241, 18.72029325], [-70.41026121, 18.72007238], [-70.41063292, 18.72004581], [-70.41096793, 18.72001926], [-70.41125706, 18.71998383], [-70.4115481, 18.71992715], [-70.41176834, 18.71993145], [-70.41194331, 18.71978357], [-70.41236107, 18.71981015], [-70.4125916, 18.71975284], [-70.41271327, 18.71969581], [-70.4128701, 18.71955665], [-70.41305231, 18.7194586], [-70.41303277, 18.71960576], [-70.4130201, 18.71981629], [-70.41301795, 18.72001383], [-70.41300129, 18.7203603], [-70.41298746, 18.72053353]]]]}, "geometry_name": "the_geom", "properties": {"Posicional": "305710145614", "Expediente": "6642019044053-06", "Area": 25090.74, "Municipio": "RANCHO ARRIBA", "Provincia": "San Jos\u00e9 de Ocoa", "Operacion": "Saneamiento", "FechaInsc": "28/7/2020 2:20:06 p.\u00a0m.", "area_calc_m2": 25091, "touches_family_land": false, "owner": null, "owner_source": null, "family": false, "category": "confirmed"}}, {"type": "Feature", "id": "Aprobados.223918", "geometry": {"type": "MultiPolygon", "coordinates": [[[[-70.41127885, 18.72345774], [-70.41100572, 18.72297774], [-70.41056308, 18.72223007], [-70.41158657, 18.72160499], [-70.4119609, 18.72127894], [-70.41208765, 18.7213145], [-70.41224958, 18.72133011], [-70.41243546, 18.7213071], [-70.41257513, 18.72127224], [-70.41266879, 18.72126772], [-70.41272472, 18.72128266], [-70.41275484, 18.72135839], [-70.41271126, 18.72143896], [-70.41246455, 18.72163165], [-70.41239162, 18.72170261], [-70.41241825, 18.72177861], [-70.4124747, 18.72191302], [-70.41251049, 18.72203796], [-70.41252971, 18.72217524], [-70.41252878, 18.72226487], [-70.41249195, 18.72246508], [-70.41245605, 18.72261635], [-70.41246262, 18.72277409], [-70.41255738, 18.7229132], [-70.41195822, 18.72299741], [-70.41170148, 18.72310732], [-70.41160409, 18.72318157], [-70.41147142, 18.72330374], [-70.41127885, 18.72345774]]]]}, "geometry_name": "the_geom", "properties": {"Posicional": "305710166900", "Expediente": "6642021013513-04", "Area": 30694.11004639, "Municipio": "RANCHO ARRIBA", "Provincia": "San Jos\u00e9 de Ocoa", "Operacion": "Subdivisi\u00f3n", "FechaInsc": "27/6/2021 1:51:10 p.\u00a0m.", "area_calc_m2": 30694, "touches_family_land": false, "owner": null, "owner_source": null, "family": false, "category": "confirmed"}}, {"type": "Feature", "id": "Aprobados.377125", "geometry": {"type": "MultiPolygon", "coordinates": [[[[-70.41119339, 18.72254834], [-70.41102499, 18.72267836], [-70.41110517, 18.72280314], [-70.41095836, 18.72289778], [-70.41056432, 18.72223121], [-70.41158644, 18.72160493], [-70.41196088, 18.7212789], [-70.41208742, 18.72131456], [-70.41224944, 18.72133061], [-70.41243545, 18.7213071], [-70.41257498, 18.72127317], [-70.4126686, 18.72126781], [-70.41272417, 18.72128307], [-70.41275475, 18.72135841], [-70.41271125, 18.72143892], [-70.41246452, 18.72163162], [-70.41239155, 18.72170258], [-70.41241823, 18.72177864], [-70.41247468, 18.72191301], [-70.41251047, 18.72203794], [-70.41252967, 18.7221753], [-70.41252833, 18.72226492], [-70.41249171, 18.72246502], [-70.41245599, 18.72261637], [-70.41246263, 18.72277408], [-70.41255741, 18.72291323], [-70.41195821, 18.72299743], [-70.41176942, 18.72307866], [-70.41170492, 18.72308715], [-70.41158572, 18.72312708], [-70.41145081, 18.72315452], [-70.41135339, 18.72315717], [-70.41131383, 18.72312729], [-70.41130154, 18.7230777], [-70.41130967, 18.72303009], [-70.41144103, 18.72290822], [-70.41141409, 18.72287832], [-70.41119339, 18.72254834]]]]}, "geometry_name": "the_geom", "properties": {"Posicional": "305710165851", "Expediente": "6642022090041-05", "Area": 27737.12, "Municipio": "RANCHO ARRIBA", "Provincia": "San Jos\u00e9 de Ocoa", "Operacion": "Subdivisi\u00f3n", "FechaInsc": "5/1/2023 1:20:35 p.\u00a0m.", "area_calc_m2": 27736, "touches_family_land": false, "owner": null, "owner_source": null, "family": false, "category": "confirmed"}}, {"type": "Feature", "id": "Aprobados.484607", "geometry": {"type": "MultiPolygon", "coordinates": [[[[-70.41246347, 18.72188077], [-70.41202105, 18.72205348], [-70.41189075, 18.72210554], [-70.41187696, 18.72220624], [-70.41183387, 18.72224136], [-70.41160658, 18.72231546], [-70.41136655, 18.72239427], [-70.4112768, 18.72249862], [-70.41119339, 18.72254834], [-70.41102498, 18.72267837], [-70.41110517, 18.72280314], [-70.41095836, 18.72289778], [-70.41056432, 18.72223121], [-70.41158644, 18.72160493], [-70.41196088, 18.7212789], [-70.41208742, 18.72131456], [-70.41224944, 18.72133061], [-70.41243545, 18.7213071], [-70.41257498, 18.72127317], [-70.4126686, 18.72126781], [-70.41272417, 18.72128307], [-70.41275475, 18.72135841], [-70.41271125, 18.72143892], [-70.41246452, 18.72163162], [-70.41239155, 18.72170258], [-70.41241823, 18.72177864], [-70.41246347, 18.72188077]]]]}, "geometry_name": "the_geom", "properties": {"Posicional": "305710167501", "Expediente": "6642023120805-03", "Area": 15488.63, "Municipio": "RANCHO ARRIBA", "Provincia": "San Jos\u00e9 de Ocoa", "Operacion": "Subdivisi\u00f3n", "FechaInsc": "26/1/2024 4:05:19 p.\u00a0m.", "area_calc_m2": 15488, "touches_family_land": false, "owner": null, "owner_source": null, "family": false, "category": "confirmed"}}, {"type": "Feature", "id": "Aprobados.484598", "geometry": {"type": "MultiPolygon", "coordinates": [[[[-70.41233956, 18.72265595], [-70.41221613, 18.72242738], [-70.41223579, 18.72241139], [-70.4122525, 18.72238359], [-70.41225529, 18.72235349], [-70.41223914, 18.72233189], [-70.41252965, 18.72217557], [-70.41252878, 18.72226487], [-70.41249195, 18.72246508], [-70.4124681, 18.72261659], [-70.41233956, 18.72265595]]]]}, "geometry_name": "the_geom", "properties": {"Posicional": "305710078093", "Expediente": "6642023120805-03", "Area": 1063.06, "Municipio": "RANCHO ARRIBA", "Provincia": "San Jos\u00e9 de Ocoa", "Operacion": "Subdivisi\u00f3n", "FechaInsc": "26/1/2024 4:05:19 p.\u00a0m.", "area_calc_m2": 1063, "touches_family_land": false, "owner": null, "owner_source": null, "family": false, "category": "confirmed"}}, {"type": "Feature", "id": "Aprobados.223905", "geometry": {"type": "MultiPolygon", "coordinates": [[[[-70.41237887, 18.72375664], [-70.41209864, 18.72356653], [-70.41213291, 18.72349191], [-70.41212963, 18.72344881], [-70.41210797, 18.72340803], [-70.41236752, 18.7232504], [-70.41254066, 18.72348652], [-70.41237887, 18.72375664]]]]}, "geometry_name": "the_geom", "properties": {"Posicional": "305710089272", "Expediente": "6642021013513-04", "Area": 1510.24365234, "Municipio": "RANCHO ARRIBA", "Provincia": "San Jos\u00e9 de Ocoa", "Operacion": "Subdivisi\u00f3n", "FechaInsc": "27/6/2021 1:51:10 p.\u00a0m.", "area_calc_m2": 1510, "touches_family_land": false, "owner": null, "owner_source": null, "family": false, "category": "confirmed"}}, {"type": "Feature", "id": "Aprobados.223882", "geometry": {"type": "MultiPolygon", "coordinates": [[[[-70.41169483, 18.72516771], [-70.41195677, 18.72491878], [-70.4120024, 18.72482948], [-70.41203031, 18.72464454], [-70.41204932, 18.72462338], [-70.41208532, 18.7245831], [-70.4121687, 18.72451378], [-70.41231001, 18.72443613], [-70.41241468, 18.72438635], [-70.41272414, 18.72418246], [-70.41269321, 18.72427285], [-70.41261655, 18.72442081], [-70.41250039, 18.7246467], [-70.41240711, 18.7247675], [-70.41228725, 18.72487262], [-70.41219103, 18.72492687], [-70.4119347, 18.72505252], [-70.41169483, 18.72516771]]]]}, "geometry_name": "the_geom", "properties": {"Posicional": "305710190541", "Expediente": "6642021013513-04", "Area": 2976.39349365, "Municipio": "RANCHO ARRIBA", "Provincia": "San Jos\u00e9 de Ocoa", "Operacion": "Subdivisi\u00f3n", "FechaInsc": "27/6/2021 1:51:10 p.\u00a0m.", "area_calc_m2": 2976, "touches_family_land": false, "owner": null, "owner_source": null, "family": false, "category": "confirmed"}}, {"type": "Feature", "id": "Aprobados.396083", "geometry": {"type": "MultiPolygon", "coordinates": [[[[-70.41232107, 18.72546939], [-70.41263716, 18.72563695], [-70.41243543, 18.72584042], [-70.41222174, 18.72571819], [-70.41227153, 18.72558411], [-70.41232107, 18.72546939]]]]}, "geometry_name": "the_geom", "properties": {"Posicional": "305711009602", "Expediente": "6642022058715-04", "Area": 959.15, "Municipio": "RANCHO ARRIBA", "Provincia": "San Jos\u00e9 de Ocoa", "Operacion": "Subdivisi\u00f3n", "FechaInsc": "1/9/2022 11:01:16 a.\u00a0m.", "area_calc_m2": 959, "touches_family_land": false, "owner": null, "owner_source": null, "family": false, "category": "confirmed"}}, {"type": "Feature", "id": "Aprobados.707992", "geometry": {"type": "MultiPolygon", "coordinates": [[[[-70.41225419, 18.72836177], [-70.41222628, 18.72830319], [-70.41218878, 18.72824229], [-70.41215925, 18.72821126], [-70.41212752, 18.72817617], [-70.41208523, 18.72813711], [-70.41204061, 18.72810238], [-70.4120048, 18.7280757], [-70.41197914, 18.72804614], [-70.41195534, 18.7280061], [-70.41192269, 18.72794199], [-70.4118786, 18.72783913], [-70.41186062, 18.72779526], [-70.41184251, 18.72772907], [-70.41183516, 18.72769586], [-70.41182058, 18.72760253], [-70.41182297, 18.72753381], [-70.41188663, 18.72739201], [-70.41190473, 18.727357], [-70.41191589, 18.72733915], [-70.41193677, 18.72732438], [-70.41198512, 18.72730004], [-70.41202698, 18.72729139], [-70.41205548, 18.72729362], [-70.41207228, 18.72730619], [-70.41212094, 18.72734131], [-70.4121149, 18.72735709], [-70.41211395, 18.72738291], [-70.41213015, 18.72745914], [-70.41216006, 18.72757436], [-70.41217254, 18.72759248], [-70.41218249, 18.72760366], [-70.41221, 18.7276177], [-70.41223514, 18.72765298], [-70.41229453, 18.72773784], [-70.41231358, 18.72777268], [-70.41235773, 18.72783424], [-70.412431, 18.7279616], [-70.41247608, 18.72805398], [-70.41248937, 18.72808653], [-70.41250583, 18.72812447], [-70.41253231, 18.72816972], [-70.41258019, 18.72827277], [-70.41225419, 18.72836177]]]]}, "geometry_name": "the_geom", "properties": {"Posicional": "305711131095", "Expediente": "6642020063924-03", "Area": 4641.90509033, "Municipio": "RANCHO ARRIBA", "Provincia": "San Jos\u00e9 de Ocoa", "Operacion": "Saneamiento", "FechaInsc": "12/4/2021 7:54:30 a.\u00a0m.", "area_calc_m2": 4642, "touches_family_land": false, "owner": null, "owner_source": null, "family": false, "category": "confirmed"}}, {"type": "Feature", "id": "Aprobados.560181", "geometry": {"type": "MultiPolygon", "coordinates": [[[[-70.40603202, 18.73932522], [-70.40620925, 18.73893968], [-70.40624078, 18.73881296], [-70.40630598, 18.73841413], [-70.40631418, 18.73829729], [-70.40634417, 18.73821844], [-70.40638948, 18.73812819], [-70.40641656, 18.73812651], [-70.40662346, 18.73801344], [-70.4066606, 18.73798003], [-70.40679643, 18.73769279], [-70.4069747, 18.73746612], [-70.40698507, 18.73735959], [-70.4070453, 18.73707212], [-70.40708919, 18.73687439], [-70.40710391, 18.7368154], [-70.40712973, 18.73671741], [-70.40717468, 18.73663769], [-70.40748559, 18.73625684], [-70.40751611, 18.73622659], [-70.40801191, 18.73653606], [-70.40780433, 18.7369351], [-70.40761997, 18.73727374], [-70.40774549, 18.73866803], [-70.40782606, 18.73883592], [-70.40867319, 18.73946717], [-70.40917183, 18.73975769], [-70.40931775, 18.73974405], [-70.40955088, 18.73975484], [-70.41007664, 18.73973294], [-70.41031252, 18.73984916], [-70.41071953, 18.7401456], [-70.41102705, 18.74027704], [-70.4109673, 18.74034284], [-70.41116592, 18.74044887], [-70.41127153, 18.74049123], [-70.41146433, 18.74054868], [-70.41150422, 18.74055583], [-70.41153583, 18.74055844], [-70.41165997, 18.74058944], [-70.41182772, 18.74061229], [-70.41191971, 18.74061566], [-70.41198307, 18.74062543], [-70.4121101, 18.74064836], [-70.4121299, 18.74095069], [-70.41210197, 18.74129418], [-70.41201632, 18.74143487], [-70.41200183, 18.74189195], [-70.41217008, 18.7424921], [-70.41232707, 18.74286532], [-70.41261859, 18.74309491], [-70.41263114, 18.74313599], [-70.41278432, 18.74320357], [-70.4126569, 18.74336329], [-70.41257313, 18.74346681], [-70.41249517, 18.74348974], [-70.41250236, 18.74356436], [-70.41247922, 18.74360504], [-70.41248827, 18.74362566], [-70.41248676, 18.74373196], [-70.41254244, 18.74379824], [-70.41252923, 18.7439169], [-70.41250103, 18.74405163], [-70.4124779, 18.74420531], [-70.4124962, 18.74436111], [-70.40944276, 18.74444365], [-70.40926497, 18.74427299], [-70.40920766, 18.74417945], [-70.40917161, 18.74406379], [-70.40914422, 18.74399722], [-70.40912613, 18.74394313], [-70.40910724, 18.74389593], [-70.40910493, 18.74384923], [-70.40910389, 18.74383496], [-70.40909173, 18.74379819], [-70.40905858, 18.743736], [-70.40900303, 18.74360204], [-70.40898234, 18.74355422], [-70.40888783, 18.74337801], [-70.40887492, 18.74336528], [-70.40879366, 18.74327633], [-70.4087417, 18.74315239], [-70.40867218, 18.74303887], [-70.4086366, 18.74295754], [-70.40857966, 18.74285035], [-70.40844336, 18.74268854], [-70.40834639, 18.74259303], [-70.40823438, 18.74249022], [-70.40814016, 18.74240554], [-70.40809037, 18.74237148], [-70.40784392, 18.74219486], [-70.40777446, 18.74215643], [-70.40774327, 18.74213479], [-70.40760513, 18.74201492], [-70.40757064, 18.74197433], [-70.40753498, 18.74193972], [-70.40748651, 18.74190421], [-70.40738298, 18.74181824], [-70.4073612, 18.74179879], [-70.40725766, 18.74172285], [-70.40717893, 18.74165349], [-70.40712076, 18.74162142], [-70.40712269, 18.74161966], [-70.40698375, 18.74153991], [-70.4069007, 18.74149842], [-70.40688677, 18.74148777], [-70.40677194, 18.74143361], [-70.40674145, 18.74141757], [-70.40638615, 18.74126713], [-70.40632474, 18.7412384], [-70.40622541, 18.74117796], [-70.40609493, 18.74107809], [-70.40602272, 18.74101638], [-70.40600687, 18.74098089], [-70.40599247, 18.74096013], [-70.40594488, 18.7407326], [-70.40591676, 18.74050962], [-70.40590554, 18.74044953], [-70.40587243, 18.74032173], [-70.40581358, 18.74016766], [-70.40579609, 18.74011673], [-70.40577309, 18.74006549], [-70.40577083, 18.74004491], [-70.40585981, 18.73984031], [-70.40588754, 18.73979917], [-70.40590164, 18.73974901], [-70.40592186, 18.73967124], [-70.40594664, 18.73954872], [-70.40600503, 18.73935184], [-70.40600324, 18.73935068], [-70.40600371, 18.73934098], [-70.40603202, 18.73932522]]]]}, "geometry_name": "the_geom", "properties": {"Posicional": "305712474825", "Expediente": "6642023045358-07", "Area": 296719.17, "Municipio": "", "Provincia": "", "Operacion": "Deslinde", "FechaInsc": "15/10/2024 9:16:16 a.\u00a0m.", "area_calc_m2": 296720, "touches_family_land": false, "owner": null, "owner_source": null, "family": false, "category": "confirmed"}}, {"type": "Feature", "id": "Aprobados.87412", "geometry": {"type": "MultiPolygon", "coordinates": [[[[-70.40947436, 18.70843986], [-70.40936468, 18.70819202], [-70.40923898, 18.70813893], [-70.40929296, 18.7079466], [-70.40937965, 18.70770867], [-70.40931598, 18.70760081], [-70.40989003, 18.70691212], [-70.41004639, 18.70679728], [-70.41022338, 18.70667622], [-70.41040927, 18.7065663], [-70.4106875, 18.7064087], [-70.41149604, 18.70746857], [-70.4115016, 18.70747593], [-70.41016541, 18.70828701], [-70.41015769, 18.70820159], [-70.41012275, 18.70807048], [-70.40947436, 18.70843986]]]]}, "geometry_name": "the_geom", "properties": {"Posicional": "305619209455", "Expediente": "6642018006751-04", "Area": 28333.63360596, "Municipio": "RANCHO ARRIBA", "Provincia": "SAN JOS\u00c9 DE OCOA", "Operacion": "Subdivisi\u00f3n", "FechaInsc": "4/5/2018 11:06:00 a.\u00a0m.", "area_calc_m2": 28334, "touches_family_land": false, "owner": null, "owner_source": null, "family": false, "category": "confirmed"}}, {"type": "Feature", "id": "Aprobados.400072", "geometry": {"type": "MultiPolygon", "coordinates": [[[[-70.41144438, 18.71623529], [-70.41141841, 18.71639417], [-70.41138525, 18.71641956], [-70.41135877, 18.7164678], [-70.41129457, 18.71641879], [-70.4111187, 18.71637039], [-70.41088744, 18.71621007], [-70.4106449, 18.71609847], [-70.41059541, 18.71599811], [-70.41050191, 18.71588051], [-70.41036487, 18.71575292], [-70.41020163, 18.71563299], [-70.41013808, 18.71556627], [-70.41007012, 18.71542357], [-70.41013096, 18.71515878], [-70.40961736, 18.71516615], [-70.40861563, 18.71532603], [-70.40855528, 18.71506915], [-70.40868367, 18.71503425], [-70.40883232, 18.7149957], [-70.40902777, 18.71494352], [-70.40909939, 18.71496704], [-70.40920099, 18.71500999], [-70.40934875, 18.71508819], [-70.40942196, 18.71505878], [-70.40956521, 18.71500293], [-70.40961757, 18.71498293], [-70.40966667, 18.71497107], [-70.41014917, 18.71500243], [-70.41022848, 18.71500873], [-70.41036378, 18.71503864], [-70.41046262, 18.71508018], [-70.41053827, 18.71512191], [-70.41057854, 18.7151594], [-70.41068212, 18.71528803], [-70.41081541, 18.71544473], [-70.4108298, 18.71548276], [-70.4108524, 18.71562044], [-70.41084839, 18.71563733], [-70.41084552, 18.71568797], [-70.41097124, 18.71585654], [-70.41115331, 18.71604096], [-70.41135893, 18.71617581], [-70.41144438, 18.71623529]]]]}, "geometry_name": "the_geom", "properties": {"Posicional": "305619391317", "Expediente": "6642022073870-04", "Area": 12581.25, "Municipio": "RANCHO ARRIBA", "Provincia": "San Jos\u00e9 de Ocoa", "Operacion": "Saneamiento", "FechaInsc": "9/3/2023 9:21:28 a.\u00a0m.", "area_calc_m2": 12581, "touches_family_land": false, "owner": null, "owner_source": null, "family": false, "category": "confirmed"}}, {"type": "Feature", "id": "Aprobados.223919", "geometry": {"type": "MultiPolygon", "coordinates": [[[[-70.41081273, 18.72358449], [-70.41061765, 18.72316152], [-70.41100572, 18.72297774], [-70.41127885, 18.72345774], [-70.41116943, 18.72351159], [-70.41106174, 18.72348382], [-70.41081273, 18.72358449]]]]}, "geometry_name": "the_geom", "properties": {"Posicional": "305710274938", "Expediente": "6642021013513-04", "Area": 2636.57019043, "Municipio": "RANCHO ARRIBA", "Provincia": "San Jos\u00e9 de Ocoa", "Operacion": "Subdivisi\u00f3n", "FechaInsc": "27/6/2021 1:51:10 p.\u00a0m.", "area_calc_m2": 2637, "touches_family_land": false, "owner": null, "owner_source": null, "family": false, "category": "confirmed"}}, {"type": "Feature", "id": "Aprobados.386882", "geometry": {"type": "MultiPolygon", "coordinates": [[[[-70.41127884, 18.72345772], [-70.41116944, 18.7235116], [-70.41106172, 18.72348379], [-70.41099243, 18.72351219], [-70.41077167, 18.72308911], [-70.41100569, 18.72297791], [-70.41127884, 18.72345772]]]]}, "geometry_name": "the_geom", "properties": {"Posicional": "305710273957", "Expediente": "6642022127180-02", "Area": 1635.85, "Municipio": "", "Provincia": "", "Operacion": "Subdivisi\u00f3n", "FechaInsc": "5/1/2023 1:27:55 p.\u00a0m.", "area_calc_m2": 1636, "touches_family_land": false, "owner": null, "owner_source": null, "family": false, "category": "confirmed"}}, {"type": "Feature", "id": "Aprobados.223911", "geometry": {"type": "MultiPolygon", "coordinates": [[[[-70.41117349, 18.72457258], [-70.41116058, 18.72456606], [-70.41114616, 18.72448829], [-70.41112356, 18.72434063], [-70.41111857, 18.72427815], [-70.41103362, 18.72417897], [-70.41092455, 18.72409969], [-70.41107498, 18.72411727], [-70.41144248, 18.72428504], [-70.4114728, 18.72432209], [-70.41144214, 18.72436278], [-70.41117349, 18.72457258]]]]}, "geometry_name": "the_geom", "properties": {"Posicional": "305710291132", "Expediente": "6642021013513-04", "Area": 1134.04901123, "Municipio": "RANCHO ARRIBA", "Provincia": "San Jos\u00e9 de Ocoa", "Operacion": "Subdivisi\u00f3n", "FechaInsc": "27/6/2021 1:51:10 p.\u00a0m.", "area_calc_m2": 1134, "touches_family_land": false, "owner": null, "owner_source": null, "family": false, "category": "confirmed"}}, {"type": "Feature", "id": "Aprobados.386881", "geometry": {"type": "MultiPolygon", "coordinates": [[[[-70.41117351, 18.72457261], [-70.41116062, 18.7245661], [-70.41114617, 18.72448835], [-70.41113848, 18.72443739], [-70.41137245, 18.72425317], [-70.41144248, 18.72428505], [-70.41147278, 18.7243221], [-70.41144207, 18.72436274], [-70.41117351, 18.72457261]]]]}, "geometry_name": "the_geom", "properties": {"Posicional": "305710290273", "Expediente": "6642022127172-04", "Area": 534.58, "Municipio": "RANCHO ARRIBA", "Provincia": "San Jos\u00e9 de Ocoa", "Operacion": "Subdivisi\u00f3n", "FechaInsc": "17/2/2023 1:13:48 p.\u00a0m.", "area_calc_m2": 535, "touches_family_land": false, "owner": null, "owner_source": null, "family": false, "category": "confirmed"}}, {"type": "Feature", "id": "Aprobados.299401", "geometry": {"type": "MultiPolygon", "coordinates": [[[[-70.41040725, 18.7311493], [-70.41043218, 18.73115924], [-70.41051963, 18.73116011], [-70.41057816, 18.73115037], [-70.41064178, 18.73114898], [-70.41071172, 18.73111963], [-70.41078119, 18.73107971], [-70.41086695, 18.73104934], [-70.41091801, 18.73104218], [-70.41091357, 18.73103308], [-70.41091341, 18.73101321], [-70.4109122, 18.7309815], [-70.41091614, 18.73094189], [-70.41092352, 18.7309178], [-70.41095505, 18.73086552], [-70.41100836, 18.73083322], [-70.41108166, 18.73079698], [-70.41119647, 18.73074759], [-70.41120382, 18.73076398], [-70.41125341, 18.73080888], [-70.41128307, 18.73087389], [-70.4113024, 18.73091793], [-70.41132159, 18.73095564], [-70.41133836, 18.73098904], [-70.41135863, 18.73103163], [-70.41119889, 18.73115292], [-70.41082235, 18.73152568], [-70.41080977, 18.73151836], [-70.41074402, 18.7314697], [-70.41060401, 18.73137471], [-70.41042157, 18.73125166], [-70.41035303, 18.73120971], [-70.41036001, 18.73117116], [-70.41040725, 18.7311493]]]]}, "geometry_name": "the_geom", "properties": {"Posicional": "305711265627", "Expediente": "6642021048481-05", "Area": 3695.46173096, "Municipio": "RANCHO ARRIBA", "Provincia": "San Jos\u00e9 de Ocoa", "Operacion": "Saneamiento", "FechaInsc": "25/1/2022 3:06:32 p.\u00a0m.", "area_calc_m2": 3695, "touches_family_land": false, "owner": null, "owner_source": null, "family": false, "category": "confirmed"}}, {"type": "Feature", "id": "Aprobados.134336", "geometry": {"type": "MultiPolygon", "coordinates": [[[[-70.40810905, 18.72342131], [-70.40859571, 18.72331493], [-70.40877329, 18.72324668], [-70.40881197, 18.72319427], [-70.4090501, 18.72314823], [-70.40920998, 18.72318108], [-70.40925594, 18.72327929], [-70.40931056, 18.72344742], [-70.4093972, 18.72349356], [-70.40950992, 18.72346559], [-70.40970368, 18.7234105], [-70.40977611, 18.72340815], [-70.40984614, 18.72338438], [-70.4098999, 18.72341234], [-70.40990891, 18.72342385], [-70.41002162, 18.7236668], [-70.41006391, 18.72377085], [-70.41014356, 18.7241023], [-70.40994812, 18.72405797], [-70.40975774, 18.72408118], [-70.40939539, 18.72415574], [-70.40916961, 18.72419318], [-70.40912965, 18.72423446], [-70.40897876, 18.72431348], [-70.40897933, 18.72434815], [-70.40902435, 18.72450206], [-70.40912051, 18.72484715], [-70.40897038, 18.72494664], [-70.40868769, 18.72512292], [-70.40868551, 18.72508821], [-70.40851706, 18.72467314], [-70.40827243, 18.72428983], [-70.40822441, 18.72398763], [-70.40816799, 18.7238513], [-70.40815138, 18.72381521], [-70.40805569, 18.72359692], [-70.40802556, 18.7234852], [-70.40810905, 18.72342131]]]]}, "geometry_name": "the_geom", "properties": {"Posicional": "305710485618", "Expediente": "6642019007018-08", "Area": 23882.45, "Municipio": "RANCHO ARRIBA", "Provincia": "San Jos\u00e9 de Ocoa", "Operacion": "Saneamiento", "FechaInsc": "5/9/2019 4:11:42 p.\u00a0m.", "area_calc_m2": 23883, "touches_family_land": false, "owner": null, "owner_source": null, "family": false, "category": "confirmed"}}, {"type": "Feature", "id": "Aprobados.711816", "geometry": {"type": "MultiPolygon", "coordinates": [[[[-70.40962825, 18.72368525], [-70.40958297, 18.7235529], [-70.40963421, 18.72354426], [-70.40976837, 18.72349499], [-70.40991226, 18.72342464], [-70.40998583, 18.72358221], [-70.40980329, 18.72363712], [-70.40962825, 18.72368525]]]]}, "geometry_name": "the_geom", "properties": {"Posicional": "305710386247", "Expediente": "6642024072146-03", "Area": 630.42, "Municipio": "RANCHO ARRIBA", "Provincia": "San Jos\u00e9 de Ocoa", "Operacion": "Subdivisi\u00f3n", "FechaInsc": "25/2/2025 10:25:04 a.\u00a0m.", "area_calc_m2": 631, "touches_family_land": false, "owner": null, "owner_source": null, "family": false, "category": "confirmed"}}, {"type": "Feature", "id": "Aprobados.299400", "geometry": {"type": "MultiPolygon", "coordinates": [[[[-70.40940282, 18.73165203], [-70.40944223, 18.73156616], [-70.40945597, 18.73152007], [-70.40953128, 18.73131538], [-70.40955722, 18.73125157], [-70.40958798, 18.73121032], [-70.40961376, 18.73117462], [-70.40965666, 18.73112044], [-70.40969555, 18.73108762], [-70.40976198, 18.73104664], [-70.40986571, 18.73098658], [-70.40996843, 18.73092021], [-70.41001582, 18.73090476], [-70.41003243, 18.73091855], [-70.41007052, 18.73095974], [-70.41012048, 18.73101412], [-70.41017427, 18.7310392], [-70.41024578, 18.73107326], [-70.41030954, 18.73112338], [-70.41036001, 18.73117116], [-70.41035303, 18.73120971], [-70.41042157, 18.73125166], [-70.41060401, 18.73137471], [-70.41074402, 18.7314697], [-70.41080977, 18.73151836], [-70.41082235, 18.73152568], [-70.41065304, 18.73184239], [-70.41054437, 18.73199257], [-70.41037442, 18.73209632], [-70.41022075, 18.73201236], [-70.40940282, 18.73165203]]]]}, "geometry_name": "the_geom", "properties": {"Posicional": "305711373088", "Expediente": "6642021048481-05", "Area": 11217.99371338, "Municipio": "RANCHO ARRIBA", "Provincia": "San Jos\u00e9 de Ocoa", "Operacion": "Saneamiento", "FechaInsc": "25/1/2022 3:06:32 p.\u00a0m.", "area_calc_m2": 11218, "touches_family_land": false, "owner": null, "owner_source": null, "family": false, "category": "confirmed"}}, {"type": "Feature", "id": "Aprobados.27000", "geometry": {"type": "MultiPolygon", "coordinates": [[[[-70.40929781, 18.73243821], [-70.40928632, 18.73236745], [-70.40926858, 18.73216085], [-70.40928222, 18.73203325], [-70.4092914, 18.73195059], [-70.40931791, 18.73181929], [-70.40940282, 18.73165203], [-70.41022075, 18.73201236], [-70.4101273, 18.73211065], [-70.41002287, 18.73221155], [-70.40972728, 18.73240922], [-70.40964323, 18.7324403], [-70.40940107, 18.73245839], [-70.40929781, 18.73243821]]]]}, "geometry_name": "the_geom", "properties": {"Posicional": "305711378770", "Expediente": "663201510776", "Area": 5554.3538208, "Municipio": "RANCHO ARRIBA", "Provincia": "SAN JOS\u00c9 DE OCOA", "Operacion": "Saneamiento", "FechaInsc": "22/2/2017 10:03:39 a.\u00a0m.", "area_calc_m2": 5554, "touches_family_land": false, "owner": null, "owner_source": null, "family": false, "category": "confirmed"}}, {"type": "Feature", "id": "Aprobados.299399", "geometry": {"type": "MultiPolygon", "coordinates": [[[[-70.40931851, 18.73263611], [-70.4093197, 18.73261858], [-70.40930958, 18.73251989], [-70.40929824, 18.73244426], [-70.40929762, 18.73243821], [-70.40940107, 18.73245839], [-70.40964323, 18.7324403], [-70.40972728, 18.73240922], [-70.41002287, 18.73221155], [-70.4101273, 18.73211065], [-70.41022075, 18.73201236], [-70.41037442, 18.73209632], [-70.41028375, 18.73216414], [-70.40984736, 18.73243326], [-70.40970026, 18.73249029], [-70.40931851, 18.73263611]]]]}, "geometry_name": "the_geom", "properties": {"Posicional": "305711376979", "Expediente": "6642021048481-05", "Area": 1427.04418945, "Municipio": "RANCHO ARRIBA", "Provincia": "San Jos\u00e9 de Ocoa", "Operacion": "Saneamiento", "FechaInsc": "25/1/2022 3:06:32 p.\u00a0m.", "area_calc_m2": 1427, "touches_family_land": false, "owner": null, "owner_source": null, "family": false, "category": "confirmed"}}, {"type": "Feature", "id": "Aprobados.722906", "geometry": {"type": "MultiPolygon", "coordinates": [[[[-70.4089695, 18.66053081], [-70.40847424, 18.66066704], [-70.40799781, 18.66095025], [-70.40779719, 18.66110413], [-70.40745258, 18.66106723], [-70.40741842, 18.66089585], [-70.40738388, 18.66074845], [-70.40737503, 18.6605992], [-70.40729936, 18.66037103], [-70.40727131, 18.66017764], [-70.40724919, 18.66008647], [-70.40710413, 18.65988131], [-70.4072074, 18.65973076], [-70.40721582, 18.65928088], [-70.40693615, 18.65907525], [-70.40690117, 18.65899861], [-70.40695014, 18.65898219], [-70.40700219, 18.65898937], [-70.40705981, 18.65900723], [-70.40719054, 18.65900521], [-70.40724194, 18.65897409], [-70.40740012, 18.65891914], [-70.40743003, 18.65890768], [-70.40772287, 18.65878842], [-70.40781899, 18.65875728], [-70.40787013, 18.65872706], [-70.40791369, 18.65871428], [-70.40794969, 18.65871321], [-70.4080982, 18.65867446], [-70.4082325, 18.65883694], [-70.40832507, 18.65894185], [-70.40836999, 18.65899112], [-70.40851578, 18.65918618], [-70.40859054, 18.6592941], [-70.40863487, 18.65942968], [-70.40868652, 18.65952834], [-70.40866141, 18.6596923], [-70.40879656, 18.65999954], [-70.40888715, 18.66019838], [-70.40893116, 18.66025821], [-70.40917075, 18.66044021], [-70.4089695, 18.66053081]]]]}, "geometry_name": "the_geom", "properties": {"Posicional": "305613570729", "Expediente": "6642026020720-03", "Area": 35719.42, "Municipio": "RANCHO ARRIBA", "Provincia": "San Jos\u00e9 de Ocoa", "Operacion": "Saneamiento", "FechaInsc": "1/5/2026 9:35:38 a.\u00a0m.", "area_calc_m2": 35719, "touches_family_land": false, "owner": null, "owner_source": null, "family": false, "category": "confirmed"}}, {"type": "Feature", "id": "Aprobados.711812", "geometry": {"type": "MultiPolygon", "coordinates": [[[[-70.40905709, 18.72364735], [-70.40883611, 18.72362678], [-70.40878778, 18.72333975], [-70.40902513, 18.7232966], [-70.40905709, 18.72364735]]]]}, "geometry_name": "the_geom", "properties": {"Posicional": "305710485157", "Expediente": "6642024072146-03", "Area": 858.05, "Municipio": "RANCHO ARRIBA", "Provincia": "San Jos\u00e9 de Ocoa", "Operacion": "Subdivisi\u00f3n", "FechaInsc": "25/2/2025 10:25:04 a.\u00a0m.", "area_calc_m2": 858, "touches_family_land": false, "owner": null, "owner_source": null, "family": false, "category": "confirmed"}}, {"type": "Feature", "id": "Aprobados.711805", "geometry": {"type": "MultiPolygon", "coordinates": [[[[-70.40868749, 18.7251225], [-70.40868581, 18.72509058], [-70.40861197, 18.72490809], [-70.4085553, 18.72476909], [-70.40861747, 18.72474446], [-70.40904443, 18.72456206], [-70.40905991, 18.72460938], [-70.40912092, 18.72484545], [-70.40905644, 18.72489194], [-70.4089688, 18.72494742], [-70.40868749, 18.7251225]]]]}, "geometry_name": "the_geom", "properties": {"Posicional": "305710496657", "Expediente": "6642024072146-03", "Area": 2001.29, "Municipio": "RANCHO ARRIBA", "Provincia": "San Jos\u00e9 de Ocoa", "Operacion": "Subdivisi\u00f3n", "FechaInsc": "25/2/2025 10:25:04 a.\u00a0m.", "area_calc_m2": 2002, "touches_family_land": false, "owner": null, "owner_source": null, "family": false, "category": "confirmed"}}, {"type": "Feature", "id": "Aprobados.711806", "geometry": {"type": "MultiPolygon", "coordinates": [[[[-70.40861744, 18.7247446], [-70.40853588, 18.72452493], [-70.40863004, 18.72449909], [-70.40874075, 18.72444834], [-70.40897674, 18.72434557], [-70.40904443, 18.72456206], [-70.40861744, 18.7247446]]]]}, "geometry_name": "the_geom", "properties": {"Posicional": "305710497305", "Expediente": "6642024072146-03", "Area": 1233.57, "Municipio": "RANCHO ARRIBA", "Provincia": "San Jos\u00e9 de Ocoa", "Operacion": "Subdivisi\u00f3n", "FechaInsc": "25/2/2025 10:25:04 a.\u00a0m.", "area_calc_m2": 1233, "touches_family_land": false, "owner": null, "owner_source": null, "family": false, "category": "confirmed"}}, {"type": "Feature", "id": "Aprobados.707788", "geometry": {"type": "MultiPolygon", "coordinates": [[[[-70.40871352, 18.72662108], [-70.4083615, 18.72633421], [-70.40821064, 18.7261201], [-70.40823435, 18.72607093], [-70.40832612, 18.72555623], [-70.40854505, 18.72533096], [-70.40856807, 18.72533025], [-70.40868104, 18.72546927], [-70.40888936, 18.72564696], [-70.40914304, 18.72583068], [-70.40927153, 18.72589118], [-70.40947865, 18.72598513], [-70.40967461, 18.7261563], [-70.40977228, 18.72617844], [-70.40990085, 18.72610791], [-70.41006435, 18.72642809], [-70.40978735, 18.72653953], [-70.40950487, 18.72659786], [-70.40937594, 18.72662506], [-70.40871352, 18.72662108]]]]}, "geometry_name": "the_geom", "properties": {"Posicional": "305711415111", "Expediente": "6642020060550-03", "Area": 15230.91363525, "Municipio": "RANCHO ARRIBA", "Provincia": "San Jos\u00e9 de Ocoa", "Operacion": "Saneamiento", "FechaInsc": "28/4/2021 11:37:29 a.\u00a0m.", "area_calc_m2": 15231, "touches_family_land": false, "owner": null, "owner_source": null, "family": false, "category": "confirmed"}}, {"type": "Feature", "id": "Aprobados.41019", "geometry": {"type": "MultiPolygon", "coordinates": [[[[-70.40992148, 18.7308855], [-70.40959917, 18.73108482], [-70.40952397, 18.73118785], [-70.40938159, 18.73158496], [-70.4093529, 18.73163605], [-70.40932247, 18.73168326], [-70.40927155, 18.73181033], [-70.40921203, 18.73206703], [-70.40892736, 18.73209357], [-70.40862339, 18.73143959], [-70.4082864, 18.73081757], [-70.40825624, 18.73072572], [-70.4081226, 18.7307017], [-70.40802212, 18.73055816], [-70.40814671, 18.73039512], [-70.40820469, 18.73031941], [-70.40830488, 18.73020996], [-70.40840353, 18.73013187], [-70.40853449, 18.73023362], [-70.40862427, 18.73029927], [-70.40871634, 18.73040005], [-70.40886321, 18.73048767], [-70.40899868, 18.73058406], [-70.40928902, 18.73072663], [-70.40949683, 18.7307969], [-70.40992148, 18.7308855]]]]}, "geometry_name": "the_geom", "properties": {"Posicional": "305711466547", "Expediente": "663201700414", "Area": 18039.73, "Municipio": "RANCHO ARRIBA", "Provincia": "SAN JOS\u00c9 DE OCOA", "Operacion": "Subdivisi\u00f3n", "FechaInsc": "3/8/2017 9:26:44 a.\u00a0m.", "area_calc_m2": 18040, "touches_family_land": false, "owner": null, "owner_source": null, "family": false, "category": "confirmed"}}, {"type": "Feature", "id": "Aprobados.41021", "geometry": {"type": "MultiPolygon", "coordinates": [[[[-70.40921203, 18.73206703], [-70.40921931, 18.7322007], [-70.40923774, 18.73235309], [-70.40927263, 18.73264974], [-70.40923707, 18.73274181], [-70.40921431, 18.7327765], [-70.40918306, 18.73280411], [-70.40915485, 18.73282285], [-70.40911739, 18.73283416], [-70.40904346, 18.73289706], [-70.40899493, 18.73294568], [-70.40886261, 18.73308049], [-70.40875368, 18.7331648], [-70.40869408, 18.73320645], [-70.40851687, 18.73330239], [-70.40847108, 18.73333915], [-70.4084632, 18.73336126], [-70.40840189, 18.73343599], [-70.40837664, 18.73346763], [-70.40835528, 18.73348812], [-70.4082983, 18.73352424], [-70.4082436, 18.73349293], [-70.40812303, 18.73348923], [-70.40806927, 18.73350247], [-70.40802719, 18.73349465], [-70.40796497, 18.73353894], [-70.40790115, 18.73357439], [-70.40781567, 18.73361624], [-70.4077432, 18.73354675], [-70.40769529, 18.73349832], [-70.40767103, 18.73346706], [-70.407661, 18.73344635], [-70.40763327, 18.73335096], [-70.40761362, 18.7333025], [-70.40757082, 18.73324165], [-70.40750389, 18.73316508], [-70.40745684, 18.73312983], [-70.40733688, 18.73307326], [-70.40722932, 18.73302654], [-70.40716984, 18.73300115], [-70.40710896, 18.73296826], [-70.40704942, 18.73290103], [-70.40700673, 18.73281976], [-70.40698043, 18.73278201], [-70.40688382, 18.73267051], [-70.40676451, 18.73249864], [-70.40672858, 18.73245437], [-70.40669952, 18.73241546], [-70.40666504, 18.73238545], [-70.40662673, 18.73235203], [-70.40658622, 18.73232749], [-70.40664518, 18.73230102], [-70.40670363, 18.73225875], [-70.40690451, 18.73211158], [-70.40715079, 18.73193706], [-70.40730558, 18.73180208], [-70.40743095, 18.7316871], [-70.40746657, 18.73169379], [-70.40748931, 18.73170166], [-70.40756574, 18.73172341], [-70.40758529, 18.7317257], [-70.40759938, 18.73173183], [-70.40762913, 18.73173946], [-70.40775922, 18.73177083], [-70.40791966, 18.73181309], [-70.40806297, 18.73184942], [-70.40825401, 18.73189931], [-70.40851638, 18.73196239], [-70.40851995, 18.73207224], [-70.40857083, 18.73207764], [-70.40863996, 18.73209998], [-70.40868162, 18.73210328], [-70.40892736, 18.73209357], [-70.40921203, 18.73206703]]]]}, "geometry_name": "the_geom", "properties": {"Posicional": "305711586214", "Expediente": "663201700414", "Area": 36006.61, "Municipio": "RANCHO ARRIBA", "Provincia": "SAN JOS\u00c9 DE OCOA", "Operacion": "Subdivisi\u00f3n", "FechaInsc": "3/8/2017 9:26:44 a.\u00a0m.", "area_calc_m2": 36007, "touches_family_land": false, "owner": null, "owner_source": null, "family": false, "category": "confirmed"}}, {"type": "Feature", "id": "Aprobados.671485", "geometry": {"type": "MultiPolygon", "coordinates": [[[[-70.40568516, 18.67447632], [-70.40574471, 18.67450118], [-70.40582235, 18.67452337], [-70.4059628, 18.67455114], [-70.40619273, 18.67456532], [-70.40636419, 18.67457108], [-70.40647605, 18.67458145], [-70.40662337, 18.67460357], [-70.40680051, 18.67462049], [-70.40696411, 18.67463815], [-70.40702773, 18.67465105], [-70.40715815, 18.6746929], [-70.40723475, 18.67472639], [-70.4073399, 18.67476238], [-70.4074678, 18.67479774], [-70.40757203, 18.67483654], [-70.40764976, 18.67488095], [-70.40772, 18.67493771], [-70.40774613, 18.67497863], [-70.40778114, 18.67499319], [-70.40775079, 18.67502667], [-70.40772413, 18.67512726], [-70.40770115, 18.6751802], [-70.40766367, 18.67523415], [-70.4076289, 18.67525926], [-70.40756752, 18.67528909], [-70.40746089, 18.67535034], [-70.40740861, 18.67539076], [-70.40737283, 18.67542039], [-70.40728969, 18.67546773], [-70.40724592, 18.67549453], [-70.4071593, 18.67553322], [-70.40546734, 18.67519477], [-70.40544758, 18.67509751], [-70.40545738, 18.67502126], [-70.40547591, 18.67494631], [-70.40550793, 18.67486231], [-70.40554824, 18.67478466], [-70.40559146, 18.67466741], [-70.40560666, 18.67463748], [-70.40564664, 18.6745648], [-70.40568516, 18.67447632]]]]}, "geometry_name": "the_geom", "properties": {"Posicional": "305615646511", "Expediente": "6642025044091-03", "Area": 18865.8, "Municipio": "RANCHO ARRIBA", "Provincia": "San Jos\u00e9 de Ocoa", "Operacion": "Deslinde", "FechaInsc": "14/10/2025 9:35:06 a.\u00a0m.", "area_calc_m2": 18866, "touches_family_land": false, "owner": null, "owner_source": null, "family": false, "category": "confirmed"}}, {"type": "Feature", "id": "Aprobados.123800", "geometry": {"type": "MultiPolygon", "coordinates": [[[[-70.40764246, 18.72684882], [-70.40635604, 18.72595446], [-70.40639772, 18.72541789], [-70.40592, 18.72464423], [-70.40517886, 18.72435423], [-70.4052596, 18.72411832], [-70.40552336, 18.72398114], [-70.40566102, 18.72378882], [-70.40666699, 18.72379883], [-70.40690002, 18.72421234], [-70.4068404, 18.72424846], [-70.4067096, 18.72431873], [-70.40654551, 18.7245372], [-70.40671767, 18.72486646], [-70.4068613, 18.7251578], [-70.40697522, 18.72521915], [-70.40725362, 18.72527855], [-70.40730723, 18.72529272], [-70.40745164, 18.72535385], [-70.4076031, 18.72544337], [-70.40766149, 18.72558729], [-70.40794042, 18.72548566], [-70.40809382, 18.72544142], [-70.40836104, 18.72533788], [-70.40832445, 18.72555868], [-70.40822424, 18.72609381], [-70.40792585, 18.72635477], [-70.40760038, 18.72664223], [-70.40764246, 18.72684882]]]]}, "geometry_name": "the_geom", "properties": {"Posicional": "305711607181", "Expediente": "6642019003705-04", "Area": 40333.12, "Municipio": "RANCHO ARRIBA", "Provincia": "San Jos\u00e9 de Ocoa", "Operacion": "Saneamiento", "FechaInsc": "25/6/2019 3:10:50 p.\u00a0m.", "area_calc_m2": 40333, "touches_family_land": false, "owner": null, "owner_source": null, "family": false, "category": "confirmed"}}, {"type": "Feature", "id": "Aprobados.41020", "geometry": {"type": "MultiPolygon", "coordinates": [[[[-70.40892736, 18.73209357], [-70.40868162, 18.73210328], [-70.40863996, 18.73209998], [-70.40857083, 18.73207764], [-70.40851995, 18.73207224], [-70.40851638, 18.73196239], [-70.40825401, 18.73189931], [-70.40806297, 18.73184942], [-70.40791966, 18.73181309], [-70.40775922, 18.73177083], [-70.40762913, 18.73173946], [-70.40759938, 18.73173183], [-70.40758529, 18.7317257], [-70.40756574, 18.73172341], [-70.40748931, 18.73170166], [-70.40746657, 18.73169379], [-70.40743095, 18.7316871], [-70.40747418, 18.73159317], [-70.40748688, 18.73156958], [-70.40749077, 18.73154615], [-70.40748661, 18.73151356], [-70.40753264, 18.73146026], [-70.40755034, 18.73143365], [-70.40755907, 18.73141154], [-70.40755011, 18.73139426], [-70.40756896, 18.73134596], [-70.40759017, 18.73127252], [-70.40757834, 18.73116165], [-70.40758375, 18.73113902], [-70.40758412, 18.73089722], [-70.40758103, 18.73083291], [-70.40755165, 18.73076717], [-70.40753799, 18.73075525], [-70.40752686, 18.73073907], [-70.40758819, 18.73071259], [-70.40765001, 18.73069983], [-70.40775829, 18.73057125], [-70.40785082, 18.73057815], [-70.40789672, 18.73061286], [-70.40795117, 18.73059194], [-70.40802212, 18.73055816], [-70.4081226, 18.7307017], [-70.40825624, 18.73072572], [-70.4082864, 18.73081757], [-70.40862339, 18.73143959], [-70.40892736, 18.73209357]]]]}, "geometry_name": "the_geom", "properties": {"Posicional": "305711564889", "Expediente": "663201700414", "Area": 14551.68, "Municipio": "RANCHO ARRIBA", "Provincia": "SAN JOS\u00c9 DE OCOA", "Operacion": "Subdivisi\u00f3n", "FechaInsc": "3/8/2017 9:26:44 a.\u00a0m.", "area_calc_m2": 14552, "touches_family_land": false, "owner": null, "owner_source": null, "family": false, "category": "confirmed"}}, {"type": "Feature", "id": "Aprobados.654225", "geometry": {"type": "MultiPolygon", "coordinates": [[[[-70.40422192, 18.65947705], [-70.4040948, 18.65949431], [-70.40389596, 18.65949928], [-70.4036637, 18.6594178], [-70.40349658, 18.65935693], [-70.40336848, 18.65935364], [-70.40337178, 18.65929184], [-70.40338771, 18.65926386], [-70.40351036, 18.65911276], [-70.40352907, 18.65907919], [-70.40353404, 18.65901709], [-70.40362586, 18.65875554], [-70.40375179, 18.6586016], [-70.40384711, 18.65810101], [-70.40385207, 18.65786319], [-70.40399558, 18.6578723], [-70.40411914, 18.65791569], [-70.4042355, 18.65798024], [-70.40436145, 18.65798466], [-70.4044754, 18.6580346], [-70.40453577, 18.65806659], [-70.40462009, 18.65818496], [-70.40477493, 18.65814744], [-70.40490353, 18.65801194], [-70.40505734, 18.657822], [-70.40513672, 18.65761134], [-70.40533642, 18.65749563], [-70.40550335, 18.65734547], [-70.40552561, 18.65710618], [-70.40559044, 18.65698145], [-70.4057121, 18.65701399], [-70.40584845, 18.65713253], [-70.40592616, 18.65726867], [-70.40607169, 18.65743778], [-70.40607396, 18.65758933], [-70.40618818, 18.65776054], [-70.4063372, 18.65796191], [-70.40637984, 18.65806802], [-70.40620876, 18.65808954], [-70.4060181, 18.6581658], [-70.4059581, 18.65818486], [-70.40564144, 18.6581996], [-70.40550245, 18.65821992], [-70.40529737, 18.65838521], [-70.40506832, 18.65860459], [-70.40487318, 18.65870726], [-70.40452746, 18.659069], [-70.40436814, 18.65896221], [-70.40430232, 18.65909742], [-70.4042375, 18.65930621], [-70.40422192, 18.65947705]]]]}, "geometry_name": "the_geom", "properties": {"Posicional": "305613863052", "Expediente": "6642025027683-03", "Area": 31115.45, "Municipio": "RANCHO ARRIBA", "Provincia": "San Jos\u00e9 de Ocoa", "Operacion": "Saneamiento", "FechaInsc": "17/9/2025 3:58:46 p.\u00a0m.", "area_calc_m2": 31115, "touches_family_land": false, "owner": null, "owner_source": null, "family": false, "category": "confirmed"}}, {"type": "Feature", "id": "Aprobados.654224", "geometry": {"type": "MultiPolygon", "coordinates": [[[[-70.40572889, 18.66041581], [-70.40555589, 18.66053684], [-70.40546672, 18.66056573], [-70.40536127, 18.66057787], [-70.40517898, 18.6605581], [-70.40494048, 18.66048647], [-70.40493428, 18.66037018], [-70.40482298, 18.66026966], [-70.40478951, 18.66018623], [-70.4047646, 18.66008243], [-70.40468342, 18.65999728], [-70.40461069, 18.65989049], [-70.40467039, 18.65978013], [-70.40469529, 18.65974668], [-70.40480529, 18.65961974], [-70.40483291, 18.65957698], [-70.40466881, 18.65949413], [-70.40456394, 18.65909406], [-70.40488379, 18.65875253], [-70.40510183, 18.65863279], [-70.40531429, 18.65841148], [-70.40550181, 18.65825344], [-70.40564648, 18.65823675], [-70.4059674, 18.65821276], [-70.40622711, 18.65812537], [-70.40638188, 18.65810711], [-70.40654961, 18.65814729], [-70.40640627, 18.65833613], [-70.40632931, 18.65841795], [-70.40630459, 18.6586434], [-70.40620177, 18.65883669], [-70.40597096, 18.65865733], [-70.40574508, 18.65863408], [-70.40567755, 18.65875077], [-70.40564405, 18.65888126], [-70.40532777, 18.65877848], [-70.40526205, 18.65896816], [-70.40524759, 18.65918765], [-70.40515923, 18.65919004], [-70.40519249, 18.65932964], [-70.40544264, 18.65929235], [-70.40553823, 18.65928218], [-70.40569047, 18.65943277], [-70.40569083, 18.65975078], [-70.40569419, 18.65993537], [-70.40577572, 18.66003013], [-70.40556397, 18.66023473], [-70.40572889, 18.66041581]]]]}, "geometry_name": "the_geom", "properties": {"Posicional": "305613777166", "Expediente": "6642025027683-03", "Area": 24342.84, "Municipio": "RANCHO ARRIBA", "Provincia": "San Jos\u00e9 de Ocoa", "Operacion": "Saneamiento", "FechaInsc": "17/9/2025 3:58:46 p.\u00a0m.", "area_calc_m2": 24343, "touches_family_land": false, "owner": null, "owner_source": null, "family": false, "category": "confirmed"}}, {"type": "Feature", "id": "Aprobados.710532", "geometry": {"type": "MultiPolygon", "coordinates": [[[[-70.40327983, 18.66181914], [-70.40320013, 18.66182659], [-70.40307175, 18.66161796], [-70.40300367, 18.66151253], [-70.4029548, 18.66140437], [-70.40292151, 18.66140733], [-70.40285515, 18.66136427], [-70.40255208, 18.6611802], [-70.40244742, 18.66110915], [-70.40241499, 18.66115208], [-70.40240145, 18.66122159], [-70.40239796, 18.66130989], [-70.40237225, 18.66141071], [-70.40230554, 18.66157788], [-70.40222094, 18.66170795], [-70.40216533, 18.66178704], [-70.40210198, 18.66185396], [-70.40197537, 18.66176547], [-70.4018213, 18.66168454], [-70.4015796, 18.66159355], [-70.40146726, 18.66156463], [-70.40138088, 18.66156938], [-70.40125499, 18.66158194], [-70.40128353, 18.66137201], [-70.40130763, 18.66120452], [-70.40132015, 18.66098086], [-70.40132973, 18.66085821], [-70.40133944, 18.66080004], [-70.40141417, 18.66071302], [-70.40157559, 18.66059066], [-70.40172306, 18.66048634], [-70.40177021, 18.66042058], [-70.40202718, 18.65971549], [-70.40217045, 18.65964032], [-70.40278395, 18.65887218], [-70.40309869, 18.65790184], [-70.40349681, 18.65653302], [-70.40335701, 18.65554742], [-70.40368862, 18.65526876], [-70.40395473, 18.65526364], [-70.40416594, 18.65565238], [-70.40433581, 18.65602458], [-70.40450727, 18.65624399], [-70.40476345, 18.6563877], [-70.40475794, 18.65650793], [-70.40464429, 18.65672583], [-70.40468011, 18.65695091], [-70.40483144, 18.65697541], [-70.40503559, 18.65710697], [-70.40524709, 18.65707767], [-70.40532907, 18.65715503], [-70.40548502, 18.6572359], [-70.40541468, 18.65732774], [-70.40520887, 18.65733642], [-70.40501837, 18.65738771], [-70.40487266, 18.65743348], [-70.40477373, 18.65746118], [-70.40462024, 18.65750905], [-70.40445443, 18.65754983], [-70.40433158, 18.65754874], [-70.40409702, 18.65749256], [-70.40400545, 18.657481], [-70.40380557, 18.65748656], [-70.40376495, 18.65752701], [-70.40374826, 18.65767891], [-70.40376851, 18.65772575], [-70.40385207, 18.65786319], [-70.40384711, 18.65810101], [-70.40375179, 18.6586016], [-70.40362586, 18.65875554], [-70.40353404, 18.65901709], [-70.40352907, 18.65907919], [-70.40351036, 18.65911276], [-70.40338771, 18.65926386], [-70.40337178, 18.65929184], [-70.40336848, 18.65935364], [-70.40333706, 18.65939855], [-70.40341973, 18.65954982], [-70.40348008, 18.65964198], [-70.40351881, 18.65971589], [-70.40356098, 18.65980601], [-70.40360097, 18.65991054], [-70.40364051, 18.6599819], [-70.40371402, 18.66002097], [-70.40375067, 18.66003334], [-70.4038111, 18.6600713], [-70.40384991, 18.6600901], [-70.40390168, 18.66011847], [-70.40386265, 18.66017982], [-70.40377157, 18.66034984], [-70.40363658, 18.66069093], [-70.40359239, 18.66092009], [-70.40349273, 18.66112011], [-70.40341814, 18.66144462], [-70.40338418, 18.66152373], [-70.40327983, 18.66181914]]]]}, "geometry_name": "the_geom", "properties": {"Posicional": "305623060740", "Expediente": "6642025027659-03", "Area": 96781.83, "Municipio": "RANCHO ARRIBA", "Provincia": "San Jos\u00e9 de Ocoa", "Operacion": "Saneamiento", "FechaInsc": "22/9/2025 2:52:20 p.\u00a0m.", "area_calc_m2": 96783, "touches_family_land": false, "owner": null, "owner_source": null, "family": false, "category": "confirmed"}}, {"type": "Feature", "id": "Aprobados.590472", "geometry": {"type": "MultiPolygon", "coordinates": [[[[-70.40519408, 18.70369929], [-70.40516471, 18.70366888], [-70.40510426, 18.70359397], [-70.40503223, 18.70349476], [-70.40493791, 18.70338333], [-70.40491151, 18.70336708], [-70.40486529, 18.70333824], [-70.4048181, 18.7033386], [-70.40476902, 18.70333526], [-70.4047072, 18.70334765], [-70.40460631, 18.70337136], [-70.40435932, 18.70335107], [-70.40421188, 18.70336365], [-70.40430908, 18.70237159], [-70.40436705, 18.70240261], [-70.40445371, 18.70243594], [-70.40468469, 18.70252737], [-70.4048503, 18.70259073], [-70.4049527, 18.70261328], [-70.40509091, 18.70266519], [-70.40522154, 18.70270686], [-70.4053226, 18.702739], [-70.40541384, 18.70276533], [-70.40560488, 18.70283067], [-70.40571191, 18.70286176], [-70.40584439, 18.70289863], [-70.40594728, 18.70293409], [-70.40600242, 18.70295121], [-70.40599894, 18.70297708], [-70.40596885, 18.70297297], [-70.40591782, 18.70302946], [-70.40582828, 18.70312871], [-70.40577463, 18.70318821], [-70.40571558, 18.70324928], [-70.40562543, 18.70334384], [-70.40552675, 18.70342861], [-70.40540657, 18.70352647], [-70.40529173, 18.70361696], [-70.40526371, 18.7036347], [-70.40521405, 18.70368315], [-70.40519408, 18.70369929]]]]}, "geometry_name": "the_geom", "properties": {"Posicional": "305618855541", "Expediente": "6642024086775-04", "Area": 14391.03, "Municipio": "", "Provincia": "", "Operacion": "Saneamiento", "FechaInsc": "25/2/2025 11:45:59 a.\u00a0m.", "area_calc_m2": 14391, "touches_family_land": false, "owner": null, "owner_source": null, "family": false, "category": "confirmed"}}, {"type": "Feature", "id": "Aprobados.712323", "geometry": {"type": "MultiPolygon", "coordinates": [[[[-70.40416859, 18.66253682], [-70.40401845, 18.66285563], [-70.40399458, 18.66296667], [-70.40396528, 18.6630271], [-70.40386744, 18.6631063], [-70.40376951, 18.66308193], [-70.40347174, 18.6629565], [-70.40334501, 18.66286422], [-70.40321089, 18.66272768], [-70.40314586, 18.66269227], [-70.40293549, 18.66266151], [-70.40275999, 18.6625427], [-70.40267712, 18.6624889], [-70.40258941, 18.66249014], [-70.40243986, 18.66242232], [-70.40237362, 18.66236135], [-70.40230783, 18.66226514], [-70.4022584, 18.66216501], [-70.40223267, 18.66207727], [-70.40218307, 18.66185477], [-70.40236095, 18.66192183], [-70.40246647, 18.66196143], [-70.40262567, 18.66200042], [-70.40270698, 18.66198673], [-70.40277783, 18.66196623], [-70.40320013, 18.66182659], [-70.40327983, 18.66181914], [-70.40338418, 18.66152373], [-70.40341814, 18.66144462], [-70.40369185, 18.66156041], [-70.40369576, 18.66171275], [-70.40375495, 18.66184231], [-70.40367552, 18.66192902], [-70.40362803, 18.66205452], [-70.4037456, 18.66219992], [-70.40381198, 18.66226522], [-70.40380872, 18.66232333], [-70.40384729, 18.66239186], [-70.40386773, 18.66243377], [-70.40396123, 18.66250255], [-70.40401814, 18.6625318], [-70.40413448, 18.66252416], [-70.40416859, 18.66253682]]]]}, "geometry_name": "the_geom", "properties": {"Posicional": "305614909484", "Expediente": "6642025027667-03", "Area": 17245.99, "Municipio": "RANCHO ARRIBA", "Provincia": "San Jos\u00e9 de Ocoa", "Operacion": "Saneamiento", "FechaInsc": "22/9/2025 2:42:48 p.\u00a0m.", "area_calc_m2": 17246, "touches_family_land": false, "owner": null, "owner_source": null, "family": false, "category": "confirmed"}}, {"type": "Feature", "id": "Aprobados.590473", "geometry": {"type": "MultiPolygon", "coordinates": [[[[-70.40421188, 18.70336365], [-70.40397209, 18.70345644], [-70.40389843, 18.70347063], [-70.4038242, 18.70342637], [-70.40375217, 18.70330447], [-70.4036957, 18.70322855], [-70.4036384, 18.70320259], [-70.40360086, 18.70319266], [-70.40350497, 18.70318913], [-70.40337729, 18.70326445], [-70.40328328, 18.70335154], [-70.40320848, 18.70346739], [-70.40316582, 18.70360741], [-70.40313356, 18.70369719], [-70.40276431, 18.70404043], [-70.40254031, 18.70426737], [-70.40219446, 18.70445925], [-70.40170461, 18.70473652], [-70.40156037, 18.70476941], [-70.40128915, 18.70473213], [-70.40095749, 18.70458588], [-70.40069179, 18.70460855], [-70.40051804, 18.70460398], [-70.40029648, 18.70436655], [-70.39996799, 18.70407552], [-70.39989031, 18.70398095], [-70.39979487, 18.7038604], [-70.39965848, 18.70370582], [-70.39963314, 18.70368071], [-70.39960109, 18.70363397], [-70.3994639, 18.70348626], [-70.39943067, 18.70344702], [-70.3993356, 18.70346246], [-70.399084, 18.70348178], [-70.39885504, 18.70345123], [-70.39879171, 18.70344113], [-70.39866469, 18.70338813], [-70.39860616, 18.70337357], [-70.3985113, 18.70335819], [-70.39838742, 18.70336418], [-70.39832304, 18.70337604], [-70.39825075, 18.70337188], [-70.39823562, 18.70333143], [-70.39821513, 18.70329507], [-70.39818867, 18.70326012], [-70.39811076, 18.70319474], [-70.39813498, 18.70298131], [-70.39822342, 18.70282741], [-70.39835412, 18.70273933], [-70.39847161, 18.70268134], [-70.39855718, 18.70267492], [-70.39873287, 18.70261524], [-70.39901042, 18.70258191], [-70.39903472, 18.70257359], [-70.39924184, 18.70274978], [-70.39930935, 18.70273834], [-70.39943557, 18.70271617], [-70.39948001, 18.70272442], [-70.39956447, 18.70267427], [-70.39965223, 18.70272675], [-70.39971303, 18.70274021], [-70.3997891, 18.70274317], [-70.39993119, 18.70277228], [-70.39996752, 18.70275006], [-70.40001979, 18.70261449], [-70.40003851, 18.70256276], [-70.40004463, 18.70254518], [-70.40016319, 18.70244508], [-70.40033476, 18.70242654], [-70.40047034, 18.7023911], [-70.40062133, 18.70235971], [-70.40070653, 18.70234308], [-70.40089169, 18.70237395], [-70.40097818, 18.70235333], [-70.40113471, 18.70224699], [-70.4011846, 18.70222466], [-70.40130296, 18.70220462], [-70.40143165, 18.70219579], [-70.40151345, 18.70216862], [-70.40168133, 18.70212769], [-70.40178283, 18.70209865], [-70.4019563, 18.70204585], [-70.40202397, 18.70200676], [-70.4020686, 18.70193469], [-70.40213726, 18.70187824], [-70.40215124, 18.70186015], [-70.40222504, 18.70182879], [-70.40228876, 18.70180618], [-70.40236812, 18.70177116], [-70.40242308, 18.70176587], [-70.40251158, 18.70174668], [-70.40257681, 18.70174637], [-70.40268221, 18.70178679], [-70.402731, 18.70180531], [-70.40287598, 18.7018044], [-70.40294511, 18.70179377], [-70.40297775, 18.70179587], [-70.40333173, 18.70192361], [-70.40349826, 18.7019735], [-70.4035911, 18.70202034], [-70.40376294, 18.7021264], [-70.40390351, 18.70218932], [-70.40406283, 18.702238], [-70.40418261, 18.70229701], [-70.40426067, 18.70234567], [-70.40430908, 18.70237159], [-70.40421188, 18.70336365]]]]}, "geometry_name": "the_geom", "properties": {"Posicional": "305628251675", "Expediente": "6642024086775-04", "Area": 119536.02, "Municipio": "", "Provincia": "", "Operacion": "Saneamiento", "FechaInsc": "25/2/2025 11:45:59 a.\u00a0m.", "area_calc_m2": 119536, "touches_family_land": false, "owner": null, "owner_source": null, "family": false, "category": "confirmed"}}, {"type": "Feature", "id": "Aprobados.590471", "geometry": {"type": "MultiPolygon", "coordinates": [[[[-70.40512516, 18.70377065], [-70.40508793, 18.70378656], [-70.40499187, 18.70384321], [-70.40492886, 18.7039063], [-70.40484623, 18.70399366], [-70.40479914, 18.70406657], [-70.40474168, 18.70412438], [-70.40472787, 18.70414093], [-70.40466503, 18.70418911], [-70.40459803, 18.70425232], [-70.40454343, 18.70430035], [-70.40448799, 18.70436194], [-70.40443871, 18.70443396], [-70.40434455, 18.70437647], [-70.40429794, 18.70430119], [-70.40415671, 18.7042268], [-70.4039317, 18.70418123], [-70.40370522, 18.70414172], [-70.40361375, 18.70408864], [-70.40350111, 18.70406663], [-70.40341578, 18.70409103], [-70.40323746, 18.70419926], [-70.40300022, 18.70430458], [-70.40293815, 18.7043552], [-70.40284886, 18.70439291], [-70.40272424, 18.704414], [-70.40253784, 18.70443924], [-70.40241214, 18.70446675], [-70.40257865, 18.70435183], [-70.40275206, 18.70419955], [-70.40325072, 18.70370291], [-70.40331665, 18.70345403], [-70.40342214, 18.70334499], [-70.40356693, 18.70331002], [-70.40373114, 18.70349104], [-70.40385665, 18.70357865], [-70.40397008, 18.70355847], [-70.4042967, 18.70344958], [-70.40460024, 18.70345119], [-70.40480802, 18.70343075], [-70.40492679, 18.70348326], [-70.40512516, 18.70377065]]]]}, "geometry_name": "the_geom", "properties": {"Posicional": "305618966423", "Expediente": "6642024086775-04", "Area": 17052.75, "Municipio": "", "Provincia": "", "Operacion": "Saneamiento", "FechaInsc": "25/2/2025 11:45:59 a.\u00a0m.", "area_calc_m2": 17053, "touches_family_land": false, "owner": null, "owner_source": null, "family": false, "category": "confirmed"}}, {"type": "Feature", "id": "Aprobados.712326", "geometry": {"type": "MultiPolygon", "coordinates": [[[[-70.40125499, 18.66158194], [-70.40115613, 18.66159137], [-70.40103662, 18.66156144], [-70.40092167, 18.66151692], [-70.40083922, 18.66146236], [-70.40076865, 18.66138265], [-70.40067262, 18.66121343], [-70.40061816, 18.66114184], [-70.4005584, 18.66110693], [-70.40026961, 18.66104216], [-70.40006059, 18.66103829], [-70.39999583, 18.66103824], [-70.40007647, 18.66083021], [-70.40037013, 18.66063593], [-70.40055255, 18.66047695], [-70.40081866, 18.66033263], [-70.40100913, 18.66027325], [-70.40106983, 18.66026586], [-70.40113176, 18.66029376], [-70.40120247, 18.66030056], [-70.40122906, 18.66027728], [-70.40125066, 18.66020651], [-70.40126012, 18.660121], [-70.40127567, 18.65991745], [-70.40135788, 18.65983972], [-70.40139753, 18.65972731], [-70.40141655, 18.65957131], [-70.40141995, 18.6594909], [-70.40148013, 18.65942617], [-70.40151801, 18.65929857], [-70.40151927, 18.65924128], [-70.40151061, 18.65916738], [-70.4017758, 18.65895307], [-70.40185264, 18.65876913], [-70.40192655, 18.6586742], [-70.40203771, 18.65857227], [-70.40211082, 18.65840728], [-70.40214825, 18.65831441], [-70.40227274, 18.65822501], [-70.40258141, 18.65783954], [-70.4027692, 18.65754227], [-70.40303296, 18.65712133], [-70.40315622, 18.65669378], [-70.40316931, 18.65639443], [-70.40319125, 18.65610674], [-70.40314414, 18.65570713], [-70.40304584, 18.65535252], [-70.40279551, 18.65549687], [-70.40274451, 18.65539858], [-70.40259666, 18.65520071], [-70.40244629, 18.65517632], [-70.40215502, 18.65514823], [-70.40195663, 18.65502005], [-70.40188546, 18.65483952], [-70.40160769, 18.65480836], [-70.40143161, 18.65491548], [-70.40138952, 18.65482597], [-70.40153249, 18.65464028], [-70.4017955, 18.65455512], [-70.40234088, 18.65424229], [-70.40248789, 18.65423552], [-70.40260242, 18.65386527], [-70.40302808, 18.65351274], [-70.40312844, 18.65357175], [-70.40315582, 18.65387416], [-70.4032816, 18.65401363], [-70.40384509, 18.65479151], [-70.40358006, 18.6550808], [-70.40368862, 18.65526876], [-70.40335701, 18.65554742], [-70.40349681, 18.65653302], [-70.40309869, 18.65790184], [-70.40278395, 18.65887218], [-70.40217045, 18.65964032], [-70.40202718, 18.65971549], [-70.40177021, 18.66042058], [-70.40172306, 18.66048634], [-70.40157559, 18.66059066], [-70.40141417, 18.66071302], [-70.40133944, 18.66080004], [-70.40132973, 18.66085821], [-70.40132015, 18.66098086], [-70.40130763, 18.66120452], [-70.40128353, 18.66137201], [-70.40125499, 18.66158194]]]]}, "geometry_name": "the_geom", "properties": {"Posicional": "305623069576", "Expediente": "6642025027667-03", "Area": 72360.29, "Municipio": "", "Provincia": "San Jos\u00e9 de Ocoa", "Operacion": "Saneamiento", "FechaInsc": "22/9/2025 2:42:48 p.\u00a0m.", "area_calc_m2": 72360, "touches_family_land": false, "owner": null, "owner_source": null, "family": false, "category": "confirmed"}}, {"type": "Feature", "id": "Aprobados.640115", "geometry": {"type": "MultiPolygon", "coordinates": [[[[-70.39999583, 18.66103824], [-70.39993395, 18.6610382], [-70.39979399, 18.66090735], [-70.39966218, 18.66078795], [-70.3995395, 18.66063467], [-70.39946649, 18.6604373], [-70.39942875, 18.6603365], [-70.39940661, 18.66026232], [-70.39931254, 18.66015653], [-70.3991609, 18.66004315], [-70.39896169, 18.65990835], [-70.39885964, 18.65982028], [-70.39877765, 18.65973737], [-70.39874454, 18.65967813], [-70.39886046, 18.65963522], [-70.39897021, 18.65955989], [-70.39905849, 18.65950758], [-70.39908779, 18.6594881], [-70.39920566, 18.65940844], [-70.39940299, 18.65929794], [-70.3994811, 18.65919298], [-70.39963188, 18.65904087], [-70.39971004, 18.658949], [-70.39981191, 18.6588664], [-70.3999497, 18.65877673], [-70.40005824, 18.65863869], [-70.4001785, 18.65852601], [-70.40022914, 18.65849969], [-70.40031276, 18.65839429], [-70.40039168, 18.6583141], [-70.40056075, 18.65817386], [-70.40081448, 18.6581628], [-70.40094286, 18.65817825], [-70.40119014, 18.65816616], [-70.40128647, 18.65815586], [-70.40137819, 18.65817359], [-70.40151234, 18.6581889], [-70.40169977, 18.658091], [-70.4018131, 18.6579904], [-70.40195591, 18.65795031], [-70.40207782, 18.65793824], [-70.40212974, 18.65785388], [-70.40232716, 18.65768243], [-70.40235344, 18.65735326], [-70.40255773, 18.65720271], [-70.40271283, 18.65679534], [-70.40272355, 18.65664985], [-70.4026211, 18.65642991], [-70.40285387, 18.65605526], [-70.40274217, 18.6558449], [-70.40278393, 18.65562107], [-70.40279551, 18.65549687], [-70.40304584, 18.65535252], [-70.40314414, 18.65570713], [-70.40319125, 18.65610674], [-70.40316931, 18.65639443], [-70.40315622, 18.65669378], [-70.40303296, 18.65712133], [-70.4027692, 18.65754227], [-70.40258141, 18.65783954], [-70.40227274, 18.65822501], [-70.40214825, 18.65831441], [-70.40211082, 18.65840728], [-70.40203771, 18.65857227], [-70.40192655, 18.6586742], [-70.40185264, 18.65876913], [-70.4017758, 18.65895307], [-70.40151061, 18.65916738], [-70.40151927, 18.65924128], [-70.40151801, 18.65929857], [-70.40148013, 18.65942617], [-70.40141995, 18.6594909], [-70.40141655, 18.65957131], [-70.40139753, 18.65972731], [-70.40135788, 18.65983972], [-70.40127567, 18.65991745], [-70.40126012, 18.660121], [-70.40125066, 18.66020651], [-70.40122906, 18.66027728], [-70.40120247, 18.66030056], [-70.40113176, 18.66029376], [-70.40106983, 18.66026586], [-70.40100913, 18.66027325], [-70.40081866, 18.66033263], [-70.40055255, 18.66047695], [-70.40037013, 18.66063593], [-70.40007647, 18.66083021], [-70.39999583, 18.66103824]]]]}, "geometry_name": "the_geom", "properties": {"Posicional": "305623264626", "Expediente": "6642025029953-02", "Area": 72280.59, "Municipio": "RANCHO ARRIBA", "Provincia": "San Jos\u00e9 de Ocoa", "Operacion": "Saneamiento", "FechaInsc": "11/8/2025 1:37:52 p.\u00a0m.", "area_calc_m2": 72281, "touches_family_land": false, "owner": null, "owner_source": null, "family": false, "category": "confirmed"}}, {"type": "Feature", "id": "Aprobados.153180", "geometry": {"type": "MultiPolygon", "coordinates": [[[[-70.40358537, 18.71877512], [-70.40352092, 18.71870028], [-70.40341905, 18.71861705], [-70.40326869, 18.71838143], [-70.40315995, 18.71828132], [-70.40295773, 18.71820124], [-70.40287449, 18.71813001], [-70.40280322, 18.71808661], [-70.40278058, 18.71808013], [-70.40268085, 18.71798013], [-70.40264802, 18.71790556], [-70.40255591, 18.71782494], [-70.40258038, 18.71766192], [-70.40256489, 18.71751157], [-70.40259316, 18.71738063], [-70.40258236, 18.71728348], [-70.40258452, 18.71714359], [-70.40254891, 18.71702205], [-70.40255249, 18.71690411], [-70.40254802, 18.71678768], [-70.40256039, 18.7167359], [-70.40255023, 18.71664197], [-70.4025282, 18.71648347], [-70.40256168, 18.7163398], [-70.40257658, 18.71618044], [-70.40258777, 18.71613432], [-70.40260092, 18.7160964], [-70.40262121, 18.71604493], [-70.40266536, 18.71594123], [-70.402919, 18.71604098], [-70.40299353, 18.71604024], [-70.40319365, 18.71692344], [-70.40360763, 18.71875036], [-70.40360682, 18.71875542], [-70.40358537, 18.71877512]]]]}, "geometry_name": "the_geom", "properties": {"Posicional": "305720017288", "Expediente": "6642019006976-04", "Area": 17845.62, "Municipio": "RANCHO ARRIBA", "Provincia": "San Jos\u00e9 de Ocoa", "Operacion": "Saneamiento", "FechaInsc": "1/11/2019 2:34:26 p.\u00a0m.", "area_calc_m2": 17846, "touches_family_land": false, "owner": null, "owner_source": null, "family": false, "category": "confirmed"}}, {"type": "Feature", "id": "Aprobados.710167", "geometry": {"type": "MultiPolygon", "coordinates": [[[[-70.40252854, 18.66253466], [-70.40240174, 18.66256009], [-70.40227472, 18.66259142], [-70.4022637, 18.66258884], [-70.40211782, 18.66243666], [-70.40207428, 18.66242911], [-70.40196401, 18.66243005], [-70.40188065, 18.66244788], [-70.4017718, 18.66247534], [-70.40167012, 18.66249916], [-70.40160664, 18.66249858], [-70.4014837, 18.66246443], [-70.4013595, 18.66241979], [-70.40122893, 18.6625172], [-70.40112854, 18.66259826], [-70.40098543, 18.66271316], [-70.40093773, 18.6627494], [-70.40089858, 18.66278538], [-70.40077243, 18.66285251], [-70.4007401, 18.66286751], [-70.40062435, 18.66293572], [-70.40048266, 18.66302909], [-70.40031956, 18.66320784], [-70.40013662, 18.66317523], [-70.40000514, 18.66317014], [-70.39980898, 18.66311374], [-70.39990706, 18.66298179], [-70.39999738, 18.66288711], [-70.40007311, 18.6627909], [-70.40016479, 18.66263222], [-70.40019088, 18.66261333], [-70.40026732, 18.66248475], [-70.40031934, 18.66234881], [-70.40036206, 18.66214022], [-70.40041533, 18.6619919], [-70.40043501, 18.66194973], [-70.40051804, 18.66186508], [-70.40060492, 18.66172617], [-70.40065997, 18.66161077], [-70.40072429, 18.66143677], [-70.40088325, 18.66154279], [-70.40091528, 18.6615756], [-70.40096806, 18.66160509], [-70.4010402, 18.66163374], [-70.40112154, 18.66163722], [-70.40124858, 18.66162529], [-70.40128703, 18.66161435], [-70.40145765, 18.66163107], [-70.40155489, 18.66164721], [-70.40168077, 18.66168899], [-70.40175724, 18.66172205], [-70.401824, 18.66176722], [-70.4018994, 18.6618171], [-70.40200239, 18.6618818], [-70.4021261, 18.66193992], [-70.40216192, 18.66197053], [-70.40217304, 18.66199239], [-70.40218908, 18.66207049], [-70.40221692, 18.66216747], [-70.40227761, 18.66229265], [-70.40236594, 18.66240975], [-70.40246147, 18.66248091], [-70.40249254, 18.66250402], [-70.40252854, 18.66253466]]]]}, "geometry_name": "the_geom", "properties": {"Posicional": "305624203318", "Expediente": "6642025037905-03", "Area": 23365.9, "Municipio": "RANCHO ARRIBA", "Provincia": "San Jos\u00e9 de Ocoa", "Operacion": "Saneamiento", "FechaInsc": "8/9/2025 9:07:24 a.\u00a0m.", "area_calc_m2": 23366, "touches_family_land": false, "owner": null, "owner_source": null, "family": false, "category": "confirmed"}}, {"type": "Feature", "id": "Aprobados.712324", "geometry": {"type": "MultiPolygon", "coordinates": [[[[-70.39957719, 18.66124292], [-70.39944833, 18.66124525], [-70.39927787, 18.66118566], [-70.39917135, 18.66117121], [-70.39913457, 18.66115005], [-70.3989831, 18.66095583], [-70.39884984, 18.66087166], [-70.3986275, 18.66092404], [-70.39841967, 18.66102537], [-70.39820776, 18.66113515], [-70.39810902, 18.66125868], [-70.39797335, 18.66137927], [-70.39775646, 18.66143341], [-70.39758355, 18.66147221], [-70.39750155, 18.66147184], [-70.39711074, 18.66144276], [-70.3969587, 18.66143534], [-70.39696175, 18.66138004], [-70.39705341, 18.6611885], [-70.39711853, 18.66108397], [-70.39730966, 18.66090511], [-70.39757293, 18.66071614], [-70.3975782, 18.66069323], [-70.39765288, 18.66066479], [-70.39779681, 18.66056946], [-70.39793334, 18.66050468], [-70.39805111, 18.66052237], [-70.39812162, 18.66050082], [-70.39817014, 18.66046171], [-70.39844156, 18.66024192], [-70.39870219, 18.66017824], [-70.39883181, 18.66021449], [-70.39889049, 18.66020472], [-70.39897664, 18.66017503], [-70.39902226, 18.66017224], [-70.39912061, 18.66039225], [-70.39919958, 18.66038421], [-70.399216, 18.66030599], [-70.39926049, 18.66029929], [-70.39927843, 18.66024483], [-70.39936374, 18.66045641], [-70.39937948, 18.66050375], [-70.39940449, 18.66055264], [-70.39946391, 18.66066725], [-70.39956376, 18.66080923], [-70.39960807, 18.66091466], [-70.3996399, 18.6609994], [-70.3996405, 18.66108816], [-70.39957719, 18.66124292]]]]}, "geometry_name": "the_geom", "properties": {"Posicional": "305623581757", "Expediente": "6642025027667-03", "Area": 21290.82, "Municipio": "RANCHO ARRIBA", "Provincia": "San Jos\u00e9 de Ocoa", "Operacion": "Saneamiento", "FechaInsc": "22/9/2025 2:42:48 p.\u00a0m.", "area_calc_m2": 21291, "touches_family_land": false, "owner": null, "owner_source": null, "family": false, "category": "confirmed"}}, {"type": "Feature", "id": "Aprobados.35310", "geometry": {"type": "MultiPolygon", "coordinates": [[[[-70.35519202, 18.71795066], [-70.355339, 18.71791728], [-70.35568893, 18.71782574], [-70.3557949, 18.717671], [-70.35594131, 18.71753656], [-70.35603184, 18.71736668], [-70.35591153, 18.71695316], [-70.35585224, 18.71667208], [-70.35581421, 18.71629363], [-70.35703346, 18.71543974], [-70.35718181, 18.71548505], [-70.35733786, 18.71546417], [-70.35736027, 18.71515291], [-70.35738455, 18.71507266], [-70.35767633, 18.71488573], [-70.35791679, 18.7145268], [-70.35823963, 18.71412031], [-70.35830079, 18.71396329], [-70.35840124, 18.71382391], [-70.35853956, 18.7136821], [-70.35871376, 18.71344601], [-70.35895356, 18.71330172], [-70.35922737, 18.71322977], [-70.35950608, 18.71320584], [-70.35990213, 18.71325942], [-70.36014033, 18.71318337], [-70.36034024, 18.71291269], [-70.36033848, 18.71269256], [-70.36042725, 18.71246437], [-70.36055148, 18.71226929], [-70.36069943, 18.71200648], [-70.36071936, 18.71182003], [-70.36080465, 18.71145225], [-70.36091414, 18.71107232], [-70.36108405, 18.71084218], [-70.36148359, 18.71071215], [-70.36154266, 18.71047965], [-70.3617048, 18.71025862], [-70.36182353, 18.71002817], [-70.3619705, 18.70938747], [-70.36203935, 18.70927694], [-70.36218531, 18.70906935], [-70.36220886, 18.70881823], [-70.36226719, 18.70864883], [-70.36248489, 18.70821591], [-70.36244434, 18.70810332], [-70.36237754, 18.70791785], [-70.36236797, 18.70776197], [-70.36236694, 18.70763372], [-70.36237515, 18.7074094], [-70.36241331, 18.70720168], [-70.362462, 18.70671243], [-70.36253597, 18.7063492], [-70.36262332, 18.70600894], [-70.36228729, 18.70549551], [-70.36214395, 18.7053405], [-70.36193494, 18.70518172], [-70.36165833, 18.70511099], [-70.36152797, 18.70467232], [-70.36146882, 18.70404766], [-70.36134488, 18.70373033], [-70.36115076, 18.70348051], [-70.36099654, 18.70341018], [-70.36093618, 18.70329547], [-70.36095726, 18.7031346], [-70.36096549, 18.70284571], [-70.36137795, 18.70246123], [-70.3616605, 18.70223381], [-70.36178742, 18.70217073], [-70.36276718, 18.70314404], [-70.36548242, 18.70350177], [-70.36622203, 18.70294917], [-70.3662214, 18.70287041], [-70.36662716, 18.70225963], [-70.3664123, 18.70213481], [-70.36600258, 18.70207812], [-70.36544216, 18.7020822], [-70.36505557, 18.70211011], [-70.3647754, 18.70211875], [-70.364317, 18.70208079], [-70.3637151, 18.70186306], [-70.36331416, 18.70210406], [-70.36306912, 18.70209502], [-70.36294398, 18.7018578], [-70.36262636, 18.70157366], [-70.36250296, 18.70144564], [-70.36182801, 18.70145958], [-70.36256085, 18.70076675], [-70.36310368, 18.7003039], [-70.36376622, 18.69973898], [-70.36431808, 18.69917616], [-70.36459024, 18.69905656], [-70.36479987, 18.69885211], [-70.36497606, 18.69875575], [-70.36523372, 18.69872171], [-70.36557877, 18.69867613], [-70.3655337, 18.69853482], [-70.36566809, 18.69840513], [-70.3657325, 18.69822013], [-70.36567766, 18.69798294], [-70.36558031, 18.69781778], [-70.36480356, 18.69693827], [-70.36438717, 18.69640306], [-70.36427832, 18.69611354], [-70.36439047, 18.69554885], [-70.36465949, 18.69511673], [-70.36469071, 18.69474542], [-70.3647719, 18.69410612], [-70.36493495, 18.69352994], [-70.36510122, 18.69339397], [-70.36532155, 18.69337328], [-70.36542491, 18.69329275], [-70.36541754, 18.69319193], [-70.36539111, 18.69293311], [-70.36544719, 18.69295946], [-70.36554929, 18.69297949], [-70.36584656, 18.69296398], [-70.36617727, 18.69291168], [-70.36649242, 18.69290763], [-70.36669297, 18.69296399], [-70.36680105, 18.69303455], [-70.36691295, 18.69325245], [-70.36695739, 18.69356781], [-70.36704144, 18.6936961], [-70.36741562, 18.69391824], [-70.36757606, 18.69403773], [-70.36769515, 18.69420923], [-70.36776697, 18.6944046], [-70.3679374, 18.69463572], [-70.36821031, 18.69480022], [-70.36912392, 18.69499856], [-70.36923515, 18.69503358], [-70.36941863, 18.69509316], [-70.36958195, 18.69518247], [-70.36974678, 18.69518126], [-70.36989518, 18.69523319], [-70.36998501, 18.6953481], [-70.37004268, 18.69543768], [-70.37018011, 18.695626], [-70.37030321, 18.69575584], [-70.37057224, 18.6959687], [-70.37072305, 18.69596759], [-70.3708119, 18.6958848], [-70.37101941, 18.69572348], [-70.37135084, 18.69611759], [-70.37145092, 18.69628916], [-70.3715849, 18.69635606], [-70.37168594, 18.69619172], [-70.37183806, 18.69605504], [-70.37191974, 18.69604863], [-70.37207771, 18.69602476], [-70.37238464, 18.6959372], [-70.37252522, 18.69587714], [-70.37274581, 18.69583423], [-70.3727147, 18.69573594], [-70.37263847, 18.69540119], [-70.37259409, 18.69516757], [-70.37262777, 18.69493965], [-70.37272162, 18.69494773], [-70.37289642, 18.6949392], [-70.37321438, 18.69491721], [-70.37333299, 18.69486933], [-70.37352594, 18.6947417], [-70.3736076, 18.6947411], [-70.37398787, 18.69487079], [-70.3741341, 18.69488408], [-70.37428334, 18.6948257], [-70.37468552, 18.69466912], [-70.37497463, 18.69446741], [-70.37515525, 18.69437967], [-70.37542693, 18.69435117], [-70.37583317, 18.6942103], [-70.37620689, 18.69409589], [-70.37635825, 18.69433001], [-70.37650286, 18.69465634], [-70.37665546, 18.69499318], [-70.3766576, 18.69525701], [-70.37668029, 18.69533415], [-70.37686517, 18.69550372], [-70.37699815, 18.69563972], [-70.37713106, 18.69575615], [-70.37725387, 18.69589537], [-70.37731446, 18.69616896], [-70.37736752, 18.69640861], [-70.37737107, 18.69684736], [-70.37733411, 18.69702936], [-70.37732141, 18.6971413], [-70.37736895, 18.69728415], [-70.37739235, 18.69740591], [-70.37752817, 18.69774562], [-70.37765071, 18.69802915], [-70.37772472, 18.69826786], [-70.37780333, 18.69843936], [-70.37800443, 18.69860189], [-70.37808606, 18.6986671], [-70.37801904, 18.69876167], [-70.37780045, 18.6990808], [-70.37754308, 18.69930548], [-70.37746134, 18.6993629], [-70.37737253, 18.69940242], [-70.37737385, 18.69956524], [-70.3774148, 18.69965306], [-70.37751605, 18.69970013], [-70.37757481, 18.69982197], [-70.37766854, 18.69991853], [-70.37775474, 18.69991789], [-70.37790866, 18.69989841], [-70.37800945, 18.69988565], [-70.37801821, 18.69965933], [-70.37813255, 18.6995598], [-70.37820159, 18.69949969], [-70.37824998, 18.69961271], [-70.37828551, 18.6997661], [-70.37835373, 18.69996919], [-70.37842963, 18.70011413], [-70.37868793, 18.70001002], [-70.37911544, 18.69987356], [-70.37946023, 18.69978182], [-70.37953326, 18.69996123], [-70.3796207, 18.70012676], [-70.37968672, 18.70030568], [-70.37977829, 18.70055681], [-70.37984749, 18.70071776], [-70.3799875, 18.70092801], [-70.38007331, 18.70104815], [-70.38015704, 18.70120122], [-70.38020008, 18.70135076], [-70.3802393, 18.70142244], [-70.38031347, 18.7014993], [-70.38044126, 18.70158745], [-70.38053197, 18.70160627], [-70.38093819, 18.7015208], [-70.38115288, 18.70147947], [-70.38133922, 18.70146109], [-70.3815833, 18.70140902], [-70.38172535, 18.70133455], [-70.38185682, 18.70127131], [-70.38194237, 18.7012307], [-70.3819599, 18.70122763], [-70.3819815, 18.7012442], [-70.38201917, 18.70131613], [-70.38204056, 18.70142364], [-70.38207021, 18.70151238], [-70.38215839, 18.70161384], [-70.38228099, 18.70177089], [-70.38246792, 18.70185826], [-70.38252939, 18.70190051], [-70.38214066, 18.70214531], [-70.38226773, 18.70231606], [-70.3823482, 18.7024242], [-70.38234905, 18.70252878], [-70.38203049, 18.70271062], [-70.38189225, 18.70296497], [-70.38160918, 18.70335325], [-70.38121736, 18.70383481], [-70.38104432, 18.70392382], [-70.38071349, 18.70403655], [-70.38030221, 18.70415541], [-70.38014206, 18.70428717], [-70.37966771, 18.70462505], [-70.3791643, 18.70525483], [-70.37952598, 18.70554093], [-70.37949188, 18.70591239], [-70.37954897, 18.70656711], [-70.37923617, 18.70710365], [-70.37883085, 18.70755944], [-70.37902323, 18.70760042], [-70.37949118, 18.70764468], [-70.3796976, 18.70770145], [-70.3799167, 18.70772604], [-70.3802664, 18.70756121], [-70.38025445, 18.70808232], [-70.38018105, 18.70834503], [-70.38034727, 18.70854061], [-70.3814885, 18.70832073], [-70.381883, 18.70824471], [-70.38277076, 18.70841673], [-70.3836283, 18.70811365], [-70.38382662, 18.70793278], [-70.38283307, 18.70728526], [-70.38314565, 18.70683655], [-70.38370903, 18.70676768], [-70.38376572, 18.70639153], [-70.38366474, 18.7062708], [-70.38343371, 18.70627251], [-70.38311711, 18.70635364], [-70.38301978, 18.70625915], [-70.3828953, 18.70621739], [-70.38265567, 18.70600903], [-70.38287202, 18.70546336], [-70.38319729, 18.70547853], [-70.38334483, 18.70559537], [-70.38367358, 18.70563373], [-70.38398014, 18.70557708], [-70.38438129, 18.70529881], [-70.38432223, 18.70506132], [-70.38474906, 18.70468394], [-70.38472925, 18.70398322], [-70.3854272, 18.70391952], [-70.3853008, 18.70396982], [-70.38524543, 18.7043336], [-70.38523274, 18.70445812], [-70.38510366, 18.70457925], [-70.38515047, 18.70479706], [-70.3848124, 18.70534168], [-70.38525656, 18.70554251], [-70.3854011, 18.70581872], [-70.38547334, 18.70586883], [-70.38587695, 18.70588778], [-70.38607828, 18.70569052], [-70.38624397, 18.70560837], [-70.38629136, 18.70563664], [-70.38690137, 18.70548978], [-70.38690662, 18.70554444], [-70.38672994, 18.7061131], [-70.38679246, 18.7064393], [-70.38728928, 18.70655268], [-70.38747658, 18.70665274], [-70.38781142, 18.70663111], [-70.38795697, 18.70660435], [-70.38809801, 18.70668569], [-70.38808694, 18.70689592], [-70.3884397, 18.70712064], [-70.38868304, 18.70735089], [-70.38889146, 18.70744146], [-70.38932512, 18.70750985], [-70.38949671, 18.70718193], [-70.38955312, 18.70685825], [-70.38990836, 18.70708117], [-70.39004914, 18.70732239], [-70.39033931, 18.70732024], [-70.39056123, 18.70767212], [-70.39108965, 18.70740089], [-70.39116561, 18.70720465], [-70.39127249, 18.70711082], [-70.39127066, 18.70688657], [-70.39121254, 18.7068184], [-70.39075169, 18.70676748], [-70.39068721, 18.70639175], [-70.38985532, 18.70600201], [-70.38970903, 18.70595217], [-70.38961664, 18.70593629], [-70.38941836, 18.70569721], [-70.38933714, 18.70553216], [-70.38939547, 18.70533891], [-70.38952259, 18.70520677], [-70.38941398, 18.70477164], [-70.3897151, 18.70453772], [-70.38983344, 18.70447626], [-70.39015631, 18.70421169], [-70.39035014, 18.7041531], [-70.39062016, 18.70411366], [-70.39081203, 18.70404013], [-70.39088644, 18.70383338], [-70.39105834, 18.70366181], [-70.39146814, 18.70322601], [-70.39167936, 18.70320174], [-70.39187722, 18.70308337], [-70.39204648, 18.70270031], [-70.39215729, 18.70267306], [-70.39229443, 18.70275344], [-70.39263321, 18.70249377], [-70.39287446, 18.70209053], [-70.39324252, 18.70168576], [-70.39345023, 18.70164519], [-70.39361568, 18.70147362], [-70.39377652, 18.70119011], [-70.39398414, 18.70082482], [-70.39423975, 18.70063103], [-70.39427452, 18.70056161], [-70.39428822, 18.70053695], [-70.3944089, 18.70073041], [-70.39448132, 18.70097077], [-70.39447833, 18.70200242], [-70.39478316, 18.7021054], [-70.39485034, 18.70245179], [-70.39511126, 18.70273461], [-70.39548837, 18.70291893], [-70.39567885, 18.70319068], [-70.39609744, 18.70346187], [-70.3962964, 18.70372091], [-70.39632135, 18.70409728], [-70.39669987, 18.70433878], [-70.39719959, 18.70432838], [-70.3975486, 18.70432111], [-70.39801085, 18.70434839], [-70.39854635, 18.70452898], [-70.39903884, 18.70478504], [-70.39930001, 18.70527189], [-70.39937652, 18.705657], [-70.3994067, 18.7061114], [-70.39956634, 18.70631016], [-70.39940382, 18.70651952], [-70.39865898, 18.70700619], [-70.39833858, 18.70710063], [-70.39771949, 18.70723201], [-70.39754831, 18.70745703], [-70.3973803, 18.70789964], [-70.39717595, 18.70812844], [-70.39651024, 18.70834689], [-70.39689113, 18.70885461], [-70.39661636, 18.70921426], [-70.39641081, 18.70962365], [-70.39618421, 18.70998402], [-70.39609936, 18.71036599], [-70.39593907, 18.71076489], [-70.3959522, 18.71133714], [-70.39613346, 18.71161442], [-70.39622679, 18.71185535], [-70.39610099, 18.71202829], [-70.39575676, 18.71180094], [-70.39548659, 18.71184738], [-70.39505068, 18.71192231], [-70.39470577, 18.71175009], [-70.39433755, 18.7119047], [-70.39423736, 18.71212386], [-70.3940291, 18.71221837], [-70.39389712, 18.71230989], [-70.39348236, 18.7122795], [-70.39334746, 18.7125282], [-70.39285419, 18.71253847], [-70.39270089, 18.71286819], [-70.39259397, 18.71299423], [-70.39208051, 18.71343008], [-70.39185522, 18.71378636], [-70.39171024, 18.7141639], [-70.39161092, 18.71442814], [-70.3914574, 18.71515634], [-70.39138514, 18.71538591], [-70.39127096, 18.7155653], [-70.39100309, 18.71577734], [-70.39074281, 18.71598338], [-70.39003823, 18.71599803], [-70.38990074, 18.71548929], [-70.38967454, 18.71529458], [-70.3889996, 18.71540832], [-70.38847349, 18.71556588], [-70.38819488, 18.71564932], [-70.387764, 18.71524631], [-70.38729142, 18.71532065], [-70.385964, 18.71518399], [-70.38571207, 18.71490475], [-70.38543198, 18.71405166], [-70.38487211, 18.71395065], [-70.384701, 18.71405798], [-70.38431713, 18.71424834], [-70.38385339, 18.71479438], [-70.38347929, 18.71531679], [-70.38329945, 18.71556791], [-70.38313172, 18.71574765], [-70.38292195, 18.71593816], [-70.38266599, 18.71617063], [-70.38246618, 18.7163521], [-70.38219038, 18.71651627], [-70.38197035, 18.71664724], [-70.38147841, 18.7167305], [-70.38109603, 18.71670057], [-70.38081429, 18.71661759], [-70.38050501, 18.71681376], [-70.38023526, 18.71698486], [-70.38008877, 18.71715346], [-70.37994154, 18.71739069], [-70.37977884, 18.71750711], [-70.37954722, 18.71757651], [-70.37934455, 18.71763724], [-70.37923011, 18.7178011], [-70.37914111, 18.71792855], [-70.37903975, 18.71807369], [-70.37928005, 18.71831686], [-70.3793861, 18.71850442], [-70.3792209, 18.7186976], [-70.3790688, 18.71890666], [-70.37899089, 18.71901374], [-70.37890836, 18.71912717], [-70.37874974, 18.71923223], [-70.37828254, 18.71901178], [-70.37804065, 18.71889765], [-70.37773979, 18.71885433], [-70.37750233, 18.71885925], [-70.37744342, 18.71886047], [-70.37729872, 18.71721625], [-70.377017, 18.71671271], [-70.37722904, 18.71638178], [-70.37719925, 18.71632835], [-70.37733823, 18.71621138], [-70.37817053, 18.71491244], [-70.37878058, 18.71480381], [-70.37887865, 18.71389508], [-70.37741516, 18.71328005], [-70.37669839, 18.71318147], [-70.37568788, 18.71150882], [-70.37500457, 18.71151383], [-70.37434215, 18.71079304], [-70.37372023, 18.71100504], [-70.37356061, 18.71155098], [-70.37302763, 18.71166191], [-70.3720393, 18.7125409], [-70.37173902, 18.71438666], [-70.37124963, 18.71474814], [-70.37001757, 18.71514061], [-70.3702789, 18.71565143], [-70.37105003, 18.71673281], [-70.37156414, 18.71672904], [-70.37210242, 18.71723324], [-70.37239243, 18.71727492], [-70.37266349, 18.71847013], [-70.37296152, 18.71843854], [-70.37299217, 18.7185169], [-70.37294377, 18.71852409], [-70.37244236, 18.7185858], [-70.37196123, 18.71868222], [-70.37157561, 18.71877701], [-70.37124704, 18.71893203], [-70.37104617, 18.71913788], [-70.37088692, 18.71958689], [-70.37079362, 18.71994631], [-70.37076763, 18.72075279], [-70.37004653, 18.72164507], [-70.36934702, 18.72234733], [-70.36904952, 18.7226095], [-70.36902599, 18.72226069], [-70.36887201, 18.7219888], [-70.36859068, 18.72189791], [-70.36819788, 18.72177101], [-70.36792466, 18.7217486], [-70.36719375, 18.72194943], [-70.36661123, 18.72222657], [-70.3662009, 18.72219393], [-70.36413587, 18.72121178], [-70.36357565, 18.72077498], [-70.36319605, 18.72069105], [-70.3630188, 18.72070136], [-70.36292651, 18.72078533], [-70.36286231, 18.72079584], [-70.36273995, 18.72077603], [-70.36246362, 18.72077583], [-70.36238484, 18.72074017], [-70.36179082, 18.72064794], [-70.36157601, 18.72069558], [-70.36116688, 18.72092776], [-70.36085935, 18.72095892], [-70.36055099, 18.72095347], [-70.36010113, 18.7209455], [-70.35958148, 18.72085175], [-70.35933297, 18.72072809], [-70.35878902, 18.72049363], [-70.3585283, 18.72049553], [-70.35834819, 18.72039696], [-70.35817648, 18.7202588], [-70.35778717, 18.72004578], [-70.35724323, 18.71981948], [-70.356709, 18.719635], [-70.3564611, 18.71950866], [-70.35617336, 18.71951074], [-70.35609183, 18.71946138], [-70.35582576, 18.7191412], [-70.35568589, 18.71874832], [-70.35540831, 18.71832628], [-70.35519202, 18.71795066]]]]}, "geometry_name": "the_geom", "properties": {"Posicional": "305659014446", "Expediente": "663201613225", "Area": 6888492.84, "Municipio": "RANCHO ARRIBA", "Provincia": "San Jos\u00e9 de Ocoa", "Operacion": "Subdivisi\u00f3n", "FechaInsc": "18/5/2017 12:54:45 p.\u00a0m.", "area_calc_m2": 6888492, "touches_family_land": false, "owner": null, "owner_source": null, "family": false, "category": "confirmed"}}, {"type": "Feature", "id": "Aprobados.538838", "geometry": {"type": "MultiPolygon", "coordinates": [[[[-70.39706723, 18.67103022], [-70.39678293, 18.67106316], [-70.39653436, 18.67107674], [-70.39648666, 18.67108678], [-70.3963982, 18.67108822], [-70.39635141, 18.67106534], [-70.39631967, 18.67104585], [-70.39620021, 18.67084773], [-70.39612004, 18.67059508], [-70.39601221, 18.6704657], [-70.39589361, 18.67040899], [-70.39575048, 18.67040341], [-70.3954769, 18.67037949], [-70.39539254, 18.67035022], [-70.39534053, 18.67030034], [-70.39525413, 18.67019378], [-70.39491118, 18.66973226], [-70.39469516, 18.66933437], [-70.39468272, 18.66923723], [-70.39470914, 18.66876133], [-70.39484795, 18.66827675], [-70.39485858, 18.66781827], [-70.39495306, 18.66742067], [-70.39503489, 18.66697353], [-70.3950426, 18.66681615], [-70.39507944, 18.66642576], [-70.39519735, 18.66601344], [-70.39520069, 18.66583872], [-70.39524791, 18.66565778], [-70.39544237, 18.66548748], [-70.39549518, 18.66536616], [-70.39550564, 18.66513381], [-70.39549792, 18.66489704], [-70.39553314, 18.66474281], [-70.39558204, 18.66468332], [-70.39572402, 18.66458139], [-70.39601665, 18.6644664], [-70.39603333, 18.66447691], [-70.39644039, 18.66632784], [-70.39693173, 18.66642349], [-70.39738433, 18.66660508], [-70.39706811, 18.66763061], [-70.39673997, 18.66820004], [-70.39665673, 18.66861355], [-70.39645447, 18.66910476], [-70.39667189, 18.66946192], [-70.39666683, 18.66961818], [-70.39666193, 18.66998222], [-70.39660444, 18.67017987], [-70.39695352, 18.67058944], [-70.39695274, 18.67074304], [-70.39706723, 18.67103022]]]]}, "geometry_name": "the_geom", "properties": {"Posicional": "305624767692", "Expediente": "6642023118436-04", "Area": 115660.24, "Municipio": "RANCHO ARRIBA", "Provincia": "San Jos\u00e9 de Ocoa", "Operacion": "Deslinde", "FechaInsc": "14/5/2024 5:39:11 p.\u00a0m.", "area_calc_m2": 115660, "touches_family_land": false, "owner": null, "owner_source": null, "family": false, "category": "confirmed"}}, {"type": "Feature", "id": "Aprobados.538837", "geometry": {"type": "MultiPolygon", "coordinates": [[[[-70.39535244, 18.6704525], [-70.39545075, 18.67044663], [-70.39577927, 18.67046422], [-70.39587612, 18.67047793], [-70.39597902, 18.67052215], [-70.39605432, 18.6706102], [-70.39613584, 18.67084314], [-70.39624572, 18.67105315], [-70.39628478, 18.67110133], [-70.39625063, 18.67112144], [-70.39621352, 18.67113201], [-70.39604757, 18.6711578], [-70.39591609, 18.67117633], [-70.39575893, 18.67101638], [-70.39567206, 18.6709406], [-70.39560706, 18.67094139], [-70.39550466, 18.67099235], [-70.39544438, 18.67101496], [-70.39535244, 18.6704525]]]]}, "geometry_name": "the_geom", "properties": {"Posicional": "305624799755", "Expediente": "6642023118436-04", "Area": 5015.22, "Municipio": "RANCHO ARRIBA", "Provincia": "San Jos\u00e9 de Ocoa", "Operacion": "Deslinde", "FechaInsc": "14/5/2024 5:39:11 p.\u00a0m.", "area_calc_m2": 5016, "touches_family_land": false, "owner": null, "owner_source": null, "family": false, "category": "confirmed"}}, {"type": "Feature", "id": "Aprobados.447675", "geometry": {"type": "MultiPolygon", "coordinates": [[[[-70.39325134, 18.67184787], [-70.39309403, 18.67176275], [-70.39296764, 18.67170378], [-70.39296103, 18.67155591], [-70.39296707, 18.67151755], [-70.39289245, 18.67133043], [-70.39281886, 18.67098002], [-70.39275117, 18.67082945], [-70.39265433, 18.6707661], [-70.39226957, 18.67072585], [-70.39194246, 18.67063955], [-70.39191566, 18.67060857], [-70.39167771, 18.67008662], [-70.39159036, 18.66990899], [-70.39149862, 18.66970302], [-70.3914825, 18.66967919], [-70.39166006, 18.66944637], [-70.39165999, 18.66937915], [-70.39170982, 18.66925842], [-70.39165295, 18.66916695], [-70.39170593, 18.66907222], [-70.39180716, 18.66873317], [-70.39183075, 18.6684639], [-70.39168193, 18.66796614], [-70.39186363, 18.66793922], [-70.3922752, 18.6680352], [-70.3923054, 18.66798356], [-70.39273642, 18.66814003], [-70.39232934, 18.66889583], [-70.39215812, 18.66910411], [-70.39205703, 18.66911191], [-70.39210035, 18.66923953], [-70.39218163, 18.66946447], [-70.39220758, 18.66946102], [-70.39236786, 18.66994443], [-70.39258134, 18.67023226], [-70.3926492, 18.6702885], [-70.39316509, 18.67038787], [-70.39331063, 18.67043612], [-70.39335834, 18.6704392], [-70.39353891, 18.67043524], [-70.3936552, 18.67046573], [-70.39372564, 18.67046629], [-70.39376969, 18.67044979], [-70.39389563, 18.67105887], [-70.39390875, 18.67113268], [-70.3939737, 18.67126096], [-70.39393074, 18.67144561], [-70.39325134, 18.67184787]]]]}, "geometry_name": "the_geom", "properties": {"Posicional": "305634163912", "Expediente": "6642023048608-04", "Area": 38617.45, "Municipio": "RANCHO ARRIBA", "Provincia": "San Jos\u00e9 de Ocoa", "Operacion": "Deslinde", "FechaInsc": "7/9/2023 3:19:23 p.\u00a0m.", "area_calc_m2": 38617, "touches_family_land": false, "owner": null, "owner_source": null, "family": false, "category": "confirmed"}}, {"type": "Feature", "id": "Aprobados.35258", "geometry": {"type": "MultiPolygon", "coordinates": [[[[-70.39204648, 18.70270031], [-70.39191613, 18.70259997], [-70.39183988, 18.70248394], [-70.39183826, 18.70228634], [-70.39199648, 18.70210285], [-70.3921779, 18.70184589], [-70.39214225, 18.70149048], [-70.39218855, 18.70122402], [-70.39256319, 18.70092424], [-70.3931737, 18.70058183], [-70.39353162, 18.70050762], [-70.39356501, 18.70049028], [-70.39363719, 18.70048134], [-70.39372658, 18.70045438], [-70.39381888, 18.7004124], [-70.39393213, 18.70035897], [-70.39401284, 18.7003384], [-70.39408727, 18.70033775], [-70.39409722, 18.7003478], [-70.39413285, 18.70035775], [-70.3941782, 18.70038406], [-70.39420034, 18.70040044], [-70.39422821, 18.70042255], [-70.39426214, 18.70045582], [-70.39427865, 18.70049247], [-70.39428822, 18.70053695], [-70.39427452, 18.70056161], [-70.39423975, 18.70063103], [-70.39398414, 18.70082482], [-70.39377652, 18.70119011], [-70.39361568, 18.70147362], [-70.39345023, 18.70164519], [-70.39324252, 18.70168576], [-70.39287446, 18.70209053], [-70.39263321, 18.70249377], [-70.39229443, 18.70275344], [-70.39215729, 18.70267306], [-70.39204648, 18.70270031]]]]}, "geometry_name": "the_geom", "properties": {"Posicional": "305638132636", "Expediente": "663201613225", "Area": 29347.41, "Municipio": "RANCHO ARRIBA", "Provincia": "San Jos\u00e9 de Ocoa", "Operacion": "Subdivisi\u00f3n", "FechaInsc": "18/5/2017 12:54:45 p.\u00a0m.", "area_calc_m2": 29347, "touches_family_land": false, "owner": null, "owner_source": null, "family": false, "category": "confirmed"}}, {"type": "Feature", "id": "Aprobados.668612", "geometry": {"type": "MultiPolygon", "coordinates": [[[[-70.38982779, 18.68072558], [-70.38981114, 18.68032652], [-70.3897619, 18.68012098], [-70.38968868, 18.67992225], [-70.3894868, 18.67950643], [-70.38939498, 18.67917908], [-70.38975232, 18.67915344], [-70.39014829, 18.67893108], [-70.39044049, 18.67890559], [-70.3905915, 18.67897527], [-70.39075284, 18.67894459], [-70.39101239, 18.67911907], [-70.3913784, 18.67904701], [-70.39160522, 18.67908912], [-70.3917942, 18.67922642], [-70.3918287, 18.67940196], [-70.39200545, 18.67945986], [-70.39231404, 18.67934549], [-70.39234709, 18.6794307], [-70.39271664, 18.6795251], [-70.39291823, 18.67963206], [-70.39288403, 18.67977371], [-70.39285916, 18.680319], [-70.3928041, 18.68053928], [-70.39278067, 18.68064223], [-70.39277, 18.68069665], [-70.39274175, 18.68077771], [-70.39272435, 18.6808414], [-70.39265446, 18.68102469], [-70.39267402, 18.68105138], [-70.39258255, 18.68104514], [-70.39226052, 18.68107605], [-70.39207932, 18.68109603], [-70.39190253, 18.68112347], [-70.39180231, 18.68112805], [-70.39155883, 18.68118105], [-70.39143232, 18.6811629], [-70.39115758, 18.68109514], [-70.39102333, 18.68105968], [-70.39059147, 18.68089393], [-70.3904099, 18.68080697], [-70.39031073, 18.68078013], [-70.39008908, 18.68075339], [-70.38982779, 18.68072558]]]]}, "geometry_name": "the_geom", "properties": {"Posicional": "305635298956", "Expediente": "6642025052297-05", "Area": 67117.35137939, "Municipio": "", "Provincia": "", "Operacion": "Saneamiento", "FechaInsc": "24/11/2025 11:12:36 a.\u00a0m.", "area_calc_m2": 67117, "touches_family_land": false, "owner": null, "owner_source": null, "family": false, "category": "confirmed"}}, {"type": "Feature", "id": "Aprobados.35285", "geometry": {"type": "MultiPolygon", "coordinates": [[[[-70.39077281, 18.70399532], [-70.3905729, 18.70380682], [-70.39069185, 18.7035498], [-70.3905708, 18.70323158], [-70.39073499, 18.70292392], [-70.39070269, 18.70265927], [-70.39080898, 18.70246503], [-70.39074968, 18.7023541], [-70.39055138, 18.70208678], [-70.39038874, 18.70205753], [-70.38949065, 18.70285172], [-70.38853263, 18.70173791], [-70.38816675, 18.7023334], [-70.38779446, 18.70289276], [-70.387966, 18.70314418], [-70.3875174, 18.70318879], [-70.38756657, 18.70307118], [-70.38762475, 18.70265564], [-70.38772062, 18.7021953], [-70.38771742, 18.70180287], [-70.38770576, 18.70175398], [-70.38774823, 18.70123843], [-70.38783788, 18.70089403], [-70.38817488, 18.70059833], [-70.38841098, 18.70039283], [-70.38864585, 18.70003533], [-70.38894736, 18.6999631], [-70.38885805, 18.69966965], [-70.38890665, 18.69944312], [-70.38905687, 18.69919721], [-70.38899097, 18.69893088], [-70.38918373, 18.69881158], [-70.38927699, 18.69851069], [-70.3893215, 18.69836689], [-70.38930859, 18.6981565], [-70.38930577, 18.69781055], [-70.38919409, 18.69748445], [-70.38916771, 18.69736297], [-70.38930299, 18.69732918], [-70.39038027, 18.69732183], [-70.39070794, 18.6974815], [-70.39099623, 18.69775378], [-70.39140638, 18.69772444], [-70.3914965, 18.69763721], [-70.39188419, 18.69758771], [-70.39229496, 18.69735768], [-70.3923532, 18.69732499], [-70.39243939, 18.69740603], [-70.39262933, 18.69751251], [-70.39270034, 18.69755806], [-70.39278246, 18.69761601], [-70.39281222, 18.69763714], [-70.39170945, 18.69878105], [-70.39174161, 18.69906006], [-70.39145579, 18.69906218], [-70.39127622, 18.69897334], [-70.39095983, 18.69913363], [-70.39070941, 18.69883903], [-70.39032807, 18.69880606], [-70.39014104, 18.69935111], [-70.3902182, 18.69986224], [-70.39064354, 18.70030391], [-70.39050704, 18.7005747], [-70.39072532, 18.70070208], [-70.39094302, 18.70082205], [-70.39138639, 18.70075823], [-70.39185302, 18.70080488], [-70.3922929, 18.70092876], [-70.39243868, 18.70095308], [-70.39213586, 18.70119539], [-70.39208491, 18.7014886], [-70.39211933, 18.70183173], [-70.3919508, 18.70207043], [-70.39178121, 18.70226711], [-70.39178312, 18.70249971], [-70.39187297, 18.70263644], [-70.39194251, 18.70268997], [-70.3919459, 18.70273715], [-70.39183023, 18.70304747], [-70.3916599, 18.70314937], [-70.39144006, 18.70317463], [-70.39101657, 18.703625], [-70.39083843, 18.70380279], [-70.39077281, 18.70399532]]]]}, "geometry_name": "the_geom", "properties": {"Posicional": "305638421561", "Expediente": "663201613225", "Area": 182850.38, "Municipio": "RANCHO ARRIBA", "Provincia": "San Jos\u00e9 de Ocoa", "Operacion": "Subdivisi\u00f3n", "FechaInsc": "18/5/2017 12:54:45 p.\u00a0m.", "area_calc_m2": 182850, "touches_family_land": false, "owner": null, "owner_source": null, "family": false, "category": "confirmed"}}, {"type": "Feature", "id": "Aprobados.35259", "geometry": {"type": "MultiPolygon", "coordinates": [[[[-70.39243868, 18.70095308], [-70.3922929, 18.70092876], [-70.39185302, 18.70080488], [-70.39138639, 18.70075823], [-70.39094302, 18.70082205], [-70.39072532, 18.70070208], [-70.39050704, 18.7005747], [-70.39064354, 18.70030391], [-70.3902182, 18.69986224], [-70.39014104, 18.69935111], [-70.39032807, 18.69880606], [-70.39070941, 18.69883903], [-70.39095983, 18.69913363], [-70.39127622, 18.69897334], [-70.39145579, 18.69906218], [-70.39174161, 18.69906006], [-70.39170945, 18.69878105], [-70.39281222, 18.69763714], [-70.39286696, 18.69767601], [-70.3929117, 18.69770893], [-70.39294033, 18.69774387], [-70.39294696, 18.69777671], [-70.39295499, 18.69792402], [-70.39295967, 18.69799844], [-70.39294665, 18.69820329], [-70.39294626, 18.69825914], [-70.39294814, 18.69830331], [-70.39296895, 18.69843733], [-70.39298192, 18.69855073], [-70.39299763, 18.69860483], [-70.39301309, 18.69863959], [-70.39303877, 18.69869524], [-70.39307777, 18.69875748], [-70.39313251, 18.69880731], [-70.39322022, 18.69885374], [-70.39325835, 18.69888942], [-70.39327391, 18.69892553], [-70.39328447, 18.69897669], [-70.39325089, 18.69912504], [-70.39322607, 18.69922055], [-70.39321406, 18.69954909], [-70.39323639, 18.69964742], [-70.39327685, 18.69972609], [-70.39331481, 18.69978698], [-70.39334662, 18.69986273], [-70.39338502, 18.69996681], [-70.39343656, 18.70011173], [-70.39348931, 18.70026558], [-70.39350201, 18.70031102], [-70.39345781, 18.70037025], [-70.39317161, 18.70045979], [-70.39312854, 18.70054426], [-70.39253024, 18.70087981], [-70.39243868, 18.70095308]]]]}, "geometry_name": "the_geom", "properties": {"Posicional": "305638212673", "Expediente": "663201613225", "Area": 74824.63, "Municipio": "RANCHO ARRIBA", "Provincia": "San Jos\u00e9 de Ocoa", "Operacion": "Subdivisi\u00f3n", "FechaInsc": "18/5/2017 12:54:45 p.\u00a0m.", "area_calc_m2": 74824, "touches_family_land": false, "owner": null, "owner_source": null, "family": false, "category": "confirmed"}}, {"type": "Feature", "id": "Aprobados.718108", "geometry": {"type": "MultiPolygon", "coordinates": [[[[-70.39069306, 18.66392088], [-70.39070986, 18.66400151], [-70.39071225, 18.66413183], [-70.3906691, 18.66427103], [-70.39064628, 18.66432426], [-70.39062289, 18.66454151], [-70.39062995, 18.66470731], [-70.39061143, 18.66484698], [-70.39058824, 18.66498034], [-70.39037702, 18.66492939], [-70.39016054, 18.6648961], [-70.38986991, 18.66489438], [-70.38912136, 18.66474173], [-70.38865154, 18.66457848], [-70.38870036, 18.66444048], [-70.38888354, 18.66414423], [-70.38897963, 18.6640202], [-70.38904836, 18.66397771], [-70.3890832, 18.6639912], [-70.38931633, 18.66401092], [-70.38951061, 18.66398933], [-70.38976378, 18.66393291], [-70.38997734, 18.66400557], [-70.39011167, 18.66401889], [-70.39029308, 18.66400755], [-70.39040494, 18.66401025], [-70.39051247, 18.66396354], [-70.39069306, 18.66392088]]]]}, "geometry_name": "the_geom", "properties": {"Posicional": "305634422635", "Expediente": "6642025071364-05", "Area": 18404.34, "Municipio": "RANCHO ARRIBA", "Provincia": "San Jos\u00e9 de Ocoa", "Operacion": "Saneamiento", "FechaInsc": "2/6/2026 1:51:46 p.\u00a0m.", "area_calc_m2": 18405, "touches_family_land": false, "owner": null, "owner_source": null, "family": false, "category": "confirmed"}}, {"type": "Feature", "id": "Aprobados.35266", "geometry": {"type": "MultiPolygon", "coordinates": [[[[-70.38969625, 18.70446766], [-70.38945123, 18.70421256], [-70.38947137, 18.70414107], [-70.38963357, 18.70408826], [-70.38963288, 18.70400331], [-70.38972737, 18.70393695], [-70.38975239, 18.70382721], [-70.38984967, 18.70382649], [-70.3898287, 18.70361166], [-70.38985773, 18.70350853], [-70.39006248, 18.70345167], [-70.38938215, 18.70304353], [-70.387966, 18.70314418], [-70.38779446, 18.70289276], [-70.38816675, 18.7023334], [-70.38853263, 18.70173791], [-70.38949065, 18.70285172], [-70.39038874, 18.70205753], [-70.39055138, 18.70208678], [-70.39074968, 18.7023541], [-70.39080898, 18.70246503], [-70.39070269, 18.70265927], [-70.39073499, 18.70292392], [-70.3905708, 18.70323158], [-70.39069185, 18.7035498], [-70.3905729, 18.70380682], [-70.39077281, 18.70399532], [-70.39060039, 18.7040617], [-70.39033715, 18.70410015], [-70.39012803, 18.70416336], [-70.38980092, 18.70443141], [-70.38969625, 18.70446766]]]]}, "geometry_name": "the_geom", "properties": {"Posicional": "305638458313", "Expediente": "663201613225", "Area": 37806.72, "Municipio": "RANCHO ARRIBA", "Provincia": "San Jos\u00e9 de Ocoa", "Operacion": "Subdivisi\u00f3n", "FechaInsc": "18/5/2017 12:54:45 p.\u00a0m.", "area_calc_m2": 37807, "touches_family_land": false, "owner": null, "owner_source": null, "family": false, "category": "confirmed"}}, {"type": "Feature", "id": "Aprobados.35273", "geometry": {"type": "MultiPolygon", "coordinates": [[[[-70.38941398, 18.70477164], [-70.38952259, 18.70520677], [-70.38939547, 18.70533891], [-70.38933714, 18.70553216], [-70.38941836, 18.70569721], [-70.38961664, 18.70593629], [-70.38970903, 18.70595217], [-70.38985532, 18.70600201], [-70.39068721, 18.70639175], [-70.39075169, 18.70676748], [-70.39121254, 18.7068184], [-70.39127066, 18.70688657], [-70.39127249, 18.70711082], [-70.39116561, 18.70720465], [-70.39108965, 18.70740089], [-70.39056123, 18.70767212], [-70.39033931, 18.70732024], [-70.39004914, 18.70732239], [-70.38990836, 18.70708117], [-70.38955312, 18.70685825], [-70.38949671, 18.70718193], [-70.38932512, 18.70750985], [-70.38889146, 18.70744146], [-70.38868304, 18.70735089], [-70.3884397, 18.70712064], [-70.38808694, 18.70689592], [-70.38809801, 18.70668569], [-70.38795697, 18.70660435], [-70.38781142, 18.70663111], [-70.38810305, 18.70544359], [-70.38831132, 18.70556118], [-70.38855392, 18.70576212], [-70.38865007, 18.70573919], [-70.38885324, 18.70543731], [-70.38900626, 18.70520996], [-70.38941398, 18.70477164]]]]}, "geometry_name": "the_geom", "properties": {"Posicional": "305638590222", "Expediente": "663201613225", "Area": 53127.12, "Municipio": "RANCHO ARRIBA", "Provincia": "San Jos\u00e9 de Ocoa", "Operacion": "Subdivisi\u00f3n", "FechaInsc": "18/5/2017 12:54:45 p.\u00a0m.", "area_calc_m2": 53126, "touches_family_land": false, "owner": null, "owner_source": null, "family": false, "category": "confirmed"}}, {"type": "Feature", "id": "Aprobados.35267", "geometry": {"type": "MultiPolygon", "coordinates": [[[[-70.38738533, 18.70333157], [-70.38739539, 18.70325984], [-70.38740376, 18.7032001], [-70.3875174, 18.70318879], [-70.387966, 18.70314418], [-70.38938215, 18.70304353], [-70.39006248, 18.70345167], [-70.38985773, 18.70350853], [-70.3898287, 18.70361166], [-70.38984967, 18.70382649], [-70.38975239, 18.70382721], [-70.38972737, 18.70393695], [-70.38953118, 18.70393841], [-70.38928649, 18.70384656], [-70.38901365, 18.70374891], [-70.38844343, 18.70356307], [-70.38738533, 18.70333157]]]]}, "geometry_name": "the_geom", "properties": {"Posicional": "305638554880", "Expediente": "663201613225", "Area": 14780.36, "Municipio": "RANCHO ARRIBA", "Provincia": "San Jos\u00e9 de Ocoa", "Operacion": "Subdivisi\u00f3n", "FechaInsc": "18/5/2017 12:54:45 p.\u00a0m.", "area_calc_m2": 14780, "touches_family_land": false, "owner": null, "owner_source": null, "family": false, "category": "confirmed"}}, {"type": "Feature", "id": "Aprobados.35306", "geometry": {"type": "MultiPolygon", "coordinates": [[[[-70.38692512, 18.70422208], [-70.38703745, 18.70410535], [-70.38719682, 18.70394482], [-70.3873066, 18.70384], [-70.38738001, 18.70377801], [-70.38745372, 18.7037602], [-70.38753374, 18.70364333], [-70.38741858, 18.70350947], [-70.38772831, 18.70340659], [-70.3879672, 18.70345886], [-70.38844341, 18.70356305], [-70.38901363, 18.70374888], [-70.38928647, 18.70384654], [-70.38953116, 18.70393838], [-70.38972735, 18.70393693], [-70.38963286, 18.70400329], [-70.38963355, 18.70408823], [-70.38947135, 18.70414105], [-70.38945121, 18.70421254], [-70.38913935, 18.70442172], [-70.3891024, 18.70442753], [-70.38896497, 18.70457533], [-70.38885166, 18.70458726], [-70.38874848, 18.70468031], [-70.38865262, 18.70464651], [-70.38852465, 18.70473497], [-70.38847608, 18.70480968], [-70.38840347, 18.7051042], [-70.3884248, 18.70524395], [-70.38822806, 18.70545115], [-70.38812446, 18.70539265], [-70.38788255, 18.70533919], [-70.38739754, 18.70543564], [-70.38725715, 18.70548895], [-70.38718157, 18.70523162], [-70.38711362, 18.7048973], [-70.38699928, 18.70448774], [-70.38692512, 18.70422208]]]]}, "geometry_name": "the_geom", "properties": {"Posicional": "305638663896", "Expediente": "663201613225", "Area": 38417.18, "Municipio": "RANCHO ARRIBA", "Provincia": "San Jos\u00e9 de Ocoa", "Operacion": "Subdivisi\u00f3n", "FechaInsc": "18/5/2017 12:54:45 p.\u00a0m.", "area_calc_m2": 38417, "touches_family_land": false, "owner": null, "owner_source": null, "family": false, "category": "confirmed"}}, {"type": "Feature", "id": "Aprobados.35260", "geometry": {"type": "MultiPolygon", "coordinates": [[[[-70.38756237, 18.69930044], [-70.3876331, 18.69904494], [-70.38769616, 18.69895501], [-70.38773314, 18.69890106], [-70.38777698, 18.69878966], [-70.38775209, 18.69858309], [-70.38788444, 18.69832156], [-70.38799531, 18.69819699], [-70.38802851, 18.69808484], [-70.3881192, 18.69792437], [-70.38816689, 18.69772757], [-70.38817288, 18.69765051], [-70.38822401, 18.69766382], [-70.38861959, 18.69749987], [-70.38916771, 18.69736297], [-70.38919409, 18.69748445], [-70.38930577, 18.69781055], [-70.38930859, 18.6981565], [-70.3893215, 18.69836689], [-70.38927699, 18.69851069], [-70.38918373, 18.69881158], [-70.38899097, 18.69893088], [-70.38905687, 18.69919721], [-70.38890665, 18.69944312], [-70.38885805, 18.69966965], [-70.38894736, 18.6999631], [-70.38864585, 18.70003533], [-70.38826476, 18.69991547], [-70.38756237, 18.69930044]]]]}, "geometry_name": "the_geom", "properties": {"Posicional": "305638508557", "Expediente": "663201613225", "Area": 35457.25, "Municipio": "RANCHO ARRIBA", "Provincia": "San Jos\u00e9 de Ocoa", "Operacion": "Subdivisi\u00f3n", "FechaInsc": "18/5/2017 12:54:45 p.\u00a0m.", "area_calc_m2": 35457, "touches_family_land": false, "owner": null, "owner_source": null, "family": false, "category": "confirmed"}}, {"type": "Feature", "id": "Aprobados.35265", "geometry": {"type": "MultiPolygon", "coordinates": [[[[-70.38756237, 18.69930044], [-70.38826476, 18.69991547], [-70.38864585, 18.70003533], [-70.38841098, 18.70039283], [-70.38817488, 18.70059833], [-70.38783788, 18.70089403], [-70.38774823, 18.70123843], [-70.38770576, 18.70175398], [-70.38771742, 18.70180287], [-70.38681525, 18.70168238], [-70.38683074, 18.70144886], [-70.38680499, 18.70138583], [-70.38693115, 18.7011074], [-70.38725654, 18.70078917], [-70.3874866, 18.70057211], [-70.38753716, 18.70021765], [-70.3875624, 18.69992102], [-70.38756237, 18.69930044]]]]}, "geometry_name": "the_geom", "properties": {"Posicional": "305638627787", "Expediente": "663201613225", "Area": 20801.23, "Municipio": "RANCHO ARRIBA", "Provincia": "San Jos\u00e9 de Ocoa", "Operacion": "Subdivisi\u00f3n", "FechaInsc": "18/5/2017 12:54:45 p.\u00a0m.", "area_calc_m2": 20801, "touches_family_land": false, "owner": null, "owner_source": null, "family": false, "category": "confirmed"}}, {"type": "Feature", "id": "Aprobados.699195", "geometry": {"type": "MultiPolygon", "coordinates": [[[[-70.38403409, 18.66777143], [-70.38396423, 18.66762246], [-70.38387208, 18.66743863], [-70.38381724, 18.66732236], [-70.38378901, 18.66726501], [-70.38374983, 18.66718597], [-70.38368951, 18.66705129], [-70.38364154, 18.66695168], [-70.38374505, 18.66696563], [-70.38400052, 18.66702464], [-70.38412436, 18.66700222], [-70.38422296, 18.6670044], [-70.38434265, 18.66696177], [-70.38457259, 18.66694945], [-70.3849938, 18.66744732], [-70.38507826, 18.66755262], [-70.38536068, 18.66730358], [-70.3856191, 18.66708905], [-70.3858805, 18.66686479], [-70.38616452, 18.66651247], [-70.38632641, 18.66618608], [-70.38660849, 18.66566014], [-70.38677157, 18.66566072], [-70.38687272, 18.66558704], [-70.38698816, 18.66552022], [-70.38712991, 18.66548691], [-70.38727218, 18.66551024], [-70.38740895, 18.66551295], [-70.38746207, 18.66553767], [-70.38761018, 18.66564798], [-70.38781624, 18.66573214], [-70.3879119, 18.66584351], [-70.38799264, 18.66587152], [-70.38791915, 18.66596891], [-70.38784776, 18.66620383], [-70.38780362, 18.66640503], [-70.38772846, 18.66656889], [-70.38770361, 18.66667223], [-70.38771571, 18.66674594], [-70.38764797, 18.66696924], [-70.38757142, 18.66708638], [-70.38747041, 18.66722748], [-70.38731887, 18.66732788], [-70.38728153, 18.6673823], [-70.38723022, 18.6674519], [-70.38712064, 18.66754634], [-70.3869431, 18.66769935], [-70.3866542, 18.66784364], [-70.38651825, 18.66793363], [-70.38646044, 18.66799413], [-70.38639666, 18.66805751], [-70.38631607, 18.66809111], [-70.38620834, 18.6681362], [-70.386082, 18.66818265], [-70.38599503, 18.66818853], [-70.38586755, 18.66820254], [-70.3857938, 18.66819558], [-70.38567292, 18.66816442], [-70.38558331, 18.66811902], [-70.38552012, 18.66811853], [-70.385448, 18.66811229], [-70.38544123, 18.66821778], [-70.38547339, 18.66828244], [-70.38552004, 18.66831904], [-70.38559129, 18.66836067], [-70.38561483, 18.66839994], [-70.38558675, 18.66841118], [-70.38541084, 18.66834874], [-70.38536486, 18.66837943], [-70.38521443, 18.66840084], [-70.38509133, 18.66840612], [-70.38493862, 18.66838349], [-70.3848483, 18.6683256], [-70.38482029, 18.66832603], [-70.38466312, 18.66831047], [-70.38449647, 18.66828646], [-70.38435614, 18.66825578], [-70.38431327, 18.66822551], [-70.38425308, 18.6681637], [-70.38420999, 18.66810945], [-70.38418732, 18.66808634], [-70.38413394, 18.66797619], [-70.38403409, 18.66777143]]]]}, "geometry_name": "the_geom", "properties": {"Posicional": "305634851660", "Expediente": "6642025061296-06", "Area": 6468.94, "Municipio": "RANCHO ARRIBA", "Provincia": "San Jos\u00e9 de Ocoa", "Operacion": "Saneamiento", "FechaInsc": "11/5/2026 12:18:01 p.\u00a0m.", "area_calc_m2": 66469, "touches_family_land": false, "owner": null, "owner_source": null, "family": false, "category": "confirmed"}}, {"type": "Feature", "id": "Aprobados.718107", "geometry": {"type": "MultiPolygon", "coordinates": [[[[-70.38747608, 18.66728013], [-70.38756364, 18.6673523], [-70.38762348, 18.66741997], [-70.38769939, 18.66750316], [-70.38778268, 18.66758842], [-70.38786472, 18.66767952], [-70.38793012, 18.66778451], [-70.38799123, 18.66784547], [-70.38802029, 18.66788791], [-70.38803455, 18.66792854], [-70.38802336, 18.66795242], [-70.38781155, 18.66804353], [-70.38778239, 18.66810245], [-70.38762955, 18.66824482], [-70.38756995, 18.66826061], [-70.38744711, 18.66826082], [-70.38728128, 18.66829322], [-70.38704353, 18.6683774], [-70.38680551, 18.66848155], [-70.38644212, 18.66875016], [-70.38632478, 18.66867332], [-70.38625997, 18.66863088], [-70.38617545, 18.66859179], [-70.38595084, 18.6685074], [-70.3857622, 18.66846284], [-70.3856503, 18.66845474], [-70.38560945, 18.66834045], [-70.38550292, 18.6681551], [-70.38571, 18.66821164], [-70.38582611, 18.6682405], [-70.38592449, 18.66824226], [-70.38610013, 18.66821407], [-70.38621878, 18.66817315], [-70.38637333, 18.66810809], [-70.38648264, 18.66804663], [-70.38666988, 18.66787288], [-70.38689789, 18.66776513], [-70.38704215, 18.66766874], [-70.38715927, 18.66754907], [-70.38729487, 18.66743177], [-70.38733105, 18.6673645], [-70.38747608, 18.66728013]]]]}, "geometry_name": "the_geom", "properties": {"Posicional": "305634762657", "Expediente": "6642025071364-05", "Area": 16291.24, "Municipio": "RANCHO ARRIBA", "Provincia": "San Jos\u00e9 de Ocoa", "Operacion": "Saneamiento", "FechaInsc": "2/6/2026 1:51:46 p.\u00a0m.", "area_calc_m2": 16291, "touches_family_land": false, "owner": null, "owner_source": null, "family": false, "category": "confirmed"}}, {"type": "Feature", "id": "Aprobados.35261", "geometry": {"type": "MultiPolygon", "coordinates": [[[[-70.38398777, 18.698143], [-70.38382371, 18.69799019], [-70.38378767, 18.69783807], [-70.38375495, 18.69780867], [-70.38380412, 18.69783193], [-70.38403669, 18.6978407], [-70.38445191, 18.69758436], [-70.38452945, 18.69725416], [-70.38473893, 18.69716424], [-70.38535751, 18.69711494], [-70.38561977, 18.69719487], [-70.38602696, 18.69707196], [-70.38652471, 18.69751871], [-70.38699501, 18.69763532], [-70.38732723, 18.69759663], [-70.38769541, 18.69752623], [-70.38800564, 18.69760698], [-70.38799536, 18.69785733], [-70.38757315, 18.69849215], [-70.38750839, 18.69850664], [-70.38745232, 18.69844096], [-70.3870406, 18.69847527], [-70.38663722, 18.69852378], [-70.38609752, 18.69829142], [-70.38556306, 18.69808173], [-70.38531046, 18.69784976], [-70.3846977, 18.69765813], [-70.3843296, 18.697866], [-70.38398777, 18.698143]]]]}, "geometry_name": "the_geom", "properties": {"Posicional": "305637893516", "Expediente": "663201613225", "Area": 35637.83, "Municipio": "RANCHO ARRIBA", "Provincia": "San Jos\u00e9 de Ocoa", "Operacion": "Subdivisi\u00f3n", "FechaInsc": "18/5/2017 12:54:45 p.\u00a0m.", "area_calc_m2": 35638, "touches_family_land": false, "owner": null, "owner_source": null, "family": false, "category": "confirmed"}}, {"type": "Feature", "id": "Aprobados.35284", "geometry": {"type": "MultiPolygon", "coordinates": [[[[-70.38751966, 18.69920784], [-70.38669386, 18.69885346], [-70.38663612, 18.69913986], [-70.38672528, 18.69921747], [-70.38676555, 18.69950315], [-70.3866825, 18.69981633], [-70.38645942, 18.70035765], [-70.38632493, 18.70102097], [-70.38635495, 18.70121106], [-70.38629309, 18.70133439], [-70.38621108, 18.70129053], [-70.38631319, 18.70156156], [-70.38599019, 18.70210707], [-70.38578922, 18.70228869], [-70.385427, 18.70231249], [-70.38531681, 18.70255496], [-70.38520484, 18.70280134], [-70.38513694, 18.70300942], [-70.38499151, 18.70308353], [-70.38489274, 18.70322212], [-70.38480699, 18.70337489], [-70.38503424, 18.70367304], [-70.38505519, 18.70370052], [-70.38540814, 18.70383181], [-70.38479147, 18.70392755], [-70.38476447, 18.70392213], [-70.38474521, 18.7039033], [-70.38423579, 18.70296458], [-70.38395781, 18.70261054], [-70.38389565, 18.70258432], [-70.38391089, 18.70256339], [-70.38411334, 18.70250862], [-70.38428762, 18.70241704], [-70.38444697, 18.70222235], [-70.38475528, 18.70190444], [-70.38493359, 18.70165928], [-70.3850436, 18.70147932], [-70.38525002, 18.70123162], [-70.38545486, 18.70098582], [-70.38568508, 18.70070956], [-70.38559744, 18.700622], [-70.38525602, 18.70075482], [-70.38504246, 18.70085287], [-70.38484615, 18.70085432], [-70.38455646, 18.70095531], [-70.38431918, 18.70120389], [-70.38422318, 18.70130446], [-70.38463619, 18.70149345], [-70.38488435, 18.70163182], [-70.38471079, 18.70187043], [-70.38440358, 18.70218722], [-70.38424994, 18.70237494], [-70.38409156, 18.70245816], [-70.38387576, 18.70251654], [-70.38384428, 18.70255977], [-70.38334448, 18.70229066], [-70.38325529, 18.70220491], [-70.38310704, 18.70210482], [-70.38295073, 18.70201946], [-70.38270839, 18.70191349], [-70.3824908, 18.70181337], [-70.38231541, 18.70173138], [-70.38219955, 18.70158299], [-70.38211699, 18.70148799], [-70.38209139, 18.70141136], [-70.38206924, 18.70130001], [-70.38203258, 18.70123002], [-70.38202768, 18.70121272], [-70.38203023, 18.70119497], [-70.38208238, 18.70105235], [-70.38217626, 18.70088004], [-70.38224526, 18.7007515], [-70.38239577, 18.70061101], [-70.38252635, 18.70046346], [-70.38259352, 18.70018367], [-70.38275582, 18.69996548], [-70.38266997, 18.69992837], [-70.38266537, 18.6999139], [-70.38277212, 18.69979839], [-70.3828755, 18.69983501], [-70.38303319, 18.69956796], [-70.3832213, 18.699325], [-70.38329833, 18.69916541], [-70.38341834, 18.69932232], [-70.38366021, 18.69952453], [-70.38396505, 18.69977938], [-70.38419879, 18.70001138], [-70.38450088, 18.69992864], [-70.38472695, 18.69988802], [-70.38489639, 18.69992832], [-70.38500442, 18.69979508], [-70.38506036, 18.69963105], [-70.38516581, 18.69951758], [-70.38535089, 18.69929723], [-70.38495383, 18.69916642], [-70.38462998, 18.6990973], [-70.38430204, 18.69892871], [-70.3840563, 18.69882792], [-70.38397396, 18.6987354], [-70.38393974, 18.69864254], [-70.38403857, 18.69810178], [-70.38432956, 18.69786598], [-70.3846977, 18.69765813], [-70.38531042, 18.69784973], [-70.38556302, 18.69808171], [-70.38609749, 18.6982914], [-70.38663718, 18.69852376], [-70.38704056, 18.69847525], [-70.38745229, 18.69844094], [-70.38750835, 18.69850662], [-70.38757311, 18.69849213], [-70.38769365, 18.69857366], [-70.38771886, 18.69878284], [-70.38768204, 18.6988764], [-70.38764866, 18.69892511], [-70.38758048, 18.69902233], [-70.38751966, 18.69920784]]]]}, "geometry_name": "the_geom", "properties": {"Posicional": "305638928563", "Expediente": "663201613225", "Area": 174456.03, "Municipio": "RANCHO ARRIBA", "Provincia": "San Jos\u00e9 de Ocoa", "Operacion": "Subdivisi\u00f3n", "FechaInsc": "18/5/2017 12:54:45 p.\u00a0m.", "area_calc_m2": 174455, "touches_family_land": false, "owner": null, "owner_source": null, "family": false, "category": "confirmed"}}, {"type": "Feature", "id": "Aprobados.35264", "geometry": {"type": "MultiPolygon", "coordinates": [[[[-70.38675888, 18.70138503], [-70.38651187, 18.70137027], [-70.38640579, 18.70139448], [-70.38629313, 18.70133441], [-70.38635499, 18.70121108], [-70.38632497, 18.70102099], [-70.38645946, 18.70035767], [-70.38668254, 18.69981635], [-70.38676559, 18.69950317], [-70.38672532, 18.69921749], [-70.38663616, 18.69913988], [-70.3866939, 18.69885348], [-70.3875197, 18.69920786], [-70.3875197, 18.69924204], [-70.38751973, 18.69991938], [-70.38749472, 18.70021327], [-70.38744628, 18.70055294], [-70.38722624, 18.70076053], [-70.3868951, 18.7010844], [-70.38675888, 18.70138503]]]]}, "geometry_name": "the_geom", "properties": {"Posicional": "305638725127", "Expediente": "663201613225", "Area": 22286.61, "Municipio": "RANCHO ARRIBA", "Provincia": "San Jos\u00e9 de Ocoa", "Operacion": "Subdivisi\u00f3n", "FechaInsc": "18/5/2017 12:54:45 p.\u00a0m.", "area_calc_m2": 22287, "touches_family_land": false, "owner": null, "owner_source": null, "family": false, "category": "confirmed"}}, {"type": "Feature", "id": "Aprobados.35268", "geometry": {"type": "MultiPolygon", "coordinates": [[[[-70.38681525, 18.70168238], [-70.38771742, 18.70180287], [-70.38772062, 18.7021953], [-70.38762475, 18.70265564], [-70.38756657, 18.70307118], [-70.3875174, 18.70318879], [-70.38740376, 18.7032001], [-70.38739539, 18.70325984], [-70.38717504, 18.70312944], [-70.3871124, 18.70280367], [-70.38704289, 18.70262941], [-70.3869895, 18.70239782], [-70.38690713, 18.70213455], [-70.38682249, 18.7019225], [-70.38681525, 18.70168238]]]]}, "geometry_name": "the_geom", "properties": {"Posicional": "305638741662", "Expediente": "663201613225", "Area": 11073.68, "Municipio": "RANCHO ARRIBA", "Provincia": "San Jos\u00e9 de Ocoa", "Operacion": "Subdivisi\u00f3n", "FechaInsc": "18/5/2017 12:54:45 p.\u00a0m.", "area_calc_m2": 11074, "touches_family_land": false, "owner": null, "owner_source": null, "family": false, "category": "confirmed"}}, {"type": "Feature", "id": "Aprobados.35289", "geometry": {"type": "MultiPolygon", "coordinates": [[[[-70.38687165, 18.70216338], [-70.38694818, 18.70240798], [-70.3870019, 18.70264104], [-70.38707115, 18.70281463], [-70.38713649, 18.70315447], [-70.38738535, 18.70333155], [-70.38772834, 18.7034066], [-70.38741862, 18.70350948], [-70.38753377, 18.70364334], [-70.38745375, 18.7037602], [-70.38738005, 18.70377801], [-70.38730664, 18.70384], [-70.38719686, 18.70394482], [-70.38703749, 18.70410536], [-70.38692516, 18.70422208], [-70.38689007, 18.7040964], [-70.38677081, 18.70395998], [-70.38696231, 18.7035807], [-70.38642312, 18.70297657], [-70.38586255, 18.70231461], [-70.38638974, 18.70229711], [-70.38647829, 18.70250033], [-70.38687165, 18.70216338]]]]}, "geometry_name": "the_geom", "properties": {"Posicional": "305638756481", "Expediente": "663201613225", "Area": 14031.22, "Municipio": "RANCHO ARRIBA", "Provincia": "San Jos\u00e9 de Ocoa", "Operacion": "Subdivisi\u00f3n", "FechaInsc": "18/5/2017 12:54:45 p.\u00a0m.", "area_calc_m2": 14031, "touches_family_land": false, "owner": null, "owner_source": null, "family": false, "category": "confirmed"}}, {"type": "Feature", "id": "Aprobados.35271", "geometry": {"type": "MultiPolygon", "coordinates": [[[[-70.38547334, 18.70586883], [-70.3854011, 18.70581872], [-70.38525656, 18.70554251], [-70.3848124, 18.70534168], [-70.38515047, 18.70479706], [-70.38510366, 18.70457925], [-70.38523274, 18.70445812], [-70.38524543, 18.7043336], [-70.3853008, 18.70396982], [-70.3854272, 18.70391952], [-70.38564432, 18.70392843], [-70.38667113, 18.70400646], [-70.38684011, 18.70412838], [-70.38694432, 18.70450169], [-70.38707257, 18.70496111], [-70.38712608, 18.70524379], [-70.38714939, 18.705527], [-70.38690137, 18.70548978], [-70.38629136, 18.70563664], [-70.38624397, 18.70560837], [-70.38607828, 18.70569052], [-70.38587695, 18.70588778], [-70.38547334, 18.70586883]]]]}, "geometry_name": "the_geom", "properties": {"Posicional": "305638875440", "Expediente": "663201613225", "Area": 37709.82, "Municipio": "RANCHO ARRIBA", "Provincia": "San Jos\u00e9 de Ocoa", "Operacion": "Subdivisi\u00f3n", "FechaInsc": "18/5/2017 12:54:45 p.\u00a0m.", "area_calc_m2": 37709, "touches_family_land": false, "owner": null, "owner_source": null, "family": false, "category": "confirmed"}}, {"type": "Feature", "id": "Aprobados.35272", "geometry": {"type": "MultiPolygon", "coordinates": [[[[-70.38810305, 18.70544359], [-70.38781142, 18.70663111], [-70.38747658, 18.70665274], [-70.38728928, 18.70655268], [-70.38679246, 18.7064393], [-70.38672994, 18.7061131], [-70.38690662, 18.70554444], [-70.38721473, 18.70556345], [-70.38741403, 18.70548777], [-70.38788193, 18.70539472], [-70.38810305, 18.70544359]]]]}, "geometry_name": "the_geom", "properties": {"Posicional": "305638780687", "Expediente": "663201613225", "Area": 14642.49, "Municipio": "RANCHO ARRIBA", "Provincia": "San Jos\u00e9 de Ocoa", "Operacion": "Subdivisi\u00f3n", "FechaInsc": "18/5/2017 12:54:45 p.\u00a0m.", "area_calc_m2": 14642, "touches_family_land": false, "owner": null, "owner_source": null, "family": false, "category": "confirmed"}}, {"type": "Feature", "id": "Aprobados.699196", "geometry": {"type": "MultiPolygon", "coordinates": [[[[-70.3852015, 18.66574348], [-70.38531954, 18.66569125], [-70.38554546, 18.66560233], [-70.38576707, 18.66553177], [-70.38583582, 18.66556535], [-70.38595495, 18.66557749], [-70.38626218, 18.66560882], [-70.38643561, 18.66564602], [-70.38660849, 18.66566014], [-70.38632641, 18.66618608], [-70.38616452, 18.66651247], [-70.3858805, 18.66686479], [-70.3856191, 18.66708905], [-70.38536068, 18.66730358], [-70.38507826, 18.66755262], [-70.3849938, 18.66744732], [-70.38457386, 18.66694944], [-70.38457259, 18.66694945], [-70.38467558, 18.66686668], [-70.38471977, 18.66680902], [-70.38486279, 18.66660485], [-70.38490682, 18.66654198], [-70.38502607, 18.66640112], [-70.38505952, 18.6662849], [-70.38510311, 18.66592926], [-70.38511694, 18.6658246], [-70.38510055, 18.66577679], [-70.38510985, 18.6657586], [-70.3852015, 18.66574348]]]]}, "geometry_name": "the_geom", "properties": {"Posicional": "305634847813", "Expediente": "6642025061296-06", "Area": 24099.93, "Municipio": "RANCHO ARRIBA", "Provincia": "San Jos\u00e9 de Ocoa", "Operacion": "Saneamiento", "FechaInsc": "11/5/2026 12:18:01 p.\u00a0m.", "area_calc_m2": 24100, "touches_family_land": false, "owner": null, "owner_source": null, "family": false, "category": "confirmed"}}, {"type": "Feature", "id": "Aprobados.35288", "geometry": {"type": "MultiPolygon", "coordinates": [[[[-70.3854011, 18.68828739], [-70.38568025, 18.68857988], [-70.38586835, 18.68926883], [-70.3860218, 18.68983092], [-70.38607172, 18.69033819], [-70.38605023, 18.69036564], [-70.38604318, 18.69039614], [-70.38601676, 18.69045914], [-70.38599391, 18.69052861], [-70.38596702, 18.69056857], [-70.38593168, 18.69061816], [-70.38591353, 18.69064839], [-70.38590835, 18.69065222], [-70.38587785, 18.69066862], [-70.38583892, 18.69067288], [-70.38582497, 18.69067073], [-70.38579703, 18.690675], [-70.38577097, 18.69067709], [-70.38572177, 18.6906892], [-70.38563891, 18.69065593], [-70.38557395, 18.69066607], [-70.38554596, 18.69068734], [-70.38551184, 18.69073602], [-70.38548397, 18.69081728], [-70.38543676, 18.69094729], [-70.3854024, 18.69103573], [-70.38534129, 18.6910651], [-70.38529787, 18.69110093], [-70.38529003, 18.69112801], [-70.38526059, 18.69115624], [-70.38519867, 18.69122564], [-70.38513926, 18.69128969], [-70.38509707, 18.69133572], [-70.38502591, 18.69138902], [-70.3849401, 18.69146971], [-70.38493894, 18.69151426], [-70.38494696, 18.69154384], [-70.38496149, 18.69158196], [-70.38499868, 18.69160752], [-70.38505087, 18.69162467], [-70.38502014, 18.69174037], [-70.38497269, 18.69179304], [-70.38493844, 18.69183775], [-70.38488341, 18.69189102], [-70.38474821, 18.69198499], [-70.38463314, 18.69204819], [-70.3845801, 18.69207894], [-70.38451643, 18.6920964], [-70.38441879, 18.69215766], [-70.38436612, 18.69218633], [-70.38434128, 18.69226874], [-70.38432959, 18.69231247], [-70.38430392, 18.69234962], [-70.38427356, 18.69235978], [-70.38419319, 18.69236408], [-70.38400169, 18.69228607], [-70.38401361, 18.69231788], [-70.38402145, 18.69233643], [-70.38403535, 18.69237925], [-70.38404398, 18.69241479], [-70.38403406, 18.6924417], [-70.38402019, 18.69247379], [-70.38400735, 18.69248084], [-70.38396851, 18.69249613], [-70.38387545, 18.69250323], [-70.38376673, 18.69250737], [-70.38353622, 18.69254061], [-70.38349956, 18.69255624], [-70.38347328, 18.69256655], [-70.38346009, 18.69257623], [-70.38342064, 18.69263453], [-70.38336274, 18.69270833], [-70.38328905, 18.69271836], [-70.38319002, 18.69266605], [-70.38315479, 18.69265981], [-70.38311494, 18.69267916], [-70.3831707, 18.6927748], [-70.38320224, 18.69281632], [-70.38320773, 18.692862], [-70.38320395, 18.69291001], [-70.38319931, 18.69292341], [-70.38316596, 18.69300824], [-70.38320844, 18.69303133], [-70.38327074, 18.69309032], [-70.38333666, 18.69311667], [-70.38335631, 18.69311951], [-70.3834369, 18.69315307], [-70.38344182, 18.6931871], [-70.3834312, 18.69325693], [-70.38338057, 18.69330393], [-70.38336676, 18.69335482], [-70.38335898, 18.69337764], [-70.38334803, 18.69341938], [-70.38331572, 18.69348025], [-70.3832832, 18.69352666], [-70.38327178, 18.69355711], [-70.38326318, 18.69358428], [-70.3832636, 18.69361229], [-70.38327142, 18.69365307], [-70.38334477, 18.69374144], [-70.38338487, 18.69377557], [-70.38343167, 18.69392278], [-70.38344787, 18.69397914], [-70.38345064, 18.6940046], [-70.38345008, 18.69406388], [-70.38343924, 18.69413055], [-70.38345453, 18.69415628], [-70.38350294, 18.69423373], [-70.38351259, 18.69426555], [-70.38350234, 18.69431171], [-70.38347098, 18.69441947], [-70.3834351, 18.69448479], [-70.38340656, 18.69453172], [-70.38332505, 18.69464102], [-70.3833201, 18.69464955], [-70.38331734, 18.69466032], [-70.38337198, 18.69468612], [-70.38339023, 18.69472728], [-70.38339177, 18.69475275], [-70.38337266, 18.69480521], [-70.38337309, 18.69483449], [-70.38335885, 18.69486757], [-70.38333733, 18.69487975], [-70.38328835, 18.69489692], [-70.38326489, 18.69496215], [-70.38325602, 18.6949792], [-70.38324751, 18.69500465], [-70.38319972, 18.69504025], [-70.38318073, 18.69504852], [-70.38313229, 18.69506162], [-70.38307503, 18.69507415], [-70.38298835, 18.69510831], [-70.38293382, 18.69512985], [-70.3829226, 18.69513789], [-70.3829086, 18.69518787], [-70.3828781, 18.69525044], [-70.38285837, 18.69529631], [-70.3828519, 18.69531669], [-70.38285675, 18.69534168], [-70.38287408, 18.69538628], [-70.38289168, 18.69541615], [-70.38293401, 18.69546834], [-70.38294371, 18.69549564], [-70.38294581, 18.69555599], [-70.38293439, 18.6956327], [-70.38292682, 18.69571597], [-70.3829169, 18.69579032], [-70.38292178, 18.69586619], [-70.38290696, 18.69595557], [-70.38289372, 18.6960182], [-70.38287637, 18.69604182], [-70.38281459, 18.69608203], [-70.38274111, 18.69609387], [-70.3827074, 18.69608806], [-70.38269249, 18.69609712], [-70.38263231, 18.6961703], [-70.38260138, 18.69622745], [-70.38258363, 18.69627132], [-70.38257806, 18.69628582], [-70.38258154, 18.69632916], [-70.38258805, 18.6963714], [-70.38260188, 18.69641747], [-70.38259615, 18.69643532], [-70.38256713, 18.696493], [-70.38248535, 18.69659218], [-70.38246889, 18.69662104], [-70.38246028, 18.69664649], [-70.38244666, 18.69670921], [-70.38243953, 18.69676439], [-70.38247159, 18.69683589], [-70.3825028, 18.69689675], [-70.38253205, 18.69692553], [-70.38260325, 18.69694823], [-70.38256796, 18.6970628], [-70.38317037, 18.69734515], [-70.38351904, 18.69769706], [-70.38375495, 18.69780867], [-70.38380412, 18.69783194], [-70.38382371, 18.6979902], [-70.38371058, 18.69790657], [-70.38358539, 18.69797093], [-70.38316658, 18.6982735], [-70.38291056, 18.69856418], [-70.38244204, 18.69891966], [-70.38200194, 18.69919713], [-70.38184268, 18.69938578], [-70.3817411, 18.69956403], [-70.38168832, 18.69970922], [-70.38229459, 18.70014528], [-70.38252052, 18.70021157], [-70.38247816, 18.70044056], [-70.38235737, 18.70057704], [-70.38220255, 18.70072157], [-70.38212974, 18.7008572], [-70.3820342, 18.70103256], [-70.38199197, 18.70114805], [-70.38195575, 18.70117762], [-70.38192564, 18.70118288], [-70.38183334, 18.7012267], [-70.38170092, 18.7012904], [-70.38156458, 18.70136187], [-70.38133077, 18.70141176], [-70.38114497, 18.70143007], [-70.38092721, 18.701472], [-70.38067728, 18.70152599], [-70.38053213, 18.70155523], [-70.3804631, 18.70154091], [-70.38034845, 18.70146182], [-70.38028253, 18.70139352], [-70.38024911, 18.70133242], [-70.38020607, 18.70118288], [-70.38011833, 18.70102249], [-70.38003126, 18.7009006], [-70.37989419, 18.70069476], [-70.37982941, 18.70053904], [-70.38010674, 18.70050187], [-70.38025838, 18.7004845], [-70.38036723, 18.7004548], [-70.38035227, 18.70038107], [-70.38033827, 18.7001456], [-70.38036422, 18.70004374], [-70.38041047, 18.69988697], [-70.38047665, 18.69961651], [-70.38046097, 18.69954266], [-70.38034203, 18.69938669], [-70.38011556, 18.69930143], [-70.3799, 18.69930302], [-70.37983019, 18.69937433], [-70.37966993, 18.69934955], [-70.3795637, 18.69933313], [-70.37958372, 18.69945272], [-70.37962463, 18.69961286], [-70.37971196, 18.69980041], [-70.37973079, 18.69982152], [-70.37970859, 18.6998736], [-70.37965482, 18.69992373], [-70.37960277, 18.69997227], [-70.37952842, 18.69981996], [-70.37945397, 18.69952634], [-70.37942495, 18.69946102], [-70.37940923, 18.69934758], [-70.37936752, 18.69919612], [-70.37928995, 18.69909305], [-70.37919483, 18.69897686], [-70.37902906, 18.69882194], [-70.37891156, 18.69873697], [-70.37878769, 18.69867054], [-70.37866596, 18.69863207], [-70.37849634, 18.69861809], [-70.37831644, 18.69863745], [-70.37821901, 18.69863226], [-70.37811064, 18.69861593], [-70.37785018, 18.69840615], [-70.37777827, 18.69824927], [-70.37770443, 18.69801111], [-70.37758106, 18.69772565], [-70.37744736, 18.69739126], [-70.37742426, 18.69727103], [-70.37737925, 18.69713579], [-70.377428, 18.69685235], [-70.37742436, 18.69640275], [-70.37734037, 18.69602346], [-70.37743347, 18.69592494], [-70.37756582, 18.69578301], [-70.37769448, 18.69564778], [-70.37779749, 18.69556828], [-70.37786788, 18.69549448], [-70.37791198, 18.69544382], [-70.37796101, 18.69534094], [-70.37796004, 18.69522076], [-70.37794715, 18.69514723], [-70.377831, 18.69493866], [-70.37769686, 18.69468213], [-70.37755325, 18.69441181], [-70.37719834, 18.69458099], [-70.3768819, 18.69474646], [-70.37669131, 18.69483341], [-70.37655533, 18.6946354], [-70.37640896, 18.69430511], [-70.37625168, 18.69406182], [-70.37645876, 18.69364023], [-70.37671267, 18.69363836], [-70.37694222, 18.69363668], [-70.37709494, 18.69361095], [-70.37719981, 18.6935208], [-70.37739655, 18.69330159], [-70.37768118, 18.69295727], [-70.37775598, 18.69289166], [-70.37787264, 18.69286112], [-70.37803774, 18.6928965], [-70.37813983, 18.69299053], [-70.37826538, 18.69298961], [-70.37839846, 18.69296075], [-70.37871733, 18.69284646], [-70.37903408, 18.69326121], [-70.37918187, 18.6935165], [-70.37911696, 18.69371606], [-70.37887293, 18.693922], [-70.37902608, 18.69403094], [-70.3792467, 18.69398504], [-70.37938718, 18.69395799], [-70.3796169, 18.69391377], [-70.37966669, 18.69371773], [-70.37969241, 18.69347661], [-70.37972059, 18.69336564], [-70.37977302, 18.69345217], [-70.37999015, 18.69364061], [-70.38016511, 18.69375039], [-70.38031172, 18.69382449], [-70.38039464, 18.69375411], [-70.38045623, 18.69364704], [-70.38059771, 18.69345928], [-70.38062182, 18.69330262], [-70.38066729, 18.69317714], [-70.38069004, 18.6930106], [-70.38065011, 18.69286112], [-70.38111439, 18.69278538], [-70.38149016, 18.69274902], [-70.38196877, 18.69267258], [-70.38199249, 18.69254532], [-70.38161467, 18.69172203], [-70.38143503, 18.69177584], [-70.38133501, 18.69181744], [-70.38125258, 18.6919683], [-70.38117718, 18.6920485], [-70.38106947, 18.69211753], [-70.38099306, 18.69215261], [-70.38087422, 18.69219362], [-70.38079935, 18.6922193], [-70.38073375, 18.6922343], [-70.38064215, 18.69223497], [-70.38058562, 18.69222211], [-70.38047764, 18.69223088], [-70.38039015, 18.69217731], [-70.38037676, 18.69206493], [-70.38030185, 18.69206548], [-70.38028105, 18.691808], [-70.38029432, 18.69176561], [-70.38025509, 18.69165734], [-70.3801997, 18.69150449], [-70.3801975, 18.69123272], [-70.38022487, 18.69110132], [-70.37998465, 18.69107551], [-70.37975467, 18.69102695], [-70.37976012, 18.69097941], [-70.37987763, 18.69093038], [-70.38020248, 18.69080231], [-70.37985986, 18.69021165], [-70.37975993, 18.69001878], [-70.3798923, 18.68999053], [-70.38017904, 18.68995803], [-70.38039775, 18.68976905], [-70.38067141, 18.68967395], [-70.38091909, 18.68958787], [-70.38105207, 18.689381], [-70.38134295, 18.68926877], [-70.38167695, 18.6891399], [-70.38204486, 18.68913611], [-70.38239506, 18.68904095], [-70.38271201, 18.68895483], [-70.38296349, 18.68894961], [-70.38329054, 18.68894282], [-70.38361339, 18.68911955], [-70.38385659, 18.6891145], [-70.38408301, 18.6891098], [-70.38425293, 18.68901966], [-70.38445202, 18.68901553], [-70.38461625, 18.68866349], [-70.38487313, 18.68859663], [-70.38509093, 18.68846906], [-70.3854011, 18.68828739]]]]}, "geometry_name": "the_geom", "properties": {"Posicional": "305647354994", "Expediente": "663201613225", "Area": 650899.32, "Municipio": "RANCHO ARRIBA", "Provincia": "San Jos\u00e9 de Ocoa", "Operacion": "Subdivisi\u00f3n", "FechaInsc": "18/5/2017 12:54:45 p.\u00a0m.", "area_calc_m2": 650899, "touches_family_land": false, "owner": null, "owner_source": null, "family": false, "category": "confirmed"}}, {"type": "Feature", "id": "Aprobados.35270", "geometry": {"type": "MultiPolygon", "coordinates": [[[[-70.38540818, 18.70383183], [-70.38505522, 18.70370054], [-70.38503428, 18.70367306], [-70.38480703, 18.70337491], [-70.38489278, 18.70322214], [-70.38499155, 18.70308355], [-70.38513698, 18.70300945], [-70.38520488, 18.70280136], [-70.38531685, 18.70255498], [-70.38542704, 18.70231251], [-70.38578926, 18.70228871], [-70.38583788, 18.70228551], [-70.38586253, 18.70231463], [-70.38642311, 18.70297659], [-70.3869623, 18.70358072], [-70.38677079, 18.70396], [-70.38670577, 18.70396345], [-70.38669222, 18.70395368], [-70.38564636, 18.70387419], [-70.38540818, 18.70383183]]]]}, "geometry_name": "the_geom", "properties": {"Posicional": "305638857519", "Expediente": "663201613225", "Area": 25644.36, "Municipio": "RANCHO ARRIBA", "Provincia": "San Jos\u00e9 de Ocoa", "Operacion": "Subdivisi\u00f3n", "FechaInsc": "18/5/2017 12:54:45 p.\u00a0m.", "area_calc_m2": 25643, "touches_family_land": false, "owner": null, "owner_source": null, "family": false, "category": "confirmed"}}, {"type": "Feature", "id": "Aprobados.35262", "geometry": {"type": "MultiPolygon", "coordinates": [[[[-70.38329837, 18.69916544], [-70.38343564, 18.69901415], [-70.38359818, 18.69892456], [-70.38375683, 18.69888601], [-70.38393978, 18.69864256], [-70.383974, 18.69873542], [-70.38405634, 18.69882795], [-70.38430208, 18.69892873], [-70.38463001, 18.69909732], [-70.38495387, 18.69916644], [-70.38535093, 18.69929725], [-70.38516584, 18.6995176], [-70.3850604, 18.69963107], [-70.38500445, 18.6997951], [-70.38489643, 18.69992834], [-70.38472699, 18.69988804], [-70.38450092, 18.69992867], [-70.38419882, 18.7000114], [-70.38396509, 18.6997794], [-70.38366024, 18.69952455], [-70.38341837, 18.69932234], [-70.38329837, 18.69916544]]]]}, "geometry_name": "the_geom", "properties": {"Posicional": "305648013321", "Expediente": "663201613225", "Area": 16705.7, "Municipio": "RANCHO ARRIBA", "Provincia": "San Jos\u00e9 de Ocoa", "Operacion": "Subdivisi\u00f3n", "FechaInsc": "18/5/2017 12:54:45 p.\u00a0m.", "area_calc_m2": 16706, "touches_family_land": false, "owner": null, "owner_source": null, "family": false, "category": "confirmed"}}, {"type": "Feature", "id": "Aprobados.35302", "geometry": {"type": "MultiPolygon", "coordinates": [[[[-70.38422321, 18.70130448], [-70.38431922, 18.70120391], [-70.3845565, 18.70095534], [-70.38484619, 18.70085435], [-70.3850425, 18.7008529], [-70.38525605, 18.70075484], [-70.38559748, 18.70062202], [-70.38568512, 18.70070958], [-70.38545489, 18.70098584], [-70.38525006, 18.70123164], [-70.38504364, 18.70147935], [-70.38493363, 18.7016593], [-70.38463623, 18.70149347], [-70.38422321, 18.70130448]]]]}, "geometry_name": "the_geom", "properties": {"Posicional": "305638936254", "Expediente": "663201613225", "Area": 7586.66, "Municipio": "RANCHO ARRIBA", "Provincia": "San Jos\u00e9 de Ocoa", "Operacion": "Subdivisi\u00f3n", "FechaInsc": "18/5/2017 12:54:45 p.\u00a0m.", "area_calc_m2": 7587, "touches_family_land": false, "owner": null, "owner_source": null, "family": false, "category": "confirmed"}}, {"type": "Feature", "id": "Aprobados.35263", "geometry": {"type": "MultiPolygon", "coordinates": [[[[-70.38252052, 18.70021156], [-70.3822946, 18.70014527], [-70.38168832, 18.69970921], [-70.38174111, 18.69956402], [-70.38184269, 18.69938578], [-70.38200194, 18.69919713], [-70.38244204, 18.69891966], [-70.38291057, 18.69856417], [-70.38316658, 18.6982735], [-70.38358539, 18.69797093], [-70.38371058, 18.69790657], [-70.38382371, 18.69799019], [-70.38398777, 18.698143], [-70.38389941, 18.69862643], [-70.3837312, 18.69885027], [-70.38358192, 18.69888655], [-70.38340806, 18.69898238], [-70.38326213, 18.6991432], [-70.3831844, 18.69930424], [-70.38299733, 18.69954586], [-70.38285623, 18.69978482], [-70.38275952, 18.69975055], [-70.38261768, 18.69990404], [-70.38263478, 18.69995781], [-70.38269115, 18.69998218], [-70.38252052, 18.70021156]]]]}, "geometry_name": "the_geom", "properties": {"Posicional": "305648108936", "Expediente": "663201613225", "Area": 24458.08, "Municipio": "RANCHO ARRIBA", "Provincia": "San Jos\u00e9 de Ocoa", "Operacion": "Subdivisi\u00f3n", "FechaInsc": "18/5/2017 12:54:45 p.\u00a0m.", "area_calc_m2": 24458, "touches_family_land": false, "owner": null, "owner_source": null, "family": false, "category": "confirmed"}}, {"type": "Feature", "id": "Aprobados.35274", "geometry": {"type": "MultiPolygon", "coordinates": [[[[-70.38472925, 18.70398322], [-70.38474906, 18.70468394], [-70.38432223, 18.70506132], [-70.38438129, 18.70529881], [-70.38398014, 18.70557708], [-70.38367358, 18.70563373], [-70.38334483, 18.70559537], [-70.38319729, 18.70547853], [-70.38287202, 18.70546336], [-70.38254503, 18.70546578], [-70.38237846, 18.70529544], [-70.38229765, 18.70505299], [-70.38215815, 18.70497896], [-70.38197531, 18.70465505], [-70.38173095, 18.70447472], [-70.38198744, 18.70409341], [-70.38236599, 18.70384642], [-70.38246631, 18.70329243], [-70.38290391, 18.70280506], [-70.38327651, 18.70255668], [-70.38355124, 18.70268642], [-70.38362641, 18.70265877], [-70.38384534, 18.70261804], [-70.38392389, 18.70265118], [-70.384191, 18.70299137], [-70.38412078, 18.70338368], [-70.38414339, 18.70342654], [-70.38432631, 18.70362861], [-70.38453903, 18.70393899], [-70.38472925, 18.70398322]]]]}, "geometry_name": "the_geom", "properties": {"Posicional": "305648163654", "Expediente": "663201613225", "Area": 70246.15, "Municipio": "RANCHO ARRIBA", "Provincia": "San Jos\u00e9 de Ocoa", "Operacion": "Subdivisi\u00f3n", "FechaInsc": "18/5/2017 12:54:45 p.\u00a0m.", "area_calc_m2": 70246, "touches_family_land": false, "owner": null, "owner_source": null, "family": false, "category": "confirmed"}}, {"type": "Feature", "id": "Aprobados.35275", "geometry": {"type": "MultiPolygon", "coordinates": [[[[-70.38331221, 18.70233099], [-70.38327651, 18.70255668], [-70.38290391, 18.70280506], [-70.38246631, 18.70329243], [-70.38236599, 18.70384642], [-70.38198744, 18.70409341], [-70.38173095, 18.70447472], [-70.38197531, 18.70465505], [-70.38215815, 18.70497896], [-70.38229765, 18.70505299], [-70.38237846, 18.70529544], [-70.38254503, 18.70546578], [-70.38287202, 18.70546336], [-70.38265567, 18.70600903], [-70.3828953, 18.70621739], [-70.38301978, 18.70625915], [-70.38311711, 18.70635364], [-70.38343371, 18.70627251], [-70.38366474, 18.7062708], [-70.38376572, 18.70639153], [-70.38370903, 18.70676768], [-70.38314565, 18.70683655], [-70.38283307, 18.70728526], [-70.38382662, 18.70793278], [-70.3836283, 18.70811365], [-70.38277076, 18.70841673], [-70.381883, 18.70824471], [-70.3814885, 18.70832073], [-70.38034727, 18.70854061], [-70.38018105, 18.70834503], [-70.38025445, 18.70808232], [-70.3802664, 18.70756121], [-70.3799167, 18.70772604], [-70.3796976, 18.70770145], [-70.37949118, 18.70764468], [-70.37902323, 18.70760042], [-70.37883085, 18.70755944], [-70.37923617, 18.70710365], [-70.37954897, 18.70656711], [-70.37949188, 18.70591239], [-70.37952598, 18.70554093], [-70.3791643, 18.70525483], [-70.37966771, 18.70462505], [-70.38014206, 18.70428717], [-70.38030221, 18.70415541], [-70.38071349, 18.70403655], [-70.38104432, 18.70392382], [-70.38121736, 18.70383481], [-70.38160918, 18.70335325], [-70.38189225, 18.70296497], [-70.38203049, 18.70271062], [-70.38234905, 18.70252878], [-70.3823482, 18.7024242], [-70.38226773, 18.70231606], [-70.38214066, 18.70214531], [-70.38252939, 18.70190051], [-70.38279707, 18.70243533], [-70.38288586, 18.70243468], [-70.38321788, 18.70224029], [-70.38331221, 18.70233099]]]]}, "geometry_name": "the_geom", "properties": {"Posicional": "305648384675", "Expediente": "663201613225", "Area": 184450.71, "Municipio": "RANCHO ARRIBA", "Provincia": "San Jos\u00e9 de Ocoa", "Operacion": "Subdivisi\u00f3n", "FechaInsc": "18/5/2017 12:54:45 p.\u00a0m.", "area_calc_m2": 184451, "touches_family_land": false, "owner": null, "owner_source": null, "family": false, "category": "confirmed"}}, {"type": "Feature", "id": "Aprobados.35280", "geometry": {"type": "MultiPolygon", "coordinates": [[[[-70.38161468, 18.69172203], [-70.38199249, 18.69254532], [-70.38196878, 18.69267258], [-70.38149017, 18.69274902], [-70.38111439, 18.69278537], [-70.38065011, 18.69286111], [-70.38033994, 18.69289138], [-70.38015893, 18.69292437], [-70.38007486, 18.69290194], [-70.38015537, 18.69282427], [-70.37979592, 18.69252641], [-70.37964257, 18.69232619], [-70.37974677, 18.69230971], [-70.37988677, 18.69228757], [-70.38007815, 18.69226972], [-70.38021587, 18.69222247], [-70.38028824, 18.69223227], [-70.38047764, 18.69223088], [-70.38058563, 18.69222211], [-70.38064216, 18.69223497], [-70.38073375, 18.69223429], [-70.38079936, 18.6922193], [-70.38087423, 18.69219362], [-70.38099307, 18.6921526], [-70.38106948, 18.69211753], [-70.38117719, 18.6920485], [-70.38125258, 18.69196829], [-70.38133501, 18.69181744], [-70.38143503, 18.69177584], [-70.38161468, 18.69172203]]]]}, "geometry_name": "the_geom", "properties": {"Posicional": "305647337588", "Expediente": "663201613225", "Area": 16905.4, "Municipio": "RANCHO ARRIBA", "Provincia": "San Jos\u00e9 de Ocoa", "Operacion": "Subdivisi\u00f3n", "FechaInsc": "18/5/2017 12:54:45 p.\u00a0m.", "area_calc_m2": 16905, "touches_family_land": false, "owner": null, "owner_source": null, "family": false, "category": "confirmed"}}, {"type": "Feature", "id": "Aprobados.35281", "geometry": {"type": "MultiPolygon", "coordinates": [[[[-70.37961702, 18.6922942], [-70.37963278, 18.69207507], [-70.37963108, 18.69186535], [-70.37969214, 18.69157217], [-70.37974224, 18.69113541], [-70.37975467, 18.69102695], [-70.37998465, 18.6910755], [-70.38022488, 18.69110132], [-70.38019751, 18.69123272], [-70.38019971, 18.69150449], [-70.38025509, 18.69165734], [-70.38029432, 18.69176561], [-70.38028106, 18.69180799], [-70.38030185, 18.69206548], [-70.38037676, 18.69206492], [-70.38039016, 18.69217731], [-70.38029205, 18.69217803], [-70.38024139, 18.6921746], [-70.38015041, 18.69218731], [-70.38006711, 18.69219895], [-70.37985531, 18.69224029], [-70.37964186, 18.69228451], [-70.37961702, 18.6922942]]]]}, "geometry_name": "the_geom", "properties": {"Posicional": "305647428726", "Expediente": "663201613225", "Area": 7808.15, "Municipio": "RANCHO ARRIBA", "Provincia": "San Jos\u00e9 de Ocoa", "Operacion": "Subdivisi\u00f3n", "FechaInsc": "18/5/2017 12:54:45 p.\u00a0m.", "area_calc_m2": 7808, "touches_family_land": false, "owner": null, "owner_source": null, "family": false, "category": "confirmed"}}, {"type": "Feature", "id": "Aprobados.35279", "geometry": {"type": "MultiPolygon", "coordinates": [[[[-70.37964257, 18.69232619], [-70.37979592, 18.69252641], [-70.38015537, 18.69282427], [-70.38007486, 18.69290194], [-70.38015893, 18.69292437], [-70.38033994, 18.69289138], [-70.38065011, 18.69286111], [-70.38069005, 18.6930106], [-70.3806673, 18.69317713], [-70.38062182, 18.69330261], [-70.38059772, 18.69345927], [-70.38045623, 18.69364704], [-70.38039464, 18.6937541], [-70.38031173, 18.69382448], [-70.38016511, 18.69375038], [-70.37999015, 18.69364061], [-70.37977303, 18.69345217], [-70.3797206, 18.69336564], [-70.37969241, 18.6934766], [-70.3796667, 18.69371772], [-70.37961691, 18.69391376], [-70.37938719, 18.69395799], [-70.37924671, 18.69398503], [-70.37902608, 18.69403094], [-70.37887294, 18.69392199], [-70.37911696, 18.69371605], [-70.37918187, 18.6935165], [-70.37903408, 18.6932612], [-70.37871734, 18.69284645], [-70.37883618, 18.6927763], [-70.37897583, 18.69274152], [-70.37910678, 18.69266293], [-70.37964257, 18.69232619]]]]}, "geometry_name": "the_geom", "properties": {"Posicional": "305647541412", "Expediente": "663201613225", "Area": 21438.49, "Municipio": "RANCHO ARRIBA", "Provincia": "San Jos\u00e9 de Ocoa", "Operacion": "Subdivisi\u00f3n", "FechaInsc": "18/5/2017 12:54:45 p.\u00a0m.", "area_calc_m2": 21438, "touches_family_land": false, "owner": null, "owner_source": null, "family": false, "category": "confirmed"}}, {"type": "Feature", "id": "Aprobados.35276", "geometry": {"type": "MultiPolygon", "coordinates": [[[[-70.37960278, 18.69997226], [-70.37965483, 18.69992373], [-70.3797086, 18.6998736], [-70.3797308, 18.69982152], [-70.37971197, 18.69980041], [-70.37962464, 18.69961286], [-70.37958373, 18.69945271], [-70.37956371, 18.69933313], [-70.37966993, 18.69934955], [-70.37983019, 18.69937433], [-70.37990001, 18.69930302], [-70.38011556, 18.69930143], [-70.38034204, 18.69938668], [-70.38046097, 18.69954265], [-70.38047665, 18.6996165], [-70.38041048, 18.69988697], [-70.38036422, 18.70004374], [-70.38033828, 18.7001456], [-70.38035227, 18.70038107], [-70.38036723, 18.70045479], [-70.38025838, 18.70048449], [-70.38010674, 18.70050187], [-70.37982942, 18.70053903], [-70.37974051, 18.70028802], [-70.37967316, 18.7001055], [-70.37960278, 18.69997226]]]]}, "geometry_name": "the_geom", "properties": {"Posicional": "305648418822", "Expediente": "663201613225", "Area": 9760.15, "Municipio": "RANCHO ARRIBA", "Provincia": "San Jos\u00e9 de Ocoa", "Operacion": "Subdivisi\u00f3n", "FechaInsc": "18/5/2017 12:54:45 p.\u00a0m.", "area_calc_m2": 9760, "touches_family_land": false, "owner": null, "owner_source": null, "family": false, "category": "confirmed"}}, {"type": "Feature", "id": "Aprobados.35282", "geometry": {"type": "MultiPolygon", "coordinates": [[[[-70.37884868, 18.69014993], [-70.37912929, 18.6900724], [-70.37966054, 18.69003999], [-70.37975994, 18.69001878], [-70.37985986, 18.69021165], [-70.38020248, 18.6908023], [-70.37987764, 18.69093038], [-70.37941934, 18.69112158], [-70.37916557, 18.69118994], [-70.37893433, 18.6912299], [-70.37870815, 18.69096276], [-70.378598, 18.69083267], [-70.37853724, 18.69075646], [-70.37863613, 18.69042686], [-70.37871884, 18.69032474], [-70.37884868, 18.69014993]]]]}, "geometry_name": "the_geom", "properties": {"Posicional": "305647514595", "Expediente": "663201613225", "Area": 15761.15, "Municipio": "RANCHO ARRIBA", "Provincia": "San Jos\u00e9 de Ocoa", "Operacion": "Subdivisi\u00f3n", "FechaInsc": "18/5/2017 12:54:45 p.\u00a0m.", "area_calc_m2": 15761, "touches_family_land": false, "owner": null, "owner_source": null, "family": false, "category": "confirmed"}}, {"type": "Feature", "id": "Aprobados.35286", "geometry": {"type": "MultiPolygon", "coordinates": [[[[-70.37630461, 18.69118786], [-70.37643253, 18.69108577], [-70.37701196, 18.69124634], [-70.37746015, 18.6911579], [-70.37767806, 18.6912985], [-70.37806756, 18.69106616], [-70.37852645, 18.69079242], [-70.37853724, 18.69075646], [-70.378598, 18.69083267], [-70.37870815, 18.69096276], [-70.37893433, 18.6912299], [-70.37916557, 18.69118994], [-70.37941934, 18.69112158], [-70.37976013, 18.69097941], [-70.37975467, 18.69102695], [-70.37974224, 18.69113541], [-70.37969214, 18.69157217], [-70.37963108, 18.69186535], [-70.37963278, 18.69207507], [-70.37964186, 18.69228451], [-70.37961702, 18.6922942], [-70.37954606, 18.6923219], [-70.37907595, 18.69261736], [-70.37895295, 18.69269118], [-70.37881351, 18.69272591], [-70.37869211, 18.69279758], [-70.37837742, 18.69290971], [-70.37825878, 18.69293544], [-70.37816265, 18.69293614], [-70.3780658, 18.69284694], [-70.37787127, 18.69280525], [-70.37772761, 18.69284286], [-70.37763932, 18.69292031], [-70.37735258, 18.69326718], [-70.37715898, 18.69348289], [-70.37706896, 18.69356027], [-70.37693702, 18.6935825], [-70.37671224, 18.69358415], [-70.37645966, 18.693586], [-70.37634369, 18.69331547], [-70.37623699, 18.69309759], [-70.37620569, 18.69292037], [-70.37624469, 18.69255624], [-70.37633004, 18.69224878], [-70.37641368, 18.69194747], [-70.37636631, 18.69167188], [-70.37630461, 18.69118786]]]]}, "geometry_name": "the_geom", "properties": {"Posicional": "305647730199", "Expediente": "663201613225", "Area": 73774.75, "Municipio": "RANCHO ARRIBA", "Provincia": "San Jos\u00e9 de Ocoa", "Operacion": "Subdivisi\u00f3n", "FechaInsc": "18/5/2017 12:54:45 p.\u00a0m.", "area_calc_m2": 73775, "touches_family_land": false, "owner": null, "owner_source": null, "family": false, "category": "confirmed"}}, {"type": "Feature", "id": "Aprobados.35277", "geometry": {"type": "MultiPolygon", "coordinates": [[[[-70.37946023, 18.69978182], [-70.37911544, 18.69987356], [-70.37868793, 18.70001002], [-70.37842963, 18.70011413], [-70.37835373, 18.69996919], [-70.37828551, 18.6997661], [-70.37824998, 18.69961271], [-70.37820159, 18.69949969], [-70.37813255, 18.6995598], [-70.37801821, 18.69965933], [-70.37800945, 18.69988565], [-70.37790866, 18.69989841], [-70.37775474, 18.69991789], [-70.37766854, 18.69991853], [-70.37757481, 18.69982197], [-70.37751605, 18.69970013], [-70.3774148, 18.69965306], [-70.37737385, 18.69956524], [-70.37737253, 18.69940242], [-70.37746134, 18.6993629], [-70.37754308, 18.69930548], [-70.37780045, 18.6990808], [-70.37801904, 18.69876167], [-70.37808606, 18.6986671], [-70.37821297, 18.69868623], [-70.37831806, 18.69869183], [-70.3784971, 18.69867257], [-70.3786544, 18.69868553], [-70.37876458, 18.69872034], [-70.37888028, 18.6987824], [-70.3789918, 18.69886304], [-70.3791523, 18.69901305], [-70.37924439, 18.69912553], [-70.37931517, 18.69921957], [-70.3793533, 18.69935804], [-70.37936956, 18.69947539], [-70.37939977, 18.69954338], [-70.37946023, 18.69978182]]]]}, "geometry_name": "the_geom", "properties": {"Posicional": "305648614275", "Expediente": "663201613225", "Area": 22177.96, "Municipio": "RANCHO ARRIBA", "Provincia": "San Jos\u00e9 de Ocoa", "Operacion": "Subdivisi\u00f3n", "FechaInsc": "18/5/2017 12:54:45 p.\u00a0m.", "area_calc_m2": 22178, "touches_family_land": false, "owner": null, "owner_source": null, "family": false, "category": "confirmed"}}, {"type": "Feature", "id": "Aprobados.35290", "geometry": {"type": "MultiPolygon", "coordinates": [[[[-70.37299217, 18.7185169], [-70.37296152, 18.71843854], [-70.37266349, 18.71847013], [-70.37239243, 18.71727492], [-70.37210242, 18.71723324], [-70.37156414, 18.71672904], [-70.37105003, 18.71673281], [-70.3702789, 18.71565143], [-70.37001757, 18.71514061], [-70.37124963, 18.71474814], [-70.37173902, 18.71438666], [-70.3720393, 18.7125409], [-70.37302763, 18.71166191], [-70.37356061, 18.71155098], [-70.37372023, 18.71100504], [-70.37434215, 18.71079304], [-70.37500457, 18.71151383], [-70.37568788, 18.71150882], [-70.37669839, 18.71318147], [-70.37741516, 18.71328005], [-70.37887865, 18.71389508], [-70.37878058, 18.71480381], [-70.37817053, 18.71491244], [-70.37733823, 18.71621138], [-70.37719925, 18.71632835], [-70.37639581, 18.71634996], [-70.37591754, 18.71626231], [-70.37555171, 18.71669139], [-70.37517456, 18.71704734], [-70.37479831, 18.71707735], [-70.3742952, 18.71715625], [-70.37411489, 18.71740252], [-70.37389186, 18.71753976], [-70.37379009, 18.71763406], [-70.37371576, 18.71779268], [-70.37367498, 18.71808024], [-70.37361519, 18.71826206], [-70.37318611, 18.71848808], [-70.37299217, 18.7185169]]]]}, "geometry_name": "the_geom", "properties": {"Posicional": "305659089059", "Expediente": "663201613225", "Area": 399168.11, "Municipio": "RANCHO ARRIBA", "Provincia": "San Jos\u00e9 de Ocoa", "Operacion": "Subdivisi\u00f3n", "FechaInsc": "18/5/2017 12:54:45 p.\u00a0m.", "area_calc_m2": 399168, "touches_family_land": false, "owner": null, "owner_source": null, "family": false, "category": "confirmed"}}, {"type": "Feature", "id": "Aprobados.300970", "geometry": {"type": "MultiPolygon", "coordinates": [[[[-70.37417336, 18.6604806], [-70.37425462, 18.66035332], [-70.37440048, 18.66012473], [-70.37454988, 18.65991238], [-70.37462568, 18.65982598], [-70.37454045, 18.65980121], [-70.37450975, 18.65980297], [-70.37479058, 18.65957258], [-70.37489131, 18.65957925], [-70.37501836, 18.65954643], [-70.37538744, 18.6592084], [-70.37558732, 18.65889574], [-70.37591683, 18.65848319], [-70.37603318, 18.65802927], [-70.3761046, 18.65765692], [-70.37622874, 18.65791055], [-70.3762984, 18.65809627], [-70.37633027, 18.65815794], [-70.37631362, 18.65817342], [-70.37634847, 18.65828638], [-70.37644784, 18.65853604], [-70.37651086, 18.65875714], [-70.37657019, 18.65886143], [-70.37662681, 18.65893412], [-70.37680883, 18.65897082], [-70.37705287, 18.65905641], [-70.37731661, 18.6591986], [-70.37759185, 18.65944977], [-70.37742836, 18.65959564], [-70.37738878, 18.65963632], [-70.37732659, 18.65971837], [-70.3772311, 18.6597619], [-70.37685971, 18.65986058], [-70.37679013, 18.65987266], [-70.3765426, 18.65989453], [-70.37644434, 18.65990022], [-70.37631566, 18.65993098], [-70.37590233, 18.66011879], [-70.37558763, 18.66027516], [-70.37552903, 18.66019174], [-70.37543548, 18.66011119], [-70.37533539, 18.66024349], [-70.37534852, 18.66030791], [-70.37543799, 18.66038776], [-70.37540489, 18.6604321], [-70.37528202, 18.66059628], [-70.3752059, 18.66067906], [-70.37518365, 18.66083528], [-70.37502793, 18.66088629], [-70.37497175, 18.66089131], [-70.37467885, 18.66082451], [-70.37447584, 18.66076004], [-70.37435446, 18.66067382], [-70.37436595, 18.6606525], [-70.37429841, 18.66062372], [-70.37425446, 18.66058031], [-70.37418958, 18.66050524], [-70.37417336, 18.6604806]]]]}, "geometry_name": "the_geom", "properties": {"Posicional": "305643879128", "Expediente": "6642020034770-03", "Area": 44194.46142578, "Municipio": "", "Provincia": "San Jos\u00e9 de Ocoa", "Operacion": "Saneamiento", "FechaInsc": "7/12/2020 12:48:29 p.\u00a0m.", "area_calc_m2": 44194, "touches_family_land": false, "owner": null, "owner_source": null, "family": false, "category": "confirmed"}}, {"type": "Feature", "id": "Aprobados.621894", "geometry": {"type": "MultiPolygon", "coordinates": [[[[-70.37459815, 18.6643558], [-70.37472501, 18.66478101], [-70.37461198, 18.66517511], [-70.37461853, 18.66525599], [-70.37473432, 18.66611412], [-70.37473508, 18.66617163], [-70.37494036, 18.66661983], [-70.37500563, 18.66691262], [-70.37499624, 18.66696167], [-70.37482989, 18.66718818], [-70.37471032, 18.66740186], [-70.37461082, 18.66766984], [-70.37452141, 18.66783999], [-70.37422742, 18.66804644], [-70.37387784, 18.66830025], [-70.37378086, 18.6682283], [-70.37366154, 18.66814979], [-70.37342349, 18.66794257], [-70.37332021, 18.66782882], [-70.37330556, 18.66763702], [-70.37331625, 18.66751485], [-70.37333789, 18.66742109], [-70.37333871, 18.66723974], [-70.37323159, 18.66696489], [-70.37322665, 18.66695511], [-70.37316984, 18.66681421], [-70.37305593, 18.66658724], [-70.37294717, 18.66635185], [-70.37264351, 18.66577203], [-70.37246921, 18.66550794], [-70.37224403, 18.6651415], [-70.37213366, 18.66492559], [-70.37206833, 18.6648412], [-70.37198833, 18.66481882], [-70.37188227, 18.66479311], [-70.37182339, 18.66474291], [-70.37181321, 18.66466725], [-70.3716784, 18.66428556], [-70.37158459, 18.66405871], [-70.37152651, 18.66390719], [-70.37164561, 18.66384539], [-70.37171014, 18.66380141], [-70.37163436, 18.66376379], [-70.37162079, 18.66376204], [-70.3715263, 18.66366401], [-70.3715918, 18.66358033], [-70.37164366, 18.66351108], [-70.37168635, 18.6634609], [-70.37171572, 18.66346316], [-70.37175283, 18.66337868], [-70.37180919, 18.66325867], [-70.37181265, 18.66323872], [-70.37174888, 18.66315233], [-70.37184014, 18.66303524], [-70.37192298, 18.66297629], [-70.37198137, 18.66292396], [-70.37212985, 18.66269], [-70.37232638, 18.66242099], [-70.37250669, 18.662183], [-70.37256219, 18.66208777], [-70.37262164, 18.66198334], [-70.37274786, 18.66176572], [-70.37295331, 18.66134002], [-70.37326148, 18.66092157], [-70.37342608, 18.66105883], [-70.37355661, 18.6609555], [-70.37365026, 18.66103281], [-70.37379548, 18.66117151], [-70.37387654, 18.66124765], [-70.37388714, 18.66128844], [-70.37411733, 18.6615779], [-70.37417598, 18.66161927], [-70.37437759, 18.66157416], [-70.37443033, 18.66156475], [-70.37456913, 18.66152416], [-70.37461535, 18.66149365], [-70.37464565, 18.66151573], [-70.37473673, 18.66144821], [-70.37486736, 18.66142722], [-70.37506066, 18.66140719], [-70.37531506, 18.66136264], [-70.37542498, 18.66135834], [-70.37548526, 18.66133423], [-70.37550317, 18.66132481], [-70.3755177, 18.66131294], [-70.37552155, 18.66131075], [-70.37548577, 18.66117035], [-70.37553327, 18.66114941], [-70.37563512, 18.66136394], [-70.37573903, 18.66129231], [-70.37577215, 18.66126401], [-70.37574175, 18.66122508], [-70.37582935, 18.6611663], [-70.3758491, 18.66119099], [-70.37603064, 18.66104941], [-70.37606072, 18.66107576], [-70.37612184, 18.66104182], [-70.37619107, 18.66101428], [-70.37627811, 18.66100929], [-70.37630539, 18.66139363], [-70.3763968, 18.66164122], [-70.37646624, 18.66187688], [-70.37662729, 18.6623188], [-70.37671805, 18.66251577], [-70.37661383, 18.66285405], [-70.3761095, 18.66305574], [-70.37591486, 18.66318165], [-70.37576045, 18.66328977], [-70.37565756, 18.66334359], [-70.37544441, 18.66342381], [-70.3753198, 18.66346373], [-70.37501916, 18.66355631], [-70.37486575, 18.66366251], [-70.37461642, 18.66385675], [-70.37460514, 18.66386757], [-70.37455336, 18.66400806], [-70.37451862, 18.66412989], [-70.37459815, 18.6643558]]]]}, "geometry_name": "the_geom", "properties": {"Posicional": "305654029076", "Expediente": "6642025013372-05", "Area": 220223.99, "Municipio": "RANCHO ARRIBA", "Provincia": "San Jos\u00e9 de Ocoa", "Operacion": "Saneamiento", "FechaInsc": "22/6/2025 12:14:51 p.\u00a0m.", "area_calc_m2": 220223, "touches_family_land": false, "owner": null, "owner_source": null, "family": false, "category": "confirmed"}}, {"type": "Feature", "id": "Aprobados.35295", "geometry": {"type": "MultiPolygon", "coordinates": [[[[-70.37722904, 18.71638178], [-70.377017, 18.71671271], [-70.37729872, 18.71721625], [-70.37744342, 18.71886047], [-70.37701894, 18.71886927], [-70.37660819, 18.71908783], [-70.37614157, 18.71946106], [-70.37607923, 18.71969443], [-70.37605113, 18.71972568], [-70.37593792, 18.7196965], [-70.37572357, 18.7196165], [-70.37557038, 18.71974886], [-70.37528484, 18.71975095], [-70.37508696, 18.71963367], [-70.3748684, 18.71930104], [-70.37455067, 18.71848806], [-70.37443464, 18.71852974], [-70.37374615, 18.71891751], [-70.37309032, 18.71876783], [-70.37301245, 18.71856875], [-70.37320482, 18.71854016], [-70.37366266, 18.718299], [-70.37373072, 18.71809206], [-70.37377105, 18.71780766], [-70.37383759, 18.71766567], [-70.37392748, 18.71758239], [-70.37415515, 18.71744228], [-70.37432813, 18.71720603], [-70.37480531, 18.71713119], [-70.37519991, 18.71709973], [-70.37559394, 18.71672785], [-70.37594023, 18.71632168], [-70.37639118, 18.71640432], [-70.37722904, 18.71638178]]]]}, "geometry_name": "the_geom", "properties": {"Posicional": "305740915878", "Expediente": "663201613225", "Area": 100774.25, "Municipio": "RANCHO ARRIBA", "Provincia": "San Jos\u00e9 de Ocoa", "Operacion": "Subdivisi\u00f3n", "FechaInsc": "18/5/2017 12:54:45 p.\u00a0m.", "area_calc_m2": 100774, "touches_family_land": false, "owner": null, "owner_source": null, "family": false, "category": "confirmed"}}, {"type": "Feature", "id": "Aprobados.35287", "geometry": {"type": "MultiPolygon", "coordinates": [[[[-70.3762526, 18.69122937], [-70.37630998, 18.69167953], [-70.37635557, 18.6919448], [-70.37627504, 18.69223491], [-70.37618885, 18.69254541], [-70.37616407, 18.69270923], [-70.37614847, 18.69292303], [-70.37617136, 18.69305262], [-70.37586706, 18.69284948], [-70.37553752, 18.6928519], [-70.37515182, 18.69275454], [-70.37493081, 18.69269337], [-70.37467172, 18.69276794], [-70.37456718, 18.69284729], [-70.37438097, 18.69288188], [-70.37420643, 18.69288315], [-70.37375516, 18.69270322], [-70.3734855, 18.69273047], [-70.37341618, 18.69269391], [-70.37338078, 18.69254173], [-70.37329452, 18.69248365], [-70.37317968, 18.69265642], [-70.37312355, 18.69278266], [-70.37307828, 18.69282776], [-70.37302792, 18.69280809], [-70.37295527, 18.69260574], [-70.37289668, 18.69244834], [-70.37290901, 18.69241316], [-70.37305234, 18.6924102], [-70.37345427, 18.69216589], [-70.37372682, 18.69215825], [-70.37400899, 18.69215241], [-70.37433669, 18.69209091], [-70.3748395, 18.69195755], [-70.37525624, 18.69170486], [-70.37567598, 18.69158403], [-70.37588282, 18.69152449], [-70.37616812, 18.6912968], [-70.3762526, 18.69122937]]]]}, "geometry_name": "the_geom", "properties": {"Posicional": "305657030358", "Expediente": "663201613225", "Area": 33490.79, "Municipio": "RANCHO ARRIBA", "Provincia": "San Jos\u00e9 de Ocoa", "Operacion": "Subdivisi\u00f3n", "FechaInsc": "18/5/2017 12:54:45 p.\u00a0m.", "area_calc_m2": 33491, "touches_family_land": false, "owner": null, "owner_source": null, "family": false, "category": "confirmed"}}, {"type": "Feature", "id": "Aprobados.35305", "geometry": {"type": "MultiPolygon", "coordinates": [[[[-70.37260308, 18.69487539], [-70.37260707, 18.69475638], [-70.372735, 18.69473212], [-70.37317332, 18.69461142], [-70.37321901, 18.69412061], [-70.37344865, 18.69328468], [-70.37302662, 18.69309339], [-70.37277709, 18.69284813], [-70.37241213, 18.69271529], [-70.37202387, 18.69257049], [-70.37197348, 18.69255582], [-70.37267805, 18.69241796], [-70.37285864, 18.69241422], [-70.37284652, 18.69244879], [-70.37291048, 18.69262062], [-70.37295602, 18.69274745], [-70.37299002, 18.69284213], [-70.37309018, 18.69288125], [-70.37316379, 18.69280793], [-70.37322179, 18.69267748], [-70.37330787, 18.69254798], [-70.37333844, 18.69256857], [-70.37337451, 18.69272358], [-70.37347561, 18.69277691], [-70.37374806, 18.69274938], [-70.37419707, 18.69292841], [-70.3743857, 18.69292703], [-70.37458762, 18.69288953], [-70.37469411, 18.6928087], [-70.37493105, 18.6927405], [-70.37513912, 18.69279808], [-70.37538307, 18.69285967], [-70.37553151, 18.69289713], [-70.37585225, 18.69289478], [-70.37618299, 18.69311558], [-70.37629153, 18.69333721], [-70.37640955, 18.69361252], [-70.37619888, 18.6940414], [-70.37581472, 18.69415901], [-70.37548019, 18.69427502], [-70.37541389, 18.69429801], [-70.37513867, 18.69432688], [-70.3749447, 18.6944211], [-70.37465752, 18.69462146], [-70.37426176, 18.69477555], [-70.37412548, 18.69482886], [-70.37400032, 18.69481748], [-70.37361724, 18.69468683], [-70.37350792, 18.69468763], [-70.37330537, 18.69482161], [-70.37320084, 18.6948638], [-70.37289288, 18.69488509], [-70.37271993, 18.69489354], [-70.37266472, 18.69489394], [-70.37260308, 18.69487539]]]]}, "geometry_name": "the_geom", "properties": {"Posicional": "305657046859", "Expediente": "663201613225", "Area": 63114.82, "Municipio": "RANCHO ARRIBA", "Provincia": "San Jos\u00e9 de Ocoa", "Operacion": "Subdivisi\u00f3n", "FechaInsc": "18/5/2017 12:54:45 p.\u00a0m.", "area_calc_m2": 63115, "touches_family_land": false, "owner": null, "owner_source": null, "family": false, "category": "confirmed"}}, {"type": "Feature", "id": "Aprobados.35294", "geometry": {"type": "MultiPolygon", "coordinates": [[[[-70.37301245, 18.71856875], [-70.37309032, 18.71876783], [-70.37374615, 18.71891751], [-70.37443464, 18.71852974], [-70.37455067, 18.71848806], [-70.3748684, 18.71930104], [-70.37508696, 18.71963367], [-70.37528484, 18.71975095], [-70.37557038, 18.71974886], [-70.37572357, 18.7196165], [-70.37593792, 18.7196965], [-70.37605113, 18.71972568], [-70.37586232, 18.71993562], [-70.37566039, 18.72006853], [-70.37547241, 18.72019226], [-70.37488402, 18.72044588], [-70.37467065, 18.72053785], [-70.37450243, 18.72054133], [-70.37417919, 18.72070963], [-70.37409144, 18.72087754], [-70.37402396, 18.72136063], [-70.37387613, 18.72157132], [-70.37388153, 18.7218079], [-70.37388655, 18.72202788], [-70.37367923, 18.72228251], [-70.37336771, 18.72251709], [-70.3732162, 18.72263118], [-70.37322054, 18.72282185], [-70.37299825, 18.72292212], [-70.37282831, 18.72292564], [-70.3726461, 18.72306923], [-70.37249907, 18.72318509], [-70.37229931, 18.72345171], [-70.37223951, 18.72375601], [-70.37196686, 18.72358728], [-70.37142161, 18.72325632], [-70.37089007, 18.72298434], [-70.37034661, 18.72306047], [-70.37002317, 18.72320093], [-70.36974555, 18.72330033], [-70.36951909, 18.72331389], [-70.36908069, 18.72307155], [-70.36905422, 18.7226792], [-70.36938701, 18.72238594], [-70.37008982, 18.72168036], [-70.37082393, 18.72077197], [-70.37085031, 18.71995374], [-70.37094158, 18.71960211], [-70.37109616, 18.71916627], [-70.37128162, 18.71897622], [-70.37159556, 18.7188281], [-70.3719742, 18.71873503], [-70.37245187, 18.71863929], [-70.3729518, 18.71857776], [-70.37301245, 18.71856875]]]]}, "geometry_name": "the_geom", "properties": {"Posicional": "305750351101", "Expediente": "663201613225", "Area": 207883.8, "Municipio": "RANCHO ARRIBA", "Provincia": "San Jos\u00e9 de Ocoa", "Operacion": "Subdivisi\u00f3n", "FechaInsc": "18/5/2017 12:54:45 p.\u00a0m.", "area_calc_m2": 207884, "touches_family_land": false, "owner": null, "owner_source": null, "family": false, "category": "confirmed"}}, {"type": "Feature", "id": "Aprobados.35304", "geometry": {"type": "MultiPolygon", "coordinates": [[[[-70.37202814, 18.69499797], [-70.37179158, 18.69456745], [-70.37170717, 18.69435668], [-70.37156727, 18.69383686], [-70.37160293, 18.69356242], [-70.37164162, 18.69318445], [-70.37149843, 18.69270609], [-70.37150329, 18.69237772], [-70.37177896, 18.69259384], [-70.37197348, 18.69255578], [-70.37202387, 18.69257044], [-70.37241213, 18.69271524], [-70.37277709, 18.69284808], [-70.37302661, 18.69309334], [-70.37344865, 18.69328464], [-70.37321901, 18.69412057], [-70.37317332, 18.69461137], [-70.37273499, 18.69473208], [-70.37260707, 18.69475634], [-70.37260308, 18.69487535], [-70.3725741, 18.69486663], [-70.37240038, 18.69482031], [-70.37219306, 18.69487341], [-70.37210631, 18.69491424], [-70.37202814, 18.69499797]]]]}, "geometry_name": "the_geom", "properties": {"Posicional": "305657248923", "Expediente": "663201613225", "Area": 38605.38, "Municipio": "RANCHO ARRIBA", "Provincia": "San Jos\u00e9 de Ocoa", "Operacion": "Subdivisi\u00f3n", "FechaInsc": "18/5/2017 12:54:45 p.\u00a0m.", "area_calc_m2": 38605, "touches_family_land": false, "owner": null, "owner_source": null, "family": false, "category": "confirmed"}}, {"type": "Feature", "id": "Aprobados.296066", "geometry": {"type": "MultiPolygon", "coordinates": [[[[-70.37055002, 18.66629882], [-70.37045961, 18.66619555], [-70.37036176, 18.66610492], [-70.37031507, 18.6660631], [-70.37028372, 18.66602765], [-70.37029408, 18.66600673], [-70.37033708, 18.66594825], [-70.37040964, 18.66584816], [-70.37049817, 18.66573102], [-70.37054363, 18.6656633], [-70.37060893, 18.66556353], [-70.37073029, 18.66541208], [-70.37078194, 18.66534786], [-70.37084842, 18.66526946], [-70.37091019, 18.66521889], [-70.37101946, 18.66511555], [-70.37112071, 18.66498865], [-70.37112903, 18.66495634], [-70.37112935, 18.66495125], [-70.3711829, 18.6649602], [-70.37117254, 18.6650065], [-70.37117044, 18.66504017], [-70.37117235, 18.66508594], [-70.37117595, 18.66512755], [-70.37127357, 18.66511443], [-70.37132154, 18.66512483], [-70.37132518, 18.66514796], [-70.37132956, 18.66518205], [-70.37134905, 18.66525181], [-70.37136142, 18.66528685], [-70.37138675, 18.66536074], [-70.37143062, 18.66539479], [-70.37148042, 18.66543973], [-70.37148921, 18.66544976], [-70.37155063, 18.66553164], [-70.3715822, 18.66556551], [-70.37162926, 18.66562639], [-70.37165776, 18.66567867], [-70.37167317, 18.66567264], [-70.37169718, 18.6656539], [-70.3717129, 18.66562346], [-70.37174219, 18.66559287], [-70.37182438, 18.66564424], [-70.37182307, 18.66567366], [-70.37178901, 18.66569126], [-70.37175452, 18.66572705], [-70.37175598, 18.66577729], [-70.37171141, 18.66582465], [-70.37167637, 18.6658544], [-70.37172501, 18.66591648], [-70.37175864, 18.66594842], [-70.37181472, 18.66605098], [-70.37187355, 18.66613308], [-70.37192068, 18.66612901], [-70.37196431, 18.66609245], [-70.37197568, 18.66608941], [-70.37199494, 18.66607333], [-70.37206194, 18.66616351], [-70.37209605, 18.66617698], [-70.37211974, 18.66619054], [-70.37214983, 18.66626205], [-70.37222306, 18.66639691], [-70.37222192, 18.66646314], [-70.3722714, 18.66656235], [-70.37234611, 18.66664469], [-70.3724126, 18.66675951], [-70.37246427, 18.66684254], [-70.372471, 18.66687319], [-70.37251436, 18.66689448], [-70.37254178, 18.66689386], [-70.37256256, 18.66691306], [-70.37256446, 18.66692558], [-70.37256932, 18.66696098], [-70.37254538, 18.66700114], [-70.37252968, 18.66705048], [-70.37252431, 18.66709844], [-70.37250473, 18.66714101], [-70.37248538, 18.66723119], [-70.37251091, 18.66723503], [-70.37249131, 18.66729192], [-70.37247076, 18.66735193], [-70.37243753, 18.66743906], [-70.37242259, 18.66749358], [-70.37239829, 18.6675816], [-70.37238947, 18.6676297], [-70.37237871, 18.66768356], [-70.3722978, 18.66767933], [-70.37225072, 18.6676775], [-70.37214555, 18.66765597], [-70.37202782, 18.66763251], [-70.37191841, 18.6675941], [-70.37190791, 18.6675902], [-70.37183843, 18.66755361], [-70.37175324, 18.66750345], [-70.37169624, 18.6674702], [-70.37162883, 18.66740788], [-70.37156609, 18.66735133], [-70.37149254, 18.66728271], [-70.37148371, 18.66724724], [-70.37140611, 18.66716511], [-70.37135602, 18.66712827], [-70.37128932, 18.66706784], [-70.37122783, 18.66700456], [-70.3711723, 18.66694192], [-70.37112813, 18.6668968], [-70.37105135, 18.66682603], [-70.37098142, 18.66673015], [-70.37093171, 18.66665795], [-70.3708924, 18.66660922], [-70.37078038, 18.6665227], [-70.37069661, 18.66645963], [-70.37062671, 18.66639684], [-70.37061282, 18.66637301], [-70.37055002, 18.66629882]]]]}, "geometry_name": "the_geom", "properties": {"Posicional": "305654345750", "Expediente": "6642021083651-04", "Area": 34207.32, "Municipio": "RANCHO ARRIBA", "Provincia": "San Jos\u00e9 de Ocoa", "Operacion": "Saneamiento", "FechaInsc": "30/3/2022 3:55:25 p.\u00a0m.", "area_calc_m2": 34207, "touches_family_land": false, "owner": null, "owner_source": null, "family": false, "category": "confirmed"}}, {"type": "Feature", "id": "Aprobados.35283", "geometry": {"type": "MultiPolygon", "coordinates": [[[[-70.37262777, 18.69493965], [-70.37259409, 18.69516757], [-70.37263847, 18.69540119], [-70.3727147, 18.69573594], [-70.37274581, 18.69583423], [-70.37252522, 18.69587714], [-70.37238464, 18.6959372], [-70.37207771, 18.69602476], [-70.37191974, 18.69604863], [-70.37183806, 18.69605504], [-70.37168594, 18.69619172], [-70.3715849, 18.69635606], [-70.37145092, 18.69628916], [-70.37135084, 18.69611759], [-70.37101941, 18.69572348], [-70.37121566, 18.69559549], [-70.37153938, 18.69541257], [-70.37181737, 18.69530539], [-70.37214146, 18.6949582], [-70.37221325, 18.69492442], [-70.3724001, 18.69487656], [-70.37255789, 18.69491863], [-70.37262777, 18.69493965]]]]}, "geometry_name": "the_geom", "properties": {"Posicional": "305657372083", "Expediente": "663201613225", "Area": 15169.77, "Municipio": "RANCHO ARRIBA", "Provincia": "San Jos\u00e9 de Ocoa", "Operacion": "Subdivisi\u00f3n", "FechaInsc": "18/5/2017 12:54:45 p.\u00a0m.", "area_calc_m2": 15170, "touches_family_land": false, "owner": null, "owner_source": null, "family": false, "category": "confirmed"}}, {"type": "Feature", "id": "Aprobados.35303", "geometry": {"type": "MultiPolygon", "coordinates": [[[[-70.37150331, 18.69237775], [-70.37149845, 18.69270612], [-70.37164164, 18.69318449], [-70.37160296, 18.69356245], [-70.37156729, 18.6938369], [-70.37170719, 18.69435671], [-70.3717916, 18.69456748], [-70.37202817, 18.694998], [-70.37178371, 18.69525988], [-70.37151406, 18.69536384], [-70.37118505, 18.69554976], [-70.37097331, 18.69568786], [-70.37077385, 18.69584442], [-70.37069967, 18.69591355], [-70.37059259, 18.69591433], [-70.37034269, 18.69571661], [-70.37022475, 18.69559221], [-70.37009031, 18.69540801], [-70.37003217, 18.69531767], [-70.36993068, 18.69518786], [-70.36975668, 18.69512698], [-70.36959691, 18.69512814], [-70.36944218, 18.69504354], [-70.36925325, 18.69498218], [-70.36913919, 18.69494627], [-70.36823246, 18.69474942], [-70.36797741, 18.69459569], [-70.36781805, 18.69437958], [-70.3677465, 18.69418494], [-70.36761839, 18.69400045], [-70.36744827, 18.69387374], [-70.36708271, 18.69365673], [-70.36701214, 18.69354901], [-70.36696871, 18.69324088], [-70.36684556, 18.6929979], [-70.3667177, 18.69291442], [-70.36650026, 18.69285331], [-70.3661722, 18.69285753], [-70.36584033, 18.69291001], [-70.36555354, 18.69292497], [-70.3654658, 18.69290776], [-70.36520414, 18.69278483], [-70.36494839, 18.69264046], [-70.36446184, 18.69247899], [-70.36434579, 18.69244658], [-70.36397599, 18.69218179], [-70.36367504, 18.69206556], [-70.36332988, 18.69192308], [-70.36292775, 18.69203583], [-70.36233641, 18.6923353], [-70.36193674, 18.69250857], [-70.36167294, 18.69258519], [-70.36157169, 18.6925079], [-70.36150769, 18.69236337], [-70.36150463, 18.69224062], [-70.36160917, 18.69201266], [-70.36172861, 18.69167001], [-70.36185066, 18.69134809], [-70.36199526, 18.69106946], [-70.36202827, 18.69108303], [-70.36231124, 18.69106446], [-70.36301413, 18.69165763], [-70.36324896, 18.69150261], [-70.36345246, 18.69158222], [-70.3637147, 18.69161712], [-70.36431351, 18.6916675], [-70.36462394, 18.69170346], [-70.36540963, 18.69168724], [-70.36589578, 18.69177635], [-70.3662264, 18.69189346], [-70.36667059, 18.69183561], [-70.36714466, 18.69218237], [-70.36740995, 18.69198419], [-70.36775453, 18.69197707], [-70.36803818, 18.69225669], [-70.36860748, 18.69224493], [-70.36907451, 18.69234947], [-70.36986853, 18.69233305], [-70.37015318, 18.69232716], [-70.37036471, 18.6924013], [-70.37057445, 18.69239696], [-70.37082914, 18.69239169], [-70.37112128, 18.69238565], [-70.37150331, 18.69237775]]]]}, "geometry_name": "the_geom", "properties": {"Posicional": "305657742491", "Expediente": "663201613225", "Area": 203570.01, "Municipio": "RANCHO ARRIBA", "Provincia": "San Jos\u00e9 de Ocoa", "Operacion": "Subdivisi\u00f3n", "FechaInsc": "18/5/2017 12:54:45 p.\u00a0m.", "area_calc_m2": 203570, "touches_family_land": false, "owner": null, "owner_source": null, "family": false, "category": "confirmed"}}, {"type": "Feature", "id": "Aprobados.35293", "geometry": {"type": "MultiPolygon", "coordinates": [[[[-70.37222818, 18.72381365], [-70.37220928, 18.72390982], [-70.37183136, 18.72438886], [-70.3716329, 18.72506974], [-70.37146496, 18.72516152], [-70.37131733, 18.72524552], [-70.37118786, 18.72535691], [-70.37101024, 18.7257037], [-70.37098366, 18.72573842], [-70.3694658, 18.72616016], [-70.36758847, 18.72662302], [-70.36744064, 18.72684203], [-70.36733041, 18.72719704], [-70.36721448, 18.72763766], [-70.36705624, 18.72772336], [-70.36656232, 18.72761272], [-70.36595746, 18.72762523], [-70.36572757, 18.72775086], [-70.36532295, 18.72777244], [-70.36489789, 18.72772617], [-70.36448346, 18.72780814], [-70.36397865, 18.72798372], [-70.36375088, 18.72806295], [-70.36339706, 18.72818601], [-70.36311601, 18.72835755], [-70.36294668, 18.72836862], [-70.36276673, 18.72850989], [-70.36266417, 18.72887801], [-70.36261275, 18.72906258], [-70.36242505, 18.72925386], [-70.3622496, 18.72943267], [-70.3620707, 18.7295954], [-70.36191341, 18.72975861], [-70.36174303, 18.72985989], [-70.3615672, 18.72982353], [-70.36156316, 18.72964587], [-70.3612046, 18.72947553], [-70.36042474, 18.72940954], [-70.36018769, 18.72906572], [-70.35988572, 18.729035], [-70.35971223, 18.7289667], [-70.35951102, 18.72897085], [-70.35936988, 18.72884998], [-70.35904566, 18.72879278], [-70.35866987, 18.72868074], [-70.35841892, 18.72852619], [-70.35810873, 18.72853259], [-70.35792053, 18.72856702], [-70.35767061, 18.72851624], [-70.35739898, 18.72857448], [-70.35642505, 18.72828861], [-70.35619595, 18.72808937], [-70.35597593, 18.72783401], [-70.35584981, 18.72775766], [-70.35562426, 18.7276211], [-70.35453254, 18.72733912], [-70.35431388, 18.72728264], [-70.35404007, 18.72713352], [-70.35385899, 18.72712385], [-70.35359242, 18.72723356], [-70.35341782, 18.72727623], [-70.35331963, 18.72720598], [-70.35308803, 18.72711952], [-70.35300663, 18.72702681], [-70.35288371, 18.7268516], [-70.35264842, 18.7269091], [-70.35244868, 18.72707939], [-70.3523321, 18.72717878], [-70.35207161, 18.72712593], [-70.35176511, 18.72706375], [-70.35151562, 18.72701313], [-70.35119577, 18.72694823], [-70.35068328, 18.72695878], [-70.35034933, 18.72711153], [-70.34988416, 18.72712111], [-70.34965157, 18.72712589], [-70.34925881, 18.72725029], [-70.349096, 18.72725364], [-70.3489073, 18.72714121], [-70.34867471, 18.72714599], [-70.34841991, 18.72694075], [-70.34823594, 18.72652357], [-70.34795244, 18.72633553], [-70.3475135, 18.72632245], [-70.34695061, 18.72639465], [-70.34667484, 18.72640032], [-70.34643301, 18.7264053], [-70.34632845, 18.7262862], [-70.34626521, 18.72611776], [-70.34581813, 18.7258683], [-70.3456095, 18.72561114], [-70.34529516, 18.72542391], [-70.34512066, 18.72494799], [-70.34477706, 18.72473893], [-70.34438464, 18.72474699], [-70.34449254, 18.72437993], [-70.34435781, 18.72411654], [-70.34424429, 18.72382409], [-70.34406238, 18.72335544], [-70.3441284, 18.72314827], [-70.34430971, 18.722852], [-70.34453938, 18.7224767], [-70.34466202, 18.72227628], [-70.34459182, 18.7221476], [-70.34458886, 18.72201668], [-70.34479438, 18.72181133], [-70.34501132, 18.72180687], [-70.34531632, 18.72202045], [-70.34564865, 18.72201362], [-70.34589525, 18.72168757], [-70.3462154, 18.72145796], [-70.34646934, 18.72111095], [-70.3467054, 18.72104698], [-70.34684767, 18.72077422], [-70.3468049, 18.72056091], [-70.34707274, 18.72032888], [-70.34734325, 18.72032332], [-70.34747995, 18.72009962], [-70.34757622, 18.71974568], [-70.34812837, 18.71932495], [-70.3483363, 18.71932068], [-70.34841609, 18.71886344], [-70.34862846, 18.7184431], [-70.34900094, 18.7183562], [-70.34918215, 18.71778463], [-70.34955827, 18.71751468], [-70.35260472, 18.71719764], [-70.3530251, 18.71688999], [-70.35313995, 18.71688909], [-70.35341193, 18.71696477], [-70.35378587, 18.71707598], [-70.35418165, 18.71701315], [-70.35448288, 18.71700295], [-70.35464715, 18.71716011], [-70.35473555, 18.71736988], [-70.354877, 18.71770555], [-70.35512606, 18.71794881], [-70.35535922, 18.71835374], [-70.35563415, 18.71877174], [-70.35577504, 18.7191675], [-70.3560532, 18.71950223], [-70.35615701, 18.71956507], [-70.35644704, 18.71956297], [-70.35668577, 18.71968465], [-70.35722213, 18.71986986], [-70.35776154, 18.72009428], [-70.35814369, 18.72030337], [-70.3583154, 18.72044154], [-70.35851332, 18.72054985], [-70.35877695, 18.72054794], [-70.35930805, 18.72077685], [-70.35956262, 18.72090352], [-70.36009527, 18.72099962], [-70.36054993, 18.72100767], [-70.36086184, 18.72101319], [-70.36118529, 18.72098041], [-70.36159752, 18.72074647], [-70.36179276, 18.72070318], [-70.36236772, 18.72079244], [-70.36245077, 18.72083004], [-70.36273513, 18.72083024], [-70.36286237, 18.72085084], [-70.36295325, 18.72083596], [-70.36304304, 18.72075427], [-70.36319125, 18.72074564], [-70.36354988, 18.72082493], [-70.36410476, 18.72125757], [-70.36618527, 18.72224709], [-70.36662239, 18.72228186], [-70.36721451, 18.72200015], [-70.36793029, 18.72180348], [-70.36818614, 18.72182446], [-70.36883255, 18.7220333], [-70.36897001, 18.722276], [-70.36902585, 18.72310391], [-70.36950545, 18.72336903], [-70.36975761, 18.72335392], [-70.370045, 18.72325103], [-70.37036286, 18.72311299], [-70.37087972, 18.72304059], [-70.37139282, 18.72330313], [-70.37193608, 18.72363288], [-70.37222818, 18.72381365]]]]}, "geometry_name": "the_geom", "properties": {"Posicional": "305760973965", "Expediente": "663201613225", "Area": 2259095.89, "Municipio": "RANCHO ARRIBA", "Provincia": "SAN JOS\u00c9 DE OCOA", "Operacion": "Subdivisi\u00f3n", "FechaInsc": "18/5/2017 12:54:45 p.\u00a0m.", "area_calc_m2": 2259096, "touches_family_land": false, "owner": null, "owner_source": null, "family": false, "category": "confirmed"}}, {"type": "Feature", "id": "Aprobados.35291", "geometry": {"type": "MultiPolygon", "coordinates": [[[[-70.37098366, 18.72573842], [-70.37085433, 18.72590736], [-70.37072137, 18.72602222], [-70.37060089, 18.72621495], [-70.37060545, 18.72641529], [-70.37049295, 18.72664523], [-70.37044906, 18.72691111], [-70.37028878, 18.72704671], [-70.37023087, 18.727215], [-70.37017565, 18.72737548], [-70.37012458, 18.72768445], [-70.37007134, 18.72771456], [-70.36990351, 18.72788738], [-70.36976948, 18.72802539], [-70.3695781, 18.7281349], [-70.36934268, 18.72813662], [-70.36897461, 18.72821069], [-70.36891386, 18.72813361], [-70.36868612, 18.72803768], [-70.36837602, 18.72786687], [-70.3678479, 18.72787779], [-70.36755573, 18.72783524], [-70.36705624, 18.72772336], [-70.36721448, 18.72763766], [-70.36733041, 18.72719704], [-70.36744064, 18.72684203], [-70.36758847, 18.72662302], [-70.3694658, 18.72616016], [-70.37098366, 18.72573842]]]]}, "geometry_name": "the_geom", "properties": {"Posicional": "305751616853", "Expediente": "663201613225", "Area": 59870.97, "Municipio": "RANCHO ARRIBA", "Provincia": "San Jos\u00e9 de Ocoa", "Operacion": "Subdivisi\u00f3n", "FechaInsc": "18/5/2017 12:54:45 p.\u00a0m.", "area_calc_m2": 59871, "touches_family_land": false, "owner": null, "owner_source": null, "family": false, "category": "confirmed"}}, {"type": "Feature", "id": "Aprobados.35292", "geometry": {"type": "MultiPolygon", "coordinates": [[[[-70.37004398, 18.72828333], [-70.36986454, 18.72839534], [-70.36965727, 18.72856982], [-70.36931443, 18.72864189], [-70.36906008, 18.72831915], [-70.36897461, 18.72821069], [-70.36934268, 18.72813662], [-70.3695781, 18.7281349], [-70.36976948, 18.72802539], [-70.36990351, 18.72788738], [-70.37007134, 18.72771456], [-70.37012458, 18.72768445], [-70.37013388, 18.72809271], [-70.37004398, 18.72828333]]]]}, "geometry_name": "the_geom", "properties": {"Posicional": "305751630133", "Expediente": "663201613225", "Area": 5548.67, "Municipio": "RANCHO ARRIBA", "Provincia": "San Jos\u00e9 de Ocoa", "Operacion": "Subdivisi\u00f3n", "FechaInsc": "18/5/2017 12:54:45 p.\u00a0m.", "area_calc_m2": 5549, "touches_family_land": false, "owner": null, "owner_source": null, "family": false, "category": "confirmed"}}, {"type": "Feature", "id": "Aprobados.35301", "geometry": {"type": "MultiPolygon", "coordinates": [[[[-70.36533107, 18.69290491], [-70.36536084, 18.69319644], [-70.36536611, 18.69326853], [-70.36529885, 18.69332093], [-70.36507779, 18.6933417], [-70.36488459, 18.69349968], [-70.36471591, 18.69409576], [-70.36463409, 18.69473999], [-70.36460383, 18.69509987], [-70.36433643, 18.69552939], [-70.36421955, 18.69611795], [-70.36433646, 18.6964289], [-70.3647589, 18.6969719], [-70.36553334, 18.69784878], [-70.36562392, 18.69800247], [-70.36567357, 18.69821722], [-70.36561827, 18.69837604], [-70.36546942, 18.6985197], [-70.36550496, 18.69863114], [-70.36522591, 18.69866801], [-70.36495731, 18.69870349], [-70.3647647, 18.69880883], [-70.36455689, 18.69901152], [-70.36428413, 18.69913137], [-70.36372639, 18.69970019], [-70.36306574, 18.7002635], [-70.36252291, 18.70072635], [-70.36168803, 18.70151556], [-70.36167949, 18.70137136], [-70.36083216, 18.70121021], [-70.36077515, 18.70104823], [-70.36056129, 18.70087237], [-70.3604227, 18.70080995], [-70.36016111, 18.7006308], [-70.35981766, 18.70034382], [-70.35976981, 18.69982104], [-70.35967276, 18.69948437], [-70.35957327, 18.6990242], [-70.35945418, 18.69795351], [-70.35927981, 18.69736793], [-70.35883592, 18.69660998], [-70.35867793, 18.69560043], [-70.35862572, 18.69488445], [-70.35845033, 18.69432033], [-70.35832977, 18.69378356], [-70.35869711, 18.69330583], [-70.35911654, 18.69288805], [-70.35960814, 18.69251842], [-70.35991677, 18.69238349], [-70.36017479, 18.69238498], [-70.36049854, 18.69266603], [-70.360775, 18.69295318], [-70.360916, 18.69309462], [-70.36108809, 18.69309337], [-70.36125883, 18.69300474], [-70.36168599, 18.69263536], [-70.3619569, 18.69255939], [-70.36236156, 18.69238395], [-70.36294934, 18.69208629], [-70.36332617, 18.69198063], [-70.36365305, 18.69211556], [-70.36394775, 18.69222938], [-70.36431987, 18.69249584], [-70.36444447, 18.69253063], [-70.3649243, 18.69268987], [-70.36517703, 18.69283253], [-70.36533107, 18.69290491]]]]}, "geometry_name": "the_geom", "properties": {"Posicional": "305667379728", "Expediente": "663201613225", "Area": 536402.09, "Municipio": "RANCHO ARRIBA", "Provincia": "SAN JOS\u00c9 DE OCOA", "Operacion": "Subdivisi\u00f3n", "FechaInsc": "18/5/2017 12:54:45 p.\u00a0m.", "area_calc_m2": 536402, "touches_family_land": false, "owner": null, "owner_source": null, "family": false, "category": "confirmed"}}, {"type": "Feature", "id": "Aprobados.35300", "geometry": {"type": "MultiPolygon", "coordinates": [[[[-70.36182801, 18.70145958], [-70.36250296, 18.70144564], [-70.36262636, 18.70157366], [-70.36294398, 18.7018578], [-70.36306912, 18.70209502], [-70.36331416, 18.70210406], [-70.3637151, 18.70186306], [-70.364317, 18.70208079], [-70.3647754, 18.70211875], [-70.36505557, 18.70211011], [-70.36544216, 18.7020822], [-70.36600258, 18.70207812], [-70.3664123, 18.70213481], [-70.36662716, 18.70225963], [-70.3662214, 18.70287041], [-70.36622203, 18.70294917], [-70.36548242, 18.70350177], [-70.36276718, 18.70314404], [-70.36178742, 18.70217073], [-70.36175521, 18.70153686], [-70.36182801, 18.70145958]]]]}, "geometry_name": "the_geom", "properties": {"Posicional": "305668146654", "Expediente": "663201613225", "Area": 66288.78, "Municipio": "RANCHO ARRIBA", "Provincia": "San Jos\u00e9 de Ocoa", "Operacion": "Subdivisi\u00f3n", "FechaInsc": "18/5/2017 12:54:45 p.\u00a0m.", "area_calc_m2": 66289, "touches_family_land": false, "owner": null, "owner_source": null, "family": false, "category": "confirmed"}}, {"type": "Feature", "id": "Aprobados.35296", "geometry": {"type": "MultiPolygon", "coordinates": [[[[-70.36194296, 18.69104795], [-70.36179825, 18.69132679], [-70.36167486, 18.69165225], [-70.361556, 18.69199322], [-70.36144745, 18.69222991], [-70.36145108, 18.69237496], [-70.36152488, 18.69254163], [-70.36162306, 18.69261657], [-70.36122564, 18.69296024], [-70.3610734, 18.69303926], [-70.36094025, 18.69304023], [-70.36081659, 18.69291618], [-70.36053873, 18.69262759], [-70.36019697, 18.6923309], [-70.35990451, 18.6923292], [-70.35957824, 18.69247185], [-70.35907819, 18.69284783], [-70.35865342, 18.69327092], [-70.3582688, 18.69377113], [-70.35839516, 18.69433373], [-70.3585694, 18.69489414], [-70.35862134, 18.69560632], [-70.35878118, 18.69662776], [-70.3592269, 18.69738882], [-70.35939812, 18.69796384], [-70.35951698, 18.69903255], [-70.35961741, 18.69949703], [-70.35971358, 18.69983065], [-70.35976297, 18.70037022], [-70.36012567, 18.7006733], [-70.36039371, 18.70085686], [-70.36054043, 18.70092294], [-70.3607271, 18.70108012], [-70.36056333, 18.70101332], [-70.36038534, 18.70118299], [-70.3600085, 18.7010956], [-70.35967041, 18.7010172], [-70.35958301, 18.70146629], [-70.35915345, 18.70167212], [-70.35928592, 18.70209671], [-70.35945453, 18.70249695], [-70.35976352, 18.70328757], [-70.35991268, 18.70309104], [-70.3601812, 18.70287384], [-70.36028412, 18.70279059], [-70.36056294, 18.70284138], [-70.36089594, 18.70282575], [-70.36090213, 18.70311776], [-70.36087758, 18.70330507], [-70.36095441, 18.70345107], [-70.36111344, 18.7035236], [-70.36129436, 18.70375643], [-70.36141284, 18.70405977], [-70.36147178, 18.70468223], [-70.36161239, 18.70515537], [-70.36190874, 18.70523115], [-70.36210457, 18.70537992], [-70.3622415, 18.705528], [-70.36256236, 18.70601824], [-70.36248038, 18.70633758], [-70.36240562, 18.70670469], [-70.36235688, 18.70719444], [-70.36231843, 18.70740376], [-70.36231004, 18.70763298], [-70.36231109, 18.70776376], [-70.3623212, 18.70792843], [-70.36239053, 18.70812092], [-70.36242352, 18.70821251], [-70.36221429, 18.70862858], [-70.36215277, 18.70880723], [-70.36212994, 18.70905071], [-70.36199122, 18.709248], [-70.36191688, 18.70936733], [-70.36176942, 18.71001018], [-70.36165566, 18.71023098], [-70.36148989, 18.71045696], [-70.36143564, 18.71067047], [-70.36104816, 18.71079657], [-70.3608619, 18.71104885], [-70.3607494, 18.71143921], [-70.36066309, 18.71181141], [-70.36064397, 18.71199031], [-70.36050206, 18.7122424], [-70.36037579, 18.71244067], [-70.3602815, 18.71268304], [-70.3602832, 18.71289571], [-70.36010455, 18.71313761], [-70.35989681, 18.71320395], [-70.35950754, 18.71315128], [-70.35921717, 18.71317622], [-70.35893031, 18.71325159], [-70.35867376, 18.71340596], [-70.35849525, 18.71364789], [-70.35835671, 18.71378993], [-70.3582499, 18.71393813], [-70.35818921, 18.71409396], [-70.35787005, 18.71449581], [-70.35763475, 18.71484704], [-70.35733562, 18.71503868], [-70.35730392, 18.71514343], [-70.35728426, 18.7154166], [-70.35718679, 18.71542964], [-70.35702317, 18.71537966], [-70.35575449, 18.71626817], [-70.35579588, 18.71668003], [-70.35585616, 18.71696576], [-70.35597111, 18.71736089], [-70.35589492, 18.71750387], [-70.35575078, 18.71763623], [-70.35565307, 18.7177789], [-70.35532486, 18.71786476], [-70.35515824, 18.7179026], [-70.3549256, 18.71767538], [-70.35478835, 18.71734968], [-70.35469564, 18.71712967], [-70.35450567, 18.71694793], [-70.35417594, 18.71695909], [-70.35378988, 18.71702038], [-70.35342838, 18.71691287], [-70.35314786, 18.71683482], [-70.35300556, 18.71683592], [-70.3525827, 18.7171454], [-70.34964713, 18.71745089], [-70.34981671, 18.71732918], [-70.35037218, 18.7169305], [-70.35088575, 18.71641802], [-70.35079888, 18.71590667], [-70.35095278, 18.71553939], [-70.35094453, 18.71517545], [-70.3510186, 18.71486498], [-70.3513656, 18.71458199], [-70.35157232, 18.7145005], [-70.35176521, 18.71431999], [-70.35199982, 18.71410044], [-70.3522436, 18.7138723], [-70.35231741, 18.71279159], [-70.35273535, 18.71217447], [-70.35407987, 18.71171293], [-70.35464253, 18.71092159], [-70.35482916, 18.71031335], [-70.35607688, 18.70918778], [-70.35658488, 18.7087295], [-70.35728075, 18.70790761], [-70.35819956, 18.70702166], [-70.3584958, 18.70673601], [-70.3573811, 18.70542963], [-70.35752168, 18.70306608], [-70.35771972, 18.70228925], [-70.35849935, 18.70164597], [-70.35848935, 18.70095801], [-70.35902644, 18.69945393], [-70.35888286, 18.69844141], [-70.3587764, 18.69728269], [-70.3585325, 18.69633068], [-70.35821303, 18.69499546], [-70.35791965, 18.69376922], [-70.35919529, 18.69246012], [-70.36011292, 18.69195638], [-70.36033714, 18.6917178], [-70.36061055, 18.69152906], [-70.3610547, 18.69086386], [-70.36120908, 18.69074615], [-70.36194296, 18.69104795]]]]}, "geometry_name": "the_geom", "properties": {"Posicional": "305669826025", "Expediente": "663201613225", "Area": 1040631.08, "Municipio": "RANCHO ARRIBA", "Provincia": "SAN JOS\u00c9 DE OCOA", "Operacion": "Subdivisi\u00f3n", "FechaInsc": "18/5/2017 12:54:45 p.\u00a0m.", "area_calc_m2": 1040631, "touches_family_land": false, "owner": null, "owner_source": null, "family": false, "category": "confirmed"}}, {"type": "Feature", "id": "Aprobados.35297", "geometry": {"type": "MultiPolygon", "coordinates": [[[[-70.36089594, 18.70282575], [-70.36056294, 18.70284138], [-70.36028412, 18.70279059], [-70.3601812, 18.70287384], [-70.35991268, 18.70309104], [-70.35976352, 18.70328757], [-70.35945453, 18.70249695], [-70.35928592, 18.70209671], [-70.35915345, 18.70167212], [-70.3609865, 18.70161712], [-70.36108688, 18.70181678], [-70.36107495, 18.70193805], [-70.36103995, 18.70208108], [-70.36098163, 18.70216778], [-70.36095494, 18.702241], [-70.36096053, 18.70246726], [-70.36093098, 18.70265467], [-70.36090964, 18.70278533], [-70.36089594, 18.70282575]]]]}, "geometry_name": "the_geom", "properties": {"Posicional": "305668548208", "Expediente": "663201613225", "Area": 24216.61, "Municipio": "RANCHO ARRIBA", "Provincia": "SAN JOS\u00c9 DE OCOA", "Operacion": "Subdivisi\u00f3n", "FechaInsc": "18/5/2017 12:54:45 p.\u00a0m.", "area_calc_m2": 24217, "touches_family_land": false, "owner": null, "owner_source": null, "family": false, "category": "confirmed"}}, {"type": "Feature", "id": "Aprobados.35298", "geometry": {"type": "MultiPolygon", "coordinates": [[[[-70.3609865, 18.70161712], [-70.35915345, 18.70167212], [-70.35958301, 18.70146629], [-70.35967041, 18.7010172], [-70.3600085, 18.7010956], [-70.36038534, 18.70118299], [-70.36056333, 18.70101332], [-70.3607271, 18.70108012], [-70.36083232, 18.70133883], [-70.3609865, 18.70161712]]]]}, "geometry_name": "the_geom", "properties": {"Posicional": "305668537373", "Expediente": "663201613225", "Area": 8445.37, "Municipio": "RANCHO ARRIBA", "Provincia": "SAN JOS\u00c9 DE OCOA", "Operacion": "Subdivisi\u00f3n", "FechaInsc": "18/5/2017 12:54:45 p.\u00a0m.", "area_calc_m2": 8445, "touches_family_land": false, "owner": null, "owner_source": null, "family": false, "category": "confirmed"}}]}