{"type": "FeatureCollection", "features": [{"type": "Feature", "properties": {"kind": "lot", "id": "H-01", "cluster": "rim", "area_m2": 1380, "price_usd_m2": 60, "price_usd": 82800, "tier": "inner row, car-free (base)", "slope_pct": 2.1, "elev_m": 705.7}, "geometry": {"type": "Polygon", "coordinates": [[[-70.46037441452451, 18.717024859814543], [-70.46037764109032, 18.71702442014168], [-70.46038089737993, 18.717024284631194], [-70.46038415188914, 18.71702445459413], [-70.46038737313094, 18.717024928386113], [-70.46039052994016, 18.717025701423264], [-70.46039359177509, 18.717026766226535], [-70.46039652901275, 18.717028112494067], [-70.46039931323574, 18.717029727200874], [-70.460401917507, 18.71703159472485], [-70.46040509038438, 18.717034375013], [-70.46042886169108, 18.717057361207466], [-70.46043038148726, 18.717058759794874], [-70.46043314457903, 18.717061179446098], [-70.46043473516872, 18.717062504636832], [-70.46046577054581, 18.717087096706027], [-70.4604674280297, 18.71708834525075], [-70.46047035510516, 18.71709044006566], [-70.46047042867521, 18.717090492717404], [-70.46047214898915, 18.717091661555276], [-70.46050636247404, 18.717113710604668], [-70.46050724488016, 18.717114264230002], [-70.46050853218146, 18.7171150502941], [-70.46050976514123, 18.71711577533845], [-70.46051032420431, 18.717116091736102], [-70.46051089785024, 18.717116410658793], [-70.46052912472695, 18.71712636366885], [-70.46052958468238, 18.71712661124196], [-70.46053040517722, 18.717127046515575], [-70.46053086831404, 18.717127288644136], [-70.46066875355083, 18.717198320626927], [-70.46071776696972, 18.717223866025723], [-70.46072960526013, 18.71723003604407], [-70.46073328595654, 18.71723218538752], [-70.4607358878945, 18.717234063732153], [-70.46073828324542, 18.7172361768993], [-70.46074044876347, 18.71723850438159], [-70.46074236343323, 18.717241023591825], [-70.46074400867366, 18.717243710082172], [-70.46074536851839, 18.717246537781403], [-70.46074642977072, 18.71724947924794], [-70.46074718213166, 18.717252505936123], [-70.4607476182998, 18.71725558847327], [-70.46074773404236, 18.717258696944686], [-70.46074752823607, 18.717261801184005], [-70.46074700287818, 18.71726487106593], [-70.46074589221233, 18.717268846203204], [-70.46067792392355, 18.717471394506322], [-70.46065374250858, 18.717543456011025], [-70.46057456539272, 18.717467445951158], [-70.46053254021706, 18.717427101723903], [-70.46034676611391, 18.717248757964892], [-70.4602390120529, 18.717145313437037], [-70.46035658825072, 18.717034118359997], [-70.46035979334039, 18.71703137182133], [-70.4603624192195, 18.717029531973107], [-70.46036522209236, 18.717027946830857], [-70.46036817484142, 18.717026631730675], [-70.46037124889922, 18.717025599395992], [-70.46037441452451, 18.717024859814543]]]}}, {"type": "Feature", "properties": {"kind": "lot", "id": "H-02", "cluster": "rim", "area_m2": 1090, "price_usd_m2": 66, "price_usd": 71940, "tier": "rim con vista/privacidad (+10 %)", "slope_pct": 4.4, "elev_m": 707.3}, "geometry": {"type": "Polygon", "coordinates": [[[-70.46052144520378, 18.71663995826231], [-70.46052416777296, 18.716642376845474], [-70.46052438106075, 18.716642548473924], [-70.46052733931514, 18.716644701136712], [-70.46052756923099, 18.71664485201873], [-70.46053073468097, 18.7166467180298], [-70.46053097901067, 18.716646846712298], [-70.46053432117124, 18.71664840810094], [-70.46053457756175, 18.716648513344634], [-70.46053806424602, 18.716649755073814], [-70.46053833022816, 18.716649835865148], [-70.46054192785746, 18.71665074597633], [-70.46054220086968, 18.716650801537245], [-70.46054587479685, 18.71665137126556], [-70.46054615220989, 18.716651401060957], [-70.46054984230356, 18.716651623428188], [-70.46068473259052, 18.71672266675048], [-70.46068721581179, 18.7167241301016], [-70.46068883511543, 18.71672530734284], [-70.46069032593444, 18.71672662972701], [-70.46069167399838, 18.71672808459596], [-70.46069286640318, 18.716729658023283], [-70.46069389173486, 18.71673133494775], [-70.4606947401787, 18.716733099317413], [-70.46069569120687, 18.716735729669498], [-70.46069578589943, 18.716736040125507], [-70.4606958063921, 18.716736104335077], [-70.4606963039453, 18.71673759668855], [-70.46069632610003, 18.71673766039501], [-70.46069724441416, 18.716740195476422], [-70.4606972682174, 18.716740258640723], [-70.4606978426882, 18.7167417256973], [-70.46069786812532, 18.716741788280707], [-70.46069804240318, 18.71674220178478], [-70.4606980694586, 18.716742263748944], [-70.46069871943855, 18.716743701911724], [-70.46069874809568, 18.716743763218652], [-70.460699924981, 18.716746199357168], [-70.4606999552223, 18.716746259969288], [-70.46070067911782, 18.716747665712294], [-70.46070071092473, 18.716747725592434], [-70.4607009272588, 18.716748120650383], [-70.46070096061182, 18.716748179761847], [-70.46070175664809, 18.716749549638546], [-70.46070179152677, 18.716749607945083], [-70.46070321544862, 18.716751921264084], [-70.46070325183159, 18.716751978729963], [-70.46070411805697, 18.716753309381733], [-70.46070415592189, 18.71675336597172], [-70.46070441219196, 18.716753738711606], [-70.46070445151564, 18.71675379439101], [-70.4607053858063, 18.71675508255539], [-70.46070542656466, 18.716755137290072], [-70.4607070835672, 18.716757305116698], [-70.46070712573523, 18.716757358873117], [-70.46070812580056, 18.716758601391874], [-70.4607081693524, 18.71675865413706], [-70.46070846304673, 18.716759000905654], [-70.4607085079557, 18.716759052607287], [-70.46070957134376, 18.71676024643407], [-70.46070961758232, 18.716760297060443], [-70.46071149142524, 18.716762298147756], [-70.46071153896507, 18.71676234766785], [-70.46071266306875, 18.7167634898757], [-70.46071271188066, 18.71676353825914], [-70.46071304012074, 18.716763855657746], [-70.46071309017485, 18.71676390287488], [-70.46071427223801, 18.716764990663325], [-70.46071432350361, 18.7167650366852], [-70.4607163958214, 18.716766851420562], [-70.46071644826706, 18.71676689621897], [-70.46071768539166, 18.716767926921055], [-70.46071773898524, 18.71676797046854], [-70.46071809855395, 18.716768255386306], [-70.46071815326262, 18.716768297656156], [-70.46071944241554, 18.71676926874489], [-70.4607194982057, 18.716769309711204], [-70.46072174868756, 18.716770920308363], [-70.46072180552505, 18.71677095994603], [-70.46072314354558, 18.716771869040468], [-70.46072320139555, 18.716771907325175], [-70.46072417242198, 18.71677253310761], [-70.46072420171559, 18.716772551735243], [-70.46072488803051, 18.716772982332007], [-70.4607249175639, 18.716773000612665], [-70.46072598933016, 18.716773655064497], [-70.4607260340699, 18.716773681828787], [-70.46072708399228, 18.71677429704], [-70.4607271292459, 18.71677432300808], [-70.46072750269207, 18.716774532827095], [-70.4607275178881, 18.716774541304645], [-70.46072787310142, 18.716774738066317], [-70.46072788835225, 18.716774746454067], [-70.46072870302625, 18.716775191316696], [-70.46072871833127, 18.716775199614325], [-70.4607290760738, 18.716775392170852], [-70.46072909143243, 18.71677540037805], [-70.46072970680257, 18.71677572683268], [-70.46072972221423, 18.71677573494914], [-70.46073008243118, 18.716775923271022], [-70.46073009789527, 18.716775931296436], [-70.46079953591142, 18.716811702506657], [-70.4607503990027, 18.716898301587864], [-70.46067020062385, 18.717039643323574], [-70.46035047251263, 18.71672766523217], [-70.46043091831488, 18.716588989019296], [-70.46051645531399, 18.71663403931529], [-70.46051861588462, 18.716636898350195], [-70.46051878993399, 18.716637106329024], [-70.46052125059812, 18.716639767540286], [-70.46052144520378, 18.71663995826231]]]}}, {"type": "Feature", "properties": {"kind": "lot", "id": "H-03", "cluster": "rim", "area_m2": 1220, "price_usd_m2": 60, "price_usd": 73200, "tier": "base", "slope_pct": 3.4, "elev_m": 706.7}, "geometry": {"type": "Polygon", "coordinates": [[[-70.46086930313727, 18.716847643267762], [-70.46087055419149, 18.716848287751084], [-70.4610667799071, 18.716950570178142], [-70.46104559976246, 18.71699040256181], [-70.460909823765, 18.71724574887177], [-70.46079953208867, 18.717208882683863], [-70.46079863343394, 18.717207415283685], [-70.46079735849995, 18.717205550932814], [-70.46079297526241, 18.717199783727995], [-70.4607915139982, 18.71719804795102], [-70.4607865564964, 18.717192719667334], [-70.4607849230829, 18.717191129309196], [-70.46077943942724, 18.71718629165528], [-70.46077764971601, 18.717184862149704], [-70.46077169312296, 18.717180562072837], [-70.4607697644824, 18.71717930729253], [-70.46076339275811, 18.717175586523034], [-70.46076238214047, 18.717175028529777], [-70.46070084296292, 18.717142953825377], [-70.46070079192201, 18.717142927299875], [-70.46070046504224, 18.717142757918555], [-70.46070041393322, 18.717142731512403], [-70.46063177175999, 18.71710737031828], [-70.46067020062385, 18.717039643323574], [-70.4607503990027, 18.716898301587864], [-70.46079953591142, 18.716811702506657], [-70.46086930313727, 18.716847643267762]]]}}, {"type": "Feature", "properties": {"kind": "lot", "id": "H-04", "cluster": "rim", "area_m2": 1014, "price_usd_m2": 60, "price_usd": 60840, "tier": "base", "slope_pct": 1.5, "elev_m": 706.3}, "geometry": {"type": "Polygon", "coordinates": [[[-70.46116595434609, 18.717331362974], [-70.46115501367757, 18.717361079641897], [-70.4611550105696, 18.71736108812871], [-70.46115493839483, 18.71736128626837], [-70.46115493531639, 18.717361294764967], [-70.46115465045631, 18.717362085237006], [-70.46115464629165, 18.717362096879683], [-70.4611545497634, 18.71736236875092], [-70.46115454565422, 18.717362380411487], [-70.46115443771481, 18.71736268902866], [-70.46115443465152, 18.71736269783738], [-70.46115436354424, 18.71736290348981], [-70.46115436051262, 18.717362912308435], [-70.46115420164249, 18.717363377131935], [-70.46115419928691, 18.71736338405546], [-70.46115414455102, 18.717363545674747], [-70.46115414221495, 18.71736355260431], [-70.46107232262437, 18.717607380120906], [-70.46076699444751, 18.717514359097766], [-70.460909823765, 18.71724574887177], [-70.46116595434609, 18.717331362974]]]}}, {"type": "Feature", "properties": {"kind": "lot", "id": "H-05", "cluster": "rim", "area_m2": 1403, "price_usd_m2": 60, "price_usd": 84180, "tier": "inner row, car-free (base)", "slope_pct": 2.8, "elev_m": 705.1}, "geometry": {"type": "Polygon", "coordinates": [[[-70.46034676611391, 18.717248757964892], [-70.46053254021706, 18.717427101723903], [-70.46057456539272, 18.717467445951158], [-70.46065374250858, 18.717543456011025], [-70.46059128636189, 18.717729577357314], [-70.46044640658391, 18.717685438113516], [-70.4603796401786, 18.717665096935374], [-70.46028419590576, 18.71763601865347], [-70.46030007108375, 18.71758871040403], [-70.4603336520329, 18.71748863863111], [-70.46026422474306, 18.717554297791448], [-70.46017506635039, 18.71746870532731], [-70.46026998731547, 18.717347111675352], [-70.46034676611391, 18.717248757964892]]]}}, {"type": "Feature", "properties": {"kind": "lot", "id": "H-06", "cluster": "rim", "area_m2": 1020, "price_usd_m2": 60, "price_usd": 61200, "tier": "inner row, car-free (base)", "slope_pct": 3.0, "elev_m": 704.6}, "geometry": {"type": "Polygon", "coordinates": [[[-70.46044640658391, 18.717685438113516], [-70.46059128636189, 18.717729577357314], [-70.46050464856359, 18.717987760179327], [-70.46022607158051, 18.717902888486005], [-70.46019755766743, 18.71789420136448], [-70.46020230713003, 18.717880047943222], [-70.46028419590576, 18.71763601865347], [-70.4603796401786, 18.717665096935374], [-70.46044640658391, 18.717685438113516]]]}}, {"type": "Feature", "properties": {"kind": "lot", "id": "H-07", "cluster": "rim", "area_m2": 1190, "price_usd_m2": 60, "price_usd": 71400, "tier": "base", "slope_pct": 1.8, "elev_m": 705.9}, "geometry": {"type": "Polygon", "coordinates": [[[-70.46107232262437, 18.717607380120906], [-70.46097990981299, 18.717882775313125], [-70.4606439162501, 18.717780411792567], [-70.46073632957503, 18.717505016729874], [-70.46076699444751, 18.717514359097766], [-70.46107232262437, 18.717607380120906]]]}}, {"type": "Feature", "properties": {"kind": "lot", "id": "H-08", "cluster": "rim", "area_m2": 1190, "price_usd_m2": 60, "price_usd": 71400, "tier": "base", "slope_pct": 3.3, "elev_m": 705.2}, "geometry": {"type": "Polygon", "coordinates": [[[-70.46097990981299, 18.717882775313125], [-70.46088749673234, 18.71815817047237], [-70.46055150265593, 18.718055806822267], [-70.4606439162501, 18.717780411792567], [-70.46097990981299, 18.717882775313125]]]}}, {"type": "Feature", "properties": {"kind": "lot", "id": "H-09", "cluster": "rim", "area_m2": 1132, "price_usd_m2": 60, "price_usd": 67920, "tier": "inner row, car-free (base)", "slope_pct": 3.3, "elev_m": 703.9}, "geometry": {"type": "Polygon", "coordinates": [[[-70.46050464856359, 18.717987760179327], [-70.46044831794427, 18.71815562645039], [-70.46044819575019, 18.718155996672508], [-70.46044789490297, 18.718156923610973], [-70.46044774738013, 18.71815738793905], [-70.46044255463686, 18.718174090788843], [-70.46044242684772, 18.718174510086044], [-70.46044239215155, 18.718174626255436], [-70.46044207209493, 18.71817575976974], [-70.46044162126618, 18.71817745351383], [-70.46044137289229, 18.718178437920546], [-70.46043344539116, 18.71821167325259], [-70.46043307706461, 18.71821338727931], [-70.46043249162655, 18.718216445031338], [-70.46043220103012, 18.718218172569497], [-70.46042783420285, 18.718248262072624], [-70.46010755566864, 18.71821266767962], [-70.46010791551875, 18.718209974986568], [-70.46011283292644, 18.71817609216768], [-70.46011531916795, 18.71816131212127], [-70.46011590461168, 18.718158254369843], [-70.46011905587685, 18.718143589922416], [-70.46012698343826, 18.718110354599478], [-70.46012910843, 18.71810193245564], [-70.46012955926179, 18.718100238712086], [-70.46013229754104, 18.71809054087078], [-70.46013233223742, 18.71809042470143], [-70.46013342555054, 18.71808683738237], [-70.46013861832283, 18.718070134539104], [-70.46013988046953, 18.71806616195601], [-70.46014018131834, 18.718065235017928], [-70.46014122676202, 18.718062067563363], [-70.46019755766743, 18.71789420136448], [-70.46022607158051, 18.717902888486005], [-70.46050464856359, 18.717987760179327]]]}}, {"type": "Feature", "properties": {"kind": "lot", "id": "H-10", "cluster": "rim", "area_m2": 2163, "price_usd_m2": 60, "price_usd": 129780, "tier": "base", "slope_pct": 3.9, "elev_m": 704.2}, "geometry": {"type": "Polygon", "coordinates": [[[-70.46084750641563, 18.71827734316556], [-70.46084750245714, 18.718277355056273], [-70.46084741076291, 18.718277632706954], [-70.4608474068619, 18.718277644614876], [-70.46084716591874, 18.718278386093075], [-70.46084716080672, 18.718278401997317], [-70.46084704272256, 18.718278773441593], [-70.46084703771308, 18.718278789375425], [-70.46084681876621, 18.71827949363996], [-70.46084681446725, 18.718279507605615], [-70.46084671507656, 18.71827983372546], [-70.46084671085634, 18.718279847712935], [-70.46084659991973, 18.718280219152692], [-70.4608465877182, 18.718280261293966], [-70.46084631135567, 18.718281246713826], [-70.46084629986898, 18.718281289037108], [-70.46084602788451, 18.71828232559118], [-70.46084602062095, 18.718282353919903], [-70.46084585487456, 18.718283015773], [-70.46084584793128, 18.718283044174544], [-70.46084562207817, 18.718283991052996], [-70.46084560915563, 18.71828404806138], [-70.46084532268263, 18.718285381193652], [-70.46084531105035, 18.718285438453748], [-70.46084487197732, 18.71828773176833], [-70.4608448616407, 18.71828778925365], [-70.46084463562448, 18.71828913289476], [-70.46084462658828, 18.71828919057868], [-70.46084448699607, 18.71829015245135], [-70.46084448296698, 18.71829018135944], [-70.46084439276535, 18.71829085634392], [-70.46084438906287, 18.71829088529164], [-70.46084425933853, 18.71829194707252], [-70.46084425441231, 18.718291990426724], [-70.46084414801422, 18.71829300284028], [-70.46084414382061, 18.718293046264385], [-70.46084411035038, 18.71829342632385], [-70.4608441091229, 18.71829344072242], [-70.46084408142151, 18.71829377675931], [-70.46084408027458, 18.71829379116392], [-70.46084402126208, 18.718294559454936], [-70.46084402019574, 18.71829457386514], [-70.46084399625495, 18.718294910164047], [-70.46084399526923, 18.718294924579457], [-70.46084395745467, 18.718295501267225], [-70.46084395654958, 18.718295515687455], [-70.46084393637211, 18.71829585221079], [-70.46084393554769, 18.718295866635412], [-70.46083819629963, 18.718401466931525], [-70.46083557830349, 18.71844963719477], [-70.46082615189097, 18.718623079996135], [-70.46082584853708, 18.718625910005542], [-70.46082543097093, 18.71862785408004], [-70.4608248116255, 18.71862974866989], [-70.46082399669996, 18.718631574811873], [-70.46082299435096, 18.71863331422789], [-70.4608218146112, 18.71863494950784], [-70.4608204692888, 18.718636464284018], [-70.46081897184935, 18.718637843394774], [-70.46081658824755, 18.718639636513892], [-70.46081656686877, 18.718639651199172], [-70.4608165522373, 18.718639661317155], [-70.46081596836967, 18.7186400677794], [-70.460815953806, 18.71864007798576], [-70.46081561478447, 18.718640317160666], [-70.46081560028915, 18.718640327455006], [-70.46081482919254, 18.718640878715956], [-70.46081481476618, 18.71864088909786], [-70.46081447896229, 18.718641132359142], [-70.46081446460546, 18.7186411428282], [-70.4608138917692, 18.718641563299542], [-70.4608138774825, 18.718641573855315], [-70.46081354495061, 18.7186418211636], [-70.46081353073458, 18.718641831805687], [-70.46080616104427, 18.718647384911794], [-70.46080614689951, 18.71864739563973], [-70.46080581769334, 18.71864764695506], [-70.46080580362043, 18.71864765776843], [-70.46080524218584, 18.71864809197701], [-70.46080522818532, 18.718648102875388], [-70.46080490235794, 18.718648358157257], [-70.46080488843039, 18.718648369140183], [-70.46080414773098, 18.718648957026662], [-70.46080413387698, 18.718648968093703], [-70.46080381148114, 18.718649227300777], [-70.46080379770122, 18.71864923845149], [-70.46080324803089, 18.71864968611693], [-70.46080323432561, 18.71864969735086], [-70.46080291541342, 18.718649960441258], [-70.46080290178338, 18.718649971757934], [-70.4608023592705, 18.718650425089862], [-70.46080234571619, 18.718650436488858], [-70.46080203033898, 18.71865070342023], [-70.46080201686097, 18.718650714901074], [-70.46080147930981, 18.718651175734305], [-70.46080146590865, 18.718651187296516], [-70.46080115411765, 18.71865145802551], [-70.46080114079386, 18.718651469668643], [-70.46080043240622, 18.718652092661134], [-70.46080041916035, 18.718652104384713], [-70.46080011100572, 18.718652378867766], [-70.46080009783833, 18.718652390671306], [-70.46079957275393, 18.718652864374395], [-70.46079955966552, 18.71865287625743], [-70.46079925519705, 18.718653154450195], [-70.46079924218816, 18.718653166412253], [-70.46079250213843, 18.71865940361763], [-70.46079248920958, 18.71865941565822], [-70.46079218847653, 18.71865969751565], [-70.46079217562827, 18.718659709634274], [-70.4607916633501, 18.718660195900885], [-70.46079165058289, 18.718660208097063], [-70.4607913536338, 18.71866049357372], [-70.4607913409482, 18.71866050584697], [-70.46079066670251, 18.718661162335863], [-70.46079065409903, 18.718661174685675], [-70.46079036098185, 18.718661463735433], [-70.460790348461, 18.718661476161312], [-70.46078984931964, 18.71866197467769], [-70.46078983688191, 18.718661987179143], [-70.46078954764407, 18.71866227975524], [-70.46078953528998, 18.718662292331746], [-70.46078904387298, 18.718662795792905], [-70.460789031603, 18.71866280844397], [-70.46078874629124, 18.718663104499132], [-70.4607887341059, 18.718663117224228], [-70.46078824842424, 18.718663627667926], [-70.460788236324, 18.718663640466556], [-70.46078795498427, 18.718663939953103], [-70.46078794296966, 18.718663952824745], [-70.46078730460862, 18.71866464111329], [-70.4607872926801, 18.71866465405742], [-70.46078701535797, 18.718664956926837], [-70.460787003516, 18.718664969942946], [-70.46078653160758, 18.718665491984396], [-70.46078651985269, 18.718665505071947], [-70.46078624659292, 18.718665811275347], [-70.46078623492555, 18.718665824433803], [-70.46078019414203, 18.718672681307456], [-70.46078018256266, 18.718672694536306], [-70.46077991340933, 18.718673004024257], [-70.46077990191841, 18.71867301732296], [-70.46077944408842, 18.718673550624537], [-70.46077943268644, 18.718673563992542], [-70.46077916768316, 18.71867387671495], [-70.46077915637056, 18.718673890151724], [-70.46077855554364, 18.718674608461395], [-70.4607785443209, 18.71867462196641], [-70.46077828351032, 18.71867493787292], [-70.46077827237787, 18.718674951445617], [-70.46077782892186, 18.718675495663096], [-70.46077781788017, 18.718675509302905], [-70.46077756130462, 18.718675828342267], [-70.46077755035412, 18.718675842048686], [-70.4607771151094, 18.71867639043824], [-70.46077710425052, 18.718676404210687], [-70.46077685195128, 18.718676726331573], [-70.46077684118451, 18.71867674016949], [-70.46077641238928, 18.718677294950897], [-70.46077640171501, 18.718677308853724], [-70.46077615373291, 18.71867763400399], [-70.46077614315158, 18.718677647971173], [-70.46077558141143, 18.718678394445785], [-70.46077557092347, 18.718678408476762], [-70.46077532729865, 18.718678736603803], [-70.46077531690447, 18.718678750698004], [-70.46077490304712, 18.718679315684824], [-70.46077489274715, 18.718679329841684], [-70.4607746535188, 18.718679660892704], [-70.46077464331347, 18.71867967511165], [-70.46076936419828, 18.718687080821383], [-70.460769354088, 18.71868709510182], [-70.46076911929487, 18.718687429023152], [-70.46076910928002, 18.718687443364534], [-70.46076871062762, 18.718688018192093], [-70.46076870070864, 18.718688032593835], [-70.46076847038863, 18.718688369331602], [-70.4607684605659, 18.718688383793104], [-70.46076793936432, 18.718689156503395], [-70.46076792963824, 18.71868917102409], [-70.46076770382851, 18.718689510523973], [-70.46076769419946, 18.718689525103272], [-70.46076731100986, 18.71869010939987], [-70.46076730147826, 18.718690124037174], [-70.46076708021536, 18.71869046624422], [-70.46076707078157, 18.718690480938953], [-70.46076669620521, 18.71869106859206], [-70.46076668686962, 18.718691083343614], [-70.46076647018937, 18.718691428202455], [-70.46076646095237, 18.718691443010226], [-70.46076609347314, 18.718692036398323], [-70.46076608433508, 18.71869205126175], [-70.46076587227223, 18.718692398717035], [-70.46076586323349, 18.718692413635495], [-70.46076538391722, 18.718693210584867], [-70.46076537497817, 18.71869322555775], [-70.46076516756727, 18.718693575552884], [-70.46076515872825, 18.718693590579583], [-70.46076480719685, 18.7186941926758], [-70.46076479845823, 18.718694207755743], [-70.4607645957326, 18.718694560234525], [-70.46076458709473, 18.718694575367056], [-70.46076257289377, 18.718698130884494], [-70.46044772920408, 18.718512912276964], [-70.46045060160831, 18.718510130201526], [-70.46045105597955, 18.71850970078908], [-70.46045240480055, 18.718508456972206], [-70.46045318493425, 18.71850770304055], [-70.46045805639994, 18.718502769065605], [-70.4604595012337, 18.718501160921814], [-70.46046386654639, 18.718495814082292], [-70.46046514703603, 18.71849408412228], [-70.46046896785491, 18.718488371379873], [-70.46047007275385, 18.718486534797997], [-70.46047331552042, 18.718480506328177], [-70.46047423512427, 18.718478579255276], [-70.46047687135719, 18.718472288006534], [-70.46047759758899, 18.718470287368234], [-70.46047960413412, 18.718463788597067], [-70.46048013061541, 18.71846173196514], [-70.46048148984919, 18.718455082750726], [-70.46048181195584, 18.718452988188687], [-70.46048251194014, 18.718446246931546], [-70.46048259539799, 18.7184451911671], [-70.46048329852222, 18.718432254410395], [-70.46048591661865, 18.718384084145185], [-70.46049164432512, 18.718278700243175], [-70.46049167898866, 18.718278171626388], [-70.46049297786809, 18.71826126181431], [-70.46049298579968, 18.71826117479116], [-70.46049307090789, 18.718260478200815], [-70.4604978834186, 18.718227317639602], [-70.46049828573693, 18.718225216320477], [-70.46050602983641, 18.718192749830536], [-70.46050632597776, 18.718191645889362], [-70.46051135146193, 18.718175481021174], [-70.46051157709503, 18.718174785823624], [-70.46055150265593, 18.718055806822267], [-70.46088749673234, 18.71815817047237], [-70.46084750641563, 18.71827734316556]]]}}, {"type": "Feature", "properties": {"kind": "lot", "id": "H-11", "cluster": "rim", "area_m2": 1617, "price_usd_m2": 60, "price_usd": 97020, "tier": "inner row, car-free (base)", "slope_pct": 2.4, "elev_m": 702.9}, "geometry": {"type": "Polygon", "coordinates": [[[-70.4603657311127, 18.71850479313397], [-70.46036307330756, 18.718506963862502], [-70.46036018995349, 18.718508855258776], [-70.46035711324276, 18.718510446205602], [-70.46035283341502, 18.718512129630394], [-70.46033815672997, 18.718517055116568], [-70.46033764633003, 18.71851722988831], [-70.46033674109775, 18.71851754606264], [-70.4603362330703, 18.718517727001355], [-70.46032767850896, 18.718520832967375], [-70.46032717293605, 18.718521020043816], [-70.46032627643042, 18.718521358039418], [-70.46032577339383, 18.718521551223343], [-70.46030570600665, 18.718529399430384], [-70.46030520558749, 18.71852959869059], [-70.4603043183877, 18.718529958289018], [-70.46030382066684, 18.71853016359336], [-70.46030338090868, 18.718530348159423], [-70.46030288596657, 18.718530559474722], [-70.46030200864611, 18.718530940443664], [-70.46030151656272, 18.71853115773578], [-70.46028189368015, 18.718539967495015], [-70.46028140453484, 18.71854019072882], [-70.46028053766035, 18.718540592822084], [-70.46028005153234, 18.718540821961508], [-70.46027187203394, 18.71854473926355], [-70.46027138900163, 18.71854497427161], [-70.46027053313311, 18.71854539722952], [-70.46027005327451, 18.7185456380683], [-70.46025092560468, 18.718555386613126], [-70.46025044899736, 18.71855563324361], [-70.460249604688, 18.718556076792712], [-70.46024913140897, 18.718556329175122], [-70.46024871358401, 18.718556555320333], [-70.46024824370976, 18.71855681341388], [-70.46024741150528, 18.718557277267628], [-70.46024694511163, 18.71855754103066], [-70.4602283620866, 18.718568203168918], [-70.46022789924885, 18.718568472558783], [-70.4602270796866, 18.718568956417535], [-70.46022662047976, 18.71856923139066], [-70.4602189005393, 18.718573919562743], [-70.46021844503727, 18.71857420007481], [-70.46021763864697, 18.718574703625915], [-70.46021718692346, 18.7185749896316], [-70.46019919656216, 18.718586537810957], [-70.46019874869008, 18.718586829264], [-70.4601979559931, 18.718587352181814], [-70.46019751204491, 18.718587649035154], [-70.46019712046915, 18.718587914423537], [-70.46019668051649, 18.718588216629247], [-70.46019590202481, 18.71858875857614], [-70.46019546613881, 18.7185890660854], [-70.46017811493364, 18.718601470463447], [-70.46017768318465, 18.718601783226518], [-70.46017691940122, 18.718602343852222], [-70.46017649185902, 18.718602661818654], [-70.46016931122365, 18.7186080724321], [-70.46016888795731, 18.71860839555047], [-70.46016813937565, 18.718608974492838], [-70.46016772045354, 18.718609302711], [-70.46015105324273, 18.718622531231702], [-70.46015063873249, 18.718622864496567], [-70.46014990583627, 18.718623461381448], [-70.46014949580484, 18.718623799639296], [-70.4601491345235, 18.718624101529244], [-70.46014872903731, 18.71862444472527], [-70.46014801230028, 18.718625059166985], [-70.46014761142465, 18.718625407245906], [-70.46013167127948, 18.718639425725815], [-70.46013127507919, 18.718639778631278], [-70.4601305749643, 18.718640410232815], [-70.46013018350337, 18.718640767907903], [-70.46012789960902, 18.71864288139567], [-70.45988254135231, 18.718401261033044], [-70.45988347625446, 18.718400966248044], [-70.4598839334032, 18.71840082516889], [-70.45988835680846, 18.718399489610945], [-70.45988927773409, 18.7183992176802], [-70.45989371859675, 18.71839793579882], [-70.45991451841181, 18.718392069053145], [-70.45991897601485, 18.718390841054767], [-70.45991990389699, 18.718390591515252], [-70.45992437751924, 18.718389417599077], [-70.45993321877653, 18.718387155075465], [-70.45993770769581, 18.71838603543076], [-70.45993864193466, 18.71838580844385], [-70.45994314542713, 18.718384743251388], [-70.45994844432461, 18.7183835239354], [-70.45996137251217, 18.71837326303402], [-70.4599649566226, 18.718370454949238], [-70.45996570520401, 18.718369876007692], [-70.45996932648139, 18.71836711155453], [-70.4599765071141, 18.71836170094888], [-70.45998016497379, 18.718358980573363], [-70.45998092875689, 18.718358419948483], [-70.45998462260769, 18.71835574409057], [-70.46000197380458, 18.718343339730886], [-70.46000570304966, 18.718340708822254], [-70.46000648154093, 18.718340166876178], [-70.46001024557822, 18.718337581342233], [-70.46001063715377, 18.718337315954255], [-70.46001443537484, 18.718334776212924], [-70.46001522807133, 18.71833425329592], [-70.46001905986334, 18.71833175975702], [-70.4600370502125, 18.71832021159567], [-70.4600409149554, 18.718317764662018], [-70.46004172134509, 18.718317261111714], [-70.46004561841512, 18.718314861178854], [-70.46005333834967, 18.71831017301427], [-70.46005726711637, 18.718307820470212], [-70.46005808667793, 18.718307336612256], [-70.46006204650882, 18.718305031835968], [-70.460080629518, 18.71829436971518], [-70.4600846197713, 18.71829211307962], [-70.46008545197502, 18.718291649226643], [-70.46008947200656, 18.7182894410967], [-70.46008988983112, 18.71828921495187], [-70.46009393899236, 18.718287055683785], [-70.46009478330089, 18.71828661213543], [-70.46009886093732, 18.71828450207822], [-70.46010211271971, 18.718282844786955], [-70.46010338588754, 18.718259420794194], [-70.46010360785611, 18.718255719037106], [-70.46010365827888, 18.71825495011983], [-70.4601039216437, 18.718251250831454], [-70.46010524152453, 18.718234068119827], [-70.46010563661582, 18.71822936332202], [-70.46010568847949, 18.718228794303556], [-70.46010644478545, 18.718221702170258], [-70.46010676854725, 18.718218666147795], [-70.46010692326861, 18.718217399814083], [-70.46010755566864, 18.71821266767962], [-70.46042783420285, 18.718248262072624], [-70.46042728368613, 18.71825205539237], [-70.46042716771048, 18.71825292322944], [-70.4604270129915, 18.71825418956325], [-70.46042688675206, 18.718255373373726], [-70.46042683488947, 18.718255942392204], [-70.46042678871102, 18.71825649230365], [-70.46042546886287, 18.718273675015286], [-70.46042543808078, 18.718274107399637], [-70.46042538765946, 18.718274876316904], [-70.4604253617159, 18.718275308989796], [-70.46041962743386, 18.718380813116138], [-70.46041635792439, 18.71844096827276], [-70.46041595351504, 18.718444862956044], [-70.46041535968995, 18.718447767874157], [-70.46041448306666, 18.718450607066302], [-70.46041333134457, 18.718453355595702], [-70.46041191463938, 18.718455989321754], [-70.46041024539402, 18.718458485112347], [-70.46040833826966, 18.718460821046683], [-70.46040552383646, 18.718463671592936], [-70.46040478930304, 18.718464348943602], [-70.4604044152552, 18.71846469813268], [-70.46040375432865, 18.718465322754096], [-70.46040338480601, 18.71846567629068], [-70.46039718585943, 18.71847168029634], [-70.46039682091781, 18.718472038127008], [-70.46039617627783, 18.718472678015427], [-70.4603958159723, 18.71847304008618], [-70.46038149870239, 18.71848760546242], [-70.46038114308699, 18.718487971718886], [-70.46038051512203, 18.718488626488625], [-70.4603801642504, 18.718488996875653], [-70.46037985542944, 18.718489326922352], [-70.46037950935442, 18.71848970138415], [-70.46037889844297, 18.718490370640698], [-70.46037855721673, 18.718490749120846], [-70.46036890896781, 18.718501584536085], [-70.46036826673318, 18.71850223298375], [-70.4603657311127, 18.71850479313397]]]}}, {"type": "Feature", "properties": {"kind": "lot", "id": "H-12", "cluster": "rim", "area_m2": 1371, "price_usd_m2": 60, "price_usd": 82260, "tier": "base", "slope_pct": 7.8, "elev_m": 704.2}, "geometry": {"type": "Polygon", "coordinates": [[[-70.46056571599566, 18.71888030398266], [-70.46056364862983, 18.718880620110014], [-70.4605606520903, 18.718880787321282], [-70.46054535767624, 18.71888090656688], [-70.4605453486373, 18.718880906651037], [-70.46054513773242, 18.71888090893399], [-70.4605451286938, 18.71888090904551], [-70.460544767163, 18.718880914053702], [-70.4605447581248, 18.71888091419259], [-70.4605445472394, 18.718880917752585], [-70.4605445382017, 18.718880917918835], [-70.46054405623063, 18.71888092751485], [-70.46054404719354, 18.71888092770846], [-70.46054383633607, 18.718880932545353], [-70.46054382729967, 18.71888093276633], [-70.46054346586466, 18.718880942152353], [-70.46054345682906, 18.71888094240068], [-70.46054324600813, 18.71888094851427], [-70.46054323697338, 18.718880948789952], [-70.46054287579805, 18.71888096035829], [-70.46054286676427, 18.718880960661327], [-70.46054265598852, 18.718880968051362], [-70.46054264695582, 18.718880968381747], [-70.46054228567539, 18.71888098214407], [-70.4605422766438, 18.718880982501812], [-70.46054206592142, 18.718880991167996], [-70.46054205689107, 18.718880991553075], [-70.46054157533152, 18.71888101281865], [-70.46054156630252, 18.71888101323107], [-70.46054135564226, 18.71888102317305], [-70.46054134661466, 18.718881023612802], [-70.46054098554714, 18.718881041749217], [-70.46054097652105, 18.7188810422163], [-70.4605407659314, 18.718881053433684], [-70.46054075690695, 18.71888105392809], [-70.46053083605936, 18.718881612513243], [-70.46053081801558, 18.718881613584017], [-70.46053039708197, 18.718881639843097], [-70.4605303790457, 18.71888164102311], [-70.46052965780373, 18.718881690404245], [-70.4605296397757, 18.718881691693447], [-70.46052921922622, 18.71888172304803], [-70.46052920120715, 18.71888172444637], [-70.46052824063298, 18.71888180191832], [-70.46052822262362, 18.71888180342574], [-70.4605278025264, 18.718881839870747], [-70.46052778452746, 18.71888184148719], [-70.46052706483562, 18.718881908319833], [-70.4605270468478, 18.718881910045233], [-70.46052662727067, 18.71888195157479], [-70.46052660929473, 18.718881953409067], [-70.46052589206194, 18.71888202879332], [-70.46052587409858, 18.718882030736413], [-70.4605254551093, 18.7188820773438], [-70.46052543715929, 18.71888207939562], [-70.46052471948298, 18.71888216363656], [-70.46052470154702, 18.718882165797037], [-70.46052428321326, 18.718882217474725], [-70.46052426529205, 18.718882219743765], [-70.46052331009084, 18.718882343628056], [-70.46052329218513, 18.71888234600556], [-70.46052287457447, 18.718882402745216], [-70.46052285668499, 18.7188824052311], [-70.4605221414877, 18.718882506825913], [-70.46052212361515, 18.71888250942007], [-70.4605217067951, 18.718882571212514], [-70.46052168894022, 18.718882573914843], [-70.46051241435401, 18.71888400642429], [-70.46051239651752, 18.718884009234685], [-70.46051198055534, 18.718884076069916], [-70.46051196273794, 18.718884078988257], [-70.46051125048157, 18.718884197871304], [-70.460511232684, 18.718884200897474], [-70.46051081764699, 18.718884272764708], [-70.46051079986997, 18.718884275898585], [-70.46050985251048, 18.71888444587497], [-70.46050983475472, 18.718884449116427], [-70.46050942070984, 18.718884526004064], [-70.46050940297604, 18.718884529352973], [-70.46050869412122, 18.718884665447415], [-70.46050867641011, 18.718884668903645], [-70.4605082634242, 18.718884750799276], [-70.46050824573652, 18.718884754362673], [-70.46050754023904, 18.718884898726728], [-70.46050752257548, 18.718884902397154], [-70.46050711071547, 18.71888498928751], [-70.46050709307673, 18.718884993064826], [-70.46050638808128, 18.71888514628275], [-70.4605063704681, 18.718885150166802], [-70.46050595980027, 18.7188852420379], [-70.46050594221336, 18.718885246028513], [-70.46050500514356, 18.718885461657806], [-70.46050498758362, 18.718885465754838], [-70.46050457817445, 18.718885562591808], [-70.46050456064218, 18.71888556679508], [-70.4605038599616, 18.718885737037514], [-70.46050384245773, 18.718885741346863], [-70.46050343437336, 18.718885843134053], [-70.46050341689858, 18.718885847549313], [-70.46049434282227, 18.718888169677157], [-70.46049432537728, 18.718888174198145], [-70.46049391868365, 18.718888280919085], [-70.46049390126919, 18.71888828554561], [-70.46049320535661, 18.718888472702396], [-70.46049318797336, 18.71888847743428], [-70.46049278273607, 18.71888858907179], [-70.4604927653847, 18.718888593908833], [-70.46049184102591, 18.718888854633825], [-70.46049182370716, 18.71888885957585], [-70.46049141999175, 18.718888976111856], [-70.46049140270631, 18.718888981158642], [-70.4604907120111, 18.71888918510898], [-70.46049069475966, 18.718889190260334], [-70.46049029263138, 18.71888931167601], [-70.46049027541467, 18.718889316931715], [-70.46048958894029, 18.71888952878427], [-70.46048957175897, 18.71888953414412], [-70.46048917128253, 18.718889660419933], [-70.4604891541373, 18.718889665883715], [-70.46048846910568, 18.718889886495834], [-70.46048845199725, 18.718889892063327], [-70.46048805323773, 18.71889002317876], [-70.46048803616678, 18.71889002884973], [-70.46048712690796, 18.718890333996658], [-70.46048710987517, 18.71889033977089], [-70.46048671289672, 18.718890475704825], [-70.46048669590279, 18.71889048158208], [-70.46048601697741, 18.718890718713435], [-70.46048600002302, 18.718890724693466], [-70.46048560488988, 18.71889086542393], [-70.46048558797571, 18.718890871506506], [-70.46047680814534, 18.718894059264972], [-70.46047679127209, 18.71889406544984], [-70.46047639804809, 18.718894210954076], [-70.46047638121644, 18.718894217241], [-70.46047570883601, 18.718894470738313], [-70.46047569204661, 18.718894477127034], [-70.46047530079521, 18.71889462738158], [-70.46047528404877, 18.718894633871827], [-70.46047439223973, 18.718894982652024], [-70.46047437553692, 18.718894989243548], [-70.46047398632132, 18.71889514422412], [-70.46047396966281, 18.718895150916648], [-70.46047330426178, 18.718895420616185], [-70.46047328764824, 18.718895427409446], [-70.46047290053147, 18.718895587090962], [-70.46047288396358, 18.718895593984684], [-70.46047222360382, 18.71889587113723], [-70.46047220708223, 18.718895878131146], [-70.46047182212655, 18.71889604248792], [-70.46047180565193, 18.718896049581726], [-70.4604711476605, 18.71889633530912], [-70.46047113123353, 18.718896342502543], [-70.46047074850149, 18.718896511507864], [-70.46047073212284, 18.718896518800623], [-70.46046986006807, 18.718896910312868], [-70.46046984373838, 18.71889691770465], [-70.46046946329142, 18.718897091331392], [-70.46046944701136, 18.718897098821905], [-70.46046879685426, 18.718897400392702], [-70.4604687806245, 18.71889740798164], [-70.46046840252443, 18.7188975862016], [-70.46046838634561, 18.71889759388866], [-70.46045999145792, 18.71890161434781], [-70.46045997533069, 18.718901622132684], [-70.46045959963836, 18.718901804917152], [-70.46045958356339, 18.718901812799515], [-70.46045894166092, 18.718902130018744], [-70.46045892563885, 18.71890213799828], [-70.46045855241495, 18.71890232531775], [-70.46045853644641, 18.71890233339416], [-70.46045768639944, 18.71890276662667], [-70.46045767048511, 18.718902774799602], [-70.46045729979006, 18.71890296662374], [-70.46045728393055, 18.71890297489288], [-70.46045665069771, 18.718903307555482], [-70.46045663489366, 18.718903315920485], [-70.4604562667873, 18.718903512218343], [-70.46045625103939, 18.718903520678868], [-70.46045562361559, 18.718903860268494], [-70.4604556079244, 18.718903868824203], [-70.46045524246622, 18.718904069564054], [-70.46045522683241, 18.718904078214614], [-70.46045460267833, 18.71890442610566], [-70.46045458710253, 18.71890443485071], [-70.46045422435144, 18.718904640000186], [-70.46045420883429, 18.718904648839374], [-70.46045338299177, 18.718905122672677], [-70.46045336753389, 18.718905131605645], [-70.46045300754868, 18.7189053411315], [-70.46045299215069, 18.718905350157893], [-70.46045237747838, 18.718905713052735], [-70.46045236214091, 18.718905722172174], [-70.46045200497959, 18.718905936040656], [-70.46045198970323, 18.718905945252796], [-70.46044406647792, 18.718910756881083], [-70.46044405126332, 18.718910766185545], [-70.4604436969836, 18.718910984362065], [-70.46044368183138, 18.718910993758445], [-70.46044307703822, 18.718911371422433], [-70.46044306194898, 18.71891138091038], [-70.46044271060822, 18.71891160335964], [-70.46044269558254, 18.71891161293877], [-70.46044189607846, 18.718912126148425], [-70.46044188111698, 18.718912135818343], [-70.46044153277172, 18.71891236250454], [-70.46044151787503, 18.718912372264864], [-70.46044092335187, 18.71891276445399], [-70.46044090852058, 18.71891277430433], [-70.46044056322722, 18.718913005190764], [-70.46044054846193, 18.71891301513069], [-70.46043996045543, 18.718913413649442], [-70.46043994575673, 18.718913423678575], [-70.4604396035711, 18.71891365872793], [-70.46043958893958, 18.71891366884588], [-70.46043900507041, 18.718914075306827], [-70.46043899050667, 18.718914085513163], [-70.46043865148398, 18.718914324687486], [-70.46043863698864, 18.718914334981804], [-70.46043786588935, 18.718914886241468], [-70.46043785146294, 18.718914896623353], [-70.46043751565803, 18.718915139883972], [-70.46043750130116, 18.718915150352995], [-70.4604369284632, 18.718915570823164], [-70.46043691417644, 18.718915581378916], [-70.46043658164342, 18.718915828686622], [-70.46043656742735, 18.718915839328666], [-70.46042919771232, 18.718921392421496], [-70.46042918356751, 18.718921403149412], [-70.46042885436022, 18.71892165446416], [-70.46042884028726, 18.718921665277506], [-70.46042827885074, 18.7189220994851], [-70.4604282648502, 18.71892211038343], [-70.46042793902177, 18.718922365664646], [-70.46042792509418, 18.71892237664755], [-70.46042718439232, 18.718922964532634], [-70.46042717053825, 18.718922975599654], [-70.4604268481413, 18.71892323480616], [-70.46042683436133, 18.718923245956834], [-70.46042628468909, 18.718923693621264], [-70.46042627098377, 18.71892370485517], [-70.46042595207038, 18.718923967945088], [-70.46042593844025, 18.718923979261746], [-70.46042539592536, 18.718924432592807], [-70.460425382371, 18.71892444399177], [-70.46042506699283, 18.71892471092246], [-70.46042505351475, 18.718924722403276], [-70.46042451596183, 18.71892518323541], [-70.46042450256061, 18.718925194797613], [-70.46042419076836, 18.718925465526162], [-70.46042417744454, 18.718925477169268], [-70.46042346905423, 18.718926100160584], [-70.46042345580832, 18.718926111884137], [-70.46042314765263, 18.71892638636658], [-70.4604231344852, 18.718926398170105], [-70.46042260939889, 18.71892687187222], [-70.46042259631044, 18.718926883755234], [-70.46042229184084, 18.718927161947455], [-70.4604222788319, 18.718927173909492], [-70.46041553875733, 18.718933411102718], [-70.46041552582842, 18.718933423143277], [-70.4604152250943, 18.718933705000136], [-70.46041521224599, 18.718933717118734], [-70.46041469996572, 18.71893420338458], [-70.46041468719847, 18.71893421558074], [-70.46041439024819, 18.718934501056946], [-70.46041437756254, 18.718934513330165], [-70.46041370331422, 18.71893516981793], [-70.4604136907107, 18.718935182167716], [-70.46041339759242, 18.71893547121692], [-70.46041338507152, 18.71893548364277], [-70.4604128859285, 18.718935982158005], [-70.46041287349074, 18.71893599465942], [-70.46041258425183, 18.71893628723495], [-70.46041257189768, 18.718936299811443], [-70.46041208047852, 18.71893680327196], [-70.4604120682085, 18.718936815923012], [-70.46041178289549, 18.718937111977787], [-70.46041177071011, 18.718937124702865], [-70.46041128502665, 18.718937635145544], [-70.4604112729264, 18.71893764794415], [-70.4604109915856, 18.71893794743013], [-70.46041097957094, 18.71893796030174], [-70.46041034120722, 18.718938648589273], [-70.46041032927866, 18.718938661533386], [-70.46041005195544, 18.718938964402273], [-70.46041004011343, 18.718938977418354], [-70.46040956820315, 18.718939499458898], [-70.46040955644821, 18.718939512546427], [-70.46040928318727, 18.71893981874938], [-70.46040927151985, 18.71893983190783], [-70.4604032307113, 18.718946688770853], [-70.46040321913186, 18.718946701999688], [-70.46040294997742, 18.71894701148716], [-70.46040293848645, 18.718947024785834], [-70.46040248065455, 18.718947558086587], [-70.46040246925253, 18.718947571454567], [-70.46040220424813, 18.7189478841765], [-70.46040219293548, 18.71894789761327], [-70.46040159210591, 18.718948615921985], [-70.46040158088312, 18.718948629426972], [-70.46040132007143, 18.718948945333004], [-70.46040130893894, 18.71894895890567], [-70.46040086548113, 18.718949503122214], [-70.4604008544394, 18.718949516762017], [-70.46040059786266, 18.71894983580102], [-70.46040058691212, 18.718949849507407], [-70.46040015166545, 18.718950397896226], [-70.46040014080656, 18.718950411668644], [-70.46039988850625, 18.718950733789015], [-70.4603998777394, 18.718950747626927], [-70.46039944894216, 18.718951302407717], [-70.46039943826783, 18.71895131631053], [-70.46039919028462, 18.718951641460364], [-70.46039917970324, 18.71895165542753], [-70.46039861796068, 18.718952401901], [-70.46039860747267, 18.718952415931962], [-70.46039836384669, 18.718952744058612], [-70.46039835345248, 18.718952758152795], [-70.4603979395931, 18.718953323139054], [-70.46039792929308, 18.718953337295886], [-70.46039769006362, 18.718953668346472], [-70.46039767985825, 18.718953682565395], [-70.46039240071823, 18.718961088265996], [-70.46039239060788, 18.718961102546423], [-70.46039215581361, 18.718961436467385], [-70.46039214579874, 18.718961450808752], [-70.46039174714451, 18.718962025635502], [-70.46039173722548, 18.718962040037216], [-70.46039150690436, 18.71896237677457], [-70.46039149708159, 18.71896239123606], [-70.46039097587744, 18.718963163945478], [-70.46039096615132, 18.71896317846615], [-70.46039074034046, 18.718963517965683], [-70.46039073071137, 18.71896353254496], [-70.46039034751985, 18.718964116840958], [-70.46039033798819, 18.71896413147824], [-70.46039011672427, 18.718964473684803], [-70.46039010729044, 18.71896448837951], [-70.46038973271219, 18.71896507603194], [-70.46038972337657, 18.718965090783477], [-70.46038950669512, 18.71896543564204], [-70.46038949745807, 18.718965450449815], [-70.46038912997693, 18.718966043837316], [-70.46038912083883, 18.71896605870073], [-70.4603889087749, 18.71896640615561], [-70.46038889973612, 18.718966421074047], [-70.46038842041735, 18.718967218022602], [-70.46038841147823, 18.71896723299546], [-70.46038820406625, 18.718967582990246], [-70.46038819522718, 18.71896759801694], [-70.4603878436939, 18.718968200112563], [-70.46038783495521, 18.718968215192486], [-70.46038763222849, 18.71896856767093], [-70.46038762359059, 18.718968582803445], [-70.46038316065341, 18.71897646083992], [-70.4603831521166, 18.71897647602444], [-70.46038295410794, 18.71897683092946], [-70.46038294567258, 18.71897684616538], [-70.46038261031428, 18.71897745657999], [-70.46038260198071, 18.71897747186667], [-70.46038240872217, 18.718977829140872], [-70.46038240049073, 18.71897784447769], [-70.46038222535923, 18.71897817335636], [-70.46038067614182, 18.71898086539457], [-70.46037960598278, 18.71898236714385], [-70.46037837301127, 18.71898379176208], [-70.46037700637791, 18.718985100989464], [-70.46037551792041, 18.71898628348555], [-70.46037392053171, 18.718987329007618], [-70.46037148702162, 18.718988622327426], [-70.46037117456322, 18.71898877294883], [-70.46037115899738, 18.71898878050967], [-70.46037033105318, 18.718989185726624], [-70.46037031555093, 18.71898919337119], [-70.46036995440932, 18.71898937280004], [-70.46036993895657, 18.71898938053509], [-70.4603693218839, 18.718989691723603], [-70.46036930648125, 18.718989699548857], [-70.4603689476776, 18.718989883186968], [-70.46036893232564, 18.718989891102126], [-70.46036096677767, 18.718994028128854], [-70.46036095147699, 18.718994036133616], [-70.46036059506537, 18.718994223953274], [-70.4603605798165, 18.71899423204734], [-70.46035997094471, 18.718994557571467], [-70.46035995574826, 18.718994565754528], [-70.46035960178261, 18.71899475772735], [-70.46035958663916, 18.718994765999106], [-70.46035878055956, 18.718995209436887], [-70.46035876546965, 18.718995217797026], [-70.46035841400283, 18.71899541389434], [-70.46035839896702, 18.718995422342545], [-70.46035779866263, 18.71899576200637], [-70.46035778368152, 18.71899577054231], [-70.46035743476692, 18.718995970734326], [-70.46035741984106, 18.718995979357697], [-70.46035682512324, 18.718996325336303], [-70.46035681025319, 18.71899633404678], [-70.46035646394297, 18.718996538303568], [-70.46035644912928, 18.718996547100815], [-70.46035585775417, 18.71899690069958], [-70.46035584299743, 18.718996909583268], [-70.46035549934406, 18.718997117873887], [-70.4603554846448, 18.71899712684369], [-70.46035470237192, 18.71899760743397], [-70.46035468773071, 18.71899761648953], [-70.46035434678573, 18.718997828782733], [-70.46035433220311, 18.718997837923723], [-70.46035375011334, 18.718998205244525], [-70.46035373558985, 18.718998214470606], [-70.4603533974047, 18.71899843073437], [-70.46035338294088, 18.718998440045187], [-70.46034588132264, 18.71900330108172], [-70.46034586691906, 18.719003310476925], [-70.46034553154458, 18.71900353067872], [-70.46034551720176, 18.719003540157953], [-70.46034494474803, 18.719003920979482], [-70.46034493046653, 18.71900393054239], [-70.46034459795338, 18.719004154648964], [-70.46034458373374, 18.71900416429519], [-70.46034382715196, 18.719004680880243], [-70.4603438129947, 18.71900469060943], [-70.46034348339282, 18.719004918587117], [-70.4603434692985, 18.71900492839889], [-70.46034290682576, 18.719005322491665], [-70.46034289279487, 18.719005332385656], [-70.46034256615384, 18.71900556420018], [-70.46034255218692, 18.719005574176013], [-70.46034199592327, 18.719005974031553], [-70.46034198202086, 18.719005984088863], [-70.4603416583901, 18.71900621970517], [-70.46034164455273, 18.71900622984355], [-70.46034109239983, 18.71900663697019], [-70.460341078628, 18.719006647189282], [-70.46034075805612, 18.719006886571957], [-70.46034074435035, 18.71900689687137], [-70.4603400152822, 18.719007448206845], [-70.46034000164302, 18.719007458586205], [-70.46033968417825, 18.71900770169922], [-70.46033967060616, 18.71900771215813], [-70.46033912910566, 18.719008132073398], [-70.46033911560117, 18.719008142611443], [-70.46033880129141, 18.719008389418153], [-70.46033878785504, 18.719008400034966], [-70.46033182241071, 18.719013938267206], [-70.46033180904297, 18.719013948962374], [-70.46033149793543, 18.719014199425644], [-70.46033148463681, 18.71901421019876], [-70.46033095411448, 18.71901464265], [-70.4603309408855, 18.71901465350066], [-70.46033063302718, 18.719014907582697], [-70.46033061986832, 18.719014918510496], [-70.46032992007048, 18.719015503267897], [-70.46032990698224, 18.71901551427242], [-70.46032960241935, 18.71901577193508], [-70.46032958940219, 18.719015783015927], [-70.4603290701779, 18.71901622774246], [-70.46032905723236, 18.719016238899208], [-70.4603287560109, 18.719016500103592], [-70.46032874313745, 18.719016511335802], [-70.46032823068536, 18.719016961217264], [-70.46032821788451, 18.719016972524525], [-70.46032792004979, 18.71901723723131], [-70.46032790732198, 18.71901724861321], [-70.46032739970866, 18.71901770534698], [-70.46032738705438, 18.719017716803076], [-70.46032709265123, 18.719017984972453], [-70.46032708007095, 18.71901799650231], [-70.46032641122903, 18.71901861327319], [-70.46032639872327, 18.71901862487637], [-70.46032610779616, 18.7190188964678], [-70.46032609536533, 18.719018908143894], [-70.46032559966869, 18.719019376609833], [-70.46032558731328, 18.71901938835838], [-70.46032529990579, 18.719019663331206], [-70.46032528762628, 18.71901967515176], [-70.46031892543687, 18.71902583724372], [-70.4603189132337, 18.719025849135843], [-70.46031862938926, 18.719026127448483], [-70.46031861726291, 18.71902613941173], [-70.46031813378147, 18.71902661932767], [-70.46031812173239, 18.71902663136159], [-70.46031784149372, 18.71902691297218], [-70.46031782952235, 18.719026925076314], [-70.46031719324775, 18.719027572374696], [-70.46031718135454, 18.719027584548588], [-70.46031690476386, 18.7190278694147], [-70.46031689294928, 18.7190278816579], [-70.46031642197394, 18.719028372735156], [-70.46031641023842, 18.719028385047203], [-70.46031613733739, 18.719028673125926], [-70.4603161256814, 18.719028685506338], [-70.46031566197598, 18.71902918108119], [-70.46031565039993, 18.719029193529515], [-70.4603153812296, 18.719029484777508], [-70.46031536973393, 18.71902949729329], [-70.46031491154885, 18.719029999235563], [-70.460314900134, 18.71903001181832], [-70.46031463473486, 18.719030306191794], [-70.46031462340123, 18.719030318841053], [-70.46031402122674, 18.719030995107627], [-70.46031400997478, 18.719031007822906], [-70.46031374838698, 18.719031305277323], [-70.46031373721713, 18.71903131805814], [-70.46031329209825, 18.71903183056315], [-70.4603132810109, 18.719031843409034], [-70.46031302327367, 18.719032143899785], [-70.46031301226925, 18.71903215681025], [-70.46030731460638, 18.719038883417515], [-70.46030730368531, 18.719038896392075], [-70.4603070498375, 18.719039199873837], [-70.46030703900017, 18.719039212912005], [-70.46030670542983, 18.719039616763602], [-70.46021684471603, 18.71897358443699], [-70.46047483300475, 18.718528857142257], [-70.46076257289377, 18.718698130884494], [-70.46076012418195, 18.718702453411044], [-70.4607601156452, 18.718702468595573], [-70.46075991763763, 18.718702823500927], [-70.46075990920231, 18.718702838736853], [-70.46075957384588, 18.718703449152034], [-70.46075956551235, 18.71870346443873], [-70.46075937225487, 18.718703821713298], [-70.46075936402349, 18.71870383705014], [-70.46075918889296, 18.718704165929108], [-70.460757639684, 18.718706857969842], [-70.46075656952998, 18.718708359721003], [-70.46075533656362, 18.718709784341396], [-70.46075396993541, 18.718711093571237], [-70.460752481483, 18.718712276070026], [-70.46075088409928, 18.718713321595015], [-70.46074845059623, 18.718714614919275], [-70.46074813813873, 18.718714765541236], [-70.46074812257291, 18.718714773102114], [-70.4607472946311, 18.71871517832056], [-70.46074727912888, 18.718715185965152], [-70.46074691798812, 18.71871536539475], [-70.46074690253542, 18.718715373129832], [-70.46074628546441, 18.718715684319523], [-70.4607462700618, 18.718715692144805], [-70.46074591125927, 18.718715875783523], [-70.46074589590735, 18.7187158836987], [-70.46073793038214, 18.71872002074008], [-70.4607379150815, 18.71872002874486], [-70.46073755867094, 18.718720216565153], [-70.46073754342211, 18.71872022465925], [-70.46073693455214, 18.718720550184457], [-70.46073691935572, 18.718720558367554], [-70.46073656539097, 18.7187207503411], [-70.46073655024756, 18.71872075861288], [-70.46073574417024, 18.718721202052187], [-70.46073572908038, 18.718721210412344], [-70.46073537761471, 18.718721406510234], [-70.46073536257896, 18.718721414958463], [-70.46073476227636, 18.71872175462337], [-70.46073474729529, 18.718721763159348], [-70.46073439838159, 18.71872196335207], [-70.46073438345577, 18.71872197197548], [-70.46073378873973, 18.718722317955173], [-70.46073377386972, 18.718722326665674], [-70.4607334275607, 18.718722530923007], [-70.46073341274708, 18.718722539720275], [-70.46073282137378, 18.718722893320102], [-70.46073280661707, 18.718722902203815], [-70.46073246296466, 18.71872311049512], [-70.46073244826545, 18.71872311946495], [-70.46073166599474, 18.718723600056794], [-70.46073165135357, 18.71872360911238], [-70.46073131040963, 18.718723821406215], [-70.46073129582703, 18.718723830547233], [-70.46073071373942, 18.71872419786888], [-70.46073069921599, 18.718724207094986], [-70.46073036103192, 18.71872442335934], [-70.46073034656817, 18.71872443267018], [-70.46072284497303, 18.71872929372057], [-70.46072283056951, 18.71872930311579], [-70.46072249519608, 18.718729523318196], [-70.46072248085332, 18.718729532797457], [-70.46072190840164, 18.71872991361985], [-70.46072189412018, 18.7187299231828], [-70.46072156160808, 18.718730147289982], [-70.46072154738849, 18.718730156936235], [-70.46072079080895, 18.718730673522778], [-70.46072077665174, 18.718730683251987], [-70.46072044705087, 18.71873091123032], [-70.46072043295658, 18.71873092104211], [-70.46071987048578, 18.718731315135845], [-70.46071985645492, 18.71873132502985], [-70.46071952981501, 18.718731556844958], [-70.46071951584814, 18.7187315668208], [-70.46071895958642, 18.718731966677286], [-70.46071894568406, 18.7187319767346], [-70.46071862205446, 18.71873221235142], [-70.46071860821712, 18.718732222489834], [-70.46071805606589, 18.718732629617588], [-70.46071804229409, 18.71873263983671], [-70.46071772172321, 18.718732879220003], [-70.4607177080175, 18.71873288951945], [-70.46071697895182, 18.718733440856212], [-70.46071696531268, 18.718733451235597], [-70.46071664784891, 18.718733694349243], [-70.46071663427688, 18.718733704808177], [-70.46071609277814, 18.718734124724467], [-70.46071607927371, 18.71873413526255], [-70.46071576496503, 18.7187343820698], [-70.46071575152872, 18.718734392686635], [-70.46070878610819, 18.71873993093153], [-70.46070877274047, 18.71873994162673], [-70.46070846163406, 18.718740192090518], [-70.4607084483355, 18.71874020286365], [-70.4607079178153, 18.71874063531561], [-70.46070790458636, 18.7187406461663], [-70.46070759672904, 18.718740900248953], [-70.46070758357021, 18.71874091117678], [-70.4607068837745, 18.71874149593571], [-70.46070687068631, 18.718741506940262], [-70.46070656612446, 18.718741764603504], [-70.46070655310736, 18.71874177568437], [-70.4607060338852, 18.7187422204116], [-70.46070602093971, 18.71874223156835], [-70.46070571971936, 18.71874249277325], [-70.46070570684596, 18.718742504005487], [-70.46070519439564, 18.718742953887954], [-70.4607051815948, 18.718742965195236], [-70.4607048837612, 18.718743229902547], [-70.46070487103343, 18.718743241284468], [-70.46070436342193, 18.718743698019185], [-70.4607043507677, 18.718743709475298], [-70.46070405636569, 18.718743977645133], [-70.46070404378547, 18.718743989175014], [-70.46070337494604, 18.71874460594707], [-70.4607033624403, 18.718744617550282], [-70.46070307151419, 18.718744889142314], [-70.46070305908341, 18.718744900818425], [-70.46070256338862, 18.71874536928527], [-70.46070255103325, 18.718745381033827], [-70.46070226362687, 18.71874565600715], [-70.4607022513474, 18.718745667827733], [-70.46069588918226, 18.718751829930913], [-70.46069587697913, 18.71875184182306], [-70.46069559313574, 18.718752120136244], [-70.46069558100942, 18.718752132099517], [-70.4606950975296, 18.718752612016573], [-70.46069508548055, 18.71875262405051], [-70.46069480524304, 18.71875290566152], [-70.46069479327173, 18.71875291776568], [-70.46069415699976, 18.718753565065015], [-70.4606941451066, 18.71875357723894], [-70.46069386851696, 18.718753862105597], [-70.46069385670242, 18.71875387434882], [-70.46069338572893, 18.718754365426932], [-70.46069337399348, 18.718754377738982], [-70.46069310109353, 18.718754665818192], [-70.46069308943757, 18.718754678198636], [-70.460692625734, 18.718755173774326], [-70.46069261415798, 18.718755186222687], [-70.46069234498874, 18.718755477471156], [-70.46069233349311, 18.718755489986947], [-70.46069187530989, 18.718755991930053], [-70.46069186389506, 18.718756004512823], [-70.46069159849701, 18.71875629888676], [-70.46069158716344, 18.71875631153604], [-70.46069098499159, 18.718756987803506], [-70.46069097373967, 18.718757000518796], [-70.460690712153, 18.71875729797364], [-70.46069070098318, 18.71875731075447], [-70.46069025586594, 18.718757823260525], [-70.46069024477865, 18.718757836106427], [-70.46068998704249, 18.718758136597643], [-70.46068997603811, 18.718758149508126], [-70.46068427839946, 18.71876487612533], [-70.46068426747843, 18.71876488909991], [-70.46068401363173, 18.718765192582083], [-70.46068400279447, 18.718765205620265], [-70.46068357101161, 18.71876572838014], [-70.46068356025852, 18.718765741481437], [-70.46068331033948, 18.71876604790892], [-70.46068329967095, 18.718766061072845], [-70.46068273304985, 18.718766764679263], [-70.46068272246629, 18.7187667779053], [-70.46068247651257, 18.718767087231885], [-70.46068246601439, 18.71876710051955], [-70.46068204782576, 18.71876763321878], [-70.46068203741333, 18.718767646567578], [-70.46068179546194, 18.71876795874678], [-70.46068178513568, 18.718767972156197], [-70.46068137464438, 18.718768508652662], [-70.46068136440466, 18.718768522122197], [-70.46068112649205, 18.718768837106964], [-70.46068111633926, 18.71876885063612], [-70.46068071199683, 18.718769392953664], [-70.46068070193135, 18.71876940654193], [-70.46068046809332, 18.718769724284872], [-70.46068045811553, 18.718769737931716], [-70.46067992841036, 18.71877046718196], [-70.46067991852064, 18.71877048088688], [-70.4606796887925, 18.718770801339993], [-70.46067967899121, 18.718770815102477], [-70.4606792887386, 18.718771366711643], [-70.46067927902614, 18.71877138053117], [-70.46067905344238, 18.718771703646336], [-70.4606790438191, 18.718771717522397], [-70.46067406557839, 18.718778943872724], [-70.46067405604464, 18.718778957804783], [-70.46067383463927, 18.718779283533316], [-70.46067382519541, 18.71877929752084], [-70.4606734492676, 18.718779858089363], [-70.46067343991402, 18.71877987213183], [-70.4606732227204, 18.71878020042462], [-70.46067321345738, 18.718780214521527], [-70.46067272194425, 18.718780967658688], [-70.46067271277221, 18.718780981809484], [-70.460672499823, 18.718781312617175], [-70.46067249074227, 18.71878132682133], [-70.46067212936568, 18.71878189601168], [-70.46067212037657, 18.718781910268657], [-70.46067191170394, 18.718782243541316], [-70.46067190280681, 18.718782257850563], [-70.46067154948119, 18.718782830100924], [-70.46067154067639, 18.71878284446193], [-70.46067133631159, 18.718783180149593], [-70.46067132759941, 18.71878319456182], [-70.46067098099175, 18.718783772031113], [-70.46067097237255, 18.718783786493994], [-70.46067077234659, 18.718784124545785], [-70.46067076382069, 18.71878413905878], [-70.46067031168374, 18.71878491426845], [-70.46067030325148, 18.71878492883103], [-70.46067010759428, 18.718785269196292], [-70.46067009925595, 18.718785283807875], [-70.46066976762606, 18.718785869208162], [-70.46066975938197, 18.718785883868232], [-70.4606695681231, 18.718786226495634], [-70.46066955997357, 18.718786241203627], [-70.4606653490742, 18.71879389769335], [-70.46066534101955, 18.71879391244871], [-70.46066515418777, 18.718794257286607], [-70.46066514622828, 18.718794272088775], [-70.46066482977584, 18.718794865067554], [-70.46066482191183, 18.718794879915972], [-70.46066463953528, 18.718795226912516], [-70.46066463176702, 18.718795241806657], [-70.46066449186382, 18.71879551212179], [-70.46066305907802, 18.71879805781207], [-70.46066198860237, 18.71879959530006], [-70.46066076970561, 18.71880103447798], [-70.46065941546796, 18.718802359265382], [-70.46065793765565, 18.71880355815191], [-70.46065634910843, 18.71880462072122], [-70.4606539332471, 18.718805935120095], [-70.46065326383916, 18.718806260887405], [-70.460653245403, 18.718806269940256], [-70.46065281603953, 18.718806482664824], [-70.4606527976731, 18.718806491845502], [-70.46065223867323, 18.71880677374935], [-70.46065222327063, 18.71880678157462], [-70.46065186446775, 18.718806965213204], [-70.46065184911582, 18.71880697312838], [-70.46064388358386, 18.718811110166182], [-70.46064386828319, 18.718811118170958], [-70.46064351187235, 18.718811305991096], [-70.46064349662352, 18.718811314085187], [-70.46064288775302, 18.718811639610113], [-70.46064287255659, 18.718811647793206], [-70.46064251859154, 18.718811839766587], [-70.46064250344811, 18.718811848038357], [-70.46064169737011, 18.718812291477317], [-70.46064168228024, 18.718812299837463], [-70.46064133081425, 18.718812495935197], [-70.46064131577849, 18.718812504383422], [-70.46064071547538, 18.718812844048053], [-70.4606407004943, 18.718812852584016], [-70.46064035158034, 18.71881305277657], [-70.4606403366545, 18.718813061399967], [-70.46063974193788, 18.718813407379425], [-70.46063972706786, 18.718813416089926], [-70.46063938075844, 18.718813620347156], [-70.46063936594479, 18.71881362914442], [-70.4606387745711, 18.718813982743914], [-70.46063875981437, 18.718813991627616], [-70.46063841616171, 18.71881419991874], [-70.46063840146249, 18.718814208888556], [-70.46063761919112, 18.718814689480027], [-70.46063760454994, 18.71881469853561], [-70.46063726360573, 18.71881491082927], [-70.46063724902311, 18.718814919970292], [-70.46063666693482, 18.718815287291775], [-70.46063665241135, 18.71881529651787], [-70.46063631422696, 18.718815512782093], [-70.46063629976318, 18.71881552209294], [-70.46062879816144, 18.718820383139853], [-70.4606287837579, 18.71882039253508], [-70.46062844838417, 18.71882061273732], [-70.46062843404141, 18.718820622216573], [-70.460627861589, 18.718821003038848], [-70.46062784730755, 18.718821012601783], [-70.46062751479508, 18.718821236708852], [-70.46062750057548, 18.718821246355095], [-70.46062674399532, 18.718821762941257], [-70.46062672983808, 18.71882177267046], [-70.46062640023693, 18.718822000648625], [-70.46062638614264, 18.718822010460407], [-70.46062582367138, 18.718822404553837], [-70.46062580964052, 18.71882241444784], [-70.4606254830003, 18.71882264626278], [-70.46062546903342, 18.718822656238633], [-70.46062491277098, 18.718823056095005], [-70.46062489886862, 18.71882306615232], [-70.46062457523857, 18.718823301769078], [-70.46062456140123, 18.718823311907485], [-70.46062400924963, 18.71882371903488], [-70.46062399547785, 18.71882372925399], [-70.46062367490671, 18.71882396863709], [-70.46062366120098, 18.718823978936534], [-70.46062293213457, 18.718824530273004], [-70.46062291849543, 18.71882454065238], [-70.46062260103142, 18.718824783765836], [-70.46062258745937, 18.71882479422476], [-70.46062204596016, 18.718825214140768], [-70.46062203245573, 18.71882522467884], [-70.46062171814671, 18.71882547148597], [-70.46062170471038, 18.718825482102798], [-70.46061473928309, 18.718831020344552], [-70.46061472591538, 18.718831031039727], [-70.46061441480862, 18.718831281503405], [-70.46061440151003, 18.718831292276548], [-70.46061387098909, 18.718831724728442], [-70.46061385776014, 18.718831735579126], [-70.46061354990253, 18.718831989661624], [-70.46061353674372, 18.718832000589437], [-70.46061283694749, 18.718832585347904], [-70.46061282385928, 18.71883259635245], [-70.46061251929717, 18.71883285401551], [-70.46061250628007, 18.718832865096374], [-70.46061198705722, 18.718833309823502], [-70.46061197411171, 18.718833320980263], [-70.46061167289106, 18.718833582185006], [-70.46061166001766, 18.718833593417234], [-70.46061114756691, 18.7188340432994], [-70.46061113476605, 18.71883405460667], [-70.4606108369321, 18.718834319313896], [-70.46061082420431, 18.718834330695802], [-70.46061031659228, 18.718834787430314], [-70.46061030393801, 18.718834798886416], [-70.46061000953563, 18.718835067056204], [-70.4606099969554, 18.71883507858608], [-70.46060932811528, 18.718835695357832], [-70.46060931560952, 18.718835706961055], [-70.46060902468315, 18.71883597855292], [-70.46060901225236, 18.718835990229014], [-70.460608516557, 18.71883645869568], [-70.46060850420163, 18.718836470444234], [-70.46060821679495, 18.71883674541741], [-70.46060820451547, 18.718836757237987], [-70.46060184234354, 18.718842919338353], [-70.4606018301404, 18.7188429312305], [-70.46060154629679, 18.718843209543476], [-70.46060153417046, 18.718843221506745], [-70.46060105069013, 18.71884370142357], [-70.46060103864109, 18.7188437134575], [-70.46060075840313, 18.718843995068514], [-70.4606007464318, 18.71884400717267], [-70.46060011015906, 18.718844654471805], [-70.4606000982659, 18.718844666645722], [-70.46059982167601, 18.71884495151219], [-70.46059980986148, 18.718844963755394], [-70.46059933888755, 18.718845454833207], [-70.46059932715207, 18.718845467145268], [-70.4605990542518, 18.718845755224383], [-70.46059904259582, 18.718845767604815], [-70.46059857889178, 18.71884626318026], [-70.46059856731574, 18.718846275628614], [-70.46059829814614, 18.718846566877033], [-70.46059828665048, 18.718846579392835], [-70.46059782846662, 18.718847081335863], [-70.46059781705179, 18.71884709391864], [-70.46059755165348, 18.718847388292417], [-70.46059754031988, 18.718847400941684], [-70.4605969381473, 18.718848077208936], [-70.46059692689538, 18.71884808992423], [-70.46059666530836, 18.718848387379], [-70.46059665413853, 18.718848400159832], [-70.46059620902095, 18.7188489126655], [-70.46059619793363, 18.718848925511395], [-70.46059594019722, 18.718849226002437], [-70.46059592919283, 18.718849238912913], [-70.46059023154741, 18.718855965527716], [-70.46059022062639, 18.71885597850228], [-70.4605899667794, 18.718856281984323], [-70.46058995594211, 18.7188562950225], [-70.46058952415876, 18.718856817782186], [-70.46058951340565, 18.71885683088348], [-70.4605892634863, 18.718857137310867], [-70.46058925281775, 18.718857150474776], [-70.46058868619596, 18.718857854080955], [-70.4605886756124, 18.718857867306987], [-70.46058842965842, 18.71885817663344], [-70.4605884191602, 18.71885818992111], [-70.4605880009711, 18.71885872262009], [-70.46058799055865, 18.718858735968894], [-70.4605877486069, 18.71885904814808], [-70.46058773828062, 18.7188590615575], [-70.46058732778872, 18.71885959805392], [-70.46058731754898, 18.71885961152346], [-70.4605870796361, 18.718859926508078], [-70.46058706948331, 18.718859940037223], [-70.46058666514053, 18.718860482354387], [-70.46058665507503, 18.718860495942636], [-70.46058642123678, 18.71886081368536], [-70.46058641125899, 18.71886082733221], [-70.46058588155304, 18.718861556582343], [-70.4605858716633, 18.718861570287274], [-70.46058564193473, 18.718861890740488], [-70.46058563213344, 18.718861904502976], [-70.46058524188025, 18.718862456112046], [-70.46058523216779, 18.718862469931558], [-70.4605850065838, 18.718862793046547], [-70.4605849969605, 18.718862806922605], [-70.46058001871329, 18.71887003327074], [-70.46058000917952, 18.7188700472028], [-70.46057978777384, 18.718870372931253], [-70.46057977832997, 18.718870386918745], [-70.46057976158643, 18.71887041188602], [-70.46057785942797, 18.718873029454233], [-70.46057651094868, 18.718874532604477], [-70.46057499746465, 18.71887591122932], [-70.46057334628496, 18.718877138008132], [-70.46057157411585, 18.71887820052866], [-70.46056969888747, 18.718879088040733], [-70.46056773957282, 18.718879791564742], [-70.4605675374731, 18.7188798427412], [-70.46056571599566, 18.71888030398266]]]}}, {"type": "Feature", "properties": {"kind": "lot", "id": "H-13", "cluster": "rim", "area_m2": 858, "price_usd_m2": 60, "price_usd": 51480, "tier": "inner row, car-free (base)", "slope_pct": 0.7, "elev_m": 702.4}, "geometry": {"type": "Polygon", "coordinates": [[[-70.46012789960902, 18.71864288139567], [-70.46012361635009, 18.71864684507067], [-70.46012322969185, 18.71864720745746], [-70.46012254665143, 18.71864785581082], [-70.46012216485815, 18.718648222851023], [-70.46010962531446, 18.71866043206373], [-70.46010659582731, 18.718663115807445], [-70.46010411438064, 18.718664930384126], [-70.4601014644433, 18.718666513967914], [-70.46009866962132, 18.71866785245196], [-70.46009575481138, 18.718668933912895], [-70.4600927459791, 18.718669748716856], [-70.46008867811994, 18.71867046400351], [-70.46007879092757, 18.7186717462945], [-70.46007825399997, 18.718671819244165], [-70.46007730040398, 18.718671954701627], [-70.46007676449283, 18.71867203414775], [-70.46006772785975, 18.71867342988301], [-70.46006719305161, 18.718673515812714], [-70.46006624337727, 18.7186736743211], [-70.46006570975851, 18.71867376672055], [-70.4600443923571, 18.718677591463724], [-70.46004386001394, 18.718677690317914], [-70.4600429148746, 18.718677871774783], [-70.46004238389304, 18.71867797706781], [-70.4600419140755, 18.718678073204167], [-70.4600413845414, 18.718678184919014], [-70.46004044454804, 18.718678389207167], [-70.4600399165468, 18.71867850732581], [-70.46001883067902, 18.718683359345892], [-70.46001830429594, 18.718683483849176], [-70.46001737005564, 18.718683710836583], [-70.46001684537595, 18.71868384170443], [-70.46000800410494, 18.7186861042329], [-70.46000748121322, 18.718686241444168], [-70.46000655332965, 18.71868649098421], [-70.46000603231033, 18.71868663451679], [-70.45998523246392, 18.718692501274695], [-70.45998471340127, 18.718692651105297], [-70.45998379247428, 18.7186929230366], [-70.45998327545212, 18.718693079141087], [-70.4599828183027, 18.718693220220523], [-70.45998230340453, 18.71869338257371], [-70.45998139002883, 18.718693676720783], [-70.45998087733797, 18.718693845296375], [-70.45996041726444, 18.71870071163221], [-70.45995990686357, 18.71870088640296], [-70.45995900162967, 18.718701202575502], [-70.45995849360118, 18.71870138351327], [-70.45994993902256, 18.71870448946311], [-70.45994943344867, 18.718704676538582], [-70.4599485369412, 18.718705014532482], [-70.45994803390349, 18.718705207715498], [-70.45992796647387, 18.71871305588495], [-70.45992746605356, 18.718713255144255], [-70.4599265788518, 18.71871361474105], [-70.45992608112991, 18.71871382004446], [-70.45992564137086, 18.718714004609662], [-70.45992514642786, 18.718714215923956], [-70.45992426910558, 18.718714596891207], [-70.45992377702106, 18.718714814182423], [-70.45990415409622, 18.71872362390437], [-70.45990366494989, 18.718723847137227], [-70.45990279807351, 18.71872424922884], [-70.4599023119444, 18.71872447836737], [-70.45989413242746, 18.718728395654068], [-70.45989364939403, 18.718728630661236], [-70.45989279352371, 18.71872905361745], [-70.45989231366407, 18.718729294455294], [-70.45987318595056, 18.718739042963836], [-70.45987270934212, 18.718739289593422], [-70.45987186503072, 18.718739733140982], [-70.45987139175054, 18.718739985522515], [-70.45987097392468, 18.718740211666884], [-70.45987050404929, 18.718740469759553], [-70.45986967184267, 18.718740933611816], [-70.45986920544789, 18.718741197373973], [-70.45986794454683, 18.718741920820577], [-70.45970727616462, 18.71847554852482], [-70.45970771268183, 18.718475305220654], [-70.45971173272311, 18.7184730970982], [-70.45971215054857, 18.71847287095421], [-70.4597161997196, 18.71847071169361], [-70.45971704403017, 18.718470268146806], [-70.45972112167605, 18.718468158097295], [-70.45974024937017, 18.7184584096055], [-70.45974435483177, 18.718456349107527], [-70.45974521070117, 18.718455926152046], [-70.45974934331609, 18.718453915538674], [-70.45975752282412, 18.71844999825887], [-70.45976168192428, 18.718448037854905], [-70.45976254879966, 18.71844763576401], [-70.45976673371332, 18.718445725886298], [-70.45978635661538, 18.718436916180206], [-70.45979056666704, 18.718435057136453], [-70.45979144398825, 18.718434676169895], [-70.45979567849548, 18.718432868261985], [-70.45979611825398, 18.718432683697124], [-70.45980037653617, 18.71843092721567], [-70.4598012637368, 18.71843056761954], [-70.45980554510506, 18.718428862848704], [-70.45982561250875, 18.718421014694044], [-70.45982991627025, 18.71841936190915], [-70.45983081277653, 18.718419023915892], [-70.45983513823626, 18.718417423384384], [-70.45984369280332, 18.718414317440537], [-70.45984803926346, 18.718412769420418], [-70.45984894449612, 18.718412453248494], [-70.45985331125289, 18.718410957990613], [-70.45987377129764, 18.718404091668354], [-70.45987815764654, 18.71840264941339], [-70.45987907102094, 18.718402355266907], [-70.45988254135231, 18.718401261033044], [-70.46012789960902, 18.71864288139567]]]}}, {"type": "Feature", "properties": {"kind": "lot", "id": "H-14", "cluster": "rim", "area_m2": 1001, "price_usd_m2": 60, "price_usd": 60060, "tier": "base", "slope_pct": 7.0, "elev_m": 703.3}, "geometry": {"type": "Polygon", "coordinates": [[[-70.46030670542983, 18.719039616763602], [-70.46030660721544, 18.719039735671178], [-70.4603065964623, 18.719039748772452], [-70.46030634654221, 18.719040055199436], [-70.46030633587364, 18.719040068363334], [-70.46030576925013, 18.7190407719687], [-70.46030575866652, 18.719040785194707], [-70.46030551271176, 18.719041094520843], [-70.46030550221352, 18.719041107808494], [-70.46030508402296, 18.71904164050708], [-70.46030507361047, 18.719041653855864], [-70.46030483165791, 18.719041966034766], [-70.46030482133159, 18.719041979444167], [-70.4603044108385, 18.719042515939854], [-70.46030440059874, 18.719042529409368], [-70.46030416268508, 18.71904284439369], [-70.46030415253225, 18.719042857922826], [-70.46030374818791, 18.719043400239734], [-70.4603037381224, 18.719043413827976], [-70.46030350428335, 18.719043731570427], [-70.46030349430552, 18.71904374521724], [-70.4603029645979, 18.719044474466525], [-70.46030295470815, 18.719044488171424], [-70.46030272497892, 18.71904480862416], [-70.46030271517759, 18.719044822386643], [-70.4603023249231, 18.719045373995137], [-70.4603023152106, 18.71904538781466], [-70.46030208962576, 18.71904571092946], [-70.46030208000242, 18.719045724805504], [-70.46029710173786, 18.719052951147145], [-70.46029709220407, 18.719052965079182], [-70.46029687079759, 18.71905329080736], [-70.4602968613537, 18.719053304794873], [-70.46029684460997, 18.7190533297623], [-70.46029494244522, 18.719055947327853], [-70.46029359396196, 18.719057450476285], [-70.46029208047389, 18.719058829099136], [-70.46029042929032, 18.71906005587567], [-70.46028865711743, 18.71906111839376], [-70.4602867818854, 18.71906200590322], [-70.46028482256733, 18.719062709424474], [-70.46028279898691, 18.71906322183954], [-70.46028073161814, 18.719063537963955], [-70.46027773507481, 18.719063705170925], [-70.46016761768743, 18.719064563533472], [-70.46016760864848, 18.71906456361761], [-70.46016739774326, 18.719064565900158], [-70.46016738870462, 18.719064566011667], [-70.46016702717299, 18.71906457101916], [-70.4601670181348, 18.71906457115803], [-70.46016680724917, 18.719064574717613], [-70.46016679821146, 18.71906457488385], [-70.46016631623961, 18.719064584478936], [-70.46016630720251, 18.71906458467253], [-70.46016609634476, 18.719064589509006], [-70.46016608730832, 18.719064589729964], [-70.46016572587313, 18.719064599115274], [-70.46016571683747, 18.7190645993636], [-70.46016550601627, 18.719064605476767], [-70.46016549698153, 18.71906460575244], [-70.46016513580561, 18.719064617320075], [-70.46016512677183, 18.719064617623093], [-70.46016491599568, 18.719064625012724], [-70.46016490696292, 18.719064625343098], [-70.46016454568205, 18.719064639104726], [-70.46016453665047, 18.719064639462445], [-70.46016432592796, 18.71906464812822], [-70.46016431689762, 18.71906464851328], [-70.46016383533754, 18.719064669777914], [-70.46016382630853, 18.71906467019031], [-70.4601636156481, 18.71906468013189], [-70.46016360662051, 18.71906468057162], [-70.46016324555252, 18.719064698707328], [-70.46016323652643, 18.719064699174396], [-70.4601630259364, 18.719064710391372], [-70.46016301691192, 18.719064710885764], [-70.46015309605083, 18.719065269451715], [-70.46015307800705, 18.71906527052245], [-70.46015265707277, 18.719065296780716], [-70.46015263903648, 18.719065297960693], [-70.46015191779358, 18.719065347340436], [-70.46015189976553, 18.719065348629606], [-70.46015147921555, 18.71906537998337], [-70.46015146119647, 18.71906538138167], [-70.46015050062093, 18.71906545885177], [-70.46015048261152, 18.719065460359154], [-70.46015006251372, 18.719065496803353], [-70.46015004451473, 18.71906549841976], [-70.46014932482194, 18.719065565251007], [-70.4601493068341, 18.71906556697637], [-70.46014888725637, 18.71906560850511], [-70.4601488692804, 18.719065610339356], [-70.46014815204666, 18.71906568572222], [-70.46014813408328, 18.719065687665278], [-70.46014771509337, 18.719065734271854], [-70.4601476971433, 18.719065736323646], [-70.46014697946565, 18.719065820563227], [-70.46014696152966, 18.719065822723667], [-70.46014654319528, 18.719065874400556], [-70.46014652527406, 18.71906587666956], [-70.4601455700716, 18.719066000551983], [-70.46014555216587, 18.719066002929456], [-70.46014513455457, 18.719066059668304], [-70.46014511666505, 18.719066062154155], [-70.46014440146652, 18.719066163747602], [-70.46014438359394, 18.719066166341733], [-70.46014396677324, 18.719066228133368], [-70.46014394891833, 18.719066230835672], [-70.46013467431759, 18.719067663327294], [-70.46013465648105, 18.719067666137658], [-70.4601342405182, 18.71906773297209], [-70.46013422270077, 18.71906773589039], [-70.46013351044346, 18.719067854772046], [-70.46013349264585, 18.71906785779818], [-70.46013307760815, 18.71906792966462], [-70.46013305983111, 18.719067932798463], [-70.46013211246996, 18.719068102773054], [-70.46013209471417, 18.719068106014475], [-70.46013168066861, 18.71906818290132], [-70.4601316629348, 18.7190681862502], [-70.4601309540788, 18.719068322343272], [-70.46013093636769, 18.719068325799466], [-70.46013052338114, 18.719068407694294], [-70.46013050569341, 18.71906841125767], [-70.46012980019468, 18.719068555620378], [-70.46012978253108, 18.719068559290776], [-70.46012937067036, 18.719068646180343], [-70.46012935303162, 18.719068649957627], [-70.46012864803512, 18.719068803174174], [-70.4601286304219, 18.719068807058193], [-70.4601282197534, 18.719068898928494], [-70.46012820216646, 18.719068902919084], [-70.46012726509491, 18.719069118546614], [-70.46012724753493, 18.71906912264361], [-70.46012683812513, 18.71906921947977], [-70.46012682059285, 18.71906922368301], [-70.46012611991121, 18.71906939392406], [-70.46012610240729, 18.719069398233383], [-70.46012569432217, 18.719069500019803], [-70.46012567684735, 18.719069504435023], [-70.46011660275481, 18.71907182654556], [-70.4601165853098, 18.71907183106651], [-70.46011617861537, 18.719071937786698], [-70.46011616120086, 18.719071942413194], [-70.46011546528695, 18.719072129568676], [-70.46011544790365, 18.719072134300525], [-70.46011504266563, 18.71907224593725], [-70.46011502531424, 18.719072250774264], [-70.4601141009538, 18.719072511497487], [-70.46011408363502, 18.71907251643947], [-70.46011367991892, 18.7190726329747], [-70.46011366263345, 18.71907263802145], [-70.46011297193684, 18.719072841970505], [-70.46011295468537, 18.719072847121822], [-70.46011255255618, 18.71907296853679], [-70.46011253533943, 18.719072973792464], [-70.4601118488638, 18.719073185643698], [-70.46011183168247, 18.719073191003513], [-70.46011143120548, 18.719073317278497], [-70.46011141406022, 18.719073322742243], [-70.46011072902728, 18.719073543353062], [-70.46011071191882, 18.719073548920527], [-70.46011031315844, 18.719073680035212], [-70.46011029608745, 18.71907368570616], [-70.46010938682687, 18.719073990851353], [-70.46010936979405, 18.71907399662555], [-70.46010897281481, 18.719074132558745], [-70.46010895582086, 18.719074138435964], [-70.46010827689418, 18.719074375566016], [-70.46010825993974, 18.719074381546015], [-70.46010786480585, 18.71907452227572], [-70.46010784789166, 18.719074528358266], [-70.4600990680436, 18.7190777161001], [-70.46009905117033, 18.719077722284943], [-70.46009865794551, 18.719077867788435], [-70.46009864111382, 18.719077874075328], [-70.4600979687321, 18.719078127571336], [-70.46009795194266, 18.71907813396003], [-70.46009756069041, 18.71907828421384], [-70.46009754394395, 18.71907829070406], [-70.4600966521329, 18.719078639482632], [-70.46009663543006, 18.71907864607413], [-70.46009624621367, 18.719078801053968], [-70.4600962295551, 18.719078807746463], [-70.46009556415281, 18.71907907744469], [-70.46009554753923, 18.71907908423792], [-70.46009516042157, 18.719079243918735], [-70.46009514385364, 18.71907925081243], [-70.46009448349236, 18.71907952796378], [-70.46009446697073, 18.71907953495766], [-70.46009408201438, 18.71907969931364], [-70.46009406553975, 18.719079706407417], [-70.46009340754694, 18.719079992133548], [-70.46009339111995, 18.719079999326933], [-70.46009300838698, 18.719080168331583], [-70.46009299200827, 18.719080175624303], [-70.46009211995145, 18.71908056713498], [-70.46009210362173, 18.71908057452672], [-70.46009172317406, 18.719080748152695], [-70.46009170689398, 18.71908075564317], [-70.46009105673573, 18.719081057212605], [-70.46009104050593, 18.719081064801514], [-70.46009066240494, 18.719081243020796], [-70.46009064622609, 18.719081250707823], [-70.46008225131924, 18.719085271151293], [-70.46008223519198, 18.719085278936138], [-70.46008185949877, 18.719085461719907], [-70.46008184342375, 18.71908546960224], [-70.46008120152005, 18.71908578682015], [-70.46008118549794, 18.719085794799664], [-70.46008081227329, 18.719085982118372], [-70.46008079630472, 18.71908599019475], [-70.46007994625568, 18.719086423425722], [-70.4600799303413, 18.719086431598623], [-70.4600795596453, 18.719086623422115], [-70.46007954378574, 18.719086631691223], [-70.46007891055143, 18.71908696435262], [-70.46007889474735, 18.71908697271759], [-70.46007852664022, 18.719087169014706], [-70.46007851089226, 18.71908717747521], [-70.46007788346697, 18.719087517063645], [-70.46007786777574, 18.71908752561934], [-70.46007750231658, 18.719087726358552], [-70.46007748668275, 18.719087735009083], [-70.46007686252709, 18.719088082898985], [-70.46007684695127, 18.719088091644004], [-70.46007648419935, 18.719088296792766], [-70.46007646868216, 18.719088305631924], [-70.46007564283757, 18.719088779463704], [-70.46007562737964, 18.71908878839665], [-70.46007526739345, 18.719088997921894], [-70.46007525199542, 18.719089006948252], [-70.4600746373216, 18.719089369841928], [-70.46007462198409, 18.719089378961346], [-70.4600742648219, 18.719089592829146], [-70.4600742495455, 18.719089602041254], [-70.46006632630012, 18.719094413654794], [-70.4600663110855, 18.71909442295922], [-70.46006595680493, 18.71909464113504], [-70.46006594165264, 18.71909465053141], [-70.4600653368579, 18.71909502819431], [-70.4600653217686, 18.71909503768223], [-70.46006497042683, 18.719095260130892], [-70.46006495540112, 18.719095269709996], [-70.46006415589508, 18.719095782918092], [-70.46006414093355, 18.719095792587993], [-70.4600637925874, 18.719096019273515], [-70.46006377769069, 18.719096029033807], [-70.46006318316591, 18.71909642122186], [-70.46006316833461, 18.719096431072145], [-70.46006282304046, 18.71909666195785], [-70.46006280827514, 18.71909667189776], [-70.46006222026708, 18.719097070415394], [-70.46006220556835, 18.71909708044451], [-70.46006186338175, 18.719097315493237], [-70.46006184875021, 18.719097325611155], [-70.46006126487944, 18.71909773207103], [-70.46006125031566, 18.71909774227735], [-70.46006091129202, 18.719097981451053], [-70.46006089679663, 18.719097991745333], [-70.46006012569518, 18.719098543003597], [-70.46006011126873, 18.719098553385454], [-70.46005977546278, 18.719098796645522], [-70.46005976110587, 18.71909880711453], [-70.46005918826623, 18.719099227583694], [-70.46005917397942, 18.71909923813942], [-70.46005884144552, 18.71909948544648], [-70.46005882722942, 18.719099496088493], [-70.46005145749349, 18.719105049167673], [-70.46005144334865, 18.71910505989557], [-70.4600511141404, 18.719105311209724], [-70.46005110006739, 18.719105322023044], [-70.46005053862922, 18.719105756229624], [-70.4600505246286, 18.719105767127942], [-70.4600501987992, 18.719106022408603], [-70.46005018487156, 18.719106033391476], [-70.46004944416754, 18.71910662127519], [-70.46004943031342, 18.71910663234219], [-70.46004910791551, 18.719106891548115], [-70.46004909413551, 18.719106902698762], [-70.4600485444615, 18.71910735036231], [-70.46004853075615, 18.71910736159618], [-70.46004821184192, 18.7191076246854], [-70.46004819821175, 18.71910763600204], [-70.46004765569528, 18.719108089332046], [-70.46004764214088, 18.719108100730995], [-70.4600473267616, 18.719108367661214], [-70.46004731328351, 18.719108379142003], [-70.46004677572901, 18.7191088399731], [-70.46004676232775, 18.719108851535264], [-70.46004645053459, 18.719109122263205], [-70.46004643721072, 18.719109133906287], [-70.46004572881816, 18.719109756896362], [-70.46004571557222, 18.719109768619887], [-70.46004540741549, 18.719110043101818], [-70.460045394248, 18.719110054905318], [-70.46004486916011, 18.719110528606404], [-70.46004485607162, 18.719110540489396], [-70.46004455160114, 18.719110818680992], [-70.46004453859217, 18.719110830642993], [-70.46003779849582, 18.71911706782405], [-70.4600377855669, 18.719117079864585], [-70.4600374848317, 18.71911736172097], [-70.46003747198336, 18.71911737383956], [-70.46003695970151, 18.719117860104383], [-70.46003694693422, 18.719117872300522], [-70.46003664998308, 18.719118157776045], [-70.46003663729742, 18.719118170049235], [-70.46003596304692, 18.7191188265357], [-70.46003595044337, 18.719118838885457], [-70.46003565732414, 18.719119127934096], [-70.46003564480321, 18.719119140359936], [-70.4600351456584, 18.71911963887437], [-70.46003513322057, 18.719119651375774], [-70.46003484398052, 18.719119943950922], [-70.46003483162634, 18.719119956527386], [-70.4600345097962, 18.719120286241715], [-70.45975095193336, 18.71886935492897], [-70.45976306309298, 18.718863917634124], [-70.45976366623073, 18.718863655729212], [-70.45976383023869, 18.718863586895907], [-70.45976444016812, 18.718863339682752], [-70.45978422887372, 18.718855600545233], [-70.45978484520062, 18.7188553681835], [-70.45979311822224, 18.718852364470347], [-70.45979374054849, 18.718852147110198], [-70.45981391644455, 18.7188453761684], [-70.45981454436784, 18.718845173950303], [-70.45981471486148, 18.718845121335004], [-70.45981534797639, 18.718844934389608], [-70.45981794985455, 18.718844200512912], [-70.45981895408327, 18.71884389395821], [-70.4598253321834, 18.718841796811088], [-70.45982729278073, 18.71884105764471], [-70.45983345008968, 18.718838428807146], [-70.45983533400326, 18.718837526575513], [-70.45984122181297, 18.718834386843213], [-70.45984301413992, 18.71883332868352], [-70.45984858587425, 18.71882970289367], [-70.45984944323057, 18.718829117910197], [-70.45985744250255, 18.718823399258998], [-70.45985797769777, 18.71882302668485], [-70.45985812373577, 18.718822927708885], [-70.45985866869646, 18.71882256821698], [-70.45987640920801, 18.71881118047909], [-70.45987696358229, 18.718810834301454], [-70.4598844294469, 18.718806300449376], [-70.45988499287674, 18.71880596780965], [-70.45990331782076, 18.718795453805544], [-70.45990388994181, 18.71879513491877], [-70.45990404576942, 18.71879505057851], [-70.4599046262125, 18.718794745650555], [-70.45992348823347, 18.718785132551787], [-70.45992407662295, 18.7187848417799], [-70.45993198691893, 18.71878105342643], [-70.45993258287461, 18.71878077699853], [-70.4599461641262, 18.71877467968831], [-70.46030670542983, 18.719039616763602]]]}}, {"type": "Feature", "properties": {"kind": "lot", "id": "H-15", "cluster": "rim", "area_m2": 934, "price_usd_m2": 60, "price_usd": 56040, "tier": "base", "slope_pct": 5.6, "elev_m": 702.7}, "geometry": {"type": "Polygon", "coordinates": [[[-70.4600345097962, 18.719120286241715], [-70.46003434020571, 18.719120459986822], [-70.46003432793565, 18.71912047263784], [-70.46003404262177, 18.719120768691983], [-70.46003403043635, 18.719120781417033], [-70.46003354475096, 18.71912129185911], [-70.46003353265063, 18.7191213046577], [-70.46003325130877, 18.719121604143243], [-70.46003323929406, 18.719121617014842], [-70.46003260092816, 18.719122305301156], [-70.46003258899955, 18.719122318245244], [-70.4600323116753, 18.719122621113666], [-70.46003229983326, 18.71912263412972], [-70.46003182792136, 18.719123156169353], [-70.46003181616636, 18.71912316925686], [-70.46003154290445, 18.719123475459316], [-70.46003153123698, 18.71912348861773], [-70.46002549040628, 18.71913034546996], [-70.46002547882682, 18.719130358698752], [-70.46002520967137, 18.71913066818577], [-70.46002519818035, 18.719130681484433], [-70.46002474034674, 18.71913121478437], [-70.46002472894467, 18.719131228152335], [-70.46002446393925, 18.71913154087383], [-70.46002445262657, 18.719131554310554], [-70.46002385179466, 18.71913227261828], [-70.46002384057184, 18.71913228612324], [-70.46002357975927, 18.719132602028672], [-70.46002356862672, 18.71913261560132], [-70.4600231251674, 18.71913315981685], [-70.4600231141256, 18.719133173456637], [-70.46002285754781, 18.719133492495253], [-70.46002284659721, 18.71913350620163], [-70.46002241134865, 18.71913405458991], [-70.4600224004897, 18.719134068362322], [-70.46002214818841, 18.719134390482218], [-70.46002213742155, 18.71913440432009], [-70.46002170862276, 18.719134959099875], [-70.4600216979484, 18.719134973002678], [-70.46002144996415, 18.71913529815211], [-70.46002143938273, 18.719135312119256], [-70.46002087763779, 18.719136058591836], [-70.46002086714975, 18.71913607262278], [-70.46002062352274, 18.719136400749033], [-70.46002061312849, 18.7191364148432], [-70.46002019926729, 18.71913697982884], [-70.46002018896725, 18.719136993985668], [-70.46001994973679, 18.719137325035813], [-70.46001993953138, 18.71913733925471], [-70.4600146603691, 18.719144744945893], [-70.46001465025873, 18.7191447592263], [-70.46001441546349, 18.71914509314679], [-70.46001440544856, 18.71914510748814], [-70.4600140067925, 18.719145682314355], [-70.46001399687343, 18.71914569671605], [-70.46001382260519, 18.71914595150075], [-70.46001376599261, 18.71914602506884], [-70.4600119357862, 18.719148526974703], [-70.46001057529467, 18.719150037796307], [-70.4600090627113, 18.71915141106371], [-70.46000741327335, 18.71915263294302], [-70.46000564359682, 18.71915369112536], [-70.4600037715088, 18.719154574950984], [-70.46000181586827, 18.71915527551642], [-70.45999979637571, 18.719155785764425], [-70.45999773337489, 18.719156100554894], [-70.45999474331764, 18.7191562670822], [-70.4599787473707, 18.719156391750616], [-70.45997873833174, 18.719156391834748], [-70.45997852742649, 18.719156394117093], [-70.45997851838784, 18.71915639422858], [-70.45997815685621, 18.719156399235725], [-70.45997814781799, 18.719156399374587], [-70.45997793693209, 18.71915640293396], [-70.45997792789437, 18.719156403100193], [-70.45997744592242, 18.719156412694804], [-70.45997743688531, 18.7191564128884], [-70.45997722602755, 18.719156417724662], [-70.45997721699113, 18.71915641794562], [-70.45997685555538, 18.71915642733059], [-70.45997684651974, 18.719156427578888], [-70.45997663569828, 18.719156433691865], [-70.45997662666349, 18.719156433967527], [-70.45997626548748, 18.71915644553481], [-70.45997625645369, 18.71915644583783], [-70.45997604567748, 18.719156453227246], [-70.45997603664475, 18.71915645355761], [-70.45997567536355, 18.719156467318893], [-70.45997566633196, 18.7191564676766], [-70.4599754556094, 18.719156476342164], [-70.45997544657905, 18.719156476727218], [-70.45997496501893, 18.71915649799137], [-70.4599749559899, 18.719156498403763], [-70.45997474532913, 18.719156508345144], [-70.45997473630153, 18.719156508784863], [-70.45997437523283, 18.71915652692025], [-70.45997436620674, 18.719156527387305], [-70.45997415561668, 18.719156538604075], [-70.45997414659217, 18.719156539098453], [-70.45996422572475, 18.719157097654787], [-70.45996420768094, 18.7191570987255], [-70.45996378674637, 18.719157124983372], [-70.45996376871007, 18.719157126163328], [-70.4599630474665, 18.71915717554238], [-70.45996302943844, 18.719157176831523], [-70.45996260888818, 18.71915720818489], [-70.45996259086908, 18.71915720958317], [-70.45996163029291, 18.719157287052337], [-70.4599616122835, 18.719157288559707], [-70.4599611921853, 18.719157325003508], [-70.4599611741863, 18.719157326619897], [-70.45996045449297, 18.719157393450455], [-70.45996043650513, 18.71915739517579], [-70.45996001692717, 18.719157436704123], [-70.45995999895118, 18.719157438538353], [-70.45995928171693, 18.71915751392052], [-70.45995926375353, 18.719157515863557], [-70.45995884476336, 18.719157562469736], [-70.45995882681329, 18.719157564521506], [-70.45995810913517, 18.719157648760394], [-70.45995809119916, 18.71915765092081], [-70.45995767286442, 18.7191577025973], [-70.45995765494318, 18.719157704866287], [-70.45995669973993, 18.719157828747804], [-70.45995668183419, 18.71915783112526], [-70.45995626422261, 18.719157887863695], [-70.45995624633306, 18.719157890349535], [-70.45995553113407, 18.71915799194229], [-70.45995551326149, 18.719157994536392], [-70.45995509644044, 18.719158056327633], [-70.45995507858551, 18.71915805902992], [-70.45994580397753, 18.71915949151262], [-70.459945786141, 18.719159494322952], [-70.45994537017779, 18.719159561157003], [-70.45994535236035, 18.719159564075287], [-70.45994464010232, 18.71915968295628], [-70.4599446223047, 18.719159685982397], [-70.45994420726674, 18.719159757848434], [-70.45994418948966, 18.719159760982265], [-70.45994324212788, 18.71915993095592], [-70.45994322437207, 18.71915993419732], [-70.45994281032621, 18.71916001108377], [-70.45994279259237, 18.719160014432617], [-70.45994208373583, 18.719160150525013], [-70.4599420660247, 18.71916015398119], [-70.45994165303783, 18.719160235875623], [-70.45994163535009, 18.719160239438974], [-70.45994092985079, 18.719160383801], [-70.45994091218718, 18.71916038747138], [-70.459940500326, 18.719160474360578], [-70.45994048268723, 18.71916047813785], [-70.45993977768998, 18.719160631353752], [-70.45993976007675, 18.719160635237746], [-70.45993934940797, 18.71916072710765], [-70.459939331821, 18.719160731098214], [-70.45993839474878, 18.719160946724816], [-70.45993837718878, 18.719160950821802], [-70.45993796777859, 18.719161047657582], [-70.45993795024629, 18.71916105186081], [-70.45993724956394, 18.71916122210121], [-70.45993723206001, 18.71916122641052], [-70.45993682397453, 18.719161328196545], [-70.4599368064997, 18.719161332611755], [-70.4599277323991, 18.71916365471362], [-70.45992771495408, 18.71916365923455], [-70.45992730825931, 18.71916376595434], [-70.45992729084477, 18.719163770580817], [-70.45992659493024, 18.71916395773564], [-70.45992657754692, 18.71916396246748], [-70.45992617230854, 18.71916407410382], [-70.45992615495715, 18.719164078940814], [-70.45992523059587, 18.719164339663145], [-70.45992521327709, 18.71916434460511], [-70.45992480956055, 18.719164461139968], [-70.45992479227507, 18.7191644661867], [-70.45992410157788, 18.71916467013508], [-70.45992408432642, 18.719164675286383], [-70.45992368219699, 18.719164796700902], [-70.45992366498022, 18.71916480195657], [-70.45992297850387, 18.71916501380717], [-70.4599229613225, 18.71916501916698], [-70.45992256084494, 18.71916514544164], [-70.45992254369966, 18.71916515090538], [-70.45992185866614, 18.71916537151552], [-70.45992184155766, 18.719165377082955], [-70.459921442797, 18.719165508197246], [-70.45992142572598, 18.71916551386817], [-70.45992051646455, 18.719165819012495], [-70.45992049943172, 18.719165824786675], [-70.45992010245203, 18.719165960719504], [-70.45992008545805, 18.71916596659671], [-70.45991940653056, 18.719166203726164], [-70.45991938957613, 18.71916620970615], [-70.45991899444185, 18.71916635043548], [-70.45991897752764, 18.719166356518002], [-70.45991019767082, 18.719169544251507], [-70.45991018079752, 18.719169550436323], [-70.45990978757233, 18.719169695939442], [-70.45990977074061, 18.719169702226317], [-70.45990909835818, 18.719169955721704], [-70.45990908156874, 18.719169962110374], [-70.45990869031606, 18.719170112363834], [-70.45990867356956, 18.719170118854034], [-70.45990778175768, 18.719170467631738], [-70.45990776505482, 18.719170474223205], [-70.4599073758381, 18.71917062920264], [-70.45990735917952, 18.71917063589512], [-70.45990669377649, 18.719170905592733], [-70.45990667716289, 18.71917091238596], [-70.45990629004481, 18.71917107206641], [-70.45990627347685, 18.71917107896009], [-70.45990561311494, 18.719171356110788], [-70.45990559659329, 18.719171363104653], [-70.45990521163645, 18.719171527460304], [-70.4599051951618, 18.719171534554064], [-70.45990453716819, 18.719171820279605], [-70.45990452074119, 18.719171827472987], [-70.45990413800777, 18.71917199647728], [-70.45990412162907, 18.719172003769987], [-70.45990324957137, 18.71917239527979], [-70.45990323324163, 18.71917240267152], [-70.45990285279362, 18.719172576297105], [-70.45990283651352, 18.719172583787564], [-70.45990218635446, 18.719172885356432], [-70.45990217012464, 18.719172892945327], [-70.45990179202317, 18.71917307116427], [-70.4599017758443, 18.719173078851284], [-70.45989338092795, 18.71917709928688], [-70.45989336480068, 18.7191771070717], [-70.45989298910706, 18.719177289855104], [-70.45989297303203, 18.719177297737435], [-70.45989233112763, 18.719177614954713], [-70.4598923151055, 18.71917762293421], [-70.45989194188036, 18.719177810252603], [-70.45989192591178, 18.719177818328966], [-70.4598910758617, 18.719178251559157], [-70.45989105994732, 18.71917825973204], [-70.45989068925097, 18.719178451555134], [-70.4598906733914, 18.719178459824228], [-70.45989004015642, 18.719178792484996], [-70.45989002435233, 18.71917880084995], [-70.45988965624467, 18.719178997146763], [-70.4598896404967, 18.719179005607252], [-70.45988901307061, 18.71917934519513], [-70.45988899737937, 18.719179353750807], [-70.4598886319198, 18.71917955448966], [-70.45988861628594, 18.71917956314017], [-70.45988799212954, 18.719179911029485], [-70.45988797655369, 18.719179919774497], [-70.45988761380133, 18.71918012492292], [-70.45988759828413, 18.719180133762066], [-70.45988677243851, 18.719180607593074], [-70.45988675698057, 18.719180616526], [-70.45988639699394, 18.719180826050913], [-70.45988638159588, 18.719180835077264], [-70.45988576692129, 18.719181197970357], [-70.45988575158377, 18.719181207089758], [-70.45988539442112, 18.719181420957227], [-70.45988537914471, 18.719181430169325], [-70.45987745588931, 18.719186241775482], [-70.45987744067466, 18.71918625107989], [-70.45987708639359, 18.719186469255416], [-70.4598770712413, 18.719186478651764], [-70.45987646644568, 18.71918685631415], [-70.45987645135635, 18.719186865802065], [-70.45987610001416, 18.719187088250386], [-70.45987608498844, 18.719187097829472], [-70.45987528548147, 18.719187611036748], [-70.45987527051993, 18.719187620706617], [-70.45987492217343, 18.719187847391762], [-70.4598749072767, 18.719187857152047], [-70.45987431275104, 18.7191882493396], [-70.4598742979197, 18.719188259189885], [-70.45987395262497, 18.71918849007534], [-70.45987393785964, 18.719188500015235], [-70.45987334985088, 18.71918889853227], [-70.45987333515212, 18.719188908561378], [-70.45987299296506, 18.7191891436098], [-70.4598729783335, 18.7191891537277], [-70.45987239446178, 18.719189560187125], [-70.459872379898, 18.719189570393418], [-70.45987204087395, 18.71918980956679], [-70.45987202637852, 18.719189819861064], [-70.4598712552761, 18.719190371118543], [-70.45987124084964, 18.719190381500397], [-70.45987090504325, 18.71919062476012], [-70.45987089068633, 18.71919063522911], [-70.45987031784591, 18.719191055697724], [-70.45987030355907, 18.719191066253444], [-70.45986997102467, 18.71919131356021], [-70.45986995680855, 18.719191324202217], [-70.4598625870621, 18.71919687727464], [-70.45986257291725, 18.71919688800251], [-70.45986224370853, 18.71919713931634], [-70.4598622296355, 18.719197150129656], [-70.45986166819654, 18.719197584335696], [-70.45986165419592, 18.71919759523401], [-70.459861328366, 18.7191978505144], [-70.45986131443834, 18.719197861497268], [-70.45986057373328, 18.719198449380247], [-70.45986055987917, 18.719198460447224], [-70.45986023748087, 18.719198719652773], [-70.45986022370086, 18.719198730803413], [-70.4598596740259, 18.719199178466553], [-70.45985966032053, 18.719199189700415], [-70.45985934140566, 18.719199452789464], [-70.45985932777548, 18.719199464106097], [-70.45985878525825, 18.71919991743556], [-70.45985877170382, 18.719199928834495], [-70.45985845632413, 18.71920019576437], [-70.45985844284601, 18.719200207245144], [-70.4598579052907, 18.719200668075743], [-70.45985789188941, 18.719200679637904], [-70.45985758009577, 18.719200950365558], [-70.45985756677189, 18.719200962008625], [-70.4598568583782, 18.719201584998054], [-70.45985684513225, 18.719201596721565], [-70.45985653697505, 18.719201871203218], [-70.45985652380753, 18.719201883006715], [-70.45985599871884, 18.719202356707317], [-70.45985598563031, 18.7192023685903], [-70.45985568115934, 18.71920264678161], [-70.45985566815035, 18.7192026587436], [-70.45984892804317, 18.719208895918527], [-70.45984891511422, 18.719208907959047], [-70.45984861437856, 18.719209189815164], [-70.45984860153017, 18.71920920193373], [-70.4598480892475, 18.719209688198088], [-70.4598480764802, 18.719209700394224], [-70.45984777952857, 18.719209985869476], [-70.45984776684288, 18.71920999814265], [-70.45984709259126, 18.719210654628505], [-70.45984707998768, 18.71921066697825], [-70.45984678686797, 18.719210956026625], [-70.45984677434701, 18.719210968452447], [-70.45984627520136, 18.71921146696644], [-70.45984626276352, 18.71921147946783], [-70.45984597352302, 18.719211772042684], [-70.45984596116881, 18.71921178461914], [-70.45984546974732, 18.719212288078133], [-70.45984545747724, 18.71921230072913], [-70.45984517216286, 18.719212596783038], [-70.4598451599774, 18.719212609508084], [-70.45984467429116, 18.719213119949718], [-70.45984466219083, 18.719213132748294], [-70.45984438084847, 18.71921343223361], [-70.45984436883374, 18.719213445105193], [-70.45984373046667, 18.71921413339096], [-70.45984371853804, 18.71921414633504], [-70.4598434412133, 18.71921444920321], [-70.45984342937123, 18.719214462219256], [-70.45984295745852, 18.719214984258407], [-70.45984294570351, 18.719214997345905], [-70.45984267244113, 18.71921530354809], [-70.45984266077363, 18.7192153167065], [-70.45983661993185, 18.719222173553348], [-70.45983660835236, 18.719222186782144], [-70.4598363391964, 18.71922249626891], [-70.45983632770537, 18.719222509567548], [-70.4598358698709, 18.719223042867096], [-70.45983585846881, 18.719223056235048], [-70.45983559346291, 18.719223368956285], [-70.4598355821502, 18.719223382393004], [-70.4598349813173, 18.719224100700014], [-70.45983497009445, 18.719224114204977], [-70.45983470928125, 18.719224430110334], [-70.45983469814868, 18.71922444368298], [-70.45983425468818, 18.719224987898496], [-70.45983424364638, 18.719225001538266], [-70.45983398706822, 18.71922532057649], [-70.45983397611761, 18.71922533428286], [-70.45983354086839, 18.719225882670493], [-70.45983353000942, 18.719225896442893], [-70.45983327770756, 18.719226218562667], [-70.45983326694066, 18.71922623240053], [-70.45983283814094, 18.71922678718005], [-70.45983282746656, 18.719226801082836], [-70.45983257948184, 18.719227126232006], [-70.4598325689004, 18.71922714019915], [-70.45983200715426, 18.719227886671298], [-70.4598319966662, 18.719227900702226], [-70.45983175303876, 18.719228228828197], [-70.45983174264447, 18.719228242922355], [-70.45983132878261, 18.71922880790736], [-70.45983131848254, 18.71922882206417], [-70.45983107925156, 18.719229153114153], [-70.45983106904612, 18.719229167333054], [-70.45982578987255, 18.719236573019757], [-70.45982577976216, 18.719236587300152], [-70.45982554496642, 18.719236921220432], [-70.45982553495146, 18.71923693556177], [-70.4598251362946, 18.719237510387572], [-70.45982512637549, 18.71923752478927], [-70.45982489605281, 18.719237861526125], [-70.45982488622995, 18.719237875987584], [-70.45982436502233, 18.719238648695693], [-70.45982435529615, 18.71923866321634], [-70.45982412948385, 18.719239002715174], [-70.45982411985472, 18.71923901729442], [-70.4598237366607, 18.71923960158925], [-70.45982372712898, 18.71923961622652], [-70.45982350586344, 18.719239958432652], [-70.45982349642955, 18.71923997312734], [-70.45982312184866, 18.719240560778896], [-70.45982311251296, 18.71924057553041], [-70.45982289583004, 18.71924092038839], [-70.45982288659293, 18.719240935196137], [-70.45982251910917, 18.719241528582742], [-70.459822509971, 18.71924154344612], [-70.45982229790562, 18.71924189090038], [-70.45982228886676, 18.719241905818794], [-70.45982180954462, 18.719242702765982], [-70.45982180060545, 18.71924271773882], [-70.45982159319195, 18.719243067733075], [-70.45982158435282, 18.71924308275975], [-70.45982123281694, 18.719243684854494], [-70.4598212240782, 18.719243699934392], [-70.45982102134997, 18.71924405241231], [-70.45982101271198, 18.719244067544793], [-70.45981654974129, 18.719251945569805], [-70.45981654120442, 18.7192519607543], [-70.45981634319426, 18.719252315658824], [-70.45981633475883, 18.719252330894715], [-70.45981599939793, 18.71925294130848], [-70.4598159910643, 18.719252956595145], [-70.45981579780421, 18.71925331386894], [-70.4598157895727, 18.719253329205745], [-70.45981561443985, 18.71925365808391], [-70.45981406521099, 18.71925635011809], [-70.45981299504513, 18.719257851864555], [-70.45981176206676, 18.719259276479477], [-70.45981039542667, 18.71926058570315], [-70.45980890696259, 18.719261768195157], [-70.45980730956758, 18.71926281371277], [-70.45980487604886, 18.719264107025737], [-70.45980456358943, 18.719264257646238], [-70.45980454802354, 18.719264265207038], [-70.45980372007647, 18.719264670421676], [-70.45980370457416, 18.719264678066192], [-70.45980334343119, 18.719264857494085], [-70.45980332797838, 18.719264865229096], [-70.45980271090362, 18.719265176415853], [-70.45980269550093, 18.719265184241067], [-70.45980233669607, 18.719265367878137], [-70.45980232134407, 18.719265375793242], [-70.45980198699102, 18.719265549442973], [-70.45960056023738, 18.718970314469775], [-70.45960289014076, 18.71896804596014], [-70.45960335971611, 18.71896760023471], [-70.45960971074699, 18.718961723112947], [-70.4596101920605, 18.718961288904133], [-70.4596259108597, 18.718947465189714], [-70.45962640360045, 18.718947042777895], [-70.45962653834061, 18.71894693018866], [-70.45962704219069, 18.71894651984652], [-70.45964347795672, 18.71893347511972], [-70.45964399259023, 18.71893307711257], [-70.45965093691018, 18.718927844603325], [-70.45965146199455, 18.718927459188418], [-70.459668572253, 18.718915227158824], [-70.45966910744873, 18.718914854585304], [-70.45966925348692, 18.718914755609497], [-70.45966979844867, 18.718914396117874], [-70.4596875389832, 18.718903008396538], [-70.45968809335848, 18.71890266221924], [-70.45969555923239, 18.718898128374217], [-70.45969612266295, 18.718897795734996], [-70.45971444762952, 18.718887281748], [-70.45971501975126, 18.718886962861763], [-70.4597151755791, 18.718886878521623], [-70.45971575602277, 18.71888657359426], [-70.45973461806568, 18.71887696051317], [-70.4597352064557, 18.7188766697419], [-70.45974311676083, 18.718872881395747], [-70.45974371271704, 18.718872604968478], [-70.45975095193336, 18.71886935492897], [-70.4600345097962, 18.719120286241715]]]}}, {"type": "Feature", "properties": {"kind": "lot", "id": "H-16", "cluster": "rim", "area_m2": 826, "price_usd_m2": 60, "price_usd": 49560, "tier": "inner row, car-free (base)", "slope_pct": 0.6, "elev_m": 702.3}, "geometry": {"type": "Polygon", "coordinates": [[[-70.45986794454683, 18.718741920820577], [-70.4598506223763, 18.71875185947799], [-70.4598501595374, 18.718752128866996], [-70.45984933997315, 18.7187526127242], [-70.45984888076508, 18.718752887696496], [-70.45984116080493, 18.718757575854298], [-70.4598407053017, 18.718757856365556], [-70.45983989890956, 18.718758359915007], [-70.45983944718496, 18.718758645919802], [-70.45982145677755, 18.71877019406521], [-70.45982100890433, 18.7187704855174], [-70.45982021620519, 18.71877100843378], [-70.45981977225578, 18.718771305286317], [-70.45981938067916, 18.718771570673834], [-70.45981894072536, 18.718771872878715], [-70.45981816223126, 18.718772414824382], [-70.45981772634401, 18.718772722332854], [-70.45981036589112, 18.71877798429351], [-70.45980714667225, 18.7187800791904], [-70.45980457403574, 18.718781451073852], [-70.45980188364362, 18.718782599725483], [-70.45979819852586, 18.718783811408112], [-70.45979636243385, 18.718784329289754], [-70.45979584337076, 18.71878447911985], [-70.4597949224429, 18.71878475105028], [-70.45979440542025, 18.718784907154284], [-70.45979394827026, 18.71878504823333], [-70.45979343337162, 18.718785210586017], [-70.45979251999528, 18.71878550473214], [-70.45979200730386, 18.71878567330726], [-70.45977154720971, 18.718792539623877], [-70.45977103680829, 18.718792714394166], [-70.45977013157359, 18.718793030565823], [-70.45976962354463, 18.718793211503083], [-70.45976106895735, 18.718796317444856], [-70.45976056338287, 18.718796504519865], [-70.4597596668746, 18.718796842512877], [-70.45975916383647, 18.71879703569539], [-70.45975299206941, 18.71879944940323], [-70.4594292180841, 18.71862892588292], [-70.45942634700955, 18.71862526957105], [-70.45943536422169, 18.718618823223128], [-70.45943909348263, 18.718616192324482], [-70.45943987197724, 18.718615650380446], [-70.45944363602864, 18.718613064857745], [-70.4594440276055, 18.718612799471035], [-70.45944782584266, 18.71861025973966], [-70.45944861854258, 18.718609736824686], [-70.45945245034927, 18.718607243296713], [-70.45947044076807, 18.718595695185975], [-70.45947430552556, 18.718593248263346], [-70.45947511191832, 18.718592744715323], [-70.45947900900342, 18.718590344793242], [-70.45948672896733, 18.718585656650188], [-70.4594906577493, 18.71858330411685], [-70.4594914773139, 18.718582820261194], [-70.45949543715945, 18.71858051549605], [-70.45951402023805, 18.718569853426846], [-70.45951801050589, 18.718567596802508], [-70.45951884271277, 18.718567132951797], [-70.45952286275961, 18.718564924832705], [-70.45952328058561, 18.71856469868909], [-70.45952732976059, 18.718562539432746], [-70.4595281740721, 18.71856209588676], [-70.45953225172289, 18.718559985841015], [-70.45955137943915, 18.71855023736718], [-70.4595554849053, 18.718548176873156], [-70.45955634077575, 18.718547753918443], [-70.45956047339554, 18.718545743308876], [-70.45956865291274, 18.718541826036773], [-70.45957281201741, 18.718539865636796], [-70.45957367889378, 18.718539463546715], [-70.45957786381237, 18.718537553672796], [-70.45959748673626, 18.71852874398505], [-70.4596016967915, 18.7185268849457], [-70.45960257411384, 18.718526503979888], [-70.45960680862775, 18.718524696075065], [-70.45960724838669, 18.718524511510633], [-70.45961150667237, 18.718522755033625], [-70.45961239387383, 18.718522395438377], [-70.45961667524647, 18.718520690671635], [-70.45963674267067, 18.71851284253606], [-70.45964104643588, 18.718511189755503], [-70.45964194294295, 18.718510851763142], [-70.4596462684076, 18.71850925123553], [-70.45965115836087, 18.71850747582541], [-70.45965482298335, 18.718506145299756], [-70.45965693305001, 18.718505393788515], [-70.45965931079768, 18.718503867499862], [-70.45966317554996, 18.718501420573766], [-70.4596639819415, 18.718500917025107], [-70.45966787902178, 18.71849851709931], [-70.45967559897603, 18.718493828949], [-70.45967952775304, 18.718491476412026], [-70.45968034731662, 18.7184909925556], [-70.45968430715723, 18.71848868778677], [-70.45970289021298, 18.718478025700204], [-70.45970688047596, 18.718475769072143], [-70.45970727616462, 18.71847554852482], [-70.45986794454683, 18.718741920820577]]]}}, {"type": "Feature", "properties": {"kind": "lot", "id": "H-17", "cluster": "rim", "area_m2": 1253, "price_usd_m2": 60, "price_usd": 75180, "tier": "base", "slope_pct": 5.0, "elev_m": 702.5}, "geometry": {"type": "Polygon", "coordinates": [[[-70.45980198699102, 18.719265549442973], [-70.4597943557682, 18.71926951279754], [-70.45979434046743, 18.719269520802253], [-70.45979398405457, 18.71926970862091], [-70.45979396880564, 18.719269716714933], [-70.45979335993152, 18.719270042237422], [-70.45979334473503, 18.719270050420448], [-70.45979299076808, 18.719270242392298], [-70.45979297562457, 18.719270250664003], [-70.45979216954223, 18.719270694099443], [-70.45979215445224, 18.719270702459536], [-70.4597918029842, 18.719270898555838], [-70.45979178794835, 18.719270907003995], [-70.45979118764163, 18.7192712466662], [-70.45979117266046, 18.719271255202102], [-70.45979082374453, 18.719271455393176], [-70.45979080881861, 18.719271464016504], [-70.45979021409866, 18.7192718099934], [-70.45979019922855, 18.719271818703824], [-70.45978985291708, 18.71927202295963], [-70.45978983810335, 18.71927203175684], [-70.45978924672593, 18.71927238535399], [-70.45978923196914, 18.71927239423763], [-70.45978888831446, 18.719272602527276], [-70.45978887361515, 18.71927261149704], [-70.45978809133926, 18.719273092085153], [-70.45978807669798, 18.719273101140686], [-70.4597877357517, 18.719273313432925], [-70.45978772116902, 18.719273322573876], [-70.45978713907716, 18.71927368989295], [-70.45978712455361, 18.719273699118997], [-70.4597867863671, 18.719273915381834], [-70.45978677190324, 18.71927392469262], [-70.45977927025531, 18.71927878570838], [-70.45977925585167, 18.719278795103538], [-70.45977892047587, 18.71927901530439], [-70.459778906133, 18.719279024783592], [-70.45977833367724, 18.719279405603352], [-70.45977831939568, 18.71927941516623], [-70.45977798688119, 18.719279639271885], [-70.4597779726615, 18.719279648918068], [-70.45977721607647, 18.719280165501136], [-70.45977720191917, 18.719280175230278], [-70.4597768723159, 18.71928040320709], [-70.45977685822152, 18.719280413018822], [-70.45977629574658, 18.719280807109968], [-70.45977628171563, 18.71928081700391], [-70.45977595507337, 18.71928104881746], [-70.45977594110639, 18.719281058793253], [-70.45977538484054, 18.719281458647174], [-70.45977537093808, 18.719281468704438], [-70.45977504730592, 18.719281704319865], [-70.4597750334685, 18.719281714458205], [-70.45977448131309, 18.71928212158345], [-70.4597744675412, 18.719282131802508], [-70.4597741469679, 18.719282371184327], [-70.45977413326207, 18.719282381483715], [-70.45977340419083, 18.719282932817155], [-70.45977339055158, 18.719282943196475], [-70.45977307308549, 18.719283186308594], [-70.45977305951334, 18.719283196767456], [-70.45977251801041, 18.71928361668129], [-70.45977250450588, 18.7192836272193], [-70.4597721901947, 18.719283874025173], [-70.45977217675826, 18.719283884641946], [-70.4597652112834, 18.719289422854896], [-70.4597651979156, 18.719289433550028], [-70.45976488680674, 18.7192896840124], [-70.45976487350806, 18.719289694785473], [-70.45976434298329, 18.71929012723531], [-70.45976432975424, 18.71929013808593], [-70.45976402189449, 18.71929039216718], [-70.45976400873555, 18.719290403094938], [-70.45976330893461, 18.719290987850357], [-70.45976329584632, 18.71929099885484], [-70.45976299128209, 18.71929125651662], [-70.45976297826489, 18.719291267597434], [-70.45976245903819, 18.719291712322548], [-70.4597624460926, 18.719291723479248], [-70.4597621448697, 18.719291984682826], [-70.4597621319962, 18.719291995915007], [-70.45976161954172, 18.71929244579508], [-70.4597616067408, 18.719292457102302], [-70.45976130890473, 18.719292721808227], [-70.45976129617685, 18.719292733190073], [-70.45976078856116, 18.719293189922446], [-70.45976077590682, 18.71929320137851], [-70.45976048150226, 18.71929346954709], [-70.45976046892193, 18.719293481076896], [-70.45975980007681, 18.71929409784594], [-70.45975978757096, 18.7192941094491], [-70.4597594966423, 18.719294381039866], [-70.45975948421142, 18.719294392715913], [-70.45975898851223, 18.719294861180632], [-70.45975897615678, 18.71929487292914], [-70.45975868874794, 18.719295147901125], [-70.45975867646835, 18.719295159721646], [-70.45975231424751, 18.719301321796177], [-70.45975230204428, 18.719301333688268], [-70.45975201819843, 18.719301612000137], [-70.45975200607201, 18.719301623963347], [-70.45975152258802, 18.7193021038781], [-70.45975151053888, 18.71930211591198], [-70.45975123029879, 18.719302397521798], [-70.45975121832736, 18.7193024096259], [-70.45975058204961, 18.719303056922445], [-70.45975057015634, 18.71930306909632], [-70.45975029356421, 18.71930335396169], [-70.45975028174959, 18.71930336620485], [-70.45974981077178, 18.71930385728086], [-70.4597497990362, 18.71930386959287], [-70.45974952613372, 18.719304157670877], [-70.45974951447765, 18.719304170051263], [-70.45974905076979, 18.71930466562489], [-70.45974903919367, 18.71930467807319], [-70.45974877002189, 18.71930496932047], [-70.45974875852615, 18.71930498183621], [-70.45974830033867, 18.71930548377721], [-70.45974828892375, 18.719305496359926], [-70.45974802352325, 18.7193057907326], [-70.45974801218955, 18.719305803381822], [-70.45974741001173, 18.719306479646843], [-70.45974739875972, 18.719306492362094], [-70.4597471371704, 18.719306789815896], [-70.45974712600048, 18.719306802596677], [-70.4597466808792, 18.719307315100405], [-70.4597466697918, 18.71930732794626], [-70.45974641205315, 18.719307628436276], [-70.45974640104868, 18.719307641346706], [-70.45974070335366, 18.71931436793874], [-70.45974069243253, 18.719314380913268], [-70.45974043858328, 18.719314684394334], [-70.45974042774591, 18.71931469743247], [-70.4597399959587, 18.719315220190484], [-70.45973998520549, 18.71931523329172], [-70.45973973528399, 18.71931553971802], [-70.45973972461535, 18.719315552881884], [-70.45973915798848, 18.719316256485765], [-70.45973914740482, 18.719316269711765], [-70.45973890144852, 18.719316579037358], [-70.45973889095022, 18.71931659232499], [-70.45973847275718, 18.71931712502243], [-70.45973846234465, 18.719317138371185], [-70.45973822039069, 18.71931745054937], [-70.45973821006432, 18.719317463958745], [-70.45973779956873, 18.71931800045336], [-70.45973778932891, 18.719318013922848], [-70.45973755141382, 18.719318328906507], [-70.45973754126092, 18.719318342435617], [-70.45973713691416, 18.719318884751385], [-70.45973712684855, 18.7193188983396], [-70.459736893008, 18.71931921608152], [-70.4597368830301, 18.719319229728324], [-70.45973635331913, 18.719319958976254], [-70.45973634342933, 18.71931997268113], [-70.45973611369865, 18.719320293133233], [-70.45973610389727, 18.719320306895682], [-70.4597357136403, 18.71932085850314], [-70.45973570392773, 18.719320872322623], [-70.45973547834146, 18.71932119543681], [-70.45973546871805, 18.719321209312824], [-70.45973049042104, 18.719328435641497], [-70.45973048088716, 18.719328449573513], [-70.45973025947926, 18.719328775301086], [-70.45973025003529, 18.719328789288564], [-70.45972987410318, 18.719329349855453], [-70.45972986474946, 18.719329363897888], [-70.45972964755332, 18.71932969218973], [-70.4597296382902, 18.719329706286594], [-70.4597291467713, 18.719330459421634], [-70.45972913759914, 18.71933047357239], [-70.45972892464741, 18.719330804379165], [-70.45972891556656, 18.719330818583277], [-70.45972855418565, 18.719331387772073], [-70.45972854519644, 18.71933140202901], [-70.45972833652128, 18.719331735300766], [-70.45972832762405, 18.71933174960997], [-70.45972797429411, 18.719332321858825], [-70.4597279654892, 18.71933233621979], [-70.45972776112187, 18.719332671906578], [-70.45972775240959, 18.719332686318765], [-70.45972740579764, 18.719333263786577], [-70.45972739717833, 18.71933327824941], [-70.45972719714983, 18.719333616300354], [-70.45972718862383, 18.71933363081331], [-70.45972673648114, 18.719334406021055], [-70.45972672804875, 18.719334420583586], [-70.45972653238901, 18.71933476094809], [-70.45972652405057, 18.71933477555965], [-70.45972619241637, 18.71933536095855], [-70.45972618417217, 18.719335375618588], [-70.45972599291085, 18.71933571824508], [-70.4597259847612, 18.719335732953034], [-70.45972177380601, 18.71934338942492], [-70.45972176575124, 18.719343404180233], [-70.45972157891696, 18.71934374901738], [-70.45972157095734, 18.719343763819523], [-70.45972125450064, 18.71934435679695], [-70.4597212466365, 18.719344371645345], [-70.45972106425747, 18.719344718641093], [-70.4597210564891, 18.719344733535195], [-70.459720916584, 18.719345003849675], [-70.4597194837795, 18.7193475495339], [-70.45971841329184, 18.719349087017246], [-70.45971719438302, 18.719350526189782], [-70.45971584013346, 18.719351850971083], [-70.45971436230944, 18.719353049850888], [-70.45971277375084, 18.719354112412887], [-70.45971035787375, 18.719355426800586], [-70.45970968846163, 18.71935575256479], [-70.45970967002535, 18.719355761617553], [-70.45970924065925, 18.71935597434008], [-70.45970922229273, 18.719355983520675], [-70.45970866328936, 18.719356265421922], [-70.45970864788666, 18.71935627324713], [-70.45970828908143, 18.71935645688406], [-70.4597082737294, 18.719356464799166], [-70.45970030814689, 18.719360601799846], [-70.45970029284612, 18.71936060980455], [-70.45969993643295, 18.719360797623043], [-70.45969992118403, 18.719360805717066], [-70.4596993123094, 18.719361131239285], [-70.45969929711288, 18.719361139422297], [-70.45969894314563, 18.719361331393984], [-70.4596989280021, 18.719361339665685], [-70.45969812191906, 18.719361783100766], [-70.45969810682908, 18.719361791460855], [-70.45969775536072, 18.719361987556994], [-70.45969774032486, 18.719361996005148], [-70.45969714001762, 18.719362335667075], [-70.45969712503646, 18.719362344202978], [-70.45969677612023, 18.71936254439388], [-70.45969676119428, 18.719362553017206], [-70.45969616647373, 18.719362898993886], [-70.45969615160362, 18.719362907704312], [-70.45969580529193, 18.719363111959897], [-70.4596957904782, 18.719363120757095], [-70.45969519910045, 18.719363474353855], [-70.45969518434364, 18.719363483237494], [-70.4596948406885, 18.719363691527093], [-70.45969482598916, 18.71936370049685], [-70.45969404371247, 18.719364181084682], [-70.45969402907117, 18.7193641901402], [-70.45969368812463, 18.719364402432273], [-70.45969367354195, 18.719364411573224], [-70.45969309144945, 18.719364778892107], [-70.45969307692589, 18.719364788118142], [-70.45969273873912, 18.719365004380805], [-70.45969272427524, 18.719365013691572], [-70.45968522262072, 18.71936987470384], [-70.45968520821708, 18.719369884099], [-70.45968487284097, 18.7193701042997], [-70.4596848584981, 18.719370113778886], [-70.45968428604158, 18.71937049459855], [-70.45968427176001, 18.719370504161418], [-70.45968393924515, 18.719370728266966], [-70.45968392502543, 18.719370737913145], [-70.45968316843984, 18.719371254495808], [-70.45968315428252, 18.71937126422494], [-70.45968282467898, 18.719371492201574], [-70.45968281058457, 18.719371502013303], [-70.45968224810913, 18.719371896104185], [-70.45968223407817, 18.719371905998127], [-70.45968190743561, 18.719372137811515], [-70.45968189346863, 18.719372147787293], [-70.45968133720218, 18.719372547641026], [-70.4596813232997, 18.71937255769828], [-70.45968099966723, 18.719372793313575], [-70.45968098582978, 18.719372803451922], [-70.45968043367392, 18.71937321057686], [-70.45968041990201, 18.719373220795916], [-70.45968009932845, 18.719373460177565], [-70.45968008562262, 18.71937347047694], [-70.4596793565508, 18.719374021809962], [-70.45967934291156, 18.719374032189272], [-70.45967902544513, 18.719374275301256], [-70.45967901187296, 18.719374285760104], [-70.45967847036934, 18.71937470567384], [-70.45967845686478, 18.719374716211853], [-70.45967814255327, 18.719374963017597], [-70.45967812911684, 18.719374973634366], [-70.45967116363505, 18.719380511844296], [-70.45967115026724, 18.719380522539414], [-70.45967083915808, 18.719380773001635], [-70.4596708258594, 18.71938078377471], [-70.45967029533436, 18.7193812162241], [-70.45967028210531, 18.719381227074713], [-70.45966997424516, 18.719381481155875], [-70.4596699610862, 18.719381492083645], [-70.45966926128436, 18.719382076838926], [-70.45966924819604, 18.71938208784342], [-70.45966894363156, 18.719382345505014], [-70.45966893061436, 18.719382356585808], [-70.45966841138727, 18.71938280131059], [-70.45966839844166, 18.71938281246728], [-70.4596680972185, 18.719383073670706], [-70.45966808434497, 18.719383084902876], [-70.45966757188997, 18.71938353478272], [-70.45966755908903, 18.719383546089944], [-70.45966726125253, 18.719383810795847], [-70.45966724852464, 18.719383822177697], [-70.45966674090832, 18.71938427890994], [-70.45966672825396, 18.719384290365984], [-70.45966643384915, 18.719384558534372], [-70.45966642126882, 18.719384570064182], [-70.45966575242298, 18.719385186832948], [-70.45966573991713, 18.7193851984361], [-70.45966544898826, 18.71938547002665], [-70.45966543655736, 18.71938548170269], [-70.45966494085779, 18.719385950167048], [-70.45966492850232, 18.719385961915556], [-70.45966464109311, 18.71938623688747], [-70.45966462881353, 18.71938624870798], [-70.45965826658583, 18.71939241077976], [-70.45965825438259, 18.719392422671852], [-70.45965797053636, 18.71939270098366], [-70.45965795840992, 18.719392712946867], [-70.45965747492535, 18.71939319286148], [-70.45965746287618, 18.719393204895358], [-70.45965718263585, 18.719393486505002], [-70.45965717066441, 18.71939349860909], [-70.45965653438599, 18.71939414590533], [-70.45965652249272, 18.719394158079176], [-70.45965624590035, 18.71939444294438], [-70.45965623408568, 18.719394455187548], [-70.45965576310734, 18.719394946263378], [-70.45965575137174, 18.719394958575393], [-70.45965547846886, 18.719395246653377], [-70.45965546681278, 18.719395259033757], [-70.45965500310446, 18.71939575460709], [-70.45965499152831, 18.719395767055403], [-70.45965472235623, 18.719396058302593], [-70.45965471086048, 18.719396070818338], [-70.45965425267235, 18.719396572759273], [-70.45965424125741, 18.71939658534198], [-70.45965397585667, 18.71939687971448], [-70.45965396452294, 18.7193968923637], [-70.45965336234454, 18.719397568628345], [-70.45965335109251, 18.719397581343596], [-70.45965308950291, 18.719397878797267], [-70.45965307833298, 18.71939789157805], [-70.45965263321114, 18.719398404081623], [-70.45965262212371, 18.719398416927483], [-70.45965236438478, 18.719398717417373], [-70.4596523533803, 18.71939873032779], [-70.45964665567855, 18.71940545691737], [-70.45964664475741, 18.719405469891893], [-70.45964639090788, 18.719405773372838], [-70.4596463800705, 18.719405786410963], [-70.4596459482828, 18.719406309168747], [-70.45964593752957, 18.719406322269982], [-70.45964568760769, 18.719406628696255], [-70.45964567693905, 18.719406641860132], [-70.45964511031148, 18.719407345463797], [-70.4596450997278, 18.719407358689786], [-70.45964485377127, 18.71940766801519], [-70.45964484327295, 18.719407681302798], [-70.45964442507946, 18.719408213999998], [-70.45964441466691, 18.719408227348747], [-70.4596441727127, 18.719408539526768], [-70.45964416238633, 18.71940855293613], [-70.45964375189024, 18.719409089430552], [-70.45964374165041, 18.719409102900034], [-70.45964350373497, 18.71940941788365], [-70.45964349358205, 18.719409431412764], [-70.45964308923467, 18.719409973728485], [-70.45964307916908, 18.719409987316702], [-70.45964284532818, 18.719410305058545], [-70.45964283535028, 18.719410318705346], [-70.45964230563867, 18.719411047953024], [-70.45964229574884, 18.719411061657905], [-70.45964206601789, 18.719411382109886], [-70.4596420562165, 18.719411395872324], [-70.45964166595907, 18.719411947479546], [-70.45964165624648, 18.71941196129903], [-70.4596414306599, 18.71941228441313], [-70.45964142103648, 18.719412298289146], [-70.45963644273294, 18.719419524615642], [-70.45963643319907, 18.719419538547648], [-70.45963621179087, 18.719419864275118], [-70.4596362023469, 18.719419878262602], [-70.45963582641413, 18.719420438829516], [-70.45963581706042, 18.719420452871958], [-70.45963559986393, 18.719420781163763], [-70.45963559060083, 18.719420795260625], [-70.45963509908131, 18.719421548395335], [-70.45963508990916, 18.719421562546078], [-70.45963487695724, 18.719421893352603], [-70.45963486787637, 18.719421907556704], [-70.45963450649496, 18.719422476745372], [-70.45963449750572, 18.719422491002312], [-70.45963428883015, 18.71942282427417], [-70.4596342799329, 18.719422838583387], [-70.45963392660248, 18.71942341083207], [-70.45963391779755, 18.719423425193032], [-70.45963371342998, 18.719423760879675], [-70.45963370471769, 18.71942377529185], [-70.45963335810522, 18.71942435275952], [-70.45963334948591, 18.719424367222363], [-70.45963314945713, 18.71942470527321], [-70.45963314093112, 18.719424719786158], [-70.45963268878778, 18.71942549499371], [-70.45963268035538, 18.719425509556242], [-70.45963248469535, 18.719425849920665], [-70.45963247635689, 18.71942586453222], [-70.4596321447222, 18.719426449930978], [-70.45963213647799, 18.719426464591017], [-70.45963194521637, 18.71942680721744], [-70.45963193706673, 18.71942682192538], [-70.4596277261052, 18.7194344783955], [-70.45962771805041, 18.71943449315081], [-70.45962753121586, 18.719434837987865], [-70.45962752325624, 18.71943485279001], [-70.459627206799, 18.719435445767356], [-70.45962719893485, 18.719435460615756], [-70.45962701655557, 18.71943580761139], [-70.4596270087872, 18.71943582250548], [-70.45962686888184, 18.719436092819947], [-70.45962543607524, 18.719438638503515], [-70.45962436558615, 18.719440175986453], [-70.45962314667591, 18.71944161515845], [-70.4596217924249, 18.719442939939146], [-70.4596203145994, 18.719444138818314], [-70.45961872603937, 18.719445201379607], [-70.45961631016023, 18.719446515766204], [-70.45961564074764, 18.71944684153006], [-70.45961562231132, 18.719446850582827], [-70.45961519294485, 18.71944706330517], [-70.4596151745783, 18.71944707248576], [-70.45961461557435, 18.71944735438681], [-70.45961460017165, 18.719447362212], [-70.45961424136615, 18.719447545848766], [-70.45961422601411, 18.719447553763864], [-70.45960626042483, 18.71945169076098], [-70.45960624512405, 18.71945169876568], [-70.45960588871063, 18.719451886584004], [-70.45960587346168, 18.719451894678006], [-70.45960526458676, 18.71945222019984], [-70.45960524939022, 18.719452228382853], [-70.45960489542256, 18.719452420354433], [-70.45960488027902, 18.719452428626134], [-70.45960407419506, 18.719452872060977], [-70.45960405910506, 18.71945288042105], [-70.4596037076365, 18.71945307651698], [-70.45960369260061, 18.719453084965135], [-70.459603092293, 18.71945342462672], [-70.45960307731181, 18.719453433162613], [-70.45960272839523, 18.71945363335339], [-70.45960271346928, 18.71945364197671], [-70.45960211874814, 18.719453987953145], [-70.45960210387803, 18.71945399666357], [-70.45960175756596, 18.719454200919046], [-70.45960174275221, 18.719454209716236], [-70.45960115137396, 18.719454563312723], [-70.45960113661714, 18.719454572196362], [-70.45960079296182, 18.719454780485734], [-70.45960077826248, 18.71945478945547], [-70.45959999598504, 18.719455270042978], [-70.45959998134376, 18.71945527909849], [-70.45959964039687, 18.71945549139042], [-70.45959962581415, 18.719455500531367], [-70.45959904372128, 18.719455867849906], [-70.4595990291977, 18.719455877075934], [-70.45959869101064, 18.719456093338447], [-70.45959867654675, 18.71945610264921], [-70.45959117488532, 18.71946096365819], [-70.45959116048166, 18.71946097305335], [-70.45959082510527, 18.719461193253892], [-70.45959081076238, 18.71946120273306], [-70.45959023830535, 18.71946158355246], [-70.45959022402378, 18.71946159311532], [-70.45958989150863, 18.719461817220704], [-70.4595898772889, 18.71946182686688], [-70.45958912070257, 18.719462343449223], [-70.45958910654522, 18.71946235317835], [-70.45958877694137, 18.719462581154858], [-70.45958876284695, 18.71946259096657], [-70.45958820037103, 18.71946298505717], [-70.45958818634007, 18.7194629949511], [-70.45958785969714, 18.719463226764386], [-70.45958784573014, 18.71946323674017], [-70.459587289463, 18.71946363659378], [-70.45958727556051, 18.719463646651022], [-70.45958695192778, 18.719463882266147], [-70.45958693809031, 18.719463892404477], [-70.45958638593413, 18.71946429952903], [-70.4595863721622, 18.71946430974808], [-70.45958605158829, 18.719464549129626], [-70.45958603788245, 18.719464559428992], [-70.45958592323, 18.719464646130444], [-70.45936902654041, 18.719197761666045], [-70.45937122454295, 18.719195412626746], [-70.45937197733035, 18.71919456722547], [-70.45937768587065, 18.719187827854068], [-70.45937809388563, 18.719187358075466], [-70.45939145577, 18.71917235230267], [-70.45939187576144, 18.719171892206706], [-70.4593919909803, 18.719171769070478], [-70.4593924226957, 18.719171318933842], [-70.45940654123338, 18.71915695594376], [-70.4594069844125, 18.7191565160377], [-70.45941297939217, 18.71915070966964], [-70.45941343376809, 18.71915028025916], [-70.45942827494427, 18.71913659465397], [-70.4594287402433, 18.71913617599768], [-70.45942886757418, 18.719136064215157], [-70.45942934351582, 18.719135656565516], [-70.45944487157848, 18.719122681314545], [-70.45944535787618, 18.719122284916878], [-70.45945233660022, 18.719116736185043], [-70.45945321142636, 18.719116005180048], [-70.45945868647911, 18.719111198683056], [-70.4594603180223, 18.719109618469595], [-70.45946527226826, 18.71910432378238], [-70.4594660250548, 18.719103478380774], [-70.45947173358832, 18.719096739006936], [-70.45947214160276, 18.71909626922823], [-70.4594855034722, 18.719081263449183], [-70.45948592346326, 18.719080803352934], [-70.45948603868187, 18.719080680216777], [-70.45948647039677, 18.71908023007998], [-70.45950058891871, 18.719065867084016], [-70.45950103209726, 18.71906542717786], [-70.45950702707053, 18.71905962080714], [-70.459507481446, 18.71905919139645], [-70.4595223226069, 18.719045505784504], [-70.45952278790537, 18.719045087128066], [-70.45952291523598, 18.71904497534561], [-70.4595233911775, 18.719044567695455], [-70.45953891922402, 18.719031592438128], [-70.45953940552154, 18.719031196039996], [-70.45954596892379, 18.719025977519426], [-70.45954646528425, 18.719025592612258], [-70.45954749464948, 18.719024814193478], [-70.45954852428322, 18.719023989135366], [-70.45955495144948, 18.71901853492602], [-70.45955685523055, 18.71901672466933], [-70.45956259264352, 18.719010611891825], [-70.45956346065972, 18.71900963252323], [-70.45956619481254, 18.71900636379881], [-70.45956661447913, 18.71900587495936], [-70.45957230661347, 18.718999413936544], [-70.45957273918462, 18.718998935418735], [-70.45958690414825, 18.71898366281864], [-70.45958734934436, 18.718983194931727], [-70.45958747139434, 18.718983069892314], [-70.459587928928, 18.718982612938454], [-70.45960056023738, 18.718970314469775], [-70.45980198699102, 18.719265549442973]]]}}, {"type": "Feature", "properties": {"kind": "lot", "id": "H-18", "cluster": "rim", "area_m2": 1734, "price_usd_m2": 60, "price_usd": 104040, "tier": "base", "slope_pct": 3.7, "elev_m": 702.4}, "geometry": {"type": "Polygon", "coordinates": [[[-70.45958592323, 18.719464646130444], [-70.45958530880982, 18.719465110761767], [-70.45958529517056, 18.719465121141074], [-70.45958497770383, 18.719465364252923], [-70.45958496413165, 18.719465374711774], [-70.45958442262754, 18.71946579462522], [-70.45958440912298, 18.719465805163228], [-70.45958409481126, 18.719466051968762], [-70.4595840813748, 18.71946606258553], [-70.45957711588623, 18.719471600792325], [-70.45957710251841, 18.719471611487442], [-70.45957679140895, 18.719471861949526], [-70.45957677811023, 18.719471872722593], [-70.45957624758454, 18.719472305171855], [-70.45957623435547, 18.719472316022472], [-70.45957592649508, 18.719472570103456], [-70.45957591333611, 18.719472581031205], [-70.45957521353371, 18.719473165786063], [-70.45957520044537, 18.719473176790547], [-70.45957489588052, 18.71947343445206], [-70.45957488286331, 18.719473445532845], [-70.4595743636356, 18.71947389025749], [-70.45957435068998, 18.719473901414172], [-70.45957404946651, 18.719474162617445], [-70.45957403659297, 18.719474173849612], [-70.45957352413753, 18.71947462372917], [-70.45957351133656, 18.719474635036388], [-70.45957321349975, 18.71947489974217], [-70.45957320077186, 18.719474911124014], [-70.45957269315491, 18.719475367856106], [-70.45957268050056, 18.719475379312147], [-70.45957238609545, 18.719475647480397], [-70.45957237351509, 18.719475659010214], [-70.45957170466868, 18.71947627577857], [-70.4595716921628, 18.719476287381706], [-70.45957140123366, 18.71947655897211], [-70.45957138880274, 18.71947657064815], [-70.4595708931025, 18.71947703911244], [-70.459570880747, 18.719477050860945], [-70.45957059333746, 18.719477325832752], [-70.45957058105786, 18.71947733765326], [-70.45956421882336, 18.719483499722255], [-70.4595642066201, 18.71948351161433], [-70.45956392277364, 18.71948378992595], [-70.4595639106472, 18.719483801889155], [-70.4595634271623, 18.719484281803354], [-70.45956341511312, 18.71948429383723], [-70.45956313487241, 18.719484575446817], [-70.45956312290096, 18.719484587550905], [-70.45956248662169, 18.71948523484701], [-70.45956247472841, 18.719485247020852], [-70.45956219813569, 18.71948553188598], [-70.45956218632102, 18.719485544129142], [-70.4595617153422, 18.71948603520471], [-70.4595617036066, 18.719486047516718], [-70.45956143070353, 18.719486335594464], [-70.45956141904743, 18.719486347974833], [-70.45956095533855, 18.719486843548022], [-70.4595609437624, 18.719486855996312], [-70.45956067459005, 18.719487147243342], [-70.45956066309428, 18.719487159759083], [-70.4595602049057, 18.719487661699716], [-70.45956019349076, 18.719487674282433], [-70.45955992808956, 18.71948796865496], [-70.45955991675585, 18.719487981304184], [-70.4595593145767, 18.719488657568615], [-70.45955930332464, 18.71948867028386], [-70.4595590417348, 18.71948896773734], [-70.45955903056488, 18.71948898051811], [-70.45955858544248, 18.719489493021545], [-70.45955857435504, 18.71948950586739], [-70.45955831661576, 18.719489806357227], [-70.45955830561125, 18.719489819267647], [-70.45955260790284, 18.71949654585472], [-70.45955259698167, 18.719496558829242], [-70.4595523431318, 18.719496862310102], [-70.45955233229441, 18.719496875348238], [-70.45955190050616, 18.719497398105876], [-70.45955188975292, 18.719497411207115], [-70.45955163983079, 18.71949771763322], [-70.45955162916214, 18.719497730797077], [-70.45955106253395, 18.719498434400442], [-70.45955105195026, 18.719498447626414], [-70.45955080599344, 18.719498756951687], [-70.45955079549512, 18.7194987702393], [-70.45955037730103, 18.71949930293641], [-70.45955036688848, 18.71949931628515], [-70.45955012493387, 18.719499628463186], [-70.45955011460747, 18.719499641872563], [-70.45954970411083, 18.719500178366875], [-70.45954969387098, 18.719500191836353], [-70.45954945595527, 18.719500506819827], [-70.45954944580235, 18.719500520348923], [-70.45954904145462, 18.719501062664285], [-70.459549031389, 18.71950107625249], [-70.45954879754785, 18.71950139399418], [-70.45954878756993, 18.719501407640976], [-70.45954825785763, 18.71950213688844], [-70.45954824796777, 18.71950215059332], [-70.45954801823652, 18.71950247104523], [-70.45954800843512, 18.719502484807656], [-70.45954761817708, 18.719503036414853], [-70.45954760846449, 18.719503050234334], [-70.45954738287762, 18.719503373348335], [-70.45954737325418, 18.719503387224353], [-70.45954239494405, 18.719510613548756], [-70.45954238541017, 18.71951062748077], [-70.45954216400168, 18.719510953208143], [-70.4595421545577, 18.71951096719562], [-70.45954177862455, 18.71951152776219], [-70.45954176927083, 18.71951154180461], [-70.45954155207409, 18.719511870096277], [-70.45954154281097, 18.719511884193135], [-70.45954105129071, 18.71951263732776], [-70.45954104211853, 18.719512651478507], [-70.45954082916623, 18.7195129822851], [-70.45954082008535, 18.719512996489204], [-70.45954045870343, 18.719513565677698], [-70.45954044971421, 18.719513579934628], [-70.45954024103845, 18.719513913206207], [-70.4595402321412, 18.719513927515415], [-70.45953987881028, 18.71951449976396], [-70.45953987000533, 18.71951451412491], [-70.45953966563742, 18.71951484981153], [-70.45953965692513, 18.719514864223715], [-70.45953931031217, 18.719515441691232], [-70.45953930169284, 18.719515456154067], [-70.45953910166378, 18.719515794204842], [-70.45953909313775, 18.71951580871779], [-70.45953864099374, 18.71951658392516], [-70.45953863256133, 18.719516598487694], [-70.45953843690107, 18.719516938851953], [-70.4595384285626, 18.719516953463504], [-70.45953809692743, 18.719517538862096], [-70.4595380886832, 18.719517553522127], [-70.45953789742124, 18.719517896148563], [-70.45953788927159, 18.719517910856517], [-70.45953367830361, 18.719525567325054], [-70.45953367024885, 18.719525582080365], [-70.459533483414, 18.71952592691729], [-70.45953347545438, 18.71952594171942], [-70.45953315899682, 18.71952653469635], [-70.45953315113266, 18.719526549544746], [-70.45953296875305, 18.71952689654038], [-70.45953296098466, 18.719526911434468], [-70.45953254930599, 18.71952770684726], [-70.45953254163366, 18.71952772178648], [-70.45953240626264, 18.719527987436383], [-70.45953088440503, 18.719530648141415], [-70.45952962734744, 18.71953237947083], [-70.45952818473138, 18.71953397405615], [-70.45952657281799, 18.719535413923214], [-70.45952480977681, 18.71953668284179], [-70.4595220937524, 18.719538236593497], [-70.45951564648958, 18.719541494325252], [-70.45951563160595, 18.719541501899762], [-70.45951528487457, 18.71954167961796], [-70.45951527003837, 18.719541687276443], [-70.45951467757986, 18.719541995273907], [-70.45951466279159, 18.719542003016095], [-70.45951431829721, 18.71954218464085], [-70.45951430355738, 18.719542192466488], [-70.45951351887086, 18.719542611981495], [-70.45951350418001, 18.719542619890294], [-70.459513161971, 18.719542805396078], [-70.45951314732966, 18.719542813387765], [-70.45951256270654, 18.719543134690518], [-70.45951254811517, 18.719543142764817], [-70.45951220823974, 18.719543332125514], [-70.45951219369891, 18.719543340282133], [-70.45951161417908, 18.71954366757044], [-70.45951159968928, 18.719543675809103], [-70.45951126219535, 18.719543868998006], [-70.45951124775709, 18.719543877318397], [-70.45951067129816, 18.719544211745717], [-70.45951065691195, 18.719544220147576], [-70.45951032184686, 18.719544417137577], [-70.45951030751323, 18.719544425620576], [-70.45950954459427, 18.719544880127753], [-70.45950953031367, 18.719544888691615], [-70.4595091977247, 18.71954508945493], [-70.45950918349766, 18.719545098099353], [-70.45950861552734, 18.719545445463055], [-70.45950860135436, 18.719545454187724], [-70.45950827128821, 18.719545658696173], [-70.4595082571698, 18.71954566750079], [-70.4595009334697, 18.719550264374547], [-70.45950091940634, 18.71955027325881], [-70.4595005919095, 18.719550481483545], [-70.4595005779017, 18.719550490447123], [-70.45950001873996, 18.719550850551464], [-70.45950000478821, 18.719550859594047], [-70.45949967990674, 18.71955107150582], [-70.45949966601151, 18.719551080627102], [-70.45949892657714, 18.719551569103466], [-70.45949891273895, 18.71955157830312], [-70.45949859051862, 18.719551793872068], [-70.45949857673794, 18.719551803149763], [-70.45949802669948, 18.719552175792106], [-70.45949801297678, 18.719552185147514], [-70.45949769346295, 18.719552404343297], [-70.45949767979874, 18.7195524137761], [-70.45949713543595, 18.71955279191625], [-70.4594971218307, 18.719552801426108], [-70.4594968050682, 18.719553024217973], [-70.4594967915224, 18.71955303380456], [-70.45949625091663, 18.719553418775284], [-70.45949623743073, 18.71955342843825], [-70.45949592346433, 18.719553654794705], [-70.45949591003883, 18.719553664533723], [-70.45949519575393, 18.719554185879517], [-70.45949518238929, 18.71955419569423], [-70.45949487126308, 18.71955442558349], [-70.45949485795975, 18.719554435473565], [-70.45949432709119, 18.719554832555836], [-70.45949431384967, 18.719554842520928], [-70.45949400560734, 18.71955507591071], [-70.45949399242808, 18.719555085950457], [-70.45948715884776, 18.719560323393566], [-70.45948714573123, 18.719560333507623], [-70.45948684041623, 18.719560570365], [-70.4594868273629, 18.71956058055301], [-70.45948630653021, 18.71956098952337], [-70.45948629354054, 18.71956099978496], [-70.459485991196, 18.719561240076487], [-70.45948597827042, 18.719561250411324], [-70.45948529074296, 18.71956180345289], [-70.45948527788194, 18.71956181386059], [-70.45948497855005, 18.71956205755275], [-70.45948496575406, 18.719562068032946], [-70.45948445525043, 18.719562488661243], [-70.4594844425199, 18.719562499213566], [-70.45948414624316, 18.719562746271762], [-70.45948413357853, 18.719562756895854], [-70.45948362927174, 18.71956318248478], [-70.45948361667348, 18.71956319318027], [-70.45948332349333, 18.719563443569946], [-70.45948331096186, 18.719563454336427], [-70.45948281107461, 18.719563886385913], [-70.45948279861038, 18.719563897223036], [-70.45948250856817, 18.719564150908866], [-70.45948249617165, 18.719564161816244], [-70.45948183694935, 18.71956474530862], [-70.45948182462094, 18.71956475628586], [-70.45948153775745, 18.71956501323218], [-70.45948152549757, 18.719565024278918], [-70.45948103650808, 18.719565467506385], [-70.45948102431717, 18.71956547862221], [-70.45948074067282, 18.71956573879283], [-70.45948072855133, 18.71956574997735], [-70.45947444659123, 18.7195715808543], [-70.45947443453959, 18.71957159210713], [-70.45947415415418, 18.71957185546549], [-70.4594741421728, 18.719571866786232], [-70.45947366435627, 18.719572320942216], [-70.45947365244557, 18.719572332330465], [-70.45947337535878, 18.71957259883934], [-70.4594733635192, 18.719572610294694], [-70.45947273408616, 18.719573222924268], [-70.4594727223181, 18.719573234446344], [-70.4594724485687, 18.71957350406842], [-70.45947243687256, 18.719573515656815], [-70.45947197049807, 18.71957398048557], [-70.45947195887426, 18.719573992139853], [-70.45947168850087, 18.719574264837146], [-70.45947167694982, 18.719574276556912], [-70.4594712172377, 18.71957474576441], [-70.45947120575983, 18.719574757549246], [-70.4594709388005, 18.71957503328334], [-70.45947092739615, 18.71957504513286], [-70.45947047272608, 18.71957552037291], [-70.45947046139572, 18.719575532286655], [-70.45947019788802, 18.71957581101874], [-70.45947018663202, 18.71957582299632], [-70.45946958840527, 18.71957646338394], [-70.45946957722401, 18.719576475424923], [-70.45946931720499, 18.71957675711584], [-70.45946930609891, 18.719576769219785], [-70.4594688633892, 18.71957725460361], [-70.45946885235865, 18.719577266770113], [-70.45946859586495, 18.71957755138014], [-70.45946858491031, 18.71957756360878], [-70.45946291110609, 18.71958393544363], [-70.45946290022778, 18.719583947733963], [-70.45946264729545, 18.719584235223074], [-70.45946263649384, 18.719584247574673], [-70.45946220599379, 18.7195847428289], [-70.45946219526925, 18.71958475524133], [-70.45946194593395, 18.719585045569037], [-70.45946193528687, 18.71958505804184], [-70.45946136961297, 18.719585724745983], [-70.45946135904373, 18.71958573727875], [-70.45946111334041, 18.719586030404333], [-70.45946110284937, 18.71958604299661], [-70.45946068480136, 18.719586547842432], [-70.45946067438888, 18.719586560493788], [-70.4594604323522, 18.71958685637591], [-70.4594604220187, 18.719586869085877], [-70.45946001103847, 18.719587377689283], [-70.45946000078425, 18.719587390457427], [-70.45945976244825, 18.719587689054478], [-70.45945975227367, 18.71958770188036], [-70.45945934691265, 18.719588216034083], [-70.4594593368181, 18.71958822891723], [-70.45945910221641, 18.71958853018707], [-70.45945909220225, 18.71958854312705], [-70.45945856035479, 18.7195892346467], [-70.45945855042136, 18.719589247643036], [-70.45945831958696, 18.71958955154333], [-70.45945830973459, 18.719589564595584], [-70.45945791728923, 18.719590087767102], [-70.45945790751828, 18.719590100874804], [-70.45945768048354, 18.719590407362933], [-70.45945767079436, 18.719590420525645], [-70.4594526562082, 18.71959727597432], [-70.45945264660114, 18.719597289191555], [-70.45945242339808, 18.719597598224237], [-70.45945241387346, 18.719597611495516], [-70.45945203456428, 18.71959814339087], [-70.45945202512243, 18.71959815671575], [-70.45945180578255, 18.719598468249437], [-70.45945179642382, 18.719598481627447], [-70.45945129959995, 18.719599196406005], [-70.45945129032465, 18.719599209836687], [-70.45945107487863, 18.71959952382778], [-70.45945106568712, 18.719599537310625], [-70.45945069972775, 18.719600077630254], [-70.45945069062033, 18.71960009116481], [-70.4594504790987, 18.719600407568805], [-70.4594504700757, 18.7196004211546], [-70.45945011152615, 18.719600964576532], [-70.45945010258788, 18.71960097821307], [-70.45944989502026, 18.719601296985708], [-70.45944988616701, 18.719601310672537], [-70.45944953376333, 18.71960185911247], [-70.45944952499546, 18.719601872849076], [-70.45944932141113, 18.719602193945363], [-70.45944931272892, 18.719602207731274], [-70.45944885204726, 18.71960294415944], [-70.45944884345101, 18.719602957994194], [-70.45944864387856, 18.71960328136901], [-70.4594486353686, 18.719603295252092], [-70.45944829671909, 18.719603851503496], [-70.45944828829569, 18.71960386543442], [-70.45944809276321, 18.719604191042272], [-70.45944808442668, 18.719604205020584], [-70.4594437741887, 18.719611482385904], [-70.45944376593934, 18.719611496411073], [-70.4594435744744, 18.71961182420603], [-70.45944356631249, 18.719611838277576], [-70.45944324160774, 18.719612402027252], [-70.45944323353356, 18.71961241614469], [-70.45944304616305, 18.719612746080774], [-70.45944303817689, 18.719612760243574], [-70.45944261467437, 18.719613516663685], [-70.45944260677653, 18.71961353087137], [-70.45944242352688, 18.71961386290194], [-70.45944241571762, 18.719613877154018], [-70.45944210514048, 18.719614448084666], [-70.45944209742007, 18.71961446238063], [-70.459441918317, 18.719614796459165], [-70.45944191068573, 18.719614810798507], [-70.45944160779354, 18.719615384148575], [-70.45944160025165, 18.719615398530802], [-70.45944142532038, 18.719615734610283], [-70.45944141786815, 18.719615749034865], [-70.45944112159344, 18.719616326825047], [-70.45944111423114, 18.71961634129149], [-70.45944094349635, 18.719616679324446], [-70.45944093622424, 18.71961669383225], [-70.4594405508542, 18.71961746854164], [-70.45944054367253, 18.719617483090293], [-70.45944037715816, 18.719617823029324], [-70.45944037006717, 18.719617837618312], [-70.4594400882615, 18.719618421943107], [-70.45944008126146, 18.719618436571906], [-70.45943991899101, 18.719618778369064], [-70.45943991208216, 18.71961879303716], [-70.45943634498316, 18.719626426825418], [-70.45943633816573, 18.719626441532302], [-70.45943618016199, 18.719626785139535], [-70.45943617343623, 18.719626799884693], [-70.45943590625829, 18.71962739041504], [-70.45943589962445, 18.719627405197944], [-70.45943574590967, 18.719627750566907], [-70.45943573936798, 18.719627765387063], [-70.45943539299807, 18.71962855664142], [-70.45943538654873, 18.719628571498276], [-70.4594352371445, 18.71962891858047], [-70.45943523078776, 18.71962893347351], [-70.459434978388, 18.719629529876926], [-70.45943497212407, 18.719629544805628], [-70.45943482705151, 18.719629893552007], [-70.45943482088065, 18.719629908515838], [-70.45943457637186, 18.719630506634], [-70.45943457029423, 18.719630521632443], [-70.45943442957372, 18.71963087199401], [-70.45943442358956, 18.719630887026554], [-70.45943418611006, 18.719631488967266], [-70.4594341802196, 18.719631504033373], [-70.45943404387089, 18.719631855960884], [-70.45943403807432, 18.719631871059992], [-70.45943373148424, 18.71963267707833], [-70.45943372578175, 18.71963269220995], [-70.45943359382412, 18.719633045653733], [-70.45943358821593, 18.719633060817294], [-70.45943336579032, 18.719633667956632], [-70.45943336027663, 18.719633683151624], [-70.45943323272853, 18.719634038062157], [-70.45943322730953, 18.71963405328806], [-70.4594304354524, 18.7196419747977], [-70.45943043012828, 18.719641990053958], [-70.45943030700772, 18.719642346381168], [-70.45943030177867, 18.71964236166724], [-70.45943009453198, 18.719642973663813], [-70.45943008939817, 18.719642988979174], [-70.4594299707225, 18.71964334667287], [-70.45942996568412, 18.71964336201698], [-70.45942969956421, 18.719644180984247], [-70.45942969462142, 18.719644196356548], [-70.4594295804073, 18.71964455536656], [-70.4594295755603, 18.719644570766544], [-70.45942938360935, 18.71964518727558], [-70.45942937885829, 18.719645202702683], [-70.45942926912183, 18.71964556297829], [-70.4594292644669, 18.719645578431948], [-70.45942908054208, 18.71964619593513], [-70.45942907598342, 18.71964621141484], [-70.45942897074003, 18.71964657290551], [-70.45942896627781, 18.719646588410715], [-70.45942878973072, 18.71964720908491], [-70.45942878536512, 18.719647224615052], [-70.45942868462966, 18.719647587269677], [-70.4594286803608, 18.719647602824217], [-70.45942845531, 18.719648432897316], [-70.45942845113804, 18.71964844847572], [-70.45942835492461, 18.71964881224363], [-70.4594283508497, 18.719648827845333], [-70.45942818980579, 18.719649452335428], [-70.45942818582807, 18.71964946795987], [-70.4594280941503, 18.71964983278956], [-70.4594280902699, 18.719649848436223], [-70.45942609878071, 18.719657986376276], [-70.4594260949978, 18.71965800204461], [-70.45942600786853, 18.719658367884787], [-70.45942600418321, 18.719658383574195], [-70.45942585873308, 18.71965901152885], [-70.45942585514551, 18.719659027238823], [-70.45942577257696, 18.71965939403826], [-70.45942576908725, 18.719659409768244], [-70.45942558561222, 18.71966024907832], [-70.45942558222048, 18.719660264827734], [-70.45942550422436, 18.719660632534545], [-70.45942550093072, 18.719660648302845], [-70.45942537115623, 18.719661279368715], [-70.4594253679608, 18.719661295155362], [-70.45942529454804, 18.7196616637179], [-70.45942529145094, 18.71966167952234], [-70.4594251697653, 18.719662310853312], [-70.45942516676664, 18.71966232667497], [-70.45942509794762, 18.71966269604119], [-70.45942509504751, 18.719662711879497], [-70.45942498102173, 18.719663345701186], [-70.45942497822026, 18.719663361555632], [-70.45942491400457, 18.719663731673954], [-70.45942491130184, 18.71966374754395], [-70.45942476981566, 18.719664594201664], [-70.45942476721177, 18.71966461008665], [-70.45942470760852, 18.7196649809047], [-70.45942470510354, 18.71966499680412], [-70.4594246068907, 18.71966563302483], [-70.45942460448477, 18.719665648938125], [-70.45942454950233, 18.719666020403714], [-70.45942454719548, 18.719666036330338], [-70.45942337399728, 18.719674317461696], [-70.45942337178961, 18.719674333401063], [-70.45942332143574, 18.719674705461966], [-70.45942331932734, 18.71967472141353], [-70.45942323698269, 18.719675359675144], [-70.45942323497363, 18.71967537563835], [-70.45942318925536, 18.71967574824233], [-70.4594231873457, 18.719675764216607], [-70.45942308816687, 18.71967661631587], [-70.4594230863567, 18.71967663230066], [-70.45942304528052, 18.719677005395067], [-70.45942304356987, 18.719677021389792], [-70.45942297713972, 18.71967766133337], [-70.45942297552868, 18.719677677337486], [-70.45942293910035, 18.719678050869945], [-70.45942293758895, 18.719678066882892], [-70.45942287923765, 18.71967870635983], [-70.45942287782597, 18.71967872238104], [-70.4594228460506, 18.719679096298982], [-70.45942284473868, 18.71967911232788], [-70.45942279426048, 18.719679753592942], [-70.45942279304836, 18.719679769628982], [-70.45942276593043, 18.719680143879735], [-70.45942276481816, 18.71968015992233], [-70.45942270816997, 18.71968101554482], [-70.45942270715759, 18.719681031593414], [-70.45942268470091, 18.71968140612435], [-70.45942268378845, 18.719681422178404], [-70.4594226492906, 18.719682064403763], [-70.45942264847808, 18.71968208046269], [-70.45942263068585, 18.719682455221065], [-70.45942262997332, 18.719682471284294], [-70.4594222657442, 18.71969130314424], [-70.45942226542543, 18.71969131117728], [-70.45942225827928, 18.719691498625195], [-70.45942225798552, 18.71969150665912], [-70.45942224673534, 18.719691828027642], [-70.45942224646659, 18.719691836062356], [-70.45942224048743, 18.719692023547545], [-70.45942224024368, 18.719692031582994], [-70.45942222791143, 18.71969246013928], [-70.4594222276927, 18.71969246817538], [-70.45942222288075, 18.719692655690938], [-70.45942222268702, 18.719692663727592], [-70.45942221543864, 18.71969298520021], [-70.45942221526994, 18.719692993237388], [-70.45942221162535, 18.719693180777025], [-70.45942221148165, 18.719693188814677], [-70.45942220623697, 18.71969351017639], [-70.45942220611829, 18.719693518214395], [-70.45942220364121, 18.71969370577116], [-70.45942220354756, 18.719693713809452], [-70.45942220030196, 18.71969403534131], [-70.45942220023332, 18.719694043379846], [-70.45942219892383, 18.719694230947336], [-70.4594221988802, 18.719694238985998], [-70.45942219722158, 18.71969466770082], [-70.45942219720298, 18.719694675739593], [-70.45942219706113, 18.71969486331134], [-70.45942219706757, 18.719694871350153], [-70.4594221978252, 18.71969519289638], [-70.45942219785665, 18.71969520093512], [-70.45942219888244, 18.71969538850414], [-70.45942219893891, 18.71969539654275], [-70.45942233081225, 18.71971076373145], [-70.45942220705231, 18.719713593534507], [-70.4594219150507, 18.71971554953681], [-70.45942161088982, 18.719716729], [-70.45918926905506, 18.719657422708114], [-70.45904718465017, 18.719621154863106], [-70.45904747704836, 18.71962066118336], [-70.45904778746852, 18.719620151302966], [-70.45905800963025, 18.71960381062766], [-70.45905833265776, 18.71960330790786], [-70.45905842178371, 18.719603172828176], [-70.45905875723692, 18.719602677551695], [-70.45906978135788, 18.719586817266485], [-70.45907012904787, 18.719586329712143], [-70.45907485420025, 18.719579869978027], [-70.45907521393157, 18.719579390419973], [-70.45907640494121, 18.719577841850175], [-70.45907715099875, 18.719576813271626], [-70.45908173097223, 18.719570109545497], [-70.4590830383679, 18.719567942383602], [-70.45908681290834, 18.719560797521574], [-70.45908786098646, 18.719558505985702], [-70.45909078387005, 18.719551007485595], [-70.45909120652546, 18.719549823796818], [-70.45909592363193, 18.71953530728847], [-70.45909611360288, 18.719534746310206], [-70.45909874432398, 18.719527282044492], [-70.45909894820865, 18.719526725518154], [-70.45910575120264, 18.71950884069635], [-70.45910596888626, 18.71950828893513], [-70.45910602966462, 18.719508140259663], [-70.45910626102467, 18.71950759357423], [-70.45911394669697, 18.719490036349036], [-70.45911419160302, 18.719489495047476], [-70.45911755281614, 18.71948230189655], [-70.45911781113057, 18.719481766283092], [-70.45912636217801, 18.71946457617974], [-70.45912663375542, 18.719464046555853], [-70.45912670904616, 18.71946390403717], [-70.45912699373368, 18.719463380701004], [-70.45913639090656, 18.719446596417715], [-70.45913668854377, 18.71944607966414], [-70.45914074999834, 18.719439222364304], [-70.45914106041793, 18.719438712483793], [-70.45915128256071, 18.719422371804438], [-70.4591516055876, 18.719421869084535], [-70.45915169471343, 18.719421734004758], [-70.45915203016598, 18.71942123872821], [-70.45916305426731, 18.719405378438672], [-70.45916340195679, 18.719404890884043], [-70.45916812710088, 18.719398431148083], [-70.45916848683159, 18.719397951589862], [-70.45918028807338, 18.719382607393985], [-70.45918065964267, 18.71938213610223], [-70.45918076180116, 18.719382009677553], [-70.45918114500006, 18.719381546917433], [-70.45919369681526, 18.719366753359147], [-70.45919409142778, 18.7193662993914], [-70.45919943773634, 18.71936029535466], [-70.4591998435408, 18.71935985043436], [-70.45921311767285, 18.719345640815117], [-70.45921353444038, 18.719345205193104], [-70.45921364871228, 18.719345088561123], [-70.45921407620892, 18.719344662482076], [-70.45922804277548, 18.719331068791234], [-70.45922848076023, 18.719330652495266], [-70.45923440011767, 18.71932515819226], [-70.45923484834385, 18.719324751913874], [-70.45924947590356, 18.719311804751957], [-70.45924993411882, 18.719311408719857], [-70.45925005947558, 18.71931130293033], [-70.45925052742217, 18.719310917367338], [-70.45926237097353, 18.719301390522034], [-70.45926332279657, 18.719300582126102], [-70.45926926408795, 18.71929525609746], [-70.45927102413897, 18.71929349900561], [-70.45927633088117, 18.719287595911947], [-70.45927713401758, 18.71928665229903], [-70.45927787343756, 18.719285734135596], [-70.45927826923031, 18.719285254958002], [-70.45928363805237, 18.719278916659903], [-70.45928404606765, 18.719278446881688], [-70.45929740796792, 18.719263441114112], [-70.4592978279598, 18.719262981018353], [-70.45929794317873, 18.71926285788226], [-70.45929837489471, 18.71926240774569], [-70.45931249344733, 18.71924804476233], [-70.45931293662707, 18.719247604856342], [-70.45931893161298, 18.71924179849107], [-70.4593193859896, 18.71924136908059], [-70.45933422718126, 18.719227683481968], [-70.45933469248082, 18.719227264825836], [-70.45933481981186, 18.719227153043345], [-70.45933529575409, 18.719226745393822], [-70.45935082383193, 18.719213770150052], [-70.45935131013022, 18.719213373752503], [-70.45935828886113, 18.719207825023744], [-70.45935916368813, 18.71920709401914], [-70.4593646387465, 18.71920228752456], [-70.45936627029143, 18.719200707311806], [-70.45936902654041, 18.719197761666045], [-70.45958592323, 18.719464646130444]]]}}, {"type": "Feature", "properties": {"kind": "lot", "id": "H-19", "cluster": "rim", "area_m2": 1815, "price_usd_m2": 60, "price_usd": 108900, "tier": "base", "slope_pct": 4.9, "elev_m": 703.1}, "geometry": {"type": "Polygon", "coordinates": [[[-70.45918926905506, 18.719657422708114], [-70.45942161088982, 18.719716729], [-70.45942142027538, 18.719717468157324], [-70.45942072763522, 18.719719330360576], [-70.45941984400214, 18.719721117671018], [-70.45941877814303, 18.71972281235601], [-70.45941754063267, 18.719724397601908], [-70.45941614374891, 18.71972585768087], [-70.45941460135074, 18.719727178106883], [-70.4594122035749, 18.71972885202816], [-70.4594076608655, 18.71973170334893], [-70.45940764680213, 18.719731712233173], [-70.45940731930484, 18.71973192045777], [-70.45940730529703, 18.719731929421343], [-70.45940674613456, 18.71973228952542], [-70.45940673218279, 18.71973229856799], [-70.45940640730088, 18.719732510479623], [-70.45940639340563, 18.719732519600896], [-70.4594056539704, 18.719733008076837], [-70.45940564013219, 18.71973301727648], [-70.45940531791148, 18.719733232845247], [-70.45940530413077, 18.719733242122935], [-70.45940475409134, 18.719733614765182], [-70.45940474036861, 18.719733624120593], [-70.45940442085426, 18.7197338433163], [-70.45940440719004, 18.719733852749084], [-70.45940386282658, 18.719734230888925], [-70.4594038492213, 18.719734240398786], [-70.4594035324584, 18.719734463190488], [-70.45940351891257, 18.71973447277707], [-70.45940297830593, 18.719734857747635], [-70.45940296482001, 18.719734867410597], [-70.45940265085315, 18.719735093766925], [-70.45940263742762, 18.719735103505936], [-70.4594019231418, 18.71973562485137], [-70.45940190977713, 18.71973563466609], [-70.45940159865043, 18.71973586455524], [-70.45940158534708, 18.719735874445306], [-70.45940105447758, 18.719736271527484], [-70.45940104123605, 18.71973628149257], [-70.45940073299325, 18.719736514882225], [-70.45940071981397, 18.719736524921974], [-70.45939388622371, 18.719741762362222], [-70.45939387310717, 18.71974177247627], [-70.45939356779179, 18.719742009333466], [-70.45939355473844, 18.719742019521473], [-70.45939303390503, 18.719742428491593], [-70.45939302091531, 18.719742438753187], [-70.45939271857021, 18.719742679044693], [-70.45939270564462, 18.719742689379512], [-70.45939201811613, 18.71974324242081], [-70.4593920052551, 18.719743252828497], [-70.4593917059229, 18.719743496520433], [-70.45939169312688, 18.719743507000626], [-70.4593911826224, 18.719743927628766], [-70.45939116989184, 18.719743938181093], [-70.4593908736145, 18.71974418523931], [-70.45939086094984, 18.719744195863406], [-70.45939035664227, 18.719744621452158], [-70.459390344044, 18.71974463214763], [-70.45939005086346, 18.71974488253713], [-70.45939003833196, 18.719744893303627], [-70.45938953844409, 18.719745325352793], [-70.45938952597983, 18.719745336189916], [-70.45938923593718, 18.719745589875636], [-70.45938922354063, 18.719745600783], [-70.45938856431736, 18.719746184275106], [-70.45938855198892, 18.719746195252338], [-70.45938826512506, 18.719746452198493], [-70.45938825286517, 18.719746463245205], [-70.45938776387483, 18.719746906472572], [-70.4593877516839, 18.719746917588377], [-70.45938746803908, 18.71974717775892], [-70.45938745591758, 18.719747188943437], [-70.45938117394779, 18.719753019817837], [-70.45938116189612, 18.719753031070663], [-70.45938088151037, 18.719753294428838], [-70.45938086952897, 18.71975330574957], [-70.45938039171179, 18.71975375990526], [-70.45938037980108, 18.719753771293504], [-70.45938010271384, 18.719754037802286], [-70.45938009087422, 18.71975404925765], [-70.45937946144026, 18.71975466188692], [-70.45937944967214, 18.719754673409007], [-70.45937917592228, 18.719754943031035], [-70.45937916422612, 18.719754954619408], [-70.4593786978508, 18.71975541944808], [-70.45937868622698, 18.719755431102353], [-70.45937841585322, 18.71975570379947], [-70.45937840430216, 18.719755715519238], [-70.4593779445893, 18.719756184726553], [-70.4593779331114, 18.7197561965114], [-70.45937766615158, 18.719756472245443], [-70.45937765474723, 18.71975648409494], [-70.45937720007656, 18.71975695933469], [-70.45937718874617, 18.719756971248422], [-70.45937692523809, 18.71975724998037], [-70.45937691398207, 18.71975726195794], [-70.45937631575423, 18.719757902345464], [-70.45937630457296, 18.71975791438644], [-70.45937604455347, 18.719758196077297], [-70.45937603344734, 18.719758208181247], [-70.45937559073707, 18.719758693564742], [-70.4593755797065, 18.71975870573125], [-70.45937532321243, 18.719758990341127], [-70.45937531225778, 18.719759002569752], [-70.45936963844417, 18.719765374402442], [-70.45936962756583, 18.719765386692774], [-70.45936937463306, 18.71976567418181], [-70.45936936383146, 18.719765686533403], [-70.45936893333072, 18.719766181787424], [-70.45936892260617, 18.71976619419984], [-70.45936867327042, 18.719766484527494], [-70.45936866262332, 18.719766497000304], [-70.45936809694851, 18.719767163704176], [-70.45936808637924, 18.719767176236935], [-70.45936784067554, 18.719767469362395], [-70.45936783018449, 18.719767481954673], [-70.45936741213566, 18.719767986800477], [-70.45936740172317, 18.719767999451825], [-70.45936715968612, 18.719768295333818], [-70.45936714935257, 18.71976830804379], [-70.45936673837164, 18.719768816647054], [-70.45936672811739, 18.719768829415205], [-70.459366489781, 18.719769128012153], [-70.4593664796064, 18.719769140838025], [-70.45936607424484, 18.7197696549914], [-70.45936606415027, 18.71976966787455], [-70.45936582954816, 18.719769969144334], [-70.45936581953399, 18.71976998208431], [-70.45936528768569, 18.71977067360364], [-70.45936527775223, 18.719770686599972], [-70.4593650469174, 18.719770990500233], [-70.459365037065, 18.719771003552488], [-70.4593646446187, 18.719771526724212], [-70.45936463484774, 18.71977153983192], [-70.45936440781267, 18.71977184631984], [-70.45936439812348, 18.719771859482535], [-70.45935938352876, 18.71977871492895], [-70.45935937392169, 18.719778728146164], [-70.4593591507183, 18.719779037178682], [-70.45935914119367, 18.719779050449965], [-70.45935876188376, 18.719779582345208], [-70.45935875244191, 18.719779595670094], [-70.45935853310156, 18.7197799072038], [-70.45935852374282, 18.719779920581807], [-70.45935802691811, 18.71978063536009], [-70.45935801764281, 18.71978064879076], [-70.45935780219642, 18.719780962781748], [-70.4593577930049, 18.719780976264587], [-70.45935742704475, 18.719781516584224], [-70.45935741793733, 18.719781530118773], [-70.45935720641533, 18.719781846522658], [-70.45935719739231, 18.719781860108444], [-70.45935683884217, 18.71978240353017], [-70.45935682990388, 18.719782417166694], [-70.45935662233586, 18.71978273593928], [-70.4593566134826, 18.719782749626106], [-70.45935626107828, 18.7197832980659], [-70.45935625231039, 18.719783311802505], [-70.45935604872567, 18.71978363289871], [-70.45935604004345, 18.719783646684625], [-70.45935557936093, 18.7197843831126], [-70.45935557076467, 18.719784396947365], [-70.45935537119185, 18.719784720322092], [-70.45935536268188, 18.719784734205167], [-70.45935502403171, 18.719785290456436], [-70.45935501560831, 18.719785304387365], [-70.45935482007546, 18.71978562999514], [-70.4593548117389, 18.719785643973434], [-70.45935050149275, 18.719792921337074], [-70.45935049324338, 18.719792935362243], [-70.45935030177807, 18.71979326315712], [-70.45935029361614, 18.719793277228664], [-70.45934996891081, 18.719793840978188], [-70.45934996083662, 18.719793855095617], [-70.4593497734657, 18.71979418503166], [-70.45934976547953, 18.71979419919446], [-70.45934934197616, 18.71979495561446], [-70.4593493340783, 18.719794969822136], [-70.45934915082832, 18.71979530185263], [-70.45934914301903, 18.71979531610471], [-70.45934883244125, 18.719795887035275], [-70.45934882472083, 18.719795901331242], [-70.45934864561742, 18.719796235409678], [-70.45934863798614, 18.719796249749002], [-70.45934833509338, 18.719796823098907], [-70.45934832755148, 18.719796837481123], [-70.45934815261982, 18.71979717356058], [-70.45934814516758, 18.719797187985165], [-70.45934784889218, 18.719797765775443], [-70.45934784152986, 18.719797780241883], [-70.45934767079473, 18.71979811827476], [-70.4593476635226, 18.719798132782554], [-70.45934727815192, 18.719798907491473], [-70.45934727097026, 18.71979892204012], [-70.45934710445557, 18.71979926197901], [-70.45934709736457, 18.719799276567986], [-70.45934681555825, 18.719799860892845], [-70.45934680855817, 18.719799875521645], [-70.45934664628737, 18.719800217318785], [-70.4593466393785, 18.719800231986877], [-70.459343072272, 18.719807865773724], [-70.45934306545456, 18.7198078804806], [-70.45934290745053, 18.719808224087686], [-70.45934290072476, 18.719808238832847], [-70.45934263354627, 18.71980882936302], [-70.45934262691242, 18.71980884414593], [-70.45934247319724, 18.719809189515004], [-70.45934246665551, 18.719809204335164], [-70.45934212028483, 18.719809995589475], [-70.45934211383548, 18.719810010446324], [-70.45934196443096, 18.71981035752833], [-70.45934195807422, 18.71981037242137], [-70.45934170567392, 18.7198109688246], [-70.45934169941, 18.7198109837533], [-70.45934155433712, 18.719811332499606], [-70.45934154816624, 18.71981134746344], [-70.45934130365686, 18.719811945581593], [-70.45934129757921, 18.71981196058006], [-70.45934115685833, 18.71981231094167], [-70.45934115087418, 18.7198123259742], [-70.45934091339417, 18.719812927914735], [-70.45934090750369, 18.71981294298082], [-70.45934077115471, 18.719813294908164], [-70.45934076535812, 18.71981331000728], [-70.45934045876733, 18.71981411602547], [-70.45934045306484, 18.719814131157086], [-70.45934032110684, 18.719814484600974], [-70.45934031549864, 18.71981449976455], [-70.45934009307243, 18.719815106903965], [-70.45934008755873, 18.719815122098954], [-70.45933996001035, 18.71981547700935], [-70.45933995459134, 18.71981549223525], [-70.45933716272741, 18.71982341374388], [-70.45933715740327, 18.719823429000133], [-70.45933703428241, 18.71982378532727], [-70.45933702905334, 18.719823800613344], [-70.45933682180626, 18.71982441260954], [-70.45933681667243, 18.719824427924888], [-70.45933669799643, 18.7198247856186], [-70.45933669295803, 18.719824800962716], [-70.45933642683734, 18.719825619930266], [-70.45933642189453, 18.719825635302584], [-70.45933630768015, 18.719825994312465], [-70.45933630283314, 18.71982600971242], [-70.45933611088184, 18.719826626220904], [-70.45933610613078, 18.719826641647998], [-70.45933599639402, 18.719827001923584], [-70.45933599173907, 18.71982701737725], [-70.45933580781366, 18.719827634880644], [-70.459335803255, 18.719827650360347], [-70.45933569801132, 18.719828011850993], [-70.4593356935491, 18.7198280273562], [-70.4593355170015, 18.719828648030322], [-70.45933551263589, 18.71982866356047], [-70.45933541190013, 18.719829026215155], [-70.45933540763126, 18.719829041769696], [-70.45933518257984, 18.719829871842656], [-70.45933517840787, 18.719829887421056], [-70.4593350821942, 18.719830251188753], [-70.45933507811928, 18.719830266790446], [-70.45933491707486, 18.71983089128065], [-70.45933491309712, 18.71983090690511], [-70.45933482141903, 18.719831271734883], [-70.45933481753863, 18.719831287381545], [-70.45933282604345, 18.719839425320814], [-70.45933282226054, 18.719839440989123], [-70.45933273513097, 18.719839806829395], [-70.45933273144564, 18.71983982251881], [-70.45933258599506, 18.719840450473427], [-70.45933258240746, 18.719840466183395], [-70.4593324998387, 18.71984083298267], [-70.45933249634896, 18.719840848712636], [-70.45933231287336, 18.71984168802263], [-70.45933230948161, 18.71984170377204], [-70.45933223148523, 18.719842071478816], [-70.45933222819157, 18.71984208724712], [-70.45933209841664, 18.719842718312968], [-70.4593320952212, 18.719842734099604], [-70.4593320218082, 18.719843102662093], [-70.45933201871108, 18.71984311846652], [-70.45933189702497, 18.719843749797644], [-70.4593318940263, 18.71984376561929], [-70.45933182520697, 18.719844134985788], [-70.45933182230685, 18.719844150824105], [-70.4593317082807, 18.719844784645577], [-70.45933170547922, 18.719844800500002], [-70.45933164126333, 18.719845170618054], [-70.4593316385606, 18.71984518648804], [-70.45933149707386, 18.719846033145597], [-70.45933149446996, 18.719846049030586], [-70.45933143486646, 18.719846419848643], [-70.4593314323615, 18.719846435748067], [-70.45933133414822, 18.71984707196894], [-70.45933133174225, 18.719847087882247], [-70.4593312767596, 18.71984745934781], [-70.45933127445274, 18.71984747527441], [-70.45933010124939, 18.71985575640531], [-70.45933009904171, 18.71985577234467], [-70.45933004868759, 18.719856144405604], [-70.45933004657918, 18.71985616035718], [-70.45932996423412, 18.719856798618945], [-70.45932996222506, 18.71985681458214], [-70.45932991650658, 18.71985718718595], [-70.45932991459692, 18.719857203160217], [-70.45932981541759, 18.719858055259273], [-70.45932981360741, 18.719858071244055], [-70.45932977253098, 18.719858444338577], [-70.45932977082035, 18.719858460333317], [-70.45932970438983, 18.719859100276825], [-70.45932970277877, 18.71985911628094], [-70.45932966635021, 18.719859489813373], [-70.45932966483882, 18.71985950582632], [-70.45932960648713, 18.719860145303425], [-70.45932960507545, 18.719860161324622], [-70.45932957329988, 18.719860535242468], [-70.45932957198794, 18.71986055127137], [-70.45932952150939, 18.71986119253621], [-70.45932952029727, 18.719861208572258], [-70.45932949317914, 18.719861582823047], [-70.45932949206686, 18.719861598865638], [-70.45932943541818, 18.71986245448828], [-70.45932943440579, 18.71986247053689], [-70.45932941194893, 18.719862845067883], [-70.45932941103644, 18.71986286112193], [-70.45932937653828, 18.71986350334726], [-70.45932937572574, 18.719863519406182], [-70.45932935793331, 18.71986389416456], [-70.45932935722077, 18.719863910227787], [-70.45932899298711, 18.719872742087873], [-70.45932899266833, 18.719872750120913], [-70.45932898552209, 18.71987293756881], [-70.45932898522832, 18.71987294560273], [-70.459328973978, 18.71987326697095], [-70.45932897370925, 18.719873275005657], [-70.45932896772997, 18.719873462490927], [-70.45932896748623, 18.719873470526394], [-70.45932895515377, 18.71987389908294], [-70.45932895493503, 18.719873907119055], [-70.45932895012297, 18.719874094634903], [-70.45932894992926, 18.71987410267158], [-70.45932894268068, 18.71987442414448], [-70.45932894251199, 18.719874432181648], [-70.45932893886732, 18.719874619720997], [-70.45932893872363, 18.71987462775862], [-70.45932893347877, 18.71987494911988], [-70.45932893336008, 18.7198749571579], [-70.45932893088292, 18.719875144714624], [-70.45932893078927, 18.719875152752895], [-70.45932892754351, 18.719875474285185], [-70.45932892747487, 18.7198754823237], [-70.4593289261653, 18.719875669891216], [-70.45932892612169, 18.71987567792991], [-70.45932892446284, 18.719876106644378], [-70.45932892444425, 18.71987611468316], [-70.4593289243023, 18.71987630225481], [-70.45932892430872, 18.7198763102936], [-70.45932892506622, 18.719876631839757], [-70.45932892509767, 18.719876639878485], [-70.45932892612336, 18.719876827447557], [-70.45932892617984, 18.719876835486172], [-70.45932925690731, 18.719915377167478], [-70.45932982017196, 18.719981017602905], [-70.45932982689368, 18.71998180092267], [-70.45932970296201, 18.719984632492793], [-70.45932941058416, 18.719986589689885], [-70.45932891518342, 18.719988509434096], [-70.45932822168103, 18.719990372655012], [-70.45932733696611, 18.719992160843695], [-70.45932626982726, 18.7199938562366], [-70.45932503086527, 18.719995441991937], [-70.45932363238774, 18.71999690235713], [-70.45932208828698, 18.719998222825076], [-70.45931968796236, 18.71999989643472], [-70.45931924597055, 18.720000173481463], [-70.4593192277743, 18.7200001849827], [-70.45931880428247, 18.72000045489362], [-70.45931878617942, 18.720000466527598], [-70.45931135693343, 18.7200052805825], [-70.4593113425297, 18.720005289977628], [-70.45931100715188, 18.720005510177764], [-70.45931099280892, 18.720005519656926], [-70.45931042034957, 18.720005900475552], [-70.45931040606793, 18.720005910038388], [-70.45931007355136, 18.72000613414336], [-70.4593100593316, 18.72000614378951], [-70.45930930274193, 18.720006660370984], [-70.45930928858454, 18.720006670100087], [-70.45930895897926, 18.720006898076175], [-70.45930894488478, 18.72000690788789], [-70.45930838240642, 18.720007301977816], [-70.45930836837537, 18.720007311871736], [-70.45930804173099, 18.72000754368464], [-70.45930802776395, 18.72000755366041], [-70.45930747149444, 18.720007953513306], [-70.45930745759189, 18.720007963570534], [-70.45930713395778, 18.720008199185227], [-70.45930712012026, 18.720008209323545], [-70.45930656796172, 18.720008616447373], [-70.45930655418974, 18.7200086266664], [-70.45930623361447, 18.720008866047515], [-70.45930621990856, 18.720008876346874], [-70.45930549083268, 18.72000942767881], [-70.45930547719334, 18.720009438058092], [-70.45930515972522, 18.720009681169547], [-70.459305146153, 18.720009691628384], [-70.4593046046466, 18.720010111541093], [-70.45930459114197, 18.720010122079078], [-70.4593042768288, 18.720010368884267], [-70.4593042633923, 18.72001037950101], [-70.45929729787271, 18.720015917699357], [-70.45929728450481, 18.720015928394453], [-70.45929697339393, 18.72001617885619], [-70.45929696009517, 18.72001618962924], [-70.45929642956729, 18.72001662207771], [-70.45929641633815, 18.720016632928296], [-70.45929610847635, 18.72001688700893], [-70.45929609531733, 18.720016897936677], [-70.4592953955116, 18.72001748269084], [-70.45929538242319, 18.7200174936953], [-70.45929507785706, 18.720017751356373], [-70.45929506483978, 18.720017762437152], [-70.45929454560981, 18.720018207161065], [-70.45929453266412, 18.72001821831774], [-70.45929423143919, 18.72001847952074], [-70.4592942185656, 18.72001849075289], [-70.45929370610767, 18.72001894063195], [-70.45929369330666, 18.720018951939142], [-70.45929339546866, 18.72001921664442], [-70.4592933827407, 18.720019228026242], [-70.45929287512173, 18.72001968475746], [-70.4592928624673, 18.720019696213487], [-70.45929256806073, 18.72001996438147], [-70.45929255548032, 18.720019975911264], [-70.45929188663064, 18.720020592678978], [-70.45929187412469, 18.720020604282116], [-70.45929158319414, 18.72002087587223], [-70.45929157076317, 18.720020887548248], [-70.45929107506073, 18.72002135601183], [-70.45929106270519, 18.720021367760303], [-70.4592907752944, 18.720021642731673], [-70.45929076301475, 18.720021654552173], [-70.45928440075052, 18.720027816613378], [-70.45928438854719, 18.720027828505454], [-70.45928410469939, 18.720028106816734], [-70.45928409257289, 18.72002811877991], [-70.45928360908562, 18.72002859869362], [-70.45928359703639, 18.72002861072747], [-70.45928331679436, 18.72002889233672], [-70.45928330482283, 18.72002890444081], [-70.4592826685405, 18.720029551736186], [-70.45928265664716, 18.72002956391003], [-70.45928238005315, 18.720029848774796], [-70.45928236823842, 18.720029861017935], [-70.45928189725758, 18.720030352092696], [-70.45928188552192, 18.72003036440468], [-70.45928161261749, 18.720030652482148], [-70.45928160096135, 18.720030664862517], [-70.45928113725016, 18.7200311604352], [-70.45928112567395, 18.720031172883477], [-70.45928085650037, 18.72003146413009], [-70.45928084500454, 18.720031476645815], [-70.45928038681363, 18.72003197858602], [-70.45928037539862, 18.720031991168735], [-70.45928010999613, 18.720032285540956], [-70.45928009866238, 18.720032298190144], [-70.45927949648032, 18.72003297445381], [-70.45927948522821, 18.72003298716903], [-70.45927922363705, 18.720033284622232], [-70.45927921246705, 18.720033297403003], [-70.45927876734248, 18.720033809905882], [-70.45927875625499, 18.72003382275172], [-70.45927849851444, 18.72003412324122], [-70.45927848750989, 18.72003413615163], [-70.45927278977321, 18.720040862731718], [-70.459272778852, 18.720040875706218], [-70.4592725250009, 18.720041179186747], [-70.45927251416343, 18.720041192224866], [-70.45927208237288, 18.720041714982145], [-70.4592720716196, 18.720041728083377], [-70.4592718216962, 18.720042034509174], [-70.4592718110275, 18.72004204767301], [-70.45927124439652, 18.72004275127558], [-70.45927123381277, 18.72004276450156], [-70.45927098785465, 18.720043073826588], [-70.45927097735628, 18.720043087114185], [-70.45927055916009, 18.720043619810777], [-70.45927054874748, 18.7200436331595], [-70.4592703067917, 18.720043945337164], [-70.45927029646523, 18.72004395874652], [-70.45926988596655, 18.720044495240245], [-70.45926987572665, 18.720044508709726], [-70.45926963780968, 18.72004482369295], [-70.45926962765671, 18.720044837222034], [-70.45926922330676, 18.720045379537055], [-70.4592692132411, 18.72004539312525], [-70.45926897939873, 18.72004571086666], [-70.45926896942075, 18.72004572451344], [-70.45926843970567, 18.720046453760272], [-70.45926842981576, 18.72004646746514], [-70.4592682000833, 18.72004678791675], [-70.45926819028185, 18.720046801679175], [-70.45926780002176, 18.720047353285874], [-70.45926779030911, 18.72004736710535], [-70.45926756472099, 18.720047690219147], [-70.45926755509753, 18.720047704095133], [-70.45926257676076, 18.72005493041356], [-70.45926256722683, 18.720054944345556], [-70.45926234581715, 18.720055270072667], [-70.45926233637311, 18.72005528406013], [-70.45926196043787, 18.72005584462637], [-70.45926195108407, 18.720055858668783], [-70.45926173388618, 18.72005618696017], [-70.45926172462299, 18.720056201057012], [-70.45926123310005, 18.720056954191072], [-70.45926122392781, 18.720056968341808], [-70.45926101097429, 18.720057299148234], [-70.45926100189335, 18.72005731335233], [-70.45926064050951, 18.72005788254029], [-70.45926063152024, 18.7200578967972], [-70.45926042284336, 18.720058230068506], [-70.45926041394604, 18.72005824437771], [-70.45926006061308, 18.720058816625937], [-70.45926005180807, 18.72005883098689], [-70.45925984743904, 18.720059166673252], [-70.4592598387267, 18.720059181085414], [-70.45925949211183, 18.720059758552438], [-70.45925948349246, 18.720059773015254], [-70.45925928346226, 18.720060111065767], [-70.4592592749362, 18.720060125578705], [-70.4592588227896, 18.720060900785537], [-70.45925881435713, 18.72006091534806], [-70.45925861869574, 18.72006125571209], [-70.45925861035724, 18.72006127032362], [-70.45925827872013, 18.720061855721845], [-70.45925827047586, 18.720061870381866], [-70.45925807921279, 18.720062213008074], [-70.45925807106308, 18.72006222771602], [-70.45925386007043, 18.720069884179555], [-70.45925385201559, 18.720069898934863], [-70.45925366517963, 18.720070243771605], [-70.45925365721996, 18.720070258573735], [-70.4592533407605, 18.720070851550318], [-70.45925333289631, 18.7200708663987], [-70.45925315051566, 18.720071213393993], [-70.45925314274723, 18.720071228288056], [-70.45925273106609, 18.720072023700347], [-70.45925272339373, 18.720072038639564], [-70.45925258802178, 18.720072304289506], [-70.45925106615539, 18.720074964992712], [-70.45924980909123, 18.720076696320604], [-70.45924836646812, 18.720078290904198], [-70.45924675454738, 18.72007973076926], [-70.45924499149858, 18.720080999685653], [-70.45924227546296, 18.72008255343399], [-70.4592358281742, 18.720085811157706], [-70.45923581329052, 18.72008581873219], [-70.45923546655771, 18.72008599644997], [-70.45923545172144, 18.72008600410844], [-70.45923485926063, 18.720086312105117], [-70.45923484447229, 18.7200863198473], [-70.45923449997655, 18.7200865014716], [-70.45923448523666, 18.720086509297218], [-70.45923370054693, 18.72008692881126], [-70.45923368585602, 18.720086936720044], [-70.45923334364562, 18.720087122225394], [-70.4592333290042, 18.720087130217067], [-70.45923274437864, 18.720087451519124], [-70.45923272978723, 18.720087459593397], [-70.4592323899105, 18.72008764895362], [-70.45923237536962, 18.720087657110216], [-70.45923179584742, 18.720087984397793], [-70.45923178135756, 18.72008799263643], [-70.45923144386214, 18.720088185824963], [-70.45923142942382, 18.72008819414535], [-70.45923085296269, 18.720088528571853], [-70.45923083857642, 18.720088536973694], [-70.45923050350996, 18.720088733963273], [-70.45923048917624, 18.72008874244626], [-70.45922972625374, 18.720089196952703], [-70.4592297119731, 18.720089205516544], [-70.4592293793826, 18.720089406279527], [-70.4592293651555, 18.72008941492394], [-70.45922879718314, 18.720089762286737], [-70.4592287830101, 18.72008977101139], [-70.45922845294267, 18.72008997551936], [-70.45922843882421, 18.720089984323963], [-70.45922111509324, 18.720094581188718], [-70.45922110102983, 18.72009459007295], [-70.45922077353161, 18.720094798297293], [-70.45922075952375, 18.720094807260846], [-70.45922020035964, 18.720095167364494], [-70.45922018640785, 18.72009517640706], [-70.459219861525, 18.720095388318427], [-70.4592198476297, 18.720095397439696], [-70.45921910819222, 18.720095885915146], [-70.45921909435395, 18.720095895114778], [-70.45921877213225, 18.720096110683333], [-70.4592187583515, 18.720096119961], [-70.4592182083107, 18.720096492602668], [-70.45921819458796, 18.72009650195806], [-70.45921787507275, 18.720096721153446], [-70.45921786140848, 18.720096730586235], [-70.45921731704335, 18.72009710872571], [-70.45921730343805, 18.720097118235557], [-70.45921698667419, 18.720097341027024], [-70.4592169731283, 18.72009735061359], [-70.45921643252022, 18.720097735583654], [-70.45921641903426, 18.72009774524661], [-70.4592161050665, 18.72009797160267], [-70.45921609164094, 18.720097981341667], [-70.45921537735296, 18.720098502686582], [-70.45921536398826, 18.72009851250128], [-70.45921505286069, 18.720098742390146], [-70.45921503955731, 18.72009875228021], [-70.45921450868643, 18.720099149361833], [-70.45921449544485, 18.720099159326903], [-70.45921418720117, 18.720099392716303], [-70.45921417402185, 18.720099402756027], [-70.45920734041152, 18.72010464019072], [-70.45920732729495, 18.72010465030476], [-70.45920702197857, 18.72010488716177], [-70.45920700892519, 18.720104897349763], [-70.4592064880902, 18.72010530631948], [-70.45920647510047, 18.72010531658105], [-70.45920617275459, 18.720105556872205], [-70.45920615982897, 18.72010556720702], [-70.45920547229845, 18.720106120247742], [-70.45920545943736, 18.72010613065543], [-70.45920516010415, 18.72010637434722], [-70.4592051473081, 18.7201063848274], [-70.45920463680217, 18.720106805455067], [-70.4592046240716, 18.720106816007377], [-70.45920432779351, 18.720107063065207], [-70.45920431512884, 18.720107073689285], [-70.4592038108198, 18.720107499277592], [-70.45920379822147, 18.720107509973065], [-70.45920350503998, 18.720107760362385], [-70.45920349250845, 18.72010777112886], [-70.45920299261894, 18.72010820317772], [-70.45920298015467, 18.72010821401482], [-70.45920269011114, 18.720108467700296], [-70.45920267771454, 18.72010847860766], [-70.45920201848926, 18.720109062099237], [-70.4592020061608, 18.72010907307646], [-70.45920171929599, 18.72010933002242], [-70.45920170703604, 18.72010934106915], [-70.45920121804431, 18.72010978429602], [-70.45920120585335, 18.72010979541183], [-70.45920092220769, 18.72011005558211], [-70.45920091008615, 18.72011006676661], [-70.45919462809701, 18.720115897635903], [-70.45919461604531, 18.720115908888705], [-70.45919433565868, 18.72011617224664], [-70.45919432367724, 18.720116183567384], [-70.45919384585852, 18.72011663772273], [-70.45919383394777, 18.720116649110977], [-70.45919355685956, 18.720116915619627], [-70.45919354501991, 18.72011692707498], [-70.45919291558398, 18.720117539703757], [-70.45919290381583, 18.720117551225822], [-70.45919263006515, 18.720117820847587], [-70.45919261836896, 18.72011783243596], [-70.45919215199214, 18.72011829726427], [-70.45919214036829, 18.720118308918536], [-70.4591918699937, 18.72011858161541], [-70.4591918584426, 18.72011859333517], [-70.4591913987283, 18.720119062542114], [-70.45919138725034, 18.720119074326952], [-70.45919112028969, 18.720119350060777], [-70.45919110888529, 18.720119361910264], [-70.45919065421319, 18.720119837149625], [-70.45919064288276, 18.72011984906336], [-70.45919037937381, 18.720120127795123], [-70.45919036811775, 18.720120139772682], [-70.45918976988806, 18.720120780159643], [-70.45918975870676, 18.720120792200607], [-70.4591894986865, 18.72012107389118], [-70.45918948758035, 18.72012108599511], [-70.4591890448686, 18.720121571378286], [-70.459189033838, 18.72012158354478], [-70.45918877734306, 18.720121868154482], [-70.45918876638838, 18.720121880383108], [-70.4591865687278, 18.720124348400418], [-70.45877786597197, 18.71990909527948], [-70.45918926905506, 18.719657422708114]]]}}, {"type": "Feature", "properties": {"kind": "lot", "id": "H-20", "cluster": "rim", "area_m2": 2435, "price_usd_m2": 60, "price_usd": 146100, "tier": "base", "slope_pct": 7.0, "elev_m": 704.2}, "geometry": {"type": "Polygon", "coordinates": [[[-70.4591865687278, 18.720124348400418], [-70.45918309255629, 18.720128252211172], [-70.45918308167793, 18.720128264501486], [-70.45918282874432, 18.720128551990356], [-70.45918281794265, 18.72012856434194], [-70.4591823874405, 18.7201290595956], [-70.45918237671592, 18.72012907200802], [-70.45918212737936, 18.72012936233545], [-70.45918211673225, 18.72012937480823], [-70.45918155105555, 18.72013004151166], [-70.45918154048626, 18.720130054044414], [-70.45918129478171, 18.720130347169714], [-70.4591812842906, 18.720130359761992], [-70.4591808662403, 18.720130864607537], [-70.4591808558278, 18.720130877258875], [-70.45918061378994, 18.720131173140658], [-70.45918060345636, 18.720131185850608], [-70.45918019247415, 18.720131694453418], [-70.45918018221988, 18.720131707221558], [-70.45917994388269, 18.720132005818307], [-70.45917993370806, 18.720132018644176], [-70.45917952834503, 18.720132532797304], [-70.45917951825044, 18.72013254568045], [-70.4591792836476, 18.720132846949955], [-70.45917927363338, 18.720132859889922], [-70.4591787417832, 18.720133551408903], [-70.4591787318497, 18.720133564405238], [-70.45917850101405, 18.720133868305332], [-70.45917849116164, 18.720133881357587], [-70.45917809871415, 18.720134404528757], [-70.45917808894316, 18.72013441763646], [-70.45917786190726, 18.720134724124254], [-70.45917785221805, 18.720134737286934], [-70.45917283760568, 18.720141592729522], [-70.45917282799857, 18.72014160594674], [-70.45917260479435, 18.720141914979152], [-70.45917259526966, 18.720141928250438], [-70.45917221595847, 18.720142460145333], [-70.45917220651658, 18.720142473470197], [-70.45917198717554, 18.720142785003627], [-70.45917197781675, 18.720142798381627], [-70.45917148099024, 18.72014351315959], [-70.4591714717149, 18.72014352659026], [-70.45917125626771, 18.720143840581095], [-70.45917124707614, 18.720143854063927], [-70.4591708811148, 18.72014439438312], [-70.45917087200733, 18.720144407917665], [-70.45917066048456, 18.72014472432141], [-70.4591706514615, 18.72014473790719], [-70.45917029291002, 18.720145281328694], [-70.4591702839717, 18.720145294965228], [-70.45917007640293, 18.72014561373762], [-70.45917006754965, 18.720145627424433], [-70.45916971514403, 18.720146175863942], [-70.45916970637612, 18.72014618960055], [-70.45916950279063, 18.72014651069658], [-70.45916949410838, 18.720146524482494], [-70.45916903342416, 18.72014726091011], [-70.45916902482787, 18.720147274744857], [-70.45916882525431, 18.720147598119436], [-70.4591688167443, 18.72014761200251], [-70.45916847809286, 18.720148168253505], [-70.45916846966944, 18.720148182184428], [-70.45916827413585, 18.720148507792047], [-70.45916826579926, 18.720148521770344], [-70.45916395553677, 18.720155799130584], [-70.45916394728737, 18.72015581315574], [-70.45916375582132, 18.72015614095047], [-70.45916374765936, 18.720156155022003], [-70.45916342295278, 18.720156718771268], [-70.45916341487856, 18.720156732888693], [-70.45916322750692, 18.720157062824594], [-70.45916321952072, 18.720157076987398], [-70.45916279601572, 18.720157833407043], [-70.45916278811782, 18.720157847614722], [-70.45916260486715, 18.720158179645036], [-70.45916259705783, 18.7201581938971], [-70.45916228647881, 18.720158764827442], [-70.45916227875837, 18.72015877912339], [-70.45916209965422, 18.72015911320175], [-70.4591620920229, 18.720159127541088], [-70.45916178912891, 18.72015970089079], [-70.45916178158699, 18.720159715273006], [-70.45916160665463, 18.720160051352313], [-70.45916159920236, 18.720160065776888], [-70.4591613029258, 18.720160643566814], [-70.45916129556348, 18.720160658033254], [-70.45916112482769, 18.720160996065918], [-70.45916111755552, 18.720161010573708], [-70.45916073218321, 18.720161785282475], [-70.4591607250015, 18.72016179983111], [-70.4591605584861, 18.72016213976991], [-70.45916055139509, 18.72016215435889], [-70.45916026958767, 18.720162738683328], [-70.45916026258759, 18.72016275331212], [-70.4591601003161, 18.720163095109147], [-70.45916009340719, 18.72016310977724], [-70.45915652628555, 18.72017074356154], [-70.4591565194681, 18.72017075826842], [-70.45915636146333, 18.72017110187551], [-70.45915635473753, 18.720171116620666], [-70.45915608755796, 18.720171707150524], [-70.45915608092406, 18.72017172193343], [-70.45915592720829, 18.72017206730223], [-70.45915592066655, 18.720172082122353], [-70.45915557429436, 18.7201728733764], [-70.45915556784499, 18.720172888233236], [-70.45915541843976, 18.720173235315272], [-70.45915541208296, 18.720173250208322], [-70.45915515968149, 18.72017384661157], [-70.45915515341753, 18.720173861540257], [-70.45915500834403, 18.720174210286395], [-70.4591550021731, 18.720174225250226], [-70.45915475766274, 18.72017482336788], [-70.45915475158509, 18.72017483836635], [-70.45915461086356, 18.720175188727858], [-70.45915460487939, 18.720175203760387], [-70.45915436739811, 18.720175805701167], [-70.45915436150761, 18.72017582076725], [-70.45915422515803, 18.72017617269444], [-70.45915421936142, 18.720176187793545], [-70.45915391276932, 18.72017699381115], [-70.45915390706682, 18.720177008942752], [-70.45915377510819, 18.72017736238651], [-70.45915376949995, 18.720177377550087], [-70.45915354707266, 18.720177984689418], [-70.45915354155893, 18.720177999884406], [-70.45915341400993, 18.72017835479475], [-70.45915340859091, 18.720178370020637], [-70.45915061671337, 18.72018629152719], [-70.45915061138922, 18.720186306783443], [-70.45915048826772, 18.72018666311056], [-70.45915048303863, 18.72018667839662], [-70.45915027579049, 18.720187290392698], [-70.45915027065665, 18.72018730570804], [-70.4591501519801, 18.720187663401553], [-70.45915014694168, 18.720187678745653], [-70.45914988081964, 18.720188497712947], [-70.45914987587682, 18.72018851308525], [-70.45914976166183, 18.72018887209507], [-70.4591497568148, 18.720188887495045], [-70.45914956486247, 18.72018950400341], [-70.45914956011138, 18.720189519430498], [-70.45914945037403, 18.720189879706066], [-70.45914944571905, 18.720189895159745], [-70.45914926179266, 18.720190512663017], [-70.45914925723397, 18.72019052814272], [-70.45914915198973, 18.720190889633226], [-70.4591491475275, 18.720190905138438], [-70.45914897097896, 18.720191525812346], [-70.45914896661331, 18.72019154134249], [-70.459148865877, 18.720191903997062], [-70.45914886160811, 18.72019191955159], [-70.4591486365554, 18.72019274962447], [-70.4591486323834, 18.720192765202853], [-70.45914853616917, 18.72019312897054], [-70.45914853209422, 18.72019314457224], [-70.45914837104885, 18.720193769062284], [-70.45914836707112, 18.720193784686728], [-70.45914827539248, 18.72019414951645], [-70.45914827151205, 18.720194165163118], [-70.4591477903083, 18.720196131516268], [-70.45914628000486, 18.72020230310097], [-70.4591462762219, 18.720202318769292], [-70.45914618909181, 18.720202684609493], [-70.45914618540647, 18.7202027002989], [-70.45914603995494, 18.720203328253543], [-70.45914603636733, 18.720203343963504], [-70.459145953798, 18.720203710762824], [-70.45914595030825, 18.72020372649281], [-70.45914576683147, 18.720204565802614], [-70.4591457634397, 18.720204581552032], [-70.4591456854428, 18.720204949258665], [-70.45914568214913, 18.72020496502696], [-70.45914555237334, 18.720205596092676], [-70.45914554917788, 18.7202056118793], [-70.45914547576436, 18.720205980441705], [-70.45914547266725, 18.72020599624613], [-70.45914535098026, 18.720206627577202], [-70.45914534798158, 18.720206643398857], [-70.45914527916176, 18.720207012765176], [-70.45914527626161, 18.720207028603493], [-70.45914516223463, 18.7202076624248], [-70.45914515943313, 18.72020767827922], [-70.45914509521673, 18.720208048397424], [-70.45914509251396, 18.720208064267418], [-70.45914495102609, 18.720208910925177], [-70.45914494842216, 18.720208926810162], [-70.45914488881819, 18.72020929762819], [-70.4591448863132, 18.72020931352761], [-70.45914478809915, 18.72020994974807], [-70.45914478569318, 18.72020996566137], [-70.45914473071005, 18.720210337126858], [-70.45914472840319, 18.720210353053467], [-70.45914355518944, 18.720218634183748], [-70.45914355298177, 18.72021865012312], [-70.4591435026272, 18.720219022183993], [-70.45914350051876, 18.72021903813555], [-70.4591434181729, 18.720219676397317], [-70.45914341616383, 18.720219692360512], [-70.45914337044488, 18.7202200649644], [-70.45914336853521, 18.72022008093868], [-70.45914326935485, 18.72022093303783], [-70.45914326754465, 18.720220949022625], [-70.45914322646779, 18.720221322117066], [-70.45914322475711, 18.72022133811179], [-70.45914315832587, 18.720221978055182], [-70.45914315671482, 18.720221994059298], [-70.45914312028582, 18.720222367591667], [-70.4591431187744, 18.720222383604614], [-70.459143060422, 18.72022302308168], [-70.45914305901029, 18.720223039102883], [-70.45914302723428, 18.720223413020793], [-70.45914302592233, 18.720223429049692], [-70.45914297544309, 18.720224070314586], [-70.45914297423093, 18.720224086350623], [-70.45914294711238, 18.72022446060134], [-70.45914294600009, 18.720224476643928], [-70.45914288935052, 18.72022533226633], [-70.45914288833809, 18.720225348314933], [-70.45914286588084, 18.720225722845925], [-70.45914286496833, 18.720225738899977], [-70.45914283046946, 18.720226381125542], [-70.45914282965693, 18.72022639718447], [-70.4591428118641, 18.720226771942837], [-70.45914281115154, 18.72022678800606], [-70.45914244690881, 18.720235619865864], [-70.45914244659004, 18.720235627898912], [-70.45914243944358, 18.720235815346992], [-70.45914243914982, 18.72023582338092], [-70.45914242789914, 18.720236144749677], [-70.45914242763038, 18.720236152784388], [-70.45914242165094, 18.720236340269413], [-70.45914242140718, 18.720236348304848], [-70.4591424090743, 18.72023677686072], [-70.45914240885556, 18.72023678489681], [-70.45914240404333, 18.720236972412454], [-70.4591424038496, 18.720236980449137], [-70.45914239660071, 18.720237301922268], [-70.459142396432, 18.72023730995946], [-70.45914239278714, 18.720237497498914], [-70.45914239264344, 18.72023750553653], [-70.45914238739827, 18.7202378268976], [-70.45914238727958, 18.72023783493559], [-70.45914238480225, 18.720238022492346], [-70.45914238470858, 18.72023803053065], [-70.45914238146251, 18.72023835206319], [-70.45914238139386, 18.720238360101735], [-70.45914238008409, 18.720238547669368], [-70.45914238004048, 18.720238555708058], [-70.45914237838124, 18.720238984422586], [-70.45914237836264, 18.720238992461375], [-70.45914237822052, 18.720239180033175], [-70.45914237822694, 18.72023918807197], [-70.45914237898413, 18.720239509618324], [-70.45914237901557, 18.720239517657046], [-70.45914238004109, 18.720239705226017], [-70.45914238009756, 18.720239713264636], [-70.45914323157596, 18.720338951647012], [-70.4591440559358, 18.720435028810254], [-70.45914393200125, 18.720437860380322], [-70.45914363962086, 18.720439817577248], [-70.45914314421707, 18.720441737321085], [-70.4591424507111, 18.7204436005415], [-70.45914156599216, 18.72044538872952], [-70.45914049884887, 18.720447084121602], [-70.45913925988205, 18.720448669876], [-70.45913786139943, 18.720450130240064], [-70.45913631729324, 18.720451450706815], [-70.45913391696055, 18.72045312431456], [-70.4591334749673, 18.72045340136093], [-70.459133456771, 18.72045341286216], [-70.45913303327781, 18.72045368277273], [-70.4591330151747, 18.720453694406697], [-70.45912900022577, 18.720456296029692], [-70.459125585904, 18.720458508455724], [-70.45912557150024, 18.720458517850844], [-70.45912523612131, 18.72045873805071], [-70.45912522177831, 18.72045874752986], [-70.4591246493169, 18.720459128348114], [-70.45912463503522, 18.720459137910943], [-70.45912430251754, 18.720459362015657], [-70.4591242882977, 18.720459371661814], [-70.45912353170563, 18.720459888242594], [-70.45912351754818, 18.720459897971693], [-70.45912318794183, 18.72046012594752], [-70.45912317384729, 18.720460135759204], [-70.45912261136701, 18.720460529848697], [-70.45912259733593, 18.720460539742607], [-70.45912227069059, 18.720460771555164], [-70.4591222567235, 18.720460781530907], [-70.45912170045224, 18.720461181383268], [-70.45912168654962, 18.72046119144049], [-70.45912136291435, 18.720461427054985], [-70.45912134907678, 18.72046143719329], [-70.45912079691614, 18.720461844316848], [-70.45912078314413, 18.720461854535863], [-70.45912046256768, 18.720462093916783], [-70.45912044886173, 18.720462104216125], [-70.4591197197834, 18.72046265554744], [-70.45911970614402, 18.72046266592672], [-70.4591193886749, 18.720462909037863], [-70.45911937510265, 18.720462919496676], [-70.45911883359442, 18.72046333940893], [-70.45911882008973, 18.720463349946915], [-70.45911850577541, 18.720463596751912], [-70.45911849233886, 18.720463607368647], [-70.45911152679531, 18.720469145561445], [-70.45911151342739, 18.72046915625653], [-70.45911120231543, 18.720469406718003], [-70.45911118901662, 18.72046941749105], [-70.45911065848668, 18.720469849939274], [-70.4591106452575, 18.720469860789862], [-70.45911033739468, 18.720470114870206], [-70.45911032423562, 18.720470125797938], [-70.45910962442755, 18.72047071055145], [-70.45910961133912, 18.720470721555895], [-70.45910930677186, 18.720470979216774], [-70.45910929375454, 18.720470990297546], [-70.45910877452287, 18.72047143502094], [-70.45910876157714, 18.72047144617761], [-70.45910846035119, 18.720471707380348], [-70.45910844747755, 18.720471718612483], [-70.45910793501776, 18.72047216849119], [-70.4591079222167, 18.720472179798367], [-70.45910762437765, 18.720472444503404], [-70.45910761164963, 18.720472455885226], [-70.45910710402877, 18.720472912616128], [-70.45910709137428, 18.720472924072155], [-70.45910679696671, 18.720473192239876], [-70.45910678438626, 18.72047320376966], [-70.45910611553427, 18.72047382053677], [-70.45910610302829, 18.72047383213988], [-70.45910581209665, 18.720474103729817], [-70.45910579966564, 18.72047411540583], [-70.45910530396132, 18.720474583869116], [-70.45910529160574, 18.720474595617585], [-70.4591050041939, 18.72047487058874], [-70.45910499191419, 18.720474882409228], [-70.45909862962706, 18.720481044465426], [-70.4590986174237, 18.720481056357478], [-70.45909833357487, 18.720481334668534], [-70.45909832144834, 18.720481346631715], [-70.45909783795926, 18.72048182654507], [-70.45909782590999, 18.72048183857892], [-70.45909754566695, 18.720482120187924], [-70.4590975336954, 18.720482132291995], [-70.4590968974109, 18.72048277958671], [-70.45909688551751, 18.72048279176055], [-70.45909660892245, 18.720483076625126], [-70.4590965971077, 18.72048308886826], [-70.45909612612486, 18.72048357994291], [-70.45909611438917, 18.72048359225489], [-70.45909584148377, 18.720483880332115], [-70.45909582982758, 18.720483892712465], [-70.45909536611471, 18.720484388284756], [-70.45909535453846, 18.72048440073303], [-70.45909508536378, 18.720484691979532], [-70.45909507386793, 18.72048470449525], [-70.45909461567548, 18.720485206434926], [-70.45909460426043, 18.720485219017615], [-70.45909433885703, 18.720485513389534], [-70.45909432752323, 18.720485526038722], [-70.4590937253388, 18.720486202302016], [-70.45909371408666, 18.72048621501724], [-70.45909345249449, 18.720486512470284], [-70.45909344132444, 18.720486525251047], [-70.45909299619827, 18.720487037753497], [-70.45909298511073, 18.72048705059932], [-70.45909272736924, 18.7204873510886], [-70.45909271636462, 18.720487363999002], [-70.45908701860621, 18.720494090574796], [-70.45908700768496, 18.720494103549296], [-70.45908675383285, 18.72049440702966], [-70.45908674299535, 18.72049442006777], [-70.4590863112033, 18.72049494282455], [-70.45908630044997, 18.72049495592577], [-70.45908605052563, 18.720495262351374], [-70.45908603985687, 18.720495275515216], [-70.45908547322362, 18.720495979117448], [-70.45908546263985, 18.720495992343405], [-70.45908521668082, 18.720496301668184], [-70.45908520618241, 18.720496314955785], [-70.45908478798457, 18.720496847652054], [-70.45908477757192, 18.720496861000797], [-70.45908453561512, 18.72049717317837], [-70.45908452528863, 18.720497186587707], [-70.45908411478833, 18.720497723081145], [-70.45908410454838, 18.720497736550605], [-70.4590838666305, 18.72049805153361], [-70.45908385647748, 18.720498065062703], [-70.45908345212595, 18.720498607377387], [-70.45908344206025, 18.720498620965575], [-70.45908320821701, 18.720498938706744], [-70.459083198239, 18.72049895235352], [-70.45908266852183, 18.720499681599907], [-70.4590826586319, 18.720499695304746], [-70.45908242889848, 18.720500015756226], [-70.45908241909699, 18.720500029518654], [-70.45908202883537, 18.720500581125027], [-70.45908201912268, 18.72050059494449], [-70.45908179353368, 18.720500918058065], [-70.45908178391016, 18.720500931934055], [-70.45907680555337, 18.720508158248585], [-70.45907679601939, 18.720508172180573], [-70.45907657460879, 18.72050849790753], [-70.45907656516471, 18.720508511894987], [-70.4590765484207, 18.7205085368623], [-70.45907464622157, 18.72051115441753], [-70.4590732977163, 18.720512657558473], [-70.45907178420552, 18.7205140361728], [-70.45907013299902, 18.72051526293994], [-70.45906836080309, 18.72051632544791], [-70.45906648554832, 18.720517212946536], [-70.45906452620791, 18.72051791645642], [-70.45906250260585, 18.720518428859645], [-70.4590604352163, 18.720518744971894], [-70.4590574386447, 18.72051891216115], [-70.45893492796495, 18.720519866389875], [-70.45893192320979, 18.720519745394107], [-70.4589298468108, 18.720519460414803], [-70.45892781106, 18.720518977750817], [-70.45892583663336, 18.720518302304313], [-70.45892394358401, 18.720517440935406], [-70.45892215113862, 18.720516402392555], [-70.45892047750206, 18.720515197223644], [-70.4589189396725, 18.720513837668907], [-70.45891755326883, 18.72051233753658], [-70.45891580299731, 18.72051000726548], [-70.45891491281492, 18.720508686167115], [-70.4587527627007, 18.720268042622944], [-70.45862157591021, 18.72007335044565], [-70.45858882203923, 18.720024740869665], [-70.4587083961724, 18.71995159272049], [-70.45874688204694, 18.71992804938508], [-70.45877786597197, 18.71990909527948], [-70.4591865687278, 18.720124348400418]]]}}, {"type": "Feature", "properties": {"kind": "lot", "id": "H-21", "cluster": "rim", "area_m2": 1401, "price_usd_m2": 60, "price_usd": 84060, "tier": "base", "slope_pct": 2.7, "elev_m": 702.4}, "geometry": {"type": "Polygon", "coordinates": [[[-70.45842488186241, 18.719781438934756], [-70.45872172365459, 18.719599849157355], [-70.45882126860343, 18.71974758254709], [-70.45882192484588, 18.719748505543574], [-70.45882627518652, 18.719754310397757], [-70.45882772694802, 18.719756058292173], [-70.45883265656438, 18.71976142633719], [-70.4588342820605, 18.719763029384566], [-70.45883974294837, 18.71976790834679], [-70.45884152635014, 18.71976935093675], [-70.45884746533181, 18.71977369330518], [-70.45884938927261, 18.7197749613899], [-70.45885574851475, 18.719778724878854], [-70.45885779425937, 18.719779806109816], [-70.45886451183613, 18.719782954070688], [-70.45886665946327, 18.71978383791892], [-70.45887366995933, 18.719786339697098], [-70.45887589855555, 18.719787017555767], [-70.45888313370318, 18.71978884878909], [-70.45888542156655, 18.719789314057245], [-70.45889281091037, 18.719790456913305], [-70.45889513576182, 18.7197907050602], [-70.45890260734488, 18.719791148409946], [-70.45890494654518, 18.719791177019147], [-70.45891242760968, 18.719790916545268], [-70.45891475837983, 18.719790725338175], [-70.45892217607566, 18.719789763577165], [-70.45892447571877, 18.719789354415756], [-70.45893175781292, 18.719787700733185], [-70.45893400393521, 18.719787077601836], [-70.4589410795151, 18.719784748101166], [-70.45894325024402, 18.719783917067897], [-70.45895005040815, 18.719780934433654], [-70.45895212460528, 18.719779903591018], [-70.45895858313413, 18.71977629686789], [-70.45896054060107, 18.719775076254166], [-70.45896659460197, 18.7197708805642], [-70.45896841627706, 18.719769482065637], [-70.45897400679661, 18.71976473826617], [-70.45897567494052, 18.719763175501257], [-70.45898074753869, 18.719757929787086], [-70.45898224590718, 18.7197562179739], [-70.45898675118742, 18.719750521427407], [-70.45898806518952, 18.719748677235483], [-70.45899195927986, 18.71974258532924], [-70.45899307611991, 18.719740626717172], [-70.45899632110005, 18.719734198773708], [-70.45899722990237, 18.71973214481432], [-70.45899979417305, 18.719725443428466], [-70.45900016771289, 18.71972438691293], [-70.45900265058735, 18.719716746090477], [-70.45900284055891, 18.719716185111896], [-70.45900547128635, 18.719708720847347], [-70.4590056751715, 18.719708164321062], [-70.45901247818146, 18.719690279501616], [-70.4590126958655, 18.719689727740718], [-70.45901275664406, 18.719689579065093], [-70.4590129880046, 18.71968903237982], [-70.45902067369353, 18.71967147515775], [-70.45902091860016, 18.719670933856158], [-70.45902427982037, 18.71966374070652], [-70.45902453813532, 18.719663205093163], [-70.4590330891999, 18.71964601499385], [-70.45903336077788, 18.71964548536998], [-70.45903343606881, 18.71964534285127], [-70.45903372075686, 18.719644819515256], [-70.45904311794835, 18.719628035235], [-70.45904341558608, 18.71962751848161], [-70.45904718465017, 18.719621154863106], [-70.45918926905506, 18.719657422708114], [-70.45874688204694, 18.71992804938508], [-70.4587083961724, 18.71995159272049], [-70.45858882203923, 18.720024740869665], [-70.45842488186241, 18.719781438934756]]]}}, {"type": "Feature", "properties": {"kind": "lot", "id": "H-22", "cluster": "rim", "area_m2": 1190, "price_usd_m2": 66, "price_usd": 78540, "tier": "rim con vista/privacidad (+10 %)", "slope_pct": 3.1, "elev_m": 702.4}, "geometry": {"type": "Polygon", "coordinates": [[[-70.45842488186241, 18.719781438934756], [-70.4583181685869, 18.71962306637307], [-70.4582609421702, 18.719538136818226], [-70.45855778375171, 18.719356547313176], [-70.45861501024193, 18.719441476772946], [-70.45872172365459, 18.719599849157355], [-70.45842488186241, 18.719781438934756]]]}}, {"type": "Feature", "properties": {"kind": "lot", "id": "H-23", "cluster": "rim", "area_m2": 1190, "price_usd_m2": 66, "price_usd": 78540, "tier": "rim con vista/privacidad (+10 %)", "slope_pct": 2.7, "elev_m": 702.3}, "geometry": {"type": "Polygon", "coordinates": [[[-70.45834239305995, 18.719036886412578], [-70.45839384433341, 18.71911324528737], [-70.45855778375171, 18.719356547313176], [-70.4582609421702, 18.719538136818226], [-70.45814845421769, 18.719371193462457], [-70.45834239305995, 18.719036886412578]]]}}, {"type": "Feature", "properties": {"kind": "lot", "id": "H-24", "cluster": "rim", "area_m2": 1239, "price_usd_m2": 66, "price_usd": 81774, "tier": "rim con vista/privacidad (+10 %)", "slope_pct": 4.3, "elev_m": 702.5}, "geometry": {"type": "Polygon", "coordinates": [[[-70.45830713432612, 18.718875185275845], [-70.45830582401994, 18.718877003893077], [-70.45830193427327, 18.718883011607925], [-70.45830081638769, 18.718884943333528], [-70.45829756020089, 18.71889128391536], [-70.45829664539731, 18.718893310326298], [-70.45829405382504, 18.71889992330442], [-70.45829335082804, 18.718902025074645], [-70.45829144858644, 18.71890884738052], [-70.45829096410061, 18.718911004465244], [-70.45828976933164, 18.71891797103395], [-70.45828950797761, 18.718920162860865], [-70.45828903207602, 18.71892720725159], [-70.45828899634635, 18.718929412917078], [-70.45828924385096, 18.718936467946826], [-70.4582894340865, 18.718938666415212], [-70.45829040263693, 18.718945664799516], [-70.45829081702337, 18.71894783510382], [-70.45829249738263, 18.718954710098416], [-70.45829313196798, 18.718956831540225], [-70.4582955081104, 18.718963517577635], [-70.45829635684258, 18.718965569924567], [-70.45829940610678, 18.718972003239394], [-70.4583004608914, 18.718973966918014], [-70.45830415419631, 18.718980086155106], [-70.45830475578894, 18.71898102885337], [-70.45834239305995, 18.719036886412578], [-70.45814845421769, 18.719371193462457], [-70.45809700296262, 18.719294834520078], [-70.45793306423961, 18.719051532040332], [-70.45804355385305, 18.71898394146362], [-70.45827605161348, 18.71884171362168], [-70.45830855268905, 18.718873409227093], [-70.45830713432612, 18.718875185275845]]]}}, {"type": "Feature", "properties": {"kind": "lot", "id": "H-25", "cluster": "rim", "area_m2": 1106, "price_usd_m2": 66, "price_usd": 72996, "tier": "rim con vista/privacidad (+10 %)", "slope_pct": 7.6, "elev_m": 703.3}, "geometry": {"type": "Polygon", "coordinates": [[[-70.45785081587051, 18.71892946638422], [-70.45784941654169, 18.71892715841417], [-70.45784860278626, 18.71892546820695], [-70.45784795868606, 18.71892371282951], [-70.45784748989955, 18.718921907702853], [-70.45784720054502, 18.71892006868514], [-70.45784704663069, 18.718917407300722], [-70.45784684990979, 18.718894457594793], [-70.45784684982836, 18.71889444955636], [-70.45784684763679, 18.71889426199623], [-70.45784684753036, 18.718894253958076], [-70.4578468427727, 18.71889393244239], [-70.45784684264123, 18.71889392440456], [-70.45784683928215, 18.71889373686004], [-70.45784683912568, 18.71889372882262], [-70.45784683011392, 18.718893300191045], [-70.45784682993242, 18.718893292154107], [-70.45784682540594, 18.718893104631945], [-70.45784682519943, 18.71889309659555], [-70.45784681643931, 18.71889277515649], [-70.45784681620779, 18.718892767120728], [-70.45784681051406, 18.71889257962733], [-70.45784681025754, 18.718892571592235], [-70.45784679950152, 18.71889225035537], [-70.45784679922, 18.718892242321033], [-70.4578467923592, 18.71889205486311], [-70.45784679205268, 18.718892046829637], [-70.45784677929132, 18.71889172551203], [-70.45784677895979, 18.718891717479448], [-70.4578467709322, 18.718891530063814], [-70.45784677057567, 18.718891522032212], [-70.45784675089449, 18.71889109372513], [-70.45784675051294, 18.718891085694576], [-70.45784674131883, 18.718890898327377], [-70.4578467409123, 18.71889089029789], [-70.45784672415152, 18.718890569147167], [-70.45784672372, 18.718890561118865], [-70.4578467133597, 18.718890373807092], [-70.45784671290319, 18.718890365780087], [-70.45784619723909, 18.71888154076535], [-70.45784619625114, 18.718881524715353], [-70.45784617203346, 18.718881150283842], [-70.4578461709456, 18.718881134239712], [-70.45784612543699, 18.718880492636806], [-70.45784612424929, 18.718880476599097], [-70.4578460953717, 18.718880102467484], [-70.45784609408419, 18.718880086436762], [-70.45784602276805, 18.718879231809964], [-70.45784602138077, 18.7188792157868], [-70.45784598784739, 18.718878842008127], [-70.45784598636038, 18.718878825993112], [-70.45784592489008, 18.718878185599362], [-70.45784592330342, 18.71887816959302], [-70.45784588511893, 18.718877796219477], [-70.45784588343264, 18.71887778022238], [-70.45784581412099, 18.718877141738915], [-70.45784581233514, 18.71887712575163], [-70.45784576950494, 18.718876752836156], [-70.45784576761963, 18.718876736859258], [-70.45784569022226, 18.718876098035288], [-70.45784568823751, 18.718876082069333], [-70.45784564076762, 18.71887570966409], [-70.45784563868352, 18.718875693709602], [-70.45784552490304, 18.718874843267912], [-70.45784552271965, 18.718874827325486], [-70.45784547061673, 18.71887445548302], [-70.45784546833416, 18.718874439553222], [-70.45784537505332, 18.718873802658788], [-70.45784537267161, 18.718873786742176], [-70.45784531594302, 18.71887341551477], [-70.45784531346227, 18.718873399611894], [-70.45784399838672, 18.718865137849644], [-70.45784399580702, 18.71886512196107], [-70.45784393446075, 18.71886475140106], [-70.4578439317822, 18.71886473552736], [-70.45784382267036, 18.718864100920577], [-70.45784381989303, 18.71886408506227], [-70.45784375393768, 18.718863715221605], [-70.45784375106167, 18.718863699379277], [-70.457843595073, 18.71886285503724], [-70.45784359209844, 18.71886283921145], [-70.45784352154332, 18.718862470142383], [-70.4578435184703, 18.718862454333692], [-70.45784339358889, 18.718861822371956], [-70.45784339041752, 18.7188618065809], [-70.45784331527253, 18.71886143833524], [-70.4578433120029, 18.71886142256238], [-70.4578431795053, 18.718860793209902], [-70.45784317613756, 18.7188607774558], [-70.45784309641326, 18.71886041008538], [-70.4578430929475, 18.71886039435059], [-70.45784295236683, 18.71885976538965], [-70.45784294880319, 18.71885974967472], [-70.45784286451085, 18.71885938323135], [-70.45784286084945, 18.718859367536844], [-70.45784266300372, 18.71885853119515], [-70.45784265924468, 18.71885851552161], [-70.45784257039617, 18.718858150056835], [-70.45784256653963, 18.718858134404822], [-70.45784241033881, 18.718857508798685], [-70.4578424063849, 18.718857493168734], [-70.45784231299265, 18.718857128733756], [-70.45784230894152, 18.718857113126425], [-70.45784100301175, 18.71885214519021], [-70.45784044777797, 18.71884951036037], [-70.45784024425951, 18.71884764553362], [-70.45784022640012, 18.718845770728684], [-70.45784039435925, 18.718843902689244], [-70.45784074663689, 18.718842058098524], [-70.45784128008688, 18.718840253430365], [-70.45784198994501, 18.718838504802143], [-70.45784286987163, 18.718836827830557], [-70.45784391200817, 18.718835237492573], [-70.45784510704746, 18.718833747991237], [-70.45784702386206, 18.71883177657516], [-70.45784719556751, 18.718831615920987], [-70.45793715666984, 18.718747444820952], [-70.4580610844542, 18.71863207350352], [-70.45827605161348, 18.71884171362168], [-70.45804355385305, 18.71898394146362], [-70.45793306423961, 18.719051532040332], [-70.45785081587051, 18.71892946638422]]]}}, {"type": "Feature", "properties": {"kind": "lot", "id": "H-26", "cluster": "rim", "area_m2": 1191, "price_usd_m2": 66, "price_usd": 78606, "tier": "rim con vista/privacidad (+10 %)", "slope_pct": 2.5, "elev_m": 702.5}, "geometry": {"type": "Polygon", "coordinates": [[[-70.45821041953594, 18.7184930488056], [-70.4582780925543, 18.718429937959286], [-70.45852483342736, 18.718670144466095], [-70.45846443284746, 18.718726473185463], [-70.45845692536204, 18.718733474555485], [-70.45831895886184, 18.71886191566743], [-70.45831815065317, 18.71886270574578], [-70.458313110766, 18.71886787955947], [-70.45831162053575, 18.71886956772405], [-70.45830855268905, 18.718873409227093], [-70.45827605161348, 18.71884171362168], [-70.4580610844542, 18.71863207350352], [-70.45821041953594, 18.7184930488056]]]}}, {"type": "Feature", "properties": {"kind": "lot", "id": "H-27", "cluster": "rim", "area_m2": 1196, "price_usd_m2": 66, "price_usd": 78936, "tier": "rim con vista/privacidad (+10 %)", "slope_pct": 1.5, "elev_m": 702.2}, "geometry": {"type": "Polygon", "coordinates": [[[-70.4582780925543, 18.718429937959286], [-70.45845946014514, 18.718260796915402], [-70.4584594625716, 18.71826079464981], [-70.45845951915443, 18.718260741755113], [-70.45845952157799, 18.718260739486812], [-70.4584598633699, 18.718260419209162], [-70.45845986743355, 18.718260415393647], [-70.45845996215783, 18.718260326275054], [-70.4584599662134, 18.718260322451837], [-70.45849489299783, 18.718227330520907], [-70.45874324206629, 18.718466027393298], [-70.45870829585047, 18.71849903772116], [-70.4587067445462, 18.718500495512586], [-70.45870621682674, 18.718500988567417], [-70.45852483342736, 18.718670144466095], [-70.4582780925543, 18.718429937959286]]]}}, {"type": "Feature", "properties": {"kind": "lot", "id": "H-28", "cluster": "rim", "area_m2": 1188, "price_usd_m2": 66, "price_usd": 78408, "tier": "rim con vista/privacidad (+10 %)", "slope_pct": 2.0, "elev_m": 702.5}, "geometry": {"type": "Polygon", "coordinates": [[[-70.45849489299783, 18.718227330520907], [-70.4586993544529, 18.71803419533013], [-70.45871035534742, 18.718023858057016], [-70.45895810937839, 18.718263115176644], [-70.45894752141396, 18.71827306443412], [-70.45894749934361, 18.718273085200266], [-70.4589473581845, 18.718273218191676], [-70.45894733614264, 18.718273238985354], [-70.45874324206629, 18.718466027393298], [-70.45849489299783, 18.718227330520907]]]}}, {"type": "Feature", "properties": {"kind": "lot", "id": "H-29", "cluster": "rim", "area_m2": 1287, "price_usd_m2": 60, "price_usd": 77220, "tier": "inner row, car-free (base)", "slope_pct": 1.3, "elev_m": 702.3}, "geometry": {"type": "Polygon", "coordinates": [[[-70.45923266789559, 18.71852540744395], [-70.45893861558858, 18.718370536251417], [-70.45899402892549, 18.7183181924251], [-70.45902529421834, 18.7182888131201], [-70.4592278431646, 18.718098481992893], [-70.45945422976786, 18.718317209994268], [-70.45929899254752, 18.718463083515903], [-70.45925168085124, 18.718507541362555], [-70.45923266789559, 18.71852540744395]]]}}, {"type": "Feature", "properties": {"kind": "lot", "id": "H-30", "cluster": "rim", "area_m2": 1190, "price_usd_m2": 66, "price_usd": 78540, "tier": "rim con vista/privacidad (+10 %)", "slope_pct": 2.4, "elev_m": 702.9}, "geometry": {"type": "Polygon", "coordinates": [[[-70.45871035534742, 18.718023858057016], [-70.45892640138426, 18.71782084447932], [-70.45917409396719, 18.718060159244448], [-70.45895810937839, 18.718263115176644], [-70.45871035534742, 18.718023858057016]]]}}, {"type": "Feature", "properties": {"kind": "lot", "id": "H-31", "cluster": "rim", "area_m2": 1189, "price_usd_m2": 66, "price_usd": 78474, "tier": "rim con vista/privacidad (+10 %)", "slope_pct": 2.4, "elev_m": 703.3}, "geometry": {"type": "Polygon", "coordinates": [[[-70.45892640138426, 18.71782084447932], [-70.45895765672817, 18.717791474480848], [-70.45902675959262, 18.717726540051395], [-70.45909676308663, 18.71766095016598], [-70.45914258174965, 18.71761802037066], [-70.45938990859743, 18.71785767802899], [-70.45934409010817, 18.71790060772762], [-70.4592743382165, 18.717965961902948], [-70.45927424736679, 18.71796604715692], [-70.45920534915633, 18.718030789377533], [-70.45917409396719, 18.718060159244448], [-70.45892640138426, 18.71782084447932]]]}}, {"type": "Feature", "properties": {"kind": "lot", "id": "H-32", "cluster": "rim", "area_m2": 1019, "price_usd_m2": 60, "price_usd": 61140, "tier": "inner row, car-free (base)", "slope_pct": 1.1, "elev_m": 702.6}, "geometry": {"type": "Polygon", "coordinates": [[[-70.45965660096948, 18.71812734429419], [-70.4596166827541, 18.718164745784538], [-70.45954705368274, 18.71822998509241], [-70.45947834445833, 18.71829454983664], [-70.45945422976786, 18.718317209994268], [-70.4592278431646, 18.718098481992893], [-70.45925195807769, 18.718075821658097], [-70.45932083416385, 18.71801110020841], [-70.4593906302445, 18.717945704512484], [-70.45943054881798, 18.71790830273927], [-70.45965660096948, 18.71812734429419]]]}}, {"type": "Feature", "properties": {"kind": "lot", "id": "H-33", "cluster": "rim", "area_m2": 1194, "price_usd_m2": 66, "price_usd": 78804, "tier": "rim con vista/privacidad (+10 %)", "slope_pct": 2.7, "elev_m": 703.6}, "geometry": {"type": "Polygon", "coordinates": [[[-70.45914258174965, 18.71761802037066], [-70.45927292256196, 18.717495897377024], [-70.4592729266854, 18.71749589350568], [-70.45927302280298, 18.71749580308081], [-70.45927302691817, 18.71749579920145], [-70.45935870234663, 18.717414869234027], [-70.4596070510663, 18.717653565824577], [-70.45952151948119, 18.71773436023272], [-70.459520262516, 18.71773554256733], [-70.45938990859743, 18.71785767802899], [-70.45914258174965, 18.71761802037066]]]}}, {"type": "Feature", "properties": {"kind": "lot", "id": "H-34", "cluster": "rim", "area_m2": 1022, "price_usd_m2": 60, "price_usd": 61320, "tier": "inner row, car-free (base)", "slope_pct": 2.4, "elev_m": 703.1}, "geometry": {"type": "Polygon", "coordinates": [[[-70.45986010945818, 18.717936160169558], [-70.45979522015597, 18.717997455665024], [-70.45979467118853, 18.71799797313262], [-70.45979337988257, 18.717999187771134], [-70.45979287125061, 18.71799966526966], [-70.45965660096948, 18.71812734429419], [-70.45943054881798, 18.71790830273927], [-70.45956681911804, 18.717780623876735], [-70.45956687856854, 18.717780568065297], [-70.45956816987467, 18.717779353428327], [-70.45956823403972, 18.717779292945174], [-70.45963312335232, 18.717717997527075], [-70.45986010945818, 18.717936160169558]]]}}, {"type": "Feature", "properties": {"kind": "lot", "id": "H-35", "cluster": "rim", "area_m2": 1020, "price_usd_m2": 60, "price_usd": 61200, "tier": "inner row, car-free (base)", "slope_pct": 2.6, "elev_m": 703.8}, "geometry": {"type": "Polygon", "coordinates": [[[-70.46006213391983, 18.717745324151835], [-70.45997598963618, 18.71782669770042], [-70.45986010945818, 18.717936160169558], [-70.45963312335232, 18.717717997527075], [-70.45983514784635, 18.717527161750233], [-70.46006213391983, 18.717745324151835]]]}}, {"type": "Feature", "properties": {"kind": "lot", "id": "H-36", "cluster": "rim", "area_m2": 1190, "price_usd_m2": 66, "price_usd": 78540, "tier": "rim con vista/privacidad (+10 %)", "slope_pct": 3.2, "elev_m": 704.3}, "geometry": {"type": "Polygon", "coordinates": [[[-70.45935870234663, 18.717414869234027], [-70.4595741953719, 18.717211311621075], [-70.45982254380138, 18.717450007687933], [-70.4596070510663, 18.717653565824577], [-70.45935870234663, 18.717414869234027]]]}}, {"type": "Feature", "properties": {"kind": "lot", "id": "H-37", "cluster": "rim", "area_m2": 1191, "price_usd_m2": 66, "price_usd": 78606, "tier": "rim con vista/privacidad (+10 %)", "slope_pct": 2.2, "elev_m": 705.1}, "geometry": {"type": "Polygon", "coordinates": [[[-70.4595741953719, 18.717211311621075], [-70.45962688745671, 18.717161537861127], [-70.45978960848856, 18.717007649040298], [-70.46003810312698, 18.717246206417673], [-70.459875226202, 18.717400242880778], [-70.45982254380138, 18.717450007687933], [-70.4595741953719, 18.717211311621075]]]}}, {"type": "Feature", "properties": {"kind": "lot", "id": "H-38", "cluster": "rim", "area_m2": 1572, "price_usd_m2": 60, "price_usd": 94320, "tier": "inner row, car-free (base)", "slope_pct": 2.6, "elev_m": 704.7}, "geometry": {"type": "Polygon", "coordinates": [[[-70.4602390120529, 18.717145313437037], [-70.46034676611391, 18.717248757964892], [-70.46026998731547, 18.717347111675352], [-70.46017506635039, 18.71746870532731], [-70.46026422474306, 18.717554297791448], [-70.46020373438596, 18.717611505006627], [-70.46014894952192, 18.717663316349004], [-70.46006213391983, 18.717745324151835], [-70.45983514784635, 18.717527161750233], [-70.45992196346232, 18.71744515405091], [-70.46003710527438, 18.717336261797115], [-70.4602390120529, 18.717145313437037]]]}}, {"type": "Feature", "properties": {"kind": "lot", "id": "H-39", "cluster": "rim", "area_m2": 1190, "price_usd_m2": 66, "price_usd": 78540, "tier": "rim con vista/privacidad (+10 %)", "slope_pct": 2.3, "elev_m": 705.7}, "geometry": {"type": "Polygon", "coordinates": [[[-70.45978960848856, 18.717007649040298], [-70.46000497561135, 18.716803971046854], [-70.46019845734534, 18.716989715377753], [-70.4602534702315, 18.71704252816255], [-70.46003810312698, 18.717246206417673], [-70.45978960848856, 18.717007649040298]]]}}, {"type": "Feature", "properties": {"kind": "lot", "id": "H-40", "cluster": "rim", "area_m2": 1835, "price_usd_m2": 66, "price_usd": 121110, "tier": "rim con vista/privacidad (+10 %)", "slope_pct": 3.3, "elev_m": 706.6}, "geometry": {"type": "Polygon", "coordinates": [[[-70.46029315171495, 18.71653352101475], [-70.46029534881104, 18.716531668738703], [-70.46029700722198, 18.7165305262425], [-70.46029877534697, 18.71652954441862], [-70.46030063609962, 18.716528732754966], [-70.4603025714985, 18.716528099095086], [-70.46030456284065, 18.71652764956243], [-70.46030659088262, 18.716527388501063], [-70.46030863602624, 18.716527318433787], [-70.46031067850824, 18.716527440037694], [-70.46031269859083, 18.716527752137655], [-70.46031467675284, 18.716528251717676], [-70.46031659387818, 18.716528933950023], [-70.46031922803911, 18.71653016431855], [-70.46043091831488, 18.716588989019296], [-70.46035047251263, 18.71672766523217], [-70.46067020062385, 18.717039643323574], [-70.46063177175999, 18.71710737031828], [-70.46056256600315, 18.717071718750823], [-70.4605620019328, 18.71707141951076], [-70.46054406244869, 18.717061623435427], [-70.46054400808595, 18.717061592669225], [-70.46054330679566, 18.717061164440757], [-70.46050982273563, 18.717039585474758], [-70.4605077609431, 18.71703810991553], [-70.46047762836574, 18.717014233217853], [-70.46047572980011, 18.717012570636165], [-70.46045163363311, 18.716989270315853], [-70.46045079488495, 18.71698849821335], [-70.4604453026191, 18.716983685522205], [-70.4604435107364, 18.71698226380557], [-70.46043754883034, 18.716977988520814], [-70.46043561903079, 18.716976741417916], [-70.46042924516529, 18.716973044902424], [-70.46042719611948, 18.716971984478842], [-70.46042047196092, 18.71696890249594], [-70.46041832349314, 18.716968039011135], [-70.46041131409693, 18.716965601378643], [-70.46040908699334, 18.71696494318674], [-70.46040186017453, 18.716963173488445], [-70.46039957598207, 18.71696272695736], [-70.46039220165925, 18.716961642314892], [-70.4603898824772, 18.716961411764757], [-70.46038243199602, 18.716961022671907], [-70.46038010026219, 18.71696101033328], [-70.46037264570512, 18.716961320554464], [-70.46037032397872, 18.716961526546715], [-70.46036293746768, 18.716962533080608], [-70.46036064821115, 18.716962955410793], [-70.4603534012097, 18.7169646485193], [-70.4603511665713, 18.716965283101427], [-70.46034412919332, 18.71696764640395], [-70.46034197079288, 18.716968487098516], [-70.46033521112413, 18.716971497730402], [-70.46033314984396, 18.716972536403794], [-70.46032673328341, 18.716976165237554], [-70.46032478906614, 18.716977391840732], [-70.46031877769329, 18.71698160376784], [-70.46031696934897, 18.716983006433587], [-70.46031142132317, 18.716987760704157], [-70.46031057362678, 18.716988523882726], [-70.4602534702315, 18.71704252816255], [-70.46019845734534, 18.716989715377753], [-70.46000497561135, 18.716803971046854], [-70.4601564144801, 18.71666075115595], [-70.46015663994638, 18.716660539654423], [-70.46022064575614, 18.716600984890334], [-70.46029315171495, 18.71653352101475]]]}}, {"type": "Feature", "properties": {"kind": "plaza", "label": "Plaza comercial y estacionamiento (fuera del port\u00f3n, en el sitio de la casa actual)", "area_m2": 3309}, "geometry": {"type": "MultiPolygon", "coordinates": [[[[-70.46134108596283, 18.71705492848542], [-70.4613392978736, 18.717053986755218], [-70.46133940853447, 18.717053221504504], [-70.46133990275412, 18.71704781048256], [-70.46134002473995, 18.717044644255072], [-70.46133994823235, 18.717039213269633], [-70.4613397370997, 18.71703605130271], [-70.46133909063292, 18.717030654869994], [-70.46133854850125, 18.717027528903408], [-70.46133733856456, 18.717022221192785], [-70.46133647087578, 18.717019162605006], [-70.46133470961463, 18.71701399689525], [-70.46133352507867, 18.717011036388346], [-70.46133123017269, 18.717006064532818], [-70.46132974067991, 18.71700323182435], [-70.4613269351654, 18.716998503730483], [-70.46132515566738, 18.716995827255143], [-70.46132186770612, 18.71699139038352], [-70.4613198160655, 18.716988897007738], [-70.46131607866205, 18.716984795895623], [-70.46131377547319, 18.71698251064788], [-70.46130962614363, 18.71697878646219], [-70.46130709452594, 18.71697673228179], [-70.46130257492122, 18.71697342240585], [-70.46129984028703, 18.71697161991262], [-70.4612949957749, 18.716968757570935], [-70.46129356083266, 18.716967956465023], [-70.4611799098977, 18.716908099970937], [-70.46117847179801, 18.716907385704477], [-70.46117348133906, 18.71690505300332], [-70.46117050395172, 18.71690382938581], [-70.46116529841258, 18.71690197183549], [-70.46116220992144, 18.716901030898217], [-70.46115683898998, 18.71689966622939], [-70.46115366887528, 18.716899016953782], [-70.46114818381803, 18.716898158192475], [-70.46114496233908, 18.716897806776], [-70.46113941551195, 18.716897462119253], [-70.46113779510898, 18.71689739926852], [-70.46110936039881, 18.716896958961936], [-70.4611090447346, 18.716896954073906], [-70.4612156307776, 18.716898604518313], [-70.4612170348329, 18.71689865933428], [-70.46121866810076, 18.716898761651578], [-70.46122145913446, 18.716899068985665], [-70.46122237964889, 18.716899214546054], [-70.461225125253, 18.716899782717185], [-70.46122670565339, 18.716900188575323], [-70.46122805302537, 18.716900568840895], [-70.46129076732547, 18.716919886265433], [-70.46133289530098, 18.716932862621256], [-70.46133318607752, 18.71693295218688], [-70.46133495974223, 18.716933380538617], [-70.46133526018731, 18.716933433756925], [-70.46136978209816, 18.71693954867347], [-70.46137858586724, 18.716941108096854], [-70.4613799893785, 18.71694139176732], [-70.46138161479071, 18.71694176133272], [-70.4613843679005, 18.71694252897718], [-70.4613852674471, 18.7169428274758], [-70.46138792542486, 18.71694385540498], [-70.46138878884881, 18.71694423870622], [-70.4613913246681, 18.7169455164681], [-70.46139214318995, 18.716945980674513], [-70.46139453106589, 18.716947495276486], [-70.46139529636278, 18.716948035667908], [-70.46139751201524, 18.716949771709352], [-70.46139821630553, 18.71695038279104], [-70.46140023720544, 18.716952322619647], [-70.46140087332779, 18.716952998178005], [-70.46140267892629, 18.716955122069294], [-70.46140324041251, 18.71695585523516], [-70.46140481234998, 18.716958141593032], [-70.4614052934908, 18.71695892491147], [-70.46140661578357, 18.716961350487956], [-70.46140731032217, 18.716962798685437], [-70.46140787354707, 18.71696405602181], [-70.46141123790461, 18.716972124269066], [-70.46141171866132, 18.71697336452531], [-70.4614122415176, 18.716974821798647], [-70.4614130099098, 18.716977361896667], [-70.4614132216459, 18.71697821642513], [-70.46141372670903, 18.716980815762152], [-70.46141385007952, 18.716981685879233], [-70.46141408700989, 18.716984319732607], [-70.46141412084137, 18.716985197162458], [-70.46141408738544, 18.716987840481075], [-70.46141403135613, 18.716988716878323], [-70.4614137278321, 18.716991344521208], [-70.4614135824749, 18.716992211550288], [-70.46141301176962, 18.716994798525477], [-70.46141277846706, 18.71699564793991], [-70.46141194600858, 18.716998169642245], [-70.46141162697961, 18.716998993363145], [-70.46141054068558, 18.71700142580826], [-70.46141013896455, 18.71700221600107], [-70.46140880916687, 18.717004536053597], [-70.46140832857459, 18.717005285202642], [-70.46140676792118, 18.71700747079619], [-70.46140621302867, 18.71700817177618], [-70.46140443636317, 18.717010202123134], [-70.46140381244808, 18.717010848266955], [-70.46140183666864, 18.717012704056376], [-70.46140114966516, 18.71701328921843], [-70.46139899356378, 18.717014952799556], [-70.4613982500061, 18.71701547141425], [-70.46139593408972, 18.717016926964543], [-70.46139454307064, 18.717017711254243], [-70.46139333201158, 18.717018356610524], [-70.46138367606355, 18.717023211435553], [-70.46134652521089, 18.717041890163035], [-70.46134632917231, 18.717041988727395], [-70.46134576591129, 18.717042304830805], [-70.4613455209358, 18.717042882308117], [-70.46134544756215, 18.71704308160402], [-70.46134108596283, 18.71705492848542]]], [[[-70.46079698972336, 18.715972534650604], [-70.46079799618701, 18.715971642416967], [-70.4607991945946, 18.715970630380138], [-70.4608013372542, 18.715968990000416], [-70.460802075764, 18.71596847852276], [-70.46080437456536, 18.71596704283225], [-70.46080516143213, 18.715966601653125], [-70.46080759491488, 18.715965384054684], [-70.4608084227929, 18.715965017292692], [-70.46081096823914, 18.715964029153252], [-70.46081182939969, 18.715963740232315], [-70.46081446304659, 18.715962990776575], [-70.46081534945037, 18.715962782393902], [-70.46081804671145, 18.715962278618452], [-70.46081895008341, 18.7159621527194], [-70.46082168577831, 18.71596189932721], [-70.460822597685, 18.71596185708711], [-70.46082534627496, 18.715961856443716], [-70.46082625820337, 18.715961898256904], [-70.46082899402859, 18.715962150368313], [-70.4608298974653, 18.71596227584442], [-70.46083259498587, 18.715962778357074], [-70.46083348149698, 18.715962986324737], [-70.46083611552996, 18.7159637345474], [-70.4608369768394, 18.71596402306514], [-70.46083952279481, 18.715965010012766], [-70.4608403508618, 18.71596537638711], [-70.4608427849721, 18.71596659284614], [-70.46084357206628, 18.71596703365682], [-70.46084587160763, 18.715968468270923], [-70.46084661038108, 18.715968979402756], [-70.46084875388622, 18.71597061877913], [-70.4608494374421, 18.715971195460455], [-70.46085140490037, 18.71597302429471], [-70.46085202685734, 18.715973661141895], [-70.46085379990156, 18.71597566236105], [-70.46085435445337, 18.715976353428836], [-70.46085591653116, 18.715978508350336], [-70.4608563985008, 18.715979247187235], [-70.46085773502953, 18.71598153569405], [-70.46085813991756, 18.715982315402705], [-70.46085923841999, 18.71598471613032], [-70.46085980674945, 18.715986142628026], [-70.46086026344653, 18.715987378106174], [-70.46088652468943, 18.716064304627164], [-70.46090933912714, 18.716131134425474], [-70.46090943685871, 18.716131420708184], [-70.4609101403792, 18.71613309368422], [-70.46091027715444, 18.716133365060188], [-70.46093296447185, 18.71617837898675], [-70.46097235150174, 18.716256526758862], [-70.46097241837748, 18.716256659446877], [-70.46097284640783, 18.716257442282632], [-70.4609729222089, 18.716257570539916], [-70.46109951074409, 18.716471761130627], [-70.46110018484337, 18.71647297238237], [-70.46110093226784, 18.71647440158718], [-70.46110208349174, 18.716476913697793], [-70.46110242100418, 18.71647776520086], [-70.4611033000657, 18.71648037525486], [-70.46110354559569, 18.71648125488458], [-70.46110414350483, 18.716483936189427], [-70.4611042945414, 18.716484834950005], [-70.46110460518341, 18.716487560084445], [-70.46110466018189, 18.716488468784387], [-70.46110468037989, 18.71649120987894], [-70.46110463877784, 18.716492119225148], [-70.46110436832524, 18.716494848247116], [-70.4611042305481, 18.716495748939856], [-70.46110367221075, 18.716498437979993], [-70.46110343966755, 18.71649932080804], [-70.46110259915547, 18.71650194236603], [-70.46110227422436, 18.71650279830084], [-70.46110116013328, 18.716505325566434], [-70.46110074613729, 18.71650614585452], [-70.46109936986083, 18.7165085529818], [-70.46109887103381, 18.716509329234228], [-70.4610972466469, 18.716511591605908], [-70.46109666809026, 18.71651231588405], [-70.4610948122052, 18.716514410363278], [-70.46109415983578, 18.71651507526006], [-70.46109209143239, 18.716516980426885], [-70.46109137192181, 18.71651757914256], [-70.46108911215332, 18.716519275513193], [-70.46108774500794, 18.7165201990179], [-70.46108655051361, 18.716520963394835], [-70.46076288257235, 18.71671695154838], [-70.4607626843723, 18.71671707156264], [-70.46076215332882, 18.71671742947072], [-70.46076221313912, 18.71671738916029], [-70.46076221229055, 18.716717388553], [-70.46076202827129, 18.716716880553278], [-70.46076191684423, 18.716716515232516], [-70.46076142558505, 18.71671504027205], [-70.46075961246277, 18.71671002554673], [-70.46075840589174, 18.71670715309198], [-70.46075608715189, 18.716702331192053], [-70.46075459176521, 18.716699584832046], [-70.46075178960338, 18.716695001913912], [-70.4607500197153, 18.716692407937472], [-70.46074676095456, 18.716688107869956], [-70.46074473350691, 18.71668569110726], [-70.46074104934094, 18.716681715051664], [-70.46073878374096, 18.71667949863655], [-70.46073470943554, 18.716675884652652], [-70.46073222737013, 18.71667388980118], [-70.46072780192551, 18.7166706724829], [-70.46072512715364, 18.716668918290285], [-70.46072039293131, 18.71666612843457], [-70.46071899121608, 18.71666534692722], [-70.46059983192777, 18.71660258873804], [-70.46084754204045, 18.716175572077187], [-70.46084918069367, 18.716172387520995], [-70.46085048386794, 18.716169065256956], [-70.46085143901304, 18.716165637280287], [-70.46085203693039, 18.71616213660429], [-70.46085227186174, 18.716158596942392], [-70.46085214154462, 18.716155052383467], [-70.46085164723405, 18.716151537063553], [-70.46085079369055, 18.7161480848371], [-70.46084958913423, 18.716144728950926], [-70.46084804516563, 18.71614150172405], [-70.46084617665403, 18.716138434236417], [-70.46084400159424, 18.716135556029602], [-70.46084154093327, 18.716132894822294], [-70.46083881836863, 18.716130476243364], [-70.4608358601201, 18.716128323585046], [-70.46083269467724, 18.716126457578596], [-70.46082935252495, 18.716124896194682], [-70.46082586585003, 18.71612365447026], [-70.46082226823098, 18.716122744363823], [-70.46081859431484, 18.71612217464018], [-70.46081487948344, 18.716121950786082], [-70.46081115951257, 18.716122074957372], [-70.46080747022758, 18.716122545958207], [-70.46080384715829, 18.716123359252606], [-70.46080032519679, 18.716124507008093], [-70.46079693826151, 18.716125978171167], [-70.46079371897044, 18.716127758573737], [-70.46079069832713, 18.71612983106956], [-70.46078790542201, 18.71613217569939], [-70.4607853671523, 18.716134769883144], [-70.4607831079629, 18.716137588637448], [-70.46078114961105, 18.716140604816157], [-70.46053343936936, 18.71656762139864], [-70.46035193942888, 18.7164720296113], [-70.46035049232691, 18.716471311128345], [-70.46034547029738, 18.716468965429968], [-70.46034247373709, 18.716467735960535], [-70.46033723426343, 18.7164658714301], [-70.46033412549276, 18.71646492824324], [-70.46032871920697, 18.716463562898756], [-70.46032552826772, 18.716462915109012], [-70.46032000741373, 18.716462062144576], [-70.46031676514173, 18.71646171601192], [-70.46031118307067, 18.716461383670207], [-70.46030792079782, 18.716461342539514], [-70.46030233145235, 18.716461534032128], [-70.4602990807038, 18.716461798300852], [-70.46029353809692, 18.71646251177732], [-70.4602903302865, 18.716463078891707], [-70.46028488797951, 18.71646430745728], [-70.46028175410609, 18.71646517193698], [-70.46027646469105, 18.716466903719365], [-70.46027343503899, 18.71646805721044], [-70.46026834963051, 18.716470275474453], [-70.46026545347708, 18.71647170683005], [-70.46026062121832, 18.71647439013937], [-70.46025788655064, 18.716476085527518], [-70.46025335413849, 18.716479207951807], [-70.46025115099877, 18.716480888828862], [-70.46025082321292, 18.716480716191203], [-70.46079698972336, 18.715972534650604]]], [[[-70.46090387316485, 18.71679047209182], [-70.46110691015332, 18.716896306006404], [-70.46110691009383, 18.71689630597616], [-70.46090394490314, 18.716790509862882], [-70.46090387291316, 18.716790472447887], [-70.46090362592444, 18.71679034445866], [-70.46090355383768, 18.71679030721328], [-70.46090222451312, 18.716789622408836], [-70.46090374963313, 18.716790408077724], [-70.46090387316485, 18.71679047209182]]]]}}, {"type": "Feature", "properties": {"kind": "club", "label": "Clubhouse, piscina y terraza-mirador al valle (toe of the hill, ~720 m, before Parcela 2)", "area_m2": 3518}, "geometry": {"type": "Polygon", "coordinates": [[[-70.45854229731047, 18.721053568430264], [-70.45854222244058, 18.721053642134482], [-70.45854118819564, 18.721054009534214], [-70.45853757862508, 18.72105509958893], [-70.45853387297696, 18.721055841308758], [-70.45853010817963, 18.721056227302174], [-70.4585272310185, 18.721056247378], [-70.45852111467296, 18.721052641853785], [-70.45849191282144, 18.721031392390586], [-70.45849100457566, 18.721028380954493], [-70.45849032682334, 18.721024831345357], [-70.45849002387807, 18.72102123503752], [-70.45849009875882, 18.72101762786975], [-70.45849055071935, 18.721014045789012], [-70.45849137525565, 18.721010524492293], [-70.45849256415083, 18.721007099070828], [-70.45849410555704, 18.721003803660402], [-70.45849598411347, 18.721000671101194], [-70.4584981810995, 18.720997732610503], [-70.45850004933199, 18.7209956983348], [-70.45850004702402, 18.72099569640435], [-70.45850065208528, 18.720995039669603], [-70.45850128975175, 18.720994411565762], [-70.4585007832974, 18.720993683002092], [-70.4584787444092, 18.72096197878847], [-70.45847737881151, 18.720960014296782], [-70.45847547769854, 18.72095696414535], [-70.45847389958148, 18.720953751100218], [-70.45847265966485, 18.720950406117865], [-70.45847176989476, 18.720946961425938], [-70.45847123884377, 18.72094345021274], [-70.45847107162837, 18.720939906307493], [-70.45847126985959, 18.72093636385437], [-70.45847183162749, 18.720932856983556], [-70.45847275151968, 18.720929419482424], [-70.45847402067328, 18.72092608446999], [-70.45847562686048, 18.72092288407783], [-70.45847755460625, 18.720919849140493], [-70.4584797853375, 18.72091700889844], [-70.45848229756194, 18.720914390716313], [-70.4588556906093, 18.720561686146905], [-70.45885826108832, 18.7205592580823], [-70.45885825148551, 18.720559944691313], [-70.45885826745665, 18.720560380222633], [-70.45885849545388, 18.720562985965234], [-70.45885855539336, 18.72056341800386], [-70.4588590458329, 18.72056599069074], [-70.45885914918297, 18.720566415216318], [-70.45885989750101, 18.72056893090721], [-70.45886004329996, 18.720569343969284], [-70.45886104253299, 18.72057177925427], [-70.45886122942406, 18.720572177009068], [-70.45886247027369, 18.720574509226477], [-70.45886269651776, 18.72057488797268], [-70.4588641674372, 18.720577095419934], [-70.45886443092894, 18.720577451633087], [-70.45886611823047, 18.72057951376866], [-70.45886641651798, 18.720579844134004], [-70.45886830450033, 18.720581741768566], [-70.45886863480781, 18.72058204321187], [-70.45887070590227, 18.720583758686885], [-70.45887106515609, 18.72058402840305], [-70.45887330008996, 18.720585545755057], [-70.45887368494704, 18.720585781234224], [-70.458876062923, 18.720587086343418], [-70.45887646980204, 18.720587285394323], [-70.45887896869174, 18.720588366115944], [-70.45887939380648, 18.720588526886303], [-70.45888199035633, 18.720589373163627], [-70.45888242975086, 18.720589494157384], [-70.45888509979852, 18.720590098115327], [-70.45888554938404, 18.720590178206564], [-70.45888826808323, 18.720590534224968], [-70.45888872367604, 18.720590572668396], [-70.45889146572776, 18.720590677434295], [-70.45889169445316, 18.72059068091104], [-70.4590975131544, 18.720589077797467], [-70.459097745747, 18.72058907054378], [-70.45910053293603, 18.72058891830607], [-70.45910099560135, 18.720588871245578], [-70.45910375370848, 18.720588459437682], [-70.4591042093048, 18.720588369394218], [-70.45910691176798, 18.72058770198207], [-70.45910735590765, 18.7205875698228], [-70.45910997670066, 18.72058665323395], [-70.45911040510636, 18.720586480231642], [-70.45911291898953, 18.720585323293363], [-70.4591133275355, 18.72058511111411], [-70.45911571029873, 18.720583724968343], [-70.45911609505045, 18.720583475655562], [-70.45911832374642, 18.72058187365166], [-70.45911868099851, 18.720581589606365], [-70.45912073416369, 18.7205797871725], [-70.45912106047562, 18.720579471130215], [-70.45912291833687, 18.720577485624823], [-70.45912321056608, 18.720577140629192], [-70.4591248552312, 18.72057499117378], [-70.45912511056335, 18.72057462054732], [-70.45912652619333, 18.720572327842337], [-70.45912674216945, 18.720571935154357], [-70.45912791513098, 18.720569521279796], [-70.45912808959493, 18.720569110520284], [-70.45912877819285, 18.720567228743636], [-70.45912942898741, 18.720565449995426], [-70.45913300669119, 18.720557026024892], [-70.45913349501275, 18.720556021092374], [-70.45913792206662, 18.720547971817034], [-70.45913851141464, 18.720547017329235], [-70.45914374518355, 18.720539420267997], [-70.45914442988229, 18.72053852541713], [-70.45915041996211, 18.720531453733777], [-70.45914967831557, 18.72053232929634], [-70.45915106300065, 18.720533828738898], [-70.45915344387872, 18.720535946455755], [-70.45915603114284, 18.720537831618383], [-70.45915879987625, 18.720539466071664], [-70.4591617234145, 18.720540834074896], [-70.45916477360232, 18.720541922453446], [-70.45916792106475, 18.720542720725646], [-70.45917113548995, 18.720543221203684], [-70.45917438592124, 18.72054341906768], [-70.45917764105519, 18.72054331241211], [-70.45918086954305, 18.720542902264114], [-70.4591840402927, 18.72054219257365], [-70.45918712276807, 18.720541190175425], [-70.45919008728323, 18.72053990472309], [-70.45919290528826, 18.72053834859627], [-70.45919554964425, 18.720536536781303], [-70.45920093577332, 18.72053244990957], [-70.45918795343367, 18.72050531420037], [-70.45920223005332, 18.7205351552153], [-70.45921668480347, 18.72057542595861], [-70.45922692728445, 18.720616852754976], [-70.45923285885276, 18.720659036642584], [-70.45923442238104, 18.720701571368167], [-70.45923160280843, 18.720744047299373], [-70.45922442728565, 18.720786055369814], [-70.45921296491373, 18.720827191018515], [-70.45919732607862, 18.720867058086153], [-70.45917766138821, 18.7209052726302], [-70.45915416022204, 18.720941466622655], [-70.4591270489075, 18.720975291494305], [-70.4590965885403, 18.721006421491726], [-70.45906307246995, 18.72103455681451], [-70.45902682347472, 18.721059426502567], [-70.45898819065305, 18.721080791045672], [-70.45894754606155, 18.721098444690167], [-70.45890528113185, 18.721112217420497], [-70.45886180290077, 18.72112197659661], [-70.45881753009027, 18.72112762823144], [-70.45877288907481, 18.72112911789602], [-70.45872830977504, 18.721126431243746], [-70.45868422151725, 18.721119594148504], [-70.45864104889866, 18.721108672455557], [-70.45859920769813, 18.721093771347316], [-70.45855910087195, 18.721075034330465], [-70.45855210473594, 18.72107091018073], [-70.4585427420859, 18.7210543548941], [-70.45854229731047, 18.721053568430264]]]}}, {"type": "Feature", "properties": {"kind": "water", "label": "Laguna con fuente (aprox. 1,500 m\u00b2, forrada, recirculada), bajo la terraza del clubhouse", "area_m2": 1595}, "geometry": {"type": "Polygon", "coordinates": [[[-70.45926403340964, 18.72088748162041], [-70.45925312174045, 18.720871085885644], [-70.45924410750466, 18.72085282359134], [-70.45924377447477, 18.720851878364336], [-70.45924849507412, 18.720839844438213], [-70.4592496256522, 18.72083646525448], [-70.45926108801554, 18.72079532960413], [-70.45926186553025, 18.720791861104434], [-70.4592690410438, 18.7207498530332], [-70.45926945800754, 18.720746328621118], [-70.45927227757065, 18.720703852689994], [-70.4592723299681, 18.720700306307567], [-70.4592707664304, 18.720657771582957], [-70.45927045375727, 18.720654237383755], [-70.45926532694055, 18.72061777675443], [-70.45926762541141, 18.720612713911965], [-70.45928083903054, 18.72058810176566], [-70.4592956831415, 18.7205643483514], [-70.45931201478697, 18.720541682427196], [-70.45932967668399, 18.720520322277952], [-70.45934849873873, 18.72050047361324], [-70.45936829968463, 18.720482327586236], [-70.45938888882799, 18.720466058952802], [-70.45941006788458, 18.720451824388523], [-70.45943163288914, 18.72043976097982], [-70.45945337615957, 18.720429984903785], [-70.45947508829721, 18.720422590309298], [-70.45949656020318, 18.72041764841032], [-70.45951758509226, 18.72041520680011], [-70.45953796048424, 18.720415288992818], [-70.45955749015386, 18.72041789419708], [-70.4595759860206, 18.720422997323574], [-70.45958064390521, 18.72042503250183], [-70.45957900989728, 18.720549825274905], [-70.45957895918556, 18.720551296208367], [-70.45957154051278, 18.720684041185947], [-70.45956268033795, 18.720842579386066], [-70.45955178887506, 18.720854064909524], [-70.45953198790991, 18.720872210956852], [-70.45951139873515, 18.720888479607765], [-70.45949021963625, 18.720902714186003], [-70.4594686545801, 18.720914777604584], [-70.45944691125074, 18.720924553686075], [-70.45942519904918, 18.720931948281375], [-70.45940372707668, 18.72093689017648], [-70.45938270212103, 18.72093933177829], [-70.45936232666504, 18.720939249572965], [-70.45934279693638, 18.72093664435237], [-70.45932430101787, 18.72093154120645], [-70.45930701703607, 18.720923989281548], [-70.45929111144578, 18.720914061307163], [-70.459276737427, 18.720901852895445], [-70.45926403340964, 18.72088748162041]]]}}, {"type": "Feature", "properties": {"kind": "court", "label": "Shared parking court 1 for the inner row (10 spaces, pergola)", "area_m2": 105}, "geometry": {"type": "Polygon", "coordinates": [[[-70.46091053209891, 18.718202261568415], [-70.46099716935153, 18.71794407859897], [-70.46102878168027, 18.717953709539042], [-70.46094214447292, 18.718211892519914], [-70.46091053209891, 18.718202261568415]]]}}, {"type": "Feature", "properties": {"kind": "court", "label": "Shared parking court 2 for the inner row (10 spaces, pergola)", "area_m2": 110}, "geometry": {"type": "Polygon", "coordinates": [[[-70.45942886989602, 18.719650165286495], [-70.45965389713331, 18.719484331859135], [-70.45966554112498, 18.71949867657553], [-70.45966395791339, 18.719499230291696], [-70.45965922375187, 18.71950063902253], [-70.45965791415499, 18.719501097043988], [-70.45964891847869, 18.71950472980164], [-70.45964766230433, 18.719505307925193], [-70.45963908364544, 18.719509763325966], [-70.45963789299138, 18.719510455983915], [-70.45962981396693, 18.719515691119955], [-70.45962870029972, 18.7195164916417], [-70.45962119871511, 18.71952245609583], [-70.45962017276, 18.719523356771877], [-70.45961332085955, 18.71952999310329], [-70.45961239249706, 18.71953098525965], [-70.45960625626836, 18.719538229556875], [-70.45960543443908, 18.71953930363859], [-70.45960007297744, 18.719547086135176], [-70.45959936559608, 18.71954823179824], [-70.45959483053534, 18.719556477544568], [-70.45959424441438, 18.71955768375563], [-70.45959057942979, 18.71956631334071], [-70.45959012021392, 18.719567568483306], [-70.45958865068138, 18.719572324002623], [-70.45958772645433, 18.719574848134265], [-70.45958654577097, 18.719577273242972], [-70.45958512011583, 18.71957957573967], [-70.45958346335627, 18.719581733227923], [-70.4595815916076, 18.719583724721833], [-70.45957952307636, 18.71958553085007], [-70.45957727788316, 18.719587134044417], [-70.45957487786706, 18.719588518710573], [-70.45957234637302, 18.71958967137985], [-70.45956970802496, 18.71959058084021], [-70.4595673390614, 18.719591273622132], [-70.45956607001905, 18.719591708500133], [-70.45955734405212, 18.719595152368893], [-70.45955612396943, 18.71959569987141], [-70.45954777976506, 18.71959991610777], [-70.45954661962233, 18.719600571307467], [-70.45953873227565, 18.719605521966724], [-70.45953764251387, 18.71960627896697], [-70.45953028300839, 18.719611919494845], [-70.45952927343504, 18.719612771482907], [-70.45952250800403, 18.719619051116474], [-70.45952158770491, 18.71961999042478], [-70.45951547723517, 18.719626852649355], [-70.45951465449266, 18.719627870824446], [-70.45950925397648, 18.71963525388228], [-70.45950853619509, 18.719636341760847], [-70.45950389423544, 18.719644179206835], [-70.45950328787497, 18.719645326998343], [-70.45949944624816, 18.719653548297998], [-70.45949895676566, 18.719654745672695], [-70.45949595004522, 18.719663276836936], [-70.45949558184591, 18.719664513018877], [-70.45949343709154, 18.71967327726995], [-70.45949319348911, 18.719674541133827], [-70.45949193000304, 18.719683459596283], [-70.45949181318984, 18.719684739767757], [-70.45949142908833, 18.719694053587684], [-70.4594914185967, 18.719694696462906], [-70.45949170070756, 18.719727569243855], [-70.45942886989602, 18.719650165286495]]]}}, {"type": "Feature", "properties": {"kind": "room", "label": "Room 1 (by the gate): meadow, playground, dog run", "area_m2": 1802}, "geometry": {"type": "Polygon", "coordinates": [[[-70.45981949209272, 18.718025410031544], [-70.45982002713431, 18.71802490771557], [-70.45982131844025, 18.71802369307688], [-70.4598213469729, 18.71802366620986], [-70.45982189594034, 18.718023148742194], [-70.45982192444326, 18.71802312184634], [-70.46017566950087, 18.71768896764307], [-70.46025028596766, 18.71761840106159], [-70.46010509840761, 18.71805106060079], [-70.46010504368672, 18.7180512250204], [-70.46010399824242, 18.71805439247481], [-70.4601039443457, 18.71805455714138], [-70.46010364349671, 18.718055484079414], [-70.46010357728454, 18.718055690260986], [-70.46010231513704, 18.718059662843892], [-70.46010225021699, 18.718059869398203], [-70.4600970574413, 18.7180765722407], [-70.46009700012071, 18.718076758449644], [-70.46009590680686, 18.718080345768545], [-70.4600958505364, 18.718080532268058], [-70.46009581583999, 18.718080648437404], [-70.46009566977537, 18.718081151243048], [-70.46009293149412, 18.718090849083957], [-70.46009279306196, 18.7180913538462], [-70.46009234222983, 18.718093047589687], [-70.46009222898198, 18.71809348444882], [-70.46009010398843, 18.718101906592363], [-70.46008999645774, 18.718102344761135], [-70.46008206888924, 18.71813558008301], [-70.46008189658522, 18.718136340194278], [-70.46007874531689, 18.718151004641296], [-70.46007859021641, 18.71815176810894], [-70.46007800477201, 18.7181548258603], [-70.46007786694688, 18.718155592330866], [-70.4600753807021, 18.718170372377], [-70.4600752602161, 18.71817114149564], [-70.46007034280092, 18.71820502431407], [-70.46007028907785, 18.718205409755182], [-70.46006929682605, 18.71821283458261], [-70.46006924745804, 18.718213220552133], [-70.4600690927364, 18.71821448688583], [-70.46006903258868, 18.718215012632633], [-70.46006795251866, 18.718225140788327], [-70.46006790045132, 18.718225667317444], [-70.46006784858753, 18.718226236335912], [-70.46006782719317, 18.71822648067465], [-70.46006743210081, 18.718231185472447], [-70.46006741244662, 18.718231429943877], [-70.46006609256196, 18.718248612655493], [-70.46006607834319, 18.718248804791585], [-70.46006581497755, 18.71825250407997], [-70.46006580183366, 18.71825269628553], [-70.46006575141071, 18.718253465202807], [-70.46006573934203, 18.7182536574726], [-70.46006551737263, 18.71825735922969], [-70.46006550637954, 18.718257551558033], [-70.46006531889596, 18.718261000903915], [-70.46006526016052, 18.718261033880946], [-70.46006126990764, 18.718263290516063], [-70.46006106301272, 18.718263408371456], [-70.4600424800054, 18.718274070490185], [-70.46004227390065, 18.718274189596], [-70.46003831407013, 18.718276494371842], [-70.46003810876392, 18.718276614723262], [-70.46003728920245, 18.718277098581133], [-70.46003708470315, 18.718277220173263], [-70.46003315593681, 18.718279572716874], [-70.46003295225259, 18.718279695544854], [-70.46002523231874, 18.71828438370856], [-70.46002502945781, 18.71828450776744], [-70.46002113238812, 18.718286907699845], [-70.46002093035871, 18.718287032984595], [-70.46002012396906, 18.718287536534813], [-70.46001992277932, 18.71828766304037], [-70.46001605803676, 18.718290109973573], [-70.46001585769481, 18.718290237694838], [-70.45999786734706, 18.71830178585406], [-70.45999766786097, 18.718301914785865], [-70.45999383606926, 18.71830440832431], [-70.45999363744711, 18.718304538461442], [-70.45999284475069, 18.718305061378352], [-70.45999264700055, 18.718305192715555], [-70.45998884877973, 18.718307732456434], [-70.45998865190954, 18.718307864988404], [-70.45998826033401, 18.71830813037634], [-70.45998806435172, 18.718308264097754], [-70.45998430031467, 18.718310849631234], [-70.45998410522819, 18.718310984536682], [-70.45998332673697, 18.71831152648266], [-70.4599831325542, 18.718311662566673], [-70.45997940330933, 18.718314293474847], [-70.4599792100381, 18.71831443073194], [-70.45996185884216, 18.71832683508947], [-70.45996166649027, 18.718326973514078], [-70.45995797263967, 18.718329649371526], [-70.45995778121488, 18.71832978895808], [-70.45995701743182, 18.718330349582864], [-70.45995682694188, 18.71833049032574], [-70.45995316908235, 18.718333210700784], [-70.45995297953495, 18.71833335259428], [-70.45994579890254, 18.71833876319902], [-70.45994561030534, 18.7183389062374], [-70.45994198902811, 18.71834167069009], [-70.45994188122117, 18.718341753526282], [-70.45964739642669, 18.718186655808314], [-70.45981949209272, 18.718025410031544]]]}}, {"type": "Feature", "properties": {"kind": "room", "label": "Room 2: ranchito, fire pits, social lawn", "area_m2": 4254}, "geometry": {"type": "Polygon", "coordinates": [[[-70.45972309578828, 18.718831922807748], [-70.45972222891088, 18.718832324898585], [-70.45972195883881, 18.718832452197525], [-70.45971377931217, 18.718836369476914], [-70.45971351095994, 18.718836500036225], [-70.45971265508852, 18.71883692299172], [-70.45971238849953, 18.718837056790278], [-70.4596932607627, 18.71884680528184], [-70.45969299597989, 18.718846942298043], [-70.45969215166751, 18.718847385844825], [-70.4596918887338, 18.718847526056525], [-70.45969147090739, 18.71884775220055], [-70.45969120986513, 18.718847895585156], [-70.45969037765747, 18.718848359436688], [-70.45969011854892, 18.71884850597099], [-70.45967153545354, 18.71885916805868], [-70.45967127832049, 18.71885931771902], [-70.45967045875517, 18.71885980157551], [-70.45967020363925, 18.718859954337674], [-70.45966248366905, 18.71886464248866], [-70.45966223061139, 18.718864798328017], [-70.45966142421801, 18.718865301876885], [-70.45966117325955, 18.718865460768225], [-70.45964318282792, 18.71887700889803], [-70.45964293400914, 18.71887717081569], [-70.45964214130868, 18.71887769373153], [-70.45964189466976, 18.71887785864942], [-70.45964150309264, 18.71887812403656], [-70.45964125867359, 18.718878291927915], [-70.45964048017852, 18.718878833872807], [-70.4596402380186, 18.71887900471065], [-70.45962288674079, 18.718891409041827], [-70.45962264687924, 18.718891582798438], [-70.45962188309241, 18.7188921434222], [-70.45962164556795, 18.71889232006959], [-70.45961446490199, 18.71889773066348], [-70.45961422975297, 18.718897910173073], [-70.4596134811678, 18.718898489113617], [-70.45961324843229, 18.71889867145641], [-70.45959658114741, 18.71891189993269], [-70.45959635086292, 18.718912085079214], [-70.45959561796329, 18.718912681962244], [-70.45959539016698, 18.71891286988269], [-70.45959502888414, 18.718913171771558], [-70.45959480361306, 18.718913362435366], [-70.45959408687267, 18.718913976875225], [-70.45959386416291, 18.718914170251814], [-70.459577923944, 18.718928188688544], [-70.45957770383173, 18.718928384746516], [-70.45957700371338, 18.718929016346298], [-70.45957678623402, 18.718929215054114], [-70.45957021904917, 18.718935292199365], [-70.45957000423796, 18.718935493524825], [-70.4595693211942, 18.718936141876384], [-70.45956910908583, 18.718936345786993], [-70.45955393712407, 18.718951117957772], [-70.45955372775276, 18.71895132442058], [-70.4595530622249, 18.718951989104905], [-70.4595528556245, 18.718952198086598], [-70.45955252836795, 18.718952533358717], [-70.45955232457182, 18.718952744825522], [-70.45955167698996, 18.718953425413236], [-70.45955147603105, 18.718953639330973], [-70.45953711153423, 18.718969127063012], [-70.45953691344496, 18.718969343397124], [-70.45953628422726, 18.718970039448628], [-70.45953608903967, 18.718970258164173], [-70.45953020317606, 18.718976939083262], [-70.4595300109217, 18.718977160144878], [-70.459529400475, 18.71897787121019], [-70.45952921118484, 18.71897809458227], [-70.45952680255125, 18.71898097414232], [-70.45952241165121, 18.71898565231151], [-70.4595174928764, 18.718989826471855], [-70.45951687667808, 18.7189902924486], [-70.45951664991668, 18.718990466099783], [-70.45951592791309, 18.718991025983847], [-70.45951570340516, 18.718991202273447], [-70.45950891663048, 18.71899659839515], [-70.45950869440988, 18.718996777296574], [-70.45950798704395, 18.7189973538952], [-70.45950776714423, 18.71899753538145], [-70.4594920203669, 18.719010693408222], [-70.45949180282102, 18.719010877452046], [-70.45949111051893, 18.71901147041777], [-70.45949089535972, 18.719011656991455], [-70.45949055407141, 18.719011956605513], [-70.45949034133135, 18.71901214568088], [-70.45948966451031, 18.719012754656486], [-70.45948945422137, 18.719012946205137], [-70.45947440400495, 18.71902682459251], [-70.45947419619877, 18.719027018585546], [-70.45947353526634, 18.719027643204214], [-70.45947332997423, 18.719027839612508], [-70.45946713097347, 18.719033843590683], [-70.45946692822636, 18.719034042384553], [-70.45946628358081, 18.71903468226998], [-70.45946608340924, 18.71903488341956], [-70.4594634899217, 18.71903752181516], [-70.45865517747947, 18.718611801549226], [-70.45873938878505, 18.71853326706151], [-70.4587399643639, 18.718532729304425], [-70.45874001312946, 18.718532683610494], [-70.45874161065275, 18.71853118238582], [-70.45874165433918, 18.71853114122627], [-70.45890196560235, 18.71837971041561], [-70.45890221049333, 18.71838068193334], [-70.45890342221145, 18.71838401589977], [-70.45890496933211, 18.71838722140149], [-70.45890683711085, 18.718390267889205], [-70.45890900774721, 18.718393126329048], [-70.45891146055448, 18.718395769479297], [-70.4589141721567, 18.718398172149993], [-70.45891711671159, 18.718400311443027], [-70.45892026615671, 18.718402166970353], [-70.45921431850606, 18.718557038188603], [-70.45921767979813, 18.718558607434275], [-70.45922118704941, 18.718559853367264], [-70.45922480610506, 18.71856076385426], [-70.4592285017215, 18.718561330028635], [-70.45923223790953, 18.718561546376783], [-70.45923597828492, 18.71856141079184], [-70.45923968642262, 18.718560924594172], [-70.45924332621149, 18.718560092518548], [-70.45924686220604, 18.71855892266801], [-70.45925025997157, 18.71855742643494], [-70.45925348641947, 18.718555618390184], [-70.4592565101295, 18.7185535161411], [-70.45925930165578, 18.718551140160084], [-70.45950497817793, 18.718320282552543], [-70.45956277468622, 18.71826597227468], [-70.45980114554288, 18.718391516326804], [-70.45979114261995, 18.71839542836621], [-70.4597909199159, 18.71839551625234], [-70.45978663854827, 18.718397221022805], [-70.4597864164349, 18.718397310255675], [-70.4597855292344, 18.718397669851726], [-70.45978530772068, 18.718397760427745], [-70.45978104943913, 18.718399516908825], [-70.459780828534, 18.71839960882434], [-70.45978038877556, 18.718399793389157], [-70.459780168488, 18.71839988664042], [-70.45977593398136, 18.71840169454794], [-70.45977571432019, 18.718401789131224], [-70.45977483699909, 18.7184021700977], [-70.45977461797307, 18.718402266009218], [-70.45977040792201, 18.718404125052587], [-70.45977018954011, 18.718404222288424], [-70.45975056664074, 18.71841303199265], [-70.45975034891181, 18.718413130548853], [-70.45974616399869, 18.718415040426162], [-70.45974594693148, 18.718415140298774], [-70.4597450800562, 18.718415542389582], [-70.45974486365945, 18.71841564357458], [-70.45974070455985, 18.718417603978136], [-70.45974048884233, 18.71841770647143], [-70.45973230933537, 18.71842162375043], [-70.45973209430578, 18.718421727547877], [-70.45972796169137, 18.71842373816083], [-70.45972774735843, 18.718423843258236], [-70.45972689148913, 18.718424266213635], [-70.45972667786145, 18.71842437260676], [-70.45972257240037, 18.7184264331043], [-70.4597223594866, 18.718426540788844], [-70.45970323179479, 18.718436289278678], [-70.45970301960352, 18.71843639825028], [-70.45969894195811, 18.718438508299368], [-70.4596987304979, 18.718438618553645], [-70.45969788618743, 18.718439062100355], [-70.45969767546684, 18.718439173632863], [-70.45969362629627, 18.71844133289303], [-70.45969341632382, 18.71844144569924], [-70.4596929984984, 18.718441671843184], [-70.45969278928258, 18.71844178591855], [-70.45968876924174, 18.718443994040566], [-70.45968856079097, 18.718444109380485], [-70.45968772858518, 18.71844457323189], [-70.45968752090789, 18.718444689831706], [-70.45968353064534, 18.718446946459334], [-70.4596833237499, 18.718447064314333], [-70.45966474069601, 18.718457726398835], [-70.45966453459076, 18.718457845504258], [-70.45966057475053, 18.718460150272648], [-70.4596603694438, 18.718460270623687], [-70.45965954988029, 18.718460754480013], [-70.45965934538046, 18.71846087607178], [-70.45965541660382, 18.71846322860832], [-70.45965521291909, 18.718463351435933], [-70.45964749296553, 18.718468039585353], [-70.45964729010404, 18.71846816364387], [-70.45964339302411, 18.718470563569223], [-70.45964319099416, 18.7184706888536], [-70.45964238460269, 18.718471192402163], [-70.45964218341247, 18.718471318907334], [-70.45963944577635, 18.718473052211856], [-70.45963276248811, 18.718475478733385], [-70.45963253751141, 18.718475561197348], [-70.45962821204743, 18.718477161724596], [-70.45962798762528, 18.718477245549188], [-70.45962709111836, 18.71847758354147], [-70.45962686725986, 18.718477668723285], [-70.4596225634953, 18.71847932150347], [-70.45962234020944, 18.71847940803908], [-70.45960227278829, 18.718487256172914], [-70.45960205008402, 18.71848734405883], [-70.459597768712, 18.718489048825205], [-70.4595975465984, 18.718489138057873], [-70.45959665939709, 18.71848949765304], [-70.45959643788318, 18.718489588228827], [-70.45959217959815, 18.718491344705452], [-70.45959195869283, 18.71849143662074], [-70.45959151893393, 18.718491621185134], [-70.45959129864602, 18.71849171443624], [-70.45958706413272, 18.718493522340673], [-70.45958684447119, 18.718493616923794], [-70.45958596714898, 18.718493997889517], [-70.45958574812279, 18.718494093800807], [-70.45958153806812, 18.718495952839763], [-70.45958131968604, 18.71849605007538], [-70.45956169676484, 18.71850485976126], [-70.45956147903563, 18.71850495831727], [-70.45955729411759, 18.718506868190786], [-70.45955707705012, 18.7185069680632], [-70.45955621017386, 18.718507370153187], [-70.45955599377689, 18.718507471337983], [-70.45955183467278, 18.718509431737555], [-70.45955161895503, 18.718509534230645], [-70.45954343943887, 18.718513451501927], [-70.45954322440905, 18.718513555299182], [-70.45953909178978, 18.71851556590834], [-70.45953887745657, 18.718515671005548], [-70.45953802158623, 18.71851609396017], [-70.45953780795833, 18.71851620035309], [-70.45953370249268, 18.718518260846693], [-70.45953348957867, 18.718518368531033], [-70.4595143618647, 18.718528117002897], [-70.45951414967317, 18.718528225974314], [-70.45951007202288, 18.71853033601963], [-70.45950986056243, 18.718530446273714], [-70.459509016251, 18.71853088981961], [-70.45950880553022, 18.71853100135189], [-70.4595047563557, 18.718533160607794], [-70.45950454638303, 18.718533273413794], [-70.45950412855707, 18.71853349955737], [-70.45950391934096, 18.71853361363256], [-70.45949989929456, 18.71853582175122], [-70.45949969084351, 18.718535937090948], [-70.4594988586367, 18.718536400941574], [-70.45949865095916, 18.718536517541196], [-70.45949466069173, 18.718538774165097], [-70.45949445379604, 18.718538892019904], [-70.4594758707193, 18.718549554087062], [-70.4594756646138, 18.71854967319229], [-70.45947170476866, 18.718551977956984], [-70.45947149946169, 18.718552098307825], [-70.45947067989715, 18.71855258216339], [-70.45947047539704, 18.718552703754973], [-70.45946654661545, 18.71855505628787], [-70.45946634293045, 18.718555179115288], [-70.45945862296723, 18.718559867257465], [-70.4594584201055, 18.718559991315782], [-70.45945452302074, 18.71856239123741], [-70.45945432099055, 18.71856251652159], [-70.45945351459785, 18.718563020069528], [-70.45945331340735, 18.718563146574514], [-70.45944944865016, 18.7185655934967], [-70.45944924830746, 18.718565721217395], [-70.45943125789009, 18.718577269326], [-70.45943105840324, 18.718577398257242], [-70.45942722659684, 18.718579891784753], [-70.45942702797394, 18.718580021921316], [-70.45942623527408, 18.718580544836207], [-70.4594260375231, 18.71858067617288], [-70.45942223928621, 18.71858321590379], [-70.45942204241517, 18.71858334843526], [-70.45942165083834, 18.71858361382193], [-70.4594214548553, 18.718583747542752], [-70.45941769080416, 18.71858633306499], [-70.45941749571692, 18.718586467969853], [-70.45941671722235, 18.71858700991379], [-70.45941652303875, 18.71858714599728], [-70.45941279377806, 18.71858977689547], [-70.45941260050598, 18.71858991415204], [-70.45940185629848, 18.718597595117032], [-70.45939895088851, 18.718599896315983], [-70.45939630015476, 18.71860246150507], [-70.45939393039654, 18.718605265233773], [-70.45939186512541, 18.718608279684897], [-70.45939012483196, 18.718611474950556], [-70.45938872678256, 18.718614819328906], [-70.45938768484797, 18.718618279638697], [-70.4593870093658, 18.718621821548442], [-70.45938670703781, 18.718625409917077], [-70.45938678086364, 18.71862900914257], [-70.45938723011082, 18.718632583515202], [-70.45938805032216, 18.718636097571796], [-70.45938923335996, 18.718639516447624], [-70.45939076748671, 18.718642806222274], [-70.45939263748159, 18.718645934256227], [-70.45939482479145, 18.71864886951467], [-70.45939730771487, 18.718651582875403], [-70.45940006161753, 18.7186540474178], [-70.45940305917657, 18.71865623868987], [-70.45940627065168, 18.718658134950893], [-70.4597301908244, 18.718828735481228], [-70.45972336753655, 18.718831798789726], [-70.45972309578828, 18.718831922807748]]]}}, {"type": "Feature", "properties": {"kind": "room", "label": "Room 3 (toward the clubhouse): organic garden, greenhouse, orchard", "area_m2": 6094}, "geometry": {"type": "Polygon", "coordinates": [[[-70.45938035632463, 18.71911791343894], [-70.45938014851819, 18.71911810743194], [-70.4593794875851, 18.719118732050287], [-70.45937928229282, 18.71911892845843], [-70.45937308328548, 18.719124932433825], [-70.45937288053813, 18.71912513122765], [-70.45937223589179, 18.71912577111285], [-70.45937203572004, 18.719125972262322], [-70.45935771830511, 18.71914053756971], [-70.45935752073898, 18.719140741044594], [-70.45935689276779, 18.71914139581108], [-70.45935669783711, 18.719141601580695], [-70.45935638901275, 18.719141931626094], [-70.45935619674685, 18.719142139659503], [-70.45935558582904, 18.71914280891304], [-70.45935539625691, 18.719143019178844], [-70.45934184615324, 18.71915823632327], [-70.45934165930338, 18.71915844878985], [-70.4593410658068, 18.719159132127288], [-70.45934088170736, 18.71915934676265], [-70.45933544731102, 18.719165762484256], [-70.45933165537872, 18.719169814979846], [-70.45932746482664, 18.71917349381952], [-70.45932082123983, 18.719178776077186], [-70.45932059901882, 18.719178954978403], [-70.45931989165149, 18.719179531576383], [-70.4593196717513, 18.719179713062474], [-70.45930392494229, 18.719192871075418], [-70.45930370739596, 18.71919305511906], [-70.4593030150926, 18.719193648084058], [-70.45930279993297, 18.71919383465754], [-70.45930245864392, 18.719194134271326], [-70.45930224590346, 18.719194323346482], [-70.45930156908099, 18.719194932321525], [-70.45930135879156, 18.719195123870026], [-70.45928630854368, 18.719209002244117], [-70.45928610073706, 18.719209196237], [-70.4592854398032, 18.71920982085511], [-70.45928523451067, 18.719210017263197], [-70.45927903549669, 18.71921602123589], [-70.45927883274916, 18.71921622002958], [-70.45927818810223, 18.719216859914408], [-70.45927798793022, 18.719217061063823], [-70.45926367050001, 18.719231626364543], [-70.45926347293367, 18.719231829839323], [-70.45926284496176, 18.719232484605552], [-70.45926265003087, 18.719232690375073], [-70.45926234120621, 18.7192330204203], [-70.4592621489401, 18.719233228453607], [-70.45926153802165, 18.71923389770681], [-70.45926134844926, 18.719234107972575], [-70.45924779832939, 18.719249325111814], [-70.4592476114793, 18.71924953757831], [-70.45924701798216, 18.719250220915338], [-70.4592468338825, 18.719250435550638], [-70.45924128234243, 18.71925698955924], [-70.45924110102094, 18.71925720633098], [-70.4592405253025, 18.719257903340463], [-70.45924034678649, 18.719258122215994], [-70.45923990706038, 18.719258668239], [-70.45923584558665, 18.719263186124532], [-70.45923129846605, 18.71926726235783], [-70.45921983479273, 18.719276483631056], [-70.45921962098436, 18.71927665769651], [-70.45921894031311, 18.719277218533147], [-70.4592187286868, 18.719277395003076], [-70.4592183928022, 18.71927767845862], [-70.45921818338788, 18.71927785730804], [-70.45921751687159, 18.719278433373084], [-70.45921730969859, 18.71927861457697], [-70.45920247609396, 18.71929174411107], [-70.45920227119146, 18.71929192764387], [-70.45920161920523, 18.719292518613], [-70.45920141660211, 18.719292704448847], [-70.45919529579832, 18.719298385731697], [-70.45919509552307, 18.71929857384445], [-70.45919445843406, 18.71929917938498], [-70.45919426051482, 18.719299369748253], [-70.45918009721348, 18.719313154918524], [-70.45917990167814, 18.719313347505405], [-70.4591792798451, 18.719313967276268], [-70.45917908672119, 18.719314162059717], [-70.45917878053797, 18.719314474566584], [-70.45917858985258, 18.719314671519275], [-70.45917798362564, 18.719315305171634], [-70.45917779540576, 18.71931550426569], [-70.45916433429221, 18.719329914040333], [-70.45916414856418, 18.719330115247836], [-70.45916355828425, 18.719330762425226], [-70.45916337507433, 18.71933096571781], [-70.45915784682087, 18.719337174081538], [-70.45915766615477, 18.719337379430623], [-70.45915709215436, 18.719338039768537], [-70.45915691405752, 18.719338247145238], [-70.45914418543495, 18.719353249084353], [-70.4591440099324, 18.719353458459477], [-70.45914345253432, 18.71935413158647], [-70.45914327965083, 18.719354342930515], [-70.45914300592445, 18.719354681676332], [-70.45914283568426, 18.719354894959633], [-70.45914229520234, 18.719355580496888], [-70.45914212762948, 18.719355795689395], [-70.45913016015254, 18.719371356022425], [-70.45912999527054, 18.719371573093856], [-70.45912947200898, 18.7193722706554], [-70.45912930984109, 18.719372489575164], [-70.45912442389103, 18.71937916914645], [-70.45912426446003, 18.719379389883784], [-70.4591237587136, 18.719380099076737], [-70.45912360204194, 18.7193803216006], [-70.45911242265171, 18.71939640529738], [-70.45911226876142, 18.719396629576437], [-70.45911178081474, 18.71939735000159], [-70.45911162972756, 18.71939757600421], [-70.45911139092134, 18.719397937940577], [-70.45911124265842, 18.71939816563509], [-70.45911077278599, 18.719398896887302], [-70.45911062736826, 18.719399126241566], [-70.45910026123254, 18.71941569709521], [-70.45910011868041, 18.719415928077016], [-70.45909966714662, 18.719416669744714], [-70.45909952748025, 18.719416902321445], [-70.4590953278058, 18.71942399298662], [-70.45909519104472, 18.719424227125696], [-70.4590947581039, 18.719424978791256], [-70.45909462426746, 18.71942521445959], [-70.45908509472194, 18.719442235165722], [-70.45908496382893, 18.719442472330222], [-70.45908454972472, 18.719443233570455], [-70.45908442179356, 18.719443472197764], [-70.45908422005702, 18.719443854066903], [-70.45908409510574, 18.719444094123407], [-70.45908370007129, 18.719444864509967], [-70.45908357811741, 18.719445105961935], [-70.45907490661553, 18.71946253820471], [-70.45907478767624, 18.719462781018116], [-70.45907441193393, 18.7194635601172], [-70.459074296026, 18.719463804257828], [-70.45907082042321, 18.719471242203745], [-70.45907070756293, 18.71947148763732], [-70.45907035132431, 18.719472275010265], [-70.45907024152757, 18.71947252170222], [-70.45906244759024, 18.71949032623835], [-70.45906234087246, 18.719490574153983], [-70.45906200433782, 18.71949136935811], [-70.45906190071408, 18.719491618462474], [-70.45906173786257, 18.719492016828088], [-70.45906163734739, 18.71949226708622], [-70.45906132070643, 18.71949306967347], [-70.459061223314, 18.719493321050063], [-70.45905432448812, 18.71951145779753], [-70.45905423023214, 18.71951171025722], [-70.45905393366291, 18.719512519776007], [-70.45905384255659, 18.719512773283395], [-70.45905112230544, 18.719520491570897], [-70.45905103436165, 18.719520746090183], [-70.45905075803117, 18.71952156208481], [-70.45905067326227, 18.719521817580212], [-70.45904610869319, 18.7195358646555], [-70.45904387173485, 18.719541603447478], [-70.45904127854706, 18.719546512113876], [-70.45903777337632, 18.7195516426449], [-70.4590368872226, 18.719552794835803], [-70.45903672234033, 18.71955301190713], [-70.45903619907797, 18.719553709468308], [-70.45903603690978, 18.719553928388034], [-70.4590311509511, 18.719560607957476], [-70.45903099151982, 18.71956082869477], [-70.45903048577259, 18.719561537887415], [-70.45903032910066, 18.719561760411207], [-70.45901914969058, 18.719577844103473], [-70.45901899580006, 18.719578068382397], [-70.45901850785233, 18.719578788807606], [-70.45901835676476, 18.719579014810325], [-70.45901811795821, 18.719579376746466], [-70.45901796969507, 18.719579604440824], [-70.45901749982178, 18.71958033569285], [-70.4590173544038, 18.719580565047067], [-70.45900698824886, 18.719597135896603], [-70.45900684569645, 18.71959736687836], [-70.4590063941618, 18.719598108545874], [-70.45900625449518, 18.719598341122555], [-70.45900205481277, 18.71960543178609], [-70.45900191805144, 18.71960566592511], [-70.4590014851098, 18.719606417590462], [-70.4590013512731, 18.71960665325875], [-70.45899182170874, 18.719623673961785], [-70.45899169081544, 18.719623911126295], [-70.4589912767104, 18.71962467236641], [-70.458991148779, 18.71962491099362], [-70.45899094704205, 18.71962529286271], [-70.45899082209048, 18.719625532919213], [-70.45899042705531, 18.7196263033055], [-70.45899030510121, 18.719626544757382], [-70.45898163358187, 18.71964397699625], [-70.45898151464237, 18.719644219809535], [-70.4589811388993, 18.71964499890842], [-70.45898102299111, 18.71964524304906], [-70.45897754738104, 18.719652680993537], [-70.4589774345205, 18.71965292642709], [-70.458977078281, 18.7196537138002], [-70.45897696848404, 18.719653960492085], [-70.45896917452987, 18.71967176502493], [-70.45896906781186, 18.719672012940503], [-70.45896873127646, 18.719672808144555], [-70.45896862765245, 18.71967305724893], [-70.4589684648006, 18.71967345561445], [-70.45896836428523, 18.719673705872523], [-70.45896804764351, 18.719674508459654], [-70.45896795025085, 18.719674759836217], [-70.45896105140882, 18.71969289658122], [-70.4589609571526, 18.719693149040893], [-70.45896066058268, 18.719693958559528], [-70.45896056947615, 18.719694212066873], [-70.4589578492184, 18.71970193035329], [-70.45895776127439, 18.71970218487255], [-70.45895748494314, 18.719703000867273], [-70.45895740017406, 18.719703256362607], [-70.4589550487926, 18.719710492521127], [-70.45895308613231, 18.719715621673366], [-70.45895085644416, 18.71972003843446], [-70.45894818074031, 18.71972422429796], [-70.45894508507654, 18.719728138502223], [-70.45894159959819, 18.71973174293101], [-70.4589377582465, 18.719735002484725], [-70.45893359842829, 18.719737885422024], [-70.45892916065154, 18.7197403636691], [-70.45892448813092, 18.71974241309296], [-70.45891962636715, 18.71974401373647], [-70.45891462270369, 18.719745150012677], [-70.45890952586585, 18.7197458108566], [-70.45890438548626, 18.719745989832994], [-70.45889925162159, 18.719745685198983], [-70.458894174265, 18.719744899921082], [-70.45888920285942, 18.719743641646257], [-70.45888438581606, 18.719741922627506], [-70.45887977004291, 18.71973975960448], [-70.45887540048805, 18.719737173640567], [-70.45887131970183, 18.719734189917673], [-70.45886756742266, 18.719730837491063], [-70.45886418018993, 18.71972714900643], [-70.45886085049601, 18.719722706048064], [-70.45865490826392, 18.719417069535787], [-70.45834496663838, 18.718957086032987], [-70.4583421398125, 18.718952402419934], [-70.45834004458058, 18.718947981917513], [-70.45833841186845, 18.718943387762526], [-70.45833725724741, 18.71893866376993], [-70.45833659172916, 18.71893385499285], [-70.45833642166077, 18.718929007293024], [-70.45833674866417, 18.718924166903463], [-70.45833756962062, 18.71891937998735], [-70.45833887670057, 18.71891469219797], [-70.4583406574382, 18.718910148243204], [-70.45834289485049, 18.718905791459125], [-70.45834556759893, 18.7189016633968], [-70.45834865019334, 18.71889780342585], [-70.45835250768125, 18.71889384343075], [-70.45849006734105, 18.7187657810437], [-70.45857028212396, 18.718690973866824], [-70.45938055730979, 18.71911772810304], [-70.45938035632463, 18.71911791343894]]]}}, {"type": "Feature", "properties": {"kind": "green", "label": "Buffer verde (sin frente al core)", "area_m2": 952}, "geometry": {"type": "Polygon", "coordinates": [[[-70.4610738394297, 18.716954249939782], [-70.46107385239267, 18.716954256655136], [-70.46107415528625, 18.71695441259836], [-70.46107416828559, 18.716954419249557], [-70.46107497847817, 18.716954831214384], [-70.4610749958731, 18.71695483998579], [-70.46107540249291, 18.71695504331175], [-70.4610754199511, 18.71695505196828], [-70.46107619237978, 18.71695543174236], [-70.46107620770863, 18.71695543922308], [-70.4610765659328, 18.716955612739874], [-70.46107658130889, 18.716955620132023], [-70.4610769875744, 18.716955813978892], [-70.46107703398052, 18.71695583562128], [-70.46107812151315, 18.716956331199718], [-70.46107816832412, 18.716956352035485], [-70.46107931488707, 18.716956850340313], [-70.46107934631168, 18.716956863779295], [-70.46108008151802, 18.71695717311435], [-70.4610801131111, 18.7169571861898], [-70.4610811675357, 18.716957615374096], [-70.46108123120871, 18.716957640426802], [-70.46108272412202, 18.71695820776498], [-70.46108278841301, 18.716958231341263], [-70.4610853693858, 18.71695914378428], [-70.46108543425709, 18.716959165870318], [-70.46108695424626, 18.716959663673865], [-70.46108701965976, 18.716959684256704], [-70.46108745576062, 18.7169598159209], [-70.46108752167802, 18.716959834988476], [-70.46108906517829, 18.716960262089955], [-70.46108913156091, 18.71696027963108], [-70.46109179304854, 18.716960949951158], [-70.46109185985746, 18.716960965955547], [-70.46109342324881, 18.716961321353224], [-70.46109349044485, 18.716961335811494], [-70.46109393786539, 18.71696142667027], [-70.46109400540917, 18.716961439573947], [-70.46109558502502, 18.716961722434352], [-70.46109565287689, 18.716961733775864], [-70.46109836992616, 18.716962155688307], [-70.46109843804636, 18.716962165461], [-70.46110003018205, 18.716962375120723], [-70.46110009853062, 18.716962383318865], [-70.46110123780431, 18.71696250663762], [-70.46110127205174, 18.7169625101447], [-70.46110207164857, 18.71696258736391], [-70.46110210593804, 18.716962590475617], [-70.46110336116072, 18.71696269708252], [-70.46110341266278, 18.716962701007784], [-70.46110461515099, 18.716962782192137], [-70.46110466671935, 18.716962785225526], [-70.461105120448, 18.7169628079761], [-70.46110513764926, 18.71696280878885], [-70.46110553906843, 18.716962826595232], [-70.46110555627453, 18.71696282730874], [-70.46110647388619, 18.716962862709295], [-70.46110649109652, 18.71696286332353], [-70.46110689271256, 18.71696287649746], [-70.46110690992647, 18.71696287701241], [-70.46110759850404, 18.716962895623265], [-70.4611076157209, 18.71696289603891], [-70.46110801747496, 18.71696290457845], [-70.46110803469415, 18.716962904894768], [-70.4611357897968, 18.7169633346771], [-70.46113869925809, 18.716963515458836], [-70.46114070629423, 18.716963829687952], [-70.4611426715706, 18.71696432903359], [-70.46114457632821, 18.716965008729375], [-70.46114719395905, 18.716966232294293], [-70.4612592837783, 18.717025266598565], [-70.4612618247374, 18.717026767904265], [-70.46126347832767, 18.717027978890545], [-70.46126499644501, 18.71702934146058], [-70.46126636385061, 18.71703084193688], [-70.46126756681839, 18.717032465257656], [-70.46126859327302, 18.717034195128047], [-70.4612694329109, 18.71703601418358], [-70.46127007730375, 18.717037904164638], [-70.46127051998317, 18.717039846099546], [-70.46127075650551, 18.71704182049516], [-70.46127078449659, 18.717043807532587], [-70.4612706036754, 18.7170457872658], [-70.46127021585701, 18.717047739822398], [-70.4612693687256, 18.717050471899363], [-70.46126615062867, 18.717059212812263], [-70.46116595434609, 18.717331362974], [-70.460909823765, 18.71724574887177], [-70.46104559976246, 18.71699040256181], [-70.4610667799071, 18.716950570178142], [-70.4610738394297, 18.716954249939782]]]}}, {"type": "Feature", "properties": {"kind": "green", "label": "Buffer verde (sin frente)", "area_m2": 34855}, "geometry": {"type": "Polygon", "coordinates": [[[-70.45920534915633, 18.718030789377533], [-70.45927424736679, 18.71796604715692], [-70.4592743382165, 18.717965961902948], [-70.45934409010817, 18.71790060772762], [-70.45938990859743, 18.71785767802899], [-70.459520262516, 18.71773554256733], [-70.45952151948119, 18.71773436023272], [-70.4596070510663, 18.717653565824577], [-70.45982254380138, 18.717450007687933], [-70.459875226202, 18.717400242880778], [-70.46003810312698, 18.717246206417673], [-70.4602534702315, 18.71704252816255], [-70.46031057362678, 18.716988523882726], [-70.46031142132317, 18.716987760704157], [-70.46031696934897, 18.716983006433587], [-70.46031877769329, 18.71698160376784], [-70.46032478906614, 18.716977391840732], [-70.46032673328341, 18.716976165237554], [-70.46033314984396, 18.716972536403794], [-70.46033521112413, 18.716971497730402], [-70.46034197079288, 18.716968487098516], [-70.46034412919332, 18.71696764640395], [-70.4603511665713, 18.716965283101427], [-70.4603534012097, 18.7169646485193], [-70.46036064821115, 18.716962955410793], [-70.46036293746768, 18.716962533080608], [-70.46037032397872, 18.716961526546715], [-70.46037264570512, 18.716961320554464], [-70.46038010026219, 18.71696101033328], [-70.46038243199602, 18.716961022671907], [-70.4603898824772, 18.716961411764757], [-70.46039220165925, 18.716961642314892], [-70.46039957598207, 18.71696272695736], [-70.46040186017453, 18.716963173488445], [-70.46040908699334, 18.71696494318674], [-70.46041131409693, 18.716965601378643], [-70.46041832349314, 18.716968039011135], [-70.46042047196092, 18.71696890249594], [-70.46042719611948, 18.716971984478842], [-70.46042924516529, 18.716973044902424], [-70.46043561903079, 18.716976741417916], [-70.46043754883034, 18.716977988520814], [-70.4604435107364, 18.71698226380557], [-70.4604453026191, 18.716983685522205], [-70.46045079488495, 18.71698849821335], [-70.46045163363311, 18.716989270315853], [-70.46047572980011, 18.717012570636165], [-70.46047762836574, 18.717014233217853], [-70.4605077609431, 18.71703810991553], [-70.46050982273563, 18.717039585474758], [-70.46054330679566, 18.717061164440757], [-70.46054400808595, 18.717061592669225], [-70.46054406244869, 18.717061623435427], [-70.4605620019328, 18.71707141951076], [-70.46056256600315, 18.717071718750823], [-70.46063177175999, 18.71710737031828], [-70.46070041393322, 18.717142731512403], [-70.46070046504224, 18.717142757918555], [-70.46070079192201, 18.717142927299875], [-70.46070084296292, 18.717142953825377], [-70.46076238214047, 18.717175028529777], [-70.46076339275811, 18.717175586523034], [-70.4607697644824, 18.71717930729253], [-70.46077169312296, 18.717180562072837], [-70.46077764971601, 18.717184862149704], [-70.46077943942724, 18.71718629165528], [-70.4607849230829, 18.717191129309196], [-70.4607865564964, 18.717192719667334], [-70.4607915139982, 18.71719804795102], [-70.46079297526241, 18.717199783727995], [-70.46079735849995, 18.717205550932814], [-70.46079863343394, 18.717207415283685], [-70.46079953208867, 18.717208882683863], [-70.460909823765, 18.71724574887177], [-70.46076699444751, 18.717514359097766], [-70.46073632957503, 18.717505016729874], [-70.4606439162501, 18.717780411792567], [-70.46055150265593, 18.718055806822267], [-70.46051157709503, 18.718174785823624], [-70.46051135146193, 18.718175481021174], [-70.46050632597776, 18.718191645889362], [-70.46050602983641, 18.718192749830536], [-70.46049828573693, 18.718225216320477], [-70.4604978834186, 18.718227317639602], [-70.46049307090789, 18.718260478200815], [-70.46049298579968, 18.71826117479116], [-70.46049297786809, 18.71826126181431], [-70.46049167898866, 18.718278171626388], [-70.46049164432512, 18.718278700243175], [-70.46048591661865, 18.718384084145185], [-70.46048329852222, 18.718432254410395], [-70.46048259539799, 18.7184451911671], [-70.46048251194014, 18.718446246931546], [-70.46048181195584, 18.718452988188687], [-70.46048148984919, 18.718455082750726], [-70.46048013061541, 18.71846173196514], [-70.46047960413412, 18.718463788597067], [-70.46047759758899, 18.718470287368234], [-70.46047687135719, 18.718472288006534], [-70.46047423512427, 18.718478579255276], [-70.46047331552042, 18.718480506328177], [-70.46047007275385, 18.718486534797997], [-70.46046896785491, 18.718488371379873], [-70.46046514703603, 18.71849408412228], [-70.46046386654639, 18.718495814082292], [-70.4604595012337, 18.718501160921814], [-70.46045805639994, 18.718502769065605], [-70.46045318493425, 18.71850770304055], [-70.46045240480055, 18.718508456972206], [-70.46045105597955, 18.71850970078908], [-70.46045060160831, 18.718510130201526], [-70.46044772920408, 18.718512912276964], [-70.46044511189554, 18.71851137254301], [-70.46044613613363, 18.7185144552499], [-70.46044460668745, 18.71851593659933], [-70.46044416351263, 18.71851637650767], [-70.46043004511819, 18.718530739566727], [-70.46042961340709, 18.718531189705608], [-70.46042949818964, 18.71853131284217], [-70.46042907820245, 18.718531772940405], [-70.46041879429596, 18.718543322231678], [-70.46041795876424, 18.71854421181008], [-70.460412457256, 18.718549766542008], [-70.46041064418719, 18.718551413425804], [-70.46040455826058, 18.718556384030144], [-70.46040257293743, 18.71855783943538], [-70.46039597054104, 18.71856217041588], [-70.46039383512947, 18.718563418093087], [-70.46038678997832, 18.718567061094827], [-70.46038452831989, 18.718568087113848], [-70.46037711907226, 18.718571001463108], [-70.46037594874404, 18.718571427670604], [-70.46036035021918, 18.71857666252631], [-70.46035972789453, 18.71857687988831], [-70.46035145489786, 18.718579883624976], [-70.46035083857272, 18.718580115988505], [-70.46033104992927, 18.718587855181866], [-70.4603304400017, 18.718588102396787], [-70.46033027599431, 18.718588171230532], [-70.46032967285849, 18.718588433137153], [-70.46031032254575, 18.718597120526383], [-70.46030972659146, 18.71859739695537], [-70.46030181631328, 18.71860118532374], [-70.46030122792517, 18.71860147609672], [-70.46028236594714, 18.718611089231334], [-70.4602817855056, 18.718611394160295], [-70.4602816296782, 18.718611478500936], [-70.46028105755856, 18.71861179738878], [-70.46026273266065, 18.718622311426518], [-70.46026216923215, 18.718622644067345], [-70.46025470338655, 18.71862717793326], [-70.46025414901337, 18.718627524112122], [-70.46023640854747, 18.718638911883374], [-70.46023586358824, 18.718639271376283], [-70.4602357175504, 18.718639370352665], [-70.460235182357, 18.71863974292757], [-70.46021807216961, 18.718651975004505], [-70.46021754708782, 18.718652360420585], [-70.4602106027971, 18.718657592949338], [-70.46021008816611, 18.7186579909577], [-70.46019365247273, 18.71867103572947], [-70.46019314862522, 18.718671446072737], [-70.46019301388559, 18.718671558662415], [-70.46019252114696, 18.718671981075712], [-70.46017680242069, 18.718685804833594], [-70.46017632110943, 18.718686239043784], [-70.46016997010918, 18.718692116182858], [-70.46016950053614, 18.718692561909542], [-70.46015636174721, 18.718705354585303], [-70.46015556039556, 18.71870609884512], [-70.46015031664521, 18.718710744148115], [-70.46014860790169, 18.718712120504165], [-70.46014292787761, 18.718716274065706], [-70.46014109056132, 18.718717490793352], [-70.4601350248621, 18.718721115612837], [-70.46013307534015, 18.718722161873263], [-70.46012667799997, 18.718725225660183], [-70.46012463363901, 18.71872609213315], [-70.46011796164643, 18.718728567594773], [-70.46011584065798, 18.718729246561573], [-70.4601089534482, 18.718731111646083], [-70.46010677472636, 18.718731597058373], [-70.4600997336518, 18.71873283515126], [-70.4600986286906, 18.718733003854652], [-70.46008789254931, 18.718734396247935], [-70.46008723697601, 18.718734489371553], [-70.46007849777381, 18.718735839167955], [-70.46007784489659, 18.7187359481385], [-70.46005682360034, 18.718739719755398], [-70.46005617384083, 18.718739844502444], [-70.46005599862275, 18.718739880356427], [-70.46005535240076, 18.71874002079946], [-70.46003455942262, 18.718744805424002], [-70.46003391715574, 18.718744961472193], [-70.46002536688593, 18.718747149532163], [-70.46002472898905, 18.718747321084763], [-70.46000421805958, 18.71875310635209], [-70.46000358494541, 18.718753293298047], [-70.46000341445202, 18.71875334591348], [-70.46000278652916, 18.718753548132224], [-70.45998261065321, 18.718760319093054], [-70.45998198832775, 18.71876053645372], [-70.45997371531438, 18.718763540174745], [-70.459973098988, 18.7187637725371], [-70.45995331030254, 18.718771511693465], [-70.45995270037366, 18.71877175890724], [-70.45995253636612, 18.7187718277406], [-70.45995193322895, 18.718772089646105], [-70.4599461641262, 18.71877467968831], [-70.45993258287461, 18.71878077699853], [-70.45993198691893, 18.71878105342643], [-70.45992407662295, 18.7187848417799], [-70.45992348823347, 18.718785132551787], [-70.4599046262125, 18.718794745650555], [-70.45990404576942, 18.71879505057851], [-70.45990388994181, 18.71879513491877], [-70.45990331782076, 18.718795453805544], [-70.45988499287674, 18.71880596780965], [-70.4598844294469, 18.718806300449376], [-70.45987696358229, 18.718810834301454], [-70.45987640920801, 18.71881118047909], [-70.45985866869646, 18.71882256821698], [-70.45985812373577, 18.718822927708885], [-70.45985797769777, 18.71882302668485], [-70.45985744250255, 18.718823399258998], [-70.45984944323057, 18.718829117910197], [-70.45984858587425, 18.71882970289367], [-70.45984301413992, 18.71883332868352], [-70.45984122181297, 18.718834386843213], [-70.45983533400326, 18.718837526575513], [-70.45983345008968, 18.718838428807146], [-70.45982729278073, 18.71884105764471], [-70.4598253321834, 18.718841796811088], [-70.45981895408327, 18.71884389395821], [-70.45981794985455, 18.718844200512912], [-70.45981534797639, 18.718844934389608], [-70.45981471486148, 18.718845121335004], [-70.45981454436784, 18.718845173950303], [-70.45981391644455, 18.7188453761684], [-70.45979374054849, 18.718852147110198], [-70.45979311822224, 18.718852364470347], [-70.45978484520062, 18.7188553681835], [-70.45978422887372, 18.718855600545233], [-70.45976444016812, 18.718863339682752], [-70.45976383023869, 18.718863586895907], [-70.45976366623073, 18.718863655729212], [-70.45976306309298, 18.718863917634124], [-70.45975095193336, 18.71886935492897], [-70.45974371271704, 18.718872604968478], [-70.45974311676083, 18.718872881395747], [-70.4597352064557, 18.7188766697419], [-70.45973461806568, 18.71887696051317], [-70.45971575602277, 18.71888657359426], [-70.4597151755791, 18.718886878521623], [-70.45971501975126, 18.718886962861763], [-70.45971444762952, 18.718887281748], [-70.45969612266295, 18.718897795734996], [-70.45969555923239, 18.718898128374217], [-70.45968809335848, 18.71890266221924], [-70.4596875389832, 18.718903008396538], [-70.45966979844867, 18.718914396117874], [-70.45966925348692, 18.718914755609497], [-70.45966910744873, 18.718914854585304], [-70.459668572253, 18.718915227158824], [-70.45965146199455, 18.718927459188418], [-70.45965093691018, 18.718927844603325], [-70.45964399259023, 18.71893307711257], [-70.45964347795672, 18.71893347511972], [-70.45962704219069, 18.71894651984652], [-70.45962653834061, 18.71894693018866], [-70.45962640360045, 18.718947042777895], [-70.4596259108597, 18.718947465189714], [-70.4596101920605, 18.718961288904133], [-70.45960971074699, 18.718961723112947], [-70.45960335971611, 18.71896760023471], [-70.45960289014076, 18.71896804596014], [-70.45960056023738, 18.718970314469775], [-70.459587928928, 18.718982612938454], [-70.45958747139434, 18.718983069892314], [-70.45958734934436, 18.718983194931727], [-70.45958690414825, 18.71898366281864], [-70.45957273918462, 18.718998935418735], [-70.45957230661347, 18.718999413936544], [-70.45956661447913, 18.71900587495936], [-70.45956619481254, 18.71900636379881], [-70.45956346065972, 18.71900963252323], [-70.45956259264352, 18.719010611891825], [-70.45955685523055, 18.71901672466933], [-70.45955495144948, 18.71901853492602], [-70.45954852428322, 18.719023989135366], [-70.45954749464948, 18.719024814193478], [-70.45954646528425, 18.719025592612258], [-70.45954596892379, 18.719025977519426], [-70.45953940552154, 18.719031196039996], [-70.45953891922402, 18.719031592438128], [-70.4595233911775, 18.719044567695455], [-70.45952291523598, 18.71904497534561], [-70.45952278790537, 18.719045087128066], [-70.4595223226069, 18.719045505784504], [-70.459507481446, 18.71905919139645], [-70.45950702707053, 18.71905962080714], [-70.45950103209726, 18.71906542717786], [-70.45950058891871, 18.719065867084016], [-70.45948647039677, 18.71908023007998], [-70.45948603868187, 18.719080680216777], [-70.45948592346326, 18.719080803352934], [-70.4594855034722, 18.719081263449183], [-70.45947214160276, 18.71909626922823], [-70.45947173358832, 18.719096739006936], [-70.4594660250548, 18.719103478380774], [-70.45946527226826, 18.71910432378238], [-70.4594603180223, 18.719109618469595], [-70.45945868647911, 18.719111198683056], [-70.45945321142636, 18.719116005180048], [-70.45945233660022, 18.719116736185043], [-70.45944535787618, 18.719122284916878], [-70.45944487157848, 18.719122681314545], [-70.45942934351582, 18.719135656565516], [-70.45942886757418, 18.719136064215157], [-70.4594287402433, 18.71913617599768], [-70.45942827494427, 18.71913659465397], [-70.45941343376809, 18.71915028025916], [-70.45941297939217, 18.71915070966964], [-70.4594069844125, 18.7191565160377], [-70.45940654123338, 18.71915695594376], [-70.4593924226957, 18.719171318933842], [-70.4593919909803, 18.719171769070478], [-70.45939187576144, 18.719171892206706], [-70.45939145577, 18.71917235230267], [-70.45937809388563, 18.719187358075466], [-70.45937768587065, 18.719187827854068], [-70.45937197733035, 18.71919456722547], [-70.45937122454295, 18.719195412626746], [-70.45936902654041, 18.719197761666045], [-70.45936627029143, 18.719200707311806], [-70.4593646387465, 18.71920228752456], [-70.45935916368813, 18.71920709401914], [-70.45935828886113, 18.719207825023744], [-70.45935131013022, 18.719213373752503], [-70.45935082383193, 18.719213770150052], [-70.45933529575409, 18.719226745393822], [-70.45933481981186, 18.719227153043345], [-70.45933469248082, 18.719227264825836], [-70.45933422718126, 18.719227683481968], [-70.4593193859896, 18.71924136908059], [-70.45931893161298, 18.71924179849107], [-70.45931293662707, 18.719247604856342], [-70.45931249344733, 18.71924804476233], [-70.45929837489471, 18.71926240774569], [-70.45929794317873, 18.71926285788226], [-70.4592978279598, 18.719262981018353], [-70.45929740796792, 18.719263441114112], [-70.45928404606765, 18.719278446881688], [-70.45928363805237, 18.719278916659903], [-70.45927826923031, 18.719285254958002], [-70.45927787343756, 18.719285734135596], [-70.45927713401758, 18.71928665229903], [-70.45927633088117, 18.719287595911947], [-70.45927102413897, 18.71929349900561], [-70.45926926408795, 18.71929525609746], [-70.45926332279657, 18.719300582126102], [-70.45926237097353, 18.719301390522034], [-70.45925052742217, 18.719310917367338], [-70.45925005947558, 18.71931130293033], [-70.45924993411882, 18.719311408719857], [-70.45924947590356, 18.719311804751957], [-70.45923484834385, 18.719324751913874], [-70.45923440011767, 18.71932515819226], [-70.45922848076023, 18.719330652495266], [-70.45922804277548, 18.719331068791234], [-70.45921407620892, 18.719344662482076], [-70.45921364871228, 18.719345088561123], [-70.45921353444038, 18.719345205193104], [-70.45921311767285, 18.719345640815117], [-70.4591998435408, 18.71935985043436], [-70.45919943773634, 18.71936029535466], [-70.45919409142778, 18.7193662993914], [-70.45919369681526, 18.719366753359147], [-70.45918114500006, 18.719381546917433], [-70.45918076180116, 18.719382009677553], [-70.45918065964267, 18.71938213610223], [-70.45918028807338, 18.719382607393985], [-70.45916848683159, 18.719397951589862], [-70.45916812710088, 18.719398431148083], [-70.45916340195679, 18.719404890884043], [-70.45916305426731, 18.719405378438672], [-70.45915203016598, 18.71942123872821], [-70.45915169471343, 18.719421734004758], [-70.4591516055876, 18.719421869084535], [-70.45915128256071, 18.719422371804438], [-70.45914106041793, 18.719438712483793], [-70.45914074999834, 18.719439222364304], [-70.45913668854377, 18.71944607966414], [-70.45913639090656, 18.719446596417715], [-70.45912699373368, 18.719463380701004], [-70.45912670904616, 18.71946390403717], [-70.45912663375542, 18.719464046555853], [-70.45912636217801, 18.71946457617974], [-70.45911781113057, 18.719481766283092], [-70.45911755281614, 18.71948230189655], [-70.45911419160302, 18.719489495047476], [-70.45911394669697, 18.719490036349036], [-70.45910626102467, 18.71950759357423], [-70.45910602966462, 18.719508140259663], [-70.45910596888626, 18.71950828893513], [-70.45910575120264, 18.71950884069635], [-70.45909894820865, 18.719526725518154], [-70.45909874432398, 18.719527282044492], [-70.45909611360288, 18.719534746310206], [-70.45909592363193, 18.71953530728847], [-70.45909120652546, 18.719549823796818], [-70.45909078387005, 18.719551007485595], [-70.45908786098646, 18.719558505985702], [-70.45908681290834, 18.719560797521574], [-70.4590830383679, 18.719567942383602], [-70.45908173097223, 18.719570109545497], [-70.45907715099875, 18.719576813271626], [-70.45907640494121, 18.719577841850175], [-70.45907521393157, 18.719579390419973], [-70.45907485420025, 18.719579869978027], [-70.45907012904787, 18.719586329712143], [-70.45906978135788, 18.719586817266485], [-70.45905875723692, 18.719602677551695], [-70.45905842178371, 18.719603172828176], [-70.45905833265776, 18.71960330790786], [-70.45905800963025, 18.71960381062766], [-70.45904778746852, 18.719620151302966], [-70.45904747704836, 18.71962066118336], [-70.45904718465017, 18.719621154863106], [-70.45904341558608, 18.71962751848161], [-70.45904311794835, 18.719628035235], [-70.45903372075686, 18.719644819515256], [-70.45903343606881, 18.71964534285127], [-70.45903336077788, 18.71964548536998], [-70.4590330891999, 18.71964601499385], [-70.45902453813532, 18.719663205093163], [-70.45902427982037, 18.71966374070652], [-70.45902091860016, 18.719670933856158], [-70.45902067369353, 18.71967147515775], [-70.4590129880046, 18.71968903237982], [-70.45901275664406, 18.719689579065093], [-70.4590126958655, 18.719689727740718], [-70.45901247818146, 18.719690279501616], [-70.4590056751715, 18.719708164321062], [-70.45900547128635, 18.719708720847347], [-70.45900284055891, 18.719716185111896], [-70.45900265058735, 18.719716746090477], [-70.45900016771289, 18.71972438691293], [-70.45899979417305, 18.719725443428466], [-70.45899722990237, 18.71973214481432], [-70.45899632110005, 18.719734198773708], [-70.45899307611991, 18.719740626717172], [-70.45899195927986, 18.71974258532924], [-70.45898806518952, 18.719748677235483], [-70.45898675118742, 18.719750521427407], [-70.45898224590718, 18.7197562179739], [-70.45898074753869, 18.719757929787086], [-70.45897567494052, 18.719763175501257], [-70.45897400679661, 18.71976473826617], [-70.45896841627706, 18.719769482065637], [-70.45896659460197, 18.7197708805642], [-70.45896054060107, 18.719775076254166], [-70.45895858313413, 18.71977629686789], [-70.45895212460528, 18.719779903591018], [-70.45895005040815, 18.719780934433654], [-70.45894325024402, 18.719783917067897], [-70.4589410795151, 18.719784748101166], [-70.45893400393521, 18.719787077601836], [-70.45893175781292, 18.719787700733185], [-70.45892447571877, 18.719789354415756], [-70.45892217607566, 18.719789763577165], [-70.45891475837983, 18.719790725338175], [-70.45891242760968, 18.719790916545268], [-70.45890494654518, 18.719791177019147], [-70.45890260734488, 18.719791148409946], [-70.45889513576182, 18.7197907050602], [-70.45889281091037, 18.719790456913305], [-70.45888542156655, 18.719789314057245], [-70.45888313370318, 18.71978884878909], [-70.45887589855555, 18.719787017555767], [-70.45887366995933, 18.719786339697098], [-70.45886665946327, 18.71978383791892], [-70.45886451183613, 18.719782954070688], [-70.45885779425937, 18.719779806109816], [-70.45885574851475, 18.719778724878854], [-70.45884938927261, 18.7197749613899], [-70.45884746533181, 18.71977369330518], [-70.45884152635014, 18.71976935093675], [-70.45883974294837, 18.71976790834679], [-70.4588342820605, 18.719763029384566], [-70.45883265656438, 18.71976142633719], [-70.45882772694802, 18.719756058292173], [-70.45882627518652, 18.719754310397757], [-70.45882192484588, 18.719748505543574], [-70.45882126860343, 18.71974758254709], [-70.45872172365459, 18.719599849157355], [-70.45861501024193, 18.719441476772946], [-70.45855778375171, 18.719356547313176], [-70.45839384433341, 18.71911324528737], [-70.45830475578894, 18.71898102885337], [-70.45830415419631, 18.718980086155106], [-70.4583004608914, 18.718973966918014], [-70.45829940610678, 18.718972003239394], [-70.45829635684258, 18.718965569924567], [-70.4582955081104, 18.718963517577635], [-70.45829313196798, 18.718956831540225], [-70.45829249738263, 18.718954710098416], [-70.45829081702337, 18.71894783510382], [-70.45829040263693, 18.718945664799516], [-70.4582894340865, 18.718938666415212], [-70.45828924385096, 18.718936467946826], [-70.45828899634635, 18.718929412917078], [-70.45828903207602, 18.71892720725159], [-70.45828950797761, 18.718920162860865], [-70.45828976933164, 18.71891797103395], [-70.45829096410061, 18.718911004465244], [-70.45829144858644, 18.71890884738052], [-70.45829335082804, 18.718902025074645], [-70.45829405382504, 18.71889992330442], [-70.45829664539731, 18.718893310326298], [-70.45829756020089, 18.71889128391536], [-70.45830081638769, 18.718884943333528], [-70.45830193427327, 18.718883011607925], [-70.45830582401994, 18.718877003893077], [-70.45830713432612, 18.718875185275845], [-70.45830855268905, 18.718873409227093], [-70.45831162053575, 18.71886956772405], [-70.458313110766, 18.71886787955947], [-70.45831815065317, 18.71886270574578], [-70.45831895886184, 18.71886191566743], [-70.45845692536204, 18.718733474555485], [-70.45846443284746, 18.718726473185463], [-70.45852483342736, 18.718670144466095], [-70.45870621682674, 18.718500988567417], [-70.4587067445462, 18.718500495512586], [-70.45870829585047, 18.71849903772116], [-70.45874324206629, 18.718466027393298], [-70.45894733614264, 18.718273238985354], [-70.4589473581845, 18.718273218191676], [-70.45894749934361, 18.718273085200266], [-70.45894752141396, 18.71827306443412], [-70.45895810937839, 18.718263115176644], [-70.45917409396719, 18.718060159244448], [-70.45920534915633, 18.718030789377533]]]}}, {"type": "Feature", "properties": {"kind": "house", "label": "Courtyard villa (single storey, ~200 m\u00b2)", "area_m2": 156}, "geometry": {"type": "Polygon", "coordinates": [[[-70.46044980132932, 18.716824586568137], [-70.46052474851876, 18.716737398399772], [-70.46063478643475, 18.716823276363822], [-70.46055571797423, 18.71691525899442], [-70.46049081509256, 18.716864606210702], [-70.46044980132932, 18.716824586568137]], [[-70.46055275260791, 18.716854542208342], [-70.46059180817478, 18.71680910773926], [-70.46054779300704, 18.716774756551402], [-70.46050873743492, 18.716820191011735], [-70.46055275260791, 18.716854542208342]]]}}, {"type": "Feature", "properties": {"kind": "porch", "label": "Front gallery to the commons", "area_m2": 4}, "geometry": {"type": "Polygon", "coordinates": [[[-70.46055571797423, 18.71691525899442], [-70.46054979167471, 18.716922153225227], [-70.46049081509256, 18.716864606210702], [-70.46055571797423, 18.71691525899442]]]}}, {"type": "Feature", "properties": {"kind": "patio", "label": "Private patio", "area_m2": 39}, "geometry": {"type": "Polygon", "coordinates": [[[-70.46050873743492, 18.716820191011735], [-70.46054779300704, 18.716774756551402], [-70.46059180817478, 18.71680910773926], [-70.46055275260791, 18.716854542208342], [-70.46050873743492, 18.716820191011735]]]}}, {"type": "Feature", "properties": {"kind": "hottub", "label": "Hot tub", "area_m2": 6}, "geometry": {"type": "Polygon", "coordinates": [[[-70.46052915224571, 18.71682210847161], [-70.46054357276505, 18.716805332670237], [-70.4605611788331, 18.716819073146947], [-70.46054675831452, 18.71683584894961], [-70.46052915224571, 18.71682210847161]]]}}, {"type": "Feature", "properties": {"kind": "carport", "label": "Carport on the lane", "area_m2": 36}, "geometry": {"type": "Polygon", "coordinates": [[[-70.46057878979416, 18.716738697083414], [-70.46061484105817, 18.71669675757034], [-70.4606588562169, 18.71673110874317], [-70.46062280495774, 18.71677304826433], [-70.46057878979416, 18.716738697083414]]]}}, {"type": "Feature", "properties": {"kind": "driveway", "label": "Driveway", "area_m2": 5}, "geometry": {"type": "Polygon", "coordinates": [[[-70.4606251112603, 18.71670477284505], [-70.46063310362045, 18.716695475089317], [-70.46066010325339, 18.716709695110026], [-70.46064858601163, 18.716723093470556], [-70.4606251112603, 18.71670477284505]]]}}, {"type": "Feature", "properties": {"kind": "house", "label": "Courtyard villa (single storey, ~200 m\u00b2)", "area_m2": 231}, "geometry": {"type": "Polygon", "coordinates": [[[-70.46104439967291, 18.717372278847282], [-70.46100065311391, 18.717501239202576], [-70.46083824106434, 18.717451219028078], [-70.46088198773937, 18.71732225870252], [-70.46104439967291, 18.717372278847282]], [[-70.46091308162859, 18.717431538611493], [-70.46097173041359, 18.717449601445836], [-70.4609892290492, 18.717398017306806], [-70.46093058028097, 18.71737995447676], [-70.46091308162859, 18.717431538611493]]]}}, {"type": "Feature", "properties": {"kind": "porch", "label": "Front gallery to the commons", "area_m2": 33}, "geometry": {"type": "Polygon", "coordinates": [[[-70.46083305744361, 18.71739011863488], [-70.4608709487102, 18.71731885886083], [-70.46088198773937, 18.71732225870252], [-70.46083824106434, 18.717451219028078], [-70.4608147815532, 18.71744399387956], [-70.46083305744361, 18.71739011863488]]]}}, {"type": "Feature", "properties": {"kind": "patio", "label": "Private patio", "area_m2": 39}, "geometry": {"type": "Polygon", "coordinates": [[[-70.46093058028097, 18.71737995447676], [-70.4609892290492, 18.717398017306806], [-70.46097173041359, 18.717449601445836], [-70.46091308162859, 18.717431538611493], [-70.46093058028097, 18.71737995447676]]]}}, {"type": "Feature", "properties": {"kind": "hottub", "label": "Hot tub", "area_m2": 6}, "geometry": {"type": "Polygon", "coordinates": [[[-70.46093615815126, 18.717398764395305], [-70.46095781308237, 18.717405433749345], [-70.46095081362513, 18.717426067404194], [-70.46092915869154, 18.717419398049515], [-70.46093615815126, 18.717398764395305]]]}}, {"type": "Feature", "properties": {"kind": "carport", "label": "Carport on the lane", "area_m2": 36}, "geometry": {"type": "Polygon", "coordinates": [[[-70.4610520709425, 18.717417371523343], [-70.46110620828809, 18.717434044868792], [-70.4610887096859, 18.717485629016398], [-70.46103457232485, 18.71746895566698], [-70.4610520709425, 18.717417371523343]]]}}, {"type": "Feature", "properties": {"kind": "driveway", "label": "Driveway", "area_m2": 8}, "geometry": {"type": "Polygon", "coordinates": [[[-70.46110212528177, 18.717446081170007], [-70.4611241703694, 18.71745287066169], [-70.46111492906931, 18.717480410321883], [-70.46109279269393, 18.7174735927154], [-70.46110212528177, 18.717446081170007]]]}}, {"type": "Feature", "properties": {"kind": "house", "label": "Courtyard villa (single storey, ~200 m\u00b2)", "area_m2": 231}, "geometry": {"type": "Polygon", "coordinates": [[[-70.46091951978148, 18.71764145749689], [-70.46087620118425, 18.71777054897006], [-70.46071362377091, 18.717721018125797], [-70.46075694248464, 18.71759192668201], [-70.46091951978148, 18.71764145749689]], [[-70.460788398785, 18.717701112428312], [-70.46084710728462, 18.717718998560102], [-70.46086443473557, 18.71766736197387], [-70.46080572625279, 18.717649475846326], [-70.460788398785, 18.717701112428312]]]}}, {"type": "Feature", "properties": {"kind": "porch", "label": "Front gallery to the commons", "area_m2": 39}, "geometry": {"type": "Polygon", "coordinates": [[[-70.46073345910436, 18.717584772218743], [-70.46075694248464, 18.71759192668201], [-70.46071362377091, 18.717721018125797], [-70.46069014037381, 18.717713863658297], [-70.46073345910436, 18.717584772218743]]]}}, {"type": "Feature", "properties": {"kind": "patio", "label": "Private patio", "area_m2": 39}, "geometry": {"type": "Polygon", "coordinates": [[[-70.46080572625279, 18.717649475846326], [-70.46086443473557, 18.71766736197387], [-70.46084710728462, 18.717718998560102], [-70.460788398785, 18.717701112428312], [-70.46080572625279, 18.717649475846326]]]}}, {"type": "Feature", "properties": {"kind": "hottub", "label": "Hot tub", "area_m2": 6}, "geometry": {"type": "Polygon", "coordinates": [[[-70.46081136650267, 18.717668268877045], [-70.46083304348225, 18.71767487298708], [-70.46082611249886, 18.717695527620815], [-70.46080443551679, 18.717688923510153], [-70.46081136650267, 18.717668268877045]]]}}, {"type": "Feature", "properties": {"kind": "carport", "label": "Carport on the lane", "area_m2": 36}, "geometry": {"type": "Polygon", "coordinates": [[[-70.4609580071948, 18.71769586971433], [-70.46101219966665, 18.717712379940426], [-70.46099487225806, 18.717764016537334], [-70.46094067977066, 18.717747506307326], [-70.4609580071948, 18.71769586971433]]]}}, {"type": "Feature", "properties": {"kind": "driveway", "label": "Driveway", "area_m2": 8}, "geometry": {"type": "Polygon", "coordinates": [[[-70.4610081566055, 18.717724428479812], [-70.46103073695316, 18.717731307780927], [-70.46102149567203, 18.717758847300146], [-70.46099891532091, 18.717751967998158], [-70.4610081566055, 18.717724428479812]]]}}, {"type": "Feature", "properties": {"kind": "house", "label": "Courtyard villa (single storey, ~200 m\u00b2)", "area_m2": 231}, "geometry": {"type": "Polygon", "coordinates": [[[-70.46082710679946, 18.717916852658217], [-70.46078378820194, 18.7180459441543], [-70.46062121051081, 18.717996413334728], [-70.4606645292248, 18.717867321868024], [-70.46082710679946, 18.717916852658217]], [[-70.46069598563054, 18.717976507620985], [-70.46075469423047, 18.71799439374385], [-70.46077202168154, 18.717942757148464], [-70.46071331309842, 18.717924871029837], [-70.46069598563054, 18.717976507620985]]]}}, {"type": "Feature", "properties": {"kind": "porch", "label": "Front gallery to the commons", "area_m2": 39}, "geometry": {"type": "Polygon", "coordinates": [[[-70.46064104580438, 18.717860167408336], [-70.4606645292248, 18.717867321868024], [-70.46062121051081, 18.717996413334728], [-70.46059772707358, 18.717989258870794], [-70.46064104580438, 18.717860167408336]]]}}, {"type": "Feature", "properties": {"kind": "patio", "label": "Private patio", "area_m2": 39}, "geometry": {"type": "Polygon", "coordinates": [[[-70.46071331309842, 18.717924871029837], [-70.46077202168154, 18.717942757148464], [-70.46075469423047, 18.71799439374385], [-70.46069598563054, 18.717976507620985], [-70.46071331309842, 18.717924871029837]]]}}, {"type": "Feature", "properties": {"kind": "hottub", "label": "Hot tub", "area_m2": 6}, "geometry": {"type": "Polygon", "coordinates": [[[-70.4607189533668, 18.71794366406166], [-70.46074063038343, 18.717950268168398], [-70.4607336994, 18.7179709228058], [-70.46071202238089, 18.717964318698428], [-70.4607189533668, 18.71794366406166]]]}}, {"type": "Feature", "properties": {"kind": "carport", "label": "Carport on the lane", "area_m2": 36}, "geometry": {"type": "Polygon", "coordinates": [[[-70.46086559415386, 18.717971264829988], [-70.46091978671834, 18.717987775047863], [-70.46090245930961, 18.71803941165393], [-70.46084826672963, 18.71802290143215], [-70.46086559415386, 18.717971264829988]]]}}, {"type": "Feature", "properties": {"kind": "driveway", "label": "Driveway", "area_m2": 8}, "geometry": {"type": "Polygon", "coordinates": [[[-70.46091574365714, 18.717999823589377], [-70.46093832404442, 18.71800670288738], [-70.46092908273634, 18.7180342424033], [-70.4609065023725, 18.718027363112622], [-70.46091574365714, 18.717999823589377]]]}}, {"type": "Feature", "properties": {"kind": "house", "label": "Courtyard villa (single storey, ~200 m\u00b2)", "area_m2": 231}, "geometry": {"type": "Polygon", "coordinates": [[[-70.4607034987567, 18.718315670205993], [-70.46068002448949, 18.71844934142686], [-70.46051167861508, 18.718422500875096], [-70.46053515301409, 18.718288829666175], [-70.4607034987567, 18.718315670205993]], [[-70.46058269235014, 18.71839259893923], [-70.46064348390254, 18.718402291356014], [-70.46065287362308, 18.718348822868904], [-70.46059208208972, 18.718339130453845], [-70.46058269235014, 18.71839259893923]]]}}, {"type": "Feature", "properties": {"kind": "porch", "label": "Front gallery to the commons", "area_m2": 39}, "geometry": {"type": "Polygon", "coordinates": [[[-70.46051083641031, 18.718284952686503], [-70.46053515301409, 18.718288829666175], [-70.46051167861508, 18.718422500875096], [-70.46048736199225, 18.71841862389369], [-70.46051083641031, 18.718284952686503]]]}}, {"type": "Feature", "properties": {"kind": "patio", "label": "Private patio", "area_m2": 39}, "geometry": {"type": "Polygon", "coordinates": [[[-70.46059208208972, 18.718339130453845], [-70.46065287362308, 18.718348822868904], [-70.46064348390254, 18.718402291356014], [-70.46058269235014, 18.71839259893923], [-70.46059208208972, 18.718339130453845]]]}}, {"type": "Feature", "properties": {"kind": "hottub", "label": "Hot tub", "area_m2": 6}, "geometry": {"type": "Polygon", "coordinates": [[[-70.46060048822129, 18.718356960370052], [-70.46062293432776, 18.71836053910908], [-70.46061917843615, 18.71838192650362], [-70.46059673232686, 18.718378347764336], [-70.46060048822129, 18.718356960370052]]]}}, {"type": "Feature", "properties": {"kind": "carport", "label": "Carport on the lane", "area_m2": 34}, "geometry": {"type": "Polygon", "coordinates": [[[-70.46078897488815, 18.718370522359425], [-70.46083944080537, 18.71837856843479], [-70.46083819629963, 18.718401466931525], [-70.46083683791403, 18.718426460778492], [-70.4608357005056, 18.718432937636937], [-70.46077958521025, 18.718423990850408], [-70.46078897488815, 18.718370522359425]]]}}, {"type": "Feature", "properties": {"kind": "house", "label": "Courtyard villa (single storey, ~200 m\u00b2)", "area_m2": 225}, "geometry": {"type": "Polygon", "coordinates": [[[-70.46055476412737, 18.71880107309568], [-70.46049911997372, 18.7188869471664], [-70.46049434282227, 18.718888169677157], [-70.46049432537728, 18.718888174198145], [-70.46049391868365, 18.718888280919085], [-70.46049390126919, 18.71888828554561], [-70.46049320535661, 18.718888472702396], [-70.46049318797336, 18.71888847743428], [-70.46049278273607, 18.71888858907179], [-70.4604927653847, 18.718888593908833], [-70.46049184102591, 18.718888854633825], [-70.46049182370716, 18.71888885957585], [-70.46049141999175, 18.718888976111856], [-70.46049140270631, 18.718888981158642], [-70.4604907120111, 18.71888918510898], [-70.46049069475966, 18.718889190260334], [-70.46049029263138, 18.71888931167601], [-70.46049027541467, 18.718889316931715], [-70.46048958894029, 18.71888952878427], [-70.46048957175897, 18.71888953414412], [-70.46048917128253, 18.718889660419933], [-70.4604891541373, 18.718889665883715], [-70.46048846910568, 18.718889886495834], [-70.46048845199725, 18.718889892063327], [-70.46048805323773, 18.71889002317876], [-70.46048803616678, 18.71889002884973], [-70.46048712690796, 18.718890333996658], [-70.46048710987517, 18.71889033977089], [-70.46048671289672, 18.718890475704825], [-70.46048669590279, 18.71889048158208], [-70.46048601697741, 18.718890718713435], [-70.46048600002302, 18.718890724693466], [-70.46048560488988, 18.71889086542393], [-70.46048558797571, 18.718890871506506], [-70.46047680814534, 18.718894059264972], [-70.46047679127209, 18.71889406544984], [-70.46047639804809, 18.718894210954076], [-70.46047638121644, 18.718894217241], [-70.46047570883601, 18.718894470738313], [-70.46047569204661, 18.718894477127034], [-70.46047530079521, 18.71889462738158], [-70.46047528404877, 18.718894633871827], [-70.46047439223973, 18.718894982652024], [-70.46047437553692, 18.718894989243548], [-70.46047398632132, 18.71889514422412], [-70.46047396966281, 18.718895150916648], [-70.46047330426178, 18.718895420616185], [-70.46047328764824, 18.718895427409446], [-70.46047290053147, 18.718895587090962], [-70.46047288396358, 18.718895593984684], [-70.46047222360382, 18.71889587113723], [-70.46047220708223, 18.718895878131146], [-70.46047182212655, 18.71889604248792], [-70.46047180565193, 18.718896049581726], [-70.4604711476605, 18.71889633530912], [-70.46047113123353, 18.718896342502543], [-70.46047074850149, 18.718896511507864], [-70.46047073212284, 18.718896518800623], [-70.46046986006807, 18.718896910312868], [-70.46046984373838, 18.71889691770465], [-70.46046946329142, 18.718897091331392], [-70.46046944701136, 18.718897098821905], [-70.46046879685426, 18.718897400392702], [-70.4604687806245, 18.71889740798164], [-70.46046840252443, 18.7188975862016], [-70.46046838634561, 18.71889759388866], [-70.46045999145792, 18.71890161434781], [-70.46045997533069, 18.718901622132684], [-70.46045959963836, 18.718901804917152], [-70.46045958356339, 18.718901812799515], [-70.46045894166092, 18.718902130018744], [-70.46045892563885, 18.71890213799828], [-70.46045855241495, 18.71890232531775], [-70.46045853644641, 18.71890233339416], [-70.46045768639944, 18.71890276662667], [-70.46045767048511, 18.718902774799602], [-70.46045729979006, 18.71890296662374], [-70.46045728393055, 18.71890297489288], [-70.46045725514573, 18.718902990014705], [-70.46033480406095, 18.718830953481685], [-70.46040952887954, 18.718715632935464], [-70.46055476412737, 18.71880107309568]], [[-70.46041241091291, 18.718828824609822], [-70.46046485699533, 18.718859678011654], [-70.4604947469021, 18.71881354977752], [-70.46044230082975, 18.71878269638331], [-70.46041241091291, 18.718828824609822]]]}}, {"type": "Feature", "properties": {"kind": "porch", "label": "Front gallery to the commons", "area_m2": 39}, "geometry": {"type": "Polygon", "coordinates": [[[-70.46038855046648, 18.718703291568794], [-70.46040952887954, 18.718715632935464], [-70.46033480406095, 18.718830953481685], [-70.46031382563783, 18.718818612107395], [-70.46038855046648, 18.718703291568794]]]}}, {"type": "Feature", "properties": {"kind": "patio", "label": "Private patio", "area_m2": 39}, "geometry": {"type": "Polygon", "coordinates": [[[-70.46044230082975, 18.71878269638331], [-70.4604947469021, 18.71881354977752], [-70.46046485699533, 18.718859678011654], [-70.46041241091291, 18.718828824609822], [-70.46044230082975, 18.71878269638331]]]}}, {"type": "Feature", "properties": {"kind": "hottub", "label": "Hot tub", "area_m2": 6}, "geometry": {"type": "Polygon", "coordinates": [[[-70.46044301620735, 18.71880223086454], [-70.46046238091121, 18.718813622888646], [-70.4604504249467, 18.718832074180934], [-70.46043106024135, 18.71882068215571], [-70.46044301620735, 18.71880223086454]]]}}, {"type": "Feature", "properties": {"kind": "carport", "label": "Carport on the lane", "area_m2": 5}, "geometry": {"type": "Polygon", "coordinates": [[[-70.46056644771687, 18.718855730461836], [-70.46058311653984, 18.7188655365128], [-70.46058001871329, 18.71887003327074], [-70.46058000917952, 18.7188700472028], [-70.46057978777384, 18.718870372931253], [-70.46057977832997, 18.718870386918745], [-70.46057976158643, 18.71887041188602], [-70.46057785942797, 18.718873029454233], [-70.46057651094868, 18.718874532604477], [-70.46057499746465, 18.71887591122932], [-70.46057334628496, 18.718877138008132], [-70.46057157411585, 18.71887820052866], [-70.46056969888747, 18.718879088040733], [-70.46056773957282, 18.718879791564742], [-70.4605675374731, 18.7188798427412], [-70.46056571599566, 18.71888030398266], [-70.46056364862983, 18.718880620110014], [-70.4605606520903, 18.718880787321282], [-70.46055015851712, 18.718880869136406], [-70.46056644771687, 18.718855730461836]]]}}, {"type": "Feature", "properties": {"kind": "house", "label": "Courtyard villa (single storey, ~200 m\u00b2)", "area_m2": 221}, "geometry": {"type": "Polygon", "coordinates": [[[-70.45984122181297, 18.718834386843213], [-70.45984301413992, 18.71883332868352], [-70.45984858587425, 18.71882970289367], [-70.45984944323057, 18.718829117910197], [-70.45985744250255, 18.718823399258998], [-70.45985797769777, 18.71882302668485], [-70.45985812373577, 18.718822927708885], [-70.45985866869646, 18.71882256821698], [-70.45987640920801, 18.71881118047909], [-70.45987696358229, 18.718810834301454], [-70.4598844294469, 18.718806300449376], [-70.45988499287674, 18.71880596780965], [-70.45990140091122, 18.7187965536396], [-70.46001671670142, 18.71888129150858], [-70.45992985195534, 18.718988612797258], [-70.45979469089693, 18.718889291923418], [-70.45983754253358, 18.718836348855085], [-70.45984122181297, 18.718834386843213]], [[-70.45987211152418, 18.718894837496343], [-70.45992091968277, 18.71893070335864], [-70.45995566558577, 18.718887774849307], [-70.45990685743351, 18.718851908995553], [-70.45987211152418, 18.718894837496343]]]}}, {"type": "Feature", "properties": {"kind": "porch", "label": "Front gallery to the commons", "area_m2": 13}, "geometry": {"type": "Polygon", "coordinates": [[[-70.45979357320827, 18.718852205557194], [-70.45979374054849, 18.718852147110198], [-70.45981391644455, 18.7188453761684], [-70.45981454436784, 18.718845173950303], [-70.45981471486148, 18.718845121335004], [-70.45981534797639, 18.718844934389608], [-70.45981794985455, 18.718844200512912], [-70.45981895408327, 18.71884389395821], [-70.4598253321834, 18.718841796811088], [-70.45982729278073, 18.71884105764471], [-70.45983345008968, 18.718838428807146], [-70.45983533400326, 18.718837526575513], [-70.45983754253358, 18.718836348855085], [-70.45979469089693, 18.718889291923418], [-70.45977516764573, 18.718874945565926], [-70.45979357320827, 18.718852205557194]]]}}, {"type": "Feature", "properties": {"kind": "patio", "label": "Private patio", "area_m2": 39}, "geometry": {"type": "Polygon", "coordinates": [[[-70.45990685743351, 18.718851908995553], [-70.45995566558577, 18.718887774849307], [-70.45992091968277, 18.71893070335864], [-70.45987211152418, 18.718894837496343], [-70.45990685743351, 18.718851908995553]]]}}, {"type": "Feature", "properties": {"kind": "hottub", "label": "Hot tub", "area_m2": 6}, "geometry": {"type": "Polygon", "coordinates": [[[-70.45990544439715, 18.718871408936295], [-70.45992346586848, 18.718884651714703], [-70.45990956750616, 18.71890182311691], [-70.4598915460339, 18.718888580337236], [-70.45990544439715, 18.718871408936295]]]}}, {"type": "Feature", "properties": {"kind": "house", "label": "Courtyard villa (single storey, ~200 m\u00b2)", "area_m2": 226}, "geometry": {"type": "Polygon", "coordinates": [[[-70.45983012045076, 18.718939414333736], [-70.45988917598287, 18.71902597304822], [-70.45976992062671, 18.719099841300437], [-70.45967689050872, 18.71896348526629], [-70.45978302938089, 18.718897741563808], [-70.45983012045076, 18.718939414333736]], [[-70.45974801854487, 18.718993140109287], [-70.45978161276254, 18.719042379780294], [-70.4598293149002, 18.71901283248583], [-70.45979572067586, 18.718963592823766], [-70.45974801854487, 18.718993140109287]]]}}, {"type": "Feature", "properties": {"kind": "porch", "label": "Front gallery to the commons", "area_m2": 34}, "geometry": {"type": "Polygon", "coordinates": [[[-70.45976440387624, 18.71888125910094], [-70.45978302938089, 18.718897741563808], [-70.45967689050872, 18.71896348526629], [-70.45966345283775, 18.71894378938986], [-70.45976440387624, 18.71888125910094]]]}}, {"type": "Feature", "properties": {"kind": "patio", "label": "Private patio", "area_m2": 39}, "geometry": {"type": "Polygon", "coordinates": [[[-70.45979572067586, 18.718963592823766], [-70.4598293149002, 18.71901283248583], [-70.45978161276254, 18.719042379780294], [-70.45974801854487, 18.718993140109287], [-70.45979572067586, 18.718963592823766]]]}}, {"type": "Feature", "properties": {"kind": "hottub", "label": "Hot tub", "area_m2": 6}, "geometry": {"type": "Polygon", "coordinates": [[[-70.45978761204714, 18.718981547410802], [-70.45980001606672, 18.718999728210466], [-70.45978093521285, 18.719011547126655], [-70.45976853119424, 18.718993366325677], [-70.45978761204714, 18.718981547410802]]]}}, {"type": "Feature", "properties": {"kind": "carport", "label": "Carport on the lane", "area_m2": 27}, "geometry": {"type": "Polygon", "coordinates": [[[-70.45990533692222, 18.719124259201337], [-70.45993154865282, 18.71916267811773], [-70.4599277323991, 18.71916365471362], [-70.45992771495408, 18.71916365923455], [-70.45992730825931, 18.71916376595434], [-70.45992729084477, 18.719163770580817], [-70.45992659493024, 18.71916395773564], [-70.45992657754692, 18.71916396246748], [-70.45992617230854, 18.71916407410382], [-70.45992615495715, 18.719164078940814], [-70.45992523059587, 18.719164339663145], [-70.45992521327709, 18.71916434460511], [-70.45992480956055, 18.719164461139968], [-70.45992479227507, 18.7191644661867], [-70.45992410157788, 18.71916467013508], [-70.45992408432642, 18.719164675286383], [-70.45992368219699, 18.719164796700902], [-70.45992366498022, 18.71916480195657], [-70.45992297850387, 18.71916501380717], [-70.4599229613225, 18.71916501916698], [-70.45992256084494, 18.71916514544164], [-70.45992254369966, 18.71916515090538], [-70.45992185866614, 18.71916537151552], [-70.45992184155766, 18.719165377082955], [-70.459921442797, 18.719165508197246], [-70.45992142572598, 18.71916551386817], [-70.45992051646455, 18.719165819012495], [-70.45992049943172, 18.719165824786675], [-70.45992010245203, 18.719165960719504], [-70.45992008545805, 18.71916596659671], [-70.45991940653056, 18.719166203726164], [-70.45991938957613, 18.71916620970615], [-70.45991899444185, 18.71916635043548], [-70.45991897752764, 18.719166356518002], [-70.45991019767082, 18.719169544251507], [-70.45991018079752, 18.719169550436323], [-70.45990978757233, 18.719169695939442], [-70.45990977074061, 18.719169702226317], [-70.45990909835818, 18.719169955721704], [-70.45990908156874, 18.719169962110374], [-70.45990869031606, 18.719170112363834], [-70.45990867356956, 18.719170118854034], [-70.45990778175768, 18.719170467631738], [-70.45990776505482, 18.719170474223205], [-70.4599073758381, 18.71917062920264], [-70.45990735917952, 18.71917063589512], [-70.45990669377649, 18.719170905592733], [-70.45990667716289, 18.71917091238596], [-70.45990629004481, 18.71917107206641], [-70.45990627347685, 18.71917107896009], [-70.45990561311494, 18.719171356110788], [-70.45990559659329, 18.719171363104653], [-70.45990521163645, 18.719171527460304], [-70.4599051951618, 18.719171534554064], [-70.45990453716819, 18.719171820279605], [-70.45990452074119, 18.719171827472987], [-70.45990413800777, 18.71917199647728], [-70.45990412162907, 18.719172003769987], [-70.45990324957137, 18.71917239527979], [-70.45990323324163, 18.71917240267152], [-70.45990285279362, 18.719172576297105], [-70.45990283651352, 18.719172583787564], [-70.45990218635446, 18.719172885356432], [-70.45990217012464, 18.719172892945327], [-70.45990179202317, 18.71917307116427], [-70.4599017758443, 18.719173078851284], [-70.45989338092795, 18.71917709928688], [-70.45989336480068, 18.7191771070717], [-70.45989298910706, 18.719177289855104], [-70.45989297303203, 18.719177297737435], [-70.45989233112763, 18.719177614954713], [-70.4598923151055, 18.71917762293421], [-70.45989194188036, 18.719177810252603], [-70.45989192591178, 18.719177818328966], [-70.4598910758617, 18.719178251559157], [-70.45989105994732, 18.71917825973204], [-70.45989068925097, 18.719178451555134], [-70.4598906733914, 18.719178459824228], [-70.45989004015642, 18.719178792484996], [-70.45989002435233, 18.71917880084995], [-70.45988965624467, 18.719178997146763], [-70.4598896404967, 18.719179005607252], [-70.45988901307061, 18.71917934519513], [-70.45988899737937, 18.719179353750807], [-70.4598886319198, 18.71917955448966], [-70.45988861628594, 18.71917956314017], [-70.45988799212954, 18.719179911029485], [-70.45988797655369, 18.719179919774497], [-70.45988761380133, 18.71918012492292], [-70.45988759828413, 18.719180133762066], [-70.45988677243851, 18.719180607593074], [-70.45988675698057, 18.719180616526], [-70.45988639699394, 18.719180826050913], [-70.45988638159588, 18.719180835077264], [-70.45988576692129, 18.719181197970357], [-70.45988575158377, 18.719181207089758], [-70.45988539442112, 18.719181420957227], [-70.45988537914471, 18.719181430169325], [-70.45987908789873, 18.719185250694697], [-70.4598576347694, 18.71915380651606], [-70.45990533692222, 18.719124259201337]]]}}, {"type": "Feature", "properties": {"kind": "house", "label": "Courtyard villa (single storey, ~200 m\u00b2)", "area_m2": 231}, "geometry": {"type": "Polygon", "coordinates": [[[-70.4596601762585, 18.71918916166919], [-70.45954771331122, 18.71927214049288], [-70.45944320909933, 18.719143551031824], [-70.45955567202199, 18.719060572272124], [-70.4596601762585, 18.71918916166919]], [[-70.45951665957222, 18.719167521406543], [-70.4595543972105, 18.71921395648122], [-70.45959938238686, 18.71918076495837], [-70.45956164474504, 18.71913432989294], [-70.45951665957222, 18.719167521406543]]]}}, {"type": "Feature", "properties": {"kind": "porch", "label": "Front gallery to the commons", "area_m2": 34}, "geometry": {"type": "Polygon", "coordinates": [[[-70.45954057697892, 18.71904199824225], [-70.45955567202199, 18.719060572272124], [-70.45944320909933, 18.719143551031824], [-70.45943378031903, 18.71913194917255], [-70.45944487157848, 18.719122681314545], [-70.45944535787618, 18.719122284916878], [-70.45945233660022, 18.719116736185043], [-70.45945321142636, 18.719116005180048], [-70.45945868647911, 18.719111198683056], [-70.4594603180223, 18.719109618469595], [-70.45946527226826, 18.71910432378238], [-70.4594660250548, 18.719103478380774], [-70.45947173358832, 18.719096739006936], [-70.45947214160276, 18.71909626922823], [-70.45948194734856, 18.71908525708272], [-70.45954057697892, 18.71904199824225]]]}}, {"type": "Feature", "properties": {"kind": "patio", "label": "Private patio", "area_m2": 39}, "geometry": {"type": "Polygon", "coordinates": [[[-70.45956164474504, 18.71913432989294], [-70.45959938238686, 18.71918076495837], [-70.4595543972105, 18.71921395648122], [-70.45951665957222, 18.719167521406543], [-70.45956164474504, 18.71913432989294]]]}}, {"type": "Feature", "properties": {"kind": "hottub", "label": "Hot tub", "area_m2": 6}, "geometry": {"type": "Polygon", "coordinates": [[[-70.45955511614255, 18.719152859976706], [-70.45956905003966, 18.719170005233106], [-70.45955105596975, 18.7191832818406], [-70.45953712207317, 18.71916613658284], [-70.45955511614255, 18.719152859976706]]]}}, {"type": "Feature", "properties": {"kind": "carport", "label": "Carport on the lane", "area_m2": 36}, "geometry": {"type": "Polygon", "coordinates": [[[-70.4596916869531, 18.719294342881888], [-70.45972571832876, 18.719336217387703], [-70.45972425459875, 18.719338878780977], [-70.45968153657708, 18.719370397544157], [-70.45964670176802, 18.719327534427347], [-70.4596916869531, 18.719294342881888]]]}}, {"type": "Feature", "properties": {"kind": "driveway", "label": "Driveway", "area_m2": 1}, "geometry": {"type": "Polygon", "coordinates": [[[-70.45971602522307, 18.71934495068697], [-70.45971886249275, 18.719348441854333], [-70.45971841329184, 18.719349087017246], [-70.45971719438302, 18.719350526189782], [-70.45971584013346, 18.719351850971083], [-70.45971436230944, 18.719353049850888], [-70.45971277375084, 18.719354112412887], [-70.45971035787375, 18.719355426800586], [-70.45970968846163, 18.71935575256479], [-70.45970967002535, 18.719355761617553], [-70.45970924065925, 18.71935597434008], [-70.45970922229273, 18.719355983520675], [-70.45970866328936, 18.719356265421922], [-70.45970864788666, 18.71935627324713], [-70.45970828908143, 18.71935645688406], [-70.4597082737294, 18.719356464799166], [-70.45970030814689, 18.719360601799846], [-70.45970029284612, 18.71936060980455], [-70.45969993643295, 18.719360797623043], [-70.45969992118403, 18.719360805717066], [-70.4596993123094, 18.719361131239285], [-70.45969929711288, 18.719361139422297], [-70.45969894314563, 18.719361331393984], [-70.4596989280021, 18.719361339665685], [-70.45969812191906, 18.719361783100766], [-70.45969810682908, 18.719361791460855], [-70.45969775536072, 18.719361987556994], [-70.45969774032486, 18.719361996005148], [-70.45969714001762, 18.719362335667075], [-70.45969712503646, 18.719362344202978], [-70.45969677612023, 18.71936254439388], [-70.45969676119428, 18.719362553017206], [-70.45969616647373, 18.719362898993886], [-70.45969615160362, 18.719362907704312], [-70.45969580529193, 18.719363111959897], [-70.4596957904782, 18.719363120757095], [-70.45969519910045, 18.719363474353855], [-70.45969518434364, 18.719363483237494], [-70.4596948406885, 18.719363691527093], [-70.45969482598916, 18.71936370049685], [-70.45969404371247, 18.719364181084682], [-70.45969402907117, 18.7193641901402], [-70.45969368812463, 18.719364402432273], [-70.45969367354195, 18.719364411573224], [-70.45969353399934, 18.719364499629037], [-70.45969203312262, 18.719362652849096], [-70.45971602522307, 18.71934495068697]]]}}, {"type": "Feature", "properties": {"kind": "house", "label": "Courtyard villa (single storey, ~200 m\u00b2)", "area_m2": 231}, "geometry": {"type": "Polygon", "coordinates": [[[-70.45939596831244, 18.719440859959036], [-70.45932092315665, 18.719555991741736], [-70.45917592500393, 18.719470185624008], [-70.45925097022877, 18.71935505389429], [-70.45939596831244, 18.719440859959036]], [[-70.4592535378552, 18.719468252440855], [-70.45930589829486, 18.71949923797494], [-70.45933591636432, 18.719453185267344], [-70.45928355593466, 18.71942219974092], [-70.4592535378552, 18.719468252440855]]]}}, {"type": "Feature", "properties": {"kind": "porch", "label": "Front gallery to the commons", "area_m2": 39}, "geometry": {"type": "Polygon", "coordinates": [[[-70.4592300260728, 18.719342659674766], [-70.45925097022877, 18.71935505389429], [-70.45917592500393, 18.719470185624008], [-70.459154980838, 18.71945779139683], [-70.4592300260728, 18.719342659674766]]]}}, {"type": "Feature", "properties": {"kind": "patio", "label": "Private patio", "area_m2": 39}, "geometry": {"type": "Polygon", "coordinates": [[[-70.45928355593466, 18.71942219974092], [-70.45933591636432, 18.719453185267344], [-70.45930589829486, 18.71949923797494], [-70.4592535378552, 18.719468252440855], [-70.45928355593466, 18.71942219974092]]]}}, {"type": "Feature", "properties": {"kind": "hottub", "label": "Hot tub", "area_m2": 6}, "geometry": {"type": "Polygon", "coordinates": [[[-70.4592842170525, 18.71944173595782], [-70.45930355013444, 18.719453176769203], [-70.45929154290488, 18.719471597850873], [-70.45927220982146, 18.719460157038363], [-70.4592842170525, 18.71944173595782]]]}}, {"type": "Feature", "properties": {"kind": "carport", "label": "Carport on the lane", "area_m2": 30}, "geometry": {"type": "Polygon", "coordinates": [[[-70.45945325124279, 18.71952262086747], [-70.45950046702771, 18.719550561850795], [-70.45950001873996, 18.719550850551464], [-70.45950000478821, 18.719550859594047], [-70.45949967990674, 18.71955107150582], [-70.45949966601151, 18.719551080627102], [-70.45949892657714, 18.719551569103466], [-70.45949891273895, 18.71955157830312], [-70.45949859051862, 18.719551793872068], [-70.45949857673794, 18.719551803149763], [-70.45949802669948, 18.719552175792106], [-70.45949801297678, 18.719552185147514], [-70.45949769346295, 18.719552404343297], [-70.45949767979874, 18.7195524137761], [-70.45949713543595, 18.71955279191625], [-70.4594971218307, 18.719552801426108], [-70.4594968050682, 18.719553024217973], [-70.4594967915224, 18.71955303380456], [-70.45949625091663, 18.719553418775284], [-70.45949623743073, 18.71955342843825], [-70.45949592346433, 18.719553654794705], [-70.45949591003883, 18.719553664533723], [-70.45949519575393, 18.719554185879517], [-70.45949518238929, 18.71955419569423], [-70.45949487126308, 18.71955442558349], [-70.45949485795975, 18.719554435473565], [-70.45949432709119, 18.719554832555836], [-70.45949431384967, 18.719554842520928], [-70.45949400560734, 18.71955507591071], [-70.45949399242808, 18.719555085950457], [-70.45948715884776, 18.719560323393566], [-70.45948714573123, 18.719560333507623], [-70.45948684041623, 18.719560570365], [-70.4594868273629, 18.71956058055301], [-70.45948630653021, 18.71956098952337], [-70.45948629354054, 18.71956099978496], [-70.459485991196, 18.719561240076487], [-70.45948597827042, 18.719561250411324], [-70.45948529074296, 18.71956180345289], [-70.45948527788194, 18.71956181386059], [-70.45948497855005, 18.71956205755275], [-70.45948496575406, 18.719562068032946], [-70.45948445525043, 18.719562488661243], [-70.4594844425199, 18.719562499213566], [-70.45948414624316, 18.719562746271762], [-70.45948413357853, 18.719562756895854], [-70.45948362927174, 18.71956318248478], [-70.45948361667348, 18.71956319318027], [-70.45948332349333, 18.719563443569946], [-70.45948331096186, 18.719563454336427], [-70.45948281107461, 18.719563886385913], [-70.45948279861038, 18.719563897223036], [-70.45948250856817, 18.719564150908866], [-70.45948249617165, 18.719564161816244], [-70.45948183694935, 18.71956474530862], [-70.45948182462094, 18.71956475628586], [-70.45948153775745, 18.71956501323218], [-70.45948152549757, 18.719565024278918], [-70.45948103650808, 18.719565467506385], [-70.45948102431717, 18.71956547862221], [-70.45948074067282, 18.71956573879283], [-70.45948072855133, 18.71956574997735], [-70.45947444659123, 18.7195715808543], [-70.45947443453959, 18.71957159210713], [-70.45947415415418, 18.71957185546549], [-70.4594741421728, 18.719571866786232], [-70.45947366435627, 18.719572320942216], [-70.45947365244557, 18.719572332330465], [-70.45947337535878, 18.71957259883934], [-70.4594733635192, 18.719572610294694], [-70.45947273408616, 18.719573222924268], [-70.4594727223181, 18.719573234446344], [-70.4594724485687, 18.71957350406842], [-70.45947243687256, 18.719573515656815], [-70.45947197049807, 18.71957398048557], [-70.45947195887426, 18.719573992139853], [-70.45947168850087, 18.719574264837146], [-70.45947167694982, 18.719574276556912], [-70.4594712172377, 18.71957474576441], [-70.45947120575983, 18.719574757549246], [-70.4594709388005, 18.71957503328334], [-70.45947092739615, 18.71957504513286], [-70.45947047272608, 18.71957552037291], [-70.45947046139572, 18.719575532286655], [-70.45947019788802, 18.71957581101874], [-70.45947018663202, 18.71957582299632], [-70.45946958840527, 18.71957646338394], [-70.45946957722401, 18.719576475424923], [-70.45946931720499, 18.71957675711584], [-70.45946930609891, 18.719576769219785], [-70.4594688633892, 18.71957725460361], [-70.45946885235865, 18.719577266770113], [-70.45946859586495, 18.71957755138014], [-70.45946858491031, 18.71957756360878], [-70.45946291110609, 18.71958393544363], [-70.45946290022778, 18.719583947733963], [-70.45946264729545, 18.719584235223074], [-70.45946263649384, 18.719584247574673], [-70.45946220599379, 18.7195847428289], [-70.45946219526925, 18.71958475524133], [-70.45946194593395, 18.719585045569037], [-70.45946193528687, 18.71958505804184], [-70.45946136961297, 18.719585724745983], [-70.45946135904373, 18.71958573727875], [-70.45946111334041, 18.719586030404333], [-70.45946110284937, 18.71958604299661], [-70.45946068480136, 18.719586547842432], [-70.45946067438888, 18.719586560493788], [-70.4594604323522, 18.71958685637591], [-70.4594604220187, 18.719586869085877], [-70.45946001103847, 18.719587377689283], [-70.45946000078425, 18.719587390457427], [-70.45945976244825, 18.719587689054478], [-70.45945975227367, 18.71958770188036], [-70.45945934691265, 18.719588216034083], [-70.4594593368181, 18.71958822891723], [-70.45945910221641, 18.71958853018707], [-70.45945909220225, 18.71958854312705], [-70.45945856035479, 18.7195892346467], [-70.45945855042136, 18.719589247643036], [-70.45945837974571, 18.71958947234254], [-70.45942323319568, 18.719568673592207], [-70.45945325124279, 18.71952262086747]]]}}, {"type": "Feature", "properties": {"kind": "house", "label": "Courtyard villa (single storey, ~200 m\u00b2)", "area_m2": 110}, "geometry": {"type": "Polygon", "coordinates": [[[-70.45905240916372, 18.71986541325972], [-70.45894325105432, 18.71980792245972], [-70.45901126487632, 18.719766315547876], [-70.45898405935165, 18.71978295831533], [-70.45903437812763, 18.71980945993837], [-70.45906190243821, 18.719762013836167], [-70.45903847039551, 18.719749672776818], [-70.45907927866395, 18.719724708613434], [-70.45912121991928, 18.71974679799154], [-70.45905240916372, 18.71986541325972]]]}}, {"type": "Feature", "properties": {"kind": "patio", "label": "Private patio", "area_m2": 27}, "geometry": {"type": "Polygon", "coordinates": [[[-70.45906190243821, 18.719762013836167], [-70.45903437812763, 18.71980945993837], [-70.45898405935165, 18.71978295831533], [-70.45903847039551, 18.719749672776818], [-70.45906190243821, 18.719762013836167]]]}}, {"type": "Feature", "properties": {"kind": "hottub", "label": "Hot tub", "area_m2": 4}, "geometry": {"type": "Polygon", "coordinates": [[[-70.45902957747442, 18.719763571837813], [-70.45901856774812, 18.719782550277422], [-70.45900038266711, 18.7197729726553], [-70.45902214708465, 18.719759658439898], [-70.45902957747442, 18.719763571837813]]]}}, {"type": "Feature", "properties": {"kind": "carport", "label": "Carport on the lane", "area_m2": 32}, "geometry": {"type": "Polygon", "coordinates": [[[-70.45929694080372, 18.719885802279013], [-70.45932914868412, 18.719902765272867], [-70.45932925690731, 18.719915377167478], [-70.45932948336969, 18.71994176814999], [-70.45931921181528, 18.719959474192034], [-70.45926941654389, 18.71993324841205], [-70.45929694080372, 18.719885802279013]]]}}, {"type": "Feature", "properties": {"kind": "house", "label": "Courtyard villa (single storey, ~200 m\u00b2)", "area_m2": 211}, "geometry": {"type": "Polygon", "coordinates": [[[-70.45890631209768, 18.719976744676426], [-70.45895437458597, 18.720048073296027], [-70.458834680204, 18.72012129519229], [-70.45874246354786, 18.719984438015757], [-70.45882502419359, 18.719933932365286], [-70.45890631209768, 18.719976744676426]], [[-70.458813414176, 18.720014477199577], [-70.45884671464371, 18.720063897838713], [-70.45889459239154, 18.720034609086596], [-70.45886129191695, 18.71998518845639], [-70.458813414176, 18.720014477199577]]]}}, {"type": "Feature", "properties": {"kind": "porch", "label": "Front gallery to the commons", "area_m2": 25}, "geometry": {"type": "Polygon", "coordinates": [[[-70.45880050174313, 18.719921016990863], [-70.45882502419359, 18.719933932365286], [-70.45874246354786, 18.719984438015757], [-70.45872914337689, 18.719964669752184], [-70.45880050174313, 18.719921016990863]]]}}, {"type": "Feature", "properties": {"kind": "patio", "label": "Private patio", "area_m2": 39}, "geometry": {"type": "Polygon", "coordinates": [[[-70.45886129191695, 18.71998518845639], [-70.45889459239154, 18.720034609086596], [-70.45884671464371, 18.720063897838713], [-70.458813414176, 18.720014477199577], [-70.45886129191695, 18.71998518845639]]]}}, {"type": "Feature", "properties": {"kind": "hottub", "label": "Hot tub", "area_m2": 6}, "geometry": {"type": "Polygon", "coordinates": [[[-70.4588530763745, 18.72000309889023], [-70.45886537193262, 18.72002134650889], [-70.45884622083472, 18.72003306200815], [-70.45883392527762, 18.720014814388165], [-70.4588530763745, 18.72000309889023]]]}}, {"type": "Feature", "properties": {"kind": "carport", "label": "Carport on the lane", "area_m2": 32}, "geometry": {"type": "Polygon", "coordinates": [[[-70.45913162271167, 18.720386380410588], [-70.45914379350123, 18.720404442752592], [-70.4591440559358, 18.720435028810254], [-70.45914393200125, 18.720437860380322], [-70.45914363962086, 18.720439817577248], [-70.45914314421707, 18.720441737321085], [-70.4591424507111, 18.7204436005415], [-70.45914203972312, 18.720444431227655], [-70.45911448395708, 18.72046128822182], [-70.45908374491471, 18.72041566922621], [-70.45913162271167, 18.720386380410588]]]}}, {"type": "Feature", "properties": {"kind": "driveway", "label": "Driveway", "area_m2": 1}, "geometry": {"type": "Polygon", "coordinates": [[[-70.45914203972312, 18.720444431227655], [-70.45914156599216, 18.72044538872952], [-70.45914049884887, 18.720447084121602], [-70.45913925988205, 18.720448669876], [-70.45913786139943, 18.720450130240064], [-70.45913631729324, 18.720451450706815], [-70.45913391696055, 18.72045312431456], [-70.4591334749673, 18.72045340136093], [-70.459133456771, 18.72045341286216], [-70.45913303327781, 18.72045368277273], [-70.4591330151747, 18.720453694406697], [-70.45912900022577, 18.720456296029692], [-70.4591275358977, 18.72045724489094], [-70.45912565544606, 18.720454454163928], [-70.45914203972312, 18.720444431227655]]]}}, {"type": "Feature", "properties": {"kind": "house", "label": "Courtyard villa (single storey, ~200 m\u00b2)", "area_m2": 104}, "geometry": {"type": "Polygon", "coordinates": [[[-70.45878043464323, 18.71968698142743], [-70.45875987781265, 18.71969955688925], [-70.45879317822103, 18.71974897753005], [-70.45881373503047, 18.719736402079125], [-70.45880404521999, 18.719722021567016], [-70.45882126860343, 18.71974758254709], [-70.45882192484588, 18.719748505543574], [-70.45882627518652, 18.719754310397757], [-70.45882772694802, 18.719756058292173], [-70.45883265656438, 18.71976142633719], [-70.4588342820605, 18.719763029384566], [-70.45883706011028, 18.7197655113986], [-70.45877796740709, 18.71980166084455], [-70.45869087413277, 18.71967240695576], [-70.45874733923097, 18.71963786493946], [-70.45878043464323, 18.71968698142743]]]}}, {"type": "Feature", "properties": {"kind": "porch", "label": "Front gallery to the commons", "area_m2": 18}, "geometry": {"type": "Polygon", "coordinates": [[[-70.45873401908962, 18.719618096673713], [-70.45874733923097, 18.71963786493946], [-70.45869087413277, 18.71967240695576], [-70.45867755398505, 18.71965263869169], [-70.45873401908962, 18.719618096673713]]]}}, {"type": "Feature", "properties": {"kind": "patio", "label": "Private patio", "area_m2": 17}, "geometry": {"type": "Polygon", "coordinates": [[[-70.45878043464323, 18.71968698142743], [-70.45881373503047, 18.719736402079125], [-70.45879317822103, 18.71974897753005], [-70.45875987781265, 18.71969955688925], [-70.45878043464323, 18.71968698142743]]]}}, {"type": "Feature", "properties": {"kind": "hottub", "label": "Hot tub", "area_m2": 2}, "geometry": {"type": "Polygon", "coordinates": [[[-70.45878658240554, 18.719696105240615], [-70.45879887793217, 18.719714352866212], [-70.45879268441246, 18.71971814169864], [-70.45878038887726, 18.719699894078055], [-70.45878658240554, 18.719696105240615]]]}}, {"type": "Feature", "properties": {"kind": "carport", "label": "Carport on the lane", "area_m2": 30}, "geometry": {"type": "Polygon", "coordinates": [[[-70.45884869176113, 18.719774501654538], [-70.45884938927261, 18.7197749613899], [-70.45885574851475, 18.719778724878854], [-70.45885779425937, 18.719779806109816], [-70.45886451183613, 18.719782954070688], [-70.45886665946327, 18.71978383791892], [-70.45887366995933, 18.719786339697098], [-70.45887589855555, 18.719787017555767], [-70.45888313370318, 18.71978884878909], [-70.45888542156655, 18.719789314057245], [-70.45888826710159, 18.71978975415549], [-70.4589001769278, 18.719807429316738], [-70.45885229925453, 18.719836718085023], [-70.45882156038256, 18.71979109904454], [-70.45884869176113, 18.719774501654538]]]}}, {"type": "Feature", "properties": {"kind": "driveway", "label": "Driveway", "area_m2": 8}, "geometry": {"type": "Polygon", "coordinates": [[[-70.45888900547223, 18.719814263363677], [-70.4589018135022, 18.719833271529534], [-70.45887627873506, 18.719848892197927], [-70.45886347071315, 18.719829884040088], [-70.45888900547223, 18.719814263363677]]]}}, {"type": "Feature", "properties": {"kind": "house", "label": "Courtyard villa (single storey, ~200 m\u00b2)", "area_m2": 231}, "geometry": {"type": "Polygon", "coordinates": [[[-70.45849464609607, 18.719647495073], [-70.45841779932765, 18.719533447254605], [-70.45856143230105, 18.719445581248195], [-70.45863827911727, 18.719559629004813], [-70.45849464609607, 18.719647495073]], [[-70.45852990581746, 18.719513184680725], [-70.45847803834631, 18.719544914076426], [-70.45850877705863, 18.719590533197383], [-70.45856064453669, 18.71955880379277], [-70.45852990581746, 18.719513184680725]]]}}, {"type": "Feature", "properties": {"kind": "porch", "label": "Front gallery to the commons", "area_m2": 39}, "geometry": {"type": "Polygon", "coordinates": [[[-70.45865902609654, 18.719546937231073], [-70.45863827911727, 18.719559629004813], [-70.45856143230105, 18.719445581248195], [-70.45858217927342, 18.71943288948338], [-70.45865902609654, 18.719546937231073]]]}}, {"type": "Feature", "properties": {"kind": "patio", "label": "Private patio", "area_m2": 39}, "geometry": {"type": "Polygon", "coordinates": [[[-70.45856064453669, 18.71955880379277], [-70.45850877705863, 18.719590533197383], [-70.45847803834631, 18.719544914076426], [-70.45852990581746, 18.719513184680725], [-70.45856064453669, 18.71955880379277]]]}}, {"type": "Feature", "properties": {"kind": "hottub", "label": "Hot tub", "area_m2": 6}, "geometry": {"type": "Polygon", "coordinates": [[[-70.4585418473866, 18.719550975796555], [-70.45852269631952, 18.719562691268678], [-70.45851040083335, 18.719544443621892], [-70.45852955189942, 18.719532728151083], [-70.4585418473866, 18.719550975796555]]]}}, {"type": "Feature", "properties": {"kind": "carport", "label": "Carport on the lane", "area_m2": 36}, "geometry": {"type": "Polygon", "coordinates": [[[-70.45842610811833, 18.719641105032238], [-70.45837823039913, 18.719670393682403], [-70.45834749170419, 18.719624774538993], [-70.45839536941702, 18.71959548589706], [-70.45842610811833, 18.719641105032238]]]}}, {"type": "Feature", "properties": {"kind": "driveway", "label": "Driveway", "area_m2": 8}, "geometry": {"type": "Polygon", "coordinates": [[[-70.45837105803544, 18.719659749216174], [-70.45835110886281, 18.719671952888827], [-70.4583347148936, 18.719647622677176], [-70.45835466406481, 18.719635419006355], [-70.45837105803544, 18.719659749216174]]]}}, {"type": "Feature", "properties": {"kind": "house", "label": "Courtyard villa (single storey, ~200 m\u00b2)", "area_m2": 165}, "geometry": {"type": "Polygon", "coordinates": [[[-70.45816968410621, 18.719051965384704], [-70.4582996511488, 18.718972459430915], [-70.4583004608914, 18.718973966918014], [-70.45830415419631, 18.718980086155106], [-70.45830475578894, 18.71898102885337], [-70.45834239305995, 18.719036886412578], [-70.45827901036162, 18.719146144119055], [-70.45824653047393, 18.719166013336757], [-70.45816968410621, 18.719051965384704]], [[-70.45828179032387, 18.71903170297846], [-70.45822992294121, 18.71906343229987], [-70.45826066149324, 18.719109051474298], [-70.45831252888281, 18.719077322143956], [-70.45828179032387, 18.71903170297846]]]}}, {"type": "Feature", "properties": {"kind": "patio", "label": "Private patio", "area_m2": 39}, "geometry": {"type": "Polygon", "coordinates": [[[-70.45831252888281, 18.719077322143956], [-70.45826066149324, 18.719109051474298], [-70.45822992294121, 18.71906343229987], [-70.45828179032387, 18.71903170297846], [-70.45831252888281, 18.719077322143956]]]}}, {"type": "Feature", "properties": {"kind": "hottub", "label": "Hot tub", "area_m2": 6}, "geometry": {"type": "Polygon", "coordinates": [[[-70.45829373179714, 18.719069494118], [-70.45827458076273, 18.719081209562688], [-70.4582622853407, 18.71906296189451], [-70.45828143637408, 18.719051246451137], [-70.45829373179714, 18.719069494118]]]}}, {"type": "Feature", "properties": {"kind": "carport", "label": "Carport on the lane", "area_m2": 36}, "geometry": {"type": "Polygon", "coordinates": [[[-70.45812395498062, 18.719192680124753], [-70.45807607732387, 18.719221968693702], [-70.45804533879638, 18.719176349487523], [-70.45809321644677, 18.71914706092681], [-70.45812395498062, 18.719192680124753]]]}}, {"type": "Feature", "properties": {"kind": "driveway", "label": "Driveway", "area_m2": 8}, "geometry": {"type": "Polygon", "coordinates": [[[-70.45806890499927, 18.719211324212836], [-70.45804895597354, 18.719223527777697], [-70.45803256209363, 18.71919919753258], [-70.45805251111796, 18.719186993969544], [-70.45806890499927, 18.719211324212836]]]}}, {"type": "Feature", "properties": {"kind": "house", "label": "Courtyard villa (single storey, ~200 m\u00b2)", "area_m2": 231}, "geometry": {"type": "Polygon", "coordinates": [[[-70.45830498048258, 18.719366013664306], [-70.4582281339841, 18.719251965743062], [-70.45837176692183, 18.719164100011227], [-70.45844861346812, 18.719278147870686], [-70.45830498048258, 18.719366013664306]], [[-70.4583402403708, 18.719231703370276], [-70.45828837291255, 18.719263432666818], [-70.45831911151689, 18.719309051828915], [-70.45837097898207, 18.719277322523457], [-70.4583402403708, 18.719231703370276]]]}}, {"type": "Feature", "properties": {"kind": "porch", "label": "Front gallery to the commons", "area_m2": 39}, "geometry": {"type": "Polygon", "coordinates": [[[-70.45846936044225, 18.71926545613662], [-70.45844861346812, 18.719278147870686], [-70.45837176692183, 18.719164100011227], [-70.45839251388907, 18.71915140828607], [-70.45846936044225, 18.71926545613662]]]}}, {"type": "Feature", "properties": {"kind": "patio", "label": "Private patio", "area_m2": 39}, "geometry": {"type": "Polygon", "coordinates": [[[-70.45837097898207, 18.719277322523457], [-70.45831911151689, 18.719309051828915], [-70.45828837291255, 18.719263432666818], [-70.4583402403708, 18.719231703370276], [-70.45837097898207, 18.719277322523457]]]}}, {"type": "Feature", "properties": {"kind": "hottub", "label": "Hot tub", "area_m2": 6}, "geometry": {"type": "Polygon", "coordinates": [[[-70.45835218186676, 18.719269494496597], [-70.45833303080443, 18.71928120993211], [-70.45832073536145, 18.71926296226886], [-70.45833988642276, 18.719251246834663], [-70.45835218186676, 18.719269494496597]]]}}, {"type": "Feature", "properties": {"kind": "carport", "label": "Carport on the lane", "area_m2": 36}, "geometry": {"type": "Polygon", "coordinates": [[[-70.45823644270571, 18.71935962343931], [-70.45818856499838, 18.719388911997946], [-70.45816148775255, 18.719348726617095], [-70.45816838823067, 18.719336831761996], [-70.45820570411236, 18.71931400426299], [-70.45823644270571, 18.71935962343931]]]}}, {"type": "Feature", "properties": {"kind": "driveway", "label": "Driveway", "area_m2": 8}, "geometry": {"type": "Polygon", "coordinates": [[[-70.4581813926599, 18.71937826752212], [-70.45816144363148, 18.71939047107144], [-70.45814845421769, 18.719371193462457], [-70.45815487063055, 18.71936013302901], [-70.45816499874685, 18.71935393729036], [-70.4581813926599, 18.71937826752212]]]}}, {"type": "Feature", "properties": {"kind": "house", "label": "Courtyard villa (single storey, ~200 m\u00b2)", "area_m2": 221}, "geometry": {"type": "Polygon", "coordinates": [[[-70.45804355385305, 18.71898394146362], [-70.45804345600668, 18.718984001319914], [-70.45793370910847, 18.718876973954405], [-70.45803544866816, 18.718782259393592], [-70.4581510122716, 18.718894959264592], [-70.45807819024144, 18.718962753082067], [-70.45804355385305, 18.71898394146362]], [[-70.4580765762294, 18.71888054770825], [-70.45803350133593, 18.718838540223373], [-70.45799280551269, 18.71887642605382], [-70.45803588040711, 18.718918433547923], [-70.4580765762294, 18.71888054770825]]]}}, {"type": "Feature", "properties": {"kind": "porch", "label": "Front gallery to the commons", "area_m2": 12}, "geometry": {"type": "Polygon", "coordinates": [[[-70.4581510122716, 18.718894959264592], [-70.45816566031074, 18.718909244300306], [-70.45807819024144, 18.718962753082067], [-70.4581510122716, 18.718894959264592]]]}}, {"type": "Feature", "properties": {"kind": "patio", "label": "Private patio", "area_m2": 39}, "geometry": {"type": "Polygon", "coordinates": [[[-70.45803588040711, 18.718918433547923], [-70.45799280551269, 18.71887642605382], [-70.45803350133593, 18.718838540223373], [-70.4580765762294, 18.71888054770825], [-70.45803588040711, 18.718918433547923]]]}}, {"type": "Feature", "properties": {"kind": "hottub", "label": "Hot tub", "area_m2": 6}, "geometry": {"type": "Polygon", "coordinates": [[[-70.45804013686595, 18.718899312568535], [-70.45802423228862, 18.71888380211075], [-70.45804051061775, 18.71886864777693], [-70.45805641519495, 18.718884158233344], [-70.45804013686595, 18.718899312568535]]]}}, {"type": "Feature", "properties": {"kind": "carport", "label": "Carport on the lane", "area_m2": 36}, "geometry": {"type": "Polygon", "coordinates": [[[-70.45795429063433, 18.71883886555075], [-70.45791452922985, 18.718800089382576], [-70.45795522505482, 18.718762203568897], [-70.45799498645843, 18.71880097972855], [-70.45795429063433, 18.71883886555075]]]}}, {"type": "Feature", "properties": {"kind": "driveway", "label": "Driveway", "area_m2": 8}, "geometry": {"type": "Polygon", "coordinates": [[[-70.45792402492397, 18.718791249360084], [-70.45790753080863, 18.718775163940304], [-70.45792918199533, 18.71875490624094], [-70.45794572936394, 18.71877104359279], [-70.45792402492397, 18.718791249360084]]]}}, {"type": "Feature", "properties": {"kind": "house", "label": "Courtyard villa (single storey, ~200 m\u00b2)", "area_m2": 231}, "geometry": {"type": "Polygon", "coordinates": [[[-70.45821384985398, 18.718671007134876], [-70.45831556201126, 18.718576265997818], [-70.45843487955571, 18.718692563305304], [-70.45833316740507, 18.71878730450624], [-70.45821384985398, 18.718671007134876]], [[-70.45835902523554, 18.71867679269698], [-70.45831593834734, 18.718634796438195], [-70.45827525348511, 18.71867269289963], [-70.45831834037428, 18.718714689167644], [-70.45835902523554, 18.71867679269698]]]}}, {"type": "Feature", "properties": {"kind": "porch", "label": "Front gallery to the commons", "area_m2": 39}, "geometry": {"type": "Polygon", "coordinates": [[[-70.45835040217595, 18.71880410300812], [-70.45833316740507, 18.71878730450624], [-70.45843487955571, 18.718692563305304], [-70.45845211432562, 18.718709361797952], [-70.45835040217595, 18.71880410300812]]]}}, {"type": "Feature", "properties": {"kind": "patio", "label": "Private patio", "area_m2": 39}, "geometry": {"type": "Polygon", "coordinates": [[[-70.45831834037428, 18.718714689167644], [-70.45827525348511, 18.71867269289963], [-70.45831593834734, 18.718634796438195], [-70.45835902523554, 18.71867679269698], [-70.45831834037428, 18.718714689167644]]]}}, {"type": "Feature", "properties": {"kind": "hottub", "label": "Hot tub", "area_m2": 6}, "geometry": {"type": "Polygon", "coordinates": [[[-70.45832259133039, 18.718695567071464], [-70.45830668232425, 18.7186800607587], [-70.45832295626896, 18.71866490217248], [-70.45833886527497, 18.71868040848388], [-70.45832259133039, 18.718695567071464]]]}}, {"type": "Feature", "properties": {"kind": "carport", "label": "Carport on the lane", "area_m2": 36}, "geometry": {"type": "Polygon", "coordinates": [[[-70.45820563225702, 18.718604833865115], [-70.45816585979466, 18.71856606805179], [-70.45820654465933, 18.718528171613773], [-70.45824631712078, 18.718566937418586], [-70.45820563225702, 18.718604833865115]]]}}, {"type": "Feature", "properties": {"kind": "driveway", "label": "Driveway", "area_m2": 8}, "geometry": {"type": "Polygon", "coordinates": [[[-70.45817535293139, 18.718557225550278], [-70.45815880676759, 18.71854109816584], [-70.45818051110265, 18.718520892329217], [-70.45819705152587, 18.718537014116674], [-70.45817535293139, 18.718557225550278]]]}}, {"type": "Feature", "properties": {"kind": "house", "label": "Courtyard villa (single storey, ~200 m\u00b2)", "area_m2": 231}, "geometry": {"type": "Polygon", "coordinates": [[[-70.45843073321679, 18.71846735477002], [-70.4585322815331, 18.71837245433459], [-70.45865179945515, 18.718488564538845], [-70.45855025114595, 18.718583465038137], [-70.45843073321679, 18.71846735477002]], [[-70.45857591814386, 18.71847291281926], [-70.45853275889704, 18.71843098412553], [-70.45849213957125, 18.71846894430632], [-70.4585352988191, 18.718510873009272], [-70.45857591814386, 18.71847291281926]]]}}, {"type": "Feature", "properties": {"kind": "porch", "label": "Front gallery to the commons", "area_m2": 39}, "geometry": {"type": "Polygon", "coordinates": [[[-70.45856751486033, 18.718600236513964], [-70.45855025114595, 18.718583465038137], [-70.45865179945515, 18.718488564538845], [-70.45866906316853, 18.718505336005453], [-70.45856751486033, 18.718600236513964]]]}}, {"type": "Feature", "properties": {"kind": "patio", "label": "Private patio", "area_m2": 39}, "geometry": {"type": "Polygon", "coordinates": [[[-70.4585352988191, 18.718510873009272], [-70.45849213957125, 18.71846894430632], [-70.45853275889704, 18.71843098412553], [-70.45857591814386, 18.71847291281926], [-70.4585352988191, 18.718510873009272]]]}}, {"type": "Feature", "properties": {"kind": "hottub", "label": "Hot tub", "area_m2": 6}, "geometry": {"type": "Polygon", "coordinates": [[[-70.45853951675575, 18.718491744270843], [-70.45852358103255, 18.718476262905174], [-70.45853982876268, 18.71846107883122], [-70.45855576448572, 18.718476560195516], [-70.45853951675575, 18.718491744270843]]]}}, {"type": "Feature", "properties": {"kind": "carport", "label": "Carport on the lane", "area_m2": 36}, "geometry": {"type": "Polygon", "coordinates": [[[-70.45842316519854, 18.718401936445378], [-70.45838332594319, 18.718363232999906], [-70.45842394527156, 18.718325272842375], [-70.45846378452596, 18.718363976279335], [-70.45842316519854, 18.718401936445378]]]}}, {"type": "Feature", "properties": {"kind": "driveway", "label": "Driveway", "area_m2": 8}, "geometry": {"type": "Polygon", "coordinates": [[[-70.45839280378812, 18.718354375630508], [-70.45837630456145, 18.718338346786464], [-70.45839799035605, 18.71831812289202], [-70.4584144674299, 18.718334130213158], [-70.45839280378812, 18.718354375630508]]]}}, {"type": "Feature", "properties": {"kind": "house", "label": "Courtyard villa (single storey, ~200 m\u00b2)", "area_m2": 231}, "geometry": {"type": "Polygon", "coordinates": [[[-70.45864689775632, 18.718264423399585], [-70.45874792386265, 18.71816901841994], [-70.45886807706205, 18.718284531669724], [-70.45876705096427, 18.718379936713138], [-70.45864689775632, 18.718264423399585]], [[-70.45879211100863, 18.71826925815613], [-70.45874872235595, 18.71822754502928], [-70.4587083119143, 18.71826570702774], [-70.45875170056823, 18.718307420163793], [-70.45879211100863, 18.71826925815613]]]}}, {"type": "Feature", "properties": {"kind": "porch", "label": "Front gallery to the commons", "area_m2": 39}, "geometry": {"type": "Polygon", "coordinates": [[[-70.45878440644114, 18.718396621962132], [-70.45876705096427, 18.718379936713138], [-70.45886807706205, 18.718284531669724], [-70.4588854325377, 18.71830121690951], [-70.45878440644114, 18.718396621962132]]]}}, {"type": "Feature", "properties": {"kind": "patio", "label": "Private patio", "area_m2": 39}, "geometry": {"type": "Polygon", "coordinates": [[[-70.45875170056823, 18.718307420163793], [-70.4587083119143, 18.71826570702774], [-70.45874872235595, 18.71822754502928], [-70.45879211100863, 18.71826925815613], [-70.45875170056823, 18.718307420163793]]]}}, {"type": "Feature", "properties": {"kind": "hottub", "label": "Hot tub", "area_m2": 6}, "geometry": {"type": "Polygon", "coordinates": [[[-70.4587558134877, 18.718288270677032], [-70.45873979306073, 18.718272868905306], [-70.45875595723716, 18.718257604104274], [-70.45877197766394, 18.718273005874643], [-70.4587558134877, 18.718288270677032]]]}}, {"type": "Feature", "properties": {"kind": "carport", "label": "Carport on the lane", "area_m2": 36}, "geometry": {"type": "Polygon", "coordinates": [[[-70.45863913082319, 18.71819919740158], [-70.4585990798083, 18.71816069294073], [-70.45863949025303, 18.71812253096546], [-70.45867954126679, 18.718161035417808], [-70.45863913082319, 18.71819919740158]]]}}, {"type": "Feature", "properties": {"kind": "driveway", "label": "Driveway", "area_m2": 8}, "geometry": {"type": "Polygon", "coordinates": [[[-70.4586085089137, 18.718151788480515], [-70.45859183517935, 18.718135758588463], [-70.45861338464208, 18.718115402869287], [-70.4586300611509, 18.718131435427036], [-70.4586085089137, 18.718151788480515]]]}}, {"type": "Feature", "properties": {"kind": "house", "label": "Courtyard villa (single storey, ~200 m\u00b2)", "area_m2": 216}, "geometry": {"type": "Polygon", "coordinates": [[[-70.45893279313232, 18.717955696443187], [-70.45903266918486, 18.71805219437425], [-70.45891789744222, 18.718160042374425], [-70.45881802138227, 18.718063544383106], [-70.45893279313232, 18.717955696443187]], [[-70.45893154789255, 18.718090110757593], [-70.4589754336209, 18.718048872490506], [-70.45893548319918, 18.718010273312352], [-70.45889159746969, 18.718051511570224], [-70.45893154789255, 18.718090110757593]]]}}, {"type": "Feature", "properties": {"kind": "porch", "label": "Front gallery to the commons", "area_m2": 39}, "geometry": {"type": "Polygon", "coordinates": [[[-70.45880046707569, 18.71808003967739], [-70.45881802138227, 18.718063544383106], [-70.45891789744222, 18.718160042374425], [-70.45890034313678, 18.718176537677927], [-70.45880046707569, 18.71808003967739]]]}}, {"type": "Feature", "properties": {"kind": "patio", "label": "Private patio", "area_m2": 39}, "geometry": {"type": "Polygon", "coordinates": [[[-70.45889159746969, 18.718051511570224], [-70.45893548319918, 18.718010273312352], [-70.4589754336209, 18.718048872490506], [-70.45893154789255, 18.718090110757593], [-70.45889159746969, 18.718051511570224]]]}}, {"type": "Feature", "properties": {"kind": "hottub", "label": "Hot tub", "area_m2": 6}, "geometry": {"type": "Polygon", "coordinates": [[[-70.458911684577, 18.71805547811081], [-70.45892788853958, 18.718040251676545], [-70.45894386870846, 18.718055691349452], [-70.45892766474607, 18.718070917785074], [-70.458911684577, 18.71805547811081]]]}}, {"type": "Feature", "properties": {"kind": "carport", "label": "Carport on the lane", "area_m2": 36}, "geometry": {"type": "Polygon", "coordinates": [[[-70.45897288340612, 18.717975129305387], [-70.4590133932746, 18.717937063206122], [-70.45905334369432, 18.717975662367916], [-70.45901283382688, 18.718013728475686], [-70.45897288340612, 18.717975129305387]]]}}, {"type": "Feature", "properties": {"kind": "driveway", "label": "Driveway", "area_m2": 8}, "geometry": {"type": "Polygon", "coordinates": [[[-70.45902271503758, 18.717946069678096], [-70.45903959414399, 18.717930208800304], [-70.45906090103426, 18.71795079501803], [-70.45904402192808, 18.717966655897712], [-70.45902271503758, 18.717946069678096]]]}}, {"type": "Feature", "properties": {"kind": "house", "label": "Courtyard villa (single storey, ~200 m\u00b2)", "area_m2": 231}, "geometry": {"type": "Polygon", "coordinates": [[[-70.45907829004844, 18.717858398772286], [-70.45917964214438, 18.71776330848128], [-70.45929939873419, 18.71787919474956], [-70.4591980466459, 18.717974285104386], [-70.45907829004844, 18.717858398772286]], [[-70.45922348559536, 18.717863685082328], [-70.45918024016291, 18.717821837254363], [-70.45913969932532, 18.71785987337737], [-70.4591829447589, 18.717901721214552], [-70.45922348559536, 18.717863685082328]]]}}, {"type": "Feature", "properties": {"kind": "porch", "label": "Front gallery to the commons", "area_m2": 39}, "geometry": {"type": "Polygon", "coordinates": [[[-70.45921534483459, 18.717991024233875], [-70.4591980466459, 18.717974285104386], [-70.45929939873419, 18.71787919474956], [-70.45931669692177, 18.717895933869833], [-70.45921534483459, 18.717991024233875]]]}}, {"type": "Feature", "properties": {"kind": "patio", "label": "Private patio", "area_m2": 39}, "geometry": {"type": "Polygon", "coordinates": [[[-70.4591829447589, 18.717901721214552], [-70.45913969932532, 18.71785987337737], [-70.45918024016291, 18.717821837254363], [-70.45922348559536, 18.717863685082328], [-70.4591829447589, 18.717901721214552]]]}}, {"type": "Feature", "properties": {"kind": "hottub", "label": "Hot tub", "area_m2": 6}, "geometry": {"type": "Polygon", "coordinates": [[[-70.45918712323784, 18.717882584622522], [-70.45917115569223, 18.717867133114993], [-70.45918737202707, 18.71785191866415], [-70.45920333957251, 18.71786737017031], [-70.45918712323784, 18.717882584622522]]]}}, {"type": "Feature", "properties": {"kind": "carport", "label": "Carport on the lane", "area_m2": 36}, "geometry": {"type": "Polygon", "coordinates": [[[-70.45907069588881, 18.717793099911948], [-70.45903077707737, 18.717754471111736], [-70.45907131791773, 18.717716435011948], [-70.45911123672816, 18.717755063803644], [-70.45907069588881, 18.717793099911948]]]}}, {"type": "Feature", "properties": {"kind": "driveway", "label": "Driveway", "area_m2": 8}, "geometry": {"type": "Polygon", "coordinates": [[[-70.45904023660842, 18.717745596022485], [-70.45902360630132, 18.717729503130887], [-70.45902675959262, 18.717726540051395], [-70.45904523793483, 18.717709226746308], [-70.45906185838994, 18.71772531010259], [-70.45904023660842, 18.717745596022485]]]}}, {"type": "Feature", "properties": {"kind": "house", "label": "Courtyard villa (single storey, ~200 m\u00b2)", "area_m2": 231}, "geometry": {"type": "Polygon", "coordinates": [[[-70.45929488945643, 18.71765547407309], [-70.45939614724368, 18.71756029273888], [-70.45951601834737, 18.71767607131485], [-70.45941476056802, 18.71777125271287], [-70.45929488945643, 18.71765547407309]], [[-70.45944008998593, 18.717660629883657], [-70.4593968032012, 18.71761882094459], [-70.45935630008712, 18.717656893484875], [-70.45939958687299, 18.717698702433168], [-70.45944008998593, 18.717660629883657]]]}}, {"type": "Feature", "properties": {"kind": "porch", "label": "Front gallery to the commons", "area_m2": 39}, "geometry": {"type": "Polygon", "coordinates": [[[-70.45943207529764, 18.717787976286786], [-70.45941476056802, 18.71777125271287], [-70.45951601834737, 18.71767607131485], [-70.45953333307585, 18.717692794879557], [-70.45943207529764, 18.717787976286786]]]}}, {"type": "Feature", "properties": {"kind": "patio", "label": "Private patio", "area_m2": 39}, "geometry": {"type": "Polygon", "coordinates": [[[-70.45939958687299, 18.717698702433168], [-70.45935630008712, 18.717656893484875], [-70.4593968032012, 18.71761882094459], [-70.45944008998593, 18.717660629883657], [-70.45939958687299, 18.717698702433168]]]}}, {"type": "Feature", "properties": {"kind": "hottub", "label": "Hot tub", "area_m2": 6}, "geometry": {"type": "Polygon", "coordinates": [[[-70.45940374640061, 18.717679562095437], [-70.45938776358648, 18.717664124946886], [-70.45940396483189, 18.717648895929127], [-70.45941994764587, 18.717664333076318], [-70.45940374640061, 18.717679562095437]]]}}, {"type": "Feature", "properties": {"kind": "carport", "label": "Carport on the lane", "area_m2": 36}, "geometry": {"type": "Polygon", "coordinates": [[[-70.45928710020559, 18.717590056063074], [-70.45924714322284, 18.71755146316023], [-70.45928764633979, 18.71751339064318], [-70.4593276033215, 18.717551983537522], [-70.45928710020559, 18.717590056063074]]]}}, {"type": "Feature", "properties": {"kind": "driveway", "label": "Driveway", "area_m2": 8}, "geometry": {"type": "Polygon", "coordinates": [[[-70.45925659395175, 18.717542579573596], [-70.45924010097032, 18.717526649634024], [-70.45926173711906, 18.717506377602305], [-70.45927819561413, 18.71752227423118], [-70.45925659395175, 18.717542579573596]]]}}, {"type": "Feature", "properties": {"kind": "house", "label": "Courtyard villa (single storey, ~200 m\u00b2)", "area_m2": 231}, "geometry": {"type": "Polygon", "coordinates": [[[-70.45951074271007, 18.717451914762073], [-70.45961175507182, 18.717356497093117], [-70.45973192368331, 18.71747199517434], [-70.45963091133011, 18.717567412907048], [-70.45951074271007, 18.717451914762073]], [[-70.45965595589666, 18.717456731231582], [-70.4596125616785, 18.717415023582276], [-70.4595721567347, 18.717453190656457], [-70.45961555095408, 18.717494898314975], [-70.45965595589666, 18.717456731231582]]]}}, {"type": "Feature", "properties": {"kind": "porch", "label": "Front gallery to the commons", "area_m2": 39}, "geometry": {"type": "Polygon", "coordinates": [[[-70.45964826903317, 18.717584095965027], [-70.45963091133011, 18.717567412907048], [-70.45973192368331, 18.71747199517434], [-70.45974928138513, 18.717488678223106], [-70.45964826903317, 18.717584095965027]]]}}, {"type": "Feature", "properties": {"kind": "patio", "label": "Private patio", "area_m2": 39}, "geometry": {"type": "Polygon", "coordinates": [[[-70.45961555095408, 18.717494898314975], [-70.4595721567347, 18.717453190656457], [-70.4596125616785, 18.717415023582276], [-70.45965595589666, 18.717456731231582], [-70.45961555095408, 18.717494898314975]]]}}, {"type": "Feature", "properties": {"kind": "hottub", "label": "Hot tub", "area_m2": 6}, "geometry": {"type": "Polygon", "coordinates": [[[-70.45961966119673, 18.717475748316733], [-70.45960363871482, 18.717460348567478], [-70.45961980069214, 18.71744508173616], [-70.45963582317385, 18.71746048148405], [-70.45961966119673, 18.717475748316733]]]}}, {"type": "Feature", "properties": {"kind": "carport", "label": "Carport on the lane", "area_m2": 36}, "geometry": {"type": "Polygon", "coordinates": [[[-70.45950299275432, 18.717386714738737], [-70.45946293660205, 18.717348215334074], [-70.45950334154898, 18.71731004828307], [-70.45954339770012, 18.71734854767923], [-70.45950299275432, 18.717386714738737]]]}}, {"type": "Feature", "properties": {"kind": "driveway", "label": "Driveway", "area_m2": 8}, "geometry": {"type": "Polygon", "coordinates": [[[-70.45947236442463, 18.717339309689518], [-70.45945567435444, 18.717323268257076], [-70.45947722365698, 18.717302912495782], [-70.45949391372964, 18.717318953928988], [-70.45947236442463, 18.717339309689518]]]}}, {"type": "Feature", "properties": {"kind": "house", "label": "Courtyard villa (single storey, ~200 m\u00b2)", "area_m2": 231}, "geometry": {"type": "Polygon", "coordinates": [[[-70.45972624546913, 18.7172483429854], [-70.4598272133577, 18.717152882721432], [-70.45994743545107, 18.71726833010702], [-70.45984646757118, 18.71736379043474], [-70.45972624546913, 18.7172483429854]], [[-70.4598714606833, 18.717253098207113], [-70.45982804715221, 18.71721140886456], [-70.45978765999769, 18.717249592976746], [-70.45983107353003, 18.717291282328514], [-70.4598714606833, 18.717253098207113]]]}}, {"type": "Feature", "properties": {"kind": "porch", "label": "Front gallery to the commons", "area_m2": 39}, "geometry": {"type": "Polygon", "coordinates": [[[-70.45986383299942, 18.71738046617002], [-70.45984646757118, 18.71736379043474], [-70.45994743545107, 18.71726833010702], [-70.45996480087805, 18.717285005833084], [-70.45986383299942, 18.71738046617002]]]}}, {"type": "Feature", "properties": {"kind": "patio", "label": "Private patio", "area_m2": 39}, "geometry": {"type": "Polygon", "coordinates": [[[-70.45983107353003, 18.717291282328514], [-70.45978765999769, 18.717249592976746], [-70.45982804715221, 18.71721140886456], [-70.4598714606833, 18.717253098207113], [-70.45983107353003, 18.717291282328514]]]}}, {"type": "Feature", "properties": {"kind": "hottub", "label": "Hot tub", "area_m2": 6}, "geometry": {"type": "Polygon", "coordinates": [[[-70.4598351748704, 18.717272130598573], [-70.45981914525758, 18.717256737608736], [-70.45983530011917, 18.717241463962218], [-70.4598513297318, 18.717256856950694], [-70.4598351748704, 18.717272130598573]]]}}, {"type": "Feature", "properties": {"kind": "carport", "label": "Carport on the lane", "area_m2": 36}, "geometry": {"type": "Polygon", "coordinates": [[[-70.45971844250707, 18.71718312441163], [-70.45967836852746, 18.717144641905495], [-70.45971875568516, 18.71710645781648], [-70.4597588296636, 18.717144940314125], [-70.45971844250707, 18.71718312441163]]]}}, {"type": "Feature", "properties": {"kind": "driveway", "label": "Driveway", "area_m2": 8}, "geometry": {"type": "Polygon", "coordinates": [[[-70.45968779219922, 18.7171357322854], [-70.45967111162327, 18.71711971414426], [-70.4596926483874, 18.717099346366386], [-70.45970933201666, 18.71711536743793], [-70.45968779219922, 18.7171357322854]]]}}, {"type": "Feature", "properties": {"kind": "house", "label": "Courtyard villa (single storey, ~200 m\u00b2)", "area_m2": 231}, "geometry": {"type": "Polygon", "coordinates": [[[-70.45994167071002, 18.717044609113113], [-70.46004262415308, 18.71694913511008], [-70.46016286353797, 18.717064565991354], [-70.46006191010365, 18.71716004005815], [-70.45994167071002, 18.717044609113113]], [[-70.46008688653308, 18.717049344484803], [-70.46004346675784, 18.717007661102148], [-70.46000308538152, 18.717045850709965], [-70.46004650515803, 18.71708753410183], [-70.46008688653308, 18.717049344484803]]]}}, {"type": "Feature", "properties": {"kind": "porch", "label": "Front gallery to the commons", "area_m2": 39}, "geometry": {"type": "Polygon", "coordinates": [[[-70.46007927802957, 18.717176713409447], [-70.46006191010365, 18.71716004005815], [-70.46016286353797, 18.717064565991354], [-70.46018023146262, 18.717081239333453], [-70.46007927802957, 18.717176713409447]]]}}, {"type": "Feature", "properties": {"kind": "patio", "label": "Private patio", "area_m2": 39}, "geometry": {"type": "Polygon", "coordinates": [[[-70.46004650515803, 18.71708753410183], [-70.46000308538152, 18.717045850709965], [-70.46004346675784, 18.717007661102148], [-70.46008688653308, 18.717049344484803], [-70.46004650515803, 18.71708753410183]]]}}, {"type": "Feature", "properties": {"kind": "hottub", "label": "Hot tub", "area_m2": 6}, "geometry": {"type": "Polygon", "coordinates": [[[-70.46005060361219, 18.71706838182349], [-70.46003457169381, 18.717052991034233], [-70.46005072424411, 18.717037715189466], [-70.46006675616229, 18.717053105977364], [-70.46005060361219, 18.71706838182349]]]}}, {"type": "Feature", "properties": {"kind": "carport", "label": "Carport on the lane", "area_m2": 36}, "geometry": {"type": "Polygon", "coordinates": [[[-70.4599338809923, 18.716979413782088], [-70.45989380124884, 18.716940936777384], [-70.45993418262832, 18.71690274719274], [-70.45997426237061, 18.716941224188947], [-70.4599338809923, 18.716979413782088]]]}}, {"type": "Feature", "properties": {"kind": "driveway", "label": "Driveway", "area_m2": 8}, "geometry": {"type": "Polygon", "coordinates": [[[-70.45990322357234, 18.716932025874986], [-70.45988652381669, 18.716915993914284], [-70.45990806052897, 18.71689562611494], [-70.45992476030806, 18.7169116580965], [-70.45990322357234, 18.716932025874986]]]}}, {"type": "Feature", "properties": {"kind": "house", "label": "Courtyard villa (single storey, ~200 m\u00b2)", "area_m2": 231}, "geometry": {"type": "Polygon", "coordinates": [[[-70.46080426945926, 18.7169750836122], [-70.46092939102438, 18.717039540191756], [-70.46084821494797, 18.717182605348924], [-70.46072309330017, 18.717118148721177], [-70.46080426945926, 18.7169750836122]], [[-70.46084152537794, 18.717108903619163], [-70.4608708389672, 18.717057241205914], [-70.46082079033259, 18.717031458569096], [-70.46079147673139, 18.71708312097539], [-70.46084152537794, 18.717108903619163]]]}}, {"type": "Feature", "properties": {"kind": "porch", "label": "Front gallery to the commons", "area_m2": 39}, "geometry": {"type": "Polygon", "coordinates": [[[-70.46071136784423, 18.71713881367905], [-70.46072309330017, 18.717118148721177], [-70.46084821494797, 18.717182605348924], [-70.46083648950395, 18.717203270313753], [-70.46071136784423, 18.71713881367905]]]}}, {"type": "Feature", "properties": {"kind": "patio", "label": "Private patio", "area_m2": 39}, "geometry": {"type": "Polygon", "coordinates": [[[-70.46079147673139, 18.71708312097539], [-70.46082079033259, 18.717031458569096], [-70.4608708389672, 18.717057241205914], [-70.46084152537794, 18.717108903619163], [-70.46079147673139, 18.71708312097539]]]}}, {"type": "Feature", "properties": {"kind": "hottub", "label": "Hot tub", "area_m2": 6}, "geometry": {"type": "Polygon", "coordinates": [[[-70.4608119030662, 18.717081318094923], [-70.46082272654924, 18.717062242744316], [-70.4608427460052, 18.717072555800282], [-70.46083192252395, 18.71709163115192], [-70.4608119030662, 18.717081318094923]]]}}, {"type": "Feature", "properties": {"kind": "carport", "label": "Carport on the lane", "area_m2": 36}, "geometry": {"type": "Polygon", "coordinates": [[[-70.46087413731371, 18.71693743955315], [-70.46090119597892, 18.716889751168747], [-70.46095124458077, 18.716915533786466], [-70.4609241859266, 18.716963222177295], [-70.46087413731371, 18.71693743955315]]]}}, {"type": "Feature", "properties": {"kind": "driveway", "label": "Driveway", "area_m2": 8}, "geometry": {"type": "Polygon", "coordinates": [[[-70.46091287398473, 18.716895767114178], [-70.46092400533539, 18.716876149131664], [-70.46095062664966, 18.716890025468274], [-70.46093956657239, 18.71690951784363], [-70.46091287398473, 18.716895767114178]]]}}, {"type": "Feature", "properties": {"kind": "house", "label": "Courtyard villa (single storey, ~200 m\u00b2)", "area_m2": 176}, "geometry": {"type": "Polygon", "coordinates": [[[-70.46034479724572, 18.71683520490984], [-70.46044499677257, 18.71693139718359], [-70.46040942125121, 18.716965041972376], [-70.46040908699334, 18.71696494318674], [-70.46040186017453, 18.716963173488445], [-70.46039957598207, 18.71696272695736], [-70.46039220165925, 18.716961642314892], [-70.4603898824772, 18.716961411764757], [-70.46038243199602, 18.716961022671907], [-70.46038010026219, 18.71696101033328], [-70.46037264570512, 18.716961320554464], [-70.46037032397872, 18.716961526546715], [-70.46036293746768, 18.716962533080608], [-70.46036064821115, 18.716962955410793], [-70.4603534012097, 18.7169646485193], [-70.4603511665713, 18.716965283101427], [-70.46034717548103, 18.71696662339521], [-70.46038357413383, 18.71693220017152], [-70.46034349432219, 18.716893723255414], [-70.46029974795135, 18.716935095408665], [-70.46033688852795, 18.716970750645686], [-70.46034197079288, 18.716968487098516], [-70.46033521112413, 18.716971497730402], [-70.46033314984396, 18.716972536403794], [-70.46032673328341, 18.716976165237554], [-70.46032478906614, 18.716977391840732], [-70.46031877769329, 18.71698160376784], [-70.46031696934897, 18.716983006433587], [-70.46031142132317, 18.716987760704157], [-70.46031057362678, 18.716988523882726], [-70.46028712120555, 18.71701070350015], [-70.46022365343705, 18.716949773926327], [-70.46034479724572, 18.71683520490984]]]}}, {"type": "Feature", "properties": {"kind": "porch", "label": "Front gallery to the commons", "area_m2": 25}, "geometry": {"type": "Polygon", "coordinates": [[[-70.46020615487342, 18.7169663227786], [-70.46022365343705, 18.716949773926327], [-70.46028712120555, 18.71701070350015], [-70.46026962265414, 18.71702725236922], [-70.46020615487342, 18.7169663227786]]]}}, {"type": "Feature", "properties": {"kind": "patio", "label": "Private patio", "area_m2": 39}, "geometry": {"type": "Polygon", "coordinates": [[[-70.46029974795135, 18.716935095408665], [-70.46034349432219, 18.716893723255414], [-70.46038357413383, 18.71693220017152], [-70.46034717548103, 18.71696662339521], [-70.46034412919332, 18.71696764640395], [-70.46034197079288, 18.716968487098516], [-70.46033688852795, 18.716970750645686], [-70.46029974795135, 18.716935095408665]]]}}, {"type": "Feature", "properties": {"kind": "hottub", "label": "Hot tub", "area_m2": 6}, "geometry": {"type": "Polygon", "coordinates": [[[-70.46031984814793, 18.71693900055148], [-70.46033600065498, 18.716923724678924], [-70.46035203257986, 18.71693911544701], [-70.460335880073, 18.71695439132092], [-70.46031984814793, 18.71693900055148]]]}}, {"type": "Feature", "properties": {"kind": "house", "label": "Courtyard villa (single storey, ~200 m\u00b2)", "area_m2": 190}, "geometry": {"type": "Polygon", "coordinates": [[[-70.46053280189206, 18.717167173877687], [-70.46063300178247, 18.7172633659749], [-70.46053012834484, 18.71736065627608], [-70.46042992844703, 18.71726446412473], [-70.46053280189206, 18.717167173877687]], [[-70.4605391602846, 18.71729482833477], [-70.46058290668779, 18.71725345613327], [-70.46054282673104, 18.717214979290162], [-70.46049908032661, 18.717256351482455], [-70.4605391602846, 18.71729482833477]]]}}, {"type": "Feature", "properties": {"kind": "porch", "label": "Front gallery to the commons", "area_m2": 39}, "geometry": {"type": "Polygon", "coordinates": [[[-70.4604124298713, 18.717281012993183], [-70.46042992844703, 18.71726446412473], [-70.46053012834484, 18.71736065627608], [-70.46051262977038, 18.71737720515375], [-70.4604124298713, 18.717281012993183]]]}}, {"type": "Feature", "properties": {"kind": "patio", "label": "Private patio", "area_m2": 39}, "geometry": {"type": "Polygon", "coordinates": [[[-70.46049908032661, 18.717256351482455], [-70.46054282673104, 18.717214979290162], [-70.46058290668779, 18.71725345613327], [-70.4605391602846, 18.71729482833477], [-70.46049908032661, 18.717256351482455]]]}}, {"type": "Feature", "properties": {"kind": "hottub", "label": "Hot tub", "area_m2": 6}, "geometry": {"type": "Polygon", "coordinates": [[[-70.46051918057292, 18.71726025659617], [-70.46053533309237, 18.717244980709193], [-70.46055136507529, 18.71726037144807], [-70.46053521255602, 18.717275647336407], [-70.46051918057292, 18.71726025659617]]]}}, {"type": "Feature", "properties": {"kind": "carport", "label": "Golf-cart port", "area_m2": 7}, "geometry": {"type": "Polygon", "coordinates": [[[-70.46059913468292, 18.71717954962443], [-70.46061083538233, 18.717168483933396], [-70.46063872049776, 18.717182849026017], [-70.46062051065913, 18.717200070602146], [-70.46059913468292, 18.71717954962443]]]}}, {"type": "Feature", "properties": {"kind": "house", "label": "Courtyard villa (single storey, ~200 m\u00b2)", "area_m2": 186}, "geometry": {"type": "Polygon", "coordinates": [[[-70.46034112106948, 18.717748220663665], [-70.46047660227259, 18.71778949641541], [-70.46043328331297, 18.717918588017053], [-70.46029780201279, 18.71787731224082], [-70.46034112106948, 18.717748220663665]], [[-70.46040910013939, 18.717857150489984], [-70.46042787167177, 18.71780121087903], [-70.46037367918329, 18.717784700576505], [-70.46035490763407, 18.717840640183212], [-70.46040910013939, 18.717857150489984]]]}}, {"type": "Feature", "properties": {"kind": "porch", "label": "Front gallery to the commons", "area_m2": 39}, "geometry": {"type": "Polygon", "coordinates": [[[-70.46029029338104, 18.717899688081367], [-70.46029780201279, 18.71787731224082], [-70.46043328331297, 18.717918588017053], [-70.46042577469804, 18.717940963861842], [-70.46029029338104, 18.717899688081367]]]}}, {"type": "Feature", "properties": {"kind": "patio", "label": "Private patio", "area_m2": 39}, "geometry": {"type": "Polygon", "coordinates": [[[-70.46035490763407, 18.717840640183212], [-70.46037367918329, 18.717784700576505], [-70.46042787167177, 18.71780121087903], [-70.46040910013939, 18.717857150489984], [-70.46035490763407, 18.717840640183212]]]}}, {"type": "Feature", "properties": {"kind": "hottub", "label": "Hot tub", "area_m2": 6}, "geometry": {"type": "Polygon", "coordinates": [[[-70.46037463090136, 18.71783526596483], [-70.46038156193359, 18.717814611340415], [-70.46040323893197, 18.717821215462177], [-70.46039630790224, 18.71784187008723], [-70.46037463090136, 18.71783526596483]]]}}, {"type": "Feature", "properties": {"kind": "carport", "label": "Golf-cart port", "area_m2": 12}, "geometry": {"type": "Polygon", "coordinates": [[[-70.46040596204735, 18.717730031429937], [-70.46041693616958, 18.717697328273204], [-70.46044583881547, 18.717706133764192], [-70.46043486469848, 18.717738836922248], [-70.46040596204735, 18.717730031429937]]]}}, {"type": "Feature", "properties": {"kind": "house", "label": "Courtyard villa (single storey, ~200 m\u00b2)", "area_m2": 231}, "geometry": {"type": "Polygon", "coordinates": [[[-70.46024614514074, 18.718033911089293], [-70.46038308121943, 18.718070570546505], [-70.46033691233275, 18.718227143525304], [-70.46019997613283, 18.718190484042857], [-70.46024614514074, 18.718033911089293]], [[-70.4603133756669, 18.718156647963415], [-70.46033004777637, 18.71810010772362], [-70.46027527333234, 18.718085443938126], [-70.46025860120537, 18.71814198417426], [-70.4603133756669, 18.718156647963415]]]}}, {"type": "Feature", "properties": {"kind": "porch", "label": "Front gallery to the commons", "area_m2": 33}, "geometry": {"type": "Polygon", "coordinates": [[[-70.46019330726992, 18.718213100135475], [-70.46019997613283, 18.718190484042857], [-70.46033691233275, 18.718227143525304], [-70.46033376768787, 18.718237807979406], [-70.4602514109738, 18.7182286552161], [-70.46019330726992, 18.718213100135475]]]}}, {"type": "Feature", "properties": {"kind": "patio", "label": "Private patio", "area_m2": 39}, "geometry": {"type": "Polygon", "coordinates": [[[-70.46025860120537, 18.71814198417426], [-70.46027527333234, 18.718085443938126], [-70.46033004777637, 18.71810010772362], [-70.4603133756669, 18.718156647963415], [-70.46025860120537, 18.71814198417426]]]}}, {"type": "Feature", "properties": {"kind": "hottub", "label": "Hot tub", "area_m2": 6}, "geometry": {"type": "Polygon", "coordinates": [[[-70.46027811147384, 18.718135945115193], [-70.46028426733466, 18.71811506871996], [-70.46030617711538, 18.718120934234808], [-70.46030002125717, 18.718141810630584], [-70.46027811147384, 18.718135945115193]]]}}, {"type": "Feature", "properties": {"kind": "carport", "label": "Golf-cart port", "area_m2": 12}, "geometry": {"type": "Polygon", "coordinates": [[[-70.46031924437007, 18.717983089490286], [-70.46032899113436, 18.717950035196246], [-70.46035820414826, 18.71795785587707], [-70.46034845738941, 18.717990910172254], [-70.46031924437007, 18.717983089490286]]]}}, {"type": "Feature", "properties": {"kind": "house", "label": "Courtyard villa (single storey, ~200 m\u00b2)", "area_m2": 231}, "geometry": {"type": "Polygon", "coordinates": [[[-70.46013166059271, 18.718356469798557], [-70.46022560525789, 18.71845823231406], [-70.46009744514055, 18.718565648502793], [-70.46000350048304, 18.71846388592294], [-70.46013166059271, 18.718356469798557]], [[-70.46011796259435, 18.718494301599492], [-70.46016424263232, 18.718455512425496], [-70.46012666476705, 18.718414807412636], [-70.46008038473018, 18.71845359657733], [-70.46011796259435, 18.718494301599492]]]}}, {"type": "Feature", "properties": {"kind": "porch", "label": "Front gallery to the commons", "area_m2": 39}, "geometry": {"type": "Polygon", "coordinates": [[[-70.4599849884537, 18.718479401578914], [-70.46000350048304, 18.71846388592294], [-70.46009744514055, 18.718565648502793], [-70.46007893311007, 18.718581164168068], [-70.4599849884537, 18.718479401578914]]]}}, {"type": "Feature", "properties": {"kind": "patio", "label": "Private patio", "area_m2": 39}, "geometry": {"type": "Polygon", "coordinates": [[[-70.46008038473018, 18.71845359657733], [-70.46012666476705, 18.718414807412636], [-70.46016424263232, 18.718455512425496], [-70.46011796259435, 18.718494301599492], [-70.46008038473018, 18.71845359657733]]]}}, {"type": "Feature", "properties": {"kind": "hottub", "label": "Hot tub", "area_m2": 6}, "geometry": {"type": "Polygon", "coordinates": [[[-70.46010020209599, 18.71845864700861], [-70.46011729011076, 18.71844432485495], [-70.46013232125667, 18.71846060686175], [-70.46011523324175, 18.718474929016782], [-70.46010020209599, 18.71845864700861]]]}}, {"type": "Feature", "properties": {"kind": "carport", "label": "Golf-cart port", "area_m2": 7}, "geometry": {"type": "Polygon", "coordinates": [[[-70.46034918652528, 18.718245149374788], [-70.46035511504479, 18.718240180424726], [-70.46039567951998, 18.71824468856366], [-70.46036922805617, 18.718266858692083], [-70.46034918652528, 18.718245149374788]]]}}, {"type": "Feature", "properties": {"kind": "house", "label": "Courtyard villa (single storey, ~200 m\u00b2)", "area_m2": 174}, "geometry": {"type": "Polygon", "coordinates": [[[-70.45990572222146, 18.718492126541662], [-70.4599765984518, 18.71860963213877], [-70.45985960568676, 18.718673699001425], [-70.45978872950391, 18.718556193357113], [-70.45990572222146, 18.718492126541662]], [[-70.45988280007732, 18.718614101917325], [-70.4599362398324, 18.718584837562467], [-70.45990788934336, 18.718537835320543], [-70.45985444959695, 18.718567099666775], [-70.45988280007732, 18.718614101917325]]]}}, {"type": "Feature", "properties": {"kind": "porch", "label": "Front gallery to the commons", "area_m2": 39}, "geometry": {"type": "Polygon", "coordinates": [[[-70.45976735359622, 18.718567899084398], [-70.45978872950391, 18.718556193357113], [-70.45985960568676, 18.718673699001425], [-70.45983822977038, 18.71868540473732], [-70.45976735359622, 18.718567899084398]]]}}, {"type": "Feature", "properties": {"kind": "patio", "label": "Private patio", "area_m2": 39}, "geometry": {"type": "Polygon", "coordinates": [[[-70.45985444959695, 18.718567099666775], [-70.45990788934336, 18.718537835320543], [-70.4599362398324, 18.718584837562467], [-70.45988280007732, 18.718614101917325], [-70.45985444959695, 18.718567099666775]]]}}, {"type": "Feature", "properties": {"kind": "hottub", "label": "Hot tub", "area_m2": 6}, "geometry": {"type": "Polygon", "coordinates": [[[-70.45987282054061, 18.718575797694577], [-70.45989255214116, 18.718564992397226], [-70.45990389233523, 18.718583793295533], [-70.4598841607334, 18.718594598594155], [-70.45987282054061, 18.718575797694577]]]}}, {"type": "Feature", "properties": {"kind": "carport", "label": "Golf-cart port", "area_m2": 4}, "geometry": {"type": "Polygon", "coordinates": [[[-70.45998292916843, 18.71851133215235], [-70.4599902462318, 18.71850732522064], [-70.46001200841106, 18.718528755867005], [-70.45999804943519, 18.718536400008816], [-70.45998292916843, 18.71851133215235]]]}}, {"type": "Feature", "properties": {"kind": "house", "label": "Courtyard villa (single storey, ~200 m\u00b2)", "area_m2": 155}, "geometry": {"type": "Polygon", "coordinates": [[[-70.45973155180582, 18.718714219449843], [-70.45966272659251, 18.71875190896704], [-70.45961907387587, 18.718728918211212], [-70.45967197671662, 18.718699947994033], [-70.45964362627605, 18.718652945708993], [-70.4595901864438, 18.718682209985033], [-70.45961802690675, 18.71872836679946], [-70.45951721758094, 18.71867527307135], [-70.45966067568884, 18.718596713752678], [-70.45973155180582, 18.718714219449843]]]}}, {"type": "Feature", "properties": {"kind": "patio", "label": "Private patio", "area_m2": 39}, "geometry": {"type": "Polygon", "coordinates": [[[-70.4595901864438, 18.718682209985033], [-70.45964362627605, 18.718652945708993], [-70.45967197671662, 18.718699947994033], [-70.45961907387587, 18.718728918211212], [-70.45961802690675, 18.71872836679946], [-70.4595901864438, 18.718682209985033]]]}}, {"type": "Feature", "properties": {"kind": "hottub", "label": "Hot tub", "area_m2": 6}, "geometry": {"type": "Polygon", "coordinates": [[[-70.45960855738876, 18.718690908038727], [-70.45962828902101, 18.718680102767298], [-70.45963962919569, 18.718698903682853], [-70.45961989756215, 18.718709708955554], [-70.45960855738876, 18.718690908038727]]]}}, {"type": "Feature", "properties": {"kind": "carport", "label": "Golf-cart port", "area_m2": 12}, "geometry": {"type": "Polygon", "coordinates": [[[-70.45972919141457, 18.718620678900923], [-70.4597604331384, 18.718603570535066], [-70.45977555338293, 18.71862863841094], [-70.45974431165638, 18.71864574677949], [-70.45972919141457, 18.718620678900923]]]}}, {"type": "Feature", "properties": {"kind": "house", "label": "Courtyard villa (single storey, ~200 m\u00b2)", "area_m2": 224}, "geometry": {"type": "Polygon", "coordinates": [[[-70.46031739109164, 18.71753709651348], [-70.46040355667716, 18.717455607319334], [-70.46050375665143, 18.717551799505053], [-70.46038290557192, 18.717666091776902], [-70.46038205375098, 18.71766583225936], [-70.46030047253137, 18.7175875140843], [-70.46031739109164, 18.71753709651348]], [[-70.46039858738322, 18.717593974816385], [-70.46044233382601, 18.717552602575573], [-70.4604022538354, 18.717514125694677], [-70.46035850739135, 18.717555497926284], [-70.46039858738322, 18.717593974816385]]]}}, {"type": "Feature", "properties": {"kind": "porch", "label": "Front gallery to the commons", "area_m2": 23}, "geometry": {"type": "Polygon", "coordinates": [[[-70.46029200871334, 18.71761273638219], [-70.46030007108375, 18.71758871040403], [-70.46030047253137, 18.7175875140843], [-70.46038205375098, 18.71766583225936], [-70.4603796401786, 18.717665096935374], [-70.4603311678254, 18.717650329239056], [-70.46029200871334, 18.71761273638219]]]}}, {"type": "Feature", "properties": {"kind": "patio", "label": "Private patio", "area_m2": 39}, "geometry": {"type": "Polygon", "coordinates": [[[-70.46035850739135, 18.717555497926284], [-70.4604022538354, 18.717514125694677], [-70.46044233382601, 18.717552602575573], [-70.46039858738322, 18.717593974816385], [-70.46035850739135, 18.717555497926284]]]}}, {"type": "Feature", "properties": {"kind": "hottub", "label": "Hot tub", "area_m2": 6}, "geometry": {"type": "Polygon", "coordinates": [[[-70.46037860765513, 18.717559403044074], [-70.4603947601892, 18.717544127142585], [-70.46041079218568, 18.717559517896586], [-70.4603946396518, 18.717574793799432], [-70.46037860765513, 18.717559403044074]]]}}, {"type": "Feature", "properties": {"kind": "carport", "label": "Golf-cart port", "area_m2": 12}, "geometry": {"type": "Polygon", "coordinates": [[[-70.46048252003057, 18.717456038033912], [-70.46050809484454, 18.717431851176954], [-70.46052947083805, 18.717452372169266], [-70.46050389602446, 18.717476559029098], [-70.46048252003057, 18.717456038033912]]]}}, {"type": "Feature", "properties": {"kind": "house", "label": "Courtyard villa (single storey, ~200 m\u00b2)", "area_m2": 231}, "geometry": {"type": "Polygon", "coordinates": [[[-70.4600533297404, 18.7174418345793], [-70.46015351687406, 18.717538038926513], [-70.46003235747749, 18.717652593466887], [-70.45993217033515, 18.717556389055922], [-70.4600533297404, 18.7174418345793]], [[-70.46004834191379, 18.717580201440146], [-70.46009209391548, 18.71753883452819], [-70.46005201906112, 18.71750035278271], [-70.46000826705819, 18.717541719685446], [-70.46004834191379, 18.717580201440146]]]}}, {"type": "Feature", "properties": {"kind": "porch", "label": "Front gallery to the commons", "area_m2": 39}, "geometry": {"type": "Polygon", "coordinates": [[[-70.45991466951867, 18.71757293580798], [-70.45993217033515, 18.717556389055922], [-70.46003235747749, 18.717652593466887], [-70.46001485666226, 18.71766914022816], [-70.45991466951867, 18.71757293580798]]]}}, {"type": "Feature", "properties": {"kind": "patio", "label": "Private patio", "area_m2": 39}, "geometry": {"type": "Polygon", "coordinates": [[[-70.46000826705819, 18.717541719685446], [-70.46005201906112, 18.71750035278271], [-70.46009209391548, 18.71753883452819], [-70.46004834191379, 18.717580201440146], [-70.46000826705819, 18.717541719685446]]]}}, {"type": "Feature", "properties": {"kind": "hottub", "label": "Hot tub", "area_m2": 6}, "geometry": {"type": "Polygon", "coordinates": [[[-70.46002836680735, 18.717545627246405], [-70.46004452139394, 18.717530353312497], [-70.46006055133591, 18.717545746012338], [-70.46004439674951, 18.717561019947606], [-70.46002836680735, 18.717545627246405]]]}}, {"type": "Feature", "properties": {"kind": "carport", "label": "Golf-cart port", "area_m2": 5}, "geometry": {"type": "Polygon", "coordinates": [[[-70.46030151805178, 18.71728227459121], [-70.4603270960674, 18.71725809082935], [-70.46033417449118, 18.717264887854476], [-70.46031242546361, 18.717292748386114], [-70.46030151805178, 18.71728227459121]]]}}, {"type": "Feature", "properties": {"kind": "house", "label": "Courtyard villa (single storey, ~200 m\u00b2)", "area_m2": 186}, "geometry": {"type": "Polygon", "coordinates": [[[-70.45981776077295, 18.717664453339125], [-70.45991790169344, 18.71776070149999], [-70.45981688950478, 18.717856119453202], [-70.45971674857715, 18.717759871239203], [-70.45981776077295, 18.717664453339125]], [[-70.45982523186044, 18.717790986184994], [-70.45986900382444, 18.71774963839186], [-70.45982894745572, 18.717711139123548], [-70.45978517549048, 18.717752486907468], [-70.45982523186044, 18.717790986184994]]]}}, {"type": "Feature", "properties": {"kind": "porch", "label": "Front gallery to the commons", "area_m2": 39}, "geometry": {"type": "Polygon", "coordinates": [[[-70.45969923977725, 18.717776410344356], [-70.45971674857715, 18.717759871239203], [-70.45981688950478, 18.717856119453202], [-70.45979938070612, 18.717872658567565], [-70.45969923977725, 18.717776410344356]]]}}, {"type": "Feature", "properties": {"kind": "patio", "label": "Private patio", "area_m2": 39}, "geometry": {"type": "Polygon", "coordinates": [[[-70.45978517549048, 18.717752486907468], [-70.45982894745572, 18.717711139123548], [-70.45986900382444, 18.71774963839186], [-70.45982523186044, 18.717790986184994], [-70.45978517549048, 18.717752486907468]]]}}, {"type": "Feature", "properties": {"kind": "hottub", "label": "Hot tub", "area_m2": 6}, "geometry": {"type": "Polygon", "coordinates": [[[-70.4598052733793, 18.717756403254906], [-70.45982143533658, 18.717741136380255], [-70.45983745788429, 18.71775653608922], [-70.45982129592718, 18.717771802965228], [-70.4598052733793, 18.717756403254906]]]}}, {"type": "Feature", "properties": {"kind": "carport", "label": "Golf-cart port", "area_m2": 12}, "geometry": {"type": "Polygon", "coordinates": [[[-70.45989755438481, 18.717664143757844], [-70.4599231441222, 18.717639971194757], [-70.45994450751758, 18.71766050412833], [-70.45991891778057, 18.717684676694294], [-70.45989755438481, 18.717664143757844]]]}}, {"type": "Feature", "properties": {"kind": "house", "label": "Courtyard villa (single storey, ~200 m\u00b2)", "area_m2": 188}, "geometry": {"type": "Polygon", "coordinates": [[[-70.45962956522338, 18.717842049055427], [-70.45972942802412, 18.717938559322505], [-70.45962720628884, 18.71803458987089], [-70.45952734348157, 18.71793807955015], [-70.45962956522338, 18.717842049055427]], [[-70.45963609170852, 18.71796914518466], [-70.45967998293638, 18.71792791228506], [-70.45964003781557, 18.717889308174133], [-70.4595961465866, 18.717930541064522], [-70.45963609170852, 18.71796914518466]]]}}, {"type": "Feature", "properties": {"kind": "porch", "label": "Front gallery to the commons", "area_m2": 39}, "geometry": {"type": "Polygon", "coordinates": [[[-70.45950978697611, 18.717954572697828], [-70.45952734348157, 18.71793807955015], [-70.45962720628884, 18.71803458987089], [-70.45960964978454, 18.718051083027788], [-70.45950978697611, 18.717954572697828]]]}}, {"type": "Feature", "properties": {"kind": "patio", "label": "Private patio", "area_m2": 39}, "geometry": {"type": "Polygon", "coordinates": [[[-70.4595961465866, 18.717930541064522], [-70.45964003781557, 18.717889308174133], [-70.45967998293638, 18.71792791228506], [-70.45963609170852, 18.71796914518466], [-70.4595961465866, 18.717930541064522]]]}}, {"type": "Feature", "properties": {"kind": "hottub", "label": "Hot tub", "area_m2": 6}, "geometry": {"type": "Polygon", "coordinates": [[[-70.45961623311892, 18.717934510075853], [-70.45963243911207, 18.71791928562343], [-70.45964841716058, 18.71793472726945], [-70.45963221116762, 18.71794995172323], [-70.45961623311892, 18.717934510075853]]]}}, {"type": "Feature", "properties": {"kind": "carport", "label": "Golf-cart port", "area_m2": 12}, "geometry": {"type": "Polygon", "coordinates": [[[-70.45969585454863, 18.717854635673213], [-70.45972151401313, 18.717830530280132], [-70.45974281807655, 18.71785111913121], [-70.4597171586124, 18.717875224527166], [-70.45969585454863, 18.717854635673213]]]}}, {"type": "Feature", "properties": {"kind": "house", "label": "Courtyard villa (single storey, ~200 m\u00b2)", "area_m2": 186}, "geometry": {"type": "Polygon", "coordinates": [[[-70.45941263469894, 18.718045501998734], [-70.45951243135367, 18.718142074491656], [-70.45941107852009, 18.718237164156438], [-70.45931128185899, 18.71814059161034], [-70.45941263469894, 18.718045501998734]], [[-70.4594196536007, 18.71817205833821], [-70.45946357318104, 18.71813085280008], [-70.45942365451866, 18.71809222379894], [-70.45937973493723, 18.718133429327857], [-70.4594196536007, 18.71817205833821]]]}}, {"type": "Feature", "properties": {"kind": "porch", "label": "Front gallery to the commons", "area_m2": 39}, "geometry": {"type": "Polygon", "coordinates": [[[-70.45929371401266, 18.71815707381345], [-70.45931128185899, 18.71814059161034], [-70.45941107852009, 18.718237164156438], [-70.45939351067484, 18.718253646368773], [-70.45929371401266, 18.71815707381345]]]}}, {"type": "Feature", "properties": {"kind": "patio", "label": "Private patio", "area_m2": 39}, "geometry": {"type": "Polygon", "coordinates": [[[-70.45937973493723, 18.718133429327857], [-70.45942365451866, 18.71809222379894], [-70.45946357318104, 18.71813085280008], [-70.4594196536007, 18.71817205833821], [-70.45937973493723, 18.718133429327857]]]}}, {"type": "Feature", "properties": {"kind": "hottub", "label": "Hot tub", "area_m2": 6}, "geometry": {"type": "Polygon", "coordinates": [[[-70.45939981876631, 18.7181374108576], [-70.45941603522807, 18.718122196507878], [-70.45943200269322, 18.718137648109977], [-70.45941578623163, 18.718152862461064], [-70.45939981876631, 18.7181374108576]]]}}, {"type": "Feature", "properties": {"kind": "carport", "label": "Golf-cart port", "area_m2": 12}, "geometry": {"type": "Polygon", "coordinates": [[[-70.45949242916072, 18.718045451300245], [-70.45951810519684, 18.718021361901524], [-70.45953939514895, 18.718041964025932], [-70.45951371911319, 18.718066053427524], [-70.45949242916072, 18.718045451300245]]]}}, {"type": "Feature", "properties": {"kind": "house", "label": "Courtyard villa (single storey, ~200 m\u00b2)", "area_m2": 231}, "geometry": {"type": "Polygon", "coordinates": [[[-70.45910576308292, 18.71835278740531], [-70.45920703772748, 18.718257621946538], [-70.45932688945878, 18.71837341920043], [-70.45922561482206, 18.71846858472301], [-70.45910576308292, 18.71835278740531]], [[-70.45925096340164, 18.718357965908996], [-70.4592076836125, 18.718316150225117], [-70.45916717375549, 18.718354216415232], [-70.45921045354577, 18.718396032108327], [-70.45925096340164, 18.718357965908996]]]}}, {"type": "Feature", "properties": {"kind": "porch", "label": "Front gallery to the commons", "area_m2": 39}, "geometry": {"type": "Polygon", "coordinates": [[[-70.45924292675345, 18.718485310994843], [-70.45922561482206, 18.71846858472301], [-70.45932688945878, 18.71837341920043], [-70.45934420138903, 18.718390145463058], [-70.45924292675345, 18.718485310994843]]]}}, {"type": "Feature", "properties": {"kind": "patio", "label": "Private patio", "area_m2": 39}, "geometry": {"type": "Polygon", "coordinates": [[[-70.45921045354577, 18.718396032108327], [-70.45916717375549, 18.718354216415232], [-70.4592076836125, 18.718316150225117], [-70.45925096340164, 18.718357965908996], [-70.45921045354577, 18.718396032108327]]]}}, {"type": "Feature", "properties": {"kind": "hottub", "label": "Hot tub", "area_m2": 6}, "geometry": {"type": "Polygon", "coordinates": [[[-70.45921461638775, 18.718376892430456], [-70.45919863615661, 18.718361452791516], [-70.45921484009921, 18.718346226313823], [-70.45923082033019, 18.718361665951406], [-70.45921461638775, 18.718376892430456]]]}}, {"type": "Feature", "properties": {"kind": "carport", "label": "Golf-cart port", "area_m2": 12}, "geometry": {"type": "Polygon", "coordinates": [[[-70.45911230548784, 18.718283189557386], [-70.45908700348515, 18.718258743445645], [-70.45910860874346, 18.718238441487767], [-70.4591339107458, 18.71826288759663], [-70.45911230548784, 18.718283189557386]]]}}, {"type": "Feature", "properties": {"kind": "road", "class": "perimeter lane (one-way, rear access)", "length_m": 1231, "row_m": 7.0, "carriageway_m": 5.0, "grade_max_pct": 10.0, "grade_mean_pct": 2.6}, "geometry": {"type": "LineString", "coordinates": [[-70.46070293590502, 18.716693023933114], [-70.46070767012787, 18.716695813789226], [-70.46071209557283, 18.716699031107957], [-70.4607161698784, 18.716702645092333], [-70.46071985404431, 18.71670662114842], [-70.46072311280481, 18.71671092121641], [-70.46072591496618, 18.716715504135003], [-70.46072823370542, 18.71672032603535], [-70.46073004682692, 18.71672534076102], [-70.46073038763687, 18.716726458128953], [-70.46073130595143, 18.716728993210186], [-70.46073148022936, 18.71672940671422], [-70.460732657115, 18.716731842852507], [-70.46073287344913, 18.716732237910417], [-70.46073429737123, 18.71673455122917], [-70.46073455364132, 18.716734923969018], [-70.46073621064399, 18.71673709179536], [-70.46073650433831, 18.716737438563914], [-70.46073837818125, 18.716739439650954], [-70.46073870642132, 18.71673975704952], [-70.46074077873901, 18.716741571784624], [-70.46074113830771, 18.71674185670235], [-70.46074338878937, 18.716743467299263], [-70.46074435981569, 18.71674409308159], [-70.46074543158181, 18.716744747533323], [-70.46074580502794, 18.716744957352304], [-70.46074661970185, 18.716745402214865], [-70.4607472350719, 18.71674572866944], [-70.4608864402945, 18.71681744062944], [-70.4608877696192, 18.716818125433974], [-70.46088801660795, 18.716818253423224], [-70.46109113289019, 18.71692412829512], [-70.46109194308264, 18.716924540259882], [-70.4610927155112, 18.71692492003391], [-70.46109312177666, 18.716925113880748], [-70.46109426833944, 18.716925612185502], [-70.46109532276387, 18.716926041369735], [-70.46109790373622, 18.716926953812614], [-70.461098339837, 18.716927085476787], [-70.46110100132411, 18.71692775579677], [-70.46110144874457, 18.716927846655533], [-70.4611041657933, 18.716928268567933], [-70.46110530506675, 18.716928391886675], [-70.4611065602892, 18.716928498493576], [-70.46110701401776, 18.716928521244157], [-70.46110793162921, 18.71692855664471], [-70.46110862020663, 18.716928575255572], [-70.46113725582626, 18.716929018672857], [-70.46114280265444, 18.7169293633296], [-70.46114828771269, 18.716930222091], [-70.46115365864507, 18.716931586760012], [-70.46115886418504, 18.71693344431059], [-70.46116385464465, 18.716935777012086], [-70.46127750559394, 18.716995633514866], [-70.4612823501066, 18.716998495856966], [-70.46128686971166, 18.71700180573336], [-70.46129101904135, 18.71700552991954], [-70.46129475644473, 18.717009631032155], [-70.46129804440572, 18.71701406790427], [-70.46130084991977, 18.717018795998595], [-70.46130314482508, 18.717023767854535], [-70.4613049060854, 18.71702893356465], [-70.46130611602115, 18.717034241275538], [-70.46130676248693, 18.71703963770844], [-70.46130683899348, 18.717045068693967], [-70.46130634477277, 18.717050479715905], [-70.46130528478572, 18.717055816458416], [-70.46130366967245, 18.71706102535128], [-70.46118901572896, 18.717372445119672], [-70.46118873086903, 18.717373235591765], [-70.46118862292965, 18.71737354420895], [-70.46118846405962, 18.717374009032476], [-70.46088182843438, 18.718287799637626], [-70.46088158749136, 18.718288541115857], [-70.46088136854463, 18.71828924538043], [-70.4608812576081, 18.718289616820194], [-70.46088098562382, 18.718290653374307], [-70.4608807597709, 18.718291600252787], [-70.46088032069835, 18.718293893567424], [-70.46088018110633, 18.718294855440103], [-70.46088005138222, 18.71829591722099], [-70.46088001791207, 18.71829629728046], [-70.46087995889972, 18.71829706557147], [-70.4608799210853, 18.718297642259245], [-70.46087418185971, 18.718403242554913], [-70.46086209085972, 18.718625713753152], [-70.4608615124974, 18.718631109346074], [-70.46086037121064, 18.718636422872013], [-70.46085867842267, 18.718641601147112], [-70.4608564510768, 18.718646592341262], [-70.46085371146681, 18.71865134649688], [-70.46085048701383, 18.718655816028914], [-70.46084680999184, 18.718659956201158], [-70.46084271720467, 18.718663725574018], [-70.46083824961761, 18.718667086419266], [-70.460837809908, 18.71866738443224], [-70.46083722604035, 18.71866779089455], [-70.4608364549437, 18.718668342155585], [-70.46083588210742, 18.71866876262699], [-70.4608285124168, 18.718674315733992], [-70.46082795098218, 18.718674749942643], [-70.46082721028274, 18.71867533782921], [-70.4608266606124, 18.718675785494717], [-70.46082611809952, 18.718676238826717], [-70.46082558054836, 18.718676699660016], [-70.46082487216071, 18.718677322652592], [-70.46082434707633, 18.71867779635575], [-70.46081760702668, 18.718684033562024], [-70.4608170947485, 18.718684519828702], [-70.46081642050282, 18.71868517631769], [-70.46081592136149, 18.718685674834145], [-70.46081542994449, 18.718686178295368], [-70.46081494426285, 18.71868668873913], [-70.46081430590185, 18.71868737702776], [-70.46081383399347, 18.718687899069284], [-70.46080779321042, 18.718694755943794], [-70.46080733538047, 18.718695289245435], [-70.4608067345536, 18.718696007555188], [-70.46080629109763, 18.718696551772737], [-70.46080585585295, 18.718697100162355], [-70.46080542705776, 18.718697654943828], [-70.4608048653177, 18.71869840141852], [-70.4608044514604, 18.718698966405395], [-70.46079917234606, 18.71870637211591], [-70.46079877369372, 18.718706946943527], [-70.46079825249224, 18.718707719653892], [-70.46079786930271, 18.718708303950542], [-70.4607974947264, 18.71870889160371], [-70.46079712724725, 18.71870948499187], [-70.4607966479311, 18.718710281941323], [-70.46079629639978, 18.7187108840376], [-70.46079183348814, 18.718718762082247], [-70.46079149813181, 18.71871937249747], [-70.46079106193966, 18.718720191626492], [-70.4607909668192, 18.7187203760255], [-70.4607884124352, 18.718724795638256], [-70.4607854378875, 18.718728969833293], [-70.46078206894143, 18.718732862453937], [-70.46077833477868, 18.718736439782457], [-70.46077426774436, 18.71873967083218], [-70.46076990306697, 18.718742527615877], [-70.46076527855314, 18.718744985388206], [-70.46076458665279, 18.718745313862637], [-70.46076375871087, 18.718745719081156], [-70.46076314163979, 18.718746030270914], [-70.4607551761137, 18.718750167313072], [-70.46075456724364, 18.71875049283834], [-70.46075376116626, 18.718750936277733], [-70.46075316086359, 18.7187512759427], [-70.4607525661475, 18.718751621922458], [-70.46075197477414, 18.718751975522345], [-70.4607511925034, 18.718752456114274], [-70.46075061041574, 18.718752823435985], [-70.46074310882007, 18.718757684487212], [-70.46074253636833, 18.71875806530968], [-70.46074177978875, 18.718758581896306], [-70.4607412173179, 18.71875897599011], [-70.46074066105615, 18.718759375846656], [-70.46074010890487, 18.71875978297448], [-70.46073937983917, 18.71876033431133], [-70.46073883834042, 18.7187607542277], [-70.46073187291968, 18.718766292473468], [-70.46073134239947, 18.718766724925494], [-70.46073064260375, 18.718767309684512], [-70.46073012338158, 18.718767754411804], [-70.46072961093127, 18.718768204294342], [-70.46072910331978, 18.718768661029134], [-70.46072843448034, 18.71876927780128], [-70.46072793878557, 18.718769746268187], [-70.46072157662059, 18.718775908372226], [-70.46072109314078, 18.718776388289353], [-70.46072045686884, 18.71877703558878], [-70.46071998589538, 18.71877752666695], [-70.46071952219184, 18.718778022242695], [-70.46071906400864, 18.718778524185872], [-70.46071846183683, 18.718779200453426], [-70.46071801671962, 18.718779712959535], [-70.4607123190815, 18.718786439577542], [-70.4607118872987, 18.71878696233749], [-70.46071132067766, 18.718787665943985], [-70.46071090248907, 18.718788198643256], [-70.46071049199783, 18.718788735139796], [-70.46071008765547, 18.718789277457393], [-70.46070955795037, 18.71879000670772], [-70.4607091676978, 18.718790558316936], [-70.46070418945794, 18.718797784668006], [-70.46070381353022, 18.718798345236582], [-70.46070332201718, 18.718799098373818], [-70.46070296064067, 18.718799667564216], [-70.46070260731511, 18.718800239814634], [-70.46070226070755, 18.718800817283984], [-70.4607018085707, 18.71880159249373], [-70.46070147694091, 18.71880217789407], [-70.4606972660427, 18.718809834384427], [-70.46069694959034, 18.718810427363245], [-70.46069653791886, 18.718811222778037], [-70.46069652561164, 18.718811247312022], [-70.46069401804921, 18.71881569993702], [-70.46069108627098, 18.71881991075218], [-70.46068775574943, 18.71882384317227], [-70.46068405542141, 18.718827463030838], [-70.46068001743683, 18.718830738877127], [-70.46067567687929, 18.718833642249237], [-70.4606710714613, 18.718836147921525], [-70.46066965384261, 18.71883683780557], [-70.46066909484269, 18.718837119709466], [-70.46066112930984, 18.718841256748064], [-70.46066052043929, 18.71884158227305], [-70.4606597143612, 18.718842025712092], [-70.46065911405803, 18.718842365376787], [-70.46065851934134, 18.71884271135631], [-70.4606579279676, 18.718843064955863], [-70.46065714569617, 18.718843545547426], [-70.46065656360781, 18.718843912868973], [-70.46064906200553, 18.718848773916736], [-70.46064848955308, 18.718849154739086], [-70.46064773297287, 18.718849671325334], [-70.46064717050157, 18.71885006541883], [-70.4606466142391, 18.718850465275263], [-70.46064606208746, 18.71885087240273], [-70.46064533302102, 18.71885142373928], [-70.4606447915218, 18.71885184365537], [-70.4606378260943, 18.718857381897987], [-70.46063729557335, 18.718857814349942], [-70.46063659577713, 18.7188583991085], [-70.46063607655428, 18.718858843835694], [-70.46063556410353, 18.71885929371793], [-70.46063505649148, 18.718859750452506], [-70.46063438765138, 18.71886036722435], [-70.46063389195604, 18.718860835691085], [-70.46062752978426, 18.71886699779231], [-70.46062704630394, 18.71886747770921], [-70.46062641003124, 18.71886812500843], [-70.46062593905732, 18.71886861608632], [-70.46062547535331, 18.718869111661828], [-70.46062501716948, 18.718869613604927], [-70.46062441499694, 18.71887028987226], [-70.46062396987939, 18.71887080237799], [-70.46061827223447, 18.718877528993605], [-70.46061784045118, 18.71887805175335], [-70.46061727382944, 18.71887875535962], [-70.46061685564038, 18.718879288058663], [-70.46061644514853, 18.718879824555138], [-70.4606160408058, 18.718880366872366], [-70.46061551109995, 18.718881096122573], [-70.46061512084681, 18.718881647731703], [-70.46061014260044, 18.71888887408059], [-70.46060976667222, 18.71888943464901], [-70.46060970398123, 18.718889530709205], [-70.46060644128957, 18.718894010723087], [-70.46060272276348, 18.718898155765995], [-70.46059858602582, 18.718901923899672], [-70.46059407293079, 18.71890527699931], [-70.46058922914045, 18.7189081811393], [-70.46058410366273, 18.718910606936458], [-70.46057874835563, 18.718912529847294], [-70.46057321740247, 18.71891393041641], [-70.46056756676373, 18.71891479447326], [-70.46056185361083, 18.71891511327561], [-70.46054565251784, 18.71891523959055], [-70.46054529098697, 18.71891524459875], [-70.4605448090158, 18.718915254194773], [-70.46054444758072, 18.7189152635808], [-70.46054408640533, 18.718915275149147], [-70.46054372512485, 18.71891528891147], [-70.46054324356518, 18.718915310177056], [-70.46054288249759, 18.718915328313482], [-70.46053296164803, 18.71891588689888], [-70.46053224040591, 18.718915936280037], [-70.46053127983156, 18.718916013752022], [-70.46053056013959, 18.718916080584695], [-70.46052984290664, 18.71891615596897], [-70.46052912523021, 18.71891624020993], [-70.46052817002881, 18.71891636409426], [-70.46052745483138, 18.718916465689098], [-70.46051818024343, 18.718917898198942], [-70.46051746798692, 18.718918017082025], [-70.46051652062725, 18.718918187058446], [-70.4605158117723, 18.718918323152927], [-70.46051510627468, 18.71891846751701], [-70.46051440127908, 18.71891862073498], [-70.46051346420911, 18.718918836364328], [-70.4605127635284, 18.7189190066068], [-70.46050368945053, 18.718921328735203], [-70.46050299353783, 18.718921515892035], [-70.4605020691789, 18.718921776617098], [-70.46050137848356, 18.71892198056748], [-70.46050069200906, 18.718922192420084], [-70.46050000697734, 18.718922413032246], [-70.46049909771838, 18.718922718179247], [-70.46049841879288, 18.718922955310646], [-70.46048963896119, 18.718926143069798], [-70.46048896658067, 18.71892639656717], [-70.4604880747715, 18.718926745347442], [-70.4604874093704, 18.718927015047033], [-70.46048674901054, 18.718927292199638], [-70.460486091019, 18.71892757792709], [-70.46048521896412, 18.718927969439417], [-70.46048456880693, 18.718928271010274], [-70.46047617391824, 18.718932291470214], [-70.46047553201569, 18.718932608689503], [-70.46047468196863, 18.718933041922096], [-70.46047404873573, 18.718933374584765], [-70.46047342131185, 18.71893371417445], [-70.4604727971577, 18.71893406206556], [-70.4604719713151, 18.718934535898946], [-70.46047135664273, 18.718934898793854], [-70.46046343341675, 18.718939710423], [-70.46046282862355, 18.718940088087066], [-70.46046202911943, 18.7189406012968], [-70.46046143459621, 18.718940993485997], [-70.46046084658967, 18.71894139200482], [-70.46046026272046, 18.71894179846583], [-70.46045949162112, 18.718942349725587], [-70.46045891878313, 18.71894277019583], [-70.4604515490678, 18.718948323289545], [-70.46045098763126, 18.718948757497195], [-70.46045024692938, 18.71894934538237], [-70.46044969725713, 18.718949793046868], [-70.46044915474222, 18.718950246378004], [-70.46044861718929, 18.718950707210208], [-70.460447908799, 18.71895133020161], [-70.46044738371269, 18.718951803903803], [-70.46044064363821, 18.718958041097913], [-70.46044013135796, 18.718958527363828], [-70.46043945710964, 18.71895918385168], [-70.46043895796664, 18.71895968236698], [-70.46043846654752, 18.718960185827566], [-70.46043798086407, 18.71896069627031], [-70.4604373425004, 18.71896138455794], [-70.46043687059016, 18.71896190659854], [-70.46043082978207, 18.71896876346243], [-70.4604303719502, 18.718969296763245], [-70.46042977112069, 18.718970015072053], [-70.46042932766294, 18.718970559288653], [-70.46042889241632, 18.718971107677536], [-70.46042846361912, 18.718971662458376], [-70.46042790187663, 18.718972408931926], [-70.4604274880173, 18.718972973918245], [-70.4604222088781, 18.71898037961963], [-70.46042181022396, 18.718980954446444], [-70.4604212890199, 18.71898172715594], [-70.46042090582844, 18.718982311451985], [-70.46042053125028, 18.718982899104475], [-70.46042016376923, 18.718983492492033], [-70.46041968445057, 18.71898428944066], [-70.46041933291735, 18.718984891536333], [-70.46041486998134, 18.718992769573475], [-70.46041453462313, 18.71899337998814], [-70.46041409842849, 18.71899419911641], [-70.46041400330739, 18.718994383515437], [-70.46041144890964, 18.71899880312382], [-70.46040847434794, 18.719002977313682], [-70.46040510538779, 18.719006869928354], [-70.46040137121099, 18.719010447250174], [-70.46039730416277, 18.71901367829253], [-70.46039293947173, 18.719016535068256], [-70.46038831494462, 18.719018992832076], [-70.46038762304231, 18.71901932130525], [-70.46038679509803, 18.719019726522287], [-70.46038617802529, 18.71902003771086], [-70.46037821247644, 18.719024174738383], [-70.46037760360458, 18.719024500262563], [-70.46037679752492, 18.719024943700433], [-70.46037619722047, 18.719025283364314], [-70.4603756025026, 18.719025629342983], [-70.46037501112743, 18.719025982941808], [-70.46037422885449, 18.719026463532174], [-70.4603736467647, 18.719026830853043], [-70.46036614514588, 18.719031691890418], [-70.4603655726921, 18.719032072712007], [-70.46036481611027, 18.719032589297143], [-70.46036425363751, 18.71903298339], [-70.46036369737384, 18.719033383245606], [-70.4603631452209, 18.719033790372308], [-70.46036241615272, 18.719034341707875], [-70.4603618746522, 18.719034761623217], [-70.46035490920767, 18.719040299856324], [-70.46035437868534, 18.71904073230763], [-70.46035367888747, 18.71904131706511], [-70.46035315966317, 18.719041761791722], [-70.4603526472111, 18.719042211673255], [-70.46035213959779, 18.71904266840709], [-70.46035147075588, 18.719043285178056], [-70.46035097505927, 18.71904375364407], [-70.46034461287002, 18.719049915736885], [-70.4603441293886, 18.719050395652896], [-70.46034349311401, 18.719051042951364], [-70.46034302213872, 18.719051534028683], [-70.46034255843334, 18.719052029603592], [-70.4603421002483, 18.719052531545927], [-70.46034149807386, 18.719053207812593], [-70.460341052955, 18.719053720317667], [-70.46033535529266, 18.719060446925745], [-70.46033492350797, 18.71906096968498], [-70.46033435688452, 18.719061673290426], [-70.46033393869399, 18.71906220598906], [-70.46033352820096, 18.71906274248481], [-70.46033312385669, 18.719063284801774], [-70.46033259414916, 18.719064014051135], [-70.46033220389475, 18.719064565659696], [-70.46032722563105, 18.71907179200207], [-70.46032684970135, 18.71907235257018], [-70.46032678701025, 18.719072448630122], [-70.46032352430763, 18.719076928639755], [-70.46031980577057, 18.719081073677714], [-70.46031566902201, 18.71908484180581], [-70.46031115591629, 18.719088194899292], [-70.46030631211558, 18.719091099032603], [-70.46030118662792, 18.719093524822625], [-70.46029583131138, 18.719095447725955], [-70.46029030034943, 18.719096848287254], [-70.4602846497026, 18.71909771233608], [-70.4602789365424, 18.71909803113024], [-70.46016791245592, 18.719098896562283], [-70.4601675509242, 18.719098901569772], [-70.46016706895225, 18.719098911164867], [-70.46016670751696, 18.719098920550188], [-70.46016634634097, 18.719098932117834], [-70.46016598506002, 18.71909894587947], [-70.46016550349985, 18.719098967144117], [-70.4601651424318, 18.719098985279835], [-70.46015522156874, 18.719099543846035], [-70.4601545003257, 18.71909959322579], [-70.46015353974997, 18.719099670695922], [-70.46015282005705, 18.719099737527188], [-70.46015210282313, 18.719099812910073], [-70.46015138514534, 18.719099897149686], [-70.46015042994271, 18.719100021032137], [-70.46014971474405, 18.719100122625623], [-70.46014044014154, 18.719101555117646], [-70.4601397278841, 18.719101673999326], [-70.46013878052277, 18.719101843973963], [-70.46013807166665, 18.719101980067077], [-70.4601373661678, 18.719102124429824], [-70.46013666117118, 18.719102277646407], [-70.46013572409946, 18.719102493273997], [-70.4601350234177, 18.71910266351508], [-70.46012594932358, 18.719104985626174], [-70.46012525340956, 18.719105172781713], [-70.46012432904897, 18.719105433504993], [-70.46012363835224, 18.71910563745409], [-70.4601229518765, 18.71910584930537], [-70.46012226684346, 18.719106069916236], [-70.46012135758274, 18.7191063750615], [-70.46012067865597, 18.719106612191595], [-70.46011189880659, 18.71910979993412], [-70.46011122642477, 18.71911005343019], [-70.46011033461362, 18.71911040220884], [-70.46010966921122, 18.719110671907128], [-70.46010900884984, 18.719110949058535], [-70.46010835085696, 18.71911123478472], [-70.46010747880001, 18.71911162629547], [-70.46010682864168, 18.719111927864958], [-70.4600984337338, 18.71911594830922], [-70.46009779183004, 18.719116265527184], [-70.46009694178089, 18.719116698758235], [-70.46009630854651, 18.719117031419707], [-70.46009568112116, 18.719117371008213], [-70.46009505696546, 18.71911771889818], [-70.46009423112078, 18.719118192730043], [-70.4600936164469, 18.71911855562379], [-70.46008569320085, 18.719123367238193], [-70.46008508840605, 18.719123744901157], [-70.46008428889994, 18.719124258109336], [-70.46008369437513, 18.719124650297452], [-70.46008310636704, 18.71912504881516], [-70.46008252249624, 18.719125455275098], [-70.46008175139475, 18.719126006533436], [-70.46008117855507, 18.71912642700267], [-70.46007380881886, 18.71913198008275], [-70.46007324738066, 18.719132414289398], [-70.46007250667661, 18.7191330021732], [-70.46007195700258, 18.71913344983681], [-70.46007141448611, 18.719133903166885], [-70.46007087693161, 18.719134363998045], [-70.46007016853903, 18.719134986988216], [-70.46006964345116, 18.719135460689365], [-70.46006290335491, 18.71914169787131], [-70.46006239107308, 18.719142184136206], [-70.46006171682261, 18.71914284062276], [-70.4600612176778, 18.719143339137265], [-70.46006072625717, 18.719143842596768], [-70.4600602405718, 18.71914435303891], [-70.46005960220593, 18.719145041325316], [-70.46005913029406, 18.719145563365014], [-70.46005308946381, 18.719152420218094], [-70.46005263163025, 18.719152953518098], [-70.46005203079838, 18.719153671825907], [-70.46005158733908, 18.719154216041503], [-70.46005115209057, 18.71915476442984], [-70.46005072329184, 18.71915531920969], [-70.46005016154699, 18.719156065682352], [-70.46004974768586, 18.71915663066806], [-70.4600444685244, 18.719164036360013], [-70.46004406986843, 18.719164611186287], [-70.46004335316825, 18.719165673722046], [-70.46004332751349, 18.719165658011494], [-70.46004046196808, 18.719169575234464], [-70.46003674343382, 18.719173704656033], [-70.46003260919743, 18.719177458110526], [-70.460028100906, 18.719180797786734], [-70.4600232639747, 18.719183690041717], [-70.46001814712936, 18.71918610573976], [-70.46001280191555, 18.719188020545804], [-70.46000728217943, 18.719189415170653], [-70.4600016435252, 18.719190275565257], [-70.45999594275503, 18.719190593062248], [-70.45997904210259, 18.719190724781985], [-70.4599786805709, 18.719190729789126], [-70.45997819859885, 18.71919073938375], [-70.45997783716301, 18.719190748768735], [-70.45997747598695, 18.719190760336026], [-70.45997711470567, 18.719190774097314], [-70.45997663314546, 18.71919079536148], [-70.45997627207669, 18.719190813496866], [-70.45996635120729, 18.719191372053444], [-70.45996562996355, 18.71919142143252], [-70.45996466938719, 18.719191498901715], [-70.45996394969373, 18.71919156573229], [-70.45996323245934, 18.719191641114485], [-70.45996251478107, 18.71919172535339], [-70.45996155957764, 18.719191849234942], [-70.4599608443785, 18.719191950827717], [-70.45995156976879, 18.719193383310827], [-70.45995085751062, 18.719193502191846], [-70.45994991014867, 18.71919367216555], [-70.45994920129198, 18.719193808257973], [-70.45994849579256, 18.719193952620042], [-70.4599477907952, 18.719194105835978], [-70.45994685372278, 18.719194321462645], [-70.4599461530403, 18.719194491703092], [-70.45993707893815, 18.719196813805514], [-70.45993638302349, 18.71919700096038], [-70.45993545866207, 18.71919726168278], [-70.45993476796477, 18.719197465631197], [-70.4599340814883, 18.719197677481848], [-70.45993339645467, 18.71919789809204], [-70.45993248719309, 18.719198203236427], [-70.4599318082655, 18.71919844036593], [-70.45992302840736, 18.719201628100116], [-70.45992235602485, 18.71920188159556], [-70.45992146421283, 18.719202230373337], [-70.45992079880968, 18.719202500071017], [-70.45992013844767, 18.719202777221764], [-70.45991948045399, 18.719203062947365], [-70.45991860839618, 18.719203454457258], [-70.45991795823703, 18.71920375602618], [-70.45990956331966, 18.719207776462568], [-70.45990892141519, 18.7192080936799], [-70.45990807136504, 18.71920852691018], [-70.45990743812999, 18.71920885957101], [-70.45990681070384, 18.719209199158954], [-70.45990618654737, 18.719209547048333], [-70.45990536070168, 18.71921002087943], [-70.45990474602704, 18.719210383772605], [-70.45989682277096, 18.719215195379615], [-70.45989621797531, 18.71921557304207], [-70.45989541846829, 18.71921608624943], [-70.45989482394259, 18.71921647843706], [-70.45989423593379, 18.71921687695415], [-70.45989365206206, 18.719217283413645], [-70.4598928809596, 18.719217834671216], [-70.45989230811917, 18.719218255139896], [-70.4598849383724, 18.71922380821322], [-70.45988437693342, 18.71922424241933], [-70.45988363622835, 18.7192248303024], [-70.45988308655339, 18.71922527796561], [-70.45988254403613, 18.71922573129514], [-70.45988200648083, 18.719226192125813], [-70.45988129808715, 18.71922681511533], [-70.45988077299843, 18.719227288816], [-70.45987403289135, 18.71923352599182], [-70.4598735206087, 18.719234012256244], [-70.4598728463571, 18.719234668742185], [-70.45987234721147, 18.719235167256233], [-70.45987185578998, 18.7192356707153], [-70.45987137010377, 18.719236181156994], [-70.45987073173674, 18.719236869442852], [-70.45987025982407, 18.71923739148207], [-70.45986421898273, 18.719244248329773], [-70.4598637611483, 18.71924478162938], [-70.45986316031544, 18.719245499936477], [-70.45986271685499, 18.71924604415207], [-70.45986228160582, 18.719246592539758], [-70.45986185280616, 18.719247147319344], [-70.45986129106011, 18.719247893791568], [-70.45986087719832, 18.719248458776637], [-70.45985559802557, 18.71925586446412], [-70.45985519936877, 18.71925643928998], [-70.45985467816124, 18.719257211998162], [-70.4598542949673, 18.71925779629305], [-70.4598539203865, 18.719258383944663], [-70.45985355290283, 18.71925897733132], [-70.4598530735808, 18.719259774278576], [-70.45985272204499, 18.719260376373377], [-70.45984825907544, 18.719268254399058], [-70.45984792371465, 18.71926886481287], [-70.45984748751658, 18.719269683940016], [-70.45984739239476, 18.7192698683387], [-70.4598448379781, 18.719274287940554], [-70.45984186339749, 18.7192784621226], [-70.45983849441862, 18.71928235472826], [-70.45983476022339, 18.719285932039934], [-70.45983069315724, 18.719289163071096], [-70.45982632844894, 18.719292019834686], [-70.45982170390536, 18.719294477585517], [-70.45982101200079, 18.71929480605672], [-70.45982018405363, 18.719295211271433], [-70.45981956697878, 18.719295522458253], [-70.45981160140202, 18.719299659463335], [-70.45981099252785, 18.719299984985884], [-70.45981018644542, 18.719300428421413], [-70.45980958613865, 18.719300768083677], [-70.45980899141864, 18.719301114060638], [-70.45980840004117, 18.719301467657846], [-70.45980761776522, 18.71930194824605], [-70.45980703567332, 18.719302315565198], [-70.45979953402482, 18.719307176581808], [-70.45979896156902, 18.71930755740163], [-70.45979820498395, 18.719308073984788], [-70.45979764250899, 18.719308468076], [-70.45979708624311, 18.719308867929996], [-70.45979653408766, 18.719309275055302], [-70.45979580501638, 18.71930982638883], [-70.45979526351344, 18.719310246302737], [-70.45978829803838, 18.719315784516553], [-70.4597877675136, 18.719316216966455], [-70.45978706771265, 18.719316801721952], [-70.45978654848595, 18.719317246447144], [-70.45978603603147, 18.719317696327288], [-70.45978552841578, 18.719318153059714], [-70.45978485957066, 18.719318769828845], [-70.45978436387149, 18.719319238293632], [-70.45977800165082, 18.719325400369005], [-70.45977751816685, 18.71932588028383], [-70.45977688188913, 18.719326527580463], [-70.45977641091135, 18.719327018656532], [-70.4597759472035, 18.719327514230216], [-70.45977548901602, 18.719328016171275], [-70.45977488683825, 18.71932869243638], [-70.45977444171702, 18.719329204940166], [-70.45976874402251, 18.71933593153301], [-70.45976831223534, 18.719336454291092], [-70.45976774560854, 18.71933715789505], [-70.45976732741556, 18.719337690592567], [-70.45976691692003, 18.71933822708723], [-70.45976651257332, 18.719338769403056], [-70.45976598286245, 18.719339498651067], [-70.45976559260555, 18.719340050258584], [-70.45976061430936, 18.719347276587992], [-70.4597602383773, 18.719347837154935], [-70.45975974685848, 18.719348590290043], [-70.45975938547765, 18.7193491594789], [-70.4597590321478, 18.71934973172779], [-70.45975868553589, 18.719350309195654], [-70.45975823339333, 18.71935108440346], [-70.45975790175922, 18.719351669802407], [-70.45975369080516, 18.71935932627493], [-70.45975337434854, 18.719359919252394], [-70.45975296267139, 18.719360714665374], [-70.45975295036405, 18.719360739199214], [-70.45975044276892, 18.719365191813598], [-70.45974751095777, 18.719369402616035], [-70.4597441804033, 18.719373335021377], [-70.4597404800427, 18.71937695486332], [-70.45973644202611, 18.71938023069123], [-70.45973210143747, 18.719383134043383], [-70.45972749598953, 18.719385639694302], [-70.459726078362, 18.71938632957177], [-70.45972551935856, 18.719386611473062], [-70.45971755377515, 18.719390748474527], [-70.45971694490046, 18.719391073996807], [-70.45971613881734, 18.719391517431962], [-70.45971553851005, 18.719391857093957], [-70.45971494378945, 18.7193922030707], [-70.45971435241168, 18.719392556667525], [-70.45971357013492, 18.719393037255436], [-70.45971298804238, 18.719393404574394], [-70.4597054863873, 18.71939826558751], [-70.45970491393074, 18.71939864640724], [-70.45970415734507, 18.71939916298999], [-70.45970359486961, 18.71939955708094], [-70.45970303860312, 18.719399956934737], [-70.45970248644724, 18.719400364059748], [-70.45970175737538, 18.719400915392853], [-70.45970121587172, 18.719401335306653], [-70.45969425038975, 18.71940687351745], [-70.45969371986469, 18.719407305966907], [-70.45969302006284, 18.719407890722284], [-70.45969250083573, 18.719408335447135], [-70.45969198838073, 18.719408785327044], [-70.4596914807644, 18.71940924205935], [-70.45969081191858, 18.719409858828197], [-70.45969031621902, 18.71941032729261], [-70.45968395399152, 18.71941648936525], [-70.45968347050695, 18.719416969279923], [-70.45968283422854, 18.71941761657625], [-70.45968236325021, 18.71941810765215], [-70.45968189954192, 18.719418603225556], [-70.45968144135381, 18.71941910516656], [-70.45968083917545, 18.719419781431288], [-70.45968039405365, 18.719420293934924], [-70.45967469635242, 18.71942702052532], [-70.45967426456477, 18.71942754328316], [-70.45967369793728, 18.719428246886906], [-70.45967327974384, 18.719428779584163], [-70.4596728692478, 18.719429316078642], [-70.45967246490049, 18.71942985839443], [-70.45967193518895, 18.719430587642176], [-70.45967154493158, 18.719431139249462], [-70.4596665666289, 18.7194383655767], [-70.4596661906962, 18.719438926143678], [-70.45966569917678, 18.719439679278455], [-70.45966533779543, 18.71944024846719], [-70.45966498446509, 18.719440820715917], [-70.4596646378527, 18.719441398183648], [-70.45966418570947, 18.71944217339126], [-70.45966385407486, 18.71944275879007], [-70.45965964311449, 18.719450415260816], [-70.45965932665734, 18.71945100823822], [-70.45965891497956, 18.719451803651012], [-70.45965890267222, 18.7194518281848], [-70.45965639507337, 18.71945628079815], [-70.45965346325838, 18.719460491599335], [-70.45965013269999, 18.719464424003245], [-70.45964643233539, 18.71946804384357], [-70.45964239431481, 18.719471319669694], [-70.4596380537222, 18.719474223019912], [-70.45963344827032, 18.719476728668766], [-70.45963203064171, 18.719477418545548], [-70.45963147163768, 18.719477700446642], [-70.4596235060475, 18.719481837444558], [-70.45962289717252, 18.71948216296644], [-70.45962209108848, 18.719482606401375], [-70.45962149078082, 18.719482946063017], [-70.45962089605963, 18.71948329203952], [-70.45962030468135, 18.719483645636075], [-70.45961952240386, 18.719484126223666], [-70.45961894031093, 18.719484493542275], [-70.45961143864896, 18.719489354552103], [-70.45961086619191, 18.71948973537156], [-70.4596101096055, 18.719490251953985], [-70.45960954712956, 18.71949064604465], [-70.45960899086239, 18.719491045898327], [-70.45960843870618, 18.719491453022943], [-70.45960770963353, 18.719492004355796], [-70.45960716812941, 18.719492424269315], [-70.45960020264063, 18.719497962476986], [-70.45959967211493, 18.71949839492632], [-70.4595989723125, 18.719498979681266], [-70.45959845308478, 18.719499424405967], [-70.45959794062934, 18.71949987428559], [-70.45959743301239, 18.71950033101774], [-70.459596764166, 18.71950094778619], [-70.45959626846576, 18.719501416250537], [-70.45958990623143, 18.719507578320382], [-70.45958942274655, 18.719508058234663], [-70.45958878646731, 18.719508705530842], [-70.4595883154885, 18.719509196606477], [-70.45958785177963, 18.719509692179724], [-70.4595873935911, 18.71951019412043], [-70.459586791412, 18.71951087038495], [-70.45958634628964, 18.71951138288845], [-70.45958064858172, 18.719518109476326], [-70.45958021679353, 18.71951863223404], [-70.4595796501654, 18.719519335837482], [-70.45957923197136, 18.719519868534643], [-70.45957882147478, 18.719520405029016], [-70.45957841712709, 18.719520947344435], [-70.45957788741487, 18.719521676591974], [-70.4595774971569, 18.719522228199235], [-70.45957251884762, 18.719529454524373], [-70.45957214291455, 18.719530015090996], [-70.45957165139441, 18.719530768225695], [-70.45957129001258, 18.719531337414235], [-70.45957093668173, 18.719531909662837], [-70.45957059006885, 18.71953248713041], [-70.45957013792494, 18.719533262337848], [-70.45956980628986, 18.719533847736503], [-70.45956559532304, 18.719541504205672], [-70.45956527886558, 18.719542097182643], [-70.45956486718704, 18.719542892595488], [-70.45956449866603, 18.719543627213657], [-70.45956160799074, 18.71954868106151], [-70.4595581712706, 18.71955341441362], [-70.45955422724438, 18.719557773915582], [-70.45954982036912, 18.719561710427], [-70.4595450003192, 18.719565179575465], [-70.45953982142623, 18.71956814225667], [-70.45953252859684, 18.719571827244327], [-70.45953193613828, 18.719572135241858], [-70.45953115145167, 18.719572554756933], [-70.45953056682849, 18.719572876059743], [-70.4595299873086, 18.71957320334812], [-70.45952941084963, 18.7195735377755], [-70.45952864793058, 18.719573992282758], [-70.45952807996021, 18.719574339646513], [-70.45952075625952, 18.719578936521085], [-70.45952019709773, 18.71957929662549], [-70.45951945766332, 18.719579785101942], [-70.45951890762484, 18.719580157744353], [-70.45951836326199, 18.719580535884567], [-70.45951782265621, 18.719580920855364], [-70.45951710837132, 18.719581442201243], [-70.45951657750271, 18.719581839283585], [-70.45950974392214, 18.71958707672753], [-70.45950922308944, 18.719587485697957], [-70.45950853556197, 18.719588038739612], [-70.45950802505833, 18.719588459367962], [-70.45950752075153, 18.719588884956963], [-70.4595070208643, 18.719589317006495], [-70.459506361642, 18.719589900498974], [-70.45950587265251, 18.719590343726505], [-70.45949959069249, 18.71959617460429], [-70.45949911287597, 18.719596628760335], [-70.45949848344297, 18.71959724138999], [-70.4594980170685, 18.71959770621881], [-70.45949755735643, 18.71959817542637], [-70.45949710268638, 18.71959865066648], [-70.45949650445966, 18.719599291054188], [-70.45949606174999, 18.71959977643807], [-70.45949038794616, 18.71960614827372], [-70.45948995744615, 18.719606643528017], [-70.45948939177228, 18.71960731023223], [-70.45948897372432, 18.71960781507811], [-70.45948856274416, 18.719608323681573], [-70.45948815738316, 18.71960883783535], [-70.45948762553579, 18.719609529355072], [-70.45948723309047, 18.719610052526654], [-70.45948221850506, 18.71961690797606], [-70.4594818391959, 18.719617439871474], [-70.45948134237211, 18.719618154650107], [-70.45948097641282, 18.719618694969782], [-70.45948061786335, 18.719619238391772], [-70.45948026545975, 18.719619786831757], [-70.45947980477817, 18.719620523259984], [-70.45947946612873, 18.719621079511434], [-70.45947515589178, 18.719628356877404], [-70.45947483118712, 18.719628920627134], [-70.45947440768472, 18.719629677047315], [-70.45947409710766, 18.71963024797801], [-70.45947379421558, 18.719630821328124], [-70.45947349794096, 18.71963139911835], [-70.45947311257105, 18.7196321738278], [-70.45947283076546, 18.719632758152642], [-70.45946926366774, 18.71964039194143], [-70.4594689964899, 18.719640982471816], [-70.45946865012014, 18.719641773726224], [-70.45946839772049, 18.719642370129673], [-70.4594681532118, 18.719642968247868], [-70.45946791573242, 18.719643570188616], [-70.45946760914248, 18.719644376207], [-70.45946738671698, 18.719644983346363], [-70.45946459486134, 18.719652904856403], [-70.45946438761479, 18.719653516853015], [-70.45946412149503, 18.71965433582032], [-70.4594639295442, 18.719654952329382], [-70.45946374561949, 18.719655569832586], [-70.45946356907251, 18.719656190506804], [-70.45946334402188, 18.719657020579927], [-70.4594631829781, 18.719657645070033], [-70.45946119149055, 18.719665783010353], [-70.45946104604054, 18.71966641096503], [-70.4594608625657, 18.71966725027512], [-70.45946073279133, 18.71966788134101], [-70.45946061110583, 18.719668512672005], [-70.45946049708019, 18.719669146493715], [-70.45946035559417, 18.719669993151435], [-70.45946025738147, 18.71967062937216], [-70.459459084185, 18.71967891050362], [-70.45945900184047, 18.719679548765253], [-70.45945890266184, 18.71968040086451], [-70.45945883623182, 18.7196810408081], [-70.45945877788066, 18.719681680285046], [-70.45945872740259, 18.719682321550103], [-70.45945867075459, 18.71968317717258], [-70.45945863625687, 18.71968381939794], [-70.45945827202964, 18.71969265125783], [-70.45945826077951, 18.71969297262635], [-70.45945824844738, 18.71969340118263], [-70.45945824119904, 18.719693722655244], [-70.45945823595441, 18.71969404401697], [-70.45945823270887, 18.719694365548815], [-70.45945823105033, 18.71969479426363], [-70.45945823180804, 18.719695115809852], [-70.45945837102607, 18.719711338474678], [-70.45945813507302, 18.71971673362927], [-70.45945733699331, 18.71972207965426], [-70.45945598470496, 18.719727323509662], [-70.4594540916245, 18.719732413169144], [-70.45945167653386, 18.719737298136177], [-70.4594487633941, 18.719741929945133], [-70.45944538110751, 18.71974626264196], [-70.45944156323111, 18.719750253240285], [-70.4594373476435, 18.71975386214782], [-70.45943277616918, 18.719757053559146], [-70.4594274836638, 18.719760375504425], [-70.4594269245013, 18.719760735608563], [-70.45942618506602, 18.719761224084593], [-70.45942563502655, 18.719761596726908], [-70.45942509066306, 18.719761974866813], [-70.45942455005641, 18.71976235983745], [-70.45942383577055, 18.719762881182962], [-70.45942330490102, 18.7197632782652], [-70.45941647131052, 18.7197685157063], [-70.45941595047708, 18.719768924676472], [-70.45941526294858, 18.71976947771787], [-70.45941475244409, 18.719769898346065], [-70.45941424813651, 18.719770323934892], [-70.45941374824864, 18.719770755984122], [-70.45941308902536, 18.719771339476313], [-70.45941260003502, 18.71977178270374], [-70.45940631806533, 18.719777613578977], [-70.45940584024815, 18.719778067734723], [-70.45940521081423, 18.71977868036409], [-70.45940474443891, 18.719779145192827], [-70.45940428472609, 18.719779614400196], [-70.45940383005545, 18.719780089640004], [-70.45940323182764, 18.7197807300276], [-70.45940278911738, 18.71978121541116], [-70.45939711530418, 18.71978758724465], [-70.45939668480348, 18.71978808249873], [-70.45939611912873, 18.719788749202678], [-70.45939570107994, 18.71978925404854], [-70.45939529009905, 18.719789762651864], [-70.45939488473753, 18.719790276805295], [-70.45939435288932, 18.719790968324705], [-70.45939396044307, 18.71979149149649], [-70.45938894584908, 18.71979834694363], [-70.45938856653925, 18.71979887883893], [-70.45938806971462, 18.719799593617285], [-70.45938770375456, 18.71980013393698], [-70.45938734520448, 18.719800677358755], [-70.45938699280023, 18.719801225798594], [-70.45938653211782, 18.719801962226637], [-70.45938619346774, 18.719802518477948], [-70.4593818832226, 18.719809795842234], [-70.45938155851735, 18.719810359591808], [-70.4593811350141, 18.71981111601186], [-70.45938082443641, 18.719811686942474], [-70.45938052154374, 18.719812260292425], [-70.45938022526843, 18.719812838082735], [-70.45937983989789, 18.719813612791718], [-70.45937955809164, 18.719814197116616], [-70.45937599098642, 18.719821830904], [-70.45937572380804, 18.719822421434213], [-70.45937537743748, 18.71982321268858], [-70.4593751250373, 18.71982380909185], [-70.45937488052803, 18.719824407210034], [-70.45937464304814, 18.719825009150604], [-70.45937433645749, 18.719825815168843], [-70.45937411403139, 18.719826422308284], [-70.45937132216896, 18.719834343817322], [-70.45937111492198, 18.71983495581355], [-70.45937084880143, 18.71983577478114], [-70.45937065685025, 18.719836391289647], [-70.45937047292497, 18.719837008793068], [-70.4593702963775, 18.719837629467204], [-70.45937007132625, 18.719838459540203], [-70.45936991028195, 18.71983908403043], [-70.4593679187884, 18.719847221969943], [-70.45936777333795, 18.719847849924577], [-70.45936758986251, 18.719848689234585], [-70.45936746008772, 18.719849320300444], [-70.45936733840173, 18.71984995163158], [-70.45936722437571, 18.719850585453056], [-70.45936708288917, 18.71985143211064], [-70.45936698467602, 18.719852068331516], [-70.4593658114744, 18.719860349462515], [-70.45936572912946, 18.71986098772428], [-70.45936562995033, 18.71986183982335], [-70.45936556351995, 18.719862479766864], [-70.4593655051684, 18.719863119243964], [-70.45936545469, 18.719863760508805], [-70.45936539804151, 18.71986461613145], [-70.45936536354347, 18.719865258356773], [-70.45936499931167, 18.719874090216802], [-70.45936498806142, 18.71987441158502], [-70.45936497572904, 18.719874840141557], [-70.45936496848057, 18.719875161614453], [-70.45936496323579, 18.71987548297571], [-70.45936495999008, 18.71987580450799], [-70.45936495833135, 18.719876233222447], [-70.45936495908892, 18.7198765547686], [-70.45936586717067, 18.719982376216805], [-70.4593656308899, 18.719987774746706], [-70.45936483177975, 18.719993124051648], [-70.4593634777784, 18.71999837099253], [-70.45936158233623, 18.720003463447096], [-70.45935916428219, 18.72000835082775], [-70.45935624763682, 18.72001298458405], [-70.45935286137352, 18.72001731868501], [-70.45934903913086, 18.720021310076376], [-70.45934481887836, 18.720024919108305], [-70.4593402425393, 18.72002810992925], [-70.45933904997088, 18.72002885744812], [-70.45933162072433, 18.720033671503852], [-70.45933104826493, 18.720034052322543], [-70.45933029167522, 18.720034568904097], [-70.45932972919681, 18.72003496299409], [-70.45932917292726, 18.720035362847053], [-70.4593286207687, 18.72003576997094], [-70.45932789169277, 18.72003632130297], [-70.45932735018637, 18.720036741215743], [-70.45932038466658, 18.720042279414955], [-70.45931985413868, 18.72004271186349], [-70.45931915433293, 18.72004329661773], [-70.45931863510295, 18.72004374134172], [-70.45931812264502, 18.720044191220836], [-70.45931761502604, 18.72004464795212], [-70.45931694617637, 18.72004526471993], [-70.45931645047395, 18.720045733183575], [-70.45931008820988, 18.720051895245632], [-70.4593096047226, 18.72005237515941], [-70.45930896844031, 18.720053022454877], [-70.45930849745949, 18.720053513529702], [-70.45930803374834, 18.720054009102444], [-70.45930757555745, 18.720054511042726], [-70.45930697337542, 18.72005518730647], [-70.45930652825089, 18.720055699809414], [-70.45930083051472, 18.72006242639032], [-70.45930039872422, 18.720062949147664], [-70.45929983209331, 18.720063652750316], [-70.45929941389716, 18.72006418544697], [-70.45929900339851, 18.720064721940755], [-70.45929859904862, 18.72006526425583], [-70.45929806933361, 18.720065993502743], [-70.45929767907359, 18.720066545109503], [-70.4592927007377, 18.720073771428666], [-70.45929232480252, 18.72007433199495], [-70.45929183327965, 18.72007508512909], [-70.4592914718959, 18.7200756543171], [-70.459291118563, 18.72007622656538], [-70.45929077194823, 18.720076804032452], [-70.45929031980174, 18.72007757923936], [-70.45928998816474, 18.720078164637627], [-70.45928577717324, 18.720085821101797], [-70.45928546071386, 18.720086414078438], [-70.45928504903284, 18.720087209490778], [-70.45928468050953, 18.72008794410861], [-70.45928178981755, 18.720092997953046], [-70.4592783530794, 18.720097731301028], [-70.45927440903398, 18.720102090798182], [-70.4592700021386, 18.720106027304194], [-70.45926518206781, 18.720109496446696], [-70.45926000315355, 18.720112459121456], [-70.45925271029478, 18.72011614410003], [-70.4592521178339, 18.720116452096768], [-70.45925133314408, 18.720116871610887], [-70.45925074851844, 18.720117192912998], [-70.45925016899619, 18.720117520200642], [-70.459249592535, 18.72011785462721], [-70.45924882961245, 18.720118309133728], [-70.45924826164003, 18.720118656496584], [-70.45924093790848, 18.720123253362154], [-70.45924037874433, 18.720123613465862], [-70.45923963930677, 18.720124101941405], [-70.45923908926594, 18.720124474583134], [-70.45923854490077, 18.720124852722673], [-70.45923800429264, 18.720125237692802], [-70.45923729000464, 18.720125759037796], [-70.45923675913373, 18.720126156119488], [-70.45922992552315, 18.720131393555004], [-70.45922940468816, 18.72013180252479], [-70.45922871715761, 18.720132355565593], [-70.4592282066517, 18.72013277619332], [-70.45922770234264, 18.7201332017817], [-70.45922720245312, 18.72013363383062], [-70.45922654322784, 18.720134217322293], [-70.4592260542361, 18.720134660549228], [-70.45921977224704, 18.720140491419357], [-70.45921929442834, 18.720140945574766], [-70.45921866499242, 18.720141558203625], [-70.45921819861562, 18.720142023032], [-70.45921773890134, 18.720142492239027], [-70.45921728422925, 18.72014296747845], [-70.4592166859996, 18.720143607865488], [-70.45921624328788, 18.720144093248724], [-70.4592105694562, 18.720150465077577], [-70.4592101389541, 18.720150960331303], [-70.45920957327746, 18.720151627034816], [-70.45920915522721, 18.72015213188041], [-70.45920874424506, 18.720152640483285], [-70.45920833888208, 18.720153154636467], [-70.45920780703197, 18.720153846155533], [-70.45920741458454, 18.720154369326764], [-70.45920239997291, 18.72016122477009], [-70.45920202066176, 18.720161756665046], [-70.45920152383532, 18.72016247144309], [-70.45920115787405, 18.72016301176233], [-70.45920079932263, 18.720163555183888], [-70.45920044691708, 18.720164103623453], [-70.45919998623296, 18.720164840051133], [-70.4591996475816, 18.720165396302182], [-70.45919533732014, 18.72017267366307], [-70.45919501261365, 18.72017323741238], [-70.45919458910875, 18.7201739938321], [-70.45919427852982, 18.720174564762488], [-70.45919397563593, 18.72017513811224], [-70.45919367935947, 18.720175715902204], [-70.4591932939873, 18.720176490611024], [-70.45919301217998, 18.720177074935513], [-70.45918944505962, 18.720184708720353], [-70.45918917788015, 18.72018529925024], [-70.4591888315081, 18.72018609050433], [-70.45918857910672, 18.720186686907606], [-70.45918833459646, 18.7201872850253], [-70.45918809711532, 18.720187886966123], [-70.45918779052336, 18.720188692983776], [-70.45918756809618, 18.72018930012314], [-70.45918477622016, 18.72019722163009], [-70.45918456897215, 18.7201978336262], [-70.45918430285026, 18.720198652593524], [-70.45918411089806, 18.720199269101926], [-70.45918392697179, 18.72019988660523], [-70.45918375042338, 18.720200507279163], [-70.45918352537082, 18.720201337352076], [-70.45918336432558, 18.72020196184214], [-70.45918137282004, 18.72021009978026], [-70.45918122736863, 18.72021072773491], [-70.45918104389202, 18.72021156704474], [-70.45918091411636, 18.720212198110463], [-70.4591807924295, 18.720212829441554], [-70.45918067840265, 18.720213463262873], [-70.45918053691497, 18.72021430992065], [-70.45918043870105, 18.720214946141116], [-70.45917926548907, 18.720223227271504], [-70.45917918314335, 18.720223865533278], [-70.45917908396318, 18.720224717632426], [-70.45917901753207, 18.720225357575814], [-70.45917895917978, 18.720225997052875], [-70.45917890870066, 18.72022663831776], [-70.45917885205127, 18.720227493940165], [-70.45917881755254, 18.720228136165723], [-70.45917845331168, 18.72023696802547], [-70.45917844206107, 18.72023728939423], [-70.4591784297283, 18.720237717950102], [-70.45917842247948, 18.72023803942323], [-70.45917841723438, 18.720238360784297], [-70.45917841398838, 18.720238682316836], [-70.45917841232924, 18.72023911103137], [-70.4591784130865, 18.720239432577706], [-70.45918009631106, 18.720435604133588], [-70.4591798600248, 18.720441002663435], [-70.45917906090769, 18.720446351967876], [-70.45917770689796, 18.7204515989078], [-70.45917581144604, 18.72045669136097], [-70.45917339338104, 18.72046157873979], [-70.45917047672353, 18.72046621249385], [-70.4591670904471, 18.720470546592185], [-70.45916326819041, 18.720474537980568], [-70.45915904792312, 18.720478147009178], [-70.45915447156868, 18.720481337826502], [-70.45915327899634, 18.720482085344422], [-70.4591458497251, 18.720486899394288], [-70.45914527726367, 18.720487280212602], [-70.45914452067154, 18.720487796793478], [-70.45914395819123, 18.72048819088304], [-70.45914340191995, 18.72048859073546], [-70.45914284975927, 18.720488997859082], [-70.45914212068092, 18.720489549190482], [-70.45914157917268, 18.7204899691028], [-70.45913461362893, 18.720495507296476], [-70.45913408309897, 18.720495939744758], [-70.45913338329089, 18.72049652449837], [-70.45913286405924, 18.72049696922183], [-70.45913235159945, 18.7204974191006], [-70.45913184397857, 18.720497875831562], [-70.4591311751266, 18.72049849259876], [-70.45913067942229, 18.720498961062116], [-70.45912431713532, 18.720505123119157], [-70.45912383364629, 18.72050560303259], [-70.45912319736182, 18.720506250327393], [-70.45912272637901, 18.720506741402108], [-70.45912226266617, 18.720507236974463], [-70.45912180447375, 18.720507738914208], [-70.45912120228938, 18.720508415177594], [-70.45912075716325, 18.720508927680115], [-70.45911505940533, 18.720515654256715], [-70.4591146276133, 18.72051617701357], [-70.45911406098014, 18.720516880615886], [-70.45911364278236, 18.720517413312223], [-70.4591132322821, 18.720517949805714], [-70.45911282793062, 18.720518492120462], [-70.45911229821354, 18.720519221366935], [-70.45911190795198, 18.72051977297336], [-70.45910692959602, 18.72052699928863], [-70.45910655365928, 18.72052755985466], [-70.45910649096697, 18.720527655914317], [-70.45910322820554, 18.72053213590612], [-70.45909950960773, 18.720536280923426], [-70.45909537279712, 18.720540049028262], [-70.45909085962865, 18.720543402096112], [-70.45908601576511, 18.72054630620167], [-70.45908089021522, 18.72054873196211], [-70.45907553483767, 18.720550654834323], [-70.45907000381649, 18.720552055363285], [-70.45906435311288, 18.720552919378875], [-70.45905863989888, 18.720553238139246], [-70.45893431408687, 18.720554206507643], [-70.45892858524914, 18.720553975818326], [-70.45892290987258, 18.720553196890624], [-70.45891734559885, 18.720551877635653], [-70.45891194894124, 18.720550031452362], [-70.45890677471056, 18.72054767709142], [-70.45890187545864, 18.72054483846476], [-70.45889730094444, 18.720541544402728], [-70.45889309762875, 18.7205378283613], [-70.45888930820232, 18.72053372808225], [-70.45888597115218, 18.720529285209825], [-70.45828784601537, 18.719641615824106], [-70.45782003694029, 18.718947338377415], [-70.45781736934046, 18.718942938595053], [-70.45781514578358, 18.718938320164092], [-70.45781338580368, 18.718933523657732], [-70.45781210486224, 18.718928591213555], [-70.4578113142124, 18.718923566163365], [-70.4578110208, 18.718918492652513], [-70.4578108171843, 18.71889473800625], [-70.4578108124267, 18.71889441649056], [-70.45781080341501, 18.71889398785897], [-70.45781079465497, 18.718893666419905], [-70.45781078389903, 18.718893345183034], [-70.45781077113774, 18.718893023865423], [-70.45781075145665, 18.718892595558337], [-70.45781073469594, 18.71889227440761], [-70.45781021903368, 18.718883449392642], [-70.4578101735252, 18.718882807789726], [-70.45781010220924, 18.718881953162896], [-70.45781004073908, 18.718881312769124], [-70.45780997142754, 18.71888067428564], [-70.4578098940303, 18.718880035461652], [-70.45780978024999, 18.718879185019926], [-70.45780968696928, 18.718878548125463], [-70.45780837189538, 18.71887028636285], [-70.45780826278366, 18.71886965175604], [-70.45780810679517, 18.718868807413962], [-70.45780798191387, 18.718868175452204], [-70.4578078494164, 18.718867546099688], [-70.45780770883584, 18.71886691713872], [-70.45780751099028, 18.71886608079697], [-70.45780735478958, 18.7188654551908], [-70.45780584190003, 18.718859699946698], [-70.4578047834205, 18.718854676988407], [-70.45780422729712, 18.71884958125477], [-70.45780417849649, 18.718844458255273], [-70.45780463745442, 18.71883935374287], [-70.45780560007194, 18.718834313305436], [-70.45780705775199, 18.718829381958567], [-70.45780899747614, 18.71882460374361], [-70.45781140192086, 18.71882002133427], [-70.45781424961233, 18.71881567565556], [-70.45781751511804, 18.718811605518244], [-70.45782116927411, 18.718807847272277], [-70.45791194211593, 18.7187229166911], [-70.45791204411789, 18.71872282149331], [-70.45818523554591, 18.71846849226329], [-70.45843425546637, 18.71823625968659], [-70.45843459725828, 18.718235939408988], [-70.45867401897893, 18.71800978069674], [-70.458674124854, 18.718009680947905], [-70.45893235483535, 18.717767028330382], [-70.45900147635783, 18.717702076378657], [-70.45900153529011, 18.717702021081717], [-70.45907149852334, 18.717636469009268], [-70.4592476580328, 18.7174714162143], [-70.4596015173975, 18.717137156036582], [-70.46013108269456, 18.71663633320693], [-70.46013141264561, 18.71663602369217], [-70.46026861082791, 18.716508366391793], [-70.46027279959426, 18.716504835025766], [-70.46027733200665, 18.716501712600987], [-70.46028216426585, 18.71649902929121], [-70.46028724967495, 18.71649681102678], [-70.46029253909076, 18.716495079244034], [-70.46029798139865, 18.71649385067817], [-70.46030352400652, 18.71649313720151], [-70.46030911335303, 18.716492945708787], [-70.46031469542513, 18.7164932780505], [-70.46032021628012, 18.716494131015015], [-70.46032562256687, 18.71649549635968], [-70.46033086204136, 18.716497360890383], [-70.46033588407157, 18.7164997065891], [-70.46070293590502, 18.716693023933114]]}}, {"type": "Feature", "properties": {"kind": "road", "class": "entry", "length_m": 58, "row_m": 8.0, "carriageway_m": 6.0, "grade_max_pct": 2.5, "grade_mean_pct": 1.8}, "geometry": {"type": "LineString", "coordinates": [[-70.4608143458225, 18.71615808844986], [-70.46055058031504, 18.716612782065766]]}}, {"type": "Feature", "properties": {"kind": "road", "class": "club-access", "length_m": 44, "row_m": 7.0, "carriageway_m": 5.0, "grade_max_pct": 13.6, "grade_mean_pct": 8.9}, "geometry": {"type": "LineString", "coordinates": [[-70.45915403303209, 18.72048161270624], [-70.45933874139936, 18.72038746009222], [-70.45917487422706, 18.72051179889802]]}}, {"type": "Feature", "properties": {"kind": "path", "label": "Inner walking loop (2.5 m), level, no cars", "length_m": 831}, "geometry": {"type": "LineString", "coordinates": [[-70.4603370451208, 18.717014410074317], [-70.46034181216788, 18.717010325047333], [-70.46034669504303, 18.71700690381278], [-70.4603519070414, 18.717003956209126], [-70.46035739773743, 18.71700151075413], [-70.46036311400934, 18.716999591107246], [-70.4603690005528, 18.716998215840846], [-70.46037500041628, 18.71699739826046], [-70.46038105555174, 18.716997146276075], [-70.46038710737648, 18.716997462325605], [-70.46039309733983, 18.71699834335131], [-70.46039896748957, 18.71699978082937], [-70.46040466103274, 18.71700176085234], [-70.46041012288494, 18.717004264263736], [-70.46041530020342, 18.71700726684334], [-70.46042014289817, 18.71701073954155], [-70.46042486203466, 18.717014874765404], [-70.46044912462722, 18.717038336017485], [-70.46044963122593, 18.717038802213235], [-70.46045239431758, 18.71704122186418], [-70.46045292451414, 18.717041663594376], [-70.46048395988959, 18.717066255660693], [-70.46048451238418, 18.717066671842215], [-70.46048751302948, 18.717068819308608], [-70.46048808646741, 18.717069208921178], [-70.46052229994942, 18.71709125796788], [-70.46052259408476, 18.717091442509638], [-70.46052388138595, 18.717092228573634], [-70.46052429237251, 18.717092470255057], [-70.46052485143552, 18.717092786652664], [-70.46052504265081, 18.717092892960217], [-70.46054326952564, 18.717102845969038], [-70.46054342284408, 18.717102928493393], [-70.46054424333886, 18.717103363766963], [-70.46054439771777, 18.717103444476468], [-70.46068235941104, 18.717174515844953], [-70.46068265564615, 18.717174669346935], [-70.46074387201578, 18.717206575802038], [-70.46074934680973, 18.717209772809035], [-70.4607541851847, 18.717213265642204], [-70.46075863940558, 18.717217195134268], [-70.4607626662461, 18.71722152315125], [-70.4607662266275, 18.717226207691613], [-70.46076928599778, 18.717231203293977], [-70.46077181466713, 18.717236461478215], [-70.46077378809578, 18.717241931215916], [-70.46077518713248, 18.717247559425715], [-70.46077599820009, 18.71725329148825], [-70.46077621342754, 18.717259071776382], [-70.46077583072604, 18.7172648441949], [-70.4607748538095, 18.717270552724987], [-70.46077320187355, 18.717276465102703], [-70.46047541423964, 18.718163881620978], [-70.4604753735083, 18.718164005028353], [-70.46047507266124, 18.71816493196685], [-70.46047502348698, 18.71816508674288], [-70.46046983074626, 18.71818178959326], [-70.46046978814991, 18.71818192935899], [-70.46046975345374, 18.718182045528383], [-70.46046964676826, 18.718182423366503], [-70.46046919593977, 18.71818411711064], [-70.46046911314852, 18.718184445246216], [-70.46046118565272, 18.718217680579063], [-70.46046106287729, 18.718218251921318], [-70.46046047743972, 18.718221309673392], [-70.46046038057435, 18.71822188551946], [-70.46045546323597, 18.718255768342672], [-70.46045542457746, 18.718256057621698], [-70.4604552698587, 18.718257323955527], [-70.46045522777895, 18.718257718559016], [-70.46045517591647, 18.718258287577495], [-70.46045516052368, 18.718258470881313], [-70.4604538406784, 18.71827565359295], [-70.46045383041775, 18.718275797721077], [-70.46045377999656, 18.71827656663833], [-70.46045377134872, 18.71827671086263], [-70.4604480370844, 18.71838221498863], [-70.46044473309504, 18.718443004722204], [-70.46044413163493, 18.718448797121404], [-70.46044302753658, 18.718454198236934], [-70.46044139763134, 18.718459477148272], [-70.4604392562347, 18.71846458749036], [-70.46043662215473, 18.718469484378613], [-70.4604335185266, 18.71847412480344], [-70.46042997260976, 18.71847846800752], [-70.46042578682146, 18.718482707505856], [-70.46042457307848, 18.71848382676019], [-70.46042444839587, 18.718483943156563], [-70.46042378746935, 18.718484567778045], [-70.46042366429513, 18.718484685623594], [-70.46041746534867, 18.718490689629903], [-70.46041734370148, 18.71849080890681], [-70.4604166990615, 18.71849144879529], [-70.46041657895967, 18.718491569485558], [-70.46040226169022, 18.718506134863336], [-70.46040214315175, 18.718506256948842], [-70.4604015151868, 18.718506911718634], [-70.4604013982296, 18.718507035181002], [-70.46040108940865, 18.718507365227733], [-70.46040097405032, 18.71850749004835], [-70.4604003631389, 18.718508159304964], [-70.46040024939681, 18.718508285465024], [-70.46039011463716, 18.718519667255332], [-70.46038538767984, 18.718524439942165], [-70.46038044446045, 18.718528477254118], [-70.46037508174511, 18.71853199503945], [-70.46036935940789, 18.718534954022466], [-70.46036299330082, 18.71853745806323], [-70.46034760732255, 18.718542621588053], [-70.46034743718921, 18.71854267984531], [-70.46034653195682, 18.718542996019696], [-70.46034636261432, 18.718543056332614], [-70.46033780805196, 18.718546162299155], [-70.46033763952764, 18.71854622465798], [-70.46033674302191, 18.718546562653632], [-70.46033657534304, 18.71854662704829], [-70.46031650795355, 18.718554475256628], [-70.46031634114715, 18.718554541676713], [-70.46031545394726, 18.718554901275198], [-70.46031528804029, 18.71855496970999], [-70.46031484828208, 18.718555154276075], [-70.46031468330136, 18.718555224714525], [-70.4603138059808, 18.718555605683523], [-70.460313641953, 18.71855567811424], [-70.4602940190684, 18.71856448787487], [-70.46029385601996, 18.71856456228615], [-70.46029298914537, 18.718564964379475], [-70.46029282710269, 18.718565040759298], [-70.46028464760352, 18.718568958061937], [-70.46028448659273, 18.718569036397973], [-70.46028363072412, 18.71856945935594], [-70.46028347077124, 18.718569539635542], [-70.46026434309971, 18.718579288181857], [-70.46026418423058, 18.718579370392032], [-70.46026333992116, 18.718579813941197], [-70.46026318216147, 18.718579898068686], [-70.46026276433648, 18.718580124213922], [-70.46026260771171, 18.718580210245122], [-70.46026177550718, 18.718580674098938], [-70.46026162004262, 18.71858076201996], [-70.46024303701618, 18.718591424159758], [-70.46024288273692, 18.718591513956394], [-70.46024206317463, 18.718591997815214], [-70.46024191010567, 18.718592089472928], [-70.4602341901647, 18.718596777645672], [-70.46023403833067, 18.718596871149714], [-70.46023323194032, 18.718597374700888], [-70.46023308136581, 18.718597470036126], [-70.46021509100343, 18.71860901821707], [-70.46021494171274, 18.7186091153681], [-70.4602141490157, 18.71860963828598], [-70.46021400103297, 18.718609737237102], [-70.46021360945718, 18.71861000262552], [-70.46021346280628, 18.718610103360778], [-70.46021268431457, 18.71861064530773], [-70.46021253901924, 18.718610747810835], [-70.46019518781334, 18.718623152190496], [-70.46019504389702, 18.718623256444868], [-70.46019428011356, 18.718623817070636], [-70.46019413759949, 18.71862392305947], [-70.46018695696387, 18.718629333673608], [-70.46018681587509, 18.718629441379743], [-70.46018606729342, 18.71863002032218], [-70.46018592765272, 18.718630129728254], [-70.4601692604415, 18.718643358250592], [-70.46016912227142, 18.718643469338893], [-70.4601683893752, 18.718644066223852], [-70.46016825269805, 18.718644178976483], [-70.4601678914167, 18.718644480866462], [-70.46016775625463, 18.718644595265147], [-70.4601670395176, 18.718645209706946], [-70.4601669058924, 18.718645325733263], [-70.4601509657472, 18.718659344214807], [-70.46015083368044, 18.718659461849974], [-70.46015013356553, 18.71866009345158], [-70.46015000307857, 18.71866021267662], [-70.46014343592533, 18.71866628984007], [-70.46014330703926, 18.718666410635684], [-70.46014262399886, 18.718667058989112], [-70.46014249673443, 18.718667181335864], [-70.46012948744459, 18.718679847921727], [-70.460124981782, 18.718683839371245], [-70.46012036795057, 18.718687213270766], [-70.46011544083895, 18.718690157677962], [-70.46011024433862, 18.718692646363582], [-70.46010482474082, 18.718694657158], [-70.46009923032426, 18.71869617214873], [-70.46009318032222, 18.71869723597269], [-70.4600826276437, 18.71869860457213], [-70.4600824486678, 18.718698628888685], [-70.46008149507168, 18.718698764346183], [-70.4600813164346, 18.718698790828224], [-70.46007227980017, 18.718700186563794], [-70.46007210153077, 18.71870021520704], [-70.46007115185628, 18.71870037371546], [-70.46007097398333, 18.718700404515285], [-70.4600496565788, 18.718704229259263], [-70.46004947913106, 18.71870426221067], [-70.46004853399158, 18.718704443667576], [-70.46004835699772, 18.718704478765257], [-70.4600478871801, 18.71870457490163], [-70.4600477106687, 18.718704612139923], [-70.46004677067522, 18.718704816428115], [-70.46004659467476, 18.718704855801004], [-70.46002550880402, 18.718709707822036], [-70.46002533334297, 18.71870974932314], [-70.46002439910254, 18.71870997631059], [-70.46002422420928, 18.718710019933216], [-70.46001538293707, 18.718712282462107], [-70.4600152086398, 18.718712328199206], [-70.46001428075611, 18.718712577739293], [-70.46001410708298, 18.718712625583496], [-70.4599933072338, 18.71871849234248], [-70.4599931342129, 18.71871854228602], [-70.45999221328579, 18.71871881421738], [-70.45999204094504, 18.718718866252217], [-70.45999158379557, 18.71871900733167], [-70.45999141216282, 18.718719061449416], [-70.45999049878701, 18.718719355596537], [-70.45999032789003, 18.71871941178841], [-70.45996986781395, 18.718726278125445], [-70.45996969768032, 18.718726336382375], [-70.4599687924463, 18.718726652554974], [-70.45996862310344, 18.71872671286757], [-70.4599600685238, 18.71872981881794], [-70.45995989999916, 18.71872988117644], [-70.45995900349159, 18.718730219170396], [-70.45995883581232, 18.71873028356475], [-70.45993876838043, 18.718738131735517], [-70.45993860157364, 18.71873819815529], [-70.45993771437179, 18.718738557752143], [-70.45993754846447, 18.718738626186624], [-70.45993710870539, 18.71873881075186], [-70.45993694372437, 18.718738881189964], [-70.459936066402, 18.71873926215727], [-70.45993590237381, 18.718739334587692], [-70.45991627944696, 18.71874814431103], [-70.45991611639816, 18.718748218722], [-70.45991524952171, 18.718748620813667], [-70.45991508747865, 18.718748697193192], [-70.45990690796094, 18.71875261448049], [-70.45990674694977, 18.71875269281623], [-70.45990589107937, 18.71875311577252], [-70.45990573112614, 18.718753196051804], [-70.45988660341092, 18.718762944561828], [-70.45988644454143, 18.718763026771704], [-70.45988560022995, 18.71876347031933], [-70.45988544246987, 18.718763554446518], [-70.45988502464398, 18.718763780590926], [-70.45988486801885, 18.71876386662182], [-70.45988403581217, 18.718764330474155], [-70.45988388034722, 18.71876441839489], [-70.45986529727422, 18.71877508050045], [-70.45986514299457, 18.7187751702968], [-70.45986432343027, 18.718775654154072], [-70.4598641703609, 18.718775745811513], [-70.45985645040022, 18.71878043396997], [-70.4598562985658, 18.718780527473736], [-70.45985549217363, 18.71878103102327], [-70.45985534159875, 18.71878112635821], [-70.45983735119026, 18.71879267450521], [-70.45983720189918, 18.71879277165595], [-70.4598364092, 18.718793294572404], [-70.45983626121685, 18.718793393523256], [-70.45983586964022, 18.71879365891081], [-70.45983572298894, 18.718793759645784], [-70.4598349444948, 18.718794301591522], [-70.45983479919904, 18.718794404094364], [-70.45982693252688, 18.718800027949772], [-70.45982214496458, 18.718803143441626], [-70.45981736221299, 18.718805693890626], [-70.45981236054345, 18.718807829332576], [-70.45980688010468, 18.718809631324596], [-70.45980443718089, 18.718810320367112], [-70.45980426415983, 18.71881037031049], [-70.45980334323185, 18.718810642240964], [-70.45980317089094, 18.71881069427564], [-70.45980271374088, 18.71881083535472], [-70.459802542108, 18.718810889472287], [-70.45980162873153, 18.718811183618467], [-70.45980145783436, 18.71881123981018], [-70.4597809977377, 18.718818106128], [-70.45978082760385, 18.71881816438477], [-70.45977992236905, 18.71881848055648], [-70.45977975302604, 18.718818540868917], [-70.4597711984377, 18.718821646811207], [-70.45977102991287, 18.718821709169553], [-70.45977013340452, 18.718822047162625], [-70.45976996572512, 18.7188221115568], [-70.45974989827269, 18.718829959708472], [-70.45974973146573, 18.71883002612809], [-70.45974884426306, 18.718830385724065], [-70.45974867835561, 18.71883045415837], [-70.45974823859608, 18.718830638723176], [-70.4597480736148, 18.71883070916117], [-70.45974719629132, 18.718831090127722], [-70.45974703226297, 18.718831162557972], [-70.4597274093143, 18.718839972262966], [-70.45972724626532, 18.718840046673783], [-70.45972637938789, 18.71884044876464], [-70.45972621734465, 18.718840525144014], [-70.45971803781774, 18.718844442423602], [-70.4597178768064, 18.71884452075919], [-70.45971702093495, 18.71884494371471], [-70.45971686098154, 18.718845023993843], [-70.45969773324416, 18.7188547724859], [-70.45969757437446, 18.71885485469563], [-70.45969673006205, 18.718855298242435], [-70.45969657230182, 18.71885538236946], [-70.4596961544754, 18.718855608513483], [-70.45969599785005, 18.718855694544256], [-70.45969516564236, 18.718856158395813], [-70.45969501017723, 18.718856246316392], [-70.45967642708136, 18.71886690840461], [-70.45967627280153, 18.718866998200813], [-70.4596754532362, 18.718867482057323], [-70.45967530016664, 18.718867573714622], [-70.4596675801963, 18.718872261865837], [-70.45966742836167, 18.71887235536946], [-70.45966662196828, 18.718872858918342], [-70.4596664713932, 18.718872954253154], [-70.45964848096122, 18.71888450238348], [-70.45964833166994, 18.71888459953409], [-70.45964753896948, 18.718885122449944], [-70.45964739098612, 18.71888522140069], [-70.459646999409, 18.718885486787837], [-70.45964685275757, 18.718885587522657], [-70.4596460742625, 18.718886129467574], [-70.45964592896654, 18.718886231970284], [-70.45962857768848, 18.718898636302], [-70.45962843377156, 18.718898740555968], [-70.45962766998473, 18.718899301179757], [-70.45962752747003, 18.718899407168195], [-70.459620346804, 18.718904817762315], [-70.45962020571459, 18.71890492546807], [-70.45961945712942, 18.718905504408646], [-70.4596193174881, 18.71890561381432], [-70.45960265020311, 18.71891884229115], [-70.45960251203242, 18.71891895337907], [-70.45960177913278, 18.718919550262125], [-70.45960164245498, 18.71891966301439], [-70.45960128117214, 18.71891996490328], [-70.45960114600949, 18.71892007930157], [-70.45960042926909, 18.71892069374145], [-70.45960029564324, 18.718920809767415], [-70.4595843554243, 18.71893482820468], [-70.45958422335696, 18.718934945839468], [-70.45958352323859, 18.718935577439268], [-70.45958339275099, 18.71893569666397], [-70.45957682556616, 18.71894177380944], [-70.45957669667943, 18.718941894604725], [-70.45957601363567, 18.718942542956306], [-70.45957588637064, 18.718942665302674], [-70.45956071440901, 18.71895743747399], [-70.45956058878622, 18.718957561351683], [-70.45955992325835, 18.71895822603604], [-70.45955979929812, 18.718958351425055], [-70.45955947204159, 18.71895868669718], [-70.4595593497639, 18.71895881357727], [-70.45955870218205, 18.71895949416501], [-70.45955858160671, 18.718959622515655], [-70.45954421711014, 18.71897511024822], [-70.45954409825657, 18.718975240048696], [-70.45954346903886, 18.71897593610022], [-70.45954335192631, 18.71897606732955], [-70.45953746606283, 18.71898274824886], [-70.4595373507102, 18.718982880885832], [-70.45953674026352, 18.71898359195117], [-70.45953662668943, 18.718983725974418], [-70.45953405028806, 18.71898680610372], [-70.45952912078272, 18.718992058116026], [-70.45952359865136, 18.718996744295726], [-70.45952277161035, 18.718997369714327], [-70.4595226355535, 18.71899747390504], [-70.4595219135499, 18.71899803378913], [-70.45952177884516, 18.718998139562892], [-70.45951499207041, 18.719003535684816], [-70.45951485873805, 18.719003643025676], [-70.45951415137213, 18.719004219624324], [-70.45951401943229, 18.719004328516075], [-70.45949827265487, 18.71901748654337], [-70.45949814212736, 18.719017596969667], [-70.45949744982526, 18.719018189935415], [-70.45949732072974, 18.719018301879633], [-70.45949697944143, 18.719018601493705], [-70.45949685179738, 18.719018714938922], [-70.45949617497637, 18.719019323914555], [-70.45949604880299, 18.719019438843752], [-70.4594809985866, 18.719033317231645], [-70.45948087390292, 18.719033433627473], [-70.45948021297049, 18.71903405824616], [-70.4594800897952, 18.71903417609114], [-70.4594738907945, 18.71904018006953], [-70.45947376914624, 18.719040299345863], [-70.45947312450068, 18.719040939231306], [-70.45947300439774, 18.71904105992106], [-70.45945868699907, 18.719055625234777], [-70.45945856845955, 18.719055747319743], [-70.45945794048899, 18.719056402086586], [-70.4594578235307, 18.71905652554843], [-70.45945751470674, 18.719056855593934], [-70.45945739934734, 18.71905698041402], [-70.4594567884302, 18.719057649667857], [-70.45945667468705, 18.7190577758274], [-70.45944312459882, 18.71907299297863], [-70.45944301248903, 18.719073120458646], [-70.45944241899315, 18.719073803796373], [-70.45944230853362, 18.71907393257764], [-70.45943672794267, 18.719080520903713], [-70.45943247108742, 18.719085070276694], [-70.45942776673765, 18.719089200180203], [-70.45942094442528, 18.71909462454953], [-70.4594208110928, 18.719094731890323], [-70.45942010372634, 18.719095308488516], [-70.45941997178635, 18.71909541738022], [-70.45940422499282, 18.71910857540085], [-70.45940409446519, 18.719108685827074], [-70.45940340216255, 18.71910927879237], [-70.45940327306688, 18.71910939073654], [-70.4594029317781, 18.719109690350553], [-70.45940280413392, 18.719109803795753], [-70.45940212731222, 18.71911041277106], [-70.45940200113874, 18.719110527700185], [-70.45938695090673, 18.719124406081335], [-70.45938682622288, 18.71912452247714], [-70.45938616528979, 18.7191251470955], [-70.45938604211442, 18.719125264940395], [-70.45937984310713, 18.71913126891601], [-70.45937972145872, 18.719131388192302], [-70.4593790768124, 18.719132028077528], [-70.45937895670933, 18.719132148767223], [-70.45936463929458, 18.719146714075123], [-70.4593645207549, 18.719146836160053], [-70.45936389278371, 18.719147490926563], [-70.45936377582531, 18.719147614388337], [-70.45936346700097, 18.719147944433743], [-70.45936335164141, 18.7191480692538], [-70.4593627407236, 18.719148738507347], [-70.45936262698034, 18.71914886466684], [-70.45934907687692, 18.719164081811762], [-70.459348964767, 18.71916420929172], [-70.45934837127045, 18.719164892629166], [-70.45934826081078, 18.719165021410394], [-70.45934268021321, 18.71917160973412], [-70.45933842335317, 18.71917615910525], [-70.4593337189986, 18.719180289006665], [-70.45932689667961, 18.71918571337291], [-70.45932676334702, 18.719185820713633], [-70.45932605597969, 18.719186397311653], [-70.45932592403956, 18.71918650620331], [-70.45931017723046, 18.71919966421678], [-70.45931004670268, 18.719199774642966], [-70.45930935439932, 18.71920036760798], [-70.45930922530354, 18.719200479552075], [-70.45930888401449, 18.71920077916588], [-70.4593087563702, 18.719200892610974], [-70.45930807954775, 18.71920150158604], [-70.4593079533741, 18.719201616515143], [-70.45929290312625, 18.71921549488976], [-70.45929277844228, 18.719215611285495], [-70.45929211750843, 18.71921623590363], [-70.4592919943329, 18.719216353748482], [-70.45928579531898, 18.719222357721396], [-70.45928567367045, 18.71922247699762], [-70.45928502902353, 18.719223116882464], [-70.45928490892032, 18.719223237572116], [-70.45927059149027, 18.719237802873348], [-70.45927047295046, 18.71923792495823], [-70.45926984497856, 18.71923857972448], [-70.45926972802003, 18.719238703186193], [-70.45926941919537, 18.719239033231435], [-70.45926930383571, 18.719239158051423], [-70.45926869291726, 18.719239827304648], [-70.45926857917384, 18.719239953464108], [-70.45925502905422, 18.719255170603844], [-70.45925491694416, 18.71925529808375], [-70.45925432344704, 18.719255981420797], [-70.45925421298725, 18.719256110201975], [-70.45924866144732, 18.71926266421079], [-70.45924855265443, 18.719262794273845], [-70.459247976936, 18.719263491283343], [-70.4592478698264, 18.719263622608665], [-70.45924727480143, 18.719264361471637], [-70.45924271522019, 18.719269433440214], [-70.45923761043129, 18.719274009591402], [-70.4592259518284, 18.71928338766451], [-70.45922582354338, 18.719283492103795], [-70.45922514287213, 18.71928405294045], [-70.45922501589635, 18.719284158822408], [-70.45922468001174, 18.719284442277957], [-70.45922455436316, 18.719284549587613], [-70.45922388784685, 18.719285125652693], [-70.45922376354305, 18.719285234375025], [-70.45920892993843, 18.719298363909637], [-70.45920880699693, 18.71929847402932], [-70.45920815501071, 18.719299064998463], [-70.45920803344885, 18.719299176499984], [-70.45920191264507, 18.71930485778304], [-70.45920179247992, 18.7193049706507], [-70.45920115539091, 18.719305576191257], [-70.45920103663937, 18.719305690409218], [-70.45918687333813, 18.719319475579997], [-70.45918675601692, 18.71931959113213], [-70.4591861341839, 18.719320210903017], [-70.45918601830955, 18.719320327773087], [-70.45918571212633, 18.71932064027997], [-70.45918559771509, 18.719320758451587], [-70.45918499148816, 18.719321392103964], [-70.45918487855623, 18.719321511560405], [-70.45917141744287, 18.71933592133553], [-70.45917130600607, 18.719336042060043], [-70.45917071572613, 18.719336689237455], [-70.45917060580018, 18.719336811213], [-70.45916507754683, 18.719343019576943], [-70.45916496914717, 18.719343142786407], [-70.45916439514679, 18.719343803124328], [-70.45916428828866, 18.719343927550348], [-70.45915155966642, 18.719358929489953], [-70.45915145436489, 18.719359055115035], [-70.45915089696683, 18.719359728242043], [-70.45915079323673, 18.719359855048474], [-70.45915051951036, 18.719360193794294], [-70.45915041736625, 18.71936032176428], [-70.45914987688434, 18.719361007301558], [-70.45914977634062, 18.719361136417064], [-70.4591378088641, 18.719376696750555], [-70.4591377099349, 18.719376826993418], [-70.45913718667336, 18.719377524554975], [-70.45913708937262, 18.719377655906843], [-70.45913220342274, 18.71938433547831], [-70.45913210776416, 18.71938446792071], [-70.45913160201775, 18.71938517711369], [-70.45913150801475, 18.719385310628017], [-70.45912032862502, 18.719401394325228], [-70.45912023629084, 18.719401528892664], [-70.4591197483442, 18.719402249317834], [-70.45911965769187, 18.71940238491941], [-70.45911941888568, 18.71940274685579], [-70.45911932992793, 18.719402883472497], [-70.45911886005553, 18.71940361472473], [-70.45911877280491, 18.71940375233729], [-70.45910840666974, 18.719420323191343], [-70.45910832113847, 18.719420461780427], [-70.45910786960472, 18.71942120344814], [-70.4591077858049, 18.71942134299418], [-70.45910358613072, 18.719428433659534], [-70.45910350407408, 18.71942857414298], [-70.45910307113327, 18.719429325808555], [-70.45910299083143, 18.71942946720956], [-70.45909346128656, 18.719446487916066], [-70.45909338275075, 18.719446630214772], [-70.45909296864659, 18.719447391455027], [-70.45909289188789, 18.719447534631414], [-70.45909269015138, 18.719447916500553], [-70.4590926151806, 18.71944806053446], [-70.45909222014619, 18.71944883092104], [-70.45909214697387, 18.71944897579222], [-70.45908347547272, 18.719466408035345], [-70.45908340410918, 18.719466553723386], [-70.45908302836688, 18.719467332822486], [-70.45908295882212, 18.719467479306868], [-70.45907948321965, 18.719474917252928], [-70.4590794155035, 18.71947506451307], [-70.45907905926492, 18.719475851886028], [-70.4590789933869, 18.7194759999012], [-70.45907119945035, 18.719493804437644], [-70.45907113541969, 18.719493953187033], [-70.4590707988851, 18.719494748391163], [-70.45907073671086, 18.71949489785378], [-70.45907057385936, 18.719495296219403], [-70.45907051355027, 18.719495446374285], [-70.45907019690932, 18.719496248961544], [-70.45907013847389, 18.71949639978751], [-70.4590632396489, 18.719514536535236], [-70.4590631830953, 18.719514688011053], [-70.45906288652613, 18.719515497529848], [-70.45906283186234, 18.719515649634285], [-70.45906011161156, 18.71952336792189], [-70.45906005884531, 18.71952352063346], [-70.45905978251484, 18.719524336628098], [-70.45905973165353, 18.719524489925348], [-70.45905508943306, 18.71953877596856], [-70.45905257810422, 18.719545218643642], [-70.45904951237502, 18.71955102178812], [-70.45904557728295, 18.71955678159699], [-70.4590445359401, 18.719558135567283], [-70.45904443701073, 18.719558265810083], [-70.4590439137484, 18.719558963371277], [-70.45904381644749, 18.719559094723117], [-70.459038930489, 18.719565774292747], [-70.45903883483024, 18.719565906735127], [-70.45903832908301, 18.719566615927793], [-70.45903823507987, 18.719566749442063], [-70.45902705567028, 18.719582833134773], [-70.45902696333597, 18.719582967702138], [-70.45902647538827, 18.719583688127358], [-70.45902638473574, 18.719583823728993], [-70.45902614592919, 18.719584185665145], [-70.45902605697131, 18.71958432228177], [-70.45902558709805, 18.719585053533816], [-70.45902549984726, 18.719585191146344], [-70.45901513369289, 18.719601761996298], [-70.45901504816146, 18.71960190058535], [-70.45901459662684, 18.719602642252887], [-70.45901451282687, 18.719602781798887], [-70.45901031314473, 18.719609872462584], [-70.45901023108793, 18.719610012946006], [-70.45900979814631, 18.719610764611378], [-70.4590097178443, 18.719610906012356], [-70.4590001882806, 18.719627926715766], [-70.45900010974462, 18.71962806901447], [-70.45899969563963, 18.719628830254603], [-70.4589996188808, 18.719628973430936], [-70.45899941714386, 18.719629355300043], [-70.45899934217292, 18.719629499333937], [-70.45899894713777, 18.71963026972024], [-70.45899887396533, 18.71963041459138], [-70.45899020244673, 18.71964784683059], [-70.45899013108303, 18.719647992518553], [-70.45898975533999, 18.719648771617464], [-70.45898968579509, 18.71964891810185], [-70.45898621018533, 18.719656356046467], [-70.45898614246902, 18.7196565033066], [-70.45898578622956, 18.71965729067973], [-70.45898572035138, 18.719657438694856], [-70.45897792639803, 18.719675243228014], [-70.45897786236723, 18.71967539197736], [-70.45897752583187, 18.719676187181417], [-70.45897746365746, 18.719676336644046], [-70.45897730080563, 18.719676735009575], [-70.45897724049641, 18.719676885164425], [-70.45897692385475, 18.71967768775157], [-70.45897686541916, 18.719677838577503], [-70.45896996657798, 18.719695975322782], [-70.45896991002427, 18.719696126798585], [-70.45896961345439, 18.71969693631723], [-70.45896955879047, 18.719697088421636], [-70.4589668385331, 18.719704806708155], [-70.4589667857667, 18.719704959419715], [-70.4589665094355, 18.719705775414447], [-70.45896645857407, 18.719705928711655], [-70.45896403795929, 18.71971337793053], [-70.45896183465447, 18.719719135976106], [-70.4589591988492, 18.719724357209994], [-70.45895603579051, 18.71972930549042], [-70.45895237627998, 18.719733932631357], [-70.45894825595363, 18.719738193574088], [-70.45894371493482, 18.719742046825875], [-70.45893879744365, 18.71974545486401], [-70.45893355136624, 18.719748384501305], [-70.45892802778852, 18.71975080720913], [-70.45892228049864, 18.719752699395336], [-70.45891636546331, 18.719754042633966], [-70.45891034028271, 18.71975482384463], [-70.45890426362965, 18.719755035419972], [-70.45889819467808, 18.719754675299665], [-70.45889219252706, 18.719753746990534], [-70.4588863156251, 18.719752259532388], [-70.45888062120103, 18.719750227409985], [-70.45887516470677, 18.719747670411984], [-70.45886999927723, 18.71974461343824], [-70.45886517521298, 18.719741086257333], [-70.4588607394904, 18.719737123216703], [-70.45885673530418, 18.719732762908123], [-70.45885299735146, 18.719727775191647], [-70.45864692866047, 18.719421950983843], [-70.45833686189323, 18.7189617817282], [-70.45833368847555, 18.718956523865728], [-70.45833121163042, 18.71895129823852], [-70.45832928154582, 18.71894586733072], [-70.45832791662909, 18.718940282937464], [-70.45832712989753, 18.718934598317563], [-70.45832692885418, 18.71892886768581], [-70.45832731541638, 18.718923145695793], [-70.45832828589738, 18.718917486918603], [-70.45832983104158, 18.718911945322546], [-70.4583319361127, 18.71890657375832], [-70.45833458103446, 18.718901423454994], [-70.45833774058198, 18.718896543531464], [-70.45834138462232, 18.718891980527985], [-70.45834571506984, 18.718887535005265], [-70.45848344042315, 18.71875931836979], [-70.458732755956, 18.71852680990501], [-70.45873332528284, 18.71852627798391], [-70.45873335454216, 18.71852625056755], [-70.45873495206547, 18.71852474934293], [-70.45873497827732, 18.718524724647203], [-70.45897403377222, 18.718298911513095], [-70.4589741616972, 18.718298790990048], [-70.4592319828102, 18.718056522122637], [-70.45930087364562, 18.717991786821447], [-70.45937068446283, 18.717926377326172], [-70.45954687336962, 18.717761296679765], [-70.45954689318646, 18.71776127807595], [-70.45954818449263, 18.71776006343912], [-70.45954820588096, 18.71776004327807], [-70.45990193530858, 18.717425904421027], [-70.4603370451208, 18.717014410074317]]}}, {"type": "Feature", "properties": {"kind": "path", "label": "Spoke path to the ranchito", "length_m": 167}, "geometry": {"type": "LineString", "coordinates": [[-70.46058435580872, 18.717839233323772], [-70.45925339669652, 18.71865456993308]]}}, {"type": "Feature", "properties": {"kind": "path", "label": "Spoke path to the ranchito", "length_m": 54}, "geometry": {"type": "LineString", "coordinates": [[-70.45938063713157, 18.719130499873], [-70.45925339669652, 18.71865456993308]]}}, {"type": "Feature", "properties": {"kind": "path", "label": "Spoke path to the ranchito", "length_m": 96}, "geometry": {"type": "LineString", "coordinates": [[-70.45837366614582, 18.718861513726782], [-70.45925339669652, 18.71865456993308]]}}, {"type": "Feature", "properties": {"kind": "path", "label": "Spoke path to the ranchito", "length_m": 135}, "geometry": {"type": "LineString", "coordinates": [[-70.45977746100435, 18.717543485190674], [-70.45925339669652, 18.71865456993308]]}}, {"type": "Feature", "properties": {"kind": "hub", "label": "Ranchito / gazebo, fire pits, social lawn (core hub)"}, "geometry": {"type": "Point", "coordinates": [-70.45925339669652, 18.71865456993308]}}, {"type": "Feature", "properties": {"kind": "gate", "label": "Port\u00f3n y caseta de seguridad"}, "geometry": {"type": "Point", "coordinates": [-70.46060562714088, 18.716517889509532]}}, {"type": "Feature", "properties": {"kind": "entrance", "label": "Entrada desde Carretera Los Quemados"}, "geometry": {"type": "Point", "coordinates": [-70.4608143458225, 18.71615808844986]}}, {"type": "Feature", "properties": {"kind": "green", "label": "Reserva de ladera (pendiente > 15 %)", "area_m2": 14507}, "geometry": {"type": "Polygon", "coordinates": [[[-70.45998628137652, 18.719456340456187], [-70.45998559809567, 18.719456909777062], [-70.45998543349351, 18.719457760301754], [-70.45986506146743, 18.720079739232677], [-70.45986422236786, 18.720083142562952], [-70.45986304209063, 18.72008645272363], [-70.45986153167948, 18.72008963874187], [-70.45985970526712, 18.7200926708064], [-70.45985757994313, 18.720095520546515], [-70.45985517559393, 18.72009816129747], [-70.45958196570228, 18.720370430820346], [-70.45958135082515, 18.72037104357975], [-70.45958133972547, 18.720371891284806], [-70.4595811769317, 18.720384324172098], [-70.45957900989728, 18.7205498252749], [-70.45957895918555, 18.720551296208363], [-70.45957154051278, 18.720684041185947], [-70.45955430121555, 18.720992509855986], [-70.45955391829672, 18.72099605571854], [-70.45955317064332, 18.720999548393205], [-70.45955206552827, 18.72100295390416], [-70.45955061370185, 18.721006239123522], [-70.459548829287, 18.72100937209355], [-70.45936726496602, 18.721293737579924], [-70.45934452536252, 18.721329352203004], [-70.4593424071213, 18.72133232595683], [-70.45933998937504, 18.721335084550603], [-70.45933729603253, 18.721337600704967], [-70.4593343537278, 18.721339849537998], [-70.45933119155693, 18.721341808811314], [-70.45932784079018, 18.721343459149907], [-70.45932433456285, 18.721344784233803], [-70.4593207075475, 18.721345770959424], [-70.45931699561125, 18.721346409569176], [-70.4593132354609, 18.721346693747925], [-70.4593094642801, 18.721346620685463], [-70.45930571936152, 18.7213461911043], [-70.4593020377382, 18.721345409252496], [-70.45886060766956, 18.721229438306832], [-70.4588597637983, 18.72122921660679], [-70.45885894991703, 18.721229523667034], [-70.45871134801916, 18.721285210676534], [-70.45870787032455, 18.721286340366078], [-70.45870429423235, 18.721287144154463], [-70.4587006532976, 18.721287614499598], [-70.45869698168373, 18.72128774698818], [-70.45869331384205, 18.721287540377045], [-70.45868968418851, 18.72128699660484], [-70.45868612678068, 18.721286120773872], [-70.45868267499827, 18.721284921102196], [-70.45867936122988, 18.72128340884651], [-70.4586762165691, 18.72128159819654], [-70.45867327052277, 18.721279506141897], [-70.45867055073407, 18.721277152312634], [-70.45866808272318, 18.7212745587951], [-70.45866588964783, 18.721271749924654], [-70.45866399208593, 18.721268752057355], [-70.4585801742036, 18.721120543335516], [-70.4585427420859, 18.7210543548941], [-70.45854229731047, 18.721053568430264], [-70.45854222244058, 18.72105364213448], [-70.45854118819564, 18.721054009534214], [-70.45853757862508, 18.721055099588927], [-70.45853387297696, 18.721055841308758], [-70.45853010817964, 18.721056227302174], [-70.45852632175098, 18.72105625372255], [-70.45852255142442, 18.72105592030661], [-70.45851883477287, 18.721055230376983], [-70.45851520883441, 18.72105419080912], [-70.45851170974312, 18.72105281196276], [-70.45850837236891, 18.721051107578713], [-70.45850522997021, 18.721049094641913], [-70.45850231386238, 18.72104679321214], [-70.45849965310569, 18.721044226224155], [-70.45849727421572, 18.721041419259095], [-70.45849520089914, 18.721038400289597], [-70.45849345381743, 18.721035199400998], [-70.45849205038098, 18.72103184849154], [-70.45849100457566, 18.721028380954493], [-70.45849032682334, 18.721024831345357], [-70.45849002387807, 18.721021235037522], [-70.4584900987588, 18.72101762786975], [-70.45849055071935, 18.721014045789012], [-70.45849137525563, 18.721010524492293], [-70.45849256415083, 18.721007099070828], [-70.45849410555704, 18.7210038036604], [-70.45849598411347, 18.721000671101198], [-70.4584981810995, 18.720997732610503], [-70.45850004933199, 18.7209956983348], [-70.45850004702402, 18.720995696404348], [-70.45850065208526, 18.7209950396696], [-70.45850128975175, 18.720994411565762], [-70.4585007832974, 18.720993683002092], [-70.4584787444092, 18.72096197878847], [-70.45847737881151, 18.720960014296782], [-70.45847547769854, 18.72095696414535], [-70.45847389958148, 18.720953751100215], [-70.45847265966484, 18.720950406117865], [-70.45847176989476, 18.720946961425938], [-70.45847123884377, 18.72094345021274], [-70.45847107162837, 18.720939906307493], [-70.45847126985959, 18.720936363854367], [-70.45847183162749, 18.720932856983556], [-70.45847275151968, 18.720929419482424], [-70.45847402067328, 18.72092608446999], [-70.45847562686048, 18.72092288407783], [-70.45847755460625, 18.720919849140493], [-70.4584797853375, 18.72091700889844], [-70.45848229756194, 18.720914390716313], [-70.4588556906093, 18.7205616861469], [-70.45885826108832, 18.7205592580823], [-70.45885825148551, 18.720559944691313], [-70.45885826745665, 18.720560380222633], [-70.45885849545388, 18.720562985965234], [-70.45885855539336, 18.72056341800386], [-70.4588590458329, 18.72056599069074], [-70.45885914918297, 18.720566415216318], [-70.458859897501, 18.72056893090721], [-70.45886004329996, 18.72056934396928], [-70.45886104253299, 18.72057177925427], [-70.45886122942406, 18.720572177009068], [-70.45886247027369, 18.720574509226477], [-70.45886269651776, 18.72057488797268], [-70.4588641674372, 18.720577095419934], [-70.45886443092894, 18.720577451633087], [-70.45886611823047, 18.720579513768655], [-70.45886641651798, 18.720579844134004], [-70.45886830450033, 18.720581741768566], [-70.45886863480781, 18.72058204321187], [-70.45887070590227, 18.720583758686885], [-70.45887106515609, 18.72058402840305], [-70.45887330008996, 18.720585545755057], [-70.45887368494704, 18.720585781234224], [-70.458876062923, 18.72058708634342], [-70.45887646980204, 18.720587285394327], [-70.45887896869174, 18.72058836611594], [-70.45887939380647, 18.720588526886303], [-70.45888199035633, 18.720589373163627], [-70.45888242975086, 18.72058949415738], [-70.45888509979852, 18.720590098115327], [-70.45888554938404, 18.720590178206567], [-70.45888826808323, 18.720590534224968], [-70.45888872367604, 18.720590572668396], [-70.45889146572776, 18.7205906774343], [-70.45889169445316, 18.72059068091104], [-70.4590975131544, 18.720589077797467], [-70.459097745747, 18.72058907054378], [-70.45910053293602, 18.72058891830607], [-70.45910099560135, 18.720588871245578], [-70.45910375370848, 18.72058845943768], [-70.4591042093048, 18.720588369394218], [-70.45910691176798, 18.72058770198207], [-70.45910735590765, 18.7205875698228], [-70.45910997670066, 18.72058665323395], [-70.45911040510636, 18.72058648023164], [-70.45911291898952, 18.72058532329336], [-70.4591133275355, 18.72058511111411], [-70.45911571029873, 18.72058372496834], [-70.45911609505045, 18.720583475655562], [-70.45911832374642, 18.72058187365166], [-70.45911868099851, 18.72058158960636], [-70.45912073416369, 18.720579787172504], [-70.45912106047562, 18.720579471130215], [-70.45912291833686, 18.720577485624823], [-70.45912321056608, 18.720577140629192], [-70.4591248552312, 18.72057499117378], [-70.45912511056335, 18.72057462054732], [-70.45912652619332, 18.720572327842337], [-70.45912674216945, 18.720571935154357], [-70.45912791513099, 18.720569521279792], [-70.45912808959493, 18.720569110520284], [-70.45912877819285, 18.720567228743636], [-70.45912942898742, 18.720565449995426], [-70.45913300669118, 18.72055702602489], [-70.45913349501275, 18.720556021092374], [-70.45913792206662, 18.720547971817034], [-70.45913851141464, 18.72054701732924], [-70.45914374518355, 18.720539420267997], [-70.45914442988229, 18.72053852541713], [-70.45915041996211, 18.720531453733773], [-70.4591511934175, 18.720530627137745], [-70.45915788212048, 18.72052414893635], [-70.45915873688372, 18.720523398555745], [-70.45916605979392, 18.720517576224882], [-70.45916698763321, 18.72051690928621], [-70.45917487422705, 18.72051179889802], [-70.45917586620676, 18.720511221824292], [-70.45918424053201, 18.720506872594562], [-70.45918528709895, 18.72050639094327], [-70.45919406850645, 18.720502844757338], [-70.45919592443953, 18.720502195667247], [-70.45919592635445, 18.720502194893943], [-70.45919788765282, 18.7205015089536], [-70.45919831605822, 18.720501335951095], [-70.45920082993948, 18.72050017901175], [-70.45920123848514, 18.720499966832335], [-70.4592036212464, 18.720498580685565], [-70.4592040059978, 18.720498331372625], [-70.45920623469182, 18.72049672936779], [-70.45920659194358, 18.72049644532235], [-70.45920864510678, 18.72049464288764], [-70.45920897141839, 18.720494326845213], [-70.4592108292777, 18.720492341339067], [-70.45921112150657, 18.720491996343323], [-70.45921276616978, 18.72048984688726], [-70.45921302150161, 18.720489476260685], [-70.45921443712973, 18.720487183555154], [-70.45921465310553, 18.720486790867096], [-70.4592158260653, 18.720484376992093], [-70.45921600060512, 18.72048396602435], [-70.45921691960028, 18.72048145422682], [-70.4592170510232, 18.72048102893724], [-70.45921770720335, 18.72047844340718], [-70.45921779424368, 18.720478007891533], [-70.45921818128949, 18.720475373529002], [-70.459218223109, 18.72047493198154], [-70.45921833729298, 18.72047227415689], [-70.45921834110193, 18.720472052448937], [-70.4592163416282, 18.720239029931896], [-70.4592163503715, 18.720238494232692], [-70.45921672786068, 18.72022934108731], [-70.45921682518485, 18.720228274518234], [-70.45921805858463, 18.720219568537868], [-70.45921826154303, 18.720218515555526], [-70.4592203552177, 18.720209960113568], [-70.45922066198376, 18.72020893019443], [-70.45922359709076, 18.720200602287104], [-70.45922400490363, 18.720199604700195], [-70.4592277550278, 18.720191579276033], [-70.4592282602173, 18.720190622999247], [-70.45923279160861, 18.720182972284466], [-70.45923338962818, 18.720182065924025], [-70.45923866150541, 18.720174858772626], [-70.45923934697308, 18.720174010485426], [-70.45924531189097, 18.72016731175941], [-70.45924607863766, 18.72016652917986], [-70.45925268291381, 18.72016039916556], [-70.45925352403913, 18.72015968933653], [-70.45926070823708, 18.72015418320212], [-70.45926161617109, 18.72015355251188], [-70.45926931563537, 18.72014871981076], [-70.45927028220707, 18.72014817393525], [-70.45927842764495, 18.72014405816013], [-70.45927944415537, 18.72014360201214], [-70.4592879622606, 18.720140240203612], [-70.45928901956161, 18.720139877888258], [-70.45929128097399, 18.720139216564018], [-70.45929150279954, 18.72013914594436], [-70.45929414115767, 18.720138236487283], [-70.4592945725043, 18.72013806443436], [-70.4592971040084, 18.72013691176822], [-70.45929751546984, 18.720136700066544], [-70.45929991549588, 18.720135315403347], [-70.45930030306981, 18.720135066112157], [-70.45930254827273, 18.72013346292055], [-70.45930290818923, 18.720133178464692], [-70.45930497672987, 18.72013137233895], [-70.45930530548803, 18.720131055485346], [-70.4593071772457, 18.720129063993685], [-70.45930747164768, 18.72012871782437], [-70.45930912841573, 18.72012656033807], [-70.45930938559789, 18.72012618822023], [-70.45931081126095, 18.720123885725197], [-70.45931102872166, 18.720123491278436], [-70.45931220941229, 18.720121066171085], [-70.4593123850363, 18.720120653232197], [-70.4593133092699, 18.720118129101568], [-70.45931338084293, 18.720117916946815], [-70.45931481751147, 18.72011326781556], [-70.4593152001018, 18.7201122221161], [-70.45931877778823, 18.720103798142887], [-70.45931926610757, 18.720102793210003], [-70.45932369314212, 18.7200947439313], [-70.45932428248767, 18.720093789443048], [-70.45932951623547, 18.720086192377778], [-70.45933020093152, 18.72008529752639], [-70.45933619098861, 18.72007822583837], [-70.45933696444115, 18.72007739924174], [-70.45934365312, 18.7200709210351], [-70.45934450788023, 18.720070170653827], [-70.45935183076517, 18.72006434831719], [-70.45935275860133, 18.720063681377788], [-70.45936064516899, 18.720058570983348], [-70.45936163714548, 18.720057993908835], [-70.4593700114439, 18.720053644672436], [-70.45937105800752, 18.720053163020314], [-70.4593798393878, 18.72004961682736], [-70.45938169531522, 18.720048967735785], [-70.45938169723013, 18.720048966962477], [-70.45938365852251, 18.720048281020567], [-70.45938408692658, 18.720048108017725], [-70.4593866007999, 18.720046951076377], [-70.45938700934425, 18.72004673889663], [-70.45938939209778, 18.720045352747963], [-70.4593897768479, 18.720045103434725], [-70.45939200553437, 18.72004350142813], [-70.4593923627849, 18.720043217382404], [-70.45939441594086, 18.72004141494608], [-70.45939474225129, 18.720041098903398], [-70.45939660010373, 18.72003911339581], [-70.4593968923315, 18.720038768399835], [-70.45939853698827, 18.720036618942494], [-70.45939879231909, 18.72003624831573], [-70.45940020794129, 18.720033955609107], [-70.45940042391615, 18.72003356292089], [-70.45940159687053, 18.720031149044996], [-70.45940177140952, 18.720030738077128], [-70.45940269039991, 18.720028226278924], [-70.45940282182208, 18.720027800989254], [-70.45940347799814, 18.72002521545873], [-70.45940356503786, 18.72002477994302], [-70.45940395208022, 18.720022145580252], [-70.45940399389924, 18.72002170403277], [-70.45940410808053, 18.720019046208098], [-70.45940411188927, 18.720018824500148], [-70.45940288754643, 18.719876152090716], [-70.4594028962892, 18.719875616391523], [-70.45940327376897, 18.719866463246163], [-70.45940337109192, 18.719865396677047], [-70.45940460448084, 18.71985669069596], [-70.4594048074378, 18.719855637713472], [-70.45940690109981, 18.71984708227006], [-70.45940720786423, 18.719846052350697], [-70.45941014295695, 18.719837724441195], [-70.459410550768, 18.71983672685397], [-70.45941430087635, 18.71982870142692], [-70.45941480606386, 18.71982774514974], [-70.45941933743796, 18.719820094431395], [-70.45941993545537, 18.719819188070474], [-70.4594252073142, 18.71981198091486], [-70.45942589277958, 18.719811132627107], [-70.45943185767798, 18.71980443389627], [-70.45943262442226, 18.719803651316095], [-70.45943922867808, 18.71979752129641], [-70.45944006980086, 18.719796811466693], [-70.45944725397779, 18.719791305326375], [-70.45944816190921, 18.719790674635384], [-70.45945586135193, 18.719785841927894], [-70.459456827921, 18.719785296051587], [-70.45946497333702, 18.7197811802697], [-70.45946598984477, 18.71978072412085], [-70.45947450792805, 18.719777362305198], [-70.45947465541659, 18.719777311763654], [-70.45947486523698, 18.719777234458235], [-70.45947735857416, 18.719776250417517], [-70.45947776549805, 18.719776067813985], [-70.45948014975123, 18.71977486307886], [-70.45948053668381, 18.71977464455602], [-70.45948279039547, 18.719773229968716], [-70.45948315385449, 18.7197729774932], [-70.45948525674191, 18.719771365784588], [-70.45948559345636, 18.719771081628597], [-70.45948752659422, 18.71976928730353], [-70.45948783353377, 18.719768974024383], [-70.45948957952444, 18.719767013231234], [-70.45948985392671, 18.719766673648344], [-70.45949139705685, 18.719764564033646], [-70.45949163645231, 18.719764201203155], [-70.45949296283422, 18.71976196175277], [-70.45949316506841, 18.719761578940037], [-70.45949426276508, 18.719759229808318], [-70.45949442601794, 18.719758830458535], [-70.45949528515047, 18.71975639278695], [-70.45949540795276, 18.71975598049414], [-70.45949602078922, 18.719753476220944], [-70.4594961020358, 18.719753054695616], [-70.45949646306089, 18.719750506358494], [-70.45949650202054, 18.71975007939424], [-70.45949660798513, 18.71974750992742], [-70.45949661148282, 18.719747295605526], [-70.4594961602235, 18.719694713115715], [-70.459496168966, 18.719694177416528], [-70.45949654644106, 18.719685024271175], [-70.45949664376342, 18.71968395770204], [-70.45949787714687, 18.719675251720588], [-70.45949808010313, 18.71967419873804], [-70.45950017375883, 18.719665643293897], [-70.45950048052241, 18.71966461337442], [-70.459503415608, 18.719656285463824], [-70.4595038234181, 18.719655287876446], [-70.45950757351856, 18.719647262447946], [-70.45950807870506, 18.71964630617057], [-70.45951261007059, 18.719638655450442], [-70.45951320808692, 18.719637749089287], [-70.45951847993653, 18.71963054193156], [-70.45951916540075, 18.71962969364354], [-70.45952513028945, 18.71962299491029], [-70.4595258970325, 18.719622212329803], [-70.45953250127815, 18.719616082307425], [-70.45953334239968, 18.719615372477357], [-70.45954052656607, 18.719609866334096], [-70.4595414344962, 18.719609235642732], [-70.45954913392816, 18.719604402932056], [-70.4595501004959, 18.719603857055343], [-70.459558245901, 18.71959974127007], [-70.45955926240742, 18.719599285120804], [-70.4595677804797, 18.719595923301586], [-70.45956883777669, 18.719595560984903], [-70.45957109918062, 18.71959489965782], [-70.45957132100536, 18.71959482903788], [-70.45957395935346, 18.719593919577484], [-70.45957439069844, 18.719593747524023], [-70.45957692219251, 18.719592594854717], [-70.45957733365229, 18.71959238315253], [-70.45957973366843, 18.71959099848635], [-70.45958012124073, 18.719590749194683], [-70.45958236643393, 18.719589146000295], [-70.45958272634887, 18.719588861544], [-70.4595847948801, 18.719587055415726], [-70.45958512363674, 18.719586738561713], [-70.4595869953854, 18.71958474706777], [-70.45958728978592, 18.719584400898103], [-70.45958894654545, 18.71958224340981], [-70.45958920372622, 18.719581871291666], [-70.45959062938132, 18.719579568794945], [-70.45959084684075, 18.71957917434793], [-70.45959202752405, 18.7195767492392], [-70.45959220314691, 18.71957633630011], [-70.4595931273739, 18.719573812168452], [-70.45959319894641, 18.719573600013614], [-70.45959463560365, 18.719568950880785], [-70.45959501819122, 18.7195679051809], [-70.45959859585398, 18.719559481203593], [-70.45959908417028, 18.71955847627014], [-70.45960351117886, 18.719550426986242], [-70.4596041005211, 18.71954947249729], [-70.45960933424088, 18.719541875425765], [-70.4596100189334, 18.719540980573555], [-70.45961600896071, 18.719533908878297], [-70.45961678240953, 18.719533082280723], [-70.4596234710571, 18.71952660406592], [-70.45962432581345, 18.719525853683585], [-70.45963164866592, 18.719520031337936], [-70.45963257649807, 18.71951936439739], [-70.45964046303243, 18.719514253993175], [-70.45964145500481, 18.719513676917426], [-70.45964982926937, 18.719509327670586], [-70.45965087582884, 18.719508846017156], [-70.45965965717504, 18.7195052998132], [-70.45966074824254, 18.719504918220704], [-70.45966537130315, 18.719503542549834], [-70.45966559166885, 18.71950347127534], [-70.45966821244198, 18.719502554679927], [-70.45966864084438, 18.71950238167654], [-70.4596711547077, 18.71950122473199], [-70.4596715632504, 18.719501012551717], [-70.45967394599401, 18.719499626400037], [-70.45967433074249, 18.71949937708631], [-70.45967655941926, 18.71949777507691], [-70.4596769166682, 18.719497491030744], [-70.45967896981476, 18.719495688591856], [-70.45967929612364, 18.719495372548767], [-70.45968115396707, 18.71949338703887], [-70.45968144619339, 18.719493042042537], [-70.45968309084162, 18.719490892583188], [-70.45968334617105, 18.719490521956107], [-70.45968476178525, 18.71948822924777], [-70.45968497775884, 18.719487836559292], [-70.45968615070586, 18.719485422682013], [-70.45968632524367, 18.719485011713942], [-70.45968724422742, 18.719482499914683], [-70.45968731541656, 18.719482288806788], [-70.45968868339243, 18.719477861921796], [-70.45968906597926, 18.71947681622174], [-70.45969264363562, 18.719468392243016], [-70.45969313195113, 18.71946738730936], [-70.45969755895304, 18.71945933802363], [-70.45969814829446, 18.71945838353443], [-70.45970338200735, 18.719450786460687], [-70.45970406669902, 18.719449891608175], [-70.45971005671926, 18.71944281991033], [-70.45971083016721, 18.719441993312422], [-70.45971751880762, 18.719435515094684], [-70.45971837356309, 18.719434764711977], [-70.45972569640837, 18.719428942363084], [-70.45972662423966, 18.71942827542212], [-70.45973451076685, 18.719423165014383], [-70.45973550273838, 18.719422587938183], [-70.4597438769959, 18.71941823868757], [-70.45974492355454, 18.719417757033668], [-70.45975370489386, 18.719414210825718], [-70.45975479596056, 18.719413829232728], [-70.45975941901781, 18.719412453559745], [-70.45975963938334, 18.719412382285146], [-70.4597622601545, 18.71941146568854], [-70.45976268855657, 18.71941129268496], [-70.45976520241786, 18.71941013573927], [-70.4597656109602, 18.719409923558814], [-70.45976799370173, 18.71940853740607], [-70.45976837844987, 18.719408288092172], [-70.45977060712454, 18.719406686081776], [-70.45977096437312, 18.719406402035446], [-70.45977301751759, 18.71940459959566], [-70.45977334382613, 18.719404283552418], [-70.45977520166747, 18.719402298041718], [-70.45977549389342, 18.719401953045264], [-70.45977713853962, 18.719399803585205], [-70.4597773938687, 18.71939943295801], [-70.45977880948092, 18.719397140249082], [-70.45977902545418, 18.719396747560516], [-70.45978019839932, 18.719394333682764], [-70.4597803729368, 18.71939392271462], [-70.45978129191873, 18.71939141091501], [-70.45978136310774, 18.719391199807077], [-70.45978273108054, 18.719386772921577], [-70.45978311366662, 18.71938572722137], [-70.4597866913166, 18.71937730324122], [-70.45978717963132, 18.71937629830737], [-70.45979160662655, 18.7193682490198], [-70.45979219596715, 18.719367294530368], [-70.45979742967313, 18.719359697454397], [-70.45979811436395, 18.719358802601597], [-70.45980410437714, 18.719351730901153], [-70.45980487782421, 18.719350904302903], [-70.45981156645747, 18.71934442608224], [-70.45981242121206, 18.719343675699157], [-70.45981974405018, 18.719337853347017], [-70.45982067188056, 18.719337186405642], [-70.45982855840062, 18.719332075994373], [-70.4598295503713, 18.719331498917736], [-70.45983792462177, 18.719327149663343], [-70.45983897117955, 18.719326668008964], [-70.45984775251203, 18.719323121797025], [-70.45984884357792, 18.719322740203538], [-70.45985373838492, 18.719321283663277], [-70.45985395757977, 18.719321212797787], [-70.45985656457185, 18.719320301759605], [-70.45985699077532, 18.719320129895458], [-70.45985949213019, 18.719318981021498], [-70.45985989871808, 18.719318770384028], [-70.45986227060355, 18.71931739462046], [-70.45986265370198, 18.719317147216564], [-70.45986487351938, 18.71931555767128], [-70.4598652294783, 18.719315275858158], [-70.45986727607782, 18.719313487675908], [-70.45986760150575, 18.7193131741386], [-70.45986945538795, 18.719311204356682], [-70.45986974718434, 18.719310862082477], [-70.45987139068596, 18.719308729468445], [-70.45987164607061, 18.71930836171844], [-70.45987306353284, 18.719306086591246], [-70.45987328007254, 18.719305696869263], [-70.4598744579902, 18.71930330090568], [-70.45987463362182, 18.719302892924883], [-70.45987556077205, 18.719300398953], [-70.4598756327087, 18.71930018932448], [-70.45987681609712, 18.719296432793705], [-70.45987722027061, 18.719295352519044], [-70.45988100566971, 18.719286659282734], [-70.45988152283851, 18.71928562367846], [-70.45988621478618, 18.719277341458035], [-70.45988683960789, 18.719276361222025], [-70.45989238963561, 18.719268575573754], [-70.45989311565569, 18.71926766083202], [-70.45989946643093, 18.719260452182514], [-70.45990028614952, 18.71925961238439], [-70.45990737206792, 18.719253055199843], [-70.45990827701723, 18.719252299020546], [-70.45991602488037, 18.719246461037393], [-70.45991700571214, 18.719245796288355], [-70.4599253354837, 18.719240737813553], [-70.45992638206586, 18.71924017136169], [-70.4599352076983, 18.719235944649867], [-70.45993630921944, 18.719235482346708], [-70.45994553954307, 18.719232131060203], [-70.45994668462446, 18.71923177768136], [-70.45995622428892, 18.719229336439337], [-70.45995740110169, 18.719229095635264], [-70.45996715156132, 18.719227589656], [-70.45996834794887, 18.719227463914216], [-70.45997862974322, 18.719226885036996], [-70.45997923182877, 18.719226865754152], [-70.46003439052852, 18.71922643585375], [-70.46003462216161, 18.719226428651247], [-70.46003739788223, 18.71922627756304], [-70.46003785865824, 18.719226230871907], [-70.46004060564428, 18.719225822335815], [-70.46004105943638, 18.719225733010934], [-70.46004375145026, 18.71922507092905], [-70.4600441939241, 18.719224939823615], [-70.46004680525331, 18.71922403051975], [-70.46004723218266, 18.71922385888599], [-70.46004973788533, 18.719222711045287], [-70.4600501451924, 18.71922250052256], [-70.46005252133556, 18.71922112510849], [-70.46005290512998, 18.719220877707574], [-70.46005512901813, 18.719219287857292], [-70.46005548563416, 18.719219005941213], [-70.46005753602601, 18.719217216840015], [-70.46005786205745, 18.719216903101472], [-70.46005971936896, 18.719214931837794], [-70.46006001170174, 18.719214589273424], [-70.46006165819294, 18.719212454675596], [-70.46006191403488, 18.719212086557377], [-70.46006333397948, 18.719209809013808], [-70.46006355088696, 18.719209418857783], [-70.46006473072251, 18.719207020122212], [-70.46006487176079, 18.719206702325746], [-70.4600653715082, 18.719205444380123], [-70.4600654032665, 18.71920536203311], [-70.46006609079838, 18.719203524391354], [-70.46006987618584, 18.719194831151928], [-70.46007039335322, 18.719193795547216], [-70.46007508528913, 18.71918551332279], [-70.4600757101094, 18.719184533086242], [-70.46008126012536, 18.719176747433092], [-70.46008198614402, 18.719175832690706], [-70.46008833690763, 18.719168624035508], [-70.46008915662483, 18.719167784236642], [-70.46009624253183, 18.71916122704565], [-70.46009714747979, 18.71916047086553], [-70.4601048953319, 18.719154632875224], [-70.46010587616234, 18.719153968125283], [-70.46011420592338, 18.719148909642715], [-70.46011525250428, 18.719148343189875], [-70.46012407812674, 18.719144116469757], [-70.46012517964672, 18.719143654165563], [-70.46013440996107, 18.719140302870304], [-70.46013555504138, 18.719139949490376], [-70.46014509469735, 18.71913750823925], [-70.46014627150915, 18.719137267434046], [-70.46015602196114, 18.719135761445397], [-70.46015721834783, 18.719135635702465], [-70.46016750013523, 18.71913505681529], [-70.4601681022204, 18.719135037531874], [-70.46031780968033, 18.719133870545654], [-70.46031804227079, 18.719133863290597], [-70.46032082943357, 18.7191337110364], [-70.46032129209439, 18.719133663973178], [-70.4603240501739, 18.719133252149057], [-70.4603245057655, 18.719133162102924], [-70.46032720819986, 18.71913249467497], [-70.46032765233464, 18.7191323625131], [-70.46033027309795, 18.719131445909024], [-70.46033070149865, 18.719131272904228], [-70.4603332153515, 18.719130115951426], [-70.4603336238924, 18.719129903769815], [-70.460336006625, 18.71912851761039], [-70.4603363913716, 18.719128268295417], [-70.46033862003695, 18.719126666278832], [-70.46033897728394, 18.71912638223151], [-70.46034103041876, 18.719124579786087], [-70.46034135672566, 18.719124263741964], [-70.46034321455714, 18.71912227822623], [-70.46034350678144, 18.719121933228983], [-70.46034515141763, 18.71911978376454], [-70.46034540674505, 18.71911941313669], [-70.46034682234723, 18.719117120424087], [-70.46034703831883, 18.719116727734963], [-70.46034821125397, 18.71911431385426], [-70.46034838571366, 18.719113903093852], [-70.46034907429305, 18.719112021313755], [-70.4603497250701, 18.719110242562294], [-70.46035330268644, 18.719101818573392], [-70.46035379099703, 18.71910081363832], [-70.46035821795824, 18.719092764339447], [-70.4603588072947, 18.719091809848482], [-70.4603640409666, 18.719084212758762], [-70.46036472565328, 18.71908331790415], [-70.46037071563268, 18.71907624618765], [-70.46037148907568, 18.71907541958732], [-70.46037817767578, 18.71906894134844], [-70.46037903242639, 18.719068190963014], [-70.46038635523226, 18.719062368590688], [-70.46038728305881, 18.719061701646737], [-70.46039516954788, 18.71905659121349], [-70.46039616151486, 18.71905601413408], [-70.4604045357359, 18.71905166485614], [-70.46040558229019, 18.719051183198804], [-70.46041436359508, 18.71904763696197], [-70.4604154546577, 18.719047255365382], [-70.46042034945098, 18.71904579881114], [-70.46042056864522, 18.71904572794503], [-70.46042317562953, 18.71904481689943], [-70.46042360183166, 18.719044645034064], [-70.46042610317824, 18.71904349615305], [-70.4604265097647, 18.71904328551443], [-70.46042888164135, 18.719041909744224], [-70.4604292647383, 18.719041662339258], [-70.46043148454648, 18.71904007278782], [-70.46043184050383, 18.719039790973717], [-70.46043388709383, 18.71903800278586], [-70.46043421252017, 18.719037689247656], [-70.46043606639262, 18.719035719460734], [-70.46043635818735, 18.719035377185744], [-70.46043800167908, 18.719033244567346], [-70.4604382570621, 18.719032876816673], [-70.4604396745144, 18.719030601685798], [-70.46043989105246, 18.719030211963258], [-70.46044106896024, 18.719027815996725], [-70.46044124459023, 18.719027408015492], [-70.46044217173073, 18.719024914041402], [-70.46044224366658, 18.71902470441272], [-70.46044342704076, 18.71902094787924], [-70.46044383121001, 18.719019867603617], [-70.46044761657421, 18.719011174358], [-70.46044813373874, 18.719010138752427], [-70.46045282565115, 18.719001856519974], [-70.46045345046853, 18.719000876282337], [-70.460459000461, 18.718993090619435], [-70.46045972647681, 18.718992175875766], [-70.46046607721716, 18.718984967209177], [-70.46046689693155, 18.718984127408834], [-70.46047398281578, 18.718977570204935], [-70.460474887761, 18.718976814023154], [-70.46048263559108, 18.71897097601857], [-70.46048361641891, 18.71897031126681], [-70.46049194615884, 18.718965252768726], [-70.46049299273724, 18.718964686313928], [-70.46050181833978, 18.718960459577215], [-70.4605029198574, 18.71895999727094], [-70.46051215015322, 18.718956645958187], [-70.46051329523137, 18.71895629257608], [-70.46052283487036, 18.71895385130674], [-70.46052401168018, 18.718953610499284], [-70.46053376211694, 18.718952104491887], [-70.46053495850188, 18.71895197874664], [-70.46054524027538, 18.71895139983957], [-70.46054584235976, 18.718951380554977], [-70.46058771536993, 18.718951054080538], [-70.4605879557787, 18.71895104639187], [-70.46059083637215, 18.718950884480574], [-70.4605913144168, 18.718950834329252], [-70.46059334696037, 18.718950520995204], [-70.45998628137652, 18.719456340456187]]]}}, {"type": "Feature", "properties": {"kind": "forest", "label": "Bosque comunal: senderos, mirador (Parcela 2)", "area_m2": 74428}, "geometry": {"type": "Polygon", "coordinates": [[[-70.45867926217157, 18.721296687544775], [-70.45913038157235, 18.722316641979504], [-70.45968695175848, 18.723400633299487], [-70.45928191047747, 18.72407182856515], [-70.45895643540298, 18.72416252257393], [-70.4572387686659, 18.72389260799294], [-70.45702015680028, 18.72397811124563], [-70.45638944367514, 18.724253681008868], [-70.45622873249324, 18.724007683145494], [-70.45586066088684, 18.723693395868], [-70.45854229731047, 18.721053568430264], [-70.45867999067939, 18.721297041104627], [-70.45867926217157, 18.721296687544775]]]}}, {"type": "Feature", "properties": {"kind": "trail", "label": "Sendero: franja de acceso hasta el mirador"}, "geometry": {"type": "LineString", "coordinates": [[-70.45851689010227, 18.721058933887594], [-70.45585579834825, 18.723699966466878]]}}]}