{"type": "FeatureCollection", "features": [{"type": "Feature", "properties": {"level": 698, "major": false}, "geometry": {"type": "LineString", "coordinates": [[-70.45443179551117, 18.71576010687014], [-70.45457303399436, 18.71564281159806], [-70.45471616494167, 18.71555868416356]]}}, {"type": "Feature", "properties": {"level": 700, "major": true}, "geometry": {"type": "LineString", "coordinates": [[-70.45444314604194, 18.717087568821206], [-70.45450907359665, 18.717051171397955], [-70.45486637998775, 18.716679096754447], [-70.4551721486858, 18.71650388445466], [-70.45536061534926, 18.71623135161797], [-70.45552624485222, 18.716049352338004], [-70.45561900569056, 18.71597802538614], [-70.45571339799747, 18.71592714501369], [-70.45580806007764, 18.715907793126103], [-70.45609243483726, 18.7158951423702], [-70.45628238515043, 18.715929597589682], [-70.45637691711231, 18.715895057630703], [-70.45650970795627, 18.715770640595245], [-70.45656396178502, 18.71567986255099], [-70.45657589713393, 18.715544235359257]]}}, {"type": "Feature", "properties": {"level": 702, "major": false}, "geometry": {"type": "LineString", "coordinates": [[-70.4544443109336, 18.71722379836493], [-70.45479466726721, 18.717048953901823], [-70.45486897226176, 18.71698217039216], [-70.45496358629809, 18.71695711970598], [-70.45524830107237, 18.71698398893358], [-70.45534349337798, 18.717026531312506], [-70.45543898419659, 18.717103954595114], [-70.45562784598826, 18.71731355104119], [-70.45572566138596, 18.717360085284977], [-70.45610591919142, 18.717470334300184], [-70.45622034522825, 18.717580015283175], [-70.4563790735104, 18.717669137665602], [-70.45658207471989, 18.717705374060486], [-70.45686644858687, 18.717692284906487], [-70.45705637116933, 18.71772325312687], [-70.4572000904058, 18.717843465775733], [-70.457342219226, 18.717882221805024], [-70.45743753233246, 18.71793874808929], [-70.45762776009346, 18.71800528586863], [-70.4577235517575, 18.718117630266274], [-70.45781861465711, 18.718144935905173], [-70.45791820222603, 18.718108947249682], [-70.45793730100546, 18.717928086208893], [-70.45789540565399, 18.717838056043377], [-70.45771995307645, 18.717697743480507], [-70.45733874099099, 18.717476276863124], [-70.45714736536846, 18.717275669941348], [-70.45703558476394, 18.717212251637605], [-70.45695814017448, 18.717122497689008], [-70.45700230269162, 18.717031797996434], [-70.45714436691273, 18.716925661657164], [-70.4572380290763, 18.716789556420576], [-70.45733129476402, 18.716607192315323], [-70.45736656319171, 18.716486827368545], [-70.45738378056217, 18.716215624728587], [-70.45728564251046, 18.715674250642078], [-70.45729170752098, 18.71553866909904]]}}, {"type": "Feature", "properties": {"level": 702, "major": false}, "geometry": {"type": "LineString", "coordinates": [[-70.45896793188803, 18.719470487675693], [-70.45915704247106, 18.71940655250558], [-70.45934575752314, 18.719296540571836], [-70.4594403845309, 18.719272948704827], [-70.45951476930878, 18.719180789198074], [-70.45956659347513, 18.718909316990953], [-70.45943222998672, 18.718820007677188], [-70.45924486761919, 18.718590202442634], [-70.45914945456914, 18.718522134214627], [-70.45895927375541, 18.718461196033825], [-70.45867476020577, 18.718458104563233], [-70.45858053860692, 18.718528932711607], [-70.4584735556531, 18.71873711775983], [-70.45833685249532, 18.718918894381694], [-70.45832206634168, 18.719009365671692], [-70.458396455097, 18.719179031909796], [-70.45849225907637, 18.719292672180536], [-70.45858854056434, 18.719461973953816], [-70.45868389188036, 18.71952280375109], [-70.45896793188803, 18.719470487675693]]}}, {"type": "Feature", "properties": {"level": 702, "major": false}, "geometry": {"type": "LineString", "coordinates": [[-70.45676698202936, 18.717150774204416], [-70.45667236933137, 18.717175955397874], [-70.45657733002761, 18.71715132349818], [-70.45655337702168, 18.71712564503635], [-70.45655417781902, 18.717035282554203], [-70.45667090834891, 18.717005359982124], [-70.45676334849755, 18.71703365620498], [-70.45681648068765, 18.71712359930082], [-70.45676698202936, 18.717150774204416]]}}, {"type": "Feature", "properties": {"level": 704, "major": false}, "geometry": {"type": "LineString", "coordinates": [[-70.45444528792305, 18.71733805257023], [-70.45468130484875, 18.717214766249835], [-70.45487035304224, 18.717143600860226], [-70.45496514360123, 18.717139176172527], [-70.45515536726047, 18.71720543554139], [-70.45544189672388, 18.71744432764747], [-70.45582265883407, 18.71761349034478], [-70.45618151287498, 18.71785138591329], [-70.45639408337655, 18.717899937387596], [-70.45696348302185, 18.71794978725921], [-70.45724888479624, 18.718056630961566], [-70.45756074138745, 18.71829244121516], [-70.45772677139131, 18.71849328112169], [-70.45790786575235, 18.718651164897718], [-70.45794006644395, 18.71874127049127], [-70.45796016030073, 18.719192895076834], [-70.45798489788383, 18.71928305873496], [-70.4580907789875, 18.71946294699393], [-70.4582434654242, 18.71964247082072], [-70.45830680377242, 18.719782906477285], [-70.45859470471103, 18.7201806858611], [-70.45869000115162, 18.720235068501207], [-70.45887967891706, 18.72023713870556], [-70.4589742271915, 18.72020430021307], [-70.4591630758951, 18.720109751123832], [-70.45928476575034, 18.71990543024056], [-70.45944439827417, 18.71974066873161], [-70.45955475978023, 18.719541902176005], [-70.45994313014246, 18.719087095118113], [-70.46031867637578, 18.71890345568863], [-70.46039036607118, 18.71881254070563], [-70.46061777578093, 18.71863005550873], [-70.46069072744459, 18.718448774474705], [-70.46069567942865, 18.718358379751393], [-70.4605692616571, 18.718216102457266], [-70.46034411139108, 18.71809005231374], [-70.46009095001067, 18.717730635871682], [-70.4599955436434, 18.717663323069846], [-70.45980570343681, 18.717641984130346], [-70.45971060244042, 18.717610235312122], [-70.45951983010086, 18.71748025984581], [-70.45942477736867, 18.717454120057155], [-70.45933014395047, 18.717476849246015], [-70.45914125756555, 18.71756666554141], [-70.458949629947, 18.717336926663243], [-70.45870344433389, 18.71710891658176], [-70.45866062919322, 18.71701889375409], [-70.4586335000071, 18.71683839259581], [-70.45873034299372, 18.716476213819394], [-70.45869642731513, 18.716205409304454], [-70.45862767327267, 18.716025232201208], [-70.45861572781217, 18.715934969000816], [-70.45878536982798, 18.71552704532687]]}}, {"type": "Feature", "properties": {"level": 706, "major": false}, "geometry": {"type": "LineString", "coordinates": [[-70.45444605294995, 18.717427518198516], [-70.45468211535534, 18.71730953574758], [-70.45487126879904, 18.717250663344597], [-70.45496619561297, 18.717262160376997], [-70.4554432861114, 18.71760669609446], [-70.45572871222662, 18.717716546679416], [-70.45609949485969, 18.717942379682], [-70.45639494267714, 18.718000289996937], [-70.45686934935901, 18.718030940450298], [-70.45696438221249, 18.718054757019498], [-70.4572500273945, 18.71818998857538], [-70.45739058195679, 18.71829376506127], [-70.45767729716006, 18.71865295914869], [-70.45779918519175, 18.718923079271928], [-70.4578281903727, 18.719262081867612], [-70.45790631946244, 18.719464382686848], [-70.45815266228107, 18.71973353384741], [-70.45844584606344, 18.72027338844385], [-70.45859675601261, 18.720419851183504], [-70.45869179128483, 18.720443769592084], [-70.45888137109387, 18.7204343940222], [-70.45916525703959, 18.720363956904734], [-70.45933287186917, 18.72008576775645], [-70.4594461544164, 18.71994530697986], [-70.45962083583514, 18.71963174346272], [-70.45980188579726, 18.719449620380697], [-70.45991474017964, 18.71929723396327], [-70.46000882715971, 18.719210747738092], [-70.4604420244531, 18.718992850210935], [-70.46066842193639, 18.71881037283591], [-70.46085781356433, 18.718689420709275], [-70.46092299471263, 18.718627675488424], [-70.46100473427144, 18.718446325819116], [-70.46103265914736, 18.718355751932222], [-70.46099661129949, 18.717813896440568], [-70.46079823146732, 18.71754437509007], [-70.46072314677043, 18.717273892190594], [-70.46065491885366, 18.717148116119606], [-70.46061254468654, 18.717094042274045], [-70.4605594282417, 18.71707097612826], [-70.46027460443078, 18.71703145872413], [-70.46008440506601, 18.716968198532577], [-70.45998887425645, 18.716886334968056], [-70.4599465584347, 18.716737808763973], [-70.46002651956086, 18.716466117188435], [-70.46026688513706, 18.716132291560182], [-70.46040974117594, 18.715830637361442], [-70.46061208352961, 18.715648347752115], [-70.460663481219, 18.715512412849968]]}}, {"type": "Feature", "properties": {"level": 708, "major": false}, "geometry": {"type": "LineString", "coordinates": [[-70.45444672309303, 18.717505887279387], [-70.4545882338511, 18.717420272070303], [-70.4546828189451, 18.717391803399124], [-70.45487216247525, 18.717355143657052], [-70.45496720994983, 18.717380739337116], [-70.45533550823914, 18.717677247390547], [-70.45572980152288, 18.71784381852034], [-70.45601560929553, 18.7179981860334], [-70.45630076259536, 18.718076058874058], [-70.45687015881846, 18.718125440863613], [-70.45706036649445, 18.71818963056299], [-70.45725084201881, 18.718285066234277], [-70.45736191951978, 18.71838434425974], [-70.4576346150306, 18.71880513282887], [-70.45768690732129, 18.71892395298295], [-70.4577201098875, 18.719285119420345], [-70.45776787699364, 18.71946546009862], [-70.45783083233195, 18.719570290774044], [-70.45801216521261, 18.719734627446325], [-70.45811805360121, 18.719888969192134], [-70.4581778929956, 18.720004405982806], [-70.45825859426493, 18.72027484627717], [-70.4583132372385, 18.720364777048776], [-70.45850295288007, 18.72053959542874], [-70.45859810793989, 18.720577473086454], [-70.45888259184397, 18.720576694081846], [-70.45916637545767, 18.72053884550371], [-70.459447490618, 18.720101008964818], [-70.45963415435965, 18.719751933429727], [-70.45997672464132, 18.71935790167783], [-70.46010419332916, 18.719273271227152], [-70.46035562445456, 18.719174236008357], [-70.46057629185493, 18.71903473599997], [-70.46099114443771, 18.718717500105555], [-70.4610807242406, 18.718626445358435], [-70.46121494640111, 18.718354330175828], [-70.46132621492801, 18.718020900771123], [-70.46141956063805, 18.717848309218475], [-70.46144930170446, 18.717629653325524], [-70.46143403334207, 18.717268348048897], [-70.46128953240677, 18.716998406906328], [-70.46121741359816, 18.71672790108962], [-70.46123064204166, 18.716637441804803], [-70.4613129554719, 18.716477566641814], [-70.46140759325839, 18.71645544812992], [-70.46143936496067, 18.71636474544068], [-70.46159592724182, 18.716301639591485], [-70.46178529522456, 18.716268192188835], [-70.4619742836459, 18.716190593010054], [-70.46202179552115, 18.716202001503344]]}}, {"type": "Feature", "properties": {"level": 708, "major": false}, "geometry": {"type": "LineString", "coordinates": [[-70.4606508502639, 18.716674327239414], [-70.46055560176227, 18.71662535036798], [-70.46051462948664, 18.716462312708078], [-70.46057338448445, 18.7161907862657], [-70.46070342598158, 18.71591870404235], [-70.46083274783487, 18.715770944755434], [-70.46104556895123, 18.715644967865696], [-70.46111540602422, 18.715558576953228], [-70.46121011437923, 18.715544728450197], [-70.46147182315009, 18.71564164338322], [-70.46153013662774, 18.715731544612744], [-70.46151583024889, 18.716002724536487], [-70.46148520475988, 18.716093319544353], [-70.46136899376742, 18.71627493825067], [-70.46136408202938, 18.71636533267131], [-70.46131249418593, 18.716423872552113], [-70.46121773159149, 18.71643146215702], [-70.4608393347479, 18.71653793053442], [-70.4606508502639, 18.716674327239414]]}}, {"type": "Feature", "properties": {"level": 708, "major": false}, "geometry": {"type": "LineString", "coordinates": [[-70.46197023450853, 18.715719469185117], [-70.4619254829686, 18.715638104091], [-70.46190603047553, 18.71550272172807]]}}, {"type": "Feature", "properties": {"level": 708, "major": false}, "geometry": {"type": "LineString", "coordinates": [[-70.46199246956638, 18.71550204724964], [-70.46197023450853, 18.715719469185117]]}}, {"type": "Feature", "properties": {"level": 710, "major": true}, "geometry": {"type": "LineString", "coordinates": [[-70.45444740028213, 18.717585079950933], [-70.45458882826088, 18.717489777861395], [-70.4548729980267, 18.717452827932796], [-70.45497818087078, 18.717499310302802], [-70.45525496527256, 18.717762898587583], [-70.4560163185323, 18.718081034700067], [-70.45630140397891, 18.71815096635154], [-70.45687081542941, 18.718202096550403], [-70.45712379867781, 18.71829584033308], [-70.45725163239752, 18.71837731355758], [-70.45759012011702, 18.718924706096484], [-70.45763507523613, 18.71928578111439], [-70.4577108721889, 18.71955625989909], [-70.45795523893685, 18.71991578289127], [-70.45804054840967, 18.72000547507632], [-70.45807082643513, 18.7200955955809], [-70.45808773547364, 18.720276176320784], [-70.45817792080479, 18.720456186645045], [-70.4582499012406, 18.720545982466874], [-70.45844935897907, 18.720634785752615], [-70.45859889653174, 18.72066941469096], [-70.45888341398464, 18.72067252842243], [-70.4591675894737, 18.7206357904988], [-70.4592617265363, 18.720555013099958], [-70.45963508089292, 18.719859885930667], [-70.45981834475964, 18.719630204376067], [-70.46001073263729, 18.719432708371063], [-70.46012177058655, 18.719356771167217], [-70.4605532701596, 18.719172695112242], [-70.46114242213676, 18.718703548734357], [-70.46120684352786, 18.718625461660658], [-70.46151560568403, 18.717989875300916], [-70.46156852490698, 18.71780943540402], [-70.4616215185881, 18.717447597600486], [-70.4616984918124, 18.71720196575004], [-70.46179301425585, 18.717166387414906], [-70.46203081114561, 18.71725089898768]]}}, {"type": "Feature", "properties": {"level": 712, "major": false}, "geometry": {"type": "LineString", "coordinates": [[-70.45444813719568, 18.717671256540743], [-70.4545894226733, 18.717559283651955], [-70.45468407538058, 18.71753871179768], [-70.45487381126745, 18.717547903287993], [-70.4549691093159, 18.71760277841515], [-70.45516068934876, 18.717827514486768], [-70.45525605026346, 18.717889708347343], [-70.45573146761208, 18.718038480053753], [-70.45601692829166, 18.71815226268157], [-70.45630193090605, 18.718212506148173], [-70.45687139046618, 18.718269228598345], [-70.4571460083913, 18.718386023807017], [-70.45723224362412, 18.718475709245418], [-70.45749133867605, 18.718925474675856], [-70.45755004058121, 18.719286442769864], [-70.45762929161394, 18.719556894719926], [-70.45774010220474, 18.719827101020428], [-70.45774005233943, 18.720042741550458], [-70.45783650590687, 18.720232145251597], [-70.45804368071582, 18.7205475877733], [-70.45816938409014, 18.72063696544567], [-70.45840961907906, 18.720714080790398], [-70.45859956679045, 18.720747559463348], [-70.45888414166947, 18.720757351860765], [-70.45916823270841, 18.720710755482607], [-70.4592803523849, 18.72062831374202], [-70.45944970137202, 18.72035861551509], [-70.45967112371858, 18.719902420010513], [-70.45989101802526, 18.71962963801784], [-70.46001143724878, 18.719514784648602], [-70.46020015382958, 18.719405008485506], [-70.46057810445745, 18.719245798169457], [-70.46123526741621, 18.718715596041548], [-70.46151788209407, 18.71825478894364], [-70.46165937214288, 18.717899082702655], [-70.46173251727453, 18.71762744374147], [-70.4617817228773, 18.717536703722978], [-70.4619852345157, 18.7174646743423], [-70.46203281015269, 18.717483458403162]]}}, {"type": "Feature", "properties": {"level": 714, "major": false}, "geometry": {"type": "LineString", "coordinates": [[-70.45444893880237, 18.717764997981746], [-70.45459009301926, 18.717637668133875], [-70.45468473974442, 18.717616391816357], [-70.45487472726269, 18.717654990906254], [-70.45516162750144, 18.71794966696527], [-70.45525696388815, 18.717996488662756], [-70.45602989243496, 18.718213989450128], [-70.45687195937884, 18.7183356454121], [-70.45700590402974, 18.71838711352925], [-70.457158031353, 18.71852064222286], [-70.45738635359349, 18.718926291466232], [-70.4574654546744, 18.71928710089534], [-70.45760899741416, 18.71973776503261], [-70.457635344339, 18.72009898480239], [-70.4577425431449, 18.720333321670154], [-70.45800117340794, 18.72063827481781], [-70.45812514506697, 18.720716046117317], [-70.45841039232488, 18.72080424416142], [-70.45888488772415, 18.720844316127714], [-70.45916887596056, 18.72078572214152], [-70.45935496728796, 18.72062773243979], [-70.45945085250573, 18.72049274888814], [-70.45967258076024, 18.719992764787065], [-70.45988029693963, 18.719720077697403], [-70.46001203100246, 18.719583947385168], [-70.46067309289029, 18.71926431615531], [-70.46123812274324, 18.718804988447552], [-70.46139751069735, 18.718623974344904], [-70.46152146271241, 18.71844229517516], [-70.46179926693128, 18.717893918332123], [-70.46194621393461, 18.71771613232262], [-70.46198710935789, 18.717682792951287], [-70.4620346737136, 18.71770025726698]]}}, {"type": "Feature", "properties": {"level": 716, "major": false}, "geometry": {"type": "LineString", "coordinates": [[-70.45444975477709, 18.717860419073666], [-70.4545909126164, 18.71773350423139], [-70.45468558352715, 18.717715049644085], [-70.4548758862768, 18.71779048845067], [-70.45516262996901, 18.718054340210166], [-70.45525782576371, 18.71809722011464], [-70.45601785136228, 18.718260088958132], [-70.45687255781915, 18.7184055090836], [-70.45696780140396, 18.718453900374673], [-70.45714416270856, 18.71865710683618], [-70.45731401667105, 18.719017210432476], [-70.45750698364937, 18.71973855880021], [-70.45752774703581, 18.72009982204272], [-70.45758957560189, 18.720280053337394], [-70.45765152311539, 18.720369927483905], [-70.45793519139241, 18.720681860551526], [-70.45803072737708, 18.720764170043648], [-70.45812596123125, 18.720811232492814], [-70.45841109637487, 18.720886338592354], [-70.45888568294187, 18.72093701058259], [-70.45916956475897, 18.720865996511307], [-70.45942958392696, 18.72062715109432], [-70.45948881121363, 18.72053633349713], [-70.45972665904957, 18.719992343381275], [-70.46001259172486, 18.71964926223076], [-70.46067368912139, 18.719333736994898], [-70.46123890683278, 18.71889624919594], [-70.46149551958874, 18.718623209742567], [-70.46189494842793, 18.71799314899687], [-70.46198895528879, 18.7178975450825], [-70.46203642979378, 18.717904549549313]]}}, {"type": "Feature", "properties": {"level": 718, "major": false}, "geometry": {"type": "LineString", "coordinates": [[-70.45445049883085, 18.717947429138263], [-70.45459181912733, 18.717839502546628], [-70.45468656926124, 18.717830304105284], [-70.45487702935911, 18.717924122306098], [-70.45516344271286, 18.71814933526709], [-70.45649317983643, 18.718398295774236], [-70.45687328684691, 18.718490617498134], [-70.457045539104, 18.718657873943307], [-70.45720885938805, 18.719018028466365], [-70.45736883368927, 18.71946856503244], [-70.45745650740801, 18.720152993933528], [-70.45749207437021, 18.720280812002827], [-70.45755337823556, 18.720391108815114], [-70.45786448993465, 18.72072969484884], [-70.45803158475498, 18.720864169202365], [-70.45831680494808, 18.720949186107497], [-70.4588865060822, 18.721032959259677], [-70.4591703103811, 18.720952892808285], [-70.45926452641592, 18.720881299416423], [-70.45945245779684, 18.720679800076645], [-70.45954466371674, 18.72053589830953], [-70.45973175002128, 18.72007417841248], [-70.46001315244959, 18.719714577075884], [-70.4606742853449, 18.719403156645363], [-70.46122357510218, 18.718986755515306], [-70.46159923631646, 18.718622400555507], [-70.46198202448869, 18.718077277162422], [-70.46203785915267, 18.718070830998645]]}}, {"type": "Feature", "properties": {"level": 720, "major": true}, "geometry": {"type": "LineString", "coordinates": [[-70.45445119416823, 18.718028741847107], [-70.45459271636811, 18.717944416200883], [-70.45468754528872, 18.717944422817798], [-70.4551640370895, 18.71821880678442], [-70.45601868063319, 18.718356957623353], [-70.45649367467306, 18.718456079292668], [-70.45668375677809, 18.71850557702362], [-70.4568741572627, 18.718592231281455], [-70.45694506080031, 18.71865865542313], [-70.45699621384537, 18.71874861380946], [-70.45729149858067, 18.7194691666743], [-70.45741766375926, 18.72028139096402], [-70.45745855624985, 18.72039205948339], [-70.45755450385599, 18.720522439796287], [-70.45782688783201, 18.72082034368333], [-70.4580324489376, 18.72096496138257], [-70.45812757517773, 18.72099945971336], [-70.4588873122509, 18.72112692908835], [-70.45898202550566, 18.721113263987895], [-70.45917108079993, 18.721042678457557], [-70.45926541913327, 18.720985331562964], [-70.45954693896789, 18.720639130308843], [-70.4597325797027, 18.720170838262092], [-70.46001384103954, 18.719794785665282], [-70.46010801361096, 18.71971824509255], [-70.46058045147072, 18.719519083735726], [-70.46086732143124, 18.71935095845608], [-70.46161788513069, 18.718712611132638], [-70.46186060540133, 18.71843964898112], [-70.46199205260814, 18.718257874826335], [-70.46203946094515, 18.718257170063264]]}}, {"type": "Feature", "properties": {"level": 722, "major": false}, "geometry": {"type": "LineString", "coordinates": [[-70.45445189229643, 18.718110380492984], [-70.45459360291869, 18.718048079174537], [-70.45468850838323, 18.71805702857479], [-70.45516451591342, 18.7182747721288], [-70.45620909640036, 18.718445451299182], [-70.456589238746, 18.718541899922442], [-70.45683265104927, 18.71865952963709], [-70.45689953568552, 18.718749365711922], [-70.45697212047953, 18.718958078331855], [-70.45721507876502, 18.719469761164135], [-70.45735255931847, 18.720281897493127], [-70.45747059003419, 18.720552047757728], [-70.45774707352972, 18.72086182765432], [-70.45803331549313, 18.721066029675303], [-70.45812837984565, 18.72109330362671], [-70.45841309167457, 18.721118994452983], [-70.45888808769975, 18.721217317575473], [-70.45898285303362, 18.721209716755162], [-70.4591719430278, 18.72114316304998], [-70.45936051420543, 18.721016172328223], [-70.45960875759087, 18.720625755013554], [-70.4597368716394, 18.720263332177637], [-70.46009498827917, 18.719808760521246], [-70.46067546436944, 18.719540432240635], [-70.46086418582938, 18.719431276052866], [-70.46185948975703, 18.718620369832607], [-70.46199381440431, 18.718462831475517], [-70.46204120287153, 18.71845980863022]]}}, {"type": "Feature", "properties": {"level": 724, "major": false}, "geometry": {"type": "LineString", "coordinates": [[-70.45445251736352, 18.718183475063256], [-70.45459444814644, 18.718146909698394], [-70.45468937164581, 18.71815796122544], [-70.45516499147497, 18.718330355964643], [-70.4561145080901, 18.718473575413892], [-70.45649468309712, 18.718573835260393], [-70.45670922876548, 18.718660489418163], [-70.45680319365866, 18.71875011495051], [-70.45697389171069, 18.71916483451837], [-70.45714009817313, 18.719470344427563], [-70.45725586030957, 18.720011581176053], [-70.45730717503355, 18.72037260678383], [-70.45737882937061, 18.720552761707236], [-70.4574401838825, 18.720642640535747], [-70.45774796892319, 18.720966280439903], [-70.45803413242956, 18.721161310189352], [-70.45888885070333, 18.72130625490267], [-70.45898368266772, 18.721306414412187], [-70.45918739873811, 18.721261530832606], [-70.45936193834888, 18.7211821212832], [-70.45945610238005, 18.721104464732065], [-70.45952502791145, 18.720897475820784], [-70.45964218438021, 18.72068750486292], [-70.45975415291765, 18.720353553631586], [-70.45982792037915, 18.720230336844853], [-70.46010951444379, 18.719893053730747], [-70.4602981617029, 18.71977516575777], [-70.46086483776757, 18.71950717234601], [-70.46171236389713, 18.718816109861315], [-70.46199554337554, 18.718663966881675], [-70.46204296517986, 18.71866481558615]]}}, {"type": "Feature", "properties": {"level": 726, "major": false}, "geometry": {"type": "LineString", "coordinates": [[-70.45445307932115, 18.71824918940376], [-70.45459508492065, 18.71822136582427], [-70.45469000427028, 18.718231927257715], [-70.45526048149733, 18.718407604145927], [-70.45611494119355, 18.718524163119337], [-70.45657400708981, 18.71866154086268], [-70.45668569337433, 18.718731686822778], [-70.45678167009528, 18.718865653006574], [-70.45691517729554, 18.71920102520236], [-70.45706664955502, 18.719470915744886], [-70.45720149906441, 18.72001200406976], [-70.45726979760974, 18.720497277972456], [-70.4573406653973, 18.720643414830445], [-70.45741265294488, 18.720733210939215], [-70.45774880919586, 18.721064302440627], [-70.45803490029218, 18.72125086662707], [-70.45831995759417, 18.72131681170703], [-70.45860456891857, 18.721330740197473], [-70.4589844858359, 18.721400026780195], [-70.45917414088228, 18.72139929954036], [-70.45937099131596, 18.721350456642433], [-70.45955227406678, 18.721260730158548], [-70.459669315786, 18.721167419850207], [-70.45970175135051, 18.72107681096577], [-70.45965053670562, 18.720896497826544], [-70.45973808894477, 18.72053439106382], [-70.45982887081763, 18.72034105683407], [-70.46011245393431, 18.71998933661657], [-70.46038288298591, 18.719806516287566], [-70.46095983815798, 18.71952706252313], [-70.46108198713378, 18.71943964034789], [-70.46136319139585, 18.719166378582607], [-70.46171315695817, 18.718908384785703], [-70.46199673237493, 18.718802284569133], [-70.46204420964162, 18.718809580540366]]}}, {"type": "Feature", "properties": {"level": 728, "major": false}, "geometry": {"type": "LineString", "coordinates": [[-70.45445359958808, 18.718310028260305], [-70.45459561709194, 18.71828359077071], [-70.45469052586438, 18.71829291143351], [-70.45526090531496, 18.718457136493992], [-70.45611427756681, 18.718574758599672], [-70.45641438742385, 18.718662781893283], [-70.45659096557925, 18.718743531396676], [-70.45668658426288, 18.718835702582314], [-70.45674525257364, 18.71893127799485], [-70.45687998039531, 18.719272016611566], [-70.45702957317731, 18.719561560350172], [-70.45715047971123, 18.720012400951454], [-70.45717355589817, 18.72033254774707], [-70.45721646294459, 18.720554024899116], [-70.45727143347628, 18.720688177196276], [-70.45738037761787, 18.720823818252978], [-70.4577495428821, 18.721149890102296], [-70.45808512687236, 18.721360470707207], [-70.45832074255189, 18.72140834318583], [-70.4587002354136, 18.721428183628475], [-70.45908026651264, 18.721510748753534], [-70.45917544296185, 18.72155104105981], [-70.45927019456319, 18.72154182105381], [-70.45975207317674, 18.72134748715468], [-70.45981221148887, 18.721166306242615], [-70.45981657769757, 18.721075916099274], [-70.45975763420482, 18.720805307111537], [-70.45980025380216, 18.720533906608306], [-70.45991231596938, 18.72035232101081], [-70.46020532217715, 18.720006953486898], [-70.46039387000405, 18.71987748097416], [-70.46105485933009, 18.719549369471917], [-70.46119628741155, 18.719438748805157], [-70.46143114375849, 18.719196330000926], [-70.46171393109042, 18.718998456771764], [-70.46199779363738, 18.718925741446828], [-70.46204530355782, 18.71893683183209]]}}, {"type": "Feature", "properties": {"level": 730, "major": true}, "geometry": {"type": "LineString", "coordinates": [[-70.45445411973951, 18.718370853377355], [-70.45459614368683, 18.71834516344485], [-70.4546910474536, 18.71835389480257], [-70.45545130857968, 18.718544195750745], [-70.45611581137514, 18.71862580229756], [-70.45640108864423, 18.718718022372542], [-70.45659169375506, 18.718828555140476], [-70.45672673083239, 18.719021778259233], [-70.45696266155858, 18.71956208078352], [-70.45710379240627, 18.720012764121794], [-70.45712668072095, 18.720374010919226], [-70.45717593484525, 18.72064469638562], [-70.4572659520376, 18.720824708497233], [-70.4576927044453, 18.721182812695787], [-70.45803625580002, 18.7214089593624], [-70.45832135143306, 18.721479342558858], [-70.45860597492552, 18.721494657781086], [-70.45889092910247, 18.721548515002755], [-70.45898598981545, 18.721575319940097], [-70.45917649978006, 18.721674199279146], [-70.45927131330156, 18.721672186822815], [-70.4593974671769, 18.72162131873664], [-70.45974353827165, 18.72144748191148], [-70.45984424485123, 18.721346768812882], [-70.45988604890259, 18.721165730773894], [-70.45988871413674, 18.72107535388844], [-70.45983343127837, 18.720804716401158], [-70.45986922446762, 18.72053336909046], [-70.46023203327603, 18.720078760602835], [-70.46048888648205, 18.719899224524635], [-70.46096120157709, 18.719685775174778], [-70.46114991457871, 18.719575640127044], [-70.4614784293214, 18.71925583564295], [-70.46171469351297, 18.719087165807604], [-70.4618092372348, 18.71905394499079], [-70.46199867887542, 18.71902872062883], [-70.46204620483346, 18.719041673175155]]}}, {"type": "Feature", "properties": {"level": 732, "major": false}, "geometry": {"type": "LineString", "coordinates": [[-70.45445464299729, 18.718432041506592], [-70.45459666992826, 18.71840669455325], [-70.45469156253985, 18.71841411762602], [-70.45545174847835, 18.718595600370687], [-70.45602124712265, 18.718656750216898], [-70.45630643784486, 18.718738861508857], [-70.45650465162623, 18.71884279259821], [-70.45660723601875, 18.718932351210295], [-70.45668855472374, 18.719065761447336], [-70.45705710538397, 18.720013127278296], [-70.45707541891372, 18.72037440967304], [-70.45717780926624, 18.720828931851557], [-70.45765537652255, 18.721227375440318], [-70.45803676820114, 18.721468720235784], [-70.4583218934744, 18.72154254772017], [-70.45889158821726, 18.72162534124574], [-70.45917720873629, 18.721756818238], [-70.45927204132401, 18.72175702217307], [-70.4594611577571, 18.721693495324423], [-70.4598493280598, 18.721437085307095], [-70.45990993758801, 18.721346256807536], [-70.45995298983782, 18.72116520902929], [-70.45995588658059, 18.721074830340594], [-70.45990061378363, 18.72080419280118], [-70.4599147570128, 18.72062337033884], [-70.45994465488451, 18.720532781199953], [-70.4603010242957, 18.720108538409157], [-70.46058388113555, 18.719918424438696], [-70.46115071640199, 18.719668966414343], [-70.46171547540511, 18.71917813964055], [-70.4618100295848, 18.719146129811403], [-70.46199951234038, 18.719125676466994], [-70.46204706317792, 18.719141519882232]]}}, {"type": "Feature", "properties": {"level": 734, "major": false}, "geometry": {"type": "LineString", "coordinates": [[-70.4544551668638, 18.71849330057993], [-70.45459717220864, 18.718465423776053], [-70.4546920435831, 18.718470360002996], [-70.45554716546916, 18.718664282441026], [-70.45602169522796, 18.71870909298168], [-70.45630693562647, 18.718796995240496], [-70.45649757073193, 18.718911026075045], [-70.45659324932821, 18.719010186465688], [-70.45668963238953, 18.719191581642985], [-70.45701041877834, 18.72001349041992], [-70.45702415789042, 18.720374808406724], [-70.45708824670496, 18.720735734720993], [-70.45710708977042, 18.720825944348174], [-70.4571749379028, 18.720915772749976], [-70.45774492810992, 18.721363118633136], [-70.45803721750521, 18.72152112197288], [-70.45832243551793, 18.721605752881032], [-70.45889224398644, 18.721701777157193], [-70.45917784224757, 18.72183064477381], [-70.45927268950427, 18.72183255324976], [-70.45946190308004, 18.72178033525864], [-70.45991905255484, 18.72143654187359], [-70.45997562940718, 18.721345744786312], [-70.46001993077084, 18.721164687260792], [-70.46002305902222, 18.721074306768678], [-70.45996779715416, 18.72080366917036], [-70.45998601598154, 18.720622814941], [-70.4600201708916, 18.72053208273302], [-70.46033705941161, 18.720168297961358], [-70.46058446316825, 18.719986193716046], [-70.46124226598857, 18.719709458402036], [-70.46171641924309, 18.719287955315465], [-70.46181094175668, 18.719252254471808], [-70.46200046881096, 18.719236940646972], [-70.46204810823524, 18.71926308506214]]}}, {"type": "Feature", "properties": {"level": 736, "major": false}, "geometry": {"type": "LineString", "coordinates": [[-70.45445569648756, 18.71855523264594], [-70.4545976665416, 18.71852322353041], [-70.45488237022604, 18.71854848985707], [-70.45554762097633, 18.71871750712498], [-70.45602214841901, 18.718762029632124], [-70.45627865855, 18.71884454956773], [-70.45640271845174, 18.718908347499546], [-70.45652801185888, 18.719023323450624], [-70.45663926816665, 18.71920317084436], [-70.4567292451998, 18.719473539862044], [-70.4569635821193, 18.720013854717013], [-70.45696580240632, 18.720284906093855], [-70.45703903608553, 18.720826473722855], [-70.45710203666178, 18.720916339860533], [-70.45756121017679, 18.721304872465154], [-70.45794247467468, 18.721531376278307], [-70.45832292935368, 18.72166333654018], [-70.45889289770058, 18.72177797316519], [-70.45917847977418, 18.721904938888805], [-70.45927334537069, 18.721908979608447], [-70.4594626284188, 18.721864846315768], [-70.45983947062923, 18.72157581429283], [-70.45998877704749, 18.72143599841414], [-70.46004021072714, 18.721345241398183], [-70.46007854922378, 18.721164230341888], [-70.46003403684907, 18.72080315287101], [-70.46005633461513, 18.72062226684563], [-70.46011477297101, 18.72050552238788], [-70.46039667416822, 18.720204025865584], [-70.46058510334002, 18.720060732109122], [-70.46115218641367, 18.71984006344624], [-70.46134104348619, 18.719746691717372], [-70.46171746725392, 18.719409890618063], [-70.46181202890622, 18.719378735596358], [-70.46200168680991, 18.71937862672761], [-70.46204941897818, 18.71941555451615]]}}, {"type": "Feature", "properties": {"level": 738, "major": false}, "geometry": {"type": "LineString", "coordinates": [[-70.45445622452951, 18.71861697949672], [-70.4545981521323, 18.718580000893354], [-70.45488276775407, 18.718594961400125], [-70.45554807724957, 18.718770821139817], [-70.45602261532967, 18.71881656866495], [-70.4563079422792, 18.718914557141197], [-70.45640330761258, 18.718977147765017], [-70.45658290666685, 18.719203609096663], [-70.45669256353709, 18.719533795434202], [-70.45691649363852, 18.720014220960977], [-70.45692018230002, 18.720285260922225], [-70.45696543971594, 18.72055597755362], [-70.4569743840208, 18.72082697661419], [-70.45702913669898, 18.72091690693277], [-70.45754376429551, 18.721364684094414], [-70.45784774029318, 18.721542617809313], [-70.45832339380294, 18.721717493397186], [-70.45879844415599, 18.721821955472745], [-70.4591791418363, 18.72198209187894], [-70.45927403515095, 18.721989357459606], [-70.45946337256176, 18.721951547824766], [-70.45993421987181, 18.72156632475115], [-70.4600566693127, 18.72143546921085], [-70.46010075515262, 18.721344769455968], [-70.4601351832677, 18.72116378887363], [-70.4600961384313, 18.720802668804534], [-70.4601255947453, 18.72062172697492], [-70.46016667415135, 18.720531050647196], [-70.46024398423907, 18.720440091876636], [-70.46049157825816, 18.720212661162055], [-70.46068020345348, 18.72009219884658], [-70.46142830670384, 18.719798363146463], [-70.46156697373027, 18.719706925188625], [-70.46171870613698, 18.71955403255326], [-70.46181325832977, 18.719521767935536], [-70.46200327745063, 18.719563659165768], [-70.46205141410316, 18.719647630459782]]}}, {"type": "Feature", "properties": {"level": 740, "major": true}, "geometry": {"type": "LineString", "coordinates": [[-70.45445674888416, 18.718678294934435], [-70.45459863773299, 18.718636779219466], [-70.45488316528808, 18.718641433505482], [-70.45554853533352, 18.71882434654988], [-70.45602308224196, 18.71887110769745], [-70.45630848070945, 18.718977437339465], [-70.45640394357883, 18.71905141347503], [-70.45652263303045, 18.71920407774995], [-70.45664801686566, 18.71956452774498], [-70.45686916094675, 18.72001458909244], [-70.45688463408761, 18.720375893621075], [-70.45692730377135, 18.720646630387826], [-70.4569198297098, 18.72082740094352], [-70.4569891546514, 18.720946368553786], [-70.45746696668202, 18.721373378202905], [-70.45784823607609, 18.72160044755794], [-70.45816095594704, 18.72172130506781], [-70.45879903647332, 18.721890999134608], [-70.45917982614118, 18.722061836516787], [-70.45927475532733, 18.72207327683192], [-70.45946413985729, 18.722040946385825], [-70.4597183097867, 18.721799530849946], [-70.46005441995135, 18.72152584284869], [-70.46015951769446, 18.72134431138478], [-70.46018863398363, 18.721163372204035], [-70.46015644924125, 18.72080219867698], [-70.46019393714316, 18.72062119423267], [-70.46030401290506, 18.72045657921667], [-70.46058647673584, 18.720220642249632], [-70.46144084030472, 18.719888621437352], [-70.46162067180059, 18.71979686227737], [-70.4617201342623, 18.719720190869257], [-70.4618148617669, 18.71970831143554], [-70.46200507565372, 18.71977283383567], [-70.4620528668255, 18.719816611165037]]}}, {"type": "Feature", "properties": {"level": 740, "major": true}, "geometry": {"type": "LineString", "coordinates": [[-70.46207870693708, 18.72282203138991], [-70.46193695334014, 18.723047211752316], [-70.4618952231999, 18.723228249534525], [-70.46194974504483, 18.723318179989544], [-70.46208376743367, 18.723410542281314]]}}, {"type": "Feature", "properties": {"level": 742, "major": false}, "geometry": {"type": "LineString", "coordinates": [[-70.45445725358952, 18.7187373124561], [-70.45459911978243, 18.71869314211889], [-70.45488357009324, 18.718688755475128], [-70.4555489934233, 18.71887787245952], [-70.45602354915583, 18.718925646729623], [-70.45630905019156, 18.71904394363452], [-70.456462360124, 18.719204546378172], [-70.45659811306324, 18.71957807081899], [-70.45682139344218, 18.72001496059354], [-70.4568785448887, 18.720556653411005], [-70.45687219222165, 18.720827771460065], [-70.45690482862986, 18.72091787383155], [-70.45698971195769, 18.72101141512942], [-70.45746752166067, 18.721438130272446], [-70.45775349861314, 18.72161133518522], [-70.4581341591863, 18.721767299363396], [-70.45870447034916, 18.721921868045087], [-70.45918051116432, 18.722141664453286], [-70.45927547550751, 18.72215719620346], [-70.45946491486629, 18.722131243138676], [-70.45954553013686, 18.72207194563538], [-70.45969756324916, 18.72189004864425], [-70.46002965953537, 18.721637249292964], [-70.46012919545002, 18.721525259962323], [-70.46021731854421, 18.721343860792278], [-70.46024309349426, 18.721072591553362], [-70.4602158328261, 18.720801735758247], [-70.46026227840196, 18.72062066147437], [-70.46031494443693, 18.720529894792165], [-70.4605872209543, 18.720307293997838], [-70.4606816035677, 18.72025520899193], [-70.46134345515942, 18.720027351452224], [-70.46172135395838, 18.71986209765048], [-70.46181612058767, 18.71985476080258], [-70.4620061282855, 18.719895279175493], [-70.46205385516001, 18.71993157323021]]}}, {"type": "Feature", "properties": {"level": 742, "major": false}, "geometry": {"type": "LineString", "coordinates": [[-70.46207702807017, 18.722626782567666], [-70.46193675799009, 18.72285669835677], [-70.46173455632048, 18.723048791462528], [-70.46160570786736, 18.72323050909056], [-70.46160375417068, 18.72332088037515], [-70.46208608914306, 18.723680538331664]]}}, {"type": "Feature", "properties": {"level": 744, "major": false}, "geometry": {"type": "LineString", "coordinates": [[-70.4544577469077, 18.71879499820815], [-70.45459959328294, 18.71874850524923], [-70.45488399317091, 18.718738213358975], [-70.45554945151865, 18.718931398836673], [-70.45602402680022, 18.718981438970655], [-70.45630965458291, 18.719114526454582], [-70.45640154877793, 18.71920501917317], [-70.45645063983147, 18.71929499374241], [-70.45659907194761, 18.719690026690675], [-70.45677362593648, 18.720015332082472], [-70.4568394965869, 18.72055695711081], [-70.45683109936209, 18.720828091063833], [-70.4568586722443, 18.720918232826286], [-70.45692569781323, 18.721008067720962], [-70.45746804050933, 18.72149866663716], [-70.45775398846217, 18.721668476257264], [-70.45810432470293, 18.721812102092546], [-70.45860987219478, 18.72194900720619], [-70.45892423800011, 18.722076785979173], [-70.45918110987661, 18.722211433980117], [-70.4592760410236, 18.722223092948543], [-70.45946552810551, 18.722202691633893], [-70.45955536483565, 18.72216222511348], [-70.45974761606196, 18.721922507091023], [-70.46003038399486, 18.721721625761177], [-70.46013835833611, 18.72161554463491], [-70.46021811054206, 18.72149628487343], [-70.46027511939229, 18.72134341018195], [-70.46029612725833, 18.721072178105285], [-70.46027521534475, 18.720801272829], [-70.46030605229639, 18.72069407370166], [-70.4603996574338, 18.720551419693784], [-70.46058805782755, 18.720404733272716], [-70.46068243804676, 18.72035236351497], [-70.46172255474698, 18.720001803377137], [-70.46181733392366, 18.71999591725243], [-70.46200741277096, 18.720044693158204], [-70.46205632739984, 18.720219137985307]]}}, {"type": "Feature", "properties": {"level": 744, "major": false}, "geometry": {"type": "LineString", "coordinates": [[-70.46205703799613, 18.720301791797716], [-70.46199919724538, 18.720516756802223], [-70.46199939073982, 18.720607111341984], [-70.46204441681255, 18.72087782804815], [-70.46202300460662, 18.7213297753984], [-70.46206869428545, 18.721657544524824]]}}, {"type": "Feature", "properties": {"level": 744, "major": false}, "geometry": {"type": "LineString", "coordinates": [[-70.46207561873318, 18.722462877666114], [-70.46195638312597, 18.722685635968766], [-70.46184173901833, 18.7228348763197], [-70.46146487089538, 18.723120772183908], [-70.46124123659185, 18.723233353012677], [-70.4611808932269, 18.72332417984753], [-70.46118372057502, 18.72350992870529], [-70.46120709230705, 18.72359504359885], [-70.4612803551902, 18.72371970230727], [-70.46170798452974, 18.72386220313893], [-70.46190051493886, 18.724312480521544], [-70.46198109695786, 18.724402207513275], [-70.46209267375073, 18.724446249900968]]}}, {"type": "Feature", "properties": {"level": 746, "major": false}, "geometry": {"type": "LineString", "coordinates": [[-70.45445823061941, 18.71885156043096], [-70.45469478593965, 18.718790985660295], [-70.45497940088983, 18.718805826334492], [-70.45545488988965, 18.718962686980074], [-70.45602450917582, 18.719037783650514], [-70.45611962597742, 18.7190713487384], [-70.45631025897693, 18.719185109274097], [-70.4563932445451, 18.719295439977056], [-70.45657559353673, 18.719745803364027], [-70.45672585842965, 18.720015703559234], [-70.45680044828434, 18.72055726080249], [-70.4567900066138, 18.72082841065772], [-70.45681521980322, 18.72091857077991], [-70.45687158265973, 18.721008488623948], [-70.45699081186173, 18.72113979077351], [-70.45746854597596, 18.72155764144012], [-70.45775446558652, 18.721724132790943], [-70.45804001024578, 18.72184683169943], [-70.4585152372487, 18.721971860782926], [-70.45918165096865, 18.722274488598988], [-70.45946603620123, 18.722261889615705], [-70.45956054891316, 18.722224795669494], [-70.45965025184807, 18.722161485681227], [-70.45979051307519, 18.72197968035551], [-70.4601253012448, 18.72173169499597], [-70.46022414533894, 18.721614875868486], [-70.46034055559997, 18.72134290002551], [-70.46036081393767, 18.721162029889108], [-70.46035437489677, 18.72080065569435], [-70.46040101106773, 18.720709044465213], [-70.46056076602414, 18.72052797820817], [-70.46068339778603, 18.720464100765238], [-70.46136743398937, 18.720250618421538], [-70.46172408620573, 18.720179979118836], [-70.46181919209212, 18.720212089435357], [-70.46185746823775, 18.72024679477235], [-70.46186782746777, 18.720337069983945], [-70.4617912030725, 18.720518380077344], [-70.46189844019553, 18.720878967389993], [-70.46187807951164, 18.72133090654025], [-70.46196240198337, 18.721601316545225], [-70.46207037587746, 18.72185312227865]]}}, {"type": "Feature", "properties": {"level": 746, "major": false}, "geometry": {"type": "LineString", "coordinates": [[-70.4620736168496, 18.72223005708318], [-70.46198788598359, 18.722504678005755], [-70.46184080761437, 18.72272653873747], [-70.46165241948749, 18.722874798542904], [-70.46126721062238, 18.723052438263586], [-70.46118029899871, 18.723111775656104], [-70.46106723337023, 18.723234710487144], [-70.46096917327766, 18.723506543598585], [-70.46093236984476, 18.723777898851306], [-70.4609974566907, 18.72390556852638], [-70.46147503179365, 18.724302888732975], [-70.46167849226005, 18.724585281530945], [-70.46176237231278, 18.724633676918707], [-70.46185740538341, 18.72465702051379], [-70.46209449841504, 18.724658430086905]]}}, {"type": "Feature", "properties": {"level": 748, "major": false}, "geometry": {"type": "LineString", "coordinates": [[-70.45445871659788, 18.718908387510407], [-70.45460052598766, 18.718857559377813], [-70.45488487032223, 18.71884075207174], [-70.45545532319439, 18.71901331971958], [-70.45602500018187, 18.7190951362157], [-70.456241050073, 18.719206266920914], [-70.45632929920184, 18.71929593711612], [-70.45652801262722, 18.71974617333482], [-70.45667841325532, 18.720016072517232], [-70.45676139998102, 18.720557564486032], [-70.45674891429601, 18.720828730239248], [-70.45677176774564, 18.720918908720474], [-70.45689571975117, 18.72110926309407], [-70.45737359181491, 18.721543246005545], [-70.45765572688308, 18.721725237548345], [-70.45804049032958, 18.72190282188832], [-70.45832551260145, 18.721964552409332], [-70.45851573111382, 18.722029439037772], [-70.45918214772072, 18.72233237596745], [-70.45946646045016, 18.722311318479086], [-70.45962333245996, 18.722252051574134], [-70.45992260698584, 18.72197865080815], [-70.46022027113618, 18.72174789351844], [-70.46039792124698, 18.721432808864332], [-70.46042258582008, 18.721342260465864], [-70.46045592593524, 18.72089022004183], [-70.46059033206475, 18.72066952543957], [-70.46065267992944, 18.720617617598283], [-70.46087379655062, 18.72055008459494], [-70.46115811220507, 18.72052975705809], [-70.4613482191641, 18.72058175032294], [-70.46154646613428, 18.720701001941137], [-70.46165675972831, 18.720790497388066], [-70.46170700438739, 18.720880461366654], [-70.46172520777162, 18.721332099584238], [-70.46201255320645, 18.72187199321663], [-70.46202778217176, 18.72196223038267], [-70.4620100790946, 18.72223343667322], [-70.46191875371302, 18.722505217613712], [-70.46174592775587, 18.72272088930663], [-70.46150487517102, 18.722869871772097], [-70.46117918187518, 18.72298177897048], [-70.46107005241595, 18.723053976382623], [-70.46099089444996, 18.72314186197322], [-70.46089806632583, 18.723326386138435], [-70.46084571515857, 18.72350750659804], [-70.46080364036106, 18.7237789029538], [-70.46081477038305, 18.723869172200732], [-70.46090401016417, 18.72406681174592], [-70.46114290494485, 18.72431839274316], [-70.46119882167586, 18.72458902460807], [-70.46124284230885, 18.72467903718485], [-70.46128921177733, 18.724750175237492], [-70.46141405992692, 18.724858413256783], [-70.46157528520531, 18.724933516234177], [-70.46176512849163, 18.724954245712034], [-70.46209628255686, 18.72486589537801]]}}, {"type": "Feature", "properties": {"level": 750, "major": true}, "geometry": {"type": "LineString", "coordinates": [[-70.45445918135128, 18.718962732479962], [-70.4546009908864, 18.718911916200497], [-70.45488531466313, 18.718892695127252], [-70.45545574713091, 18.719062857603504], [-70.4560254911839, 18.71915248810445], [-70.45614303219344, 18.719207028863103], [-70.45625067790577, 18.71929654832254], [-70.4563119245929, 18.719379622914715], [-70.45663147344223, 18.72001643753346], [-70.45672235167696, 18.72055786816144], [-70.4567078219774, 18.720829049811766], [-70.45672831591035, 18.72091924664924], [-70.4568962737648, 18.72117392890807], [-70.45730227364905, 18.72154727548024], [-70.45756485852185, 18.7217305119725], [-70.45804091105997, 18.721951889769688], [-70.45842105220207, 18.722047173446587], [-70.45918264447462, 18.72239026333554], [-70.45946688470042, 18.722360747342215], [-70.45965596215, 18.722292612851756], [-70.45987920199686, 18.72215970132846], [-70.46030067369415, 18.72179499143479], [-70.4604235684066, 18.721613321081968], [-70.46050547607594, 18.72143197025493], [-70.46053005981494, 18.72107035420177], [-70.46055820735268, 18.720979778631843], [-70.46059239766159, 18.72091002150769], [-70.46068662087471, 18.720839341749645], [-70.46087583245121, 18.72078707878773], [-70.46116027201013, 18.72078112590133], [-70.46125536432771, 18.720811627153246], [-70.46136920202885, 18.72088309711957], [-70.46144629893567, 18.72095988583412], [-70.46150789579825, 18.721062727138786], [-70.46155342548197, 18.721333440061365], [-70.46183186573657, 18.721686413596572], [-70.46194303918064, 18.721872535797814], [-70.4619615442287, 18.721962747400976], [-70.46194600225628, 18.72223393682357], [-70.46184962144008, 18.722505757196164], [-70.46174512180423, 18.722627137171024], [-70.46146219615171, 18.722809578402018], [-70.46102252698005, 18.722963991059334], [-70.4609292605517, 18.723055074635692], [-70.4607467566686, 18.72350827843645], [-70.4606921419083, 18.723779772581075], [-70.46073309190392, 18.724050521382587], [-70.46078292981913, 18.724140488723744], [-70.46093831977251, 18.724319988755312], [-70.46098252976705, 18.724409999931158], [-70.46101154134796, 18.72459048570406], [-70.46119680374845, 18.72503226460727], [-70.461292508125, 18.7251336914651], [-70.46139678188875, 18.72517479418572]]}}, {"type": "Feature", "properties": {"level": 750, "major": true}, "geometry": {"type": "LineString", "coordinates": [[-70.46188877435387, 18.725170954316816], [-70.46209824909498, 18.725094567090377]]}}, {"type": "Feature", "properties": {"level": 752, "major": false}, "geometry": {"type": "LineString", "coordinates": [[-70.45445960057037, 18.719011752828553], [-70.45460143906982, 18.718964318457253], [-70.45488575900546, 18.718944638182464], [-70.45545616574756, 18.719111773694838], [-70.45602598351903, 18.71920999549661], [-70.45612124819311, 18.71926082009688], [-70.4562168581625, 18.719351964994992], [-70.45630237906865, 18.719476858885447], [-70.4565850156076, 18.720016798790116], [-70.45661731967688, 18.720106903821826], [-70.45668328545084, 18.72055817196808], [-70.4566666474273, 18.720829370014755], [-70.45668515867082, 18.720919582276913], [-70.45678202309486, 18.721099541389236], [-70.45689681213138, 18.721236768105697], [-70.45727917817429, 18.721591921805537], [-70.45756531944325, 18.72178428522356], [-70.458021302468, 18.721993460703573], [-70.45842152454159, 18.72210224541954], [-70.45914715321247, 18.722436474040737], [-70.45927794667591, 18.72244514699653], [-70.459467308952, 18.722410176205056], [-70.45988505678787, 18.722250011797872], [-70.4600521277506, 18.72215835342361], [-70.46038622899466, 18.721884680485417], [-70.46052058562279, 18.72170292070564], [-70.46062672481368, 18.721431024799507], [-70.46063883149003, 18.72134057430524], [-70.46061657294875, 18.721160035699715], [-70.46063949588918, 18.72106950086051], [-70.46068814734146, 18.72101705415565], [-70.46087719003324, 18.72094510960302], [-70.46097198687484, 18.72094121194405], [-70.46116188618815, 18.72096898934421], [-70.46125716823325, 18.721021557535373], [-70.46130125607117, 18.721064339341826], [-70.46133799577808, 18.721154408781636], [-70.46135444724868, 18.72133499256102], [-70.46141449667792, 18.721424880117493], [-70.46173712847948, 18.721697285393574], [-70.46187352515243, 18.721873078353223], [-70.46189656694854, 18.72214396663617], [-70.4618257945972, 18.722415587122043], [-70.46174431565602, 18.722533361614634], [-70.46146148303636, 18.722726609765537], [-70.46108323481786, 18.722851950053936], [-70.46089451929151, 18.722962201769498], [-70.46062579593591, 18.723599577880126], [-70.46060077549386, 18.723780485139923], [-70.46061953057628, 18.724068748519965], [-70.4607786530061, 18.7244115902492], [-70.4608098360659, 18.72459205912907], [-70.46099761039108, 18.724861662515117], [-70.46102184533974, 18.725177719596914]]}}, {"type": "Feature", "properties": {"level": 754, "major": false}, "geometry": {"type": "LineString", "coordinates": [[-70.45446000222687, 18.719058719397825], [-70.45460185441209, 18.719012880725273], [-70.45488618467155, 18.718994397845435], [-70.4554565843655, 18.71916068978591], [-70.45602651480314, 18.71927205210578], [-70.45612187371991, 18.71933387969592], [-70.45629703817784, 18.71956725664889], [-70.45657472108071, 18.720107235067584], [-70.45664419833963, 18.720558475928982], [-70.45662546360558, 18.720829690280798], [-70.45664236098727, 18.72091991509857], [-70.4568016597857, 18.72119921409502], [-70.45725823008297, 18.72163797433843], [-70.45747050281012, 18.721785950989805], [-70.45789305882397, 18.721994458941378], [-70.45842199688809, 18.722157318015864], [-70.45899344884828, 18.722444662978944], [-70.4591835652327, 18.72249755989077], [-70.45956237103138, 18.722437074639], [-70.46008899047123, 18.722248422165634], [-70.46027549913646, 18.72215661207376], [-70.46051577489027, 18.721974026475845], [-70.46069453533552, 18.72176072752106], [-70.46091630839335, 18.721609478562435], [-70.46087698479933, 18.721519429188998], [-70.460830117038, 18.72115837039858], [-70.46087850057151, 18.7210976627365], [-70.46097330719834, 18.721094894178158], [-70.4610628850431, 18.721156554904464], [-70.46104961180312, 18.721337370586724], [-70.46107103820081, 18.72143248873016], [-70.46134217813879, 18.721606156470898], [-70.46145208271233, 18.72163287206989], [-70.46173807255974, 18.72180711172297], [-70.4617946075228, 18.721873694272258], [-70.4618265447258, 18.7219638010631], [-70.4618312936235, 18.72214447608381], [-70.46174452402883, 18.722416221399214], [-70.46165162640482, 18.72250730242075], [-70.46146069920809, 18.722635413411307], [-70.46108249856493, 18.72276626741022], [-70.46089369144183, 18.722865847531363], [-70.46081801859633, 18.72296558624265], [-70.46056936784478, 18.723509661870633], [-70.460525963695, 18.72387142462551], [-70.46063192416561, 18.724593446770793], [-70.46086653588898, 18.72486268500426], [-70.46088519465728, 18.724952895502756], [-70.46086077671124, 18.725178976090994]]}}, {"type": "Feature", "properties": {"level": 756, "major": false}, "geometry": {"type": "LineString", "coordinates": [[-70.45446038305718, 18.719103250586294], [-70.4546022552009, 18.719059741245825], [-70.45488660781093, 18.7190438619856], [-70.45545700298473, 18.71920960587671], [-70.45592007312109, 18.719299118101834], [-70.45602706603157, 18.719336438052096], [-70.45609620391029, 18.719388105366534], [-70.45624246221547, 18.719567680924868], [-70.45653266164688, 18.720107562111316], [-70.45657677700963, 18.72028793153572], [-70.45660510887875, 18.72055877990001], [-70.45658419028297, 18.72083001123375], [-70.45659980684925, 18.720920246016554], [-70.45670638747147, 18.72114765064322], [-70.45680226141542, 18.721269441935156], [-70.45718475085845, 18.721639008323095], [-70.45747097595792, 18.72184115402518], [-70.45785190743707, 18.722028680574727], [-70.45842242700026, 18.722207466188635], [-70.45873078263635, 18.72234936114497], [-70.45899397051048, 18.722505460411323], [-70.45918398613065, 18.722546607169555], [-70.4592787669684, 18.722540729718254], [-70.45965742415387, 18.722462926489992], [-70.46022500129352, 18.722298722663623], [-70.46050834311195, 18.72216465940626], [-70.46088516214361, 18.721873079863297], [-70.4611686310269, 18.72175395206817], [-70.46145322449932, 18.721765724245298], [-70.46166308256217, 18.721874720695588], [-70.46173639996863, 18.721964504582743], [-70.46174651292276, 18.72214513774938], [-70.461610087688, 18.722417270531913], [-70.46145987677875, 18.722539725354896], [-70.46108166613963, 18.722669391988763], [-70.4608928400158, 18.722766748603483], [-70.46074364560786, 18.72296616630312], [-70.46049039165084, 18.723510277742463], [-70.4604656832131, 18.72360082648919], [-70.46045140835078, 18.723872006015856], [-70.46052466547644, 18.724594283264054], [-70.46056042078042, 18.724684360480534], [-70.46074215376447, 18.724863655202526], [-70.46076925014681, 18.724953799904313], [-70.46073999454183, 18.725179918220103]]}}, {"type": "Feature", "properties": {"level": 758, "major": false}, "geometry": {"type": "LineString", "coordinates": [[-70.45446076389034, 18.71914778198197], [-70.45460264002016, 18.71910473446233], [-70.45488701991077, 18.719092035477136], [-70.45545739020548, 18.71925485288817], [-70.45583733488411, 18.719328032598654], [-70.45602763186947, 18.71940253017551], [-70.45621908145323, 18.71961161853322], [-70.45649060221217, 18.72010788914562], [-70.45655462259559, 18.720378460032656], [-70.45656595626048, 18.720559084353983], [-70.4565428563476, 18.720830332648937], [-70.45655804680905, 18.720920570749925], [-70.45668067030319, 18.72119068583072], [-70.4568028630357, 18.72133966836164], [-70.45721236371537, 18.721728687369392], [-70.45747144910735, 18.72189635706022], [-70.45775719937963, 18.722043025850436], [-70.45832768618709, 18.722217995765543], [-70.45851802732346, 18.722297144482972], [-70.45899447243198, 18.72256395693063], [-70.45918438641294, 18.722593251959864], [-70.45927915006837, 18.722585369375707], [-70.4604151748702, 18.72235826309196], [-70.46060419716545, 18.722283759639808], [-70.4608867130102, 18.722053597625177], [-70.4611700035999, 18.7219136870066], [-70.46145438711105, 18.721900998324575], [-70.46153781118926, 18.721966054282525], [-70.46157230981885, 18.722146497185975], [-70.46154920131207, 18.722237033556475], [-70.46145871407518, 18.722404446065095], [-70.46124840257785, 18.722510448677635], [-70.46096020831999, 18.722603052920455], [-70.46083625922262, 18.72269437577238], [-70.46070715869921, 18.72287609479596], [-70.46041168463995, 18.723510891482018], [-70.46037880944002, 18.72378221604853], [-70.46042294090819, 18.724595076540844], [-70.46044079228847, 18.724685293398117], [-70.4604920223577, 18.724775249952902], [-70.46058454764994, 18.72486488443399], [-70.46063849891324, 18.724954819716583], [-70.46061615887815, 18.725180884086303]]}}, {"type": "Feature", "properties": {"level": 760, "major": true}, "geometry": {"type": "LineString", "coordinates": [[-70.45446114472277, 18.7191923131654], [-70.45460302483777, 18.719149727358133], [-70.45488743201187, 18.719140208968412], [-70.45545777555391, 18.719299880986267], [-70.45583777410323, 18.719379341881414], [-70.45603983987628, 18.719478899730245], [-70.45621974485206, 18.71968909468862], [-70.45648243382274, 18.72019830888888], [-70.45652111071874, 18.720378720613095], [-70.45652680364148, 18.72055938879978], [-70.4565015224114, 18.720830654055007], [-70.45651628676801, 18.720920895473995], [-70.45662879973933, 18.721191089211263], [-70.45676227398306, 18.72137076361968], [-70.45718590190717, 18.7217733304725], [-70.45756723208025, 18.72200742046759], [-70.45775765622129, 18.722096315148463], [-70.4584232290648, 18.722300981074024], [-70.45870742973753, 18.722439899159216], [-70.4588998302468, 18.722585998438372], [-70.45899496270543, 18.722621095715628], [-70.45927953316944, 18.722630009032947], [-70.46013187564864, 18.722497332870997], [-70.46051112148785, 18.722488133380114], [-70.46068491307906, 18.72251484399429], [-70.46068297943646, 18.722695571221934], [-70.460574081555, 18.72305784475469], [-70.46033426494105, 18.72351149515114], [-70.4603125141962, 18.723602020820966], [-70.46034681834364, 18.724686026196235], [-70.46038857517573, 18.724866412714658], [-70.46049534642204, 18.72513664826539], [-70.46048343751772, 18.725181919166307]]}}, {"type": "Feature", "properties": {"level": 760, "major": true}, "geometry": {"type": "LineString", "coordinates": [[-70.46098484111918, 18.722437349045908], [-70.46089018824445, 18.72245810042847], [-70.46080398506545, 18.722423559281975], [-70.46098311723266, 18.722236709891], [-70.46117243310653, 18.722196419980413], [-70.46119683288534, 18.722239782822353], [-70.46117302583885, 18.722265398227716], [-70.46107835964003, 18.722284584569202], [-70.46104258917252, 18.722331342126694], [-70.46103073081382, 18.722421790692422], [-70.46098484111918, 18.722437349045908]]}}, {"type": "Feature", "properties": {"level": 762, "major": false}, "geometry": {"type": "LineString", "coordinates": [[-70.45446151738669, 18.719235889075854], [-70.45469815566604, 18.71918495203843], [-70.45498283805993, 18.719207598708017], [-70.45583821331776, 18.719430650461334], [-70.45607115986381, 18.71956901253373], [-70.45621028444614, 18.71974864355681], [-70.4564064025679, 18.720108543813918], [-70.45647606981944, 18.72028871460166], [-70.45648765132458, 18.720559693235042], [-70.45646018847434, 18.720830975451968], [-70.45647452726713, 18.720921220184554], [-70.45661245841913, 18.72125289977192], [-70.45670844959452, 18.721388376068674], [-70.45716225523552, 18.721819433393264], [-70.4573772018349, 18.721964462794034], [-70.45775811306447, 18.722149604446177], [-70.45813826476221, 18.722246080553834], [-70.45842361126073, 18.722345542138605], [-70.45862224200836, 18.72244056258884], [-70.45890036360514, 18.722648162486554], [-70.45899545297164, 18.722678233450072], [-70.45918518698106, 18.722686541539748], [-70.45956395691299, 18.722621829434345], [-70.46013248025942, 18.722567742395], [-70.46041723207516, 18.72259778759055], [-70.46051260185335, 18.722660483056654], [-70.4605414438693, 18.72269667496537], [-70.46055499863365, 18.72278692534203], [-70.46054082355835, 18.722967748031817], [-70.46051411372706, 18.723058312390485], [-70.46025916023252, 18.72351208073887], [-70.46024036686141, 18.723602583344707], [-70.46027729424449, 18.7241444318831], [-70.46027335598365, 18.724867311149527], [-70.46028192428716, 18.724957600405645], [-70.46034622637336, 18.725137811131944], [-70.46033119036237, 18.725183106410125]]}}, {"type": "Feature", "properties": {"level": 764, "major": false}, "geometry": {"type": "LineString", "coordinates": [[-70.45446187569482, 18.719277786236308], [-70.45469853942598, 18.71922981811739], [-70.45498322235622, 18.719252518638626], [-70.45574352221585, 18.719446837086274], [-70.45602922354756, 18.719588443040116], [-70.45616738423229, 18.719748977049207], [-70.45644250075495, 18.720288975611624], [-70.4564484991974, 18.720559997660654], [-70.45641883853017, 18.720831296964267], [-70.45643276778561, 18.72092154488566], [-70.45661324137534, 18.721344305266122], [-70.45709150889907, 18.721824435488177], [-70.45737776030047, 18.72202962349881], [-70.45768287707736, 18.72217680713845], [-70.4581386146986, 18.722286888518717], [-70.45842399345773, 18.72239010320297], [-70.45861452648586, 18.72249159421686], [-70.45890089695541, 18.72271032534891], [-70.45899595450066, 18.722736683588902], [-70.45918562571734, 18.722737666904333], [-70.45946960409097, 18.72267757643621], [-70.46003820900886, 18.72263296201206], [-70.46032294419598, 18.72266105900176], [-70.46041823358988, 18.722714394644115], [-70.46045829197645, 18.722787679442686], [-70.46047041181762, 18.72287794101582], [-70.46047849771176, 18.72296823404226], [-70.46045414477678, 18.723058780015847], [-70.4602316836809, 18.723421938884037], [-70.46018418095812, 18.723512665318562], [-70.46016822110245, 18.72360314582836], [-70.46021712378312, 18.724054544951425], [-70.46022308724133, 18.724415922751923], [-70.46020987962808, 18.72468709394434], [-70.46012358601398, 18.725184725137343]]}}, {"type": "Feature", "properties": {"level": 766, "major": false}, "geometry": {"type": "LineString", "coordinates": [[-70.4544622308329, 18.71931931261379], [-70.4546989018621, 18.71927219107374], [-70.45498359930062, 18.719296579091594], [-70.45574392330872, 18.719493695194704], [-70.45602970536756, 18.719644720656927], [-70.45612544417068, 18.71975089084686], [-70.4564080537124, 18.72028924344188], [-70.45641601319085, 18.72046079043446], [-70.45637551031662, 18.720831633848597], [-70.45638978942603, 18.720921879054426], [-70.45658010492046, 18.721372180317005], [-70.45709213888398, 18.72189795592513], [-70.45728303199719, 18.722041612976398], [-70.45756881129275, 18.72219165480806], [-70.45813895642766, 18.722326739282614], [-70.4584243756558, 18.72243466426711], [-70.45858981046135, 18.722531171293028], [-70.45890143000979, 18.72277245347947], [-70.45899646891517, 18.722796635225535], [-70.45918609514125, 18.72279236807429], [-70.45956474265623, 18.722713367516413], [-70.46003874534637, 18.722695424359102], [-70.4602287048623, 18.72272999164681], [-70.46034575324474, 18.722788556936067], [-70.46041522318681, 18.72296872742918], [-70.46038921489493, 18.723059286303858], [-70.46023342955523, 18.72328015023179], [-70.46011238024452, 18.723513225088304], [-70.46010091514044, 18.723603670553548], [-70.46016776828742, 18.72414528583282], [-70.4601560922764, 18.724597157238957], [-70.4600386737199, 18.725049853038996], [-70.45997951105747, 18.72518584837957]]}}, {"type": "Feature", "properties": {"level": 768, "major": false}, "geometry": {"type": "LineString", "coordinates": [[-70.45446257407772, 18.719359448201864], [-70.45469926160679, 18.719314249257316], [-70.45498395561147, 18.719338227608095], [-70.45574431580621, 18.719539549003144], [-70.45603018718927, 18.719700998273396], [-70.45613580520421, 18.719839578773232], [-70.456369232809, 18.72028954527189], [-70.45638208048611, 18.72037980161531], [-70.45633218210216, 18.720831970722926], [-70.45637920553246, 18.721012317572434], [-70.4565322840968, 18.721372552181933], [-70.45661448275122, 18.721489227453088], [-70.45678718526332, 18.72164163850174], [-70.45699720151173, 18.721885540109323], [-70.45724888594911, 18.722089827990214], [-70.45756930454235, 18.722249197932104], [-70.4580442573286, 18.722342144513505], [-70.45834418489721, 18.722442727787502], [-70.45850664990944, 18.72253181888619], [-70.45890196292859, 18.72283456556438], [-70.4589970020972, 18.722858773854224], [-70.45918662719137, 18.722854366740044], [-70.45956520998234, 18.722767810159443], [-70.46003938055992, 18.722769401578255], [-70.4601369060302, 18.722790185192245], [-70.46027363397125, 18.722879475318], [-70.46033896279404, 18.72296932204578], [-70.46031469414294, 18.723059867348546], [-70.46017618911809, 18.723241659375866], [-70.46004510433455, 18.723513749556986], [-70.46004729730785, 18.72369136005054], [-70.46011475371733, 18.72414569915272], [-70.46009845354784, 18.724597606615326], [-70.45996387589132, 18.725020178094603], [-70.45985278280592, 18.725186836291194]]}}, {"type": "Feature", "properties": {"level": 770, "major": true}, "geometry": {"type": "LineString", "coordinates": [[-70.45446291717363, 18.71939956627945], [-70.45469960490709, 18.719354384801715], [-70.45498430600969, 18.719379184902817], [-70.45574470578137, 18.71958510800461], [-70.45603068090077, 18.719758664427655], [-70.45612672145667, 18.719900068913777], [-70.45633041190484, 18.720289847093852], [-70.45634265867187, 18.720380108113087], [-70.45628577909778, 18.720832331492446], [-70.45630108199107, 18.720922568748378], [-70.4564844637982, 18.72137292403057], [-70.45653759348316, 18.72146286711326], [-70.456720837243, 18.721642154514534], [-70.45690227435283, 18.72187431511042], [-70.45718891089574, 18.72212446034951], [-70.45756978178571, 18.722304873547124], [-70.45804459675821, 18.722381729565445], [-70.45832996229932, 18.722483389513933], [-70.45852063183123, 18.722600787618344], [-70.45890249574234, 18.72289666516101], [-70.45899753607645, 18.722921005149296], [-70.45918716586488, 18.72291713696805], [-70.45947097539582, 18.7228373411721], [-70.45985030353535, 18.722837624793808], [-70.46004010545461, 18.722853822674555], [-70.46013527603452, 18.722893318341786], [-70.46022589740903, 18.722970203580676], [-70.46021281769937, 18.723060661639927], [-70.46009417169435, 18.72324229878308], [-70.45998736933089, 18.723514199627527], [-70.46000440813444, 18.723785135063075], [-70.46006289012395, 18.72414610348469], [-70.46002363629829, 18.72468854597313], [-70.45991520714738, 18.724960459481355], [-70.45973796095885, 18.725187731312253]]}}, {"type": "Feature", "properties": {"level": 772, "major": false}, "geometry": {"type": "LineString", "coordinates": [[-70.45446326049894, 18.71943971107626], [-70.45469994820824, 18.719394520345933], [-70.45498465640884, 18.719420142197354], [-70.45574508992777, 18.719629985933455], [-70.45593567690251, 18.719738320210922], [-70.4560312551896, 18.719825741857708], [-70.45628179188263, 18.72029022508995], [-70.45629614681428, 18.720380469724063], [-70.4562468227322, 18.720651921891594], [-70.45623869893802, 18.7208326975149], [-70.45628622643893, 18.72101304047488], [-70.45643664370824, 18.721373295865376], [-70.4565198643031, 18.721514016973718], [-70.456650632107, 18.721642700499935], [-70.45684625809886, 18.7219122476645], [-70.45703076955381, 18.72209152484524], [-70.4571596272067, 18.722180878608118], [-70.45756589209519, 18.72235842989345], [-70.45804493618726, 18.722421314449274], [-70.4582351711645, 18.72248807010197], [-70.45842569314308, 18.72258827118607], [-70.45890302856819, 18.722958765923376], [-70.45899807302422, 18.722983582151908], [-70.45918770577245, 18.722980050745612], [-70.4595662754235, 18.72289193141447], [-70.45985092161659, 18.72290961548926], [-70.46004086290249, 18.72294203442525], [-70.46009492069747, 18.72297122467917], [-70.46010545043343, 18.723061498681165], [-70.46001029103283, 18.723242952678934], [-70.45992963432558, 18.723514649680283], [-70.46001425668761, 18.7241464826211], [-70.45999107302387, 18.724598443752875], [-70.45986816873732, 18.724918332599334], [-70.45977444794413, 18.72504781879838], [-70.45963261877917, 18.725188552378647]]}}, {"type": "Feature", "properties": {"level": 774, "major": false}, "geometry": {"type": "LineString", "coordinates": [[-70.45446360369773, 18.71947984097958], [-70.45470029151026, 18.71943465588997], [-70.4549850068089, 18.719461099491703], [-70.45574547407529, 18.719674863862085], [-70.45588330538124, 18.719751185138442], [-70.4559803870056, 18.71984078684057], [-70.45610529601989, 18.72002052842143], [-70.45622944709673, 18.7202906320301], [-70.45624052822477, 18.72038090212105], [-70.45619957435126, 18.72056193297323], [-70.45619161935171, 18.72083306352106], [-70.45623703075043, 18.7210134229474], [-70.45638647769158, 18.721373685928288], [-70.45648875198388, 18.721553603123922], [-70.45664667997838, 18.721733087446577], [-70.45675124203343, 18.72191298667096], [-70.45703176333815, 18.722181873309907], [-70.4574756789623, 18.722389851834365], [-70.45804529799167, 18.72246350868502], [-70.4582333721625, 18.72253394671209], [-70.4584261621831, 18.722642956581584], [-70.45890360123298, 18.723025509636884], [-70.45899866029875, 18.723052024059346], [-70.4591882921607, 18.72304838049405], [-70.45947206685082, 18.722964500669605], [-70.45956682951682, 18.72295648152604], [-70.4597977932972, 18.72297354075403], [-70.45994704531866, 18.72306011805896], [-70.45987189931863, 18.723515099715254], [-70.45996656287704, 18.724146854420113], [-70.45993953958796, 18.72459884548519], [-70.45987555142581, 18.72478005645155], [-70.45977363361588, 18.72495297695003], [-70.45951789021206, 18.72518944653776]]}}, {"type": "Feature", "properties": {"level": 776, "major": false}, "geometry": {"type": "LineString", "coordinates": [[-70.45446396899027, 18.719522554168744], [-70.45470063481318, 18.719474791433836], [-70.45498535846521, 18.719502203522644], [-70.45574585822388, 18.719719741790502], [-70.45591514532836, 18.71984129392641], [-70.45605792177757, 18.720020896670903], [-70.45617710230951, 18.72029103895563], [-70.45618491036333, 18.720381334495865], [-70.45613411088758, 18.720652798114063], [-70.45614453990312, 18.720833429514325], [-70.45625353148766, 18.721194007122804], [-70.45642474459838, 18.72155410082912], [-70.45655945947648, 18.721733765724785], [-70.45665288904571, 18.721913751580235], [-70.45679876926218, 18.722093329432454], [-70.45690083937565, 18.72218289172689], [-70.45747617801557, 18.72244807507951], [-70.45804569332567, 18.72250961306902], [-70.45814077770419, 18.72253912590181], [-70.4584266312302, 18.72269764261462], [-70.45890421456457, 18.723096992725623], [-70.45899928223663, 18.72312450536326], [-70.45918890765954, 18.72312010207408], [-70.45947270104179, 18.72303838634456], [-70.45956749814397, 18.723034374115905], [-70.45975758554515, 18.723083800258777], [-70.4598363465326, 18.723244308552196], [-70.45981904701735, 18.723605867767787], [-70.45991886848964, 18.72414722621147], [-70.45988800615076, 18.724599247203336], [-70.4598144307163, 18.724780532886747], [-70.45968718228407, 18.72496223689372], [-70.45949061300293, 18.72512505555959], [-70.45934364272102, 18.72519080443462]]}}, {"type": "Feature", "properties": {"level": 778, "major": false}, "geometry": {"type": "LineString", "coordinates": [[-70.4544643423421, 18.71956620960349], [-70.45470099152354, 18.719516494335206], [-70.45498571230341, 18.71954356247652], [-70.45570808997051, 18.719752546838706], [-70.45584990272873, 18.7198418009967], [-70.4560035379647, 18.720021319392405], [-70.45612390712382, 18.72029145247713], [-70.45612906366183, 18.720381768633075], [-70.45607716068383, 18.720562884579753], [-70.4560733594158, 18.720653270368185], [-70.45611239751823, 18.720924035616935], [-70.4561995125391, 18.721194427087152], [-70.45654519723865, 18.721914589060002], [-70.45676234676225, 18.722183968918475], [-70.45747666840722, 18.722505287586532], [-70.45804611299103, 18.722558554858207], [-70.45814122350137, 18.722591111729148], [-70.45837155371977, 18.722713583133093], [-70.45890486433876, 18.723172722803824], [-70.45899991664608, 18.72319843977316], [-70.4591895354333, 18.723193253667624], [-70.45947342643163, 18.723122896614253], [-70.4595683382113, 18.723132238306377], [-70.45972473189961, 18.7232451784877], [-70.459752239381, 18.723335320195474], [-70.45976447942947, 18.723606293083243], [-70.45987117394476, 18.72414759799192], [-70.45983491655518, 18.724599661037363], [-70.45975083263949, 18.72478102861182], [-70.45958424846452, 18.724985599049077], [-70.45949000017214, 18.725053667869457], [-70.45916905741595, 18.725192164801452]]}}, {"type": "Feature", "properties": {"level": 780, "major": true}, "geometry": {"type": "LineString", "coordinates": [[-70.45446473307098, 18.719611896778346], [-70.45470135582765, 18.719559084906262], [-70.45498606661153, 18.7195849762497], [-70.4556515817857, 18.719784394193127], [-70.4557467529671, 18.71982426913463], [-70.45586483618827, 18.719932041187757], [-70.455941325892, 18.720021802943045], [-70.45606318667635, 18.72029192447902], [-70.45606524136784, 18.720382264750008], [-70.4560087790265, 18.720563416123078], [-70.45600864355045, 18.72065377341802], [-70.45606212736287, 18.72092442639451], [-70.45614549395243, 18.7211948470331], [-70.45637716231765, 18.721735183244178], [-70.45643376359052, 18.721915455573512], [-70.45663542991302, 18.722184955984176], [-70.45671579589285, 18.722245928796816], [-70.45747715605155, 18.722562179364736], [-70.45804656355419, 18.722611099813943], [-70.45814166930276, 18.72264309787366], [-70.45833219628612, 18.722743867115685], [-70.45890551411607, 18.723248452881393], [-70.45900055354205, 18.723272663617298], [-70.45919016739602, 18.723266893038087], [-70.45947419346312, 18.723212257780396], [-70.45957965204816, 18.723246309155023], [-70.45966539692365, 18.723391668313006], [-70.45981463752427, 18.724057682591003], [-70.45982127177564, 18.724328699141623], [-70.45978061375914, 18.72460008431273], [-70.45967739589692, 18.72478931646912], [-70.45951472934154, 18.72496358094869], [-70.45900902100182, 18.725193411660513]]}}, {"type": "Feature", "properties": {"level": 782, "major": false}, "geometry": {"type": "LineString", "coordinates": [[-70.45446513239325, 18.71965858862413], [-70.45470172911845, 18.719602725985965], [-70.45498642304581, 18.71962663843157], [-70.4554374346726, 18.719754649935435], [-70.45566483775593, 18.719843239211656], [-70.4557473138188, 18.719889789632536], [-70.45587911381737, 18.720022286473043], [-70.45599069488247, 18.720292487958048], [-70.45599027722308, 18.72038284744935], [-70.45593362624196, 18.72056400027085], [-70.4559386506794, 18.720654317461953], [-70.45606096682735, 18.721105147888935], [-70.4562719010803, 18.7216456454376], [-70.45632996634247, 18.721916262646374], [-70.45662122984469, 18.722276881431586], [-70.45671648656094, 18.72232654990335], [-70.4570017033992, 18.72241094359537], [-70.45747763983071, 18.72261862000407], [-70.45804701412463, 18.722663645441838], [-70.45814211511072, 18.72269508461325], [-70.45833272706777, 18.722805754371972], [-70.45871523211513, 18.723176343301706], [-70.45890617337875, 18.723325288086773], [-70.45900119701167, 18.723347653198655], [-70.45947502682044, 18.72330934550162], [-70.45957044212444, 18.723377332378888], [-70.4596849871273, 18.723697268737165], [-70.45976706494768, 18.724058053392724], [-70.45977280194619, 18.724329076943178], [-70.45972199833801, 18.72460054118616], [-70.45961492170296, 18.7247820879183], [-70.4594887531527, 18.724908403552664], [-70.45887323098243, 18.72519446950635]]}}, {"type": "Feature", "properties": {"level": 784, "major": false}, "geometry": {"type": "LineString", "coordinates": [[-70.45446553202343, 18.719705316336047], [-70.45470211080308, 18.719647348255474], [-70.45498677948108, 18.71966830062037], [-70.45531085906833, 18.71975563334281], [-70.45554339490853, 18.719844182893926], [-70.45574791197419, 18.719959667768457], [-70.45581315551125, 18.720022799097258], [-70.45586009918905, 18.720112790507557], [-70.45590817106014, 18.72029312938194], [-70.45585847345464, 18.72056458438849], [-70.45586865780596, 18.720654861479748], [-70.45620386414846, 18.72164617439821], [-70.45623660608287, 18.721916988517563], [-70.45628232036655, 18.722006989318114], [-70.45643276888292, 18.722186531954016], [-70.45662197162137, 18.72236347385488], [-70.45700219778267, 18.722468640728913], [-70.45747812360425, 18.722675059787555], [-70.45804746477303, 18.722716199985555], [-70.45814259680269, 18.72275125568059], [-70.45833334051713, 18.722877280090117], [-70.45871596685298, 18.723261986430156], [-70.45890683897164, 18.72340286068185], [-70.4590018463899, 18.7234233310052], [-70.45947597746857, 18.723420097100714], [-70.45955835590131, 18.723517543424364], [-70.45966490350698, 18.72378778135915], [-70.45972074573608, 18.72405841441355], [-70.4597223160722, 18.72432947044561], [-70.4596624083474, 18.72460100563699], [-70.45958211848797, 18.724737493998543], [-70.45948808844841, 18.724830972125666], [-70.45892132050614, 18.72509054002583], [-70.45874586270516, 18.725195461654746]]}}, {"type": "Feature", "properties": {"level": 786, "major": false}, "geometry": {"type": "LineString", "coordinates": [[-70.45446593108434, 18.719751977346196], [-70.45470249248879, 18.71969197052476], [-70.45498713592224, 18.719709963388148], [-70.45542309332185, 18.719845117630314], [-70.45574016361215, 18.72002336635909], [-70.45578965974643, 18.720113337953173], [-70.45582557970363, 18.720293771294344], [-70.45578688300672, 18.720565140790157], [-70.45580080519194, 18.720655388837475], [-70.45613612266784, 18.72164670103725], [-70.45614401404693, 18.721919583687793], [-70.45618265657953, 18.722007764175064], [-70.45643184320795, 18.722309081707817], [-70.45652738739012, 18.72239231354535], [-70.45664164298145, 18.722455976284046], [-70.45700271101879, 18.722528537839715], [-70.45747860846143, 18.7227316257906], [-70.458047961239, 18.72277409756908], [-70.45813190741019, 18.722805805112554], [-70.45837375293931, 18.722984634446707], [-70.45871674218466, 18.723352360789605], [-70.45890750619036, 18.72348062237591], [-70.4594769428881, 18.723532568787203], [-70.45953610668407, 18.723608072913514], [-70.45962141693977, 18.723788120274232], [-70.45967989154128, 18.72414908892211], [-70.45965651188995, 18.724420339414152], [-70.4595812925169, 18.724641281752522], [-70.45948740347878, 18.72475117958894], [-70.45873185192956, 18.725113482420618], [-70.45862779435467, 18.725196381283045]]}}, {"type": "Feature", "properties": {"level": 788, "major": false}, "geometry": {"type": "LineString", "coordinates": [[-70.45446633592182, 18.719799313653013], [-70.45470287417557, 18.719736592793833], [-70.45498749236435, 18.719751626155734], [-70.45530366236983, 18.7198460455255], [-70.45565370606927, 18.72003257519586], [-70.45571092923754, 18.720113949804464], [-70.45574273198733, 18.720294415162634], [-70.45571898206504, 18.72056566849167], [-70.45573513113223, 18.720655899239834], [-70.45607151427407, 18.72164720329608], [-70.45607556940189, 18.721918240460077], [-70.45610034793205, 18.722008404060873], [-70.45643290793868, 18.722433390450693], [-70.45662335561336, 18.722525034982972], [-70.45700323976753, 18.722590245112016], [-70.45747909781521, 18.722788716185153], [-70.45804847567781, 18.72283409090576], [-70.45814366517772, 18.72287584032396], [-70.45829140378576, 18.722985275639665], [-70.45862194679025, 18.723356598392282], [-70.45884011278366, 18.72352313932235], [-70.45890817236125, 18.72355826157037], [-70.45928771795701, 18.723583685743552], [-70.45947780824227, 18.723633382147042], [-70.45957793037165, 18.723788459179218], [-70.45962816747125, 18.724059135951983], [-70.45962093001175, 18.72433026063864], [-70.45953444162159, 18.72460200295942], [-70.45948667746792, 18.72466660569517], [-70.4592979917278, 18.724780685450312], [-70.45863678010149, 18.72508561395026], [-70.45852135186337, 18.725197210294326]]}}, {"type": "Feature", "properties": {"level": 790, "major": true}, "geometry": {"type": "LineString", "coordinates": [[-70.45446674482133, 18.71984712477535], [-70.4547032712724, 18.71978301648645], [-70.4549878860456, 18.7197976414952], [-70.45517798377104, 18.719848825344183], [-70.45546354320594, 18.719973817807467], [-70.45555435679279, 18.72002481024191], [-70.45562376055847, 18.72011462719409], [-70.45565946732678, 18.720295062234378], [-70.45565390179712, 18.720566174248827], [-70.45567255548153, 18.720656385540714], [-70.4558451953486, 18.72110682505859], [-70.45600997319829, 18.721647681689166], [-70.45603542020493, 18.722008908798003], [-70.45612941104213, 18.722188890571076], [-70.45633834905182, 18.72246519823834], [-70.45647348551243, 18.722547640188086], [-70.45662394656772, 18.722594019885676], [-70.45700377369364, 18.722652556360583], [-70.45747958976749, 18.722846109527183], [-70.45804901288885, 18.722896739675132], [-70.458144224807, 18.72294109905288], [-70.45830364940116, 18.723075536440735], [-70.45862282016567, 18.723458406919264], [-70.45871835056442, 18.72353983540471], [-70.45890883681403, 18.723635700145657], [-70.45919343952254, 18.723648171644765], [-70.45947862843326, 18.723728933421604], [-70.45955007269521, 18.723879032377095], [-70.4595841084212, 18.724149835419972], [-70.45956863509178, 18.72433066819868], [-70.45948571551656, 18.724554546105818], [-70.45932026290804, 18.724694028087878], [-70.4591518092086, 18.724785696733196], [-70.45854158552945, 18.725043434591367], [-70.45841350557527, 18.725198050177173]]}}, {"type": "Feature", "properties": {"level": 792, "major": false}, "geometry": {"type": "LineString", "coordinates": [[-70.45446715727212, 18.719895350987027], [-70.45470368592188, 18.719831492077994], [-70.45498828663514, 18.71984446417269], [-70.45536877603809, 18.719981156481555], [-70.4554570475403, 18.72002556634707], [-70.45553603335262, 18.72011530888308], [-70.45557620266283, 18.720295709269138], [-70.45560997982889, 18.720656871820708], [-70.4557903830071, 18.72110725106973], [-70.45595032580476, 18.72164814534232], [-70.45601066080715, 18.72209945749623], [-70.45610394444728, 18.722279444776518], [-70.45633915460822, 18.722559253315133], [-70.4564344171807, 18.722609594807874], [-70.45662451970362, 18.722660924472063], [-70.45700430762186, 18.722714867608712], [-70.45748008336959, 18.72290369513333], [-70.458049550102, 18.722959388444075], [-70.458222095163, 18.723076171416533], [-70.45862368503352, 18.72355922307693], [-70.45871913158365, 18.723630871110323], [-70.45890950008136, 18.723713000184844], [-70.45928908814656, 18.723743332129846], [-70.45940659098585, 18.7237897943846], [-70.45947964776133, 18.723847683123747], [-70.45952614355319, 18.724059931055148], [-70.45950825899632, 18.724331138721123], [-70.4594799711441, 18.724421715263663], [-70.45939073606446, 18.724537413637893], [-70.45929665217582, 18.72462461904855], [-70.45901354886342, 18.72478706187464], [-70.4584460486997, 18.724961352144973], [-70.45830433296838, 18.725198900325836]]}}, {"type": "Feature", "properties": {"level": 794, "major": false}, "geometry": {"type": "LineString", "coordinates": [[-70.45446757455024, 18.71994414149222], [-70.45460940685597, 18.719895894574126], [-70.4548937505531, 18.719878810742856], [-70.45527400511081, 18.719988057151763], [-70.45535280764368, 18.72002637624814], [-70.45544599963314, 18.720116008452262], [-70.45549672783602, 18.72029632681923], [-70.45554887875831, 18.720657346621447], [-70.45573503316702, 18.72110768124213], [-70.45589067840949, 18.721648608976498], [-70.45597542911133, 18.722190087597617], [-70.45614547723967, 18.72245983433432], [-70.45633982501613, 18.722637528312816], [-70.45653009176311, 18.72270802857812], [-70.45700484939243, 18.722778093835952], [-70.4574805769643, 18.7229612796669], [-70.45805011389879, 18.723025137076107], [-70.45814542852943, 18.723081464982272], [-70.45822927624812, 18.72316647165456], [-70.45858561263607, 18.723615477628048], [-70.4586951561321, 18.723704980616205], [-70.45891016335194, 18.723790300223367], [-70.45919474986891, 18.723800854795307], [-70.45928985303861, 18.723832452129685], [-70.45938535710525, 18.723910752106562], [-70.45946143881802, 18.724060435289868], [-70.45946464917284, 18.724150766372095], [-70.45943133452674, 18.724331738180023], [-70.45930694005385, 18.72451341970093], [-70.45910734447004, 18.72466623755575], [-70.4589184761027, 18.7247590672318], [-70.45863458835751, 18.724830149579358], [-70.45844503130756, 18.72484275153192], [-70.45835298322082, 18.72488227504081], [-70.45819674343394, 18.72519973808455]]}}, {"type": "Feature", "properties": {"level": 796, "major": false}, "geometry": {"type": "LineString", "coordinates": [[-70.45446798791284, 18.719992474022277], [-70.454609844037, 18.719947007229987], [-70.45489419384987, 18.719930628332698], [-70.45524381909094, 18.720027222982274], [-70.4553529896503, 18.720116731101793], [-70.45542214541283, 18.72029690632279], [-70.45549178955228, 18.720657790229005], [-70.45567889176232, 18.72110811754977], [-70.45583108766223, 18.721649072151386], [-70.45590638936385, 18.722190624258516], [-70.45605673990981, 18.72246052419319], [-70.45634049540999, 18.722715801280224], [-70.45653066541325, 18.72277499706742], [-70.45691033813162, 18.722815467153], [-70.45748108026164, 18.723019995928947], [-70.45805070849259, 18.723094476886676], [-70.45823573520542, 18.723256777513427], [-70.4584338360104, 18.723537621546125], [-70.45862535787055, 18.723754220986955], [-70.45872067501098, 18.723810771664418], [-70.4589108206367, 18.723866902277695], [-70.45919553681016, 18.72389254943449], [-70.45930850374104, 18.723971270896786], [-70.45936899085028, 18.724061155684836], [-70.45937856401504, 18.72415143719096], [-70.45934314038551, 18.72433242542262], [-70.4592915320373, 18.724423183658043], [-70.45907796975047, 18.72460555980981], [-70.45891789864913, 18.72469177278332], [-70.45863394254933, 18.724754874952083], [-70.45844420163615, 18.72474603345887], [-70.45834955031862, 18.724767160036745], [-70.45824337574555, 18.724883128528052], [-70.4580894875825, 18.72520057318348]]}}, {"type": "Feature", "properties": {"level": 798, "major": false}, "geometry": {"type": "LineString", "coordinates": [[-70.45446840186827, 18.720040875721153], [-70.45461028121942, 18.719998119885563], [-70.45489463714809, 18.71998244592225], [-70.45517982526216, 18.720064037056325], [-70.45527532409493, 18.720142193311823], [-70.45535012140276, 18.720297465919373], [-70.45547020115039, 18.720751747451427], [-70.45565131155236, 18.721198688133942], [-70.45581629966024, 18.72182989956535], [-70.45586521129961, 18.722281300564227], [-70.45597425749959, 18.722461165387568], [-70.45627093625822, 18.722729927569922], [-70.45634111255485, 18.72278785672634], [-70.45643626736327, 18.72282560136754], [-70.45691087861705, 18.722878547103665], [-70.45748159433788, 18.72307996946457], [-70.45786126922917, 18.72312060136264], [-70.45805133492456, 18.72316752924208], [-70.4581633543442, 18.723257341046093], [-70.45843480603475, 18.723650709716242], [-70.45862625202895, 18.723858449530784], [-70.45872149373903, 18.72390620106343], [-70.45919644010381, 18.72399780083663], [-70.45927172578486, 18.72406191356747], [-70.45929245064615, 18.72415210819008], [-70.45924895760038, 18.72433315928517], [-70.45918420370036, 18.72442401991948], [-70.4589172277737, 18.724613590909946], [-70.45863325537908, 18.72467477881899], [-70.45844332198988, 18.72464348896833], [-70.45834853491694, 18.724648782301145], [-70.45826246061404, 18.724702267659502], [-70.45816039833264, 18.72482698763373], [-70.4580672403911, 18.72506521219075], [-70.4579818051795, 18.72520141154177]]}}, {"type": "Feature", "properties": {"level": 800, "major": true}, "geometry": {"type": "LineString", "coordinates": [[-70.45446880488836, 18.7200879986651], [-70.45461071645839, 18.7200490051602], [-70.45489508644141, 18.720034964112834], [-70.45513760741362, 18.720118404356416], [-70.45522378501789, 18.72020809116336], [-70.45531386960812, 18.720388103836775], [-70.4554500439015, 18.720838827116594], [-70.45559526227186, 18.72119912370239], [-70.45578632268075, 18.721920488794318], [-70.45580242695581, 18.72228178856663], [-70.4558919864942, 18.722461804902366], [-70.45597120432794, 18.72255154534733], [-70.45634169628315, 18.72285601028284], [-70.45643680939395, 18.722888882227384], [-70.45691141910463, 18.722941627053892], [-70.45748212425558, 18.7231417908701], [-70.45779641212424, 18.72316984134146], [-70.45805196134405, 18.723240579802464], [-70.45816056582828, 18.72334771890458], [-70.45843578978146, 18.723765396852087], [-70.45862646779644, 18.723976583966735], [-70.45909932322746, 18.724063256792125], [-70.45917305597254, 18.724153038453068], [-70.4591297302848, 18.724334088224193], [-70.45905649391365, 18.724425014905258], [-70.45891636727279, 18.72451331006921], [-70.4586323357725, 18.724567589416385], [-70.45844228385424, 18.72452246777478], [-70.45834745710604, 18.72452312779367], [-70.45815854027981, 18.72461034375495], [-70.4580990324184, 18.724703540122913], [-70.45802085571442, 18.724975217179562], [-70.45792082173351, 18.725156708229502], [-70.4578735848902, 18.725202254025387]]}}, {"type": "Feature", "properties": {"level": 802, "major": false}, "geometry": {"type": "LineString", "coordinates": [[-70.4544692065876, 18.72013496702728], [-70.45461114782732, 18.720099437810713], [-70.45489560144787, 18.72009516333901], [-70.45499064783262, 18.72012044854992], [-70.45508599438796, 18.720180813012053], [-70.45519948700696, 18.72029863619639], [-70.4552780825743, 18.720464543665923], [-70.45554087783017, 18.721199546317056], [-70.4557391858792, 18.721920855149527], [-70.4557380909592, 18.722191932371814], [-70.45576849865722, 18.72236447138838], [-70.45581148512373, 18.722462430626337], [-70.45596035566419, 18.72262075519141], [-70.45634226177688, 18.722922034571827], [-70.45643735143463, 18.722952164001928], [-70.456911959316, 18.723004674518062], [-70.45729256263799, 18.72315366017226], [-70.45748265471211, 18.723203674893135], [-70.45786230883184, 18.723241851666774], [-70.45805269531928, 18.723326172659437], [-70.45814848964677, 18.72343841588134], [-70.45837216828649, 18.723797852054872], [-70.45844621692856, 18.723977987708707], [-70.45853316838256, 18.72406226333299], [-70.45862857848705, 18.724129632414098], [-70.45891307689669, 18.72412985115939], [-70.45896307041727, 18.724154674369814], [-70.45898439289921, 18.72433522049268], [-70.4589153746351, 18.72439762951259], [-70.4586311415328, 18.724428387672127], [-70.45844102515714, 18.724375733271447], [-70.45834624072617, 18.724381317287524], [-70.4581572017111, 18.724454268462424], [-70.45806314169378, 18.724544331074163], [-70.45803265615704, 18.724613700751927], [-70.45794075079836, 18.724975840804248], [-70.45787806936023, 18.725079909891196], [-70.45776220458923, 18.72520312104406]]}}, {"type": "Feature", "properties": {"level": 804, "major": false}, "geometry": {"type": "LineString", "coordinates": [[-70.45446960252991, 18.72018126212885], [-70.45470636204853, 18.720144347482137], [-70.45489615753374, 18.72016016409004], [-70.45499132804693, 18.72019995329741], [-70.45508681153572, 18.720276316161716], [-70.45518266241412, 18.72039560409008], [-70.45546088528243, 18.721109811645903], [-70.45557208863245, 18.72157621749485], [-70.45569191056917, 18.721921222569335], [-70.45569945709005, 18.72228258887254], [-70.45573379485418, 18.722463034467275], [-70.45586551003885, 18.722619097405172], [-70.45634282727299, 18.722988058860334], [-70.45691249778864, 18.72306751880468], [-70.4572931280062, 18.723219625587298], [-70.45748318589227, 18.72326564309566], [-70.45776785468864, 18.723285890922668], [-70.45786292541695, 18.72331376440556], [-70.45805358018272, 18.723429360795866], [-70.45814945478624, 18.72355095723007], [-70.45829418941372, 18.723798459242353], [-70.45831784420021, 18.723888631194985], [-70.45832101786988, 18.724069318757884], [-70.45829798749062, 18.724159854221604], [-70.45822796686431, 18.724250755562736], [-70.45806165820372, 18.724371346075987], [-70.45801948499634, 18.72443309100792], [-70.45794963811369, 18.724614347049553], [-70.45789757283721, 18.724885820792345], [-70.45785981165704, 18.72497647088866], [-70.457783235548, 18.72507978481453], [-70.45764760218167, 18.725204013075476]]}}, {"type": "Feature", "properties": {"level": 806, "major": false}, "geometry": {"type": "LineString", "coordinates": [[-70.45446999847195, 18.72022755706247], [-70.45470682606975, 18.720198593742627], [-70.4548967430356, 18.72022860297908], [-70.45501652914588, 18.72030005743117], [-70.45516075630889, 18.72047964961724], [-70.45541147519755, 18.721110195569107], [-70.45553762575408, 18.7216513528361], [-70.45564463564205, 18.721921589974233], [-70.4556582502051, 18.722463621600664], [-70.45570740043114, 18.72255359584274], [-70.45579732594379, 18.722643253142017], [-70.45615264042296, 18.722926918211854], [-70.45634331865561, 18.72304542983196], [-70.45691303520998, 18.723130240145625], [-70.45729367788752, 18.72328378377536], [-70.4574837316273, 18.723329309034884], [-70.45776848588089, 18.723359511882617], [-70.45786366683274, 18.723400235794994], [-70.45804488120027, 18.723529331831696], [-70.45815051616012, 18.723674719193877], [-70.45822189757511, 18.72379902211838], [-70.45823838484131, 18.72388924988955], [-70.45820321353148, 18.724070236015525], [-70.45814509895831, 18.7241610446264], [-70.45796434466789, 18.72434316412837], [-70.45791159971277, 18.724433930876], [-70.45781978011065, 18.724886426363188], [-70.45777505728874, 18.724977130635857], [-70.45753661508695, 18.72520487689951]]}}, {"type": "Feature", "properties": {"level": 808, "major": false}, "geometry": {"type": "LineString", "coordinates": [[-70.45447039441363, 18.72027385181913], [-70.4547072900926, 18.720252840002786], [-70.45489732854, 18.7202970418676], [-70.45502452083684, 18.72039035163043], [-70.45514783846714, 18.72057010623854], [-70.45536206511147, 18.72111057947928], [-70.4554834440496, 18.721651773867343], [-70.45559736104907, 18.72192195736461], [-70.45560864583086, 18.722192938391924], [-70.4555827055532, 18.722464208703602], [-70.45561789197485, 18.722554291489818], [-70.45570236410798, 18.72264399121923], [-70.4561510434712, 18.723001928369307], [-70.45634378374257, 18.72309973048191], [-70.45691357218524, 18.723192909179517], [-70.4572941956921, 18.723344199124117], [-70.45776923932681, 18.723447391808545], [-70.45786448421474, 18.723495566583075], [-70.45801862029818, 18.723619892419823], [-70.45814935445544, 18.72379958692288], [-70.4581589236724, 18.723889868564495], [-70.4580843196492, 18.72407116168153], [-70.45787149755478, 18.724313504686748], [-70.4578161587594, 18.724434673815335], [-70.45773870607343, 18.72488705744273], [-70.45768326201315, 18.724977845147816], [-70.457432676052, 18.72520568580813]]}}, {"type": "Feature", "properties": {"level": 810, "major": true}, "geometry": {"type": "LineString", "coordinates": [[-70.45447079010131, 18.720320116741036], [-70.45470775327462, 18.720306987781985], [-70.45489790327875, 18.72036422208523], [-70.45499335397074, 18.72043674476651], [-70.45509150893763, 18.720570543820813], [-70.45531265502419, 18.721110963376432], [-70.45543533708917, 18.72165214768027], [-70.45554862037643, 18.721922336135997], [-70.45556521642436, 18.722193275896032], [-70.45552266195544, 18.722464675316797], [-70.45554221242156, 18.72255487962725], [-70.45567667200808, 18.72271544695263], [-70.45604891193156, 18.72300272237598], [-70.4562087132971, 18.723091836212603], [-70.45634420718928, 18.723149169314738], [-70.45691410917108, 18.72325557919668], [-70.45719961915894, 18.72337398336109], [-70.45776999463271, 18.723535488188034], [-70.45789755810944, 18.723620834828115], [-70.45806789346457, 18.723800221126435], [-70.45805780932565, 18.72392253196388], [-70.45776141608631, 18.724344743774193], [-70.45770791023881, 18.724706584848672], [-70.45765524017472, 18.72488770710384], [-70.45759132702887, 18.72497856070213], [-70.45733003331212, 18.725206484571693]]}}, {"type": "Feature", "properties": {"level": 812, "major": false}, "geometry": {"type": "LineString", "coordinates": [[-70.45447118457284, 18.720366239333334], [-70.4546132784678, 18.720348535100676], [-70.45470820743142, 18.720360080300424], [-70.45489847246985, 18.720430753564663], [-70.4549940224582, 18.720514877292736], [-70.45508183384976, 18.720660975249185], [-70.45528415390994, 18.721174004547343], [-70.45538792189446, 18.72165251610577], [-70.45549856935727, 18.721922725077096], [-70.45552104586393, 18.72219361914956], [-70.45546889802188, 18.722465093112884], [-70.45547926610674, 18.722555368786068], [-70.45559494285787, 18.72273518231381], [-70.4559512895099, 18.723003481275125], [-70.45615428858119, 18.723119372561317], [-70.4563446306373, 18.723198608147307], [-70.45681957307241, 18.7232900863532], [-70.45767562206132, 18.72358906380194], [-70.45777079402758, 18.7236287264208], [-70.45796780019836, 18.723801000340544], [-70.45797092595663, 18.723891332157507], [-70.45777540937104, 18.724167030928843], [-70.45769107474239, 18.724345291277142], [-70.45763838869922, 18.72470712595985], [-70.4575689033629, 18.724888379071707], [-70.45723113041088, 18.725207254178695]]}}, {"type": "Feature", "properties": {"level": 814, "major": false}, "geometry": {"type": "LineString", "coordinates": [[-70.45447157876232, 18.720412328811708], [-70.45461369757196, 18.7203975329129], [-70.45480380572255, 18.720449865596], [-70.45489903834398, 18.720496897054375], [-70.45497586784971, 18.720571442097437], [-70.45502884350363, 18.72066138687531], [-70.45524366168023, 18.721201855667516], [-70.4553405073483, 18.721652884514235], [-70.45544511359523, 18.721923140461318], [-70.45547664455971, 18.72219396418572], [-70.45542499388695, 18.72246543427765], [-70.45543356551433, 18.722555723914304], [-70.45548680393604, 18.72269148833142], [-70.45558259499828, 18.722803583472157], [-70.4558688897335, 18.723013824439967], [-70.45615473347354, 18.72317132194383], [-70.45634505408667, 18.7232480469796], [-70.45672500137258, 18.723320442881207], [-70.45735089707658, 18.723534733163003], [-70.45774734418818, 18.723712360217807], [-70.45786444618525, 18.723801804883045], [-70.45786662161014, 18.723892144102543], [-70.45774197520917, 18.72407382663357], [-70.45762073339604, 18.724345838753692], [-70.45758988238286, 18.724617147332022], [-70.45752463791155, 18.72479836742348], [-70.45746629922374, 18.724889177598033], [-70.45725888465445, 18.725071503974505], [-70.45713887406158, 18.725207972018875]]}}, {"type": "Feature", "properties": {"level": 816, "major": false}, "geometry": {"type": "LineString", "coordinates": [[-70.45450647949613, 18.724492463937082], [-70.45459009946005, 18.724459757766958], [-70.45465477956782, 18.724368899147162], [-70.454504500915, 18.724261182436102]]}}, {"type": "Feature", "properties": {"level": 816, "major": false}, "geometry": {"type": "LineString", "coordinates": [[-70.45447197215599, 18.72045832510748], [-70.45461411164781, 18.720445942713937], [-70.454750805672, 18.720482833847445], [-70.45489960421075, 18.720563039405782], [-70.45499566693876, 18.720707081830103], [-70.4552230089811, 18.721292372381438], [-70.45529309287491, 18.72165325291013], [-70.45541344065575, 18.72201374282108], [-70.4554306763316, 18.722194321387136], [-70.45538108962458, 18.722465775433125], [-70.45538786487754, 18.72255607903173], [-70.45548762284662, 18.72278715733158], [-70.45586942546699, 18.72307639382766], [-70.45615517837345, 18.723223272039508], [-70.45634545851892, 18.723295265371974], [-70.45672548113113, 18.72337644092603], [-70.45729616872435, 18.72357440244844], [-70.45774090035303, 18.72380276653065], [-70.45775316540245, 18.723893027223223], [-70.4576792606188, 18.72401347238326], [-70.45758129338857, 18.72425578955103], [-70.45748650308762, 18.72470830805049], [-70.45704782533743, 18.725208680418046]]}}, {"type": "Feature", "properties": {"level": 818, "major": false}, "geometry": {"type": "LineString", "coordinates": [[-70.45450735028538, 18.724594251683968], [-70.45477671942461, 18.72445830823341], [-70.45479887629638, 18.724367779875614], [-70.45455086034451, 18.72413765679289], [-70.45450284291334, 18.724067371697167]]}}, {"type": "Feature", "properties": {"level": 818, "major": false}, "geometry": {"type": "LineString", "coordinates": [[-70.45447236555223, 18.72050432157218], [-70.45461452572495, 18.720494352514716], [-70.45481511702171, 18.720572690658834], [-70.4549107661895, 18.720662304039557], [-70.45499672738153, 18.720831023622218], [-70.45520390535594, 18.721382877058854], [-70.45526774936644, 18.721743806072283], [-70.4553594363469, 18.722014162444953], [-70.45538470805788, 18.72219467857762], [-70.45533718486739, 18.722466116582154], [-70.4553421636109, 18.722556434142902], [-70.45539952847219, 18.722736700886735], [-70.45548825127256, 18.722860572622206], [-70.45580314717769, 18.723094989036248], [-70.45606043374676, 18.72323344720697], [-70.45634584580577, 18.723340481863545], [-70.45672596223456, 18.723432595747028], [-70.45697311265945, 18.72353767240706], [-70.45727277385721, 18.723625697215546], [-70.45759157387904, 18.723803928739077], [-70.45762799922618, 18.72389400141224], [-70.45749226755949, 18.72432508512516], [-70.45743557393789, 18.724618348233115], [-70.45738905998766, 18.724709066362774], [-70.45694661207632, 18.725209467849847]]}}, {"type": "Feature", "properties": {"level": 820, "major": true}, "geometry": {"type": "LineString", "coordinates": [[-70.45450814199347, 18.724686794956344], [-70.45474431740644, 18.72458089089186], [-70.45491902602302, 18.724457202770182], [-70.45492646890932, 18.724366788707265], [-70.45456982681863, 18.724008133943055], [-70.45450090433857, 18.723840760575882]]}}, {"type": "Feature", "properties": {"level": 820, "major": true}, "geometry": {"type": "LineString", "coordinates": [[-70.45447275895114, 18.72055031821295], [-70.45461493980335, 18.720542762315237], [-70.45471724616444, 18.72057345076014], [-70.454829294384, 18.720662936827523], [-70.45489719728917, 18.720752765707665], [-70.45498470673603, 18.720932798534825], [-70.45515531782944, 18.721383254528767], [-70.45521910032234, 18.721744184042905], [-70.45532336182767, 18.722104798992994], [-70.45533873914762, 18.722195035761775], [-70.45529646234324, 18.722556789242923], [-70.4553456656311, 18.72273711942116], [-70.45547924916514, 18.722916793876404], [-70.45577509190143, 18.723134574209457], [-70.45603512573005, 18.723273898205242], [-70.45634622087893, 18.7233842722616], [-70.45663131888907, 18.723454600570896], [-70.45691686509925, 18.72357721144634], [-70.45729722767169, 18.72369795362946], [-70.45746936131445, 18.723804879831274], [-70.45751509720559, 18.72389488007557], [-70.45747335258596, 18.72416627342939], [-70.45734998243397, 18.72461901429175], [-70.45702394922796, 18.72500693921291], [-70.45681449325684, 18.725210495642337]]}}, {"type": "Feature", "properties": {"level": 822, "major": false}, "geometry": {"type": "LineString", "coordinates": [[-70.4545088295658, 18.724767165291972], [-70.4548137526053, 18.724638733052707], [-70.45508414928996, 18.724455919927458], [-70.45507537523851, 18.724365631859218], [-70.45493035472103, 18.724276402277074], [-70.45459846939701, 18.723917555230454], [-70.45449844909979, 18.723553748964058]]}}, {"type": "Feature", "properties": {"level": 822, "major": false}, "geometry": {"type": "LineString", "coordinates": [[-70.4544731964384, 18.720601469555366], [-70.45461539715578, 18.72059623109872], [-70.45474389433627, 18.720663600087942], [-70.45488276324693, 18.720843234094474], [-70.4549990653878, 18.721104280275572], [-70.45510578083436, 18.721383639362006], [-70.45517117493077, 18.72174455637889], [-70.45529275859477, 18.7221953930251], [-70.45524837869482, 18.722466806592987], [-70.45527040715814, 18.72264734793496], [-70.45529763509153, 18.722749222788206], [-70.455415233928, 18.72291729132835], [-70.45562818256357, 18.723096348919583], [-70.45592957602528, 18.723274718729776], [-70.45615196970242, 18.7233633460246], [-70.45663176494536, 18.72350666779752], [-70.45691736814624, 18.723635919138598], [-70.4572025685693, 18.723718126006712], [-70.45736981859693, 18.72380565444148], [-70.45742497094678, 18.72389558143701], [-70.45741378781855, 18.724166736958967], [-70.45733914464553, 18.724438386298964], [-70.45726092085567, 18.724619707312392], [-70.45702296742324, 18.724892375694797], [-70.45674048270233, 18.72512734364587], [-70.45668166872939, 18.725211528830798]]}}, {"type": "Feature", "properties": {"level": 824, "major": false}, "geometry": {"type": "LineString", "coordinates": [[-70.45450947551033, 18.72484266938329], [-70.45499409937581, 18.724637332021093], [-70.45525856982742, 18.724454564696135], [-70.455234031257, 18.724364399135915], [-70.45493058335586, 18.724183669315394], [-70.45467614614064, 18.723916951925755], [-70.45462938797215, 18.7238269588373], [-70.45456259642988, 18.72355640880004], [-70.4544974857102, 18.723441129572933]]}}, {"type": "Feature", "properties": {"level": 824, "major": false}, "geometry": {"type": "LineString", "coordinates": [[-70.45447368704556, 18.720658831519923], [-70.45461593497947, 18.720659107497962], [-70.4547420275253, 18.72075397086766], [-70.4548655977585, 18.720933723695527], [-70.45502200372023, 18.721293933896405], [-70.45524250349338, 18.72219578348825], [-70.45520351934566, 18.722467155127493], [-70.45522231579676, 18.722647721588885], [-70.45528236661944, 18.722827967503918], [-70.45535121868885, 18.722917788758437], [-70.45548994225571, 18.723058118501463], [-70.45582637572032, 18.723275520932994], [-70.45603182257665, 18.72336428010098], [-70.45663221180881, 18.723558829070722], [-70.45691784149123, 18.72369116028756], [-70.45720307642608, 18.723777382916637], [-70.45726406554384, 18.723806477320615], [-70.45734017069577, 18.72389624131192], [-70.45736446130732, 18.724076764633928], [-70.457354222247, 18.72416720047588], [-70.45730283900227, 18.724352631537396], [-70.45720975006975, 18.724556045359485], [-70.45692791138639, 18.724866309229824], [-70.45673616138308, 18.72498521452052], [-70.45664513305942, 18.725067020351382], [-70.45656516977618, 18.725212434951658]]}}, {"type": "Feature", "properties": {"level": 826, "major": false}, "geometry": {"type": "LineString", "coordinates": [[-70.4545101068705, 18.724916468366704], [-70.45493530045316, 18.72473489841803], [-70.45523851827578, 18.72463543296524], [-70.45541980890256, 18.724453311739065], [-70.4553874017062, 18.724363207352603], [-70.45502524665396, 18.724163916946935], [-70.4547577768594, 18.72391631787636], [-70.45470255931826, 18.723826390516553], [-70.45462483724985, 18.7235559254065], [-70.45449657310144, 18.723334445672926]]}}, {"type": "Feature", "properties": {"level": 826, "major": false}, "geometry": {"type": "LineString", "coordinates": [[-70.45447427528097, 18.720727607941928], [-70.45461661319135, 18.720738396169942], [-70.45471204610406, 18.72080882740388], [-70.45484657357633, 18.72102422773169], [-70.45500134325533, 18.721370503608075], [-70.45510724629236, 18.721925765545613], [-70.45519118885169, 18.72219618216971], [-70.45515710329043, 18.722467515745517], [-70.45519129790392, 18.72273831883036], [-70.45522676611415, 18.722828399507396], [-70.45536433521234, 18.72300804307965], [-70.45549050377745, 18.723123716660258], [-70.45577652254211, 18.72330167066026], [-70.45663266014675, 18.72361116228395], [-70.4569183148379, 18.723746401436184], [-70.45710851071834, 18.72380846004291], [-70.45724613639635, 18.723896972996872], [-70.45730192348631, 18.724077251260795], [-70.45729357234853, 18.72416767241114], [-70.45719251704334, 18.724439527221453], [-70.45692690725876, 18.72474913224243], [-70.45653949181472, 18.724986744202322], [-70.4564885072469, 18.725077496909567], [-70.45645367074485, 18.725213302115602]]}}, {"type": "Feature", "properties": {"level": 828, "major": false}, "geometry": {"type": "LineString", "coordinates": [[-70.45451058543148, 18.724972406591778], [-70.45470688922998, 18.72491063188155], [-70.45493583628107, 18.724797512812348], [-70.45546750087824, 18.724633653555042], [-70.4555640851093, 18.72445219047943], [-70.45553251281113, 18.724362079633877], [-70.45502450102958, 18.72407678881354], [-70.4548421512245, 18.72391566247888], [-70.45478114124747, 18.723825780140057], [-70.45469495759787, 18.7235553807918], [-70.45460913291957, 18.723375334854275], [-70.45449579969261, 18.723244033671854]]}}, {"type": "Feature", "properties": {"level": 828, "major": false}, "geometry": {"type": "LineString", "coordinates": [[-70.45447487669449, 18.720797924834343], [-70.45461730484121, 18.720819255446113], [-70.45471287807347, 18.720906084303753], [-70.45495407137483, 18.721384817851032], [-70.45501822787516, 18.721655388290312], [-70.45504934602216, 18.721926215344755], [-70.45513178754742, 18.722196643661736], [-70.45511057048894, 18.722467877259025], [-70.45514458524389, 18.72273868175416], [-70.45520397688755, 18.72288632185831], [-70.45529992776234, 18.723017095893393], [-70.45539567046005, 18.72312353096549], [-70.45577696306458, 18.723353122594542], [-70.45672830484888, 18.723706024918226], [-70.45711065358864, 18.723898027111456], [-70.45720511564187, 18.72401531709914], [-70.45722871311398, 18.724077820907674], [-70.45722421860127, 18.724168212049623], [-70.45709786666947, 18.72444026364351], [-70.45693804989311, 18.724622219334123], [-70.4568219181202, 18.724713478913266], [-70.4566429958519, 18.72481757164675], [-70.45644501805599, 18.72489712275016], [-70.45637985159925, 18.724987985720617], [-70.4563614733635, 18.725214019114247]]}}, {"type": "Feature", "properties": {"level": 830, "major": true}, "geometry": {"type": "LineString", "coordinates": [[-70.45451102850403, 18.725024196456772], [-70.45465299472536, 18.724991119765043], [-70.45503093045156, 18.724828067560406], [-70.45550415120935, 18.72471795471646], [-70.45564442944264, 18.72463227846196], [-70.45568248923315, 18.724451270204728], [-70.4556509533941, 18.72436115909954], [-70.45553861042735, 18.72427167602078], [-70.45521443034525, 18.724107724343366], [-70.4549265255861, 18.72391500704342], [-70.45486288604542, 18.72382514516134], [-70.45469933103585, 18.723374634306925], [-70.4544950882633, 18.723160866659978]]}}, {"type": "Feature", "properties": {"level": 830, "major": true}, "geometry": {"type": "LineString", "coordinates": [[-70.45447550783932, 18.720871717556903], [-70.45461806640238, 18.720908287421157], [-70.45471382198326, 18.72101642626638], [-70.45490034195899, 18.7213852351952], [-70.45496975902765, 18.72165576479484], [-70.45499107101469, 18.72192666803698], [-70.45507238624141, 18.72219710513494], [-70.45506403830827, 18.722468238756147], [-70.45509787258277, 18.722739044666334], [-70.45516361864979, 18.722919246377565], [-70.45530083023382, 18.723122538411687], [-70.4553964015769, 18.723208946744144], [-70.45577738296605, 18.723402165892082], [-70.45620123501658, 18.723543675412348], [-70.45682951222851, 18.723809858013308], [-70.45701484570642, 18.72394464776153], [-70.45713482174138, 18.72407855143069], [-70.45713566360614, 18.724168901054853], [-70.45705913335603, 18.72435020881804], [-70.45692497564511, 18.724523719538258], [-70.45673656764288, 18.72467041769226], [-70.45642868401501, 18.72480689358692], [-70.45631392203563, 18.724898142220578], [-70.45628870717931, 18.72498869448766], [-70.45628973003224, 18.725214577014867]]}}, {"type": "Feature", "properties": {"level": 832, "major": false}, "geometry": {"type": "LineString", "coordinates": [[-70.4545114310328, 18.72507124709266], [-70.45474799686663, 18.72501091102797], [-70.45503144871434, 18.724888625073376], [-70.45559934409626, 18.72476003538261], [-70.45569297968781, 18.724722257314394], [-70.45580063216708, 18.724631064311698], [-70.45579779844482, 18.724450373912724], [-70.45576311675593, 18.724360287283464], [-70.45554646504155, 18.72418125875201], [-70.45521369531563, 18.724021845132427], [-70.45502298870665, 18.723900068496558], [-70.45492712841693, 18.723779920911067], [-70.45481033534261, 18.723373772103205], [-70.45474573663411, 18.723283917610924], [-70.45449439035087, 18.72307927936394]]}}, {"type": "Feature", "properties": {"level": 832, "major": false}, "geometry": {"type": "LineString", "coordinates": [[-70.45447622460932, 18.720955521057785], [-70.45461893118922, 18.72100938661112], [-70.45470421882351, 18.72111568962063], [-70.45487306925271, 18.72147580330136], [-70.45491983032018, 18.721656152626412], [-70.45494892851956, 18.72201735166078], [-70.45501298493366, 18.722197566589312], [-70.45501750620149, 18.722468600241132], [-70.45505115992059, 18.72273940756686], [-70.45510312421645, 18.72291971636855], [-70.45524169432477, 18.72318970849944], [-70.45535964999985, 18.723279148205172], [-70.4567258189191, 18.72381066456675], [-70.45703158120037, 18.72407935464069], [-70.45704048112373, 18.72416964157879], [-70.45696217936627, 18.72435096309052], [-70.4568930218802, 18.724441857263407], [-70.45664735232444, 18.72462448056217], [-70.45635780852815, 18.724737089175772], [-70.45626364756983, 18.7248155024535], [-70.45621489656861, 18.724898912232966], [-70.45621798306854, 18.725215134916255]]}}, {"type": "Feature", "properties": {"level": 834, "major": false}, "geometry": {"type": "LineString", "coordinates": [[-70.45451183356153, 18.72511829758188], [-70.45474844695339, 18.72506351206145], [-70.45503195453001, 18.72494772795295], [-70.45559997569093, 18.72483380682486], [-70.4559783378662, 18.724720712522075], [-70.4559983513628, 18.724629527270682], [-70.45587372431932, 18.72435942749442], [-70.45569377963083, 18.72418011379253], [-70.45549851975325, 18.72406013020019], [-70.45521295658844, 18.72393553343372], [-70.45506834582534, 18.72382354902963], [-70.45496411180594, 18.72364364631426], [-70.45493768276589, 18.723553495377494], [-70.45493538404028, 18.723372800733696], [-70.45489283203071, 18.72328277503098], [-70.45449372698434, 18.72300173015636]]}}, {"type": "Feature", "properties": {"level": 834, "major": false}, "geometry": {"type": "LineString", "coordinates": [[-70.45447701723702, 18.72104819318985], [-70.45462177338257, 18.721116329892826], [-70.45471584797716, 18.721253260001365], [-70.4548131642978, 18.721476268589157], [-70.4548620798027, 18.72165660119891], [-70.45488423149206, 18.72201785420685], [-70.45496011133162, 18.72228833357862], [-70.454986541999, 18.72264955329443], [-70.4550940287459, 18.723100499530116], [-70.45510309311305, 18.72328114160393], [-70.45530279955463, 18.723352626495956], [-70.45549275033709, 18.72338616178718], [-70.4566097229404, 18.72381156752324], [-70.45674292369299, 18.723900887714436], [-70.45692365779908, 18.724080194222452], [-70.45693881666472, 18.72417043247937], [-70.4568496048633, 18.724351838822848], [-70.4567697960892, 18.72444281580849], [-70.45664055688903, 18.72453289811226], [-70.45626232728529, 18.724661360497564], [-70.45616486507143, 18.724718588855044], [-70.45611564534367, 18.724809327748087], [-70.45610479197869, 18.72489976833406], [-70.45614544038158, 18.725215698977212]]}}, {"type": "Feature", "properties": {"level": 836, "major": false}, "geometry": {"type": "LineString", "coordinates": [[-70.45451223608934, 18.725165347826145], [-70.45474889704545, 18.72511611354047], [-70.45522167443556, 18.72495408260648], [-70.45560060486237, 18.72490729488689], [-70.45578982810862, 18.724855653954343], [-70.45588474194021, 18.724865130531413], [-70.45598030019111, 18.72494985545681], [-70.45604213688722, 18.72508096787272], [-70.45607111666031, 18.72521627685758]]}}, {"type": "Feature", "properties": {"level": 836, "major": false}, "geometry": {"type": "LineString", "coordinates": [[-70.456356144554, 18.72454283323096], [-70.45616650495745, 18.72454579758745], [-70.45607130454934, 18.724502838385582], [-70.45597515110236, 18.724348583361714], [-70.45578363273725, 18.72413210337768], [-70.45559291653872, 18.72400926498791], [-70.45520446167339, 18.723822491478014], [-70.45508255279981, 18.72364272616643], [-70.45506840810852, 18.723552479812994], [-70.45511439809948, 18.72350012312247], [-70.4552088083083, 18.723450846277508], [-70.45549331486379, 18.72345210962083], [-70.45647809064829, 18.723812591229052], [-70.45662765658663, 18.7239017842387], [-70.45680462127378, 18.724081120185772], [-70.45681968615344, 18.724171359187213], [-70.45672907977536, 18.724352776328857], [-70.45663972520416, 18.724435823434824], [-70.456356144554, 18.72454283323096]]}}, {"type": "Feature", "properties": {"level": 836, "major": false}, "geometry": {"type": "LineString", "coordinates": [[-70.45492169779772, 18.7231452712061], [-70.4548263096376, 18.723080241679302], [-70.45449310521889, 18.7229290438713]]}}, {"type": "Feature", "properties": {"level": 836, "major": false}, "geometry": {"type": "LineString", "coordinates": [[-70.45447783345777, 18.72114362319524], [-70.4546208177661, 18.721229937434806], [-70.45471692471762, 18.721379126884862], [-70.45480215167633, 18.721657066666978], [-70.45481698437614, 18.722018376537523], [-70.45488503220625, 18.722288916779146], [-70.45499011295055, 18.723010950572185], [-70.45497350799661, 18.723101435818815], [-70.45492169779772, 18.7231452712061]]}}, {"type": "Feature", "properties": {"level": 838, "major": false}, "geometry": {"type": "LineString", "coordinates": [[-70.45451264206025, 18.72521280038052], [-70.4547493471432, 18.725168715507916], [-70.45522215322985, 18.72501002060531], [-70.4557906373633, 18.72495016346178], [-70.45588586351461, 18.724996105805772], [-70.45594442385628, 18.725081727544524], [-70.45599313454173, 18.72521688315095]]}}, {"type": "Feature", "properties": {"level": 838, "major": false}, "geometry": {"type": "LineString", "coordinates": [[-70.45635536697735, 18.724452056429083], [-70.45616527011408, 18.724401618995262], [-70.45606980354088, 18.724327570660208], [-70.45587804325486, 18.72408284846709], [-70.45578252927662, 18.72400322794841], [-70.4554258807432, 18.72382077095198], [-70.45522091370414, 18.723641651169377], [-70.45524780769442, 18.72355108596493], [-70.45549387939286, 18.723518057453997], [-70.45558888904235, 18.723538815364478], [-70.4559682282702, 18.723726199346654], [-70.45635003202388, 18.72382922270364], [-70.4564907973523, 18.723902848610066], [-70.4566807529944, 18.72408208365411], [-70.4566936290697, 18.724172339693872], [-70.45657140500927, 18.724354002687047], [-70.45644999595223, 18.724428305035474], [-70.45635536697735, 18.724452056429083]]}}, {"type": "Feature", "properties": {"level": 838, "major": false}, "geometry": {"type": "LineString", "coordinates": [[-70.45473015025549, 18.722925060290354], [-70.45463526678378, 18.72291900188514], [-70.45449249327223, 18.722857505109314]]}}, {"type": "Feature", "properties": {"level": 838, "major": false}, "geometry": {"type": "LineString", "coordinates": [[-70.45447876090105, 18.721252056295455], [-70.45462187396782, 18.72135341166226], [-70.4546861396822, 18.7214772551387], [-70.4547422235482, 18.721657532115902], [-70.4547587025126, 18.72210918548137], [-70.4548578873062, 18.722740908936018], [-70.45482449181006, 18.7228677807008], [-70.45473015025549, 18.722925060290354]]}}, {"type": "Feature", "properties": {"level": 840, "major": true}, "geometry": {"type": "LineString", "coordinates": [[-70.45471754423882, 18.72522679596817], [-70.45522262295883, 18.72506489930225], [-70.45550692238812, 18.725041652993994], [-70.45579152622389, 18.725053969168503], [-70.45588710905893, 18.725141556772893], [-70.45591515343912, 18.725217489403946]]}}, {"type": "Feature", "properties": {"level": 840, "major": true}, "geometry": {"type": "LineString", "coordinates": [[-70.45644875062679, 18.72428292989983], [-70.45635429617266, 18.72432704638779], [-70.45616392364981, 18.724244406199492], [-70.45606850317282, 18.72417572946615], [-70.45597166075845, 18.72394099406072], [-70.45590986736569, 18.723907365462004], [-70.45597109724419, 18.72387518798737], [-70.45606584862087, 18.72386575858549], [-70.45635092940853, 18.723933990367183], [-70.45653253647606, 18.724083236399483], [-70.4565390706639, 18.72417354177587], [-70.45644875062679, 18.72428292989983]]}}, {"type": "Feature", "properties": {"level": 840, "major": true}, "geometry": {"type": "LineString", "coordinates": [[-70.45447974536435, 18.721367155141216], [-70.45462329995512, 18.721520113773547], [-70.45468221329195, 18.721748354457972], [-70.45466532624093, 18.722200266970724], [-70.45474483733976, 18.722470718238714], [-70.45475342142151, 18.722741720358837], [-70.45472898704914, 18.722789099150496], [-70.4546345329066, 18.722833217305865]]}}, {"type": "Feature", "properties": {"level": 842, "major": false}, "geometry": {"type": "LineString", "coordinates": [[-70.45488743822976, 18.725225476196158], [-70.45522309268429, 18.725119777397516], [-70.45550741330317, 18.725098995538186], [-70.45579244453722, 18.725161213795346], [-70.45582440075358, 18.725218194906926]]}}, {"type": "Feature", "properties": {"level": 842, "major": false}, "geometry": {"type": "LineString", "coordinates": [[-70.45448117888941, 18.721534754686147], [-70.45456531985397, 18.721658905977115], [-70.45458236358385, 18.72174912989786], [-70.45448655547636, 18.72216333860475]]}}, {"type": "Feature", "properties": {"level": 842, "major": false}, "geometry": {"type": "LineString", "coordinates": [[-70.45448791739722, 18.72232255860703], [-70.45453610277168, 18.722412541523443], [-70.45463141769662, 18.722469068111575], [-70.45463234570025, 18.722577546998654]]}}, {"type": "Feature", "properties": {"level": 844, "major": false}, "geometry": {"type": "LineString", "coordinates": [[-70.45506747666832, 18.72522407745177], [-70.45522356240781, 18.72517465507656], [-70.45550790422, 18.72515633808201], [-70.4556136407263, 18.72517465505962], [-70.4556882753158, 18.725219253051023]]}}]}