{"type": "FeatureCollection", "features": [{"type": "Feature", "properties": {"kind": "lot", "id": "D-01", "cluster": "1", "area_m2": 1183, "price_usd_m2": 63, "price_usd": 74529, "tier": "cl\u00faster 1 (+5 %)", "slope_pct": 4.7, "elev_m": 706.7}, "geometry": {"type": "Polygon", "coordinates": [[[-70.46037107840652, 18.7167722117254], [-70.46038585116148, 18.716770441865986], [-70.46041879094793, 18.716768052166408], [-70.46043367462954, 18.716767670525094], [-70.46046670162528, 18.716768368731188], [-70.46048155289674, 18.716769378983265], [-70.46051434903629, 18.7167731583708], [-70.4605290248729, 18.71677555078699], [-70.4605612743142, 18.71678237495853], [-70.46057563338076, 18.716786126498665], [-70.46060702554638, 18.716795929734044], [-70.46062092955827, 18.71680100426895], [-70.4606511621268, 18.71681369215824], [-70.46066447718174, 18.716820040817698], [-70.46069325899884, 18.716835491170343], [-70.46070205461201, 18.71684077057909], [-70.46069715205634, 18.716887641333166], [-70.46068772351305, 18.716942711254468], [-70.46068140842263, 18.716979596208287], [-70.46065916200311, 18.7170677448493], [-70.46063322153086, 18.71714432435176], [-70.46061868340017, 18.71715787839705], [-70.46058859904788, 18.717121325165564], [-70.46058852612182, 18.717121238763497], [-70.46058748973333, 18.717120041253732], [-70.46058741460388, 18.71711995658298], [-70.46057766285203, 18.717109236024324], [-70.4605775061653, 18.717109072079687], [-70.46057525477434, 18.717106829516897], [-70.4605750898338, 18.71710667309542], [-70.46056698283913, 18.71709935329475], [-70.46056428223427, 18.717096914920027], [-70.46056410943734, 18.717096766398523], [-70.46056163819897, 18.71709474490202], [-70.46056145796186, 18.717094604638305], [-70.46054969859769, 18.717085902822536], [-70.46054951135466, 18.71708577115451], [-70.46054684406823, 18.717083990192357], [-70.46054665027035, 18.71708386743722], [-70.46053405239049, 18.71707630578412], [-70.46053385250464, 18.71707619223759], [-70.46053101485754, 18.717074668961402], [-70.46053080936524, 18.717074564897036], [-70.46051749429392, 18.717068216229272], [-70.46051728369025, 18.717068121897764], [-70.46051430301051, 18.71706687097747], [-70.4605140878028, 18.717066786606075], [-70.46050018377117, 18.717061712064645], [-70.4604999644779, 18.71706163785661], [-70.46049686947103, 18.717060671339244], [-70.46049664662047, 18.717060607473357], [-70.46048228753156, 18.71705685592873], [-70.4604820616606, 18.71705680255884], [-70.46047888213312, 18.717056129752454], [-70.46047865378588, 18.717056087007148], [-70.46046397792517, 18.717053694588678], [-70.46046374765177, 18.717053662570915], [-70.46046051422418, 18.71705328995499], [-70.46046028257936, 18.717053268741918], [-70.46044543128298, 18.717052258489865], [-70.46044519882479, 18.717052248132564], [-70.46044194263666, 18.717052179295607], [-70.46044170992512, 18.71705217981905], [-70.46042682621872, 18.717052561462694], [-70.46042659381443, 18.717052572865615], [-70.46042334622453, 18.71705280847055], [-70.46042311468739, 18.71705283072548], [-70.46040834190875, 18.717054600589428], [-70.46040811179654, 18.717054633642746], [-70.46040490408085, 18.717055171420583], [-70.46040467594794, 18.717055215192673], [-70.46039015636653, 18.717058356232254], [-70.46038993076253, 18.71705841061765], [-70.46038679381299, 18.717059245389333], [-70.46038657128135, 18.71705931025703], [-70.4603724447283, 18.717063792222422], [-70.46037222580514, 18.717063867416144], [-70.46036918983224, 18.71706499114238], [-70.46036897504497, 18.717065076480985], [-70.46035537756637, 18.71707085620857], [-70.46035516743243, 18.71707095148646], [-70.46035226167415, 18.717072353345195], [-70.46035205669976, 18.717072458332847], [-70.46033911924647, 18.717079480160866], [-70.46033891992543, 18.71707959460534], [-70.46033617236577, 18.717081261095956], [-70.46033597917828, 18.717081384721567], [-70.46032755477151, 18.717087066442325], [-70.46035994742378, 18.716774077848946], [-70.46037107840652, 18.7167722117254]]]}}, {"type": "Feature", "properties": {"kind": "lot", "id": "D-02", "cluster": "1", "area_m2": 1370, "price_usd_m2": 63, "price_usd": 86310, "tier": "cl\u00faster 1 (+5 %)", "slope_pct": 2.6, "elev_m": 705.9}, "geometry": {"type": "Polygon", "coordinates": [[[-70.45990926719477, 18.717037604309883], [-70.4601380097131, 18.716866681763307], [-70.46015125749457, 18.716857273643733], [-70.4601634103214, 18.716849077350684], [-70.46019127840677, 18.716832174399478], [-70.46020421584889, 18.716825152582352], [-70.46023368851053, 18.7168109337525], [-70.46024728597382, 18.716805154034738], [-70.4602780793753, 18.71679375626023], [-70.46029220590947, 18.7167892743032], [-70.46032402349529, 18.7167808073499], [-70.46033854305499, 18.716777666316897], [-70.46035994742378, 18.716774077848946], [-70.46032755477151, 18.717087066442325], [-70.46032382634485, 18.717089581026183], [-70.46032373219722, 18.717089646189685], [-70.46032242607733, 18.717090573752042], [-70.4603223336364, 18.717090641097453], [-70.46010373996954, 18.717253980322962], [-70.45990926719477, 18.717037604309883]]]}}, {"type": "Feature", "properties": {"kind": "lot", "id": "D-03", "cluster": "1", "area_m2": 1334, "price_usd_m2": 63, "price_usd": 84042, "tier": "cl\u00faster 1 (+5 %)", "slope_pct": 2.4, "elev_m": 705.1}, "geometry": {"type": "Polygon", "coordinates": [[[-70.4595610210611, 18.71739099928244], [-70.45956297611374, 18.71738531543353], [-70.45956830189564, 18.717372067130096], [-70.4595816179547, 18.7173432603309], [-70.45958828092239, 18.717330573220025], [-70.4596044961673, 18.71730314877915], [-70.45961243215197, 18.71729114504425], [-70.45963139041957, 18.717265367073143], [-70.45964052299279, 18.7172541623163], [-70.45966204170348, 18.717230279069874], [-70.45967228291317, 18.717219981198507], [-70.45969615482952, 18.71719822268421], [-70.45970740604712, 18.717188930871902], [-70.45972015343945, 18.71717891472796], [-70.45990926719477, 18.717037604309883], [-70.46010373996954, 18.717253980322962], [-70.45990447721267, 18.717402874480637], [-70.45990438653378, 18.71740294396721], [-70.45990312974828, 18.717403931475648], [-70.4599030408864, 18.71740400306171], [-70.45989178966703, 18.717413294885798], [-70.45989161760721, 18.717413444182665], [-70.45988926403815, 18.71741558939087], [-70.4598890998738, 18.717415746552312], [-70.45988330616451, 18.717421572325065], [-70.4595610210611, 18.71739099928244]]]}}, {"type": "Feature", "properties": {"kind": "lot", "id": "D-04", "cluster": "1", "area_m2": 1113, "price_usd_m2": 63, "price_usd": 70119, "tier": "cl\u00faster 1 (+5 %)", "slope_pct": 3.3, "elev_m": 704.1}, "geometry": {"type": "Polygon", "coordinates": [[[-70.45959556866916, 18.71777234976644], [-70.45959364366911, 18.717769129647685], [-70.45957872112767, 18.71774104681036], [-70.45957265537112, 18.717728090554793], [-70.45956069353983, 18.717698749261604], [-70.45955598978838, 18.717685288886006], [-70.45954710386442, 18.7176549717106], [-70.4595438074169, 18.71764113684615], [-70.45953808297442, 18.717610135760367], [-70.4595362255764, 18.717596059644663], [-70.45953371774254, 18.71756467320635], [-70.45953331728064, 18.717550491400328], [-70.4595340502047, 18.717519021878445], [-70.45953511053445, 18.717504870960724], [-70.45953907715528, 18.71747362142422], [-70.45954158806394, 18.717459637675887], [-70.45954875017834, 18.717428909074535], [-70.45955268748335, 18.717415227166626], [-70.4595610210611, 18.71739099928244], [-70.45988330616451, 18.717421572325065], [-70.45987885866722, 18.717426044435236], [-70.45987870279386, 18.71742620908263], [-70.45987658123204, 18.717428563771364], [-70.45987643402516, 18.717428735508072], [-70.45986730145985, 18.717439940275792], [-70.45986716327407, 18.717440118688074], [-70.45986529415131, 18.717442660180456], [-70.45986516531957, 18.717442844838512], [-70.45985722934725, 18.71745484858319], [-70.45985711017988, 18.71745503904215], [-70.45985551149693, 18.717457742862255], [-70.45985540228101, 18.717457938663305], [-70.4598487393297, 18.7174706257825], [-70.45984864032837, 18.717470826453926], [-70.45984732748146, 18.71747366656252], [-70.45984723893322, 18.717473871620893], [-70.45984191317105, 18.71748711993086], [-70.45984183528921, 18.71748732888217], [-70.45984082092183, 18.71749027792749], [-70.45984075389403, 18.717490490268364], [-70.45983681661137, 18.717504172180753], [-70.45983676059907, 18.717504387399647], [-70.45983605448022, 18.717507416980798], [-70.45983600961839, 18.717507634559222], [-70.45983349873383, 18.717521618309828], [-70.45983346513052, 18.71752183772361], [-70.45983307406061, 18.717524918664072], [-70.45983305179678, 18.717525139384637], [-70.45983199149195, 18.717539290302327], [-70.45983198062126, 18.717539511797934], [-70.4598319083666, 18.717542614426595], [-70.4598319089152, 18.717542836163652], [-70.45983230940188, 18.717557017967362], [-70.4598323213685, 18.717557239411672], [-70.45983256862505, 18.7175603338485], [-70.4598325919808, 18.717560554466587], [-70.45983444940254, 18.717574630577758], [-70.4598344840912, 18.717574849838137], [-70.45983504847784, 18.717577906281996], [-70.45983509441584, 18.71757812365645], [-70.45983839088505, 18.717591958514333], [-70.45983844796173, 18.717592173479186], [-70.45983932404319, 18.717595162494842], [-70.45983939212103, 18.717595374532223], [-70.45984409589134, 18.717608834899465], [-70.45984417480634, 18.71760904349856], [-70.45984535414557, 18.717611936300123], [-70.45984544370761, 18.71761214095839], [-70.45985150947948, 18.717625097204145], [-70.4598516094728, 18.717625297428548], [-70.45985308071221, 18.717628066156717], [-70.45985319089593, 18.717628261464906], [-70.45986056025295, 18.71764058881326], [-70.45986068036164, 18.71764077873472], [-70.45986242933239, 18.71764339672508], [-70.45986255907667, 18.717643580802253], [-70.45986730034666, 18.717649963366647], [-70.45959556866916, 18.71777234976644]]]}}, {"type": "Feature", "properties": {"kind": "lot", "id": "D-05", "cluster": "1", "area_m2": 899, "price_usd_m2": 63, "price_usd": 56637, "tier": "cl\u00faster 1 (+5 %)", "slope_pct": 2.6, "elev_m": 703.4}, "geometry": {"type": "Polygon", "coordinates": [[[-70.45959556866916, 18.71777234976644], [-70.45986730034666, 18.717649963366647], [-70.45987116104808, 18.717655160533916], [-70.4598712294368, 18.717655250241737], [-70.45987220290809, 18.717656494767798], [-70.45987227358671, 18.717656582849415], [-70.45995838701646, 18.717761213217596], [-70.45993277490669, 18.717813218880632], [-70.45993268573447, 18.717813411492017], [-70.45993133509201, 18.71781652326764], [-70.4599312554339, 18.717816719628203], [-70.45990817507695, 18.717877809535], [-70.45989872452736, 18.71790282357242], [-70.4598986672239, 18.71790298470297], [-70.45989780163134, 18.717905578324448], [-70.45989775073573, 18.71790574139659], [-70.45987172351803, 18.717995270684955], [-70.45987170047285, 18.717995352963108], [-70.4598713448039, 18.717996672607782], [-70.45987132339046, 18.7179967552852], [-70.45985431043557, 18.718065209653034], [-70.45984499140536, 18.718058987274144], [-70.45983323200406, 18.718050285416304], [-70.45980816652062, 18.718029781572078], [-70.45979735889911, 18.718020023354356], [-70.45978750020004, 18.71801020328768], [-70.45977452333078, 18.717997277267077], [-70.45976477157254, 18.71798655666699], [-70.45975425962989, 18.71797441045066], [-70.45963722829474, 18.71783221374054], [-70.45962735452048, 18.717819590677486], [-70.45961875255567, 18.717808010934267], [-70.45960101301493, 18.717781457006943], [-70.45959556866916, 18.71777234976644]]]}}, {"type": "Feature", "properties": {"kind": "lot", "id": "D-06", "cluster": "1", "area_m2": 1307, "price_usd_m2": 63, "price_usd": 82341, "tier": "cl\u00faster 1 (+5 %)", "slope_pct": 3.1, "elev_m": 704.3}, "geometry": {"type": "Polygon", "coordinates": [[[-70.46060236995027, 18.717932018562237], [-70.46043989668959, 18.718053422992224], [-70.46042664883741, 18.718062831136322], [-70.4604144959422, 18.71807102745048], [-70.46038662768771, 18.718087930445094], [-70.46037369016192, 18.71809495227995], [-70.46034421729914, 18.718109171144352], [-70.46033061973873, 18.718114950875268], [-70.4602998261088, 18.718126348672953], [-70.46028569946643, 18.71813083063751], [-70.4602538816306, 18.7181392976005], [-70.46023936195448, 18.71814243863454], [-70.46020682633808, 18.718147893220568], [-70.46019205346161, 18.718149663073905], [-70.46016505121885, 18.71815162198587], [-70.4602189521497, 18.717850768439792], [-70.46022252739733, 18.717849248758423], [-70.46022273753228, 18.71784915348063], [-70.46022564330458, 18.717847751623033], [-70.46022584827996, 18.717847646635455], [-70.46023878579457, 18.71784062481151], [-70.46023898511655, 18.71784051036708], [-70.46024173268897, 18.717838843877114], [-70.46024192587736, 18.717838720251553], [-70.46025407876597, 18.717830523948955], [-70.460254172914, 18.71783045878547], [-70.46025547903969, 18.71782953122325], [-70.46025557148103, 18.717829463877845], [-70.46044183888824, 18.717690279926938], [-70.46060236995027, 18.717932018562237]]]}}, {"type": "Feature", "properties": {"kind": "lot", "id": "D-07", "cluster": "1", "area_m2": 761, "price_usd_m2": 63, "price_usd": 47943, "tier": "cl\u00faster 1 (+5 %)", "slope_pct": 3.1, "elev_m": 703.4}, "geometry": {"type": "Polygon", "coordinates": [[[-70.46016505121885, 18.71815162198587], [-70.46015911340277, 18.71815205275175], [-70.46014422959794, 18.71815243437951], [-70.46011120232997, 18.71815173613491], [-70.46009635093715, 18.71815072586169], [-70.46006355453335, 18.718146946418997], [-70.46004887858075, 18.718144553974298], [-70.46001662889088, 18.71813772973172], [-70.46000226971704, 18.718133978156192], [-70.4599708773258, 18.718124174835282], [-70.45995697321851, 18.718119100258853], [-70.45993128117604, 18.7181083179073], [-70.45993154668116, 18.718107309895924], [-70.45993155429314, 18.718107280581798], [-70.4599316744383, 18.71810681117333], [-70.45993168184445, 18.718106781811393], [-70.45995418424084, 18.71801623962035], [-70.4599795674627, 18.717928925422537], [-70.46001087968293, 18.717846047033753], [-70.46001978279956, 18.717827969146146], [-70.46002820549192, 18.71783420186373], [-70.46002839273547, 18.71783433353225], [-70.46003106002937, 18.717836114501207], [-70.46003125382782, 18.717836237256833], [-70.46004385174672, 18.717843798940855], [-70.46004405163323, 18.717843912487858], [-70.46004688928987, 18.717845435770727], [-70.46004709478288, 18.71784553983556], [-70.4600604099022, 18.717851888533314], [-70.46006062050667, 18.71785198286528], [-70.4600636011978, 18.71785323379198], [-70.46006381640635, 18.717853318163826], [-70.46007772049391, 18.717858392733724], [-70.46007793978809, 18.717858466942182], [-70.46008103480796, 18.717859433465573], [-70.46008125765947, 18.71785949733188], [-70.46009561681095, 18.71786324890292], [-70.46009584268293, 18.717863302273205], [-70.46009902222471, 18.717863975085113], [-70.460099250573, 18.717864017830816], [-70.46011392650152, 18.71786641027323], [-70.46011415677599, 18.71786644229136], [-70.46011739021887, 18.717866814912224], [-70.46011762186481, 18.717866836125655], [-70.4601324732327, 18.717867846398896], [-70.46013270569202, 18.717867856756506], [-70.46013596189607, 18.717867925597783], [-70.46013619460878, 18.71786792507464], [-70.46015107838879, 18.717867543449202], [-70.46015131079423, 18.71786753204655], [-70.46015455840035, 18.717867296445263], [-70.46015478993864, 18.717867274190592], [-70.46016956279142, 18.71786550434179], [-70.46016979290476, 18.717865471288697], [-70.46017300063662, 18.717864933513827], [-70.46017322877064, 18.717864889741943], [-70.46018774842508, 18.717861748714473], [-70.46018797403023, 18.717861694329248], [-70.46019111099551, 18.717860859559888], [-70.46019133352826, 18.71786079469235], [-70.46020546015176, 18.717856312736153], [-70.46020567907598, 18.71785623754255], [-70.46020871506391, 18.717855113818008], [-70.46020892985224, 18.717855028479523], [-70.4602189521497, 18.717850768439792], [-70.46016505121885, 18.71815162198587]]]}}, {"type": "Feature", "properties": {"kind": "lot", "id": "D-08", "cluster": "finca", "area_m2": 1201, "price_usd_m2": 60, "price_usd": 72060, "tier": "base", "slope_pct": 2.1, "elev_m": 702.7}, "geometry": {"type": "Polygon", "coordinates": [[[-70.45983595487469, 18.718396770194097], [-70.45984419241583, 18.718381439563856], [-70.45984431318463, 18.718381197339838], [-70.45984612311479, 18.718377270547954], [-70.45984622858728, 18.718377021922986], [-70.45987951640387, 18.718291316576373], [-70.45987957542076, 18.718291155327105], [-70.45988046818545, 18.718288559258013], [-70.45988052076414, 18.71828839599865], [-70.4598973736197, 18.718232308301886], [-70.45990346140701, 18.71823486320388], [-70.45990948725859, 18.718237225619838], [-70.45992339137466, 18.71824230019917], [-70.45992953162461, 18.7182443780401], [-70.45996092403671, 18.71825418136647], [-70.45996716389288, 18.718255969626057], [-70.45998152307665, 18.718259721203584], [-70.45998784750624, 18.718261215574323], [-70.46002009721911, 18.718268039820256], [-70.46002649098611, 18.718269236701428], [-70.46004116694944, 18.718271629147132], [-70.46004761465032, 18.71827252565595], [-70.46008041107841, 18.718276305099756], [-70.4600868971801, 18.71827689907582], [-70.46010174858401, 18.71827790934902], [-70.4601082574607, 18.71827819936201], [-70.46014128475329, 18.71827889760545], [-70.46014780072436, 18.71827888295607], [-70.4601626845402, 18.718278501327287], [-70.46016919190797, 18.718278182051467], [-70.46020213199085, 18.718275792370225], [-70.46020861507826, 18.71827516923653], [-70.46022338796527, 18.718273399381186], [-70.46022983115398, 18.71827247389145], [-70.46026236679286, 18.718267019299912], [-70.4602687545603, 18.718265793683138], [-70.46028327424608, 18.71826265264618], [-70.46028959120369, 18.71826112985562], [-70.46032140905962, 18.718252662885238], [-70.4603276399888, 18.7182508465889], [-70.46033957441804, 18.718247060147725], [-70.46032614602179, 18.71829804257477], [-70.46032209440541, 18.71831241767366], [-70.46029531285936, 18.718401549627842], [-70.46028415337425, 18.718434000510687], [-70.46025086574451, 18.718519705915945], [-70.46022824171654, 18.71856879085505], [-70.46022048624104, 18.71858322439124], [-70.45983595487469, 18.718396770194097]]]}}, {"type": "Feature", "properties": {"kind": "lot", "id": "D-09", "cluster": "finca", "area_m2": 1376, "price_usd_m2": 60, "price_usd": 82560, "tier": "base", "slope_pct": 1.3, "elev_m": 702.2}, "geometry": {"type": "Polygon", "coordinates": [[[-70.45955131903378, 18.718587416066008], [-70.45952462571316, 18.718605895316472], [-70.45943307248227, 18.718657527032565], [-70.45933186792234, 18.718705219628276], [-70.45925866599579, 18.71873611276174], [-70.45908393762929, 18.718360225892283], [-70.45914878456689, 18.718332858807806], [-70.45922726552725, 18.718295874731037], [-70.45928742062993, 18.71826195011841], [-70.45929771328471, 18.71825482472826], [-70.45955131903378, 18.718587416066008]]]}}, {"type": "Feature", "properties": {"kind": "lot", "id": "D-10", "cluster": "finca", "area_m2": 1555, "price_usd_m2": 60, "price_usd": 93300, "tier": "base", "slope_pct": 1.4, "elev_m": 701.8}, "geometry": {"type": "Polygon", "coordinates": [[[-70.45925866599579, 18.71873611276174], [-70.4592244623428, 18.71875054758732], [-70.45911233913833, 18.71879406685027], [-70.45902649846768, 18.718826748652887], [-70.4590085702195, 18.718816567412265], [-70.45900289275124, 18.718813520621858], [-70.45898974418337, 18.718806864082715], [-70.45898391665469, 18.718804086401356], [-70.45895064896965, 18.71878919049234], [-70.45894468542008, 18.718786688610997], [-70.45893091541545, 18.7187812921141], [-70.45892483021098, 18.71877907206065], [-70.45890642528053, 18.718772846444548], [-70.4587790278405, 18.718478991049572], [-70.45883351173359, 18.718457545974378], [-70.45883860739112, 18.71845557319231], [-70.4589509069774, 18.718412817828955], [-70.45905567554604, 18.718372153212652], [-70.45908393762929, 18.718360225892283], [-70.45925866599579, 18.71873611276174]]]}}, {"type": "Feature", "properties": {"kind": "lot", "id": "D-11", "cluster": "finca", "area_m2": 1621, "price_usd_m2": 60, "price_usd": 97260, "tier": "base", "slope_pct": 1.0, "elev_m": 702.4}, "geometry": {"type": "Polygon", "coordinates": [[[-70.46015525220861, 18.718696435273085], [-70.46000305769427, 18.71861627878015], [-70.46000263991972, 18.718616083605717], [-70.46000220407939, 18.71861592838867], [-70.4600017543707, 18.71861581462383], [-70.46000129512456, 18.718615743406822], [-70.46000083076376, 18.718615715423503], [-70.46000036576038, 18.71861573094336], [-70.45999990459264, 18.718615789816937], [-70.45999945170182, 18.718615891477246], [-70.45999901144951, 18.718616034945242], [-70.4599985880756, 18.71861621883926], [-70.4599981856574, 18.718616441388285], [-70.45999780807041, 18.718616700449054], [-70.45999745895102, 18.718616993526673], [-70.45999714166142, 18.71861731779864], [-70.45999685925729, 18.71861767014204], [-70.45999661445833, 18.718618047163627], [-70.45981430766979, 18.718932310741106], [-70.45960148292859, 18.718653203313526], [-70.45965786080197, 18.718614174007772], [-70.45965800583076, 18.718614069500557], [-70.45966029179343, 18.718612355610723], [-70.45966056870733, 18.718612131092275], [-70.45966271010886, 18.718610255328628], [-70.45966284158669, 18.718610135647605], [-70.45973294912932, 18.718543822262447], [-70.45973313617255, 18.718543634914564], [-70.45973603641751, 18.718540558230533], [-70.45973621190491, 18.718540360992908], [-70.45979629873112, 18.718468769963316], [-70.45979644306075, 18.718468588835183], [-70.45979867434083, 18.71846563725558], [-70.45979893341132, 18.718465255401703], [-70.45980084200707, 18.71846210506082], [-70.45980095609141, 18.71846190530276], [-70.45983595487469, 18.718396770194097], [-70.46022048624104, 18.71858322439124], [-70.46018500553957, 18.718649256671913], [-70.46016114815755, 18.718688635975745], [-70.46015525220861, 18.718696435273085]]]}}, {"type": "Feature", "properties": {"kind": "lot", "id": "D-12", "cluster": "finca", "area_m2": 2557, "price_usd_m2": 60, "price_usd": 153420, "tier": "base", "slope_pct": 1.1, "elev_m": 702.0}, "geometry": {"type": "Polygon", "coordinates": [[[-70.45930714355949, 18.7191515578053], [-70.45930600072376, 18.71914865048014], [-70.45929934156386, 18.719132322728626], [-70.45929812419101, 18.719129443002608], [-70.45929239209046, 18.71911634953422], [-70.45928973671084, 18.7191106798006], [-70.45927393802899, 18.71907905584399], [-70.45927099387585, 18.719073517086642], [-70.45926394246133, 18.719061022006713], [-70.4592607166268, 18.71905562756912], [-70.45924174088789, 18.719025631381783], [-70.4592382411441, 18.71902039425929], [-70.45922993832538, 18.719008617901583], [-70.45922617310282, 18.719003550711086], [-70.45920420305515, 18.71897547117091], [-70.45920018142537, 18.718970586119298], [-70.45919070716363, 18.71895964189586], [-70.45918643881437, 18.718954950751947], [-70.45916168604238, 18.71892905827845], [-70.45915718125725, 18.718924572343123], [-70.45914662679498, 18.718914565652057], [-70.4591418964256, 18.718910295732677], [-70.45911459931204, 18.718886839682657], [-70.45910965475508, 18.718882796065298], [-70.45910953559773, 18.718882703359835], [-70.4591441383407, 18.71886952917666], [-70.45914415305587, 18.718869523546992], [-70.45914438834015, 18.718869433097343], [-70.45914440303551, 18.718869427420806], [-70.45925725364229, 18.71882562581843], [-70.45925731956474, 18.718825599678222], [-70.45925837095886, 18.71882517389137], [-70.45925843646069, 18.718825146808207], [-70.45929322774819, 18.718810463983363], [-70.45936725600575, 18.71877922211123], [-70.45936734736662, 18.718779182446795], [-70.4593688019252, 18.71877853314104], [-70.45936889238416, 18.718778491642265], [-70.45947234435191, 18.71872973994803], [-70.45947250245761, 18.718729661886115], [-70.45947500664543, 18.71872836808027], [-70.45947516156322, 18.71872828441645], [-70.45956982011845, 18.718674901432436], [-70.45957000895686, 18.71867478915119], [-70.45957298446106, 18.718672926081975], [-70.45957316756069, 18.718672805479574], [-70.45960148292859, 18.718653203313526], [-70.45981430766979, 18.718932310741106], [-70.45976724835859, 18.71901343218791], [-70.4597670435214, 18.719013830256543], [-70.4597668806197, 18.719014245538848], [-70.45976676122231, 18.719014674035435], [-70.45976668647911, 18.71901511161965], [-70.45976665710992, 18.719015554077313], [-70.45976667339758, 18.71901599714732], [-70.45976673518523, 18.719016436562658], [-70.4597668418778, 18.719016868091515], [-70.45976699244781, 18.719017287578048], [-70.45976718544517, 18.719017690982355], [-70.45976741901123, 18.719018074419438], [-70.45976769089661, 18.71901843419659], [-70.4597679984829, 18.71901876684895], [-70.45976833880789, 18.719019069172916], [-70.45976870859405, 18.71901933825692], [-70.45976910428014, 18.71901957150955], [-70.45978804844053, 18.719029548870452], [-70.45969492200075, 18.719082067866836], [-70.45966361961106, 18.71909824047692], [-70.45956016748981, 18.719146992286525], [-70.45954198547902, 18.71915510862799], [-70.45946795710029, 18.71918635057696], [-70.45943316575583, 18.71920103343792], [-70.45942002330708, 18.719206355786973], [-70.45933968452313, 18.71923753835105], [-70.45930714355949, 18.7191515578053]]]}}, {"type": "Feature", "properties": {"kind": "lot", "id": "D-13", "cluster": "2", "area_m2": 1186, "price_usd_m2": 63, "price_usd": 74718, "tier": "cl\u00faster 2 (+5 %)", "slope_pct": 1.1, "elev_m": 701.7}, "geometry": {"type": "Polygon", "coordinates": [[[-70.45850864894129, 18.71889285371377], [-70.4585260911385, 18.718887317555794], [-70.45854032849611, 18.718883165587208], [-70.45857596248268, 18.71887457105932], [-70.45859055839223, 18.718871768759143], [-70.45862690490164, 18.718866543596185], [-70.45864171879765, 18.71886511795179], [-70.45867842779603, 18.718863312474294], [-70.45869331701384, 18.718863277215206], [-70.45873003497658, 18.718864908810563], [-70.45874485612613, 18.718866264276254], [-70.4587812294423, 18.718871317231226], [-70.45879434234062, 18.718873770242375], [-70.45879583978905, 18.718874050367855], [-70.45883151816679, 18.71888247601993], [-70.45884577700635, 18.718886560506043], [-70.45886414026526, 18.718892772027942], [-70.45878606152856, 18.71893327584354], [-70.45878319762141, 18.718934761511687], [-70.45878298916875, 18.718934876278862], [-70.45877970498854, 18.718936792026703], [-70.45877950291869, 18.71893691672801], [-70.45869191867259, 18.718994025453963], [-70.45869174516764, 18.718994144141167], [-70.45868901537646, 18.718996101737307], [-70.45868868606489, 18.718996360831312], [-70.45868615221715, 18.718998544532823], [-70.45868584870955, 18.71899883081026], [-70.45868353136312, 18.719001222900122], [-70.45868339006407, 18.719001375514917], [-70.45862108989601, 18.719071800856614], [-70.45862095295834, 18.7190719630974], [-70.45861882587901, 18.719074605664076], [-70.45861857624884, 18.719074947306467], [-70.45861671348685, 18.719077765213157], [-70.45861649792106, 18.719078127299326], [-70.45861491529308, 18.719081096619238], [-70.45861482086806, 18.71908128437405], [-70.45857569533258, 18.71916391534375], [-70.45857558730134, 18.719164162835806], [-70.45857398355923, 18.719168168061557], [-70.4585738146063, 18.71916867916176], [-70.45857271985975, 18.719172837145244], [-70.45857265953283, 18.719173098954133], [-70.45856443132149, 18.71921465879452], [-70.45845544744081, 18.719252105668797], [-70.45830004995113, 18.71896452832042], [-70.45850864894129, 18.71889285371377]]]}}, {"type": "Feature", "properties": {"kind": "lot", "id": "D-14", "cluster": "2", "area_m2": 1410, "price_usd_m2": 63, "price_usd": 88830, "tier": "cl\u00faster 2 (+5 %)", "slope_pct": 0.9, "elev_m": 701.7}, "geometry": {"type": "Polygon", "coordinates": [[[-70.45874907992665, 18.719193802195285], [-70.45874885877615, 18.719193733163802], [-70.45873459991203, 18.719189648672046], [-70.45873437547303, 18.719189590063156], [-70.45873121409215, 18.719188843485423], [-70.45873098690532, 18.71918879544034], [-70.4587163765318, 18.719186062300516], [-70.45871614714446, 18.719186024934974], [-70.45871292418639, 18.719185577204367], [-70.45871269315114, 18.719185550608398], [-70.45869787197365, 18.71918419514208], [-70.45869763984709, 18.719184179379734], [-70.45869438635057, 18.71918403480814], [-70.45869415369191, 18.719184029917404], [-70.45867926444602, 18.719184065178474], [-70.45867903181575, 18.71918407117112], [-70.45867577911363, 18.719184231150848], [-70.45867554707218, 18.71918424801246], [-70.45866073314902, 18.71918567366136], [-70.45866050225538, 18.71918570135129], [-70.45865889782348, 18.71918593200414], [-70.45869017167412, 18.719119883290595], [-70.45874490499173, 18.719058011636918], [-70.45877107817277, 18.71904094559077], [-70.45882591058701, 18.71900519246273], [-70.45892075290277, 18.71895599242429], [-70.4589644750148, 18.718938783230815], [-70.45897217832206, 18.718943157847242], [-70.45898457883132, 18.71895101032757], [-70.45901415741089, 18.71897180407298], [-70.45902569043156, 18.71898077686744], [-70.45905298754988, 18.719004232930004], [-70.459063542013, 18.719014239626254], [-70.45908829478441, 18.71904013211267], [-70.45909776904483, 18.719051076341344], [-70.45911973908657, 18.71907915589433], [-70.45912804190183, 18.719090932257117], [-70.45914701762969, 18.719120928456643], [-70.45915406903876, 18.719133423541315], [-70.45916414504076, 18.719153592534422], [-70.4589120266368, 18.719425983131796], [-70.45886558694993, 18.719303278248713], [-70.45886554613458, 18.71930317441556], [-70.45886495608539, 18.719301727651196], [-70.45886491260799, 18.719301624803727], [-70.45885918053301, 18.71928853132044], [-70.45885908569842, 18.71928832882971], [-70.45885768582013, 18.71928552670349], [-70.45885758067213, 18.71928532889047], [-70.45885052927689, 18.71927283379378], [-70.45885041406879, 18.71927264113502], [-70.45884873267765, 18.719269983241183], [-70.45884860768703, 18.719269796200823], [-70.45884030488051, 18.719258019825137], [-70.45884017040846, 18.71925783885376], [-70.45883822369721, 18.719255350789236], [-70.45883808006768, 18.71925517632282], [-70.45882860581064, 18.719244232080875], [-70.45882845336965, 18.719244064539726], [-70.45882626008624, 18.719241770265885], [-70.45882609920102, 18.71924161005362], [-70.45881554473577, 18.71923160334423], [-70.45881537579392, 18.71923145084682], [-70.45881295706086, 18.71922937245872], [-70.4588127804694, 18.71922922804354], [-70.45880124744113, 18.71922025523658], [-70.45880106362549, 18.719220119251535], [-70.45879844273644, 18.719218276765137], [-70.45879825213939, 18.719218149537845], [-70.45878585161739, 18.719210297046132], [-70.45878565469813, 18.719210178883067], [-70.45878285689372, 18.719208590042502], [-70.45878265412662, 18.71920848122834], [-70.45876950553449, 18.719201824675494], [-70.45876929740808, 18.719201725472374], [-70.45876634963258, 18.71920040557899], [-70.45876613664822, 18.71920031622592], [-70.4587523666138, 18.719194919718017], [-70.45875214928458, 18.719194840430223], [-70.45874977390831, 18.71919403694016], [-70.45874907992665, 18.719193802195285]]]}}, {"type": "Feature", "properties": {"kind": "lot", "id": "D-15", "cluster": "2", "area_m2": 2060, "price_usd_m2": 63, "price_usd": 129780, "tier": "cl\u00faster 2 (+5 %)", "slope_pct": 5.4, "elev_m": 702.7}, "geometry": {"type": "Polygon", "coordinates": [[[-70.4579893686447, 18.719240896501635], [-70.45800500218763, 18.719209198098795], [-70.45801198834506, 18.719196669772533], [-70.45803080740428, 18.719166584075484], [-70.45803904870253, 18.719154768537337], [-70.45806087203854, 18.71912658528658], [-70.45807028910886, 18.719115596326137], [-70.45809490654985, 18.71908958694046], [-70.45810540870032, 18.719079530386857], [-70.45813258316639, 18.719055945349385], [-70.4581440692555, 18.71904691805214], [-70.45817353904168, 18.719025984498266], [-70.45818589845224, 18.71901807339458], [-70.45821737974913, 18.718999992924367], [-70.45823049345366, 18.71899327420192], [-70.45826368308038, 18.718978220938823], [-70.45827742478734, 18.718972759302037], [-70.45829456089841, 18.718966414354902], [-70.45830004995113, 18.71896452832042], [-70.45845544744081, 18.719252105668797], [-70.45840875600301, 18.71926814882841], [-70.45840864702922, 18.719268187718146], [-70.45840712863752, 18.71926874992977], [-70.4584070206982, 18.719268791355987], [-70.45839327897289, 18.71927425300346], [-70.45839306645708, 18.719274343363995], [-70.45839012560054, 18.719275677199928], [-70.458389917994, 18.719275777387384], [-70.45837680427566, 18.719282496121853], [-70.45837660207852, 18.719282605894847], [-70.45837381259403, 18.71928420796457], [-70.4583736162934, 18.719284327058674], [-70.45836125687408, 18.71929223817525], [-70.45836106694287, 18.71929236630354], [-70.45835845569466, 18.71929422117828], [-70.45835827259042, 18.719294358032094], [-70.45834678649796, 18.719303385342617], [-70.4583466106618, 18.719303530592253], [-70.45834420279759, 18.7193056204086], [-70.45834403465314, 18.719305773704153], [-70.45833353250481, 18.719315830270894], [-70.45833337245712, 18.719315991243054], [-70.45833119116595, 18.71931829587498], [-70.45833103960061, 18.719318464135956], [-70.4583216225379, 18.719329453108895], [-70.45832147982001, 18.719329628253327], [-70.45831954610892, 18.71933212550601], [-70.45831941258236, 18.719332307111966], [-70.45831117129681, 18.719344122661493], [-70.45831104728322, 18.71934431029146], [-70.45830937977496, 18.71934697611505], [-70.45830926557308, 18.719347169317018], [-70.45830227943304, 18.719359697653125], [-70.45830217531802, 18.719359895961652], [-70.45830079007165, 18.719362704682837], [-70.45830069629432, 18.719362907620187], [-70.45829503258037, 18.71937602808828], [-70.45829494936663, 18.719376235165555], [-70.45829385972289, 18.71937915973484], [-70.45829378727322, 18.719379370453176], [-70.45828950053038, 18.719392956696126], [-70.45828943901934, 18.71939317054788], [-70.45828865547217, 18.7193961828001], [-70.45828860504793, 18.719396399270092], [-70.45828573656027, 18.71941032044503], [-70.4582856973443, 18.71941053901176], [-70.45828522743979, 18.719413609937295], [-70.45828519952657, 18.71941383007421], [-70.45828377691966, 18.719427952112685], [-70.45828376037643, 18.71942817328946], [-70.45828360864012, 18.719431273313614], [-70.45828360350674, 18.719431494997423], [-70.4582836404815, 18.719445681896474], [-70.45828364677034, 18.71944590355325], [-70.45828381466363, 18.719449002821104], [-70.45828383235954, 18.719449223916868], [-70.45828454326522, 18.71945593058895], [-70.45828532856034, 18.719463339048875], [-70.4582853576207, 18.71946355905099], [-70.4582858435268, 18.719466627714873], [-70.45828588388159, 18.71946684609332], [-70.45828882489961, 18.71948075352177], [-70.45828887645163, 18.71948096975046], [-70.45828967569106, 18.719483978257472], [-70.45828973831611, 18.719484191815486], [-70.45829409582818, 18.719497757604127], [-70.45829413124697, 18.719497863220578], [-70.45829464607745, 18.719499335830687], [-70.45829468420587, 18.71949944058711], [-70.45838704294346, 18.71974347659742], [-70.45847674598454, 18.719980494765615], [-70.45832667640973, 18.719757777707926], [-70.45825991732504, 18.719658700840817], [-70.45802955814099, 18.719316824631065], [-70.45798508449236, 18.71925082105638], [-70.4579893686447, 18.719240896501635]]]}}, {"type": "Feature", "properties": {"kind": "lot", "id": "D-16", "cluster": "2", "area_m2": 1892, "price_usd_m2": 63, "price_usd": 119196, "tier": "cl\u00faster 2 (+5 %)", "slope_pct": 2.2, "elev_m": 702.2}, "geometry": {"type": "Polygon", "coordinates": [[[-70.45902231705254, 18.7197173962396], [-70.4589120266368, 18.719425983131796], [-70.45916414504076, 18.719153592534422], [-70.45916986770487, 18.719165047509037], [-70.45917559979819, 18.719178140981633], [-70.45918225894867, 18.719194468738163], [-70.45938813523, 18.719738439468284], [-70.45939394557453, 18.719755058882814], [-70.45939749622201, 18.71976611247728], [-70.45902231705254, 18.7197173962396]]]}}, {"type": "Feature", "properties": {"kind": "lot", "id": "D-17", "cluster": "2", "area_m2": 1341, "price_usd_m2": 63, "price_usd": 84483, "tier": "cl\u00faster 2 (+5 %)", "slope_pct": 7.8, "elev_m": 703.6}, "geometry": {"type": "Polygon", "coordinates": [[[-70.45905912373615, 18.7199954999811], [-70.45906386781783, 18.719986992297557], [-70.45906397193225, 18.719986793988642], [-70.45906535716992, 18.71998398526251], [-70.45906545094658, 18.719983782324828], [-70.45907111461604, 18.71997066183693], [-70.45907119782905, 18.71997045475936], [-70.4590722874621, 18.719967530186377], [-70.45907235991098, 18.7199673194678], [-70.45907664660093, 18.719953733211018], [-70.45907670811111, 18.71995351935907], [-70.4590774916459, 18.719950507104503], [-70.45907754206924, 18.719950290634376], [-70.45908041049692, 18.71993636945188], [-70.45908044971195, 18.71993615088505], [-70.45908091960267, 18.719933079958576], [-70.45908094751489, 18.719932859821608], [-70.45908237005621, 18.71991873778205], [-70.4590823865984, 18.719918516605276], [-70.45908253831985, 18.719915416581596], [-70.45908254345215, 18.719915194897847], [-70.4590825064077, 18.7199010080042], [-70.45908250011774, 18.71990078634752], [-70.4590823322089, 18.719897687081556], [-70.45908231451185, 18.719897465985948], [-70.45908081823885, 18.719883350865715], [-70.45908078917734, 18.719883130863817], [-70.4590803032553, 18.71988006220318], [-70.45908026289936, 18.719879843824984], [-70.45907732180817, 18.719865936414433], [-70.45907727025501, 18.719865720186043], [-70.45907647099958, 18.71986271168359], [-70.45907640837339, 18.719862498125913], [-70.45907205078872, 18.71984893236088], [-70.45907201536937, 18.719848826744617], [-70.45907150053105, 18.719847354137233], [-70.45907146240208, 18.71984724938101], [-70.45902231705254, 18.7197173962396], [-70.45939749622201, 18.71976611247728], [-70.45939830318135, 18.719768624638906], [-70.45940732340827, 18.71980257771844], [-70.45941026452459, 18.719816485122134], [-70.45941148099224, 18.719824167180757], [-70.4594106215906, 18.719825618184185], [-70.45941001522893, 18.71982676597546], [-70.45940617359402, 18.719834987273632], [-70.45940568411042, 18.71983618464814], [-70.45940267738267, 18.719844715811263], [-70.45940230918237, 18.71984595199307], [-70.45940016442151, 18.719854716243393], [-70.45939992081823, 18.719855980107187], [-70.45939865732657, 18.71986489856928], [-70.45939854051267, 18.719866178740723], [-70.45939815640635, 18.719875492560657], [-70.45939814591442, 18.71987613543589], [-70.45939937071319, 18.72001886143833], [-70.45939925653182, 18.720021519262993], [-70.45939886948938, 18.72002415362576], [-70.45939821331325, 18.72002673915628], [-70.45939729432278, 18.720029250954465], [-70.45939612136833, 18.720031664830326], [-70.4593947057461, 18.72003395753692], [-70.45939306108929, 18.72003610699423], [-70.45939120323683, 18.720038092501788], [-70.45938915008087, 18.72003989493808], [-70.45938692139441, 18.720041496944635], [-70.45938453864092, 18.72004288309326], [-70.45938202476763, 18.72004404003458], [-70.45938006152522, 18.720044726658497], [-70.45938006156038, 18.720044726749776], [-70.45937809636789, 18.720045414055694], [-70.45936910065667, 18.72004904680207], [-70.45936784447736, 18.72004962492405], [-70.45935926578376, 18.720054080314128], [-70.45935807512478, 18.720054772970602], [-70.45934999606618, 18.72006000809662], [-70.45934888239415, 18.720060808616985], [-70.45934138077631, 18.72006677306189], [-70.45934035481655, 18.720067673736676], [-70.45933350288405, 18.72007431005972], [-70.45933257451709, 18.720075302214944], [-70.45932643825788, 18.720082546504763], [-70.45932561642437, 18.72008362058548], [-70.459320254934, 18.720091403075656], [-70.45931954754869, 18.72009254873788], [-70.45931501246133, 18.720100794478892], [-70.45931442633675, 18.72010200068927], [-70.45931076132787, 18.72011063027016], [-70.45931030210872, 18.720111885412248], [-70.45930883256463, 18.720116640929948], [-70.45930790833096, 18.720119165060552], [-70.45930672764028, 18.720121590167896], [-70.45930530197718, 18.72012389266289], [-70.4593036452091, 18.72012605014917], [-70.45930177345144, 18.720128041640788], [-70.45929970491079, 18.720129847766497], [-70.45929745970791, 18.720131450958064], [-70.45929505968189, 18.720132835621232], [-70.45929252817785, 18.72013398828734], [-70.45928988981977, 18.720134897744398], [-70.45928752084738, 18.72013559052333], [-70.45928625180024, 18.72013602539974], [-70.45927752579952, 18.72013946925756], [-70.45927630571204, 18.72014001675854], [-70.45926796147408, 18.72014423298449], [-70.45926680132658, 18.72014488818275], [-70.4592589139468, 18.72014983883222], [-70.45925782418036, 18.720150595831118], [-70.45925046464255, 18.720156236349922], [-70.45924945506465, 18.720157088336748], [-70.4592486350723, 18.720157849444373], [-70.45905912373615, 18.7199954999811]]]}}, {"type": "Feature", "properties": {"kind": "lot", "id": "D-18", "cluster": "2", "area_m2": 1819, "price_usd_m2": 63, "price_usd": 114597, "tier": "cl\u00faster 2 (+5 %)", "slope_pct": 7.5, "elev_m": 704.2}, "geometry": {"type": "Polygon", "coordinates": [[[-70.45857653355895, 18.720128588290127], [-70.4585829181149, 18.720132631223585], [-70.45858571593354, 18.72013422006608], [-70.4585988645943, 18.720140876626765], [-70.45860181238555, 18.720142196521635], [-70.45861558249501, 18.72014759303517], [-70.45861865186995, 18.720148631271076], [-70.45863291081412, 18.720152715765966], [-70.45863607221293, 18.7201534623441], [-70.45865068266993, 18.720156195484336], [-70.45865390564651, 18.720156643214725], [-70.4586687269093, 18.72015799867863], [-70.45867198042453, 18.72015814324938], [-70.45868686975574, 18.72015810798307], [-70.45869012247641, 18.720157948001898], [-70.45870493648324, 18.720156522345047], [-70.45870815708375, 18.720156059352668], [-70.45872275309878, 18.720153257035197], [-70.4587259105629, 18.72015249549049], [-70.45873385041257, 18.72015018003631], [-70.45873716790693, 18.720149212573777], [-70.4587372333446, 18.720149385475395], [-70.4587374124727, 18.720149794646783], [-70.45873763282982, 18.720150185118598], [-70.45873789229381, 18.720150553130377], [-70.45873818836587, 18.720150895137962], [-70.45873851819466, 18.720151207847636], [-70.45873887860377, 18.720151488247833], [-70.45873926612227, 18.720151733638144], [-70.45873967701809, 18.720151941655324], [-70.45874010733414, 18.72015211029606], [-70.45874055292622, 18.720152237936247], [-70.45874100950303, 18.72015232334664], [-70.45874147266747, 18.72015236570469], [-70.45874193795905, 18.720152364602463], [-70.45874240089672, 18.720152320050577], [-70.45874285702217, 18.720152232478092], [-70.45874330194265, 18.72015210272838], [-70.45895739120745, 18.720078541494633], [-70.4589575001816, 18.720078502604554], [-70.45895901857818, 18.720077940388137], [-70.45895912651784, 18.720077898961584], [-70.45897286828486, 18.720072437269845], [-70.45897308080129, 18.720072346908612], [-70.45897602166586, 18.720071013063013], [-70.45897622927296, 18.72007091287487], [-70.45898934302292, 18.72006419409643], [-70.45898954522052, 18.720064084322747], [-70.45899233471076, 18.72006248224351], [-70.45899253101177, 18.720062363148735], [-70.45900489045188, 18.720054451989302], [-70.45900508038336, 18.720054323860342], [-70.4590076916349, 18.720052468976423], [-70.45900787473934, 18.72005233212196], [-70.45901936084127, 18.72004330477053], [-70.45901953667752, 18.72004315952026], [-70.45902194454254, 18.720041069695245], [-70.45902211268702, 18.720040916399086], [-70.45903261483328, 18.7200308597942], [-70.45903277488088, 18.720030698821446], [-70.45903495617034, 18.720028394181547], [-70.45903510773552, 18.72002822592002], [-70.45904452478474, 18.720017236912497], [-70.45904466750235, 18.720017061767532], [-70.45904660120927, 18.720014564507732], [-70.45904673473551, 18.72001438290129], [-70.45905497599648, 18.72000256732148], [-70.45905510000965, 18.720002379691046], [-70.45905676751138, 18.719999713861355], [-70.45905688171274, 18.719999520658973], [-70.45905912373615, 18.7199954999811], [-70.4592486350723, 18.720157849444373], [-70.4592426896024, 18.72016336796203], [-70.45924176929891, 18.72016430726921], [-70.45923565879927, 18.720171169486377], [-70.45923483605262, 18.720172187660474], [-70.45922943550815, 18.720179570711835], [-70.45922871772285, 18.720180658589552], [-70.45922407573681, 18.720188496030044], [-70.45922346937273, 18.72018964382085], [-70.45921962772161, 18.720197865116067], [-70.45921913823582, 18.7201990624902], [-70.45921613149343, 18.72020759365109], [-70.45921576329116, 18.720208829832625], [-70.45921361851735, 18.720217594081458], [-70.45921337491234, 18.72021885794509], [-70.45921211140954, 18.720227776406436], [-70.45921199459417, 18.720229056577832], [-70.45921161047829, 18.720238370397787], [-70.45921159998574, 18.720239013273034], [-70.45921218165405, 18.720306802594322], [-70.45919261078033, 18.72032070463843], [-70.45918025133147, 18.720328615810764], [-70.45914876991371, 18.720346696450164], [-70.45913565614993, 18.720353415240634], [-70.45910246635269, 18.72036846866919], [-70.45909963019305, 18.720369595907105], [-70.45896391616705, 18.720253515214733], [-70.45896355508475, 18.720253235601753], [-70.45896316697727, 18.720252991057713], [-70.45896275558232, 18.720252783937713], [-70.45896232486186, 18.720252616236433], [-70.45896187896393, 18.720252489568914], [-70.45896142218281, 18.72025240515505], [-70.45896095891753, 18.720252363807777], [-70.45896049362959, 18.720252365925305], [-70.45896003079999, 18.720252411487238], [-70.45895957488598, 18.720252500054777], [-70.4589591302783, 18.720252630774986], [-70.45895870125877, 18.72025280238895], [-70.45895829195906, 18.72025301324393], [-70.45895790632096, 18.720253261309285], [-70.45895754805836, 18.720253544196], [-70.45895722062156, 18.720253859179735], [-70.4589128787616, 18.72030092458708], [-70.45891258530378, 18.720301268634305], [-70.45891232865131, 18.720301638431714], [-70.45891211127588, 18.720302030417965], [-70.45891193527095, 18.72030244081802], [-70.45891180233151, 18.72030286567949], [-70.45891171373786, 18.720303300910746], [-70.45891167034321, 18.720303742320255], [-70.45891167256546, 18.720304185657003], [-70.45891172038321, 18.720304626651433], [-70.45891181333599, 18.72030506105651], [-70.45891195052855, 18.720305484688684], [-70.45891213063969, 18.720305893468137], [-70.45891235193483, 18.7203062834581], [-70.45891261228279, 18.72030665090277], [-70.45891290917626, 18.72030699226344], [-70.45891323975601, 18.720307304252618], [-70.45901948402019, 18.720398178525066], [-70.45885749877765, 18.720453836782724], [-70.45884005643667, 18.720459372980883], [-70.45882581895897, 18.72046352498009], [-70.45880551875132, 18.72046842116513], [-70.45876064844701, 18.720401830078377], [-70.45857653355895, 18.720128588290127]]]}}, {"type": "Feature", "properties": {"kind": "plaza", "label": "Plaza comercial y estacionamiento (fuera del port\u00f3n, en el sitio de la casa actual)", "area_m2": 3761}, "geometry": {"type": "MultiPolygon", "coordinates": [[[[-70.46134544756215, 18.71704308160402], [-70.46134108596283, 18.71705492848542], [-70.4608355459442, 18.71678867536559], [-70.46083821776492, 18.716783482969692], [-70.46084147571057, 18.716775177309444], [-70.4608438635799, 18.71676660736781], [-70.46084497030239, 18.716760127762985], [-70.46076291607946, 18.71671785728051], [-70.46090222451312, 18.716789622408836], [-70.46090374963313, 18.716790408077724], [-70.46090387316485, 18.71679047209182], [-70.46110732016045, 18.716896519724042], [-70.46110752165731, 18.71689662475547], [-70.46110813483497, 18.716896908533656], [-70.46110881508785, 18.71689695051785], [-70.4611090447346, 18.716896954073906], [-70.4612156307776, 18.716898604518313], [-70.4612170348329, 18.71689865933428], [-70.46121866810076, 18.716898761651578], [-70.46122145913446, 18.716899068985665], [-70.46122237964889, 18.716899214546054], [-70.461225125253, 18.716899782717185], [-70.46122670565339, 18.716900188575323], [-70.46122805302537, 18.716900568840895], [-70.46129076732547, 18.716919886265433], [-70.46133289530098, 18.716932862621256], [-70.46133318607752, 18.71693295218688], [-70.46133495974223, 18.716933380538617], [-70.46133526018731, 18.716933433756925], [-70.46136978209816, 18.71693954867347], [-70.46137858586724, 18.716941108096854], [-70.4613799893785, 18.71694139176732], [-70.46138161479071, 18.71694176133272], [-70.4613843679005, 18.71694252897718], [-70.4613852674471, 18.7169428274758], [-70.46138792542486, 18.71694385540498], [-70.46138878884881, 18.71694423870622], [-70.4613913246681, 18.7169455164681], [-70.46139214318995, 18.716945980674513], [-70.46139453106589, 18.716947495276486], [-70.46139529636278, 18.716948035667908], [-70.46139751201524, 18.716949771709352], [-70.46139821630553, 18.71695038279104], [-70.46140023720544, 18.716952322619647], [-70.46140087332779, 18.716952998178005], [-70.46140267892629, 18.716955122069294], [-70.46140324041251, 18.71695585523516], [-70.46140481234998, 18.716958141593032], [-70.4614052934908, 18.71695892491147], [-70.46140661578357, 18.716961350487956], [-70.46140731032217, 18.716962798685437], [-70.46140787354707, 18.71696405602181], [-70.46141123790461, 18.716972124269066], [-70.46141171866132, 18.71697336452531], [-70.4614122415176, 18.716974821798647], [-70.4614130099098, 18.716977361896667], [-70.4614132216459, 18.71697821642513], [-70.46141372670903, 18.716980815762152], [-70.46141385007952, 18.716981685879233], [-70.46141408700989, 18.716984319732607], [-70.46141412084137, 18.716985197162458], [-70.46141408738544, 18.716987840481075], [-70.46141403135613, 18.716988716878323], [-70.4614137278321, 18.716991344521208], [-70.4614135824749, 18.716992211550288], [-70.46141301176962, 18.716994798525477], [-70.46141277846706, 18.71699564793991], [-70.46141194600858, 18.716998169642245], [-70.46141162697961, 18.716998993363145], [-70.46141054068558, 18.71700142580826], [-70.46141013896455, 18.71700221600107], [-70.46140880916687, 18.717004536053597], [-70.46140832857459, 18.717005285202642], [-70.46140676792118, 18.71700747079619], [-70.46140621302867, 18.71700817177618], [-70.46140443636317, 18.717010202123134], [-70.46140381244808, 18.717010848266955], [-70.46140183666864, 18.717012704056376], [-70.46140114966516, 18.71701328921843], [-70.46139899356378, 18.717014952799556], [-70.4613982500061, 18.71701547141425], [-70.46139593408972, 18.717016926964543], [-70.46139454307064, 18.717017711254243], [-70.46139333201158, 18.717018356610524], [-70.46138367606355, 18.717023211435553], [-70.46134652521089, 18.717041890163035], [-70.46134632917231, 18.717041988727395], [-70.46134576591129, 18.717042304830805], [-70.4613455209358, 18.717042882308117], [-70.46134544756215, 18.71704308160402]]], [[[-70.46025082321292, 18.716480716191203], [-70.46079698972336, 18.715972534650604], [-70.46079799618701, 18.715971642416967], [-70.4607991945946, 18.715970630380138], [-70.4608013372542, 18.715968990000416], [-70.460802075764, 18.71596847852276], [-70.46080437456536, 18.71596704283225], [-70.46080516143213, 18.715966601653125], [-70.46080759491488, 18.715965384054684], [-70.4608084227929, 18.715965017292692], [-70.46081096823914, 18.715964029153252], [-70.46081182939969, 18.715963740232315], [-70.46081446304659, 18.715962990776575], [-70.46081534945037, 18.715962782393902], [-70.46081804671145, 18.715962278618452], [-70.46081895008341, 18.7159621527194], [-70.46082168577831, 18.71596189932721], [-70.460822597685, 18.71596185708711], [-70.46082534627496, 18.715961856443716], [-70.46082625820337, 18.715961898256904], [-70.46082899402859, 18.715962150368313], [-70.4608298974653, 18.71596227584442], [-70.46083259498587, 18.715962778357074], [-70.46083348149698, 18.715962986324737], [-70.46083611552996, 18.7159637345474], [-70.4608369768394, 18.71596402306514], [-70.46083952279481, 18.715965010012766], [-70.4608403508618, 18.71596537638711], [-70.4608427849721, 18.71596659284614], [-70.46084357206628, 18.71596703365682], [-70.46084587160763, 18.715968468270923], [-70.46084661038108, 18.715968979402756], [-70.46084875388622, 18.71597061877913], [-70.4608494374421, 18.715971195460455], [-70.46085140490037, 18.71597302429471], [-70.46085202685734, 18.715973661141895], [-70.46085379990156, 18.71597566236105], [-70.46085435445337, 18.715976353428836], [-70.46085591653116, 18.715978508350336], [-70.4608563985008, 18.715979247187235], [-70.46085773502953, 18.71598153569405], [-70.46085813991756, 18.715982315402705], [-70.46085923841999, 18.71598471613032], [-70.46085980674945, 18.715986142628026], [-70.46086026344653, 18.715987378106174], [-70.46088652468943, 18.716064304627164], [-70.46090933912714, 18.716131134425474], [-70.46090943685871, 18.716131420708184], [-70.4609101403792, 18.71613309368422], [-70.46091027715444, 18.716133365060188], [-70.46093296447185, 18.71617837898675], [-70.46097235150174, 18.716256526758862], [-70.46097241837748, 18.716256659446877], [-70.46097284640783, 18.716257442282632], [-70.4609729222089, 18.716257570539916], [-70.46109951074409, 18.716471761130627], [-70.46110018484337, 18.71647297238237], [-70.46110093226784, 18.71647440158718], [-70.46110208349174, 18.716476913697793], [-70.46110242100418, 18.71647776520086], [-70.4611033000657, 18.71648037525486], [-70.46110354559569, 18.71648125488458], [-70.46110414350483, 18.716483936189427], [-70.4611042945414, 18.716484834950005], [-70.46110460518341, 18.716487560084445], [-70.46110466018189, 18.716488468784387], [-70.46110468037989, 18.71649120987894], [-70.46110463877784, 18.716492119225148], [-70.46110436832524, 18.716494848247116], [-70.4611042305481, 18.716495748939856], [-70.46110367221075, 18.716498437979993], [-70.46110343966755, 18.71649932080804], [-70.46110259915547, 18.71650194236603], [-70.46110227422436, 18.71650279830084], [-70.46110116013328, 18.716505325566434], [-70.46110074613729, 18.71650614585452], [-70.46109936986083, 18.7165085529818], [-70.46109887103381, 18.716509329234228], [-70.4610972466469, 18.716511591605908], [-70.46109666809026, 18.71651231588405], [-70.4610948122052, 18.716514410363278], [-70.46109415983578, 18.71651507526006], [-70.46109209143239, 18.716516980426885], [-70.46109137192181, 18.71651757914256], [-70.46108911215332, 18.716519275513193], [-70.46108774500794, 18.7165201990179], [-70.46108655051361, 18.716520963394835], [-70.46076288257235, 18.71671695154838], [-70.46084482196343, 18.716667335513094], [-70.46084325148327, 18.716660983602274], [-70.46084024008192, 18.716652593887744], [-70.46083638014764, 18.716644525821508], [-70.46083170885377, 18.716636857103392], [-70.46082627118747, 18.716629661587284], [-70.46082011951651, 18.716623008569876], [-70.46081331308483, 18.716616962123283], [-70.46080591744207, 18.716611580478038], [-70.46079800381227, 18.716606915462258], [-70.46078964840794, 18.71660301200254], [-70.46078308031653, 18.71660067288661], [-70.46078157846416, 18.71658262578389], [-70.46078128123155, 18.716580145122634], [-70.46076364742817, 18.71646762093997], [-70.46076346041053, 18.71646653998252], [-70.46074181194841, 18.7163522352857], [-70.46072403082694, 18.71624567947962], [-70.46074155522213, 18.71615855299914], [-70.46066705158746, 18.71614494745815], [-70.46064827573653, 18.716238295623988], [-70.46064779721117, 18.716241396909567], [-70.46064760251423, 18.7162445260398], [-70.46064769311033, 18.716247659475684], [-70.46064806831802, 18.71625077364578], [-70.46066695551079, 18.716363958035725], [-70.46066708787765, 18.716364701203698], [-70.46068870443628, 18.716478837710426], [-70.46070605967536, 18.716589584637568], [-70.4607074554259, 18.716606356849923], [-70.46070056426636, 18.716610167935617], [-70.4606930126345, 18.716615349172734], [-70.46068603034924, 18.71662121074487], [-70.4606796846538, 18.71662769620195], [-70.46067403666072, 18.71663474308553], [-70.46066914076327, 18.716642283530348], [-70.46066504411174, 18.71665024491784], [-70.46066178615919, 18.716658550575556], [-70.4606593982816, 18.71666712051548], [-70.46065790347568, 18.716675872204462], [-70.46065731613736, 18.716684721358938], [-70.46065764192315, 18.716693582756726], [-70.46065785380615, 18.716695089580643], [-70.46025082321292, 18.716480716191203]]]]}}, {"type": "Feature", "properties": {"kind": "park", "label": "Parque familiar junto al port\u00f3n: \u00e1rea infantil cercada, dog park, cancha", "area_m2": 2750}, "geometry": {"type": "Polygon", "coordinates": [[[-70.46077639491983, 18.717108527546927], [-70.4608082304129, 18.71702205753314], [-70.46084006587645, 18.716935587515373], [-70.46087190131055, 18.716849117493645], [-70.46132835187831, 18.717089516520296], [-70.46122027095642, 18.71738308295572], [-70.46122024904206, 18.71738314247882], [-70.46122012281424, 18.71738350129685], [-70.46122010265269, 18.7173835613797], [-70.46117301405974, 18.717523888588996], [-70.46071656247084, 18.717283489259135], [-70.4607460022362, 18.71719575745973], [-70.46077639491983, 18.717108527546927]]]}}, {"type": "Feature", "properties": {"kind": "garden", "label": "Huerto comunitario (invernadero existente)", "area_m2": 2559}, "geometry": {"type": "Polygon", "coordinates": [[[-70.46000076403848, 18.718620232631576], [-70.46045721847743, 18.718860633497073], [-70.46030125827599, 18.71912948176569], [-70.46016800317109, 18.719130520497842], [-70.46016728062224, 18.719130543639444], [-70.46015681833286, 18.71913113268925], [-70.46015538229723, 18.71913128361982], [-70.46014539384963, 18.719132826367645], [-70.46014398130995, 18.719133115408674], [-70.46013420880357, 18.7191356162475], [-70.4601328343516, 18.719136040413154], [-70.46012337873742, 18.71913947350908], [-70.46012205657134, 18.719140028417698], [-70.46011301552697, 18.719144358306487], [-70.46011175930488, 18.719145038225797], [-70.46010322622529, 18.719150220179234], [-70.4601020489241, 18.71915101808563], [-70.46009411195698, 18.719156998573588], [-70.46009302573839, 18.719157906224584], [-70.46008576687356, 18.719164623467982], [-70.46008478295832, 18.719165631487435], [-70.46007827718073, 18.719173016096445], [-70.46007740573285, 18.71917411407139], [-70.4600760224816, 18.71917605451888], [-70.45977139794621, 18.71901561766039], [-70.46000076403848, 18.718620232631576]]]}}, {"type": "Feature", "properties": {"kind": "club", "label": "Clubhouse, piscina y terraza-mirador al valle (toe of the hill, ~720 m, before Parcela 2)", "area_m2": 3532}, "geometry": {"type": "Polygon", "coordinates": [[[-70.45854229731047, 18.721053568430264], [-70.45854222244058, 18.721053642134482], [-70.45854118819564, 18.721054009534214], [-70.45853757862508, 18.72105509958893], [-70.45853387297696, 18.721055841308758], [-70.45853010817963, 18.721056227302174], [-70.4585272310185, 18.721056247378], [-70.45852111467296, 18.721052641853785], [-70.45849191282144, 18.721031392390586], [-70.45849100457566, 18.721028380954493], [-70.45849032682334, 18.721024831345357], [-70.45849002387807, 18.72102123503752], [-70.45849009875882, 18.72101762786975], [-70.45849055071935, 18.721014045789012], [-70.45849137525565, 18.721010524492293], [-70.45849256415083, 18.721007099070828], [-70.45849410555704, 18.721003803660402], [-70.45849598411347, 18.721000671101194], [-70.4584981810995, 18.720997732610503], [-70.45850004933199, 18.7209956983348], [-70.45850004702402, 18.72099569640435], [-70.45850065208528, 18.720995039669603], [-70.45850128975175, 18.720994411565762], [-70.4585007832974, 18.720993683002092], [-70.4584787444092, 18.72096197878847], [-70.45847737881151, 18.720960014296782], [-70.45847547769854, 18.72095696414535], [-70.45847389958148, 18.720953751100218], [-70.45847265966485, 18.720950406117865], [-70.45847176989476, 18.720946961425938], [-70.45847123884377, 18.72094345021274], [-70.45847107162837, 18.720939906307493], [-70.45847126985959, 18.72093636385437], [-70.45847183162749, 18.720932856983556], [-70.45847275151968, 18.720929419482424], [-70.45847402067328, 18.72092608446999], [-70.45847562686048, 18.72092288407783], [-70.45847755460625, 18.720919849140493], [-70.4584797853375, 18.72091700889844], [-70.45848229756194, 18.720914390716313], [-70.4588556906093, 18.720561686146905], [-70.45885826108832, 18.7205592580823], [-70.45885825148551, 18.720559944691313], [-70.45885826745665, 18.720560380222633], [-70.45885849545388, 18.720562985965234], [-70.45885855539336, 18.72056341800386], [-70.4588590458329, 18.72056599069074], [-70.45885914918297, 18.720566415216318], [-70.45885989750101, 18.72056893090721], [-70.45886004329996, 18.720569343969284], [-70.45886104253299, 18.72057177925427], [-70.45886122942406, 18.720572177009068], [-70.45886247027369, 18.720574509226477], [-70.45886269651776, 18.72057488797268], [-70.4588641674372, 18.720577095419934], [-70.45886443092894, 18.720577451633087], [-70.45886611823047, 18.72057951376866], [-70.45886641651798, 18.720579844134004], [-70.45886830450033, 18.720581741768566], [-70.45886863480781, 18.72058204321187], [-70.45887070590227, 18.720583758686885], [-70.45887106515609, 18.72058402840305], [-70.45887330008996, 18.720585545755057], [-70.45887368494704, 18.720585781234224], [-70.458876062923, 18.720587086343418], [-70.45887646980204, 18.720587285394323], [-70.45887896869174, 18.720588366115944], [-70.45887939380648, 18.720588526886303], [-70.45888199035633, 18.720589373163627], [-70.45888242975086, 18.720589494157384], [-70.45888509979852, 18.720590098115327], [-70.45888554938404, 18.720590178206564], [-70.45888826808323, 18.720590534224968], [-70.45888872367604, 18.720590572668396], [-70.45889146572776, 18.720590677434295], [-70.45889169445316, 18.72059068091104], [-70.4590975131544, 18.720589077797467], [-70.459097745747, 18.72058907054378], [-70.45910053293603, 18.72058891830607], [-70.45910099560135, 18.720588871245578], [-70.45910375370848, 18.720588459437682], [-70.4591042093048, 18.720588369394218], [-70.45910691176798, 18.72058770198207], [-70.45910735590765, 18.7205875698228], [-70.45910997670066, 18.72058665323395], [-70.45911040510636, 18.720586480231642], [-70.45911291898953, 18.720585323293363], [-70.4591133275355, 18.72058511111411], [-70.45911571029873, 18.720583724968343], [-70.45911609505045, 18.720583475655562], [-70.45911832374642, 18.72058187365166], [-70.45911868099851, 18.720581589606365], [-70.45912073416369, 18.7205797871725], [-70.45912106047562, 18.720579471130215], [-70.45912291833687, 18.720577485624823], [-70.45912321056608, 18.720577140629192], [-70.4591248552312, 18.72057499117378], [-70.45912511056335, 18.72057462054732], [-70.45912652619333, 18.720572327842337], [-70.45912674216945, 18.720571935154357], [-70.45912791513098, 18.720569521279796], [-70.45912808959493, 18.720569110520284], [-70.45912877819285, 18.720567228743636], [-70.45912942898741, 18.720565449995426], [-70.45913300669119, 18.720557026024892], [-70.45913349501275, 18.720556021092374], [-70.45913792206662, 18.720547971817034], [-70.45913851141464, 18.720547017329235], [-70.45914374518355, 18.720539420267997], [-70.45914442988229, 18.72053852541713], [-70.45915041996211, 18.720531453733777], [-70.4591511934175, 18.720530627137745], [-70.45915788212048, 18.72052414893635], [-70.45915873688372, 18.720523398555745], [-70.45916605979392, 18.720517576224886], [-70.45916698763321, 18.72051690928621], [-70.45917487422706, 18.72051179889802], [-70.45917586620676, 18.720511221824292], [-70.45918424053201, 18.720506872594562], [-70.45918528709895, 18.72050639094327], [-70.45918795343367, 18.72050531420037], [-70.45920223005332, 18.7205351552153], [-70.45921668480347, 18.72057542595861], [-70.45922692728445, 18.720616852754976], [-70.45923285885276, 18.720659036642584], [-70.45923442238104, 18.720701571368167], [-70.45923160280843, 18.720744047299373], [-70.45922442728565, 18.720786055369814], [-70.45921296491373, 18.720827191018515], [-70.45919732607862, 18.720867058086153], [-70.45917766138821, 18.7209052726302], [-70.45915416022204, 18.720941466622655], [-70.4591270489075, 18.720975291494305], [-70.4590965885403, 18.721006421491726], [-70.45906307246995, 18.72103455681451], [-70.45902682347472, 18.721059426502567], [-70.45898819065305, 18.721080791045672], [-70.45894754606155, 18.721098444690167], [-70.45890528113185, 18.721112217420497], [-70.45886180290077, 18.72112197659661], [-70.45881753009027, 18.72112762823144], [-70.45877288907481, 18.72112911789602], [-70.45872830977504, 18.721126431243746], [-70.45868422151725, 18.721119594148504], [-70.45864104889866, 18.721108672455557], [-70.45859920769813, 18.721093771347316], [-70.45855910087195, 18.721075034330465], [-70.45855210473594, 18.72107091018073], [-70.4585427420859, 18.7210543548941], [-70.45854229731047, 18.721053568430264]]]}}, {"type": "Feature", "properties": {"kind": "water", "label": "Laguna con fuente (aprox. 1,500 m\u00b2, forrada, recirculada), bajo la terraza del clubhouse", "area_m2": 1781}, "geometry": {"type": "Polygon", "coordinates": [[[-70.45923027775999, 18.720505303385945], [-70.45923192242304, 18.720503153929716], [-70.4592334544139, 18.72050093017014], [-70.45923487004183, 18.72049863746446], [-70.45923616589644, 18.72049628133599], [-70.45923733885593, 18.720493867460878], [-70.45923838609454, 18.720491401654353], [-70.4592393050894, 18.720488889856735], [-70.45924009362655, 18.720486338119184], [-70.45924074980638, 18.72048375258906], [-70.45924127204806, 18.720481139495135], [-70.4592416590935, 18.720478505132583], [-70.45924191001025, 18.720475855847784], [-70.45924197908572, 18.720474247994577], [-70.45924194628604, 18.72047143028565], [-70.45924160665136, 18.720468631047144], [-70.45924096385224, 18.72046588053125], [-70.45924002483557, 18.720463208463595], [-70.45923879974963, 18.72046064372199], [-70.45923730183426, 18.72045821402433], [-70.45923554727787, 18.720455945629062], [-70.4592335550425, 18.720453863051393], [-70.45923321700113, 18.720453544628683], [-70.45923222040014, 18.7204526500152], [-70.45921278269712, 18.720436024356164], [-70.45921431530184, 18.720430851384897], [-70.4592239030947, 18.72040523884784], [-70.45923535895882, 18.720380004999726], [-70.45924857256722, 18.72035539285603], [-70.45926341666501, 18.720331639444822], [-70.45927974829497, 18.720308973524123], [-70.45929741017429, 18.720287613378787], [-70.45931623220932, 18.72026776471834], [-70.45933603313365, 18.720249618695927], [-70.45935662225386, 18.72023335006736], [-70.45937780128591, 18.72021911550818], [-70.45939936626475, 18.720207052104772], [-70.45942110950858, 18.72019727603415], [-70.45944282161894, 18.72018988144515], [-70.45946429349723, 18.720184939551704], [-70.45948531835853, 18.72018249794699], [-70.45950569372285, 18.720182580145114], [-70.45952522336523, 18.720185185354662], [-70.45954371920537, 18.720190288486254], [-70.459561003119, 18.720197840394246], [-70.45957690865318, 18.720207768349937], [-70.45959128262936, 18.720219976742023], [-70.4596039866186, 18.72023434799736], [-70.4596148982746, 18.720250743713233], [-70.4596239125121, 18.720269005990275], [-70.45963094251874, 18.720288958953052], [-70.4596359205913, 18.720310410443897], [-70.4596366230997, 18.72031596164705], [-70.4595819657023, 18.720370430820346], [-70.45958135082515, 18.72037104357975], [-70.45958133972547, 18.720371891284806], [-70.4595811769317, 18.720384324172105], [-70.45957905030214, 18.72054673946398], [-70.45957233749098, 18.72055748128531], [-70.45955600588057, 18.720580147229914], [-70.45953834400794, 18.720601507398865], [-70.4595195219665, 18.7206213560817], [-70.4594997210229, 18.720639502124442], [-70.45947913187129, 18.720655770770477], [-70.45945795279692, 18.720670005343617], [-70.4594363877665, 18.72068206875693], [-70.45941464446376, 18.72069184483299], [-70.45939293228948, 18.720699239422796], [-70.45937146034464, 18.72070418131238], [-70.4593504354168, 18.720706622908686], [-70.45933005998846, 18.720706540697954], [-70.45931053028704, 18.720703935472073], [-70.4592920343951, 18.72069883232104], [-70.45927475043896, 18.720691280391275], [-70.45927193355175, 18.720689522139207], [-70.4592707664304, 18.720657771582957], [-70.45927045375727, 18.720654237383755], [-70.45926452217996, 18.720612053497945], [-70.45926384744774, 18.720608565518212], [-70.45925360495856, 18.72056713872441], [-70.45925257466556, 18.720563730555224], [-70.45923811990832, 18.720523459815144], [-70.45923674397706, 18.720520164278945], [-70.4592298664798, 18.720505788929785], [-70.45923027775999, 18.720505303385945]]]}}, {"type": "Feature", "properties": {"kind": "pocket", "label": "Pocket park del cl\u00faster 1: verde compartido, bancos, juegos", "area_m2": 3395}, "geometry": {"type": "Polygon", "coordinates": [[[-70.45992555465943, 18.717603269934624], [-70.45992002986141, 18.717594028142113], [-70.45991548235841, 18.717584314865967], [-70.45991195594524, 18.71757422365041], [-70.45990948458308, 18.717563851679444], [-70.45990809207227, 18.717553298840873], [-70.4599077918233, 18.717542666764356], [-70.4599085867275, 18.71753205784255], [-70.45991046912928, 18.71752157424529], [-70.45991342089994, 18.717511316935195], [-70.45991741361209, 18.71750138469585], [-70.45992240881361, 18.71749187318001], [-70.45992835839776, 18.71748287398878], [-70.4599352050668, 18.717474473789128], [-70.45994288288341, 18.717466753479545], [-70.45995202237961, 18.71745920562073], [-70.46036841344139, 18.717148067117247], [-70.4603782853302, 18.717141409161666], [-70.46038798452165, 18.71713614490566], [-70.46039817853388, 18.717131811850688], [-70.46040876919312, 18.717128451726357], [-70.46041965450567, 18.71712609689244], [-70.46043072964018, 18.717124770027237], [-70.4604418879373, 18.71712448390912], [-70.46045302193667, 18.71712524129357], [-70.46046402441202, 18.71712703488654], [-70.46047478940369, 18.717129847414775], [-70.46048521323912, 18.717133651792125], [-70.46049519553124, 18.71713841138042], [-70.46050464014525, 18.71714408034228], [-70.46051345612445, 18.717150604082583], [-70.4605215585662, 18.71715791977425], [-70.46052948002685, 18.717166628210663], [-70.46064536238013, 18.71730742806598], [-70.46065234988698, 18.717316834385297], [-70.46065787471306, 18.71732607615437], [-70.4606624222491, 18.71733578941032], [-70.46066594869973, 18.717345880609294], [-70.46066842010313, 18.71735625256758], [-70.46066981265817, 18.717366805397603], [-70.46067011295357, 18.717377437469857], [-70.46066931809713, 18.717388046391765], [-70.46066743574356, 18.717398529993506], [-70.46066448402073, 18.71740878731237], [-70.46066049135518, 18.717418719564606], [-70.4606554961983, 18.717428231097234], [-70.46064954665604, 18.717437230308864], [-70.46064270002562, 18.717445630532158], [-70.46063502224384, 18.71745335086821], [-70.46062588278076, 18.717460898758272], [-70.4602094915101, 18.71777203784432], [-70.46019961957926, 18.717778695793516], [-70.46018992034608, 18.717783960042325], [-70.46017972628982, 18.71778829308871], [-70.46016913558496, 18.717791653202966], [-70.46015825022593, 18.717794008025294], [-70.46014717504488, 18.717795334877422], [-70.46013601670202, 18.717795620980986], [-70.46012488265852, 18.717794863580654], [-70.4601138801415, 18.717793069970593], [-70.46010311511142, 18.717790257424255], [-70.46009269124158, 18.71778645302806], [-70.4600827089197, 18.717781693420463], [-70.46007326428116, 18.717776024439154], [-70.46006444828305, 18.717769500679594], [-70.46005634582836, 18.71776218496927], [-70.46004842436038, 18.717753476513614], [-70.45993254214189, 18.717612676282407], [-70.45992555465943, 18.717603269934624]]]}}, {"type": "Feature", "properties": {"kind": "pocket", "label": "Pocket park del cl\u00faster 2: verde compartido, bancos, juegos", "area_m2": 4099}, "geometry": {"type": "Polygon", "coordinates": [[[-70.45870687819227, 18.72008717804467], [-70.45869593558567, 18.720089278936783], [-70.45868482955125, 18.72009034774887], [-70.4586736670464, 18.720090374187663], [-70.45866255557235, 18.7200893579985], [-70.45865160213884, 18.720087308967862], [-70.4586409122337, 18.72008424682906], [-70.45863058880666, 18.720080201072204], [-70.45862073127816, 18.720075210660188], [-70.45861143458168, 18.720069323653497], [-70.45860278824962, 18.720062596747304], [-70.45859487555093, 18.720055094725467], [-70.45858777268924, 18.72004688983667], [-70.45858154806895, 18.720038061098577], [-70.45857626163651, 18.720028693536836], [-70.45857160539971, 18.720018057542426], [-70.45836636299644, 18.719475754995404], [-70.45836282333484, 18.719464735349753], [-70.45836061845378, 18.71945430897265], [-70.45835949674971, 18.71944372688011], [-70.45835946902504, 18.719433090983514], [-70.45836053554659, 18.719422503712337], [-70.45836268604295, 18.71941206702779], [-70.45836589980348, 18.71940188144088], [-70.45837014587772, 18.71939204504429], [-70.45837538337351, 18.71938265256784], [-70.45838156185077, 18.719373794466136], [-70.4583886218073, 18.719365556047492], [-70.45839649525179, 18.719358016652258], [-70.45840510635867, 18.719351248888856], [-70.45841437219829, 18.719345317934426], [-70.4584242035356, 18.719340280907236], [-70.4584353661016, 18.719335844345746], [-70.4586477026669, 18.719262885458793], [-70.45865926785952, 18.719259512757723], [-70.4586702104141, 18.719257411871183], [-70.45868131639466, 18.719256343063577], [-70.45869247884472, 18.719256316628066], [-70.458703590264, 18.71925733281924], [-70.45871454364365, 18.719259381850605], [-70.45872523349684, 18.719262443988914], [-70.45873555687461, 18.71926648974413], [-70.45874541435737, 18.719271480153477], [-70.45875471101226, 18.71927736715666], [-70.45876335730753, 18.7192840940587], [-70.45877126997469, 18.71929159607595], [-70.45877837281041, 18.719299800959966], [-70.45878459741053, 18.719308629693348], [-70.45878988382864, 18.71931799725064], [-70.45879454005622, 18.719328633240774], [-70.45899978357724, 18.71987093524569], [-70.45900332328968, 18.71988195487545], [-70.45900552821709, 18.71989238124146], [-70.45900664996616, 18.719902963326696], [-70.45900667773358, 18.71991359921992], [-70.45900561125177, 18.719924186491703], [-70.45900346079131, 18.719934623180837], [-70.45900024706214, 18.71994480877621], [-70.45899600101401, 18.719954645184984], [-70.45899076353857, 18.719964037677098], [-70.45898458507541, 18.71997289579766], [-70.45897752512646, 18.719981134238008], [-70.45896965168276, 18.719988673657404], [-70.45896104056996, 18.719995441446994], [-70.45895177471769, 18.720001372429188], [-70.45894194336134, 18.720006409485276], [-70.45893078076813, 18.72001084607876], [-70.45871844343829, 18.72008380533649], [-70.45870687819227, 18.72008717804467]]]}}, {"type": "Feature", "properties": {"kind": "green", "label": "Buffer verde", "area_m2": 2027}, "geometry": {"type": "Polygon", "coordinates": [[[-70.46098962515767, 18.71758952906928], [-70.46097341012134, 18.71761695361589], [-70.46096547422361, 18.717628957402532], [-70.46094651613204, 18.717654735496694], [-70.46093738363014, 18.717665940312347], [-70.46091586505909, 18.71768982369578], [-70.46090562390366, 18.71770012163145], [-70.46088175208804, 18.717721880293038], [-70.46087050090686, 18.71773117217341], [-70.46085775354922, 18.717741188393287], [-70.46060236995027, 18.717932018562237], [-70.46044183888824, 18.717690279926938], [-70.46066569051821, 18.717523011520154], [-70.4606734281906, 18.717517229697453], [-70.46067351886921, 18.717517160210523], [-70.46067477565062, 18.717516172697177], [-70.46067486451221, 18.717516101110768], [-70.46068611569163, 18.717506809242185], [-70.46068628775079, 18.717506659944625], [-70.46068864131021, 18.717504514727032], [-70.46068880547384, 18.71750435756493], [-70.46069904663239, 18.71749405964083], [-70.46069920250497, 18.717493894992792], [-70.46070132405545, 18.717491540295484], [-70.4607014712615, 18.717491368558193], [-70.46071060377129, 18.717480163753407], [-70.46071074195616, 18.71747998534056], [-70.46071261106601, 18.717477443840586], [-70.46071273989682, 18.717477259182008], [-70.46072067580694, 18.717465255405155], [-70.4607207949733, 18.717465064945703], [-70.46072239364202, 18.717462361119157], [-70.46072250285688, 18.717462165317666], [-70.46072916574037, 18.71744947817185], [-70.46072926474062, 18.71744927750003], [-70.46073057757219, 18.71744643738627], [-70.46073066611932, 18.71744623232755], [-70.4607359918093, 18.71743298399707], [-70.46073606968997, 18.717432775045456], [-70.46073708404121, 18.717429825996355], [-70.46073715106785, 18.717429613655238], [-70.46074108827536, 18.717415931728876], [-70.46074114428646, 18.717415716509798], [-70.46074185038867, 18.717412686926323], [-70.46074189524931, 18.717412469347767], [-70.4607444060573, 18.71739848559004], [-70.46074443965942, 18.717398266176172], [-70.46074483071254, 18.717395185234906], [-70.46074485297518, 18.717394964514313], [-70.46074591320365, 18.71738081359649], [-70.46074592407315, 18.7173805921009], [-70.46074599631126, 18.717377489472984], [-70.46074599576149, 18.717377267736012], [-70.4607455952003, 18.717363085939162], [-70.46074558323254, 18.717362864494987], [-70.46074533596001, 18.717359770060416], [-70.46074531260312, 18.717359549442513], [-70.46074345511035, 18.717345473345063], [-70.4607434204206, 18.717345254084922], [-70.46074285601891, 18.717342197644786], [-70.46074281007986, 18.717341980270625], [-70.46073951354461, 18.717328145432997], [-70.46073945646695, 18.71732793046849], [-70.4607385803717, 18.71732494145794], [-70.4607385122929, 18.717324729420955], [-70.46073380846302, 18.717311269080078], [-70.46073372954713, 18.71731106048141], [-70.46073255019567, 18.71730816768625], [-70.46073246063278, 18.717307963028457], [-70.46072969263415, 18.71730205075967], [-70.46073701823542, 18.717299424579934], [-70.46103687595607, 18.71745735077576], [-70.46103631691803, 18.717460464326702], [-70.46102915507585, 18.71749119296659], [-70.46102521789068, 18.71750487489743], [-70.46101492951793, 18.71753478669343], [-70.4610096038477, 18.717548035030436], [-70.46099628802479, 18.717576841915143], [-70.4609956038321, 18.717578144726456], [-70.46098962515767, 18.71758952906928]]]}}, {"type": "Feature", "properties": {"kind": "green", "label": "Buffer verde", "area_m2": 153}, "geometry": {"type": "Polygon", "coordinates": [[[-70.46093670986377, 18.716878088514747], [-70.4609281058665, 18.71686763446601], [-70.46092606393583, 18.716865215211804], [-70.46091555199047, 18.71685306906018], [-70.46091344836523, 18.716850698282755], [-70.46090369661084, 18.716839977741124], [-70.46089930938136, 18.71683538729896], [-70.46088233547846, 18.71681847998137], [-70.46133879235774, 18.717058882350308], [-70.46133920316552, 18.717059074657048], [-70.46133951791927, 18.717059187570914], [-70.46132994363913, 18.717085193015976], [-70.46093670986377, 18.716878088514747]]]}}, {"type": "Feature", "properties": {"kind": "green", "label": "Buffer verde / reserva", "area_m2": 4606}, "geometry": {"type": "Polygon", "coordinates": [[[-70.46091313855392, 18.718298413237743], [-70.46091308134105, 18.718298989160562], [-70.46091307080705, 18.718299182984218], [-70.4609073264547, 18.71840487799133], [-70.46089351320842, 18.718659038965683], [-70.46089322277999, 18.718661744525132], [-70.46089264927127, 18.718664408735282], [-70.4608917984559, 18.718667004775188], [-70.46089067889909, 18.718669506510174], [-70.46088930187157, 18.71867188875495], [-70.46088768123603, 18.71867412752717], [-70.4608858333076, 18.7186762002888], [-70.46088377668963, 18.71867808617309], [-70.46088153208635, 18.71867976619459], [-70.46087912209445, 18.718681223440303], [-70.46087740187845, 18.718682045949585], [-70.46087740632167, 18.718682054372568], [-70.46086771905995, 18.718686693803736], [-70.4608664628445, 18.71868737372771], [-70.46085792981242, 18.718692555712643], [-70.46085675251814, 18.71869335362335], [-70.46084881560012, 18.71869933414033], [-70.46084772938863, 18.71870024179525], [-70.460840470574, 18.718706959064864], [-70.46083948666599, 18.718707967087838], [-70.46083298093917, 18.718715351719982], [-70.46083210949855, 18.718716449698004], [-70.46082642406456, 18.718724425408602], [-70.46082567409341, 18.71872560199944], [-70.4608208676836, 18.718734086398495], [-70.46082024692922, 18.718735329447853], [-70.46081636919448, 18.718744234890544], [-70.46081588406938, 18.718745531557552], [-70.4608146660485, 18.71874939810846], [-70.4608137389148, 18.71875189208399], [-70.46081256101405, 18.718754288052445], [-70.46081114356899, 18.718756563185703], [-70.4608095000846, 18.718758695806937], [-70.46080764621952, 18.718760665597106], [-70.46080559963688, 18.718762453788603], [-70.46080337983598, 18.718764043344038], [-70.4608010079664, 18.718765419118554], [-70.46079850662669, 18.718766568004167], [-70.46079589964893, 18.71876747905459], [-70.46079089376717, 18.71876896867856], [-70.46078958417941, 18.71876942670738], [-70.46078058856892, 18.71877305951537], [-70.4607793324042, 18.71877363764593], [-70.46077075381433, 18.718778093094333], [-70.46076956317035, 18.71877878575887], [-70.46076148421747, 18.718784020939374], [-70.46076037056064, 18.71878482146721], [-70.46075286904949, 18.718790785962227], [-70.46075184310497, 18.71879168664383], [-70.46074499127914, 18.718798323012123], [-70.46074406292736, 18.718799315173438], [-70.46073792677373, 18.71880655950321], [-70.46073710495517, 18.718807633589243], [-70.46073174356832, 18.718815416113703], [-70.46073103619759, 18.7188165617804], [-70.46072650121064, 18.718824807549673], [-70.46072591510011, 18.718826013763653], [-70.46072511055176, 18.71882790819713], [-70.4607222501876, 18.718834643366534], [-70.46072179098186, 18.7188358985113], [-70.46072096457429, 18.718838572900506], [-70.46072008654212, 18.718840987783544], [-70.46071897371813, 18.718843313139654], [-70.46071763599508, 18.71884552829695], [-70.46071608526499, 18.7188476135632], [-70.46071433531348, 18.718849550400886], [-70.46071240169721, 18.718851321591966], [-70.46070925047438, 18.71885394727251], [-70.46070692719186, 18.71885568869902], [-70.46070442679975, 18.71885719101137], [-70.46070177629517, 18.718858437988864], [-70.46069900429606, 18.71885941616769], [-70.46069684697413, 18.71886005813073], [-70.46069553738543, 18.71886051615893], [-70.46068654176791, 18.71886414896285], [-70.46068528560218, 18.718864727092832], [-70.4606767070051, 18.71886918253737], [-70.46067551636007, 18.718869875201378], [-70.46066743739988, 18.718875110378264], [-70.46066632374199, 18.718875910905606], [-70.46065882222348, 18.718881875397297], [-70.46065779627791, 18.71888277607845], [-70.46065094444475, 18.71888941244374], [-70.46065001609193, 18.718890404604654], [-70.46064387993107, 18.718897648931765], [-70.46064305811149, 18.71889872301745], [-70.46063769671755, 18.718906505539632], [-70.46063698934583, 18.718907651206038], [-70.46063285275079, 18.718915172583667], [-70.46063152700775, 18.718917334042356], [-70.4606299976265, 18.718919369735875], [-70.46062827765334, 18.71892126229882], [-70.46062638176048, 18.71892299558674], [-70.46060617042558, 18.718939836170073], [-70.46060390467908, 18.718941538801342], [-70.46060146956586, 18.718943013970367], [-70.46059889014093, 18.718944246499053], [-70.46059619294407, 18.71894522370586], [-70.46059340572687, 18.71894593553628], [-70.46059055716711, 18.718946374666245], [-70.46058767657375, 18.71894653657753], [-70.46054574330091, 18.71894686352174], [-70.460545020753, 18.718946886664746], [-70.46053455847778, 18.718947475734804], [-70.46053312244423, 18.718947626668154], [-70.46052313401223, 18.718949169435177], [-70.46052172147493, 18.718949458478907], [-70.46051194898594, 18.718951959336408], [-70.46051057453657, 18.718952383504668], [-70.46050111894138, 18.71895581661853], [-70.46049979677811, 18.718956371529632], [-70.46049075575415, 18.718960701435414], [-70.46048949953506, 18.718961381357083], [-70.46048096647708, 18.71896656332641], [-70.46047978917905, 18.718967361234984], [-70.4604718522345, 18.718973341737588], [-70.46047076601921, 18.718974249390552], [-70.46046350717769, 18.71898096664718], [-70.46046252326583, 18.718981974668406], [-70.46045601751206, 18.718989359289086], [-70.4604551460676, 18.718990457265576], [-70.46044946060687, 18.71899843296634], [-70.46044871063192, 18.718999609555905], [-70.46044390419584, 18.719008093946847], [-70.46044328343778, 18.719009336995178], [-70.46043940567753, 18.719018242431588], [-70.46043892054887, 18.71901953909783], [-70.46043770251774, 18.719023405646897], [-70.46043677537718, 18.719025899620977], [-70.46043559746933, 18.71902829558748], [-70.46043418001699, 18.71903057071832], [-70.46043253652522, 18.719032703336687], [-70.46043068265276, 18.719034673123577], [-70.46042863606277, 18.719036461311394], [-70.4604264162546, 18.719038050862796], [-70.46042404437797, 18.719039426632975], [-70.46042154303144, 18.719040575513965], [-70.46041893604718, 18.71904148655954], [-70.46041393015345, 18.719042976174165], [-70.46041262056244, 18.719043434200543], [-70.46040362492847, 18.71904706699187], [-70.46040236876034, 18.719047645120106], [-70.460393790146, 18.719052100552734], [-70.46039259949846, 18.71905279321509], [-70.46038452052036, 18.71905802838086], [-70.46038340685988, 18.71905882890669], [-70.460375905323, 18.719064793388156], [-70.46037487937481, 18.719065694067915], [-70.46036802752297, 18.719072330423987], [-70.46036709916747, 18.719073322583668], [-70.46036096298785, 18.719080566902647], [-70.4603601411656, 18.71908164098725], [-70.46035477975296, 18.719089423502464], [-70.46035407237858, 18.719090569167953], [-70.46034953736635, 18.71909881492962], [-70.46034895125226, 18.719100021142626], [-70.46034528631522, 18.7191086507396], [-70.46034459722453, 18.71911053421251], [-70.46034459712817, 18.7191105341805], [-70.46034390872127, 18.719112415784434], [-70.46034273578606, 18.719114829665113], [-70.46034132018384, 18.719117122377682], [-70.46033967554762, 18.719119271842093], [-70.46033781771614, 18.719121257357802], [-70.46033576458132, 18.719123059803188], [-70.46033353591598, 18.719124661819734], [-70.4603311531834, 18.71912604797914], [-70.4603286393306, 18.719127204931908], [-70.46032601856736, 18.719128121535967], [-70.46032331613306, 18.719128788963886], [-70.46032055805364, 18.719129200787997], [-70.46031777089091, 18.71912935304219], [-70.46030670028038, 18.719129439342904], [-70.46046136806889, 18.718862818953955], [-70.46046157290424, 18.71886242088468], [-70.4604617358041, 18.718862005601885], [-70.4604618551996, 18.718861577104978], [-70.46046192994096, 18.7188611395206], [-70.46046195930833, 18.718860697062947], [-70.46046194301891, 18.718860253993125], [-70.46046188122959, 18.718859814578124], [-70.4604617745354, 18.718859383049764], [-70.46046162396388, 18.718858963563896], [-70.46046143096513, 18.718858560160403], [-70.46046119739783, 18.718858176724268], [-70.46046092551134, 18.718857816948198], [-70.46046061792408, 18.71885748429704], [-70.46046027759832, 18.71885718197439], [-70.46045990781153, 18.718856912891795], [-70.46045951212498, 18.718856679640663], [-70.46015525220861, 18.718696435273085], [-70.46016114815755, 18.718688635975745], [-70.46018500553957, 18.718649256671913], [-70.46022048624104, 18.71858322439124], [-70.46022824171654, 18.71856879085505], [-70.46025086574451, 18.718519705915945], [-70.46028415337425, 18.718434000510687], [-70.46029531285936, 18.718401549627842], [-70.46032209440541, 18.71831241767366], [-70.46032614602179, 18.71829804257477], [-70.46033957441804, 18.718247060147725], [-70.46034176663957, 18.718246364620626], [-70.46034789652977, 18.718244259194726], [-70.46037869017665, 18.71823286138804], [-70.46038470425984, 18.718230471904274], [-70.46039830182706, 18.71822469216898], [-70.46040418561518, 18.718222024384385], [-70.46043365849107, 18.718207805509728], [-70.46043939780893, 18.718204865850815], [-70.4604523353397, 18.718197844011115], [-70.46045791636125, 18.718194639560302], [-70.46045832168099, 18.718194393720786], [-70.46091354893383, 18.7182971084195], [-70.46091336107891, 18.718297668234708], [-70.46091329904495, 18.718297853098413], [-70.46091313855392, 18.718298413237743]]]}}, {"type": "Feature", "properties": {"kind": "green", "label": "Buffer verde / reserva", "area_m2": 2329}, "geometry": {"type": "Polygon", "coordinates": [[[-70.45962119871511, 18.71952245609583], [-70.45962017276, 18.719523356771877], [-70.45961332085955, 18.71952999310329], [-70.45961239249706, 18.71953098525965], [-70.45960625626836, 18.719538229556875], [-70.45960543443908, 18.71953930363859], [-70.45960007297744, 18.719547086135176], [-70.45959936559608, 18.71954823179824], [-70.45959483053534, 18.719556477544568], [-70.45959424441438, 18.71955768375563], [-70.45959057942979, 18.71956631334071], [-70.45959012021392, 18.719567568483306], [-70.45958865068138, 18.719572324002623], [-70.45958772645433, 18.719574848134265], [-70.45958654577097, 18.719577273242972], [-70.45958512011583, 18.71957957573967], [-70.45958346335627, 18.719581733227923], [-70.4595815916076, 18.719583724721833], [-70.45957952307636, 18.71958553085007], [-70.45957727788316, 18.719587134044417], [-70.45957487786706, 18.719588518710573], [-70.45957234637302, 18.71958967137985], [-70.45956970802496, 18.71959058084021], [-70.4595673390614, 18.719591273622132], [-70.45956607001905, 18.719591708500133], [-70.45955734405212, 18.719595152368893], [-70.45955612396943, 18.71959569987141], [-70.45954777976506, 18.71959991610777], [-70.45954661962233, 18.719600571307467], [-70.45953873227565, 18.719605521966724], [-70.45953764251387, 18.71960627896697], [-70.45953028300839, 18.719611919494845], [-70.45952927343504, 18.719612771482907], [-70.45952250800403, 18.719619051116474], [-70.45952158770491, 18.71961999042478], [-70.45951547723517, 18.719626852649355], [-70.45951465449266, 18.719627870824446], [-70.45950925397648, 18.71963525388228], [-70.45950853619509, 18.719636341760847], [-70.45950389423544, 18.719644179206835], [-70.45950328787497, 18.719645326998343], [-70.45949944624816, 18.719653548297998], [-70.45949895676566, 18.719654745672695], [-70.45949829534878, 18.71965662235407], [-70.45933968452313, 18.71923753835105], [-70.45942002330708, 18.719206355786973], [-70.45943316575583, 18.71920103343792], [-70.45946795710029, 18.71918635057696], [-70.45954198547902, 18.71915510862799], [-70.45956016748981, 18.719146992286525], [-70.45966361961106, 18.71909824047692], [-70.45969492200075, 18.719082067866836], [-70.45978804844053, 18.719029548870452], [-70.45995583781338, 18.719117918713795], [-70.46007334723332, 18.71917980740078], [-70.46007172024804, 18.71918208976216], [-70.46007097026965, 18.719183266350427], [-70.4600661638095, 18.719191750733156], [-70.46006554304799, 18.719192993780442], [-70.46006166526392, 18.7192018992105], [-70.46006093725201, 18.7192038450475], [-70.46006090883189, 18.719203835393948], [-70.46006043750457, 18.719205102993126], [-70.46005925766899, 18.719207501728672], [-70.46005783772434, 18.719209779272216], [-70.46005619123312, 18.719211913870012], [-70.46005433392162, 18.719213885133655], [-70.46005228352975, 18.71921567423482], [-70.46005005964162, 18.719217264085067], [-70.4600476834985, 18.719218639499104], [-70.46004517779588, 18.719219787339778], [-70.46004256646673, 18.71922069664362], [-70.46003987445292, 18.719221358725484], [-70.46003712746695, 18.719221767261562], [-70.46003510858223, 18.719221877153625], [-70.46003435174643, 18.719221918349756], [-70.45997913278424, 18.719222348719736], [-70.45997841023492, 18.71922237186064], [-70.45996794793848, 18.719222960900314], [-70.45996651190178, 18.719223111829507], [-70.4599565234464, 18.71922465456771], [-70.45995511090554, 18.719224943607397], [-70.45994533839045, 18.719227444436893], [-70.45994396393718, 18.719227868601237], [-70.4599345083135, 18.71923130168821], [-70.45993318614602, 18.719231856595574], [-70.45992414509143, 18.719236186475865], [-70.45992288886784, 18.719236866394002], [-70.45991435577746, 18.719242048339492], [-70.45991317847468, 18.71924284624479], [-70.45990524149627, 18.719248826725444], [-70.45990415527605, 18.719249734375424], [-70.45989689639956, 18.719256451612228], [-70.45989591248264, 18.719257459630786], [-70.45988940669314, 18.71926484423396], [-70.45988853524354, 18.719265942208146], [-70.45988284974669, 18.719273917893915], [-70.45988209976659, 18.719275094481524], [-70.45987729329438, 18.719283578860153], [-70.45987667253117, 18.71928482190691], [-70.45987279473516, 18.719293727333795], [-70.45987230960144, 18.71929502399888], [-70.45987109155564, 18.719298890545165], [-70.45987016440536, 18.719301384517028], [-70.45986898648765, 18.719303780480583], [-70.45986756902538, 18.719306055607746], [-70.45986592552373, 18.719308188221742], [-70.45986407164152, 18.71931015800362], [-70.459862025042, 18.71931194618583], [-70.45985980522464, 18.719313535731086], [-70.4598574333392, 18.719314911494614], [-70.45985493198435, 18.719316060368538], [-70.45985232499234, 18.719316971406702], [-70.45984731908459, 18.719318461007024], [-70.45984600948968, 18.71931891902968], [-70.45983701382742, 18.719322551795507], [-70.45983575765513, 18.71932312992019], [-70.45982717901062, 18.719327585328706], [-70.45982598835866, 18.719328277987724], [-70.45981790934883, 18.719333513130984], [-70.45981679568371, 18.719334313653718], [-70.45980929411384, 18.71934027811451], [-70.45980826816081, 18.71934117879146], [-70.45980141627504, 18.719347815128874], [-70.45980048791463, 18.719348807286035], [-70.4597943517004, 18.71935605158858], [-70.45979352987317, 18.719357125670996], [-70.45978816842565, 18.719364908172132], [-70.45978746104629, 18.719366053835788], [-70.4597829259992, 18.719374299585876], [-70.45978233988015, 18.719375505797412], [-70.45977867490863, 18.719384135385422], [-70.45977821569457, 18.719385390528366], [-70.45977681484663, 18.719389923800392], [-70.45977589586462, 18.719392435599985], [-70.45977472291946, 18.719394849477712], [-70.4597733073072, 18.719397142186622], [-70.45977166266098, 18.719399291646646], [-70.45976980481963, 18.71940127715732], [-70.45976775167516, 18.719403079597072], [-70.4597655230005, 18.719404681607433], [-70.459763140259, 18.719406067760147], [-70.45976062639775, 18.719407224705808], [-70.45975800562664, 18.719408141302388], [-70.45975327146857, 18.719409550035383], [-70.45975196187266, 18.719410008057437], [-70.4597429662034, 18.719413640819187], [-70.45974171003007, 18.7194142189433], [-70.45973313137837, 18.71941867434794], [-70.45973194072535, 18.71941936700643], [-70.45972386170821, 18.719424602146077], [-70.45972274804205, 18.719425402668314], [-70.4597152464648, 18.719431367125775], [-70.45971422051075, 18.71943226780228], [-70.45970736861763, 18.719438904136688], [-70.45970644025618, 18.71943989629345], [-70.45970030403471, 18.71944714059334], [-70.45969948220646, 18.719448214675403], [-70.45969412075188, 18.71945599717426], [-70.45969341337151, 18.71945714283762], [-70.45968887831759, 18.719465388585828], [-70.4596882921976, 18.71946659479713], [-70.45968462721953, 18.719475224383665], [-70.45968416800456, 18.719476479526453], [-70.45968276715351, 18.719481012797946], [-70.4596818481697, 18.71948352459718], [-70.45968067522261, 18.719485938474435], [-70.45967925960836, 18.719488231182748], [-70.4596776149601, 18.719490380642064], [-70.45967575711666, 18.71949236615193], [-70.4596737039701, 18.71949416859078], [-70.45967147529333, 18.719495770600144], [-70.45966909254975, 18.719497156751792], [-70.45966657868647, 18.71949831369631], [-70.45966395791339, 18.719499230291696], [-70.45965922375187, 18.71950063902253], [-70.45965791415499, 18.719501097043988], [-70.45964891847869, 18.71950472980164], [-70.45964766230433, 18.719505307925193], [-70.45963908364544, 18.719509763325966], [-70.45963789299138, 18.719510455983915], [-70.45962981396693, 18.719515691119955], [-70.45962870029972, 18.7195164916417], [-70.45962338654952, 18.719520716565032], [-70.45962119871511, 18.71952245609583]]]}}, {"type": "Feature", "properties": {"kind": "green", "label": "Buffer verde / reserva", "area_m2": 1719}, "geometry": {"type": "Polygon", "coordinates": [[[-70.46045832168099, 18.718194393720786], [-70.46048578462457, 18.718177736554555], [-70.46049119390399, 18.718174275031288], [-70.46050334680213, 18.718166078711977], [-70.46050598294934, 18.718164254130645], [-70.4605192308042, 18.718154845980802], [-70.46052181916312, 18.718152960305854], [-70.46093967608944, 18.717840725520897], [-70.46094221509165, 18.717838779883294], [-70.46095496245077, 18.717828763657607], [-70.4609574505761, 18.71782675923438], [-70.46096870175809, 18.71781746734877], [-70.46097351941508, 18.717813287009847], [-70.46099739123, 18.717791528336694], [-70.4610019878099, 18.717787127790444], [-70.46101222896394, 18.71777682984964], [-70.46101659339382, 18.71777221969771], [-70.46103811195943, 18.717748336303163], [-70.46104223372443, 18.717743527651624], [-70.46105136622279, 18.71773232283113], [-70.46105523539389, 18.717727327264733], [-70.46107419347543, 18.717701549160342], [-70.46107780073086, 18.717696378713747], [-70.46108573662309, 18.717684374922754], [-70.46108907327337, 18.717679042052225], [-70.46110528829546, 18.717651617496646], [-70.4611083463018, 18.71764613504949], [-70.46111500916165, 18.71763344789165], [-70.46111778115768, 18.717627829075727], [-70.46113109696269, 18.71759902218367], [-70.46113357627009, 18.717593280535137], [-70.46113890193155, 18.71758003219523], [-70.46114108257795, 18.717574181546354], [-70.46115137092985, 18.717544269744906], [-70.46115324766168, 18.7175383241904], [-70.46115718483692, 18.717524642257565], [-70.46115808400145, 18.717521187242305], [-70.46117072044508, 18.71752784245232], [-70.4611711380069, 18.717528037537605], [-70.46117157016936, 18.717528191477115], [-70.46091354893383, 18.7182971084195], [-70.46045832168099, 18.718194393720786]]]}}, {"type": "Feature", "properties": {"kind": "green", "label": "Buffer verde", "area_m2": 0}, "geometry": {"type": "Polygon", "coordinates": [[[-70.459213556592, 18.72046704071368], [-70.45920630667932, 18.72046083964263], [-70.45921164264293, 18.720458105779585], [-70.45921347140542, 18.720457112937968], [-70.459213556592, 18.72046704071368]]]}}, {"type": "Feature", "properties": {"kind": "green", "label": "Buffer verde", "area_m2": 47}, "geometry": {"type": "Polygon", "coordinates": [[[-70.45913448385207, 18.720544630958514], [-70.45913442483194, 18.72054472654547], [-70.45913396167681, 18.72054547665557], [-70.45913383548391, 18.720545681033258], [-70.45913377646379, 18.7205457766202], [-70.45913372243724, 18.72054587485135], [-70.45913318706776, 18.720546848260856], [-70.4591292953832, 18.720553924126605], [-70.45912924135665, 18.720554022357764], [-70.4591291924538, 18.72055412299648], [-70.4591288348583, 18.7205548589036], [-70.45912870413221, 18.720555127928996], [-70.45912865522936, 18.7205552285677], [-70.45912861156803, 18.72055533137154], [-70.45912781356365, 18.72055721033239], [-70.45912503386408, 18.720563755342003], [-70.45912499020275, 18.720563858145855], [-70.45912495188816, 18.720563962867132], [-70.45912481445485, 18.720564338499038], [-70.45912430114127, 18.720565741484837], [-70.45912430112487, 18.720565741529676], [-70.45912430109354, 18.72056574161532], [-70.45912430099716, 18.720565741583314], [-70.45912365087266, 18.72056751851637], [-70.45912365082928, 18.720567518618495], [-70.4591235636932, 18.72056772377248], [-70.45912292864911, 18.720569030649678], [-70.459122488513, 18.720569936419604], [-70.45912238059, 18.720570132645292], [-70.45912108300026, 18.720572234176338], [-70.45912095541111, 18.72057241937791], [-70.45911944788398, 18.720574389604064], [-70.45911930185743, 18.720574561997907], [-70.45911759891125, 18.720576381944767], [-70.45911743585359, 18.720576539870702], [-70.45911555388862, 18.720578192011196], [-70.45911537537025, 18.720578333948232], [-70.45911505015403, 18.72057856771617], [-70.45911333251085, 18.72057980237133], [-70.4591131402509, 18.720579926952617], [-70.45911168253481, 18.720580774962585], [-70.45911095617099, 18.720581197516573], [-70.4591107520211, 18.720581303542268], [-70.45910978607259, 18.72058174809071], [-70.45910844775449, 18.7205823640109], [-70.45910823368075, 18.72058245045991], [-70.45910772295609, 18.720582629079335], [-70.4591058314188, 18.720583290620308], [-70.45910560948282, 18.720583356660107], [-70.45910313236064, 18.720583968421053], [-70.45910290469978, 18.720584013415646], [-70.45910128926666, 18.720584254612994], [-70.45910037657347, 18.720584390885527], [-70.45910014538025, 18.72058441440159], [-70.45909753248681, 18.72058455711918], [-70.45909741620807, 18.720584560745472], [-70.45891167326526, 18.720586007499328], [-70.45913507003853, 18.720543780081407], [-70.45913454772355, 18.72054453824606], [-70.45913448385207, 18.720544630958514]]]}}, {"type": "Feature", "properties": {"kind": "green", "label": "Buffer verde / reserva", "area_m2": 1787}, "geometry": {"type": "Polygon", "coordinates": [[[-70.45778115247793, 18.71894794325485], [-70.45778004069993, 18.71894563403913], [-70.45777916071039, 18.718943235785755], [-70.45777852024011, 18.71894076956352], [-70.45777812491563, 18.718938257038335], [-70.45777797820989, 18.718935720282854], [-70.45777762776908, 18.718894835502457], [-70.45777760625221, 18.718894192875972], [-70.45777706245174, 18.718884886274065], [-70.45777692369695, 18.7188836080916], [-70.45777550741424, 18.718874710488492], [-70.4577752421674, 18.71887345058584], [-70.45777294738275, 18.71886472089677], [-70.45777255803097, 18.718863490612605], [-70.45776940539686, 18.71885500740198], [-70.45776889544423, 18.718853817808526], [-70.45776491333349, 18.7188456574225], [-70.4577639740347, 18.718843949485944], [-70.45776399050528, 18.71884394126215], [-70.45776317586808, 18.718842454085777], [-70.45776213292837, 18.71883998663648], [-70.45776134883504, 18.71883743366484], [-70.4577608311393, 18.718834819757213], [-70.45776058482677, 18.718832170086817], [-70.45776061226958, 18.718829510171243], [-70.45776091320342, 18.718826865626806], [-70.45776148473013, 18.71882426192172], [-70.45776232134561, 18.718821724130944], [-70.45776341499287, 18.71881927669463], [-70.4577647551395, 18.71881694318278], [-70.45776632887927, 18.71881474606823], [-70.45776812105626, 18.718812706510267], [-70.45776874697012, 18.71881206135274], [-70.45776975596407, 18.71881107299932], [-70.45788879892183, 18.718700249593827], [-70.45803976953698, 18.71855970273446], [-70.45831457578777, 18.71878041196391], [-70.4583535187353, 18.718811688709525], [-70.4582625825875, 18.718842934329068], [-70.45824952633035, 18.7188474204487], [-70.45824647507042, 18.718848509358192], [-70.4582293389688, 18.718854854300325], [-70.45822631667369, 18.718856014231076], [-70.45821257497394, 18.71886147586364], [-70.45820662454192, 18.718864005952163], [-70.45817343493093, 18.71887905920415], [-70.4581676219565, 18.71888186444547], [-70.45815450825742, 18.71888858316317], [-70.45814884674515, 18.71889165679986], [-70.45811736545929, 18.718909737257878], [-70.45811186904746, 18.718913071884817], [-70.45809950964036, 18.71892098298342], [-70.45809419157096, 18.71892457056777], [-70.45806472179072, 18.718945504108845], [-70.45805959487468, 18.718949336007427], [-70.4580481087869, 18.71895836329944], [-70.45804318537614, 18.718962430281383], [-70.45801601091067, 18.71898601530593], [-70.45801130286532, 18.71899030757321], [-70.458000800714, 18.71900036412163], [-70.45799631937695, 18.719004871334228], [-70.45797170193119, 18.71903088070737], [-70.4579674580976, 18.71903559200679], [-70.45795804102431, 18.719046580962306], [-70.45795404491875, 18.719051484998968], [-70.45793222157282, 18.719079668238045], [-70.45792848282159, 18.719084753197524], [-70.45792024151831, 18.71909656873119], [-70.45791676912917, 18.719101822363655], [-70.4579013248759, 18.719126512791174], [-70.45778248627744, 18.718950143146323], [-70.45778115247793, 18.71894794325485]]]}}, {"type": "Feature", "properties": {"kind": "green", "label": "Buffer verde / reserva", "area_m2": 3948}, "geometry": {"type": "Polygon", "coordinates": [[[-70.45816205916874, 18.71844585633307], [-70.45841108918864, 18.718213614325343], [-70.4584112406601, 18.71821347252119], [-70.45859050417475, 18.718044139453564], [-70.4587790278405, 18.718478991049572], [-70.45890642528053, 18.718772846444548], [-70.45889019039359, 18.718767354861225], [-70.45888399819437, 18.71876542198323], [-70.45886973936449, 18.718761337499345], [-70.45886345508752, 18.718759696453954], [-70.45882777673489, 18.71875127080619], [-70.45882141551974, 18.718749925546057], [-70.45880680518353, 18.718747192410685], [-70.45880038235447, 18.718746146177374], [-70.45876400906508, 18.718741093224278], [-70.4587575400953, 18.71874034853749], [-70.4587427189568, 18.718738993072044], [-70.45873621943035, 18.718738551726563], [-70.458699501495, 18.718736920130535], [-70.45869298706967, 18.718736783188827], [-70.45867809786294, 18.718736818447137], [-70.45867158423236, 18.718736986239872], [-70.45863487526098, 18.71873879171418], [-70.45862837811684, 18.718739263836405], [-70.4586135642315, 18.718740689479034], [-70.45860709922597, 18.718741464794107], [-70.45857075274213, 18.71874668995151], [-70.45856433544955, 18.71874776659096], [-70.45854973954991, 18.718750568888428], [-70.45854338543029, 18.718751944259278], [-70.45850775146683, 18.71876053877944], [-70.45850147582722, 18.71876220956765], [-70.45848723847836, 18.718766361532698], [-70.45848413482157, 18.718767306478238], [-70.45846669263474, 18.71877284263163], [-70.4584636142506, 18.718773859867035], [-70.4583535187353, 18.718811688709525], [-70.45831457578777, 18.71878041196391], [-70.45803976953698, 18.71855970273446], [-70.45816205916874, 18.71844585633307]]]}}, {"type": "Feature", "properties": {"kind": "green", "label": "Buffer verde / reserva", "area_m2": 2848}, "geometry": {"type": "Polygon", "coordinates": [[[-70.458836773588, 18.71782850733698], [-70.45888704232821, 18.71793664969428], [-70.45915369160227, 18.718065946667537], [-70.45929771328471, 18.71825482472826], [-70.45928742062993, 18.71826195011841], [-70.45922726552725, 18.718295874731037], [-70.45914878456689, 18.718332858807806], [-70.45908393762929, 18.718360225892283], [-70.45905567554604, 18.718372153212652], [-70.4589509069774, 18.718412817828955], [-70.45883860739112, 18.71845557319231], [-70.45883351173359, 18.718457545974378], [-70.4587790278405, 18.718478991049572], [-70.45859050417475, 18.718044139453564], [-70.45865073654197, 18.717987243597452], [-70.4586507894935, 18.717987193709856], [-70.45876668558802, 18.71787828908451], [-70.45882297630713, 18.717825394048077], [-70.458836773588, 18.71782850733698]]]}}, {"type": "Feature", "properties": {"kind": "green", "label": "Buffer verde / reserva", "area_m2": 6969}, "geometry": {"type": "Polygon", "coordinates": [[[-70.45915369160227, 18.718065946667537], [-70.45888704232821, 18.71793664969428], [-70.458836773588, 18.71782850733698], [-70.4588315718853, 18.71781731698556], [-70.45890878517199, 18.71774476142731], [-70.45890905046721, 18.71774451213529], [-70.4589782186269, 18.717679516369042], [-70.45897824809927, 18.717679488714754], [-70.45904822854929, 18.7176139205607], [-70.45922447063002, 18.717448790424346], [-70.4595781630419, 18.717114686999842], [-70.46010796303281, 18.71661364226626], [-70.46010804509682, 18.716613564970192], [-70.46010818356234, 18.716613435077555], [-70.4601082666108, 18.71661335748884], [-70.46024743132492, 18.716483872165167], [-70.4602477649586, 18.71648416837798], [-70.46024813435606, 18.716484437086343], [-70.4602485295882, 18.716484670044167], [-70.46057210824625, 18.716655091393253], [-70.46055780568787, 18.716652064886297], [-70.46055141198016, 18.71665086801917], [-70.46053673615428, 18.71664847560399], [-70.46053028851432, 18.716647579107825], [-70.46049749239904, 18.71664379972141], [-70.4604910063597, 18.716643205755314], [-70.46047615509933, 18.716642195503223], [-70.46046964628582, 18.716641905498737], [-70.4604366193147, 18.716641207291477], [-70.46043010340718, 18.716641221946627], [-70.46041521973659, 18.716641603586904], [-70.46040871243233, 18.716641922867012], [-70.46037577266988, 18.716644312563197], [-70.46036928964527, 18.71664493569849], [-70.46035451690085, 18.71664670555588], [-70.4603480737741, 18.71664763104581], [-70.46031553844504, 18.7166530856318], [-70.46030915073779, 18.71665431124622], [-70.46029463118774, 18.716657452276298], [-70.46028831428869, 18.71665897506321], [-70.46025649672298, 18.71666744200911], [-70.4602502658496, 18.716669258299472], [-70.46023613932381, 18.71667374025279], [-70.4602300094871, 18.716675845671602], [-70.46019921610258, 18.716687243437104], [-70.46019320206928, 18.716689632911745], [-70.4601796046128, 18.71669541262515], [-70.46017372087167, 18.71669808039975], [-70.46014424822316, 18.71671229921933], [-70.46013850894798, 18.71671523886656], [-70.46012557151082, 18.71672226067883], [-70.4601199905285, 18.716725465117364], [-70.46009212245191, 18.716742368057442], [-70.46008671320686, 18.716745829567135], [-70.46007456038295, 18.716754025855046], [-70.46007192425138, 18.716755850429394], [-70.4600586764726, 18.716765258543205], [-70.46005608812801, 18.716767144210927], [-70.45963823192108, 18.717079376989577], [-70.4596356929133, 18.717081322609896], [-70.45962294552243, 18.717091338748034], [-70.45962045739014, 18.717093343154023], [-70.45960920617334, 18.717102634961087], [-70.45960438849899, 18.717106815266128], [-70.459580516582, 18.71712857376886], [-70.4595759199792, 18.717132974281817], [-70.45956567876812, 18.717143272148046], [-70.4595613143112, 18.717147882268048], [-70.45953979559506, 18.71717176550336], [-70.45953567379772, 18.717176574124064], [-70.459526541221, 18.71718777887606], [-70.4595226720137, 18.717192774413373], [-70.45950371373607, 18.717218552374256], [-70.45950010643952, 18.717223722793356], [-70.45949217044934, 18.7172357265239], [-70.45948883375449, 18.717241059369034], [-70.45947261849534, 18.717268483800936], [-70.45946956044011, 18.71727396622474], [-70.45946289746514, 18.717286653331918], [-70.45946012541731, 18.717292272126905], [-70.45944680934036, 18.717321078918744], [-70.45944432997761, 18.71732682054872], [-70.45943900418693, 18.717340068849253], [-70.45943682348286, 18.717345919482245], [-70.45942653483162, 18.71737583120989], [-70.45942465803948, 18.717381776751186], [-70.45942072072454, 18.717395458657094], [-70.45941915236612, 18.717401484783473], [-70.45941199022872, 18.71743221338148], [-70.45941073408227, 18.717438305575453], [-70.4594082231629, 18.717452289322765], [-70.45940728225493, 18.717458432907705], [-70.45940331560979, 18.7174896824431], [-70.45940269220705, 18.71749586261859], [-70.45940163186623, 18.71751001353632], [-70.45940132747077, 18.717516215413827], [-70.45940059452211, 18.71754768493687], [-70.45940060986742, 18.717553893575495], [-70.45940101031829, 18.717568075382562], [-70.45940134536751, 18.71757427582514], [-70.45940385317735, 18.71760566226685], [-70.45940450712358, 18.71761183957593], [-70.45940636451107, 18.717625915693645], [-70.4594073357789, 18.717632054987554], [-70.45941306019887, 18.717663056078834], [-70.45941434644882, 18.717669142567406], [-70.45941764288668, 18.717682977434777], [-70.4594192410199, 18.717688996455152], [-70.45942812692375, 18.71771931363795], [-70.4594300330907, 18.717725250689657], [-70.45943473683374, 18.717738711068964], [-70.459436946442, 18.71774455184915], [-70.45944890825635, 18.717773893151342], [-70.45945141598335, 18.717779623588903], [-70.45945748173311, 18.717792579848837], [-70.45946028153713, 18.717798186138708], [-70.45947387738228, 18.71782377228913], [-70.45947520406544, 18.717826268986293], [-70.45947828920215, 18.717831737622216], [-70.45948565854303, 18.717844064986323], [-70.45948902157957, 18.717849382793982], [-70.4595067611115, 18.71787593673244], [-70.4595103939467, 18.717881090900484], [-70.45951899590858, 18.717892670648858], [-70.45952091079042, 18.717895182471576], [-70.45953078456199, 18.717907805540367], [-70.45953276356192, 18.717910271829282], [-70.459608851468, 18.718002721099996], [-70.45964979487324, 18.718052468605844], [-70.45965183680235, 18.718054887873933], [-70.4596623487435, 18.71806703409608], [-70.45966445236867, 18.718069404887427], [-70.45967420412613, 18.71808012549274], [-70.45967859135934, 18.718084715963094], [-70.45970142692836, 18.718107462061933], [-70.45970604527164, 18.718111841884074], [-70.45971685289453, 18.71812160010693], [-70.45972169122125, 18.718125758729776], [-70.45974675671015, 18.718146262585122], [-70.45975180336497, 18.71815018998972], [-70.45976356276978, 18.718158891852404], [-70.45976880559417, 18.718162578577648], [-70.45979585960788, 18.718180642724665], [-70.45980128597198, 18.718184079888378], [-70.45981388390875, 18.718191641586536], [-70.45981948073928, 18.718194820908703], [-70.45981981218402, 18.71819499883169], [-70.4597989182504, 18.718264535462517], [-70.45976707084043, 18.718346532126823], [-70.45975989382, 18.718359889043327], [-70.45972695509916, 18.718421190184404], [-70.45967108818476, 18.718487753324933], [-70.45960504363602, 18.718550223578557], [-70.45955131903378, 18.718587416066008], [-70.45929771328471, 18.71825482472826], [-70.45915369160227, 18.718065946667537]]]}}, {"type": "Feature", "properties": {"kind": "road", "class": "spine", "length_m": 60, "row_m": 8.0, "carriageway_m": 6.0, "grade_max_pct": 1.7, "grade_mean_pct": 1.1}, "geometry": {"type": "LineString", "coordinates": [[-70.46070430340357, 18.716151750232456], [-70.46068552757289, 18.716245098400616], [-70.46070441478939, 18.7163582827852], [-70.46072613347846, 18.716472958414183], [-70.4607437672581, 18.71658548260199], [-70.4607521315336, 18.716685992635274]]}}, {"type": "Feature", "properties": {"kind": "road", "class": "spine", "length_m": 55, "row_m": 8.0, "carriageway_m": 6.0, "grade_max_pct": 5.0, "grade_mean_pct": 3.4}, "geometry": {"type": "LineString", "coordinates": [[-70.46075113027649, 18.71674773529729], [-70.46074971535006, 18.716795089134713], [-70.46073948087482, 18.716892935818226], [-70.46072326764126, 18.716987633654497], [-70.46070027014987, 18.717078758413034], [-70.4606705941283, 18.71716636578129], [-70.4606178997446, 18.717215493284577]]}}, {"type": "Feature", "properties": {"kind": "road", "class": "spine", "length_m": 237, "row_m": 8.0, "carriageway_m": 6.0, "grade_max_pct": 2.4, "grade_mean_pct": 1.1}, "geometry": {"type": "LineString", "coordinates": [[-70.46000592230546, 18.717760402629263], [-70.4599714045866, 18.717830491268042], [-70.4599388736988, 18.71791659521791], [-70.45991284650195, 18.718006124510527], [-70.45989015870724, 18.718097412592098], [-70.45986627917189, 18.718188073023224], [-70.45983949739667, 18.718277204928334], [-70.45980620956159, 18.718362910269143], [-70.45976297322261, 18.71844337600033], [-70.45970288638972, 18.71851496701976], [-70.45963277884559, 18.71858128039385], [-70.45954808561032, 18.71863991185397], [-70.45945342706611, 18.718693294826327], [-70.45934997511354, 18.718742046509153], [-70.4592411555861, 18.71878797119495], [-70.4591283049987, 18.718831772786373], [-70.45901453268468, 18.71887508889331], [-70.4589023524611, 18.718919243487694], [-70.4588036016827, 18.718970471060523], [-70.4587160174291, 18.719027579798176], [-70.45865371726659, 18.719098005150276], [-70.45861459174736, 18.719180636126925], [-70.45860286381921, 18.719239872742858]]}}, {"type": "Feature", "properties": {"kind": "road", "class": "lane", "length_m": 252, "row_m": 7.0, "carriageway_m": 5.0, "grade_max_pct": 3.3, "grade_mean_pct": 1.7}, "geometry": {"type": "LineString", "coordinates": [[-70.45990212057256, 18.717634280495076], [-70.4598935186003, 18.71762270076488], [-70.45988614924185, 18.717610373417912], [-70.45988008346804, 18.7175974171734], [-70.45987537969532, 18.71758395680722], [-70.45987208322333, 18.71757012195017], [-70.4598702257986, 18.71755604583959], [-70.45986982530876, 18.717541864036175], [-70.45987088561043, 18.717527713118486], [-70.45987339649191, 18.717513729367596], [-70.45987733377174, 18.717500047454635], [-70.4598826595314, 18.717486799143842], [-70.45988932248063, 18.717474112023595], [-70.45989725845138, 18.71746210827767], [-70.45990639101568, 18.717450903508567], [-70.45991663222186, 18.71744060562418], [-70.45992788344145, 18.717431313798592], [-70.46034573988423, 18.717119080362263], [-70.46035789271852, 18.71711088405617], [-70.46037083017322, 18.71710386222676], [-70.46038442765378, 18.71709808249793], [-70.4603985542092, 18.71709360053148], [-70.46041307379339, 18.71709045949107], [-70.46042784657504, 18.717088689626546], [-70.46044273028458, 18.71708830798261], [-70.46045758158414, 18.717089318234656], [-70.46047225744789, 18.717091710653413], [-70.46048661653963, 18.717095462198607], [-70.46050052057376, 18.717100536740876], [-70.46051383564715, 18.7171068854097], [-70.46052643352859, 18.71711444706405], [-70.46053819289376, 18.7171231488812], [-70.46054900049369, 18.71713290705805], [-70.4605587522453, 18.71714362761821], [-70.46067578379058, 18.717285823742284], [-70.46068438579465, 18.717297403434475], [-70.46069175519334, 18.717309730747406], [-70.46069782101512, 18.71732268696249], [-70.46070252484262, 18.717336147304422], [-70.4607058213751, 18.717349982142885], [-70.46070767886486, 18.717364058240914], [-70.46070807942291, 18.717378240038048], [-70.46070701919128, 18.717392390955872], [-70.46070450838022, 18.71740637471331], [-70.46070057116988, 18.717420056639114], [-70.4606952454774, 18.717433304968765], [-70.46068858259181, 18.71744599211352], [-70.46068064668015, 18.717457995889138], [-70.46067151416935, 18.71746920069253], [-70.4606612730104, 18.71747949861517], [-70.46065002183121, 18.717488790482253], [-70.4602321651407, 18.717801024609496], [-70.46022001225292, 18.71780922091062], [-70.46020707473971, 18.717816242733193], [-70.46019347719658, 18.717822022453046], [-70.46017935057549, 18.717826504408198], [-70.46016483092382, 18.717829645434822], [-70.46015005807405, 18.717831415283047], [-70.46013517429716, 18.717831796908186], [-70.46012032293244, 18.71783078663494], [-70.46010564700698, 18.717828394192814], [-70.46009128785833, 18.717824642622332], [-70.4600773837733, 18.717819568053265], [-70.46006406865605, 18.71781321935658], [-70.46005147073872, 18.717805657673793], [-70.46003971134634, 18.71779695582822], [-70.46002890372836, 18.71778719762353], [-70.46001915196811, 18.717776477036736], [-70.45990212057256, 18.717634280495076]]}}, {"type": "Feature", "properties": {"kind": "road", "class": "lane", "length_m": 246, "row_m": 7.0, "carriageway_m": 5.0, "grade_max_pct": 2.8, "grade_mean_pct": 1.3}, "geometry": {"type": "LineString", "coordinates": [[-70.45851819615042, 18.71998347674835], [-70.4583303656693, 18.71948718048944], [-70.45832600815473, 18.719473614701794], [-70.45832306713386, 18.719459707274126], [-70.45832157093002, 18.71944559214263], [-70.4583215339521, 18.71943140524381], [-70.45832295655585, 18.71941728320527], [-70.45832582504048, 18.71940336202997], [-70.45833011178055, 18.719389775786382], [-70.45833577549207, 18.7193766553174], [-70.45834276163018, 18.719364126980192], [-70.45835100291428, 18.719352311429386], [-70.45836041997615, 18.719341322455033], [-70.45837092212423, 18.71933126588681], [-70.45838240821709, 18.719322238574797], [-70.45839476763739, 18.719314327456757], [-70.45840788135727, 18.719307608720932], [-70.45842162308465, 18.719302147072252], [-70.45863571147352, 18.71922858626332], [-70.4586499488558, 18.71922443428479], [-70.45866454479328, 18.71922163197698], [-70.4586793587195, 18.719220206327563], [-70.45869424796854, 18.71922017106627], [-70.4587090691492, 18.719221526532653], [-70.45872367952573, 18.719224259672842], [-70.4587379383926, 18.71922834416524], [-70.45875170842943, 18.719233740674028], [-70.45876485702352, 18.719240397227978], [-70.45877725754696, 18.719248249720966], [-70.45878879057607, 18.71925722252934], [-70.45879934504157, 18.71926722924021], [-70.45880881929824, 18.719278173483648], [-70.45881712210375, 18.71928994986079], [-70.45882417349743, 18.719302444958846], [-70.45882990557035, 18.71931553844334], [-70.45903578092907, 18.719859509620953], [-70.45904013851124, 18.719873075387003], [-70.45904307959961, 18.71988698279833], [-70.45904457586956, 18.719901097919067], [-70.45904461291086, 18.719915284812945], [-70.45904319036639, 18.719929406852426], [-70.4590403219357, 18.719943328034564], [-70.45903603524297, 18.719956914290716], [-70.4590303715711, 18.71997003477773], [-70.45902338546406, 18.71998256313804], [-70.45901514420164, 18.719994378716574], [-70.45900572715156, 18.720005367722692], [-70.45899522500505, 18.720015424326107], [-70.4589837389035, 18.720024451676036], [-70.45897137946439, 18.72003236283402], [-70.45895826571598, 18.720039081611105], [-70.458944523951, 18.72004454330163], [-70.45873043472123, 18.720118104518384]]}}, {"type": "Feature", "properties": {"kind": "road", "class": "club-access", "length_m": 72, "row_m": 7.0, "carriageway_m": 5.0, "grade_max_pct": 10.5, "grade_mean_pct": 5.2}, "geometry": {"type": "LineString", "coordinates": [[-70.4589385779655, 18.720280409735153], [-70.4591910458476, 18.72049635366608], [-70.45885826108832, 18.7205592580823]]}}, {"type": "Feature", "properties": {"kind": "path", "label": "Sendero peatonal y de carritos de golf (2.5 m)", "length_m": 595}, "geometry": {"type": "LineString", "coordinates": [[-70.4610211856757, 18.717185820827712], [-70.46028895260129, 18.717460052492708], [-70.4601083706624, 18.718920261518498], [-70.45868307293024, 18.719673345415497], [-70.4588833009602, 18.720851249458455], [-70.45851689010227, 18.721058933887594]]}}, {"type": "Feature", "properties": {"kind": "gate", "label": "Port\u00f3n y caseta de seguridad"}, "geometry": {"type": "Point", "coordinates": [-70.46075247071124, 18.71670287450552]}}, {"type": "Feature", "properties": {"kind": "entrance", "label": "Entrada desde Carretera Los Quemados"}, "geometry": {"type": "Point", "coordinates": [-70.46070430340357, 18.716151750232456]}}, {"type": "Feature", "properties": {"kind": "green", "label": "Reserva de ladera (pendiente > 15 %)", "area_m2": 14507}, "geometry": {"type": "Polygon", "coordinates": [[[-70.45998628137652, 18.719456340456187], [-70.45998559809567, 18.719456909777062], [-70.45998543349351, 18.719457760301754], [-70.45986506146743, 18.720079739232677], [-70.45986422236786, 18.720083142562952], [-70.45986304209063, 18.72008645272363], [-70.45986153167948, 18.72008963874187], [-70.45985970526712, 18.7200926708064], [-70.45985757994313, 18.720095520546515], [-70.45985517559393, 18.72009816129747], [-70.45958196570228, 18.720370430820346], [-70.45958135082515, 18.72037104357975], [-70.45958133972547, 18.720371891284806], [-70.4595811769317, 18.720384324172098], [-70.45957900989728, 18.7205498252749], [-70.45957895918555, 18.720551296208363], [-70.45957154051278, 18.720684041185947], [-70.45955430121555, 18.720992509855986], [-70.45955391829672, 18.72099605571854], [-70.45955317064332, 18.720999548393205], [-70.45955206552827, 18.72100295390416], [-70.45955061370185, 18.721006239123522], [-70.459548829287, 18.72100937209355], [-70.45936726496602, 18.721293737579924], [-70.45934452536252, 18.721329352203004], [-70.4593424071213, 18.72133232595683], [-70.45933998937504, 18.721335084550603], [-70.45933729603253, 18.721337600704967], [-70.4593343537278, 18.721339849537998], [-70.45933119155693, 18.721341808811314], [-70.45932784079018, 18.721343459149907], [-70.45932433456285, 18.721344784233803], [-70.4593207075475, 18.721345770959424], [-70.45931699561125, 18.721346409569176], [-70.4593132354609, 18.721346693747925], [-70.4593094642801, 18.721346620685463], [-70.45930571936152, 18.7213461911043], [-70.4593020377382, 18.721345409252496], [-70.45886060766956, 18.721229438306832], [-70.4588597637983, 18.72122921660679], [-70.45885894991703, 18.721229523667034], [-70.45871134801916, 18.721285210676534], [-70.45870787032455, 18.721286340366078], [-70.45870429423235, 18.721287144154463], [-70.4587006532976, 18.721287614499598], [-70.45869698168373, 18.72128774698818], [-70.45869331384205, 18.721287540377045], [-70.45868968418851, 18.72128699660484], [-70.45868612678068, 18.721286120773872], [-70.45868267499827, 18.721284921102196], [-70.45867936122988, 18.72128340884651], [-70.4586762165691, 18.72128159819654], [-70.45867327052277, 18.721279506141897], [-70.45867055073407, 18.721277152312634], [-70.45866808272318, 18.7212745587951], [-70.45866588964783, 18.721271749924654], [-70.45866399208593, 18.721268752057355], [-70.4585801742036, 18.721120543335516], [-70.4585427420859, 18.7210543548941], [-70.45854229731047, 18.721053568430264], [-70.45854222244058, 18.72105364213448], [-70.45854118819564, 18.721054009534214], [-70.45853757862508, 18.721055099588927], [-70.45853387297696, 18.721055841308758], [-70.45853010817964, 18.721056227302174], [-70.45852632175098, 18.72105625372255], [-70.45852255142442, 18.72105592030661], [-70.45851883477287, 18.721055230376983], [-70.45851520883441, 18.72105419080912], [-70.45851170974312, 18.72105281196276], [-70.45850837236891, 18.721051107578713], [-70.45850522997021, 18.721049094641913], [-70.45850231386238, 18.72104679321214], [-70.45849965310569, 18.721044226224155], [-70.45849727421572, 18.721041419259095], [-70.45849520089914, 18.721038400289597], [-70.45849345381743, 18.721035199400998], [-70.45849205038098, 18.72103184849154], [-70.45849100457566, 18.721028380954493], [-70.45849032682334, 18.721024831345357], [-70.45849002387807, 18.721021235037522], [-70.4584900987588, 18.72101762786975], [-70.45849055071935, 18.721014045789012], [-70.45849137525563, 18.721010524492293], [-70.45849256415083, 18.721007099070828], [-70.45849410555704, 18.7210038036604], [-70.45849598411347, 18.721000671101198], [-70.4584981810995, 18.720997732610503], [-70.45850004933199, 18.7209956983348], [-70.45850004702402, 18.720995696404348], [-70.45850065208526, 18.7209950396696], [-70.45850128975175, 18.720994411565762], [-70.4585007832974, 18.720993683002092], [-70.4584787444092, 18.72096197878847], [-70.45847737881151, 18.720960014296782], [-70.45847547769854, 18.72095696414535], [-70.45847389958148, 18.720953751100215], [-70.45847265966484, 18.720950406117865], [-70.45847176989476, 18.720946961425938], [-70.45847123884377, 18.72094345021274], [-70.45847107162837, 18.720939906307493], [-70.45847126985959, 18.720936363854367], [-70.45847183162749, 18.720932856983556], [-70.45847275151968, 18.720929419482424], [-70.45847402067328, 18.72092608446999], [-70.45847562686048, 18.72092288407783], [-70.45847755460625, 18.720919849140493], [-70.4584797853375, 18.72091700889844], [-70.45848229756194, 18.720914390716313], [-70.4588556906093, 18.7205616861469], [-70.45885826108832, 18.7205592580823], [-70.45885825148551, 18.720559944691313], [-70.45885826745665, 18.720560380222633], [-70.45885849545388, 18.720562985965234], [-70.45885855539336, 18.72056341800386], [-70.4588590458329, 18.72056599069074], [-70.45885914918297, 18.720566415216318], [-70.458859897501, 18.72056893090721], [-70.45886004329996, 18.72056934396928], [-70.45886104253299, 18.72057177925427], [-70.45886122942406, 18.720572177009068], [-70.45886247027369, 18.720574509226477], [-70.45886269651776, 18.72057488797268], [-70.4588641674372, 18.720577095419934], [-70.45886443092894, 18.720577451633087], [-70.45886611823047, 18.720579513768655], [-70.45886641651798, 18.720579844134004], [-70.45886830450033, 18.720581741768566], [-70.45886863480781, 18.72058204321187], [-70.45887070590227, 18.720583758686885], [-70.45887106515609, 18.72058402840305], [-70.45887330008996, 18.720585545755057], [-70.45887368494704, 18.720585781234224], [-70.458876062923, 18.72058708634342], [-70.45887646980204, 18.720587285394327], [-70.45887896869174, 18.72058836611594], [-70.45887939380647, 18.720588526886303], [-70.45888199035633, 18.720589373163627], [-70.45888242975086, 18.72058949415738], [-70.45888509979852, 18.720590098115327], [-70.45888554938404, 18.720590178206567], [-70.45888826808323, 18.720590534224968], [-70.45888872367604, 18.720590572668396], [-70.45889146572776, 18.7205906774343], [-70.45889169445316, 18.72059068091104], [-70.4590975131544, 18.720589077797467], [-70.459097745747, 18.72058907054378], [-70.45910053293602, 18.72058891830607], [-70.45910099560135, 18.720588871245578], [-70.45910375370848, 18.72058845943768], [-70.4591042093048, 18.720588369394218], [-70.45910691176798, 18.72058770198207], [-70.45910735590765, 18.7205875698228], [-70.45910997670066, 18.72058665323395], [-70.45911040510636, 18.72058648023164], [-70.45911291898952, 18.72058532329336], [-70.4591133275355, 18.72058511111411], [-70.45911571029873, 18.72058372496834], [-70.45911609505045, 18.720583475655562], [-70.45911832374642, 18.72058187365166], [-70.45911868099851, 18.72058158960636], [-70.45912073416369, 18.720579787172504], [-70.45912106047562, 18.720579471130215], [-70.45912291833686, 18.720577485624823], [-70.45912321056608, 18.720577140629192], [-70.4591248552312, 18.72057499117378], [-70.45912511056335, 18.72057462054732], [-70.45912652619332, 18.720572327842337], [-70.45912674216945, 18.720571935154357], [-70.45912791513099, 18.720569521279792], [-70.45912808959493, 18.720569110520284], [-70.45912877819285, 18.720567228743636], [-70.45912942898742, 18.720565449995426], [-70.45913300669118, 18.72055702602489], [-70.45913349501275, 18.720556021092374], [-70.45913792206662, 18.720547971817034], [-70.45913851141464, 18.72054701732924], [-70.45914374518355, 18.720539420267997], [-70.45914442988229, 18.72053852541713], [-70.45915041996211, 18.720531453733773], [-70.4591511934175, 18.720530627137745], [-70.45915788212048, 18.72052414893635], [-70.45915873688372, 18.720523398555745], [-70.45916605979392, 18.720517576224882], [-70.45916698763321, 18.72051690928621], [-70.45917487422705, 18.72051179889802], [-70.45917586620676, 18.720511221824292], [-70.45918424053201, 18.720506872594562], [-70.45918528709895, 18.72050639094327], [-70.45919406850645, 18.720502844757338], [-70.45919592443953, 18.720502195667247], [-70.45919592635445, 18.720502194893943], [-70.45919788765282, 18.7205015089536], [-70.45919831605822, 18.720501335951095], [-70.45920082993948, 18.72050017901175], [-70.45920123848514, 18.720499966832335], [-70.4592036212464, 18.720498580685565], [-70.4592040059978, 18.720498331372625], [-70.45920623469182, 18.72049672936779], [-70.45920659194358, 18.72049644532235], [-70.45920864510678, 18.72049464288764], [-70.45920897141839, 18.720494326845213], [-70.4592108292777, 18.720492341339067], [-70.45921112150657, 18.720491996343323], [-70.45921276616978, 18.72048984688726], [-70.45921302150161, 18.720489476260685], [-70.45921443712973, 18.720487183555154], [-70.45921465310553, 18.720486790867096], [-70.4592158260653, 18.720484376992093], [-70.45921600060512, 18.72048396602435], [-70.45921691960028, 18.72048145422682], [-70.4592170510232, 18.72048102893724], [-70.45921770720335, 18.72047844340718], [-70.45921779424368, 18.720478007891533], [-70.45921818128949, 18.720475373529002], [-70.459218223109, 18.72047493198154], [-70.45921833729298, 18.72047227415689], [-70.45921834110193, 18.720472052448937], [-70.4592163416282, 18.720239029931896], [-70.4592163503715, 18.720238494232692], [-70.45921672786068, 18.72022934108731], [-70.45921682518485, 18.720228274518234], [-70.45921805858463, 18.720219568537868], [-70.45921826154303, 18.720218515555526], [-70.4592203552177, 18.720209960113568], [-70.45922066198376, 18.72020893019443], [-70.45922359709076, 18.720200602287104], [-70.45922400490363, 18.720199604700195], [-70.4592277550278, 18.720191579276033], [-70.4592282602173, 18.720190622999247], [-70.45923279160861, 18.720182972284466], [-70.45923338962818, 18.720182065924025], [-70.45923866150541, 18.720174858772626], [-70.45923934697308, 18.720174010485426], [-70.45924531189097, 18.72016731175941], [-70.45924607863766, 18.72016652917986], [-70.45925268291381, 18.72016039916556], [-70.45925352403913, 18.72015968933653], [-70.45926070823708, 18.72015418320212], [-70.45926161617109, 18.72015355251188], [-70.45926931563537, 18.72014871981076], [-70.45927028220707, 18.72014817393525], [-70.45927842764495, 18.72014405816013], [-70.45927944415537, 18.72014360201214], [-70.4592879622606, 18.720140240203612], [-70.45928901956161, 18.720139877888258], [-70.45929128097399, 18.720139216564018], [-70.45929150279954, 18.72013914594436], [-70.45929414115767, 18.720138236487283], [-70.4592945725043, 18.72013806443436], [-70.4592971040084, 18.72013691176822], [-70.45929751546984, 18.720136700066544], [-70.45929991549588, 18.720135315403347], [-70.45930030306981, 18.720135066112157], [-70.45930254827273, 18.72013346292055], [-70.45930290818923, 18.720133178464692], [-70.45930497672987, 18.72013137233895], [-70.45930530548803, 18.720131055485346], [-70.4593071772457, 18.720129063993685], [-70.45930747164768, 18.72012871782437], [-70.45930912841573, 18.72012656033807], [-70.45930938559789, 18.72012618822023], [-70.45931081126095, 18.720123885725197], [-70.45931102872166, 18.720123491278436], [-70.45931220941229, 18.720121066171085], [-70.4593123850363, 18.720120653232197], [-70.4593133092699, 18.720118129101568], [-70.45931338084293, 18.720117916946815], [-70.45931481751147, 18.72011326781556], [-70.4593152001018, 18.7201122221161], [-70.45931877778823, 18.720103798142887], [-70.45931926610757, 18.720102793210003], [-70.45932369314212, 18.7200947439313], [-70.45932428248767, 18.720093789443048], [-70.45932951623547, 18.720086192377778], [-70.45933020093152, 18.72008529752639], [-70.45933619098861, 18.72007822583837], [-70.45933696444115, 18.72007739924174], [-70.45934365312, 18.7200709210351], [-70.45934450788023, 18.720070170653827], [-70.45935183076517, 18.72006434831719], [-70.45935275860133, 18.720063681377788], [-70.45936064516899, 18.720058570983348], [-70.45936163714548, 18.720057993908835], [-70.4593700114439, 18.720053644672436], [-70.45937105800752, 18.720053163020314], [-70.4593798393878, 18.72004961682736], [-70.45938169531522, 18.720048967735785], [-70.45938169723013, 18.720048966962477], [-70.45938365852251, 18.720048281020567], [-70.45938408692658, 18.720048108017725], [-70.4593866007999, 18.720046951076377], [-70.45938700934425, 18.72004673889663], [-70.45938939209778, 18.720045352747963], [-70.4593897768479, 18.720045103434725], [-70.45939200553437, 18.72004350142813], [-70.4593923627849, 18.720043217382404], [-70.45939441594086, 18.72004141494608], [-70.45939474225129, 18.720041098903398], [-70.45939660010373, 18.72003911339581], [-70.4593968923315, 18.720038768399835], [-70.45939853698827, 18.720036618942494], [-70.45939879231909, 18.72003624831573], [-70.45940020794129, 18.720033955609107], [-70.45940042391615, 18.72003356292089], [-70.45940159687053, 18.720031149044996], [-70.45940177140952, 18.720030738077128], [-70.45940269039991, 18.720028226278924], [-70.45940282182208, 18.720027800989254], [-70.45940347799814, 18.72002521545873], [-70.45940356503786, 18.72002477994302], [-70.45940395208022, 18.720022145580252], [-70.45940399389924, 18.72002170403277], [-70.45940410808053, 18.720019046208098], [-70.45940411188927, 18.720018824500148], [-70.45940288754643, 18.719876152090716], [-70.4594028962892, 18.719875616391523], [-70.45940327376897, 18.719866463246163], [-70.45940337109192, 18.719865396677047], [-70.45940460448084, 18.71985669069596], [-70.4594048074378, 18.719855637713472], [-70.45940690109981, 18.71984708227006], [-70.45940720786423, 18.719846052350697], [-70.45941014295695, 18.719837724441195], [-70.459410550768, 18.71983672685397], [-70.45941430087635, 18.71982870142692], [-70.45941480606386, 18.71982774514974], [-70.45941933743796, 18.719820094431395], [-70.45941993545537, 18.719819188070474], [-70.4594252073142, 18.71981198091486], [-70.45942589277958, 18.719811132627107], [-70.45943185767798, 18.71980443389627], [-70.45943262442226, 18.719803651316095], [-70.45943922867808, 18.71979752129641], [-70.45944006980086, 18.719796811466693], [-70.45944725397779, 18.719791305326375], [-70.45944816190921, 18.719790674635384], [-70.45945586135193, 18.719785841927894], [-70.459456827921, 18.719785296051587], [-70.45946497333702, 18.7197811802697], [-70.45946598984477, 18.71978072412085], [-70.45947450792805, 18.719777362305198], [-70.45947465541659, 18.719777311763654], [-70.45947486523698, 18.719777234458235], [-70.45947735857416, 18.719776250417517], [-70.45947776549805, 18.719776067813985], [-70.45948014975123, 18.71977486307886], [-70.45948053668381, 18.71977464455602], [-70.45948279039547, 18.719773229968716], [-70.45948315385449, 18.7197729774932], [-70.45948525674191, 18.719771365784588], [-70.45948559345636, 18.719771081628597], [-70.45948752659422, 18.71976928730353], [-70.45948783353377, 18.719768974024383], [-70.45948957952444, 18.719767013231234], [-70.45948985392671, 18.719766673648344], [-70.45949139705685, 18.719764564033646], [-70.45949163645231, 18.719764201203155], [-70.45949296283422, 18.71976196175277], [-70.45949316506841, 18.719761578940037], [-70.45949426276508, 18.719759229808318], [-70.45949442601794, 18.719758830458535], [-70.45949528515047, 18.71975639278695], [-70.45949540795276, 18.71975598049414], [-70.45949602078922, 18.719753476220944], [-70.4594961020358, 18.719753054695616], [-70.45949646306089, 18.719750506358494], [-70.45949650202054, 18.71975007939424], [-70.45949660798513, 18.71974750992742], [-70.45949661148282, 18.719747295605526], [-70.4594961602235, 18.719694713115715], [-70.459496168966, 18.719694177416528], [-70.45949654644106, 18.719685024271175], [-70.45949664376342, 18.71968395770204], [-70.45949787714687, 18.719675251720588], [-70.45949808010313, 18.71967419873804], [-70.45950017375883, 18.719665643293897], [-70.45950048052241, 18.71966461337442], [-70.459503415608, 18.719656285463824], [-70.4595038234181, 18.719655287876446], [-70.45950757351856, 18.719647262447946], [-70.45950807870506, 18.71964630617057], [-70.45951261007059, 18.719638655450442], [-70.45951320808692, 18.719637749089287], [-70.45951847993653, 18.71963054193156], [-70.45951916540075, 18.71962969364354], [-70.45952513028945, 18.71962299491029], [-70.4595258970325, 18.719622212329803], [-70.45953250127815, 18.719616082307425], [-70.45953334239968, 18.719615372477357], [-70.45954052656607, 18.719609866334096], [-70.4595414344962, 18.719609235642732], [-70.45954913392816, 18.719604402932056], [-70.4595501004959, 18.719603857055343], [-70.459558245901, 18.71959974127007], [-70.45955926240742, 18.719599285120804], [-70.4595677804797, 18.719595923301586], [-70.45956883777669, 18.719595560984903], [-70.45957109918062, 18.71959489965782], [-70.45957132100536, 18.71959482903788], [-70.45957395935346, 18.719593919577484], [-70.45957439069844, 18.719593747524023], [-70.45957692219251, 18.719592594854717], [-70.45957733365229, 18.71959238315253], [-70.45957973366843, 18.71959099848635], [-70.45958012124073, 18.719590749194683], [-70.45958236643393, 18.719589146000295], [-70.45958272634887, 18.719588861544], [-70.4595847948801, 18.719587055415726], [-70.45958512363674, 18.719586738561713], [-70.4595869953854, 18.71958474706777], [-70.45958728978592, 18.719584400898103], [-70.45958894654545, 18.71958224340981], [-70.45958920372622, 18.719581871291666], [-70.45959062938132, 18.719579568794945], [-70.45959084684075, 18.71957917434793], [-70.45959202752405, 18.7195767492392], [-70.45959220314691, 18.71957633630011], [-70.4595931273739, 18.719573812168452], [-70.45959319894641, 18.719573600013614], [-70.45959463560365, 18.719568950880785], [-70.45959501819122, 18.7195679051809], [-70.45959859585398, 18.719559481203593], [-70.45959908417028, 18.71955847627014], [-70.45960351117886, 18.719550426986242], [-70.4596041005211, 18.71954947249729], [-70.45960933424088, 18.719541875425765], [-70.4596100189334, 18.719540980573555], [-70.45961600896071, 18.719533908878297], [-70.45961678240953, 18.719533082280723], [-70.4596234710571, 18.71952660406592], [-70.45962432581345, 18.719525853683585], [-70.45963164866592, 18.719520031337936], [-70.45963257649807, 18.71951936439739], [-70.45964046303243, 18.719514253993175], [-70.45964145500481, 18.719513676917426], [-70.45964982926937, 18.719509327670586], [-70.45965087582884, 18.719508846017156], [-70.45965965717504, 18.7195052998132], [-70.45966074824254, 18.719504918220704], [-70.45966537130315, 18.719503542549834], [-70.45966559166885, 18.71950347127534], [-70.45966821244198, 18.719502554679927], [-70.45966864084438, 18.71950238167654], [-70.4596711547077, 18.71950122473199], [-70.4596715632504, 18.719501012551717], [-70.45967394599401, 18.719499626400037], [-70.45967433074249, 18.71949937708631], [-70.45967655941926, 18.71949777507691], [-70.4596769166682, 18.719497491030744], [-70.45967896981476, 18.719495688591856], [-70.45967929612364, 18.719495372548767], [-70.45968115396707, 18.71949338703887], [-70.45968144619339, 18.719493042042537], [-70.45968309084162, 18.719490892583188], [-70.45968334617105, 18.719490521956107], [-70.45968476178525, 18.71948822924777], [-70.45968497775884, 18.719487836559292], [-70.45968615070586, 18.719485422682013], [-70.45968632524367, 18.719485011713942], [-70.45968724422742, 18.719482499914683], [-70.45968731541656, 18.719482288806788], [-70.45968868339243, 18.719477861921796], [-70.45968906597926, 18.71947681622174], [-70.45969264363562, 18.719468392243016], [-70.45969313195113, 18.71946738730936], [-70.45969755895304, 18.71945933802363], [-70.45969814829446, 18.71945838353443], [-70.45970338200735, 18.719450786460687], [-70.45970406669902, 18.719449891608175], [-70.45971005671926, 18.71944281991033], [-70.45971083016721, 18.719441993312422], [-70.45971751880762, 18.719435515094684], [-70.45971837356309, 18.719434764711977], [-70.45972569640837, 18.719428942363084], [-70.45972662423966, 18.71942827542212], [-70.45973451076685, 18.719423165014383], [-70.45973550273838, 18.719422587938183], [-70.4597438769959, 18.71941823868757], [-70.45974492355454, 18.719417757033668], [-70.45975370489386, 18.719414210825718], [-70.45975479596056, 18.719413829232728], [-70.45975941901781, 18.719412453559745], [-70.45975963938334, 18.719412382285146], [-70.4597622601545, 18.71941146568854], [-70.45976268855657, 18.71941129268496], [-70.45976520241786, 18.71941013573927], [-70.4597656109602, 18.719409923558814], [-70.45976799370173, 18.71940853740607], [-70.45976837844987, 18.719408288092172], [-70.45977060712454, 18.719406686081776], [-70.45977096437312, 18.719406402035446], [-70.45977301751759, 18.71940459959566], [-70.45977334382613, 18.719404283552418], [-70.45977520166747, 18.719402298041718], [-70.45977549389342, 18.719401953045264], [-70.45977713853962, 18.719399803585205], [-70.4597773938687, 18.71939943295801], [-70.45977880948092, 18.719397140249082], [-70.45977902545418, 18.719396747560516], [-70.45978019839932, 18.719394333682764], [-70.4597803729368, 18.71939392271462], [-70.45978129191873, 18.71939141091501], [-70.45978136310774, 18.719391199807077], [-70.45978273108054, 18.719386772921577], [-70.45978311366662, 18.71938572722137], [-70.4597866913166, 18.71937730324122], [-70.45978717963132, 18.71937629830737], [-70.45979160662655, 18.7193682490198], [-70.45979219596715, 18.719367294530368], [-70.45979742967313, 18.719359697454397], [-70.45979811436395, 18.719358802601597], [-70.45980410437714, 18.719351730901153], [-70.45980487782421, 18.719350904302903], [-70.45981156645747, 18.71934442608224], [-70.45981242121206, 18.719343675699157], [-70.45981974405018, 18.719337853347017], [-70.45982067188056, 18.719337186405642], [-70.45982855840062, 18.719332075994373], [-70.4598295503713, 18.719331498917736], [-70.45983792462177, 18.719327149663343], [-70.45983897117955, 18.719326668008964], [-70.45984775251203, 18.719323121797025], [-70.45984884357792, 18.719322740203538], [-70.45985373838492, 18.719321283663277], [-70.45985395757977, 18.719321212797787], [-70.45985656457185, 18.719320301759605], [-70.45985699077532, 18.719320129895458], [-70.45985949213019, 18.719318981021498], [-70.45985989871808, 18.719318770384028], [-70.45986227060355, 18.71931739462046], [-70.45986265370198, 18.719317147216564], [-70.45986487351938, 18.71931555767128], [-70.4598652294783, 18.719315275858158], [-70.45986727607782, 18.719313487675908], [-70.45986760150575, 18.7193131741386], [-70.45986945538795, 18.719311204356682], [-70.45986974718434, 18.719310862082477], [-70.45987139068596, 18.719308729468445], [-70.45987164607061, 18.71930836171844], [-70.45987306353284, 18.719306086591246], [-70.45987328007254, 18.719305696869263], [-70.4598744579902, 18.71930330090568], [-70.45987463362182, 18.719302892924883], [-70.45987556077205, 18.719300398953], [-70.4598756327087, 18.71930018932448], [-70.45987681609712, 18.719296432793705], [-70.45987722027061, 18.719295352519044], [-70.45988100566971, 18.719286659282734], [-70.45988152283851, 18.71928562367846], [-70.45988621478618, 18.719277341458035], [-70.45988683960789, 18.719276361222025], [-70.45989238963561, 18.719268575573754], [-70.45989311565569, 18.71926766083202], [-70.45989946643093, 18.719260452182514], [-70.45990028614952, 18.71925961238439], [-70.45990737206792, 18.719253055199843], [-70.45990827701723, 18.719252299020546], [-70.45991602488037, 18.719246461037393], [-70.45991700571214, 18.719245796288355], [-70.4599253354837, 18.719240737813553], [-70.45992638206586, 18.71924017136169], [-70.4599352076983, 18.719235944649867], [-70.45993630921944, 18.719235482346708], [-70.45994553954307, 18.719232131060203], [-70.45994668462446, 18.71923177768136], [-70.45995622428892, 18.719229336439337], [-70.45995740110169, 18.719229095635264], [-70.45996715156132, 18.719227589656], [-70.45996834794887, 18.719227463914216], [-70.45997862974322, 18.719226885036996], [-70.45997923182877, 18.719226865754152], [-70.46003439052852, 18.71922643585375], [-70.46003462216161, 18.719226428651247], [-70.46003739788223, 18.71922627756304], [-70.46003785865824, 18.719226230871907], [-70.46004060564428, 18.719225822335815], [-70.46004105943638, 18.719225733010934], [-70.46004375145026, 18.71922507092905], [-70.4600441939241, 18.719224939823615], [-70.46004680525331, 18.71922403051975], [-70.46004723218266, 18.71922385888599], [-70.46004973788533, 18.719222711045287], [-70.4600501451924, 18.71922250052256], [-70.46005252133556, 18.71922112510849], [-70.46005290512998, 18.719220877707574], [-70.46005512901813, 18.719219287857292], [-70.46005548563416, 18.719219005941213], [-70.46005753602601, 18.719217216840015], [-70.46005786205745, 18.719216903101472], [-70.46005971936896, 18.719214931837794], [-70.46006001170174, 18.719214589273424], [-70.46006165819294, 18.719212454675596], [-70.46006191403488, 18.719212086557377], [-70.46006333397948, 18.719209809013808], [-70.46006355088696, 18.719209418857783], [-70.46006473072251, 18.719207020122212], [-70.46006487176079, 18.719206702325746], [-70.4600653715082, 18.719205444380123], [-70.4600654032665, 18.71920536203311], [-70.46006609079838, 18.719203524391354], [-70.46006987618584, 18.719194831151928], [-70.46007039335322, 18.719193795547216], [-70.46007508528913, 18.71918551332279], [-70.4600757101094, 18.719184533086242], [-70.46008126012536, 18.719176747433092], [-70.46008198614402, 18.719175832690706], [-70.46008833690763, 18.719168624035508], [-70.46008915662483, 18.719167784236642], [-70.46009624253183, 18.71916122704565], [-70.46009714747979, 18.71916047086553], [-70.4601048953319, 18.719154632875224], [-70.46010587616234, 18.719153968125283], [-70.46011420592338, 18.719148909642715], [-70.46011525250428, 18.719148343189875], [-70.46012407812674, 18.719144116469757], [-70.46012517964672, 18.719143654165563], [-70.46013440996107, 18.719140302870304], [-70.46013555504138, 18.719139949490376], [-70.46014509469735, 18.71913750823925], [-70.46014627150915, 18.719137267434046], [-70.46015602196114, 18.719135761445397], [-70.46015721834783, 18.719135635702465], [-70.46016750013523, 18.71913505681529], [-70.4601681022204, 18.719135037531874], [-70.46031780968033, 18.719133870545654], [-70.46031804227079, 18.719133863290597], [-70.46032082943357, 18.7191337110364], [-70.46032129209439, 18.719133663973178], [-70.4603240501739, 18.719133252149057], [-70.4603245057655, 18.719133162102924], [-70.46032720819986, 18.71913249467497], [-70.46032765233464, 18.7191323625131], [-70.46033027309795, 18.719131445909024], [-70.46033070149865, 18.719131272904228], [-70.4603332153515, 18.719130115951426], [-70.4603336238924, 18.719129903769815], [-70.460336006625, 18.71912851761039], [-70.4603363913716, 18.719128268295417], [-70.46033862003695, 18.719126666278832], [-70.46033897728394, 18.71912638223151], [-70.46034103041876, 18.719124579786087], [-70.46034135672566, 18.719124263741964], [-70.46034321455714, 18.71912227822623], [-70.46034350678144, 18.719121933228983], [-70.46034515141763, 18.71911978376454], [-70.46034540674505, 18.71911941313669], [-70.46034682234723, 18.719117120424087], [-70.46034703831883, 18.719116727734963], [-70.46034821125397, 18.71911431385426], [-70.46034838571366, 18.719113903093852], [-70.46034907429305, 18.719112021313755], [-70.4603497250701, 18.719110242562294], [-70.46035330268644, 18.719101818573392], [-70.46035379099703, 18.71910081363832], [-70.46035821795824, 18.719092764339447], [-70.4603588072947, 18.719091809848482], [-70.4603640409666, 18.719084212758762], [-70.46036472565328, 18.71908331790415], [-70.46037071563268, 18.71907624618765], [-70.46037148907568, 18.71907541958732], [-70.46037817767578, 18.71906894134844], [-70.46037903242639, 18.719068190963014], [-70.46038635523226, 18.719062368590688], [-70.46038728305881, 18.719061701646737], [-70.46039516954788, 18.71905659121349], [-70.46039616151486, 18.71905601413408], [-70.4604045357359, 18.71905166485614], [-70.46040558229019, 18.719051183198804], [-70.46041436359508, 18.71904763696197], [-70.4604154546577, 18.719047255365382], [-70.46042034945098, 18.71904579881114], [-70.46042056864522, 18.71904572794503], [-70.46042317562953, 18.71904481689943], [-70.46042360183166, 18.719044645034064], [-70.46042610317824, 18.71904349615305], [-70.4604265097647, 18.71904328551443], [-70.46042888164135, 18.719041909744224], [-70.4604292647383, 18.719041662339258], [-70.46043148454648, 18.71904007278782], [-70.46043184050383, 18.719039790973717], [-70.46043388709383, 18.71903800278586], [-70.46043421252017, 18.719037689247656], [-70.46043606639262, 18.719035719460734], [-70.46043635818735, 18.719035377185744], [-70.46043800167908, 18.719033244567346], [-70.4604382570621, 18.719032876816673], [-70.4604396745144, 18.719030601685798], [-70.46043989105246, 18.719030211963258], [-70.46044106896024, 18.719027815996725], [-70.46044124459023, 18.719027408015492], [-70.46044217173073, 18.719024914041402], [-70.46044224366658, 18.71902470441272], [-70.46044342704076, 18.71902094787924], [-70.46044383121001, 18.719019867603617], [-70.46044761657421, 18.719011174358], [-70.46044813373874, 18.719010138752427], [-70.46045282565115, 18.719001856519974], [-70.46045345046853, 18.719000876282337], [-70.460459000461, 18.718993090619435], [-70.46045972647681, 18.718992175875766], [-70.46046607721716, 18.718984967209177], [-70.46046689693155, 18.718984127408834], [-70.46047398281578, 18.718977570204935], [-70.460474887761, 18.718976814023154], [-70.46048263559108, 18.71897097601857], [-70.46048361641891, 18.71897031126681], [-70.46049194615884, 18.718965252768726], [-70.46049299273724, 18.718964686313928], [-70.46050181833978, 18.718960459577215], [-70.4605029198574, 18.71895999727094], [-70.46051215015322, 18.718956645958187], [-70.46051329523137, 18.71895629257608], [-70.46052283487036, 18.71895385130674], [-70.46052401168018, 18.718953610499284], [-70.46053376211694, 18.718952104491887], [-70.46053495850188, 18.71895197874664], [-70.46054524027538, 18.71895139983957], [-70.46054584235976, 18.718951380554977], [-70.46058771536993, 18.718951054080538], [-70.4605879557787, 18.71895104639187], [-70.46059083637215, 18.718950884480574], [-70.4605913144168, 18.718950834329252], [-70.46059334696037, 18.718950520995204], [-70.45998628137652, 18.719456340456187]]]}}, {"type": "Feature", "properties": {"kind": "forest", "label": "Bosque comunal: senderos, mirador (Parcela 2)", "area_m2": 74428}, "geometry": {"type": "Polygon", "coordinates": [[[-70.45867926217157, 18.721296687544775], [-70.45913038157235, 18.722316641979504], [-70.45968695175848, 18.723400633299487], [-70.45928191047747, 18.72407182856515], [-70.45895643540298, 18.72416252257393], [-70.4572387686659, 18.72389260799294], [-70.45702015680028, 18.72397811124563], [-70.45638944367514, 18.724253681008868], [-70.45622873249324, 18.724007683145494], [-70.45586066088684, 18.723693395868], [-70.45854229731047, 18.721053568430264], [-70.45867999067939, 18.721297041104627], [-70.45867926217157, 18.721296687544775]]]}}, {"type": "Feature", "properties": {"kind": "trail", "label": "Sendero: franja de acceso hasta el mirador"}, "geometry": {"type": "LineString", "coordinates": [[-70.45851689010227, 18.721058933887594], [-70.45585579834825, 18.723699966466878]]}}]}