{"type": "FeatureCollection", "features": [{"type": "Feature", "properties": {"kind": "lot", "id": "A-01", "area_m2": 1296, "price_usd_m2": 60, "price_usd": 77760, "tier": "base", "slope_pct": 0.0, "elev_m": 710.0}, "geometry": {"type": "Polygon", "coordinates": [[[-70.46061041097681, 18.716833133766176], [-70.46061011179049, 18.716834082354477], [-70.46058338311639, 18.716923242010413], [-70.46058310207982, 18.71692423250032], [-70.46057385725555, 18.716958752838803], [-70.46023576529726, 18.71687654724176], [-70.46024501018819, 18.716842026915288], [-70.46024787656076, 18.716831924696244], [-70.46027460540363, 18.716742765076322], [-70.46027765688842, 18.716733090221226], [-70.46028981865267, 18.71669636439337], [-70.46030642221181, 18.71664622530717], [-70.46032975961987, 18.716574269604575], [-70.46034011529692, 18.716528776717603], [-70.46065562503819, 18.71669494811474], [-70.46065570902151, 18.716694987325482], [-70.46065579665007, 18.716695018462648], [-70.46065580388569, 18.71669502028398], [-70.46063948695519, 18.716745330211417], [-70.46062257267309, 18.71679640792151], [-70.46061041097681, 18.716833133766176]]]}}, {"type": "Feature", "properties": {"kind": "lot", "id": "A-02", "area_m2": 1236, "price_usd_m2": 60, "price_usd": 74160, "tier": "base", "slope_pct": 0.0, "elev_m": 710.0}, "geometry": {"type": "Polygon", "coordinates": [[[-70.46057385725555, 18.716958752838803], [-70.46055887197933, 18.71701470810063], [-70.460558605919, 18.717015768029988], [-70.46054798261784, 18.71706109961295], [-70.46053867238234, 18.71710082808565], [-70.46048884943914, 18.717169849892635], [-70.4604348165848, 18.717244618210618], [-70.46043475157735, 18.717244708457326], [-70.46040999614743, 18.71727918700886], [-70.46012201436452, 18.71709145992032], [-70.46014676983123, 18.717056981404063], [-70.4601474328574, 18.71705606095909], [-70.46019765747363, 18.71698656249121], [-70.46020141293135, 18.71698136586232], [-70.46021286732572, 18.716965497656066], [-70.46021806628441, 18.716943312931654], [-70.46022077991293, 18.716932502484106], [-70.46023576529726, 18.71687654724176], [-70.46057385725555, 18.716958752838803]]]}}, {"type": "Feature", "properties": {"kind": "lot", "id": "A-03", "area_m2": 1253, "price_usd_m2": 60, "price_usd": 75180, "tier": "base", "slope_pct": 0.0, "elev_m": 710.0}, "geometry": {"type": "Polygon", "coordinates": [[[-70.4598146119206, 18.716891072073057], [-70.45984647356914, 18.716911841919924], [-70.46012201436452, 18.71709145992032], [-70.46009298481216, 18.717131891207266], [-70.46009157455663, 18.717133869094052], [-70.46003833241424, 18.717209064829675], [-70.46003646461274, 18.717211727668918], [-70.45998394866666, 18.717287305887467], [-70.4599807360079, 18.717292006696255], [-70.45995768824832, 18.717326298316078], [-70.45970639794474, 18.717172957935514], [-70.45970765192179, 18.71717052100982], [-70.45971123573094, 18.717161384800843], [-70.45971386245542, 18.717151957876585], [-70.45971550679857, 18.717142331023513], [-70.45971615292466, 18.717132596953498], [-70.4597157946113, 18.717122849410945], [-70.45971443530942, 18.71711318227001], [-70.45971208811001, 18.717103688630505], [-70.459708775618, 18.717094459921334], [-70.45970452973467, 18.71708558501994], [-70.45969939135027, 18.717077149396403], [-70.45969340995033, 18.71706923429033], [-70.45968664313907, 18.717061915928433], [-70.45967915608456, 18.717055264790453], [-70.45967102089122, 18.717049344930395], [-70.45966231590535, 18.717044213359685], [-70.45965586714817, 18.717041200604104], [-70.45980253529507, 18.716902493225163], [-70.4598146119206, 18.716891072073057]]]}}, {"type": "Feature", "properties": {"kind": "lot", "id": "A-04", "area_m2": 1129, "price_usd_m2": 60, "price_usd": 67740, "tier": "base", "slope_pct": 0.0, "elev_m": 710.0}, "geometry": {"type": "Polygon", "coordinates": [[[-70.46040999614743, 18.71727918700886], [-70.46038096663823, 18.71731961833718], [-70.46038082836749, 18.717319812262705], [-70.46032758630717, 18.717395008074362], [-70.46032740317564, 18.717395269157294], [-70.46027488731445, 18.717470847451043], [-70.46027457232431, 18.717471308350426], [-70.46025152460511, 18.71750560000338], [-70.45995768824832, 18.717326298316078], [-70.4599807360079, 18.717292006696255], [-70.45998394866666, 18.717287305887467], [-70.46003646461274, 18.717211727668918], [-70.46003833241424, 18.717209064829675], [-70.46009157455663, 18.717133869094052], [-70.46009298481216, 18.717131891207266], [-70.46012201436452, 18.71709145992032], [-70.46040999614743, 18.71727918700886]]]}}, {"type": "Feature", "properties": {"kind": "lot", "id": "A-05", "area_m2": 1188, "price_usd_m2": 60, "price_usd": 71280, "tier": "base", "slope_pct": 0.0, "elev_m": 710.0}, "geometry": {"type": "Polygon", "coordinates": [[[-70.45949793942381, 18.717416136640058], [-70.45951695256971, 18.717386427104973], [-70.45951794628485, 18.71738477828134], [-70.45956299090119, 18.717305265050438], [-70.45956339636952, 18.717304529194955], [-70.4596032444094, 18.717230146115607], [-70.45961038744464, 18.717230576592037], [-70.45962061743836, 18.71723023518173], [-70.45963076305136, 18.717228939988573], [-70.45964072657566, 18.717226703486016], [-70.45965041205692, 18.717223547212846], [-70.45965972621852, 18.717219501565758], [-70.45966857935994, 18.717214605506616], [-70.45967688622048, 18.717208906187217], [-70.45968456680049, 18.71720245849521], [-70.45969154713175, 18.717195324525463], [-70.45969775998995, 18.717187572982095], [-70.45970314554187, 18.717179278516785], [-70.45970639794474, 18.717172957935514], [-70.45995768824832, 18.717326298316078], [-70.45992948965099, 18.71736825359085], [-70.45992368228062, 18.71737717110811], [-70.45987480498503, 18.717454665746665], [-70.45986912005074, 18.717463985140057], [-70.45982248208242, 18.717543079437444], [-70.4598017143878, 18.71757838204927], [-70.45949793942381, 18.717416136640058]]]}}, {"type": "Feature", "properties": {"kind": "lot", "id": "A-06", "area_m2": 1422, "price_usd_m2": 60, "price_usd": 85320, "tier": "base", "slope_pct": 0.0, "elev_m": 710.0}, "geometry": {"type": "Polygon", "coordinates": [[[-70.46065213856085, 18.717326995409348], [-70.46064472391562, 18.717349091333944], [-70.4606446999459, 18.71734917706852], [-70.46064468491672, 18.7173492646298], [-70.46064467897298, 18.717349353173443], [-70.46064468217203, 18.717349441845645], [-70.46064469448301, 18.717349529791363], [-70.4606447157872, 18.717349616162554], [-70.46064474587918, 18.717349700126366], [-70.46064478446877, 18.717349780873143], [-70.46064483118388, 18.71734985762427], [-70.46064488557401, 18.717349929639663], [-70.46064494711473, 18.717349996224875], [-70.46064501521258, 18.717350056737857], [-70.46064508921093, 18.71735011059509], [-70.46064516839624, 18.717350157277238], [-70.46084966175475, 18.717457858062733], [-70.46082113503061, 18.717497332282516], [-70.46076850716763, 18.717570630872412], [-70.46071709286834, 18.717643245515916], [-70.46069495260825, 18.7176751088306], [-70.4603674829393, 18.717468522591336], [-70.46039056517328, 18.717435303725487], [-70.46044364624943, 18.71736033523636], [-70.46049732927393, 18.717285567258998], [-70.4605268136615, 18.717244768025992], [-70.46055134677084, 18.71721082014238], [-70.46060534054475, 18.71713602026563], [-70.46060725146607, 18.717133081162487], [-70.46060885889962, 18.717129981522653], [-70.46061014813496, 18.717126749712623], [-70.46061054462204, 18.717125371486055], [-70.46070778158601, 18.717161636115314], [-70.4607036067656, 18.717173618236394], [-70.46070360351248, 18.71717362774894], [-70.46067416372772, 18.717261359543112], [-70.46065213856085, 18.717326995409348]]]}}, {"type": "Feature", "properties": {"kind": "lot", "id": "A-07", "area_m2": 1152, "price_usd_m2": 60, "price_usd": 69120, "tier": "base", "slope_pct": 0.0, "elev_m": 710.0}, "geometry": {"type": "Polygon", "coordinates": [[[-70.46025152460511, 18.71750560000338], [-70.4602233260572, 18.7175475553187], [-70.46022275666462, 18.717548429652926], [-70.46017387946786, 18.717625924362217], [-70.46017332207985, 18.71762683809907], [-70.46012685460674, 18.71770564316418], [-70.46010608696054, 18.717740945806195], [-70.4598017143878, 18.71757838204927], [-70.45982248208242, 18.717543079437444], [-70.45986912005074, 18.717463985140057], [-70.45987480498503, 18.717454665746665], [-70.45992368228062, 18.71737717110811], [-70.45992948965099, 18.71736825359085], [-70.45995768824832, 18.717326298316078], [-70.46025152460511, 18.71750560000338]]]}}, {"type": "Feature", "properties": {"kind": "lot", "id": "A-08", "area_m2": 1008, "price_usd_m2": 60, "price_usd": 60480, "tier": "base", "slope_pct": 0.0, "elev_m": 710.0}, "geometry": {"type": "Polygon", "coordinates": [[[-70.45935660553103, 18.717607096432126], [-70.45941064192608, 18.71754185941734], [-70.4594120441138, 18.717540053929792], [-70.45946633123884, 18.71746540851859], [-70.45946753917214, 18.717463639398996], [-70.45949793942381, 18.717416136640058], [-70.4598017143878, 18.71757838204927], [-70.45977687810255, 18.717620600760608], [-70.45973250398151, 18.717694626149818], [-70.4596883475481, 18.717765034167837], [-70.45966833155315, 18.717795156674445], [-70.45935660553103, 18.717607096432126]]]}}, {"type": "Feature", "properties": {"kind": "lot", "id": "A-09", "area_m2": 1444, "price_usd_m2": 60, "price_usd": 86640, "tier": "base", "slope_pct": 0.0, "elev_m": 710.0}, "geometry": {"type": "Polygon", "coordinates": [[[-70.45874741401632, 18.71789639810648], [-70.45890905046721, 18.71774451213529], [-70.45894436902603, 18.71771132408779], [-70.4589782186269, 18.71767951636904], [-70.45897824809926, 18.71767948871475], [-70.45904822854929, 18.7176139205607], [-70.45913099166089, 18.717536375665578], [-70.45922447063, 18.717448790424346], [-70.45931549311354, 18.71736280933382], [-70.45951706979156, 18.717172396782242], [-70.45951918157228, 18.717176810913607], [-70.45952431995148, 18.717185246542396], [-70.45953030134844, 18.71719316165404], [-70.45953510356895, 18.71719835529953], [-70.45949602806688, 18.717271296250257], [-70.45945166469133, 18.717349606891272], [-70.45940771759028, 18.717418277630003], [-70.45940334774623, 18.717425105845354], [-70.45935036332918, 18.717497959979223], [-70.4592922215718, 18.717568153276925], [-70.45923730227221, 18.717627238172515], [-70.45922901954543, 18.71763614913443], [-70.45916190541067, 18.717702746615466], [-70.45909297018336, 18.717767881753964], [-70.45903764442035, 18.717813663234754], [-70.45901793691672, 18.717829970974993], [-70.45894044946162, 18.71789180493732], [-70.45886179176942, 18.71795295405003], [-70.4588194980493, 18.717984405033302], [-70.45874741401632, 18.71789639810648]]]}}, {"type": "Feature", "properties": {"kind": "lot", "id": "A-10", "area_m2": 1038, "price_usd_m2": 60, "price_usd": 62280, "tier": "base", "slope_pct": 0.0, "elev_m": 710.0}, "geometry": {"type": "Polygon", "coordinates": [[[-70.46114311575242, 18.717612411214002], [-70.46114319926481, 18.71761245023107], [-70.46114328569735, 18.717612481018982], [-70.46113317585262, 18.717642608986107], [-70.46104761457208, 18.717897586532384], [-70.46109332802318, 18.717761357903058], [-70.46108839857907, 18.717757770895776], [-70.46107969351749, 18.71775263939673], [-70.46107050250257, 18.71774834561007], [-70.46106091404867, 18.71774493088725], [-70.4610510204977, 18.717742428113887], [-70.46104091712986, 18.71774086139301], [-70.46103070124589, 18.717740245813], [-70.46102047123017, 18.717740587302217], [-70.4610103256032, 18.717741882571957], [-70.46100036207272, 18.717744119148097], [-70.46099067659283, 18.717747275491224], [-70.4609813624399, 18.7177513212041], [-70.46097250931417, 18.717756217324368], [-70.46096420247603, 18.71776191669977], [-70.46095652192481, 18.717768364442303], [-70.46094954162844, 18.71777549845676], [-70.46094332881098, 18.717783250038753], [-70.46093794330532, 18.717791544536393], [-70.46093343697694, 18.717800302069197], [-70.46092985322434, 18.717809438297394], [-70.46092722656115, 18.717818865234157], [-70.46092679879011, 18.717821369733393], [-70.46069495260825, 18.7176751088306], [-70.46071709286834, 18.717643245515916], [-70.46076850716763, 18.717570630872412], [-70.46082113503061, 18.717497332282516], [-70.46084966175475, 18.717457858062733], [-70.4608594371009, 18.71746300644778], [-70.46114311575242, 18.717612411214002]]]}}, {"type": "Feature", "properties": {"kind": "lot", "id": "A-11", "area_m2": 1168, "price_usd_m2": 60, "price_usd": 70080, "tier": "base", "slope_pct": 0.0, "elev_m": 710.0}, "geometry": {"type": "Polygon", "coordinates": [[[-70.46021917373061, 18.717696645445685], [-70.46023918696592, 18.71766270460488], [-70.4602875002717, 18.717586103894842], [-70.46033829963639, 18.717510521807363], [-70.4603674829393, 18.717468522591336], [-70.46069495260825, 18.7176751088306], [-70.46066741915713, 18.717714733775825], [-70.46062124702942, 18.717783431416958], [-70.4605787722774, 18.717850775326884], [-70.46056157216013, 18.717879945448754], [-70.46021917373061, 18.717696645445685]]]}}, {"type": "Feature", "properties": {"kind": "lot", "id": "A-12", "area_m2": 1060, "price_usd_m2": 60, "price_usd": 63600, "tier": "base", "slope_pct": 0.0, "elev_m": 710.0}, "geometry": {"type": "Polygon", "coordinates": [[[-70.46010608696054, 18.717740945806195], [-70.4600805631685, 18.717784333334695], [-70.46003378888601, 18.71786236294165], [-70.45998556199001, 18.717939261592942], [-70.45996313770293, 18.717973008484666], [-70.45966833155315, 18.717795156674445], [-70.4596883475481, 18.717765034167837], [-70.45973250398151, 18.717694626149818], [-70.45977687810255, 18.717620600760608], [-70.4598017143878, 18.71757838204927], [-70.46010608696054, 18.717740945806195]]]}}, {"type": "Feature", "properties": {"kind": "lot", "id": "A-13", "area_m2": 900, "price_usd_m2": 60, "price_usd": 54000, "tier": "base", "slope_pct": 0.0, "elev_m": 710.0}, "geometry": {"type": "Polygon", "coordinates": [[[-70.45922979368143, 18.717739742311327], [-70.45928426707694, 18.71768568823412], [-70.45928530268698, 18.717684618279407], [-70.45934972418826, 18.717615310423113], [-70.45935110340339, 18.71761373903276], [-70.45935660553103, 18.717607096432126], [-70.45966833155315, 18.717795156674445], [-70.45964256989416, 18.717833925938216], [-70.45959459087216, 18.717902601564187], [-70.45955150899512, 18.717961496705723], [-70.45953523423783, 18.717980260880704], [-70.45922979368143, 18.717739742311327]]]}}, {"type": "Feature", "properties": {"kind": "lot", "id": "A-14", "area_m2": 923, "price_usd_m2": 60, "price_usd": 55380, "tier": "base", "slope_pct": 0.0, "elev_m": 710.0}, "geometry": {"type": "Polygon", "coordinates": [[[-70.46092679879011, 18.717821369733393], [-70.46092558228375, 18.71782849209296], [-70.46092493622756, 18.717838226161913], [-70.46092529461465, 18.71784797369659], [-70.46092665399374, 18.71785764082291], [-70.46092900127341, 18.717867134441107], [-70.46093231384822, 18.71787636312241], [-70.4609365598164, 18.717885237989524], [-70.46094169828706, 18.717893673572547], [-70.460947679774, 18.717901588632134], [-70.46095253820356, 18.717906842958637], [-70.46094070070583, 18.717930567985167], [-70.46094009668765, 18.71793184150544], [-70.46090253668268, 18.718015296658766], [-70.46090212872787, 18.718016239614986], [-70.46088648999007, 18.718053886387537], [-70.46056157216013, 18.717879945448754], [-70.4605787722774, 18.717850775326884], [-70.46062124702942, 18.717783431416958], [-70.46066741915713, 18.717714733775825], [-70.46069495260825, 18.7176751088306], [-70.46092679879011, 18.717821369733393]]]}}, {"type": "Feature", "properties": {"kind": "lot", "id": "A-15", "area_m2": 1270, "price_usd_m2": 60, "price_usd": 76200, "tier": "base", "slope_pct": 0.0, "elev_m": 710.0}, "geometry": {"type": "Polygon", "coordinates": [[[-70.46007786352904, 18.71793299739906], [-70.46009909979745, 18.717899135756525], [-70.46009947635086, 18.71789852169298], [-70.46014651153051, 18.717820056800175], [-70.46014666208602, 18.717819803273798], [-70.46019301898946, 18.717741001765354], [-70.46021917373061, 18.717696645445685], [-70.46056157216013, 18.717879945448754], [-70.46053551346313, 18.7179241390435], [-70.46048925248566, 18.718002777770614], [-70.46048754304198, 18.718005656380402], [-70.46044050798126, 18.718084121350127], [-70.4604362325023, 18.718091093600574], [-70.46041499628281, 18.718124955277737], [-70.46007786352904, 18.71793299739906]]]}}, {"type": "Feature", "properties": {"kind": "lot", "id": "A-16", "area_m2": 857, "price_usd_m2": 60, "price_usd": 51420, "tier": "base", "slope_pct": 0.0, "elev_m": 710.0}, "geometry": {"type": "Polygon", "coordinates": [[[-70.45911446370346, 18.71784583164632], [-70.45914365849093, 18.717821673257912], [-70.45914549564148, 18.71782004851653], [-70.45921565095107, 18.7177537605315], [-70.45921630224016, 18.717753129892508], [-70.45922979368143, 18.717739742311327], [-70.45953523423783, 18.717980260880704], [-70.4595054955885, 18.718014548396514], [-70.45945221931117, 18.718070812787612], [-70.45939823732117, 18.71812251116738], [-70.45938264404647, 18.71813561293677], [-70.45911446370346, 18.71784583164632]]]}}, {"type": "Feature", "properties": {"kind": "lot", "id": "A-17", "area_m2": 1000, "price_usd_m2": 60, "price_usd": 60000, "tier": "base", "slope_pct": 0.0, "elev_m": 710.0}, "geometry": {"type": "Polygon", "coordinates": [[[-70.45996313770293, 18.717973008484666], [-70.4599352402774, 18.71801499202337], [-70.4598829809903, 18.718089794477066], [-70.45982958672963, 18.718162787352245], [-70.45980420047509, 18.718192056796745], [-70.45953523423783, 18.717980260880704], [-70.45955150899512, 18.717961496705723], [-70.45959459087216, 18.717902601564187], [-70.45964256989416, 18.717833925938216], [-70.45966833155315, 18.717795156674445], [-70.45996313770293, 18.717973008484666]]]}}, {"type": "Feature", "properties": {"kind": "lot", "id": "A-18", "area_m2": 852, "price_usd_m2": 60, "price_usd": 51120, "tier": "base", "slope_pct": 0.0, "elev_m": 710.0}, "geometry": {"type": "Polygon", "coordinates": [[[-70.45929585498324, 18.71820767956991], [-70.45891330327758, 18.718006197168272], [-70.45898859491572, 18.717947664835634], [-70.45898896997309, 18.717947369424337], [-70.45906690456691, 18.717885178634386], [-70.45906742181351, 18.717884758306603], [-70.45911446370346, 18.71784583164632], [-70.45938264404647, 18.71813561293677], [-70.45933411977413, 18.718176383943526], [-70.45929585498324, 18.71820767956991]]]}}, {"type": "Feature", "properties": {"kind": "lot", "id": "A-19", "area_m2": 1310, "price_usd_m2": 60, "price_usd": 78600, "tier": "base", "slope_pct": 0.0, "elev_m": 710.0}, "geometry": {"type": "Polygon", "coordinates": [[[-70.46088648999007, 18.718053886387537], [-70.46086701498719, 18.71810076808963], [-70.46083122935146, 18.71818433844899], [-70.46079329299612, 18.718265971737793], [-70.46076308671569, 18.718323151147118], [-70.46041499628281, 18.718124955277737], [-70.4604362325023, 18.718091093600574], [-70.46044050798126, 18.718084121350127], [-70.46048754304198, 18.718005656380402], [-70.46048925248566, 18.718002777770614], [-70.46053551346313, 18.7179241390435], [-70.46056157216013, 18.717879945448754], [-70.46088648999007, 18.718053886387537]]]}}, {"type": "Feature", "properties": {"kind": "lot", "id": "A-20", "area_m2": 1314, "price_usd_m2": 60, "price_usd": 78840, "tier": "base", "slope_pct": 0.0, "elev_m": 710.0}, "geometry": {"type": "Polygon", "coordinates": [[[-70.45992208671375, 18.71816274518762], [-70.45994544794117, 18.718130809085547], [-70.45994590469327, 18.718130170222274], [-70.45999862925616, 18.718054701743505], [-70.45999910193265, 18.718054008090178], [-70.46004991759575, 18.717977534255194], [-70.46005043043415, 18.717976739979694], [-70.46007786352904, 18.71793299739906], [-70.46041499628281, 18.718124955277737], [-70.4603875632511, 18.71816869790308], [-70.46038174035786, 18.718177716331372], [-70.46033092479773, 18.718254190248707], [-70.46032555791136, 18.718262066184817], [-70.46027283344313, 18.718337534748496], [-70.46026764736501, 18.71834478858313], [-70.46024428617474, 18.71837672472256], [-70.45992208671375, 18.71816274518762]]]}}, {"type": "Feature", "properties": {"kind": "lot", "id": "A-21", "area_m2": 1178, "price_usd_m2": 60, "price_usd": 70680, "tier": "base", "slope_pct": 0.0, "elev_m": 710.0}, "geometry": {"type": "Polygon", "coordinates": [[[-70.45929585498324, 18.71820767956991], [-70.45933411977413, 18.718176383943526], [-70.45938264404647, 18.71813561293677], [-70.45939823732117, 18.71812251116738], [-70.45945221931117, 18.718070812787612], [-70.4595054955885, 18.718014548396514], [-70.45953523423783, 18.717980260880704], [-70.45980420047509, 18.718192056796745], [-70.45976963767983, 18.718231906444164], [-70.45970558340099, 18.718299553463684], [-70.45963756036895, 18.718364699005654], [-70.4596207712957, 18.718378805528445], [-70.45959528898133, 18.718365384612774], [-70.45929585498324, 18.71820767956991]]]}}, {"type": "Feature", "properties": {"kind": "lot", "id": "A-22", "area_m2": 1278, "price_usd_m2": 60, "price_usd": 76680, "tier": "base", "slope_pct": 0.0, "elev_m": 710.0}, "geometry": {"type": "Polygon", "coordinates": [[[-70.45867208605925, 18.718192903865244], [-70.45875012836018, 18.71813157985313], [-70.45875027246748, 18.718131466046188], [-70.45882799536302, 18.718069776451756], [-70.45884839928924, 18.718054603437537], [-70.45889835964321, 18.718080916653545], [-70.45918557211962, 18.718232185845658], [-70.45913441529262, 18.718271955618604], [-70.45912775010505, 18.718277023662385], [-70.45908501545829, 18.718308802577884], [-70.45905142398001, 18.71833378231223], [-70.45897805490274, 18.718392016300267], [-70.45897655866953, 18.718393197933157], [-70.45890430741562, 18.71844997153449], [-70.45888676984238, 18.718464979738712], [-70.45864896393415, 18.718212691158822], [-70.45867208605925, 18.718192903865244]]]}}, {"type": "Feature", "properties": {"kind": "lot", "id": "A-23", "area_m2": 1487, "price_usd_m2": 60, "price_usd": 89220, "tier": "base", "slope_pct": 0.0, "elev_m": 710.0}, "geometry": {"type": "Polygon", "coordinates": [[[-70.46076308671569, 18.718323151147118], [-70.46075157488752, 18.718344942615797], [-70.46070496493783, 18.718421085347213], [-70.46065332286241, 18.718494633624168], [-70.46059739898575, 18.718564868362417], [-70.46056947283034, 18.718592686962456], [-70.46024428617474, 18.71837672472256], [-70.46026764736501, 18.71834478858313], [-70.46027283344313, 18.718337534748496], [-70.46032555791136, 18.718262066184817], [-70.46033092479773, 18.718254190248707], [-70.46038174035786, 18.718177716331372], [-70.4603875632511, 18.71816869790308], [-70.46041499628281, 18.718124955277737], [-70.46076308671569, 18.718323151147118]]]}}, {"type": "Feature", "properties": {"kind": "lot", "id": "A-24", "area_m2": 1445, "price_usd_m2": 60, "price_usd": 86700, "tier": "base", "slope_pct": 0.0, "elev_m": 710.0}, "geometry": {"type": "Polygon", "coordinates": [[[-70.45969114209211, 18.718415868086623], [-70.45973452503502, 18.71837432031031], [-70.45976001434717, 18.718349909222514], [-70.45976128749714, 18.718348628908867], [-70.4598265133932, 18.718279744530758], [-70.45982758925165, 18.718278557525743], [-70.45988905316729, 18.718207691817305], [-70.45989093268409, 18.718205334463416], [-70.45992208671375, 18.71816274518762], [-70.46024428617474, 18.71837672472256], [-70.46021313219465, 18.718419314048198], [-70.46019179167887, 18.718446080115193], [-70.46013032781816, 18.718516945918527], [-70.46011811223933, 18.718530423512995], [-70.46005288638054, 18.71859930798939], [-70.46004826511206, 18.718603955269526], [-70.45988737073125, 18.718519216625072], [-70.45969114209211, 18.718415868086623]]]}}, {"type": "Feature", "properties": {"kind": "lot", "id": "A-25", "area_m2": 960, "price_usd_m2": 60, "price_usd": 57600, "tier": "base", "slope_pct": 0.0, "elev_m": 710.0}, "geometry": {"type": "Polygon", "coordinates": [[[-70.45845137416205, 18.71839737240528], [-70.45846097214543, 18.71838516138661], [-70.45852623910874, 18.7183198776481], [-70.4585982465584, 18.718256093701537], [-70.45864896393415, 18.718212691158822], [-70.45888676984238, 18.718464979738712], [-70.45883832576406, 18.718506436913806], [-70.45877647231201, 18.71856122656659], [-70.4587360966871, 18.718601612640533], [-70.45845137416205, 18.71839737240528]]]}}, {"type": "Feature", "properties": {"kind": "lot", "id": "A-26", "area_m2": 941, "price_usd_m2": 60, "price_usd": 56460, "tier": "base", "slope_pct": 0.0, "elev_m": 710.0}, "geometry": {"type": "Polygon", "coordinates": [[[-70.45918557211962, 18.718232185845658], [-70.45956030326637, 18.71842954830438], [-70.45948729717011, 18.718489257863318], [-70.45940639092937, 18.71854887278794], [-70.45932846430618, 18.718606025185373], [-70.45908501545829, 18.718308802577884], [-70.45912775010505, 18.718277023662385], [-70.45913441529262, 18.718271955618604], [-70.45918557211962, 18.718232185845658]]]}}, {"type": "Feature", "properties": {"kind": "lot", "id": "A-27", "area_m2": 1341, "price_usd_m2": 60, "price_usd": 80460, "tier": "base", "slope_pct": 0.0, "elev_m": 710.0}, "geometry": {"type": "Polygon", "coordinates": [[[-70.4588371579954, 18.718507471321253], [-70.45883832576406, 18.718506436913806], [-70.45888676984238, 18.718464979738712], [-70.45890430741562, 18.71844997153449], [-70.45897655866953, 18.718393197933157], [-70.45897805490274, 18.718392016300267], [-70.45905142398001, 18.71833378231223], [-70.45908501545829, 18.718308802577884], [-70.45932846430618, 18.718606025185373], [-70.45932480266897, 18.718608710675984], [-70.45924115538196, 18.718667510302097], [-70.45924032063186, 18.718668114233576], [-70.45915910432096, 18.718728576845688], [-70.45915649197765, 18.71873071032932], [-70.45914605225727, 18.718740051504614], [-70.4591000989649, 18.718781169231065], [-70.4588371579954, 18.718507471321253]]]}}, {"type": "Feature", "properties": {"kind": "lot", "id": "A-28", "area_m2": 975, "price_usd_m2": 60, "price_usd": 58500, "tier": "base", "slope_pct": 0.0, "elev_m": 710.0}, "geometry": {"type": "Polygon", "coordinates": [[[-70.45830734184726, 18.718623080572684], [-70.45831487789991, 18.7186088464526], [-70.45835932371777, 18.71853039407238], [-70.45840617015948, 18.718454883095035], [-70.45845137416205, 18.71839737240528], [-70.4587360966871, 18.718601612640533], [-70.45873319702524, 18.718604513051783], [-70.45870266220493, 18.718643360999643], [-70.45866921264074, 18.718697277940485], [-70.4586304021531, 18.718765783496], [-70.45862488631056, 18.718776201874856], [-70.45830734184726, 18.718623080572684]]]}}, {"type": "Feature", "properties": {"kind": "lot", "id": "A-29", "area_m2": 1197, "price_usd_m2": 60, "price_usd": 71820, "tier": "base", "slope_pct": 0.0, "elev_m": 710.0}, "geometry": {"type": "Polygon", "coordinates": [[[-70.46056947283034, 18.718592686962456], [-70.46053199834913, 18.718630017093766], [-70.46045987543638, 18.718692687735427], [-70.46038182640311, 18.718752295212813], [-70.46035883043893, 18.718767520831946], [-70.46004826511206, 18.718603955269526], [-70.46005288638054, 18.71859930798939], [-70.46011811223933, 18.718530423512995], [-70.46013032781816, 18.718516945918527], [-70.46019179167887, 18.718446080115193], [-70.46021313219465, 18.718419314048198], [-70.46024428617474, 18.71837672472256], [-70.46056947283034, 18.718592686962456]]]}}, {"type": "Feature", "properties": {"kind": "lot", "id": "A-30", "area_m2": 1288, "price_usd_m2": 60, "price_usd": 77280, "tier": "base", "slope_pct": 3.6, "elev_m": 710.3}, "geometry": {"type": "Polygon", "coordinates": [[[-70.45839091764091, 18.71835370769632], [-70.45839076823233, 18.71835389778104], [-70.458344210813, 18.7184131303227], [-70.45834191849441, 18.718416404178058], [-70.45829364422136, 18.718494216602238], [-70.45829291853306, 18.71849544001559], [-70.45824787209703, 18.718574952503825], [-70.45824738460007, 18.718575842340115], [-70.4582396551881, 18.71859044166656], [-70.45820464463591, 18.71865656962388], [-70.45820415551567, 18.718657528380707], [-70.45816387046155, 18.718739548640084], [-70.45816198772695, 18.718744190039125], [-70.45813337222124, 18.718832356480103], [-70.45813265018973, 18.718834908160087], [-70.45812936707242, 18.71884846486714], [-70.4578081686949, 18.71877531257318], [-70.45788879892181, 18.718700249593827], [-70.45808622367932, 18.718516455946897], [-70.45816205916874, 18.71844585633307], [-70.45831722994151, 18.718301146290674], [-70.45831745625374, 18.71830093523487], [-70.45839091764091, 18.71835370769632]]]}}, {"type": "Feature", "properties": {"kind": "lot", "id": "A-31", "area_m2": 913, "price_usd_m2": 60, "price_usd": 54780, "tier": "base", "slope_pct": 0.0, "elev_m": 710.0}, "geometry": {"type": "Polygon", "coordinates": [[[-70.45953447043482, 18.71854587297423], [-70.45953597185046, 18.718544707106712], [-70.45961275407609, 18.71848190914293], [-70.45961313607063, 18.718481592476795], [-70.45963085390603, 18.718466705598072], [-70.45985737978162, 18.718586010928032], [-70.45970381109647, 18.718850734906127], [-70.45969283956052, 18.71886964776862], [-70.45968733994879, 18.718862871514517], [-70.45946913569867, 18.718594014215263], [-70.45953447043482, 18.71854587297423]]]}}, {"type": "Feature", "properties": {"kind": "lot", "id": "A-32", "area_m2": 926, "price_usd_m2": 60, "price_usd": 55560, "tier": "base", "slope_pct": 0.0, "elev_m": 710.0}, "geometry": {"type": "Polygon", "coordinates": [[[-70.45820315184045, 18.71886526911365], [-70.45820625658668, 18.718852448916373], [-70.45823368875307, 18.71876792831634], [-70.45827262720606, 18.71868864966464], [-70.45830734184726, 18.718623080572684], [-70.45862488631056, 18.718776201874856], [-70.45859274203126, 18.71883691628612], [-70.45856643824636, 18.71889047098585], [-70.45855010884073, 18.71894078344602], [-70.45854930471486, 18.718944103891214], [-70.45820315184045, 18.71886526911365]]]}}, {"type": "Feature", "properties": {"kind": "lot", "id": "A-33", "area_m2": 914, "price_usd_m2": 60, "price_usd": 54840, "tier": "base", "slope_pct": 0.0, "elev_m": 710.0}, "geometry": {"type": "Polygon", "coordinates": [[[-70.45856306759521, 18.718900856286616], [-70.45856643824636, 18.71889047098585], [-70.45859274203126, 18.71883691628612], [-70.45862488631056, 18.718776201874856], [-70.4586304021531, 18.718765783496], [-70.45866921264074, 18.718697277940485], [-70.45868137802945, 18.718677668704508], [-70.45901791697914, 18.71886722204349], [-70.45901737364906, 18.71886781350111], [-70.45901621799092, 18.718869133599945], [-70.45895925871079, 18.718937436771153], [-70.45895639916922, 18.71894086581122], [-70.45895522129871, 18.718942355633786], [-70.45890978568073, 18.719003020898814], [-70.45856306759521, 18.718900856286616]]]}}, {"type": "Feature", "properties": {"kind": "lot", "id": "A-34", "area_m2": 1487, "price_usd_m2": 60, "price_usd": 89220, "tier": "base", "slope_pct": 0.0, "elev_m": 710.0}, "geometry": {"type": "Polygon", "coordinates": [[[-70.45945269635585, 18.718606127255494], [-70.45945276404014, 18.718606077499068], [-70.45946913569867, 18.718594014215263], [-70.45968733994879, 18.718862871514517], [-70.45969283956052, 18.71886964776862], [-70.4595546159201, 18.719107918914613], [-70.45955457495253, 18.719107998528298], [-70.45955454237208, 18.719108081584736], [-70.45955451849248, 18.719108167284023], [-70.45955450354373, 18.719108254800865], [-70.45955449766977, 18.719108343292394], [-70.4595545009272, 18.719108431906403], [-70.45955451328463, 18.719108519789494], [-70.45955453462305, 18.7191086060953], [-70.45955456473698, 18.719108689992645], [-70.45955460333637, 18.71910877067355], [-70.45955465004953, 18.71910884736103], [-70.45955470442654, 18.71910891931652], [-70.45955476594376, 18.71910898584707], [-70.45955483400873, 18.71910904631194], [-70.45955490796594, 18.719109100128826], [-70.45955498710315, 18.719109146779445], [-70.45973601814282, 18.719204490858857], [-70.4597105714551, 18.71923450093623], [-70.45970869446393, 18.719236913021803], [-70.45967470638797, 18.719284611719157], [-70.45924285140835, 18.718757959426448], [-70.4592866134002, 18.71872538018577], [-70.45937015013408, 18.718666658258744], [-70.45937076777051, 18.71866621475675], [-70.45945269635585, 18.718606127255494]]]}}, {"type": "Feature", "properties": {"kind": "lot", "id": "A-35", "area_m2": 1084, "price_usd_m2": 51, "price_usd": 55284, "tier": "pendiente 12-22 % (-15 %)", "slope_pct": 13.3, "elev_m": 713.3}, "geometry": {"type": "Polygon", "coordinates": [[[-70.45777424700469, 18.718937915135296], [-70.45777357694568, 18.71893686943971], [-70.45777282536291, 18.718935634609245], [-70.45777163734321, 18.718933462063507], [-70.45777127719428, 18.71893272384211], [-70.45777029988508, 18.718930457968266], [-70.45777001115682, 18.718929691779525], [-70.45776925254081, 18.718927351085384], [-70.4577690375916, 18.71892656318758], [-70.45776850386518, 18.718924166792043], [-70.45776825940719, 18.71892275846174], [-70.45776807831275, 18.718921545479358], [-70.45776019014309, 18.71885852546851], [-70.45775816804931, 18.71884237058649], [-70.45775803327959, 18.718840997763454], [-70.45775791904698, 18.71883939559007], [-70.45775786998604, 18.71883663924698], [-70.45775790256047, 18.718835724431376], [-70.45775814757668, 18.718832977595135], [-70.45775827750109, 18.718832070663215], [-70.45775881406013, 18.718829361745346], [-70.45775903999062, 18.718828472077835], [-70.45775986254266, 18.71882582909764], [-70.45776018214235, 18.718824965896697], [-70.45776128217939, 18.71882241619153], [-70.45776169214255, 18.71882158838557], [-70.4577630582865, 18.718819158327946], [-70.45776355437275, 18.718818374479252], [-70.45776517249307, 18.718816089204132], [-70.45776574957117, 18.71881535742033], [-70.457767602931, 18.7188132405652], [-70.45776874697013, 18.718812061352732], [-70.45776975596407, 18.71881107299932], [-70.4578081686949, 18.71877531257318], [-70.45812936707242, 18.71884846486714], [-70.45811047665202, 18.7189264674945], [-70.45810972615566, 18.718930700345314], [-70.45809864939409, 18.719028104181817], [-70.45809856039942, 18.719028987998957], [-70.45809038327316, 18.719122230199645], [-70.45788851450261, 18.71910750080089], [-70.45777424700469, 18.718937915135296]]]}}, {"type": "Feature", "properties": {"kind": "lot", "id": "A-36", "area_m2": 926, "price_usd_m2": 60, "price_usd": 55560, "tier": "base", "slope_pct": 0.0, "elev_m": 710.0}, "geometry": {"type": "Polygon", "coordinates": [[[-70.45905023080634, 18.718944537023948], [-70.45907505066768, 18.718914774069322], [-70.45913714751275, 18.718847176694403], [-70.45920716707845, 18.718784525119947], [-70.45924285140833, 18.71875795942645], [-70.45946246077109, 18.719025776226584], [-70.4594395375744, 18.71904284173935], [-70.45939405003226, 18.719083542796405], [-70.45934904093498, 18.71913253888318], [-70.45932949998596, 18.719155971632606], [-70.45905023080634, 18.718944537023948]]]}}, {"type": "Feature", "properties": {"kind": "lot", "id": "A-37", "area_m2": 991, "price_usd_m2": 60, "price_usd": 59460, "tier": "base", "slope_pct": 4.6, "elev_m": 710.3}, "geometry": {"type": "Polygon", "coordinates": [[[-70.45816602463717, 18.719127749331214], [-70.4581741190846, 18.71903544943072], [-70.45818490251052, 18.718940624678066], [-70.45820315184045, 18.71886526911365], [-70.45854930471486, 18.718944103891214], [-70.45853644332918, 18.718997211888283], [-70.45852841194468, 18.719067837684747], [-70.45852088738481, 18.719153641286304], [-70.45816602463717, 18.719127749331214]]]}}, {"type": "Feature", "properties": {"kind": "lot", "id": "A-38", "area_m2": 850, "price_usd_m2": 60, "price_usd": 51000, "tier": "base", "slope_pct": 0.0, "elev_m": 710.0}, "geometry": {"type": "Polygon", "coordinates": [[[-70.45884847963868, 18.719095343959797], [-70.45884676466416, 18.71909828710932], [-70.45884534452615, 18.719101369531547], [-70.45881557493868, 18.719175142141065], [-70.45852088738481, 18.719153641286304], [-70.45852841194468, 18.719067837684747], [-70.45853644332918, 18.718997211888283], [-70.45854930471486, 18.718944103891214], [-70.45855010884073, 18.71894078344602], [-70.45856306759521, 18.718900856286616], [-70.45890978568073, 18.719003020898814], [-70.4588997730142, 18.719016389722253], [-70.45889837937136, 18.71901838755775], [-70.45889543253182, 18.719022932236932], [-70.45884847963868, 18.719095343959797]]]}}, {"type": "Feature", "properties": {"kind": "lot", "id": "A-39", "area_m2": 910, "price_usd_m2": 60, "price_usd": 54600, "tier": "base", "slope_pct": 3.0, "elev_m": 710.4}, "geometry": {"type": "Polygon", "coordinates": [[[-70.45815756815735, 18.71925086914883], [-70.45815892362263, 18.71923304403899], [-70.45815894735571, 18.719232710546535], [-70.4581655359694, 18.719133321542575], [-70.45816602463717, 18.719127749331214], [-70.45852088738481, 18.719153641286304], [-70.45881557493868, 18.719175142141065], [-70.45881098696938, 18.71918651167389], [-70.4588095699325, 18.719190803650786], [-70.45878599216746, 18.71928162328625], [-70.4587853656903, 18.719284550681795], [-70.4587849951118, 18.719287517377968], [-70.4587844599092, 18.719294116879006], [-70.45815756815735, 18.71925086914883]]]}}, {"type": "Feature", "properties": {"kind": "lot", "id": "A-40", "area_m2": 1691, "price_usd_m2": 60, "price_usd": 101460, "tier": "base", "slope_pct": 0.0, "elev_m": 710.0}, "geometry": {"type": "Polygon", "coordinates": [[[-70.45891487977376, 18.719130462805307], [-70.45896225444261, 18.71905740056308], [-70.45901640232341, 18.718985102725252], [-70.45905023080634, 18.718944537023948], [-70.45932949998596, 18.719155971632606], [-70.4593013996148, 18.719189668495446], [-70.45925948055037, 18.71924563864796], [-70.45923585126384, 18.71928208035631], [-70.45923518667792, 18.719283727290033], [-70.45922356116239, 18.719312536882835], [-70.45921374703383, 18.719350340476204], [-70.4592092121269, 18.719406261455184], [-70.45920905039259, 18.719418089398843], [-70.45885238431323, 18.71941366131075], [-70.45885269505365, 18.719390939754664], [-70.45886038849785, 18.719296072582623], [-70.45888264330921, 18.71921034871139], [-70.45890225266145, 18.719161754344373], [-70.45891487977376, 18.719130462805307]]]}}, {"type": "Feature", "properties": {"kind": "lot", "id": "A-41", "area_m2": 1071, "price_usd_m2": 60, "price_usd": 64260, "tier": "base", "slope_pct": 4.4, "elev_m": 710.3}, "geometry": {"type": "Polygon", "coordinates": [[[-70.4588604510878, 18.71968208043626], [-70.45885552942606, 18.719595615928494], [-70.45885132183581, 18.71949135048384], [-70.45885238431323, 18.71941366131075], [-70.45920905039259, 18.719418089398843], [-70.45920810767569, 18.71948703216852], [-70.45921185479666, 18.719579882219023], [-70.45921662449649, 18.719663673962277], [-70.4588604510878, 18.71968208043626]]]}}, {"type": "Feature", "properties": {"kind": "lot", "id": "A-42", "area_m2": 1634, "price_usd_m2": 60, "price_usd": 98040, "tier": "base", "slope_pct": 11.6, "elev_m": 713.0}, "geometry": {"type": "Polygon", "coordinates": [[[-70.45956592657626, 18.71947839591942], [-70.45956458283612, 18.71948160298489], [-70.45956356645954, 18.71948491760565], [-70.45954052622356, 18.719576020209352], [-70.45953974664486, 18.719580135350103], [-70.45953118211126, 18.719647417561678], [-70.45952743095765, 18.719676886277632], [-70.45952716310332, 18.719681984661204], [-70.45952942825362, 18.719786414899158], [-70.45952949559076, 18.71978794632965], [-70.45953202849434, 18.719826156200774], [-70.45925020795647, 18.719879206500377], [-70.45924587826325, 18.719858324617547], [-70.45922706764534, 18.719759545569453], [-70.4592171613151, 18.719673104518986], [-70.45921662449649, 18.719663673962277], [-70.45921185479666, 18.719579882219023], [-70.45920810767569, 18.71948703216852], [-70.45920905039259, 18.719418089398843], [-70.45959249584635, 18.719422849200054], [-70.45956592657626, 18.71947839591942]]]}}, {"type": "Feature", "properties": {"kind": "lot", "id": "A-43", "area_m2": 1008, "price_usd_m2": 60, "price_usd": 60480, "tier": "base", "slope_pct": 10.3, "elev_m": 711.7}, "geometry": {"type": "Polygon", "coordinates": [[[-70.45890027412909, 18.719945077914534], [-70.4588954068206, 18.71992160291174], [-70.4588738481109, 18.719808391759276], [-70.45886151519001, 18.719700774727468], [-70.4588604510878, 18.71968208043626], [-70.45921662449649, 18.719663673962277], [-70.4592171613151, 18.719673104518986], [-70.45922706764534, 18.719759545569453], [-70.45924587826325, 18.719858324617547], [-70.45925020795647, 18.719879206500377], [-70.45890027412909, 18.719945077914534]]]}}, {"type": "Feature", "properties": {"kind": "lot", "id": "A-44", "area_m2": 1286, "price_usd_m2": 60, "price_usd": 77160, "tier": "base", "slope_pct": 11.4, "elev_m": 715.0}, "geometry": {"type": "Polygon", "coordinates": [[[-70.45892846151196, 18.720101813277644], [-70.45891976775829, 18.72003946497849], [-70.4589193789422, 18.720037220249765], [-70.45890027412909, 18.719945077914534], [-70.45925020795647, 18.719879206500377], [-70.45953202849434, 18.719826156200774], [-70.45953658668292, 18.719894918243938], [-70.45953666388216, 18.719895879037992], [-70.45954308573931, 18.719963879633255], [-70.45954118115168, 18.71996470688684], [-70.45953232786889, 18.719969602948595], [-70.4595240208751, 18.719975302269493], [-70.45951634017113, 18.719981749962034], [-70.4595093597264, 18.7199888839315], [-70.45950314676638, 18.719996635473944], [-70.45949776112536, 18.720004929937858], [-70.45949325467008, 18.720013687443075], [-70.4594896708003, 18.72002282365009], [-70.45948737631814, 18.720031058062986], [-70.45892846151196, 18.720101813277644]]]}}, {"type": "Feature", "properties": {"kind": "lot", "id": "A-45", "area_m2": 1559, "price_usd_m2": 51, "price_usd": 79509, "tier": "pendiente 12-22 % (-15 %)", "slope_pct": 12.0, "elev_m": 717.2}, "geometry": {"type": "Polygon", "coordinates": [[[-70.45959045446028, 18.72020074182073], [-70.45959006742063, 18.72020337618367], [-70.45958941124698, 18.720205961714655], [-70.45958849225865, 18.720208473513605], [-70.45958731930597, 18.72021088739052], [-70.45958590368511, 18.720213180098447], [-70.45958425902927, 18.72021532955735], [-70.45958240117739, 18.72021731506675], [-70.45958094019743, 18.72021859764178], [-70.45957817349885, 18.720214440433335], [-70.45957809794697, 18.720214342230392], [-70.45956539396143, 18.720199970973017], [-70.45956529966845, 18.72019987857294], [-70.4595509256958, 18.720187670178596], [-70.45955087159864, 18.720187627548537], [-70.45955081433978, 18.720187588848624], [-70.45953490880895, 18.720177660890467], [-70.4595348479172, 18.720177625918893], [-70.45953478444666, 18.720177595392634], [-70.45951750053615, 18.720170043481993], [-70.45951743568472, 18.72017001787013], [-70.4595173690224, 18.720169996899855], [-70.4594988731851, 18.72016489376544], [-70.45949874090994, 18.720164866838967], [-70.45947921127012, 18.720162261626474], [-70.45947908380717, 18.72016225290768], [-70.45945870844508, 18.720162170706494], [-70.45945858970482, 18.720162177335315], [-70.45943756484542, 18.720164618936888], [-70.45943745691784, 18.72016463755923], [-70.45941598504105, 18.720169579449493], [-70.45941588852354, 18.720169606907625], [-70.4593941764143, 18.72017700149342], [-70.45939409091079, 18.7201770351812], [-70.45937234766767, 18.720186811248627], [-70.45937227224289, 18.720186849202445], [-70.45935070726435, 18.72019891260272], [-70.4593506407699, 18.720198953445944], [-70.45932946173772, 18.72021318800207], [-70.4593294030118, 18.720213230834876], [-70.45930881389106, 18.7202294994605], [-70.45930876186438, 18.72022954374631], [-70.45928896093908, 18.720247689765916], [-70.45928891468182, 18.720247735236118], [-70.45927009264543, 18.720267583893925], [-70.45927005138127, 18.72026763047587], [-70.45925238950022, 18.720288990618766], [-70.45925235260495, 18.720289038384923], [-70.45923602097287, 18.7203117043034], [-70.45923598796749, 18.720311753437358], [-70.45922114386723, 18.72033550684657], [-70.45922111441175, 18.720335557621592], [-70.45920790080055, 18.720360169763566], [-70.45920787469184, 18.720360222529795], [-70.45919641882462, 18.72038545637647], [-70.45919639600068, 18.720385511553587], [-70.45919616726545, 18.720386122589755], [-70.459196140171, 18.720386208115773], [-70.45919612207335, 18.720386295773196], [-70.45919611314937, 18.720386384705044], [-70.45919611348634, 18.720386474041884], [-70.45919612308096, 18.720386562910313], [-70.45919614183943, 18.720386650441526], [-70.45919616957835, 18.720386735779773], [-70.45919620602652, 18.720386818090752], [-70.45919625082763, 18.72038689656975], [-70.45919630354369, 18.72038697044953], [-70.45919636365932, 18.72038703900781], [-70.45919643058677, 18.720387101574335], [-70.45919650367176, 18.72038715753742], [-70.45922012416415, 18.720403481012152], [-70.45922122790267, 18.720404284360622], [-70.45922413498323, 18.720406511288285], [-70.45922621020179, 18.720408269493518], [-70.45922886282864, 18.720410752219234], [-70.45923074486737, 18.720412697808378], [-70.45923312607749, 18.720415418896195], [-70.45923479638955, 18.72041753269617], [-70.45923688271688, 18.720420465330665], [-70.45923832484186, 18.720422726510655], [-70.45924009572633, 18.72042584179172], [-70.45924129545257, 18.72042822806857], [-70.4592427334427, 18.720431495296157], [-70.45924367894726, 18.720433983153896], [-70.4592447698721, 18.720437370130632], [-70.45924545183735, 18.72043993505223], [-70.45924618494612, 18.720443408400524], [-70.4592465966515, 18.720446025109634], [-70.45924696471968, 18.72044955060079], [-70.45924710210792, 18.720452193310575], [-70.45924710150827, 18.720455736202087], [-70.45924696322543, 18.72045837886951], [-70.4592465939638, 18.72046190424737], [-70.45924618137258, 18.720464520829765], [-70.45924544708788, 18.720467993952592], [-70.45924476425422, 18.720470558664466], [-70.45924367218257, 18.72047394530567], [-70.45924272583551, 18.720476432872637], [-70.45924128673886, 18.72047969965806], [-70.45924008620432, 18.720482085565987], [-70.45923831426447, 18.72048520030246], [-70.45923687137329, 18.720487461038992], [-70.45923478405211, 18.720490393031845], [-70.45923311302352, 18.72049250631815], [-70.45923073089078, 18.720495226673602], [-70.45922884819223, 18.72049717168387], [-70.4592261947231, 18.72049965359366], [-70.45922411890788, 18.72050141116052], [-70.45922122025144, 18.72050363016622], [-70.45921897177605, 18.720505182969408], [-70.45921585649754, 18.720507117203464], [-70.45921345752, 18.72050844994059], [-70.45921015631949, 18.720510080341725], [-70.4592076304809, 18.720511179879104], [-70.45920416495, 18.720512494530613], [-70.45920286218387, 18.720512953374037], [-70.45916965850672, 18.720523763068346], [-70.4591695723407, 18.720523795684233], [-70.45916948992944, 18.72052383616198], [-70.45916941206077, 18.720523884114613], [-70.45916933947912, 18.72052393908372], [-70.45916927287834, 18.720524000543804], [-70.45916921289513, 18.720524067907313], [-70.45916916010293, 18.72052414053027], [-70.4591691150064, 18.720524217718413], [-70.45916907803668, 18.720524298733835], [-70.45916904954719, 18.720524382802044], [-70.45916902981025, 18.720524469119358], [-70.45916901901458, 18.720524556860607], [-70.45916901726338, 18.720524645187], [-70.45916939306046, 18.72053657011925], [-70.45916939945243, 18.720536651163602], [-70.45917140006543, 18.720552460268248], [-70.45917141553888, 18.720552546868326], [-70.45917143976534, 18.720552631627363], [-70.45917147251588, 18.720552713744144], [-70.45917151348084, 18.720552792442447], [-70.45917156227304, 18.720552866978355], [-70.45917161843124, 18.720552936647294], [-70.4591716814246, 18.720553000790698], [-70.45917175065765, 18.72055305880225], [-70.45917182547595, 18.72055311013355], [-70.45917190517224, 18.720553154299402], [-70.4591719889932, 18.720553190882303], [-70.45917207614649, 18.720553219536452], [-70.45917216580824, 18.72055323999098], [-70.45917225713093, 18.720553252052543], [-70.45917234925129, 18.720553255607122], [-70.4591899950544, 18.720553118455708], [-70.45919008790331, 18.720553113388533], [-70.45919017978477, 18.720553099679684], [-70.45919026981497, 18.72055307746101], [-70.45919035712794, 18.720553046946225], [-70.45919044088389, 18.720553008428833], [-70.45919052027716, 18.72055296227933], [-70.45919059454413, 18.720552908941606], [-70.45919066297043, 18.720552848928687], [-70.45919213331092, 18.720551426301082], [-70.4591949520344, 18.72054919208149], [-70.45919798909954, 18.720547234794623], [-70.45920121465245, 18.720545573680333], [-70.45920459698648, 18.720544225067105], [-70.45920810285371, 18.72054320221162], [-70.45921169779204, 18.72054251516837], [-70.4592153464638, 18.720542170690884], [-70.45921901300306, 18.72054217216534], [-70.45922266136834, 18.72054251957723], [-70.45922625569672, 18.720543209511536], [-70.45922919767625, 18.72054407043846], [-70.45922860028853, 18.720545037948238], [-70.45922406518618, 18.720553283687792], [-70.45922347905959, 18.720554489897975], [-70.45921981403794, 18.720563119477664], [-70.45921912492979, 18.72056500294741], [-70.45921912483344, 18.720565002915396], [-70.45921843640907, 18.720566884516163], [-70.45921726344888, 18.7205692983912], [-70.4592158478202, 18.720571591096785], [-70.45921420315631, 18.72057374055291], [-70.45921234529622, 18.720575726059135], [-70.45921029213216, 18.72057752849393], [-70.45920806343717, 18.720579130498873], [-70.45920568067484, 18.720580516645757], [-70.45920316679248, 18.720581673585233], [-70.45920054600015, 18.720582590175336], [-70.45919784353751, 18.7205832575888], [-70.45919508543078, 18.720583669398067], [-70.45919229824206, 18.72058382163718], [-70.458892963333, 18.720586153220992], [-70.4591939819424, 18.72048815472696], [-70.4591974802885, 18.720486827627063], [-70.4592008233021, 18.720485176575313], [-70.45920397803891, 18.720483217842276], [-70.45920691341004, 18.72048097073063], [-70.45920960048839, 18.720478457384928], [-70.45921201279366, 18.720475702573356], [-70.4592141265534, 18.720472733443696], [-70.45921592093724, 18.720469579255735], [-70.45921737826211, 18.720466271092963], [-70.4592184841666, 18.720462841556238], [-70.45921922775238, 18.7204593244425], [-70.45921960169171, 18.72045575441174], [-70.45921960229956, 18.720452166645437], [-70.45921922956992, 18.720448596499836], [-70.45921848717602, 18.720445079157525], [-70.45921738243383, 18.720441649280744], [-70.45921592623034, 18.720438340669787], [-70.45921413291589, 18.720435185929908], [-70.45921202016305, 18.72043221615], [-70.45920960879226, 18.720429460596268], [-70.45920692256684, 18.720426946423753], [-70.45920398795863, 18.720424698408788], [-70.45900583804249, 18.720287762230296], [-70.45900702710483, 18.720283494987388], [-70.45900867150543, 18.720273868138833], [-70.4590093176706, 18.720264134070828], [-70.45900895937758, 18.720254386527756], [-70.4590076000771, 18.72024471938377], [-70.45900525286011, 18.72023522573874], [-70.45900194033176, 18.720225997021583], [-70.45899769439362, 18.720217122109847], [-70.4589925559365, 18.720208686473715], [-70.45898657444667, 18.720200771352886], [-70.45897980752913, 18.720193452974232], [-70.45897232035306, 18.72018680181766], [-70.45896418502397, 18.720180881937353], [-70.45895547988951, 18.720175750344925], [-70.4589462887848, 18.720171456460356], [-70.45893670022508, 18.720168041636043], [-70.45893655897757, 18.72016800590359], [-70.45893555432876, 18.720153297674546], [-70.45893530400097, 18.720150884968156], [-70.45892846151196, 18.720101813277644], [-70.45948737631814, 18.720031058062986], [-70.45948704403077, 18.720032250572288], [-70.45948539965886, 18.72004187742328], [-70.45948475352097, 18.72005161149123], [-70.4594851118399, 18.72006135903176], [-70.45948647116504, 18.720071026170707], [-70.45948881840549, 18.720080519808192], [-70.4594921309562, 18.720089748515264], [-70.45949637691562, 18.720098623414362], [-70.45950151539294, 18.720107059035286], [-70.45950749690192, 18.720114974138333], [-70.45951426383735, 18.720122292496637], [-70.45952175102998, 18.720128943630332], [-70.45952988637404, 18.720134863485296], [-70.45953859152164, 18.72013999505], [-70.45954778263737, 18.720144288904603], [-70.45955737120563, 18.72014770369688], [-70.45956726488318, 18.72015020654049], [-70.45957736838827, 18.720151773331644], [-70.45958758441851, 18.72015238898126], [-70.45959017570934, 18.720152302499752], [-70.4595901191116, 18.720145708098027], [-70.45959056863857, 18.720198083996195], [-70.45959045446028, 18.72020074182073]]]}}, {"type": "Feature", "properties": {"kind": "plaza", "label": "Plaza comercial y estacionamiento (fuera del port\u00f3n, en el sitio de la casa actual)", "area_m2": 3933}, "geometry": {"type": "Polygon", "coordinates": [[[-70.46134544756215, 18.71704308160402], [-70.46134108596283, 18.71705492848542], [-70.46072389943734, 18.71672987411382], [-70.46074052936923, 18.716678599020607], [-70.46074135846096, 18.71667558887271], [-70.46076234259412, 18.716583403758655], [-70.46076283883271, 18.71658074923997], [-70.46077690541867, 18.716484920839157], [-70.46077713223616, 18.71648300402248], [-70.46078600703706, 18.716384441244895], [-70.46078603817469, 18.71638407339044], [-70.46079338733192, 18.716291346044773], [-70.46082987830907, 18.716214607359603], [-70.46076078067814, 18.71618477557508], [-70.4607215214692, 18.716267335636235], [-70.46072028549034, 18.71627026995175], [-70.46071932339743, 18.716273295970705], [-70.46071864255408, 18.716276390532872], [-70.46071824817128, 18.716279529953425], [-70.46071040846314, 18.716378446225722], [-70.46070163673001, 18.71647586385813], [-70.46068790648627, 18.71656940064833], [-70.46066756890583, 18.716658745226624], [-70.46065608376166, 18.716694157343255], [-70.4602508232129, 18.7164807161912], [-70.46079698972336, 18.715972534650604], [-70.460797996187, 18.715971642416964], [-70.4607991945946, 18.715970630380138], [-70.46080133725418, 18.715968990000416], [-70.460802075764, 18.71596847852276], [-70.46080437456536, 18.71596704283225], [-70.46080516143213, 18.715966601653125], [-70.46080759491488, 18.715965384054684], [-70.4608084227929, 18.71596501729269], [-70.46081096823914, 18.71596402915325], [-70.46081182939969, 18.715963740232315], [-70.46081446304659, 18.715962990776575], [-70.46081534945037, 18.715962782393902], [-70.46081804671145, 18.715962278618445], [-70.4608189500834, 18.7159621527194], [-70.4608216857783, 18.71596189932721], [-70.460822597685, 18.71596185708711], [-70.46082534627496, 18.71596185644372], [-70.46082625820337, 18.715961898256904], [-70.46082899402857, 18.715962150368313], [-70.4608298974653, 18.71596227584442], [-70.46083259498586, 18.715962778357074], [-70.46083348149698, 18.715962986324737], [-70.46083611552996, 18.7159637345474], [-70.46083697683939, 18.71596402306514], [-70.46083952279481, 18.715965010012766], [-70.4608403508618, 18.71596537638711], [-70.46084278497209, 18.715966592846137], [-70.46084357206628, 18.715967033656817], [-70.46084587160763, 18.715968468270923], [-70.46084661038107, 18.715968979402756], [-70.46084875388621, 18.71597061877913], [-70.4608494374421, 18.715971195460455], [-70.46085140490035, 18.71597302429471], [-70.46085202685734, 18.71597366114189], [-70.46085379990156, 18.71597566236105], [-70.46085435445337, 18.715976353428836], [-70.46085591653116, 18.715978508350336], [-70.46085639850078, 18.715979247187235], [-70.46085773502953, 18.71598153569405], [-70.46085813991755, 18.715982315402705], [-70.46085923841997, 18.71598471613032], [-70.46085980674945, 18.715986142628026], [-70.46086026344653, 18.71598737810617], [-70.46088652468943, 18.716064304627164], [-70.46090933912713, 18.716131134425474], [-70.46090943685871, 18.716131420708184], [-70.4609101403792, 18.71613309368422], [-70.46091027715444, 18.716133365060188], [-70.46093296447185, 18.716178378986747], [-70.46097235150174, 18.716256526758862], [-70.46097241837747, 18.716256659446877], [-70.46097284640781, 18.716257442282632], [-70.4609729222089, 18.716257570539916], [-70.46109951074409, 18.716471761130627], [-70.46110018484337, 18.71647297238237], [-70.46110093226784, 18.716474401587178], [-70.46110208349174, 18.716476913697793], [-70.46110242100417, 18.716477765200857], [-70.4611033000657, 18.716480375254857], [-70.46110354559569, 18.71648125488458], [-70.46110414350483, 18.716483936189427], [-70.46110429454139, 18.716484834950005], [-70.46110460518341, 18.716487560084445], [-70.46110466018189, 18.716488468784387], [-70.46110468037989, 18.71649120987894], [-70.46110463877784, 18.716492119225148], [-70.46110436832524, 18.716494848247113], [-70.4611042305481, 18.71649574893985], [-70.46110367221075, 18.71649843797999], [-70.46110343966754, 18.71649932080803], [-70.46110259915547, 18.71650194236603], [-70.46110227422436, 18.71650279830084], [-70.46110116013328, 18.716505325566434], [-70.46110074613729, 18.71650614585452], [-70.46109936986083, 18.7165085529818], [-70.46109887103381, 18.716509329234228], [-70.4610972466469, 18.716511591605908], [-70.46109666809026, 18.716512315884046], [-70.4610948122052, 18.716514410363274], [-70.46109415983577, 18.71651507526006], [-70.46109209143238, 18.716516980426885], [-70.46109137192181, 18.71651757914256], [-70.4610891121533, 18.716519275513193], [-70.46108774500794, 18.7165201990179], [-70.4610865505136, 18.71652096339483], [-70.46076288257234, 18.71671695154838], [-70.46076268437228, 18.71671707156264], [-70.4607621533288, 18.716717429470716], [-70.46076270950262, 18.716717750861758], [-70.46076291607945, 18.716717857280504], [-70.46090222451312, 18.716789622408836], [-70.46090374963313, 18.716790408077724], [-70.46090387316485, 18.71679047209182], [-70.46110732016045, 18.716896519724042], [-70.46110752165731, 18.71689662475547], [-70.46110813483497, 18.716896908533656], [-70.46110881508785, 18.716896950517842], [-70.4611090447346, 18.716896954073903], [-70.46121563077759, 18.716898604518313], [-70.46121703483288, 18.71689865933428], [-70.46121866810076, 18.716898761651578], [-70.46122145913445, 18.716899068985665], [-70.46122237964889, 18.716899214546054], [-70.461225125253, 18.716899782717185], [-70.46122670565339, 18.716900188575323], [-70.46122805302537, 18.71690056884089], [-70.46129076732547, 18.71691988626543], [-70.46133289530098, 18.716932862621256], [-70.46133318607752, 18.716932952186877], [-70.46133495974223, 18.716933380538617], [-70.4613352601873, 18.716933433756925], [-70.46136978209816, 18.71693954867347], [-70.46137858586722, 18.71694110809685], [-70.46137998937849, 18.71694139176732], [-70.46138161479071, 18.71694176133272], [-70.4613843679005, 18.716942528977178], [-70.4613852674471, 18.7169428274758], [-70.46138792542486, 18.71694385540498], [-70.46138878884881, 18.71694423870622], [-70.46139132466809, 18.7169455164681], [-70.46139214318995, 18.716945980674513], [-70.46139453106589, 18.716947495276482], [-70.46139529636278, 18.716948035667908], [-70.46139751201524, 18.716949771709352], [-70.46139821630553, 18.716950382791037], [-70.46140023720544, 18.716952322619644], [-70.46140087332778, 18.716952998178005], [-70.46140267892629, 18.71695512206929], [-70.46140324041251, 18.71695585523516], [-70.46140481234998, 18.716958141593032], [-70.4614052934908, 18.71695892491147], [-70.46140661578357, 18.716961350487953], [-70.46140731032217, 18.716962798685437], [-70.46140787354707, 18.716964056021805], [-70.46141123790461, 18.716972124269066], [-70.46141171866132, 18.71697336452531], [-70.4614122415176, 18.716974821798647], [-70.4614130099098, 18.716977361896667], [-70.46141322164588, 18.71697821642513], [-70.46141372670903, 18.71698081576215], [-70.46141385007952, 18.716981685879226], [-70.46141408700989, 18.716984319732603], [-70.46141412084135, 18.716985197162447], [-70.46141408738544, 18.716987840481075], [-70.46141403135613, 18.71698871687832], [-70.4614137278321, 18.716991344521205], [-70.4614135824749, 18.716992211550288], [-70.46141301176961, 18.716994798525477], [-70.46141277846706, 18.71699564793991], [-70.46141194600858, 18.716998169642242], [-70.4614116269796, 18.716998993363145], [-70.46141054068558, 18.71700142580826], [-70.46141013896454, 18.717002216001067], [-70.46140880916687, 18.717004536053597], [-70.46140832857459, 18.717005285202642], [-70.46140676792118, 18.71700747079619], [-70.46140621302867, 18.71700817177618], [-70.46140443636317, 18.717010202123134], [-70.46140381244808, 18.717010848266955], [-70.46140183666863, 18.717012704056373], [-70.46140114966515, 18.71701328921843], [-70.46139899356378, 18.717014952799556], [-70.46139825000608, 18.71701547141425], [-70.46139593408972, 18.717016926964543], [-70.46139454307064, 18.71701771125424], [-70.46139333201158, 18.717018356610524], [-70.46138367606355, 18.71702321143555], [-70.46134652521089, 18.717041890163035], [-70.4613463291723, 18.717041988727395], [-70.46134576591128, 18.7170423048308], [-70.4613455209358, 18.717042882308117], [-70.46134544756215, 18.71704308160402]]]}}, {"type": "Feature", "properties": {"kind": "park", "label": "Parque familiar junto al port\u00f3n: \u00e1rea infantil cercada, dog park, cancha", "area_m2": 3600}, "geometry": {"type": "Polygon", "coordinates": [[[-70.46070450671729, 18.717173902920482], [-70.46073489941965, 18.71708667301303], [-70.46076673493108, 18.71700020300494], [-70.46079857041303, 18.716913732992875], [-70.4608304058655, 18.71682726297684], [-70.46132835187831, 18.717089516520296], [-70.46122027095642, 18.71738308295572], [-70.46122024904206, 18.71738314247882], [-70.46122012281424, 18.71738350129685], [-70.46122010265267, 18.7173835613797], [-70.46114357447568, 18.71761162044138], [-70.4606456271213, 18.717349366505708], [-70.46067506693296, 18.717261634714767], [-70.46070450671729, 18.717173902920482]]]}}, {"type": "Feature", "properties": {"kind": "garden", "label": "Huerto comunitario (invernadero existente)", "area_m2": 3024}, "geometry": {"type": "MultiPolygon", "coordinates": [[[[-70.46028926053603, 18.718813470104102], [-70.46020894941337, 18.718865342665854], [-70.46011754676671, 18.718919770031622], [-70.46011707747334, 18.71892005405873], [-70.46002665658881, 18.71897566913948], [-70.46002651940773, 18.71897575391493], [-70.45993655823395, 18.719031611104196], [-70.45993483469394, 18.719032747098517], [-70.45985059162957, 18.719091615844892], [-70.45984699947569, 18.719094466422174], [-70.45977456564357, 18.719159554754015], [-70.4597710855113, 18.71916313478879], [-70.4597366232834, 18.719203777197396], [-70.45955544583761, 18.71910835601006], [-70.45985820969717, 18.71858644802229], [-70.46028926053603, 18.718813470104102]]], [[[-70.46016800317108, 18.719130520497842], [-70.46016728062223, 18.719130543639444], [-70.46015681833286, 18.71913113268925], [-70.46015538229722, 18.71913128361982], [-70.46014539384963, 18.71913282636764], [-70.46014398130995, 18.719133115408674], [-70.46013420880355, 18.7191356162475], [-70.4601328343516, 18.719136040413154], [-70.46012337873742, 18.71913947350908], [-70.46012205657134, 18.719140028417698], [-70.46011301552697, 18.719144358306483], [-70.46011175930487, 18.719145038225797], [-70.46010322622527, 18.719150220179234], [-70.4601020489241, 18.719151018085626], [-70.46009411195698, 18.719156998573588], [-70.46009302573839, 18.719157906224577], [-70.46008576687355, 18.719164623467975], [-70.46008478295832, 18.719165631487435], [-70.46007827718073, 18.719173016096445], [-70.46007740573285, 18.71917411407139], [-70.46007172024804, 18.71918208976216], [-70.46007097026965, 18.719183266350424], [-70.4600661638095, 18.719191750733156], [-70.46006554304799, 18.719192993780442], [-70.46006166526392, 18.719201899210496], [-70.46006093725201, 18.7192038450475], [-70.46006090883189, 18.719203835393948], [-70.46006043750457, 18.719205102993126], [-70.46005925766897, 18.71920750172867], [-70.46005783772434, 18.719209779272212], [-70.46005619123312, 18.719211913870012], [-70.46005433392162, 18.719213885133655], [-70.46005228352975, 18.71921567423482], [-70.46005005964162, 18.719217264085067], [-70.46004768349849, 18.719218639499097], [-70.46004517779588, 18.719219787339778], [-70.46004256646673, 18.71922069664362], [-70.4600398744529, 18.719221358725484], [-70.46003712746695, 18.719221767261562], [-70.46003435174642, 18.719221918349756], [-70.45997913278423, 18.719222348719736], [-70.45997841023492, 18.71922237186064], [-70.45996794793848, 18.719222960900314], [-70.45996651190178, 18.719223111829507], [-70.4599565234464, 18.71922465456771], [-70.45995511090553, 18.719224943607397], [-70.45994533839044, 18.719227444436893], [-70.45994396393718, 18.71922786860123], [-70.4599345083135, 18.71923130168821], [-70.459933186146, 18.719231856595574], [-70.45992414509143, 18.71923618647586], [-70.45992288886784, 18.719236866394002], [-70.45991435577746, 18.71924204833949], [-70.45991317847468, 18.71924284624479], [-70.45990524149627, 18.719248826725444], [-70.45990415527605, 18.71924973437542], [-70.45989689639956, 18.719256451612228], [-70.45989591248264, 18.719257459630786], [-70.45988940669312, 18.71926484423396], [-70.45988853524354, 18.719265942208143], [-70.45988284974669, 18.719273917893915], [-70.45988209976659, 18.71927509448152], [-70.4598797868185, 18.71927917729464], [-70.45980404196563, 18.719239284692016], [-70.45982848082737, 18.719210463145497], [-70.4598973437542, 18.71914858357463], [-70.45997885310123, 18.71909162512641], [-70.46006786755113, 18.719036355749687], [-70.46015798621073, 18.718980926547168], [-70.46024975079678, 18.718926283647196], [-70.4602509318315, 18.71892555096071], [-70.46033897562066, 18.718868683892634], [-70.46033933712575, 18.71886844748088], [-70.46034805469176, 18.718862675588674], [-70.4601927883928, 18.719130327302615], [-70.46016800317108, 18.719130520497842]]]]}}, {"type": "Feature", "properties": {"kind": "club", "label": "Clubhouse, piscina y terraza-mirador al valle (toe of the hill, ~720 m, before Parcela 2)", "area_m2": 3471}, "geometry": {"type": "Polygon", "coordinates": [[[-70.45854229731047, 18.721053568430264], [-70.45854222244058, 18.72105364213448], [-70.45854118819562, 18.721054009534214], [-70.45853757862508, 18.721055099588927], [-70.45853387297696, 18.721055841308758], [-70.45853010817963, 18.721056227302174], [-70.4585272310185, 18.721056247378], [-70.45852111467296, 18.72105264185378], [-70.45849191282144, 18.721031392390586], [-70.45849100457565, 18.721028380954493], [-70.45849032682334, 18.721024831345357], [-70.45849002387806, 18.72102123503752], [-70.4584900987588, 18.72101762786975], [-70.45849055071935, 18.72101404578901], [-70.45849137525563, 18.721010524492293], [-70.45849256415083, 18.721007099070828], [-70.45849410555704, 18.7210038036604], [-70.45849598411347, 18.721000671101194], [-70.4584981810995, 18.7209977326105], [-70.45850004933197, 18.720995698334796], [-70.45850004702402, 18.720995696404348], [-70.45850065208526, 18.7209950396696], [-70.45850128975175, 18.72099441156576], [-70.4585007832974, 18.720993683002092], [-70.4584787444092, 18.72096197878847], [-70.45847737881151, 18.720960014296782], [-70.45847547769854, 18.720956964145344], [-70.45847389958146, 18.720953751100215], [-70.45847265966484, 18.720950406117865], [-70.45847176989474, 18.720946961425938], [-70.45847123884377, 18.72094345021274], [-70.45847107162837, 18.720939906307493], [-70.45847126985959, 18.72093636385436], [-70.45847183162749, 18.720932856983552], [-70.45847275151968, 18.720929419482424], [-70.45847402067328, 18.72092608446999], [-70.45847562686048, 18.72092288407783], [-70.45847755460625, 18.72091984914049], [-70.45847978533749, 18.72091700889844], [-70.45848229756194, 18.720914390716313], [-70.4588556906093, 18.7205616861469], [-70.45885826108832, 18.7205592580823], [-70.45885825148551, 18.72055994469131], [-70.45885826745665, 18.720560380222633], [-70.45885849545388, 18.720562985965234], [-70.45885855539336, 18.72056341800386], [-70.45885904583288, 18.72056599069074], [-70.45885914918297, 18.720566415216318], [-70.458859897501, 18.72056893090721], [-70.45886004329996, 18.72056934396928], [-70.45886104253299, 18.72057177925427], [-70.45886122942404, 18.720572177009068], [-70.45886247027369, 18.720574509226477], [-70.45886269651776, 18.72057488797268], [-70.45886416743718, 18.720577095419934], [-70.45886443092894, 18.720577451633087], [-70.45886611823047, 18.720579513768655], [-70.45886641651798, 18.720579844134004], [-70.45886830450033, 18.720581741768566], [-70.45886863480781, 18.72058204321187], [-70.45887070590227, 18.720583758686885], [-70.45887106515609, 18.72058402840305], [-70.45887330008996, 18.720585545755057], [-70.45887368494702, 18.72058578123422], [-70.458876062923, 18.72058708634342], [-70.45887646980204, 18.720587285394327], [-70.45887896869172, 18.72058836611594], [-70.45887939380647, 18.7205885268863], [-70.45888199035633, 18.720589373163627], [-70.45888242975086, 18.72058949415738], [-70.45888509979852, 18.720590098115327], [-70.45888554938404, 18.720590178206564], [-70.45888826808321, 18.720590534224968], [-70.45888872367604, 18.720590572668396], [-70.45889146572776, 18.720590677434295], [-70.45889169445316, 18.72059068091104], [-70.45919233700482, 18.720588339142218], [-70.45919256959742, 18.720588331888422], [-70.45919535678622, 18.720588179649297], [-70.4591958194515, 18.720588132588578], [-70.45919857755828, 18.720587720779303], [-70.45919903315453, 18.720587630735608], [-70.45920173561723, 18.720586963322123], [-70.4592021797568, 18.720586831162628], [-70.45920480054917, 18.720585914572496], [-70.45920522895477, 18.72058574156997], [-70.45920774283718, 18.720584584630462], [-70.45920815138304, 18.72058437245101], [-70.45921053414538, 18.720582986304088], [-70.45921091889696, 18.720582736991126], [-70.45921314759195, 18.72058113498615], [-70.45921350484386, 18.720580850940692], [-70.45921555800793, 18.720579048505858], [-70.45921588431968, 18.720578732463412], [-70.45921716414495, 18.720577364706443], [-70.45922692728445, 18.720616852754976], [-70.45923285885276, 18.720659036642584], [-70.45923442238104, 18.720701571368163], [-70.45923160280843, 18.720744047299373], [-70.45922442728565, 18.72078605536981], [-70.45921296491372, 18.720827191018515], [-70.45919732607861, 18.720867058086153], [-70.4591776613882, 18.7209052726302], [-70.45915416022204, 18.720941466622655], [-70.4591270489075, 18.720975291494305], [-70.45909658854029, 18.721006421491726], [-70.45906307246995, 18.721034556814505], [-70.4590268234747, 18.721059426502567], [-70.45898819065303, 18.72108079104567], [-70.45894754606155, 18.721098444690167], [-70.45890528113185, 18.721112217420497], [-70.45886180290077, 18.721121976596606], [-70.45881753009026, 18.72112762823144], [-70.45877288907481, 18.721129117896016], [-70.45872830977504, 18.721126431243746], [-70.45868422151725, 18.7211195941485], [-70.45864104889866, 18.721108672455557], [-70.45859920769813, 18.721093771347316], [-70.45855910087195, 18.721075034330465], [-70.45855210473593, 18.72107091018073], [-70.4585427420859, 18.721054354894097], [-70.45854229731047, 18.721053568430264]]]}}, {"type": "Feature", "properties": {"kind": "water", "label": "Laguna con fuente (aprox. 1,500 m\u00b2, forrada, recirculada), bajo la terraza del clubhouse", "area_m2": 1788}, "geometry": {"type": "Polygon", "coordinates": [[[-70.45917034090316, 18.720536543001334], [-70.45916996510601, 18.7205246180691], [-70.45920317992332, 18.720513804747995], [-70.45920450477367, 18.720513338126356], [-70.45920800312017, 18.72051201102624], [-70.45921057179645, 18.720510892840938], [-70.45921391481038, 18.72050924178893], [-70.4592163544741, 18.720507886448846], [-70.45921950921111, 18.720505927715532], [-70.45922179582017, 18.72050434857712], [-70.45922473119138, 18.720502101465197], [-70.45922684221198, 18.72050031409038], [-70.45922952929027, 18.720497800744386], [-70.45923144391902, 18.720495822747143], [-70.45923385622413, 18.72049306793531], [-70.459235555593, 18.720490918808142], [-70.45923766935249, 18.720487949678237], [-70.45923913671476, 18.720485650600132], [-70.45924093109822, 18.72048249641196], [-70.45924215199355, 18.720480070039557], [-70.45924360931798, 18.720476761876608], [-70.45924457171486, 18.72047423212104], [-70.45924567761882, 18.72047080258418], [-70.45924637203319, 18.720468194375314], [-70.45924711561841, 18.720464677261507], [-70.45924753520707, 18.720462016302406], [-70.4592479091458, 18.720458446271632], [-70.45924804977388, 18.72045575878518], [-70.4592480503811, 18.720452171018923], [-70.45924791066277, 18.72044948348936], [-70.45924753793257, 18.72044591334385], [-70.45924711924475, 18.72044325225594], [-70.45924637685029, 18.720439734913782], [-70.45924568331904, 18.72043712649163], [-70.4592445785764, 18.720433696615043], [-70.45924361703626, 18.720431166563777], [-70.45924216083236, 18.72042785795305], [-70.45924094075902, 18.720425431205477], [-70.45923914744428, 18.72042227646585], [-70.45923768086116, 18.72041997693675], [-70.45923556810813, 18.720417007157124], [-70.45923386946794, 18.720414857507574], [-70.45923145809711, 18.720412101954118], [-70.4592295441394, 18.720410123368197], [-70.45922685791403, 18.720407609195966], [-70.45922474750022, 18.72040582117196], [-70.45922181289217, 18.720403573157256], [-70.45922069044327, 18.720402756190566], [-70.45919706042125, 18.720386426130197], [-70.45919728915648, 18.72038581509403], [-70.45920874502357, 18.72036058124731], [-70.45922195863467, 18.720335969105278], [-70.45923680273485, 18.720312215696005], [-70.45925313436686, 18.72028954977747], [-70.45927079624788, 18.720268189634503], [-70.45928961828425, 18.720248340976628], [-70.45930941920952, 18.720230194956958], [-70.45933000833028, 18.72021392633127], [-70.45935118736249, 18.720199691775086], [-70.45937275234108, 18.72018762837475], [-70.45939449558428, 18.720177852307263], [-70.45941620769361, 18.72017045772143], [-70.4594376795705, 18.720165515831138], [-70.45945870443002, 18.720163074229546], [-70.45947907979222, 18.720163156430722], [-70.45949860943213, 18.72016576164323], [-70.45951710526953, 18.720170864777664], [-70.4595343891801, 18.72017841668834], [-70.45955029471101, 18.72018834464654], [-70.45956466868368, 18.720200553040936], [-70.45957737266922, 18.720214924298357], [-70.4595882843214, 18.72023132001608], [-70.45959729855494, 18.720249582294706], [-70.45960432855756, 18.720269535258797], [-70.45960930662606, 18.720290986750655], [-70.4596121848183, 18.720313730180884], [-70.45961293541498, 18.720337546517968], [-70.45961281523388, 18.720339687531514], [-70.45958196570228, 18.720370430820342], [-70.45958135082515, 18.72037104357975], [-70.45958133972546, 18.720371891284806], [-70.4595811769317, 18.720384324172095], [-70.45957997593767, 18.72047604660772], [-70.45957378112863, 18.720489691989297], [-70.45956056756008, 18.720514304153106], [-70.45954572349153, 18.72053805758567], [-70.45952939187906, 18.720560723528116], [-70.45951173000475, 18.720582083694683], [-70.45949290796197, 18.720601932374947], [-70.45947310701742, 18.72062007841496], [-70.45945251786526, 18.72063634705811], [-70.45943133879075, 18.720650581628252], [-70.45940977376056, 18.72066264503848], [-70.45938803045846, 18.720672421111416], [-70.45936631828519, 18.72067981569806], [-70.45934484634176, 18.720684757584475], [-70.45932382141571, 18.720687199177668], [-70.45930344598948, 18.720687116963873], [-70.45928391629052, 18.720684511735033], [-70.4592716247113, 18.720681120396836], [-70.45927076643038, 18.720657771582953], [-70.45927045375726, 18.720654237383755], [-70.45926452217996, 18.720612053497945], [-70.45926384744773, 18.720608565518212], [-70.45925408430043, 18.720569077472117], [-70.4592530415734, 18.720565634719147], [-70.4592516461766, 18.720562307270246], [-70.45924991182659, 18.72055912783375], [-70.4592478555718, 18.720556127663023], [-70.45924549762492, 18.720553336249303], [-70.45924286116419, 18.720550781031772], [-70.45923997210568, 18.72054848712782], [-70.45923685884834, 18.720546477086177], [-70.4592335519951, 18.72054477066525], [-70.45923008405177, 18.720543384638898], [-70.45922648910773, 18.720542332631556], [-70.45922280250072, 18.720541624984282], [-70.45921906046954, 18.720541268653147], [-70.45921529979776, 18.720541267140838], [-70.45921155745222, 18.720541620462225], [-70.45920787021961, 18.720542325144205], [-70.45920427434486, 18.72054337425987], [-70.45920080517485, 18.720544757496572], [-70.45919749681103, 18.720546461257307], [-70.4591943817741, 18.72054846879437], [-70.4591914906844, 18.720550760373968], [-70.45918998731926, 18.72055221495456], [-70.45917234151625, 18.720552352105972], [-70.45917034090316, 18.720536543001334]]]}}, {"type": "Feature", "properties": {"kind": "green", "label": "Reserva verde", "area_m2": 795}, "geometry": {"type": "Polygon", "coordinates": [[[-70.46061054462204, 18.717125371486055], [-70.46061110737358, 18.717123415308468], [-70.46063251795381, 18.71703205226811], [-70.46064403246571, 18.71698905682794], [-70.4606564734601, 18.71694260186002], [-70.46068291142946, 18.716854411788002], [-70.46071186474504, 18.716766978534785], [-70.46071193168478, 18.716766774284885], [-70.46072361346046, 18.716730755866465], [-70.46107448855983, 18.71691555209385], [-70.46134062724181, 18.717055719258397], [-70.46134070940337, 18.71705575771975], [-70.46134077235412, 18.71705578030252], [-70.46132867023047, 18.71708865181943], [-70.4610634269309, 18.716948956236685], [-70.46083086458844, 18.716826472204975], [-70.4608307824271, 18.716826433743385], [-70.4608306967564, 18.716826403009808], [-70.46083060837476, 18.71682638029066], [-70.46083051810584, 18.71682636579767], [-70.4608304267909, 18.716826359665905], [-70.46083033528095, 18.71682636195251], [-70.46083024442882, 18.716826372636184], [-70.46083015508117, 18.716826391617357], [-70.4608300680707, 18.71682641871912], [-70.46082998420832, 18.716826453688917], [-70.46082990427553, 18.716826496200834], [-70.46082982901729, 18.716826545858698], [-70.46082975913498, 18.716826602199724], [-70.46082969527984, 18.71682666469883], [-70.46082963804697, 18.71682673277356], [-70.46082958796977, 18.716826805789506], [-70.46082954551491, 18.716826883066187], [-70.46082951107806, 18.716826963883435], [-70.4607658401428, 18.716999903911287], [-70.46075949751548, 18.717017131441697], [-70.46073400463096, 18.717086373919262], [-70.46073399946842, 18.717086388329058], [-70.46070778158601, 18.717161636115314], [-70.46061054462204, 18.717125371486055]]]}}, {"type": "Feature", "properties": {"kind": "green", "label": "Reserva verde", "area_m2": 190}, "geometry": {"type": "Polygon", "coordinates": [[[-70.45987729329438, 18.71928357886015], [-70.45987667253117, 18.71928482190691], [-70.45987279473516, 18.719293727333785], [-70.45987206672073, 18.719295673170215], [-70.45987206406089, 18.71929567226674], [-70.45987135393189, 18.719297570127434], [-70.45987011068028, 18.719300059124993], [-70.45986860855288, 18.719302414940554], [-70.45986686308426, 18.71930461321088], [-70.45986489232557, 18.71930663120206], [-70.4598627166579, 18.719308448044565], [-70.4598603585814, 18.719310044949083], [-70.45985784248266, 18.719311405400834], [-70.45985519438253, 18.71931251533041], [-70.45985244166695, 18.719313363259197], [-70.4598496128038, 18.719313940418143], [-70.45984673704838, 18.71931424083841], [-70.45984659553962, 18.719314248712617], [-70.45984517862482, 18.719314395756545], [-70.45983532153483, 18.719315898367707], [-70.45983392719653, 18.719316179870162], [-70.45982427757747, 18.719318615461493], [-70.45982291983364, 18.719319028592402], [-70.45981357469748, 18.71932237267781], [-70.45981226719806, 18.719322913283793], [-70.45980332049565, 18.71932713224371], [-70.45980207638554, 18.71932779488982], [-70.45979361806205, 18.719332846309204], [-70.45979244984892, 18.71933362433351], [-70.45978456493974, 18.71933945742818], [-70.45978348436807, 18.71934034300891], [-70.45977625214387, 18.719346899136127], [-70.45977527007715, 18.719347883370173], [-70.45976876324677, 18.71935509661825], [-70.45976788955822, 18.719356169610606], [-70.45976217353788, 18.719363967461543], [-70.4597614170111, 18.719365118424953], [-70.45975654926667, 18.7193734224834], [-70.45975591750737, 18.719374639846716], [-70.45975194697667, 18.719383366628218], [-70.45975144633623, 18.719384638152725], [-70.45974841293697, 18.71939369992296], [-70.45974804844859, 18.719395012825434], [-70.45974598267713, 18.719404318482294], [-70.45974575800518, 18.719405659563524], [-70.45974468062983, 18.719415115552952], [-70.45974459803311, 18.71941647133044], [-70.45974451988539, 18.719425982586994], [-70.4597445801943, 18.71942733943048], [-70.45974550206007, 18.71943681033311], [-70.45974570466832, 18.7194381546016], [-70.45974761727983, 18.719447489934907], [-70.45974796015052, 18.719448808113874], [-70.45975084427958, 18.71945791402538], [-70.45975132396572, 18.719459192862526], [-70.45975515061699, 18.71946797780624], [-70.45975576229607, 18.719469204444835], [-70.45976049299857, 18.71947758010157], [-70.45976123052112, 18.719478742209628], [-70.45976681771502, 18.719486624374976], [-70.45976767366639, 18.719487710269267], [-70.45976769278701, 18.71948773214958], [-70.45976936929661, 18.719489853980452], [-70.45977081982383, 18.719492121958286], [-70.45977203044265, 18.71949451430895], [-70.45977224998738, 18.71949508515445], [-70.45966383222157, 18.71944800382176], [-70.45967371340642, 18.71942734581479], [-70.4597188368585, 18.719351361504884], [-70.45977057085507, 18.71927875824407], [-70.4598034464743, 18.719239986974202], [-70.45980350503814, 18.719240029429738], [-70.45980358323206, 18.719240075461936], [-70.45987932808521, 18.71927996806473], [-70.45987933659117, 18.719279972035363], [-70.45987729329438, 18.71928357886015]]]}}, {"type": "Feature", "properties": {"kind": "green", "label": "Reserva verde", "area_m2": 452}, "geometry": {"type": "Polygon", "coordinates": [[[-70.45977224998738, 18.71949508515445], [-70.45977298953028, 18.71949700806425], [-70.4597736878788, 18.71949957928241], [-70.45977411878357, 18.719502203278005], [-70.45977427810763, 18.719504854858865], [-70.45977482525309, 18.71956859889484], [-70.45977484677775, 18.719569241520524], [-70.45977539069216, 18.71957854810837], [-70.4597755294628, 18.719579826288193], [-70.4597769458577, 18.719588723867997], [-70.4597772111207, 18.71958998376664], [-70.45977950601899, 18.719598713422794], [-70.45977989538707, 18.719599943701592], [-70.45978304813558, 18.71960842686994], [-70.45978355810453, 18.719609616456697], [-70.4597875403296, 18.719617776791328], [-70.45978816630993, 18.7196189149802], [-70.45979294217287, 18.71962667904058], [-70.45979367853097, 18.719627755588192], [-70.4597992050506, 18.71963505350017], [-70.45980004515948, 18.71963605871794], [-70.45980627259893, 18.719642824802538], [-70.45980720889781, 18.719643749643755], [-70.4598140812121, 18.719649923008305], [-70.45981510527466, 18.719650759149694], [-70.45982256061508, 18.719656284235764], [-70.45982366322505, 18.719657024152333], [-70.45983163449581, 18.719661851235774], [-70.45983280573009, 18.719662488268522], [-70.45984122119222, 18.719666573907073], [-70.45984245050997, 18.71966710232285], [-70.45985123442688, 18.719670409747], [-70.45985148924446, 18.719670492609325], [-70.45985399913697, 18.719671437663596], [-70.45985640374838, 18.71967260508256], [-70.45985868143794, 18.719673984359815], [-70.45986081170719, 18.719675563082316], [-70.45986277538437, 18.71967732704205], [-70.45986455479701, 18.719679260363954], [-70.45986613393096, 18.719681345648734], [-70.4598674985745, 18.719683564129507], [-70.45986863644625, 18.71968589584062], [-70.45986953730575, 18.719688319797438], [-70.45987019304552, 18.71969081418511], [-70.45987059776411, 18.71969335655495], [-70.45987062990845, 18.719693906550944], [-70.4596033157075, 18.71969467224242], [-70.45960306359473, 18.719683049308195], [-70.4596147912442, 18.719590917628445], [-70.45963646457412, 18.719505219712012], [-70.45966383222157, 18.71944800382176], [-70.45977224998738, 18.71949508515445]]]}}, {"type": "Feature", "properties": {"kind": "green", "label": "Reserva verde", "area_m2": 752}, "geometry": {"type": "Polygon", "coordinates": [[[-70.45987062990845, 18.719693906550944], [-70.45987074781915, 18.719695924026404], [-70.45987193709296, 18.719834466867646], [-70.4598718229189, 18.719837124692145], [-70.45987143588404, 18.71983975905541], [-70.45987077971574, 18.719842344587086], [-70.45986986073322, 18.719844856387095], [-70.4598686877868, 18.719847270265426], [-70.45986727217256, 18.719849562975096], [-70.45986562752364, 18.719851712436064], [-70.4598637696789, 18.719853697947833], [-70.45986171653041, 18.719855500388846], [-70.45985948785112, 18.719857102400592], [-70.4598571051044, 18.719858488554816], [-70.45985459123744, 18.7198596455021], [-70.4598526279994, 18.719860332130708], [-70.45985262803455, 18.719860332221987], [-70.4598506628464, 18.719861019532594], [-70.45984166715645, 18.719864652300394], [-70.4598404109803, 18.719865230425352], [-70.45983183230965, 18.719869685835686], [-70.45983064165408, 18.719870378494953], [-70.45982256261989, 18.71987561363987], [-70.45982144895144, 18.71987641416283], [-70.45981394735925, 18.719882378625098], [-70.45981292140321, 18.719883279302245], [-70.45980606949738, 18.719889915640934], [-70.45980514113428, 18.71989090779827], [-70.45979900490242, 18.719898152101873], [-70.45979818307286, 18.719899226184427], [-70.45979282161034, 18.71990700868641], [-70.459792114229, 18.719908154350172], [-70.45978757916969, 18.71991640010089], [-70.45978699304908, 18.719917606312503], [-70.45978332806818, 18.719926235900893], [-70.45978286885298, 18.719927491043887], [-70.4597814680018, 18.719932024315984], [-70.45978054901754, 18.71993453611566], [-70.45977937606928, 18.71993694999354], [-70.45977796045312, 18.719939242702644], [-70.45977631580223, 18.719941392162944], [-70.45977445795549, 18.719943377673957], [-70.45977240480497, 18.719945180114102], [-70.45977017612363, 18.719946782124907], [-70.45976779337491, 18.71994816827812], [-70.45976527950596, 18.719949325224327], [-70.45976265872673, 18.719950241821483], [-70.45975792455395, 18.71995165055555], [-70.459756614954, 18.719952108577893], [-70.45974761925703, 18.719955741341607], [-70.45974636307986, 18.719956319465993], [-70.459737784402, 18.719960774872458], [-70.45973659374538, 18.719961467531192], [-70.45972851470388, 18.719966702672497], [-70.4597274010344, 18.71996750319496], [-70.45971989943483, 18.719973467653897], [-70.45971887347774, 18.71997436833059], [-70.45971202156457, 18.719981004666284], [-70.45971109320041, 18.719981996823215], [-70.45970495696133, 18.719989241124168], [-70.45970413513075, 18.71999031520637], [-70.45969877366116, 18.71999809770608], [-70.45969806627883, 18.71999924336954], [-70.45969353121268, 18.720007489118377], [-70.45969294509113, 18.720008695329753], [-70.4596892801037, 18.72001732491668], [-70.45968882088759, 18.7200185800595], [-70.45968735135494, 18.720023335579434], [-70.45968788712094, 18.72002160179974], [-70.45968597412612, 18.720016272246934], [-70.4596817281595, 18.720007397352592], [-70.45967658967699, 18.719998961736923], [-70.45967060816504, 18.719991046639446], [-70.45966384122895, 18.7199837282868], [-70.459656354038, 18.719977077158624], [-70.45964821869794, 18.71997115730885], [-70.45963951355644, 18.719966025748793], [-70.4596303224487, 18.719961731898113], [-70.45962073389, 18.71995831710888], [-70.45961867916132, 18.719957797315764], [-70.45961226522448, 18.719889880906234], [-70.45960525667714, 18.719784154920085], [-70.4596033157075, 18.71969467224242], [-70.45987062990845, 18.719693906550944]]]}}, {"type": "Feature", "properties": {"kind": "green", "label": "Reserva verde (sin frente)", "area_m2": 1735}, "geometry": {"type": "Polygon", "coordinates": [[[-70.46010796303281, 18.716613642266257], [-70.46010804509682, 18.71661356497018], [-70.46010818356234, 18.716613435077555], [-70.4601082666108, 18.71661335748884], [-70.46025014483533, 18.716481347386], [-70.46025021156206, 18.716481406628557], [-70.46025028544155, 18.71648146037023], [-70.46025036448796, 18.716481506961795], [-70.46034011529692, 18.716528776717603], [-70.46032975961987, 18.716574269604575], [-70.46030642221181, 18.71664622530717], [-70.46028981865267, 18.71669636439337], [-70.46027765688842, 18.716733090221226], [-70.46027460540363, 18.716742765076322], [-70.46024787656076, 18.716831924696244], [-70.46024501018819, 18.716842026915288], [-70.46022077991293, 18.716932502484106], [-70.46021806628441, 18.716943312931654], [-70.46021286732572, 18.716965497656066], [-70.46020141293135, 18.71698136586232], [-70.46019765747363, 18.71698656249121], [-70.4601474328574, 18.71705606095909], [-70.46014676983123, 18.717056981404063], [-70.46012201436452, 18.71709145992032], [-70.45984647356914, 18.716911841919924], [-70.4598146119206, 18.716891072073057], [-70.46008546083985, 18.716634923224028], [-70.46010796303281, 18.716613642266257]]]}}, {"type": "Feature", "properties": {"kind": "green", "label": "Reserva verde", "area_m2": 593}, "geometry": {"type": "Polygon", "coordinates": [[[-70.45967470638797, 18.719284611719157], [-70.45967470638797, 18.719284611719168], [-70.4596552055292, 18.719311979113698], [-70.45965357455657, 18.719314481749397], [-70.45961799695847, 18.719374391565317], [-70.45932949998596, 18.719155971632595], [-70.45934904093498, 18.71913253888318], [-70.45939405003226, 18.719083542796405], [-70.4594395375744, 18.71904284173935], [-70.45946246077109, 18.719025776226584], [-70.45924285140833, 18.71875795942645], [-70.45924285140835, 18.718757959426448], [-70.45967470638797, 18.719284611719157]]]}}, {"type": "Feature", "properties": {"kind": "green", "label": "Reserva verde", "area_m2": 770}, "geometry": {"type": "Polygon", "coordinates": [[[-70.45961799695847, 18.719374391565317], [-70.45961799695847, 18.71937439156532], [-70.45960687337677, 18.719393122773553], [-70.45960537059953, 18.719395932741584], [-70.45959584132461, 18.71941585501423], [-70.45959249584635, 18.719422849200054], [-70.45920905039259, 18.719418089398843], [-70.4592092121269, 18.719406261455184], [-70.45921374703383, 18.719350340476204], [-70.45922356116239, 18.719312536882835], [-70.45923518667792, 18.719283727290033], [-70.45923585126384, 18.71928208035631], [-70.45925948055037, 18.71924563864796], [-70.4593013996148, 18.719189668495446], [-70.45932949998596, 18.719155971632606], [-70.45932949998596, 18.719155971632595], [-70.45961799695847, 18.719374391565317]]]}}, {"type": "Feature", "properties": {"kind": "green", "label": "Reserva verde", "area_m2": 624}, "geometry": {"type": "Polygon", "coordinates": [[[-70.45853738477659, 18.71809431631064], [-70.45865073654195, 18.71798724359745], [-70.4586507894935, 18.717987193709856], [-70.45874730748956, 18.717896498207026], [-70.45874741401632, 18.71789639810648], [-70.4588194980493, 18.717984405033302], [-70.45881938089207, 18.717984492155203], [-70.4587808462433, 18.718013147753133], [-70.45877990612294, 18.71801387009511], [-70.45870179111355, 18.718075870898613], [-70.45862320381615, 18.718137623140894], [-70.45862199142108, 18.718138617475073], [-70.45859827410396, 18.718158914112095], [-70.45854731444437, 18.718202523981738], [-70.45854683364679, 18.71820294259613], [-70.45847374400095, 18.71826768512801], [-70.45847210578455, 18.718269227196476], [-70.45840449498115, 18.71833685535275], [-70.4584015991638, 18.7183401181527], [-70.45839091764091, 18.71835370769632], [-70.45831745625374, 18.71830093523487], [-70.45841108918864, 18.718213614325343], [-70.4584112406601, 18.71821347252119], [-70.45853738477659, 18.71809431631064]]]}}, {"type": "Feature", "properties": {"kind": "green", "label": "Reserva verde", "area_m2": 223}, "geometry": {"type": "Polygon", "coordinates": [[[-70.45809038327316, 18.719122230199645], [-70.4580899064019, 18.71912766786911], [-70.45808985010902, 18.719128399071757], [-70.45808324825389, 18.719227987150948], [-70.4580819051802, 18.719245649200744], [-70.45797670955427, 18.719238391759504], [-70.45788851450261, 18.71910750080089], [-70.45809038327316, 18.719122230199645]]]}}, {"type": "Feature", "properties": {"kind": "green", "label": "Reserva verde", "area_m2": 53}, "geometry": {"type": "Polygon", "coordinates": [[[-70.4580819051802, 18.719245649200744], [-70.45807913877803, 18.719282028682404], [-70.45807377996135, 18.719283774929455], [-70.45806446564667, 18.719287820507084], [-70.4580556123499, 18.719292716499854], [-70.45804730533305, 18.71929841575676], [-70.45803962459719, 18.719304863390917], [-70.45803769304247, 18.71930683740156], [-70.4580221097483, 18.71930577043711], [-70.45797670955427, 18.719238391759504], [-70.4580819051802, 18.719245649200744]]]}}, {"type": "Feature", "properties": {"kind": "green", "label": "Reserva (pieza sin subdividir)", "area_m2": 4980}, "geometry": {"type": "Polygon", "coordinates": [[[-70.45813483153464, 18.7194730611614], [-70.45814120665, 18.719471630212464], [-70.45815089228968, 18.719468474006966], [-70.45816020661157, 18.71946442842458], [-70.45816905991353, 18.71945953242654], [-70.45817736693336, 18.719453833164067], [-70.45818504766987, 18.719447385524262], [-70.45819202815338, 18.71944025160149], [-70.458198241158, 18.719432500099412], [-70.4582036268492, 18.719424205669302], [-70.4582081333599, 18.71941544819112], [-70.45821171729004, 18.71940631200424], [-70.45821434412457, 18.71939688509516], [-70.4582159885658, 18.719387258250215], [-70.458216634777, 18.71937752418119], [-70.45821637456935, 18.71937044408829], [-70.45877719575145, 18.7193836900636], [-70.4587769657618, 18.719386526028803], [-70.45877685624598, 18.71938883950398], [-70.45877545442012, 18.719491338724072], [-70.45877547920792, 18.719493198272996], [-70.45877973573762, 18.71959867761616], [-70.45877976339304, 18.719599246254685], [-70.45878582136055, 18.719705674365855], [-70.45878598982162, 18.719707640166806], [-70.45879858075374, 18.719817509025315], [-70.45879896600488, 18.71982003825597], [-70.45882081691545, 18.719934784103163], [-70.45882092675404, 18.719935336411755], [-70.45884472450025, 18.720050112978548], [-70.45885993572813, 18.72015920242906], [-70.45886086560883, 18.720172816128304], [-70.45885714734166, 18.720174431131706], [-70.45884829402627, 18.7201793271631], [-70.45883998699753, 18.720185026455788], [-70.45883230625665, 18.720191474122547], [-70.45882532577333, 18.720198608068912], [-70.45881911277348, 18.720206359591135], [-70.45881372709172, 18.720214654037928], [-70.45880922059524, 18.720223411529272], [-70.45880563668412, 18.72023254772581], [-70.45880300987356, 18.72024197464101], [-70.45880136546135, 18.720251601488567], [-70.45880071928421, 18.72026133555668], [-70.45880107756537, 18.720271083100954], [-70.45880243685455, 18.720280750247188], [-70.45880478406123, 18.72029024389545], [-70.45880809658065, 18.72029947261668], [-70.45881234251159, 18.72030834753317], [-70.4588174809635, 18.720316783174578], [-70.45882346245037, 18.720324698300963], [-70.45883022936725, 18.720332016685273], [-70.45883771654503, 18.72033866784737], [-70.45884585187808, 18.720344587732864], [-70.45885455701864, 18.720349719329924], [-70.45886374813135, 18.720354013218422], [-70.45887333670066, 18.720357428045798], [-70.45888323038326, 18.72035993092534], [-70.45889333389745, 18.720361497752947], [-70.45890354994067, 18.720362113439176], [-70.45891378012668, 18.720361772054645], [-70.45892392593301, 18.720360476887084], [-70.45893388964986, 18.720358240409706], [-70.45894357532103, 18.720355084161046], [-70.45895288966807, 18.720351038537576], [-70.45896138950562, 18.720346337983056], [-70.45910023391657, 18.720442289750547], [-70.45884599717813, 18.72052505802715], [-70.45884863114851, 18.720532403314866], [-70.45825991732502, 18.719658700840817], [-70.45813483153464, 18.7194730611614]]]}}, {"type": "Feature", "properties": {"kind": "green", "label": "Reserva verde", "area_m2": 53}, "geometry": {"type": "Polygon", "coordinates": [[[-70.45821637456935, 18.71937044408829], [-70.458216276535, 18.71936777663248], [-70.45821550448436, 18.719362285692625], [-70.45877785444829, 18.719375567778886], [-70.45877719575145, 18.7193836900636], [-70.45821637456935, 18.71937044408829]]]}}, {"type": "Feature", "properties": {"kind": "green", "label": "Reserva verde", "area_m2": 93}, "geometry": {"type": "Polygon", "coordinates": [[[-70.45821550448436, 18.719362285692625], [-70.45821491729002, 18.719358109478307], [-70.45821257013252, 18.719348615818614], [-70.45821189047962, 18.719346722263204], [-70.45877888590337, 18.71936284907109], [-70.45877785444829, 18.719375567778886], [-70.45821550448436, 18.719362285692625]]]}}, {"type": "Feature", "properties": {"kind": "green", "label": "Reserva verde", "area_m2": 112}, "geometry": {"type": "Polygon", "coordinates": [[[-70.45821189047962, 18.719346722263204], [-70.45820925766702, 18.719339387082485], [-70.45820501179455, 18.719330512147636], [-70.45819987340525, 18.71932207648446], [-70.4581965781822, 18.719317715950236], [-70.45877931051128, 18.71935761329884], [-70.45877888590337, 18.71936284907109], [-70.45821189047962, 18.719346722263204]]]}}, {"type": "Feature", "properties": {"kind": "green", "label": "Reserva verde", "area_m2": 459}, "geometry": {"type": "Polygon", "coordinates": [[[-70.4581965781822, 18.719317715950236], [-70.4581938919847, 18.719314161332953], [-70.4581871251373, 18.719306842920247], [-70.4581796380315, 18.719300191726596], [-70.45817150277217, 18.719294271806536], [-70.4581627977063, 18.71928914017207], [-70.45815493718689, 18.719285467843886], [-70.45815756815735, 18.71925086914883], [-70.4587844599092, 18.719294116879006], [-70.45877931051128, 18.71935761329884], [-70.4581965781822, 18.719317715950236]]]}}, {"type": "Feature", "properties": {"kind": "green", "label": "Reserva verde", "area_m2": 787}, "geometry": {"type": "Polygon", "coordinates": [[[-70.45868137802945, 18.718677668704508], [-70.45870266220493, 18.718643360999643], [-70.45873319702524, 18.718604513051783], [-70.4587360966871, 18.718601612640533], [-70.45877647231201, 18.71856122656659], [-70.4588371579954, 18.718507471321253], [-70.4591000989649, 18.718781169231065], [-70.45908386371363, 18.718795696074686], [-70.45908128758461, 18.718798238105624], [-70.45905305281885, 18.718828973900084], [-70.45901791697914, 18.71886722204349], [-70.45868137802945, 18.718677668704508]]]}}, {"type": "Feature", "properties": {"kind": "road", "class": "spine", "length_m": 520, "row_m": 8.0, "carriageway_m": 6.0, "grade_max_pct": 11.6, "grade_mean_pct": 1.4}, "geometry": {"type": "LineString", "coordinates": [[-70.46079532949076, 18.716199691470752], [-70.46075607029623, 18.716282251538107], [-70.46074821602693, 18.716381351813414], [-70.46073934120402, 18.716479914590728], [-70.46072527459687, 18.716575742990187], [-70.46070429044391, 18.716667928101472], [-70.46067569274165, 18.71675610336148], [-70.46064658299375, 18.71684400895117], [-70.46061985433799, 18.71693316861102], [-70.4605956242565, 18.71702364421476], [-70.46057408901353, 18.717115539128372], [-70.46052009523102, 18.717190338996758], [-70.46046605663793, 18.717265115276014], [-70.4604122717075, 18.71734002516419], [-70.46035902965609, 18.717415220984112], [-70.46030651380416, 18.717490799286036], [-70.46025526754681, 18.71756704626233], [-70.4602063903608, 18.717644540979318], [-70.4601599414213, 18.71772331460344], [-70.46011357525315, 18.717802131833555], [-70.46006654006203, 18.71788059671893], [-70.46001787068788, 18.717958200934447], [-70.45996705501484, 18.71803467476147], [-70.45991433044283, 18.718110143232035], [-70.45985981517735, 18.718184668601488], [-70.45979835125642, 18.718255534300745], [-70.45973312535678, 18.71832441866938], [-70.45966357599522, 18.718391025985763], [-70.45958804918885, 18.718454485134508], [-70.45951126696495, 18.71851728308811], [-70.45942956057428, 18.718577487602634], [-70.45934763199304, 18.718637575093556], [-70.4592636735101, 18.718696593480967], [-70.4591824571954, 18.718757056103392], [-70.45910982893155, 18.718822041858743], [-70.45904591500019, 18.71889161726363], [-70.45898609618452, 18.7189633494839], [-70.45893064790799, 18.719037383580897], [-70.45888074818563, 18.719114339990778], [-70.45884639064495, 18.71919948213847], [-70.45882281289907, 18.719290301777225], [-70.45881478357121, 18.719389310428166], [-70.45881338176827, 18.719491809646975], [-70.45881763832134, 18.719597288987686], [-70.45882369631231, 18.71970371709604], [-70.45883628726811, 18.719813585950416], [-70.4588581382024, 18.719928331791674], [-70.45888216747379, 18.72004422488339], [-70.45889770369273, 18.72015564487777], [-70.45890501847873, 18.720262734842862]]}}, {"type": "Feature", "properties": {"kind": "road", "class": "parallel1", "length_m": 306, "row_m": 8.0, "carriageway_m": 6.0, "grade_max_pct": 10.4, "grade_mean_pct": 3.1}, "geometry": {"type": "LineString", "coordinates": [[-70.46102923386259, 18.717839624365553], [-70.46101574731576, 18.717864331943723], [-70.46097495670602, 18.7179460856273], [-70.46093739671608, 18.718029540786546], [-70.4609022096905, 18.718114245721683], [-70.4608661377915, 18.718198484634776], [-70.4608275952608, 18.718281422358626], [-70.46078492892806, 18.718362188222372], [-70.46073714036238, 18.718440256384824], [-70.46068422174373, 18.71851562272671], [-70.46062630701557, 18.71858835779034], [-70.46055851361355, 18.718655890083227], [-70.460484541021, 18.71872016799941], [-70.46040453637166, 18.718781269024447], [-70.46031769271417, 18.71883876815601], [-70.46022964893189, 18.718895635213688], [-70.46013764861547, 18.71895041847827], [-70.460047227723, 18.719006033569418], [-70.4599572665415, 18.71906189076909], [-70.45987302347197, 18.71912075952584], [-70.45980058964014, 18.719185847867656], [-70.45974007558968, 18.719257214024175], [-70.45968658666376, 18.71933228012436], [-70.45963988549559, 18.719410921155895], [-70.45960044148667, 18.71949338433997], [-70.45957740126998, 18.719584486946854], [-70.45956508560427, 18.71968123787537], [-70.45956735077779, 18.719785668111285], [-70.45957444189345, 18.719892640022543], [-70.45958470176701, 18.720001280813754], [-70.45958905256369, 18.720053010404825]]}}, {"type": "Feature", "properties": {"kind": "road", "class": "parallel-1", "length_m": 306, "row_m": 8.0, "carriageway_m": 6.0, "grade_max_pct": 8.5, "grade_mean_pct": 1.2}, "geometry": {"type": "LineString", "coordinates": [[-70.4596118556796, 18.717131197988113], [-70.45957274817616, 18.717207578882437], [-70.45952961306804, 18.717288097800342], [-70.45948456843944, 18.717367611024105], [-70.45943515503134, 18.71744482331037], [-70.45938086789782, 18.71751946871318], [-70.45932132936898, 18.717591348319615], [-70.45925690786372, 18.717660656166473], [-70.4591889430246, 18.71772809781516], [-70.45911878771368, 18.71779438579035], [-70.45904255103775, 18.717857470828886], [-70.4589646164462, 18.717919661608622], [-70.45888545202804, 18.717981204662088], [-70.45880418275145, 18.718041639124113], [-70.45872599583332, 18.718103697010726], [-70.45864733633239, 18.71816550599726], [-70.4585726593549, 18.718229412514013], [-70.45849956970902, 18.718294155055904], [-70.45843195890811, 18.718361783221845], [-70.45837457056442, 18.718434795400597], [-70.45832629630233, 18.718512607832384], [-70.4582812498786, 18.71859212032776], [-70.45823850992758, 18.7186728476183], [-70.45819822488751, 18.71875486788406], [-70.45816960939963, 18.718843034329318], [-70.45814743588144, 18.718934593666756], [-70.45813635914155, 18.719031997503986], [-70.45812770516606, 18.719130677374366], [-70.45812109227592, 18.719230432251837], [-70.45811354410336, 18.719329694533403], [-70.45811233610299, 18.719376124474046]]}}, {"type": "Feature", "properties": {"kind": "road", "class": "cross", "length_m": 183, "row_m": 8.0, "carriageway_m": 6.0, "grade_max_pct": 0.0, "grade_mean_pct": 0.0}, "geometry": {"type": "LineString", "coordinates": [[-70.4588448173971, 18.718011421897057], [-70.46036111455047, 18.71881001859481]]}}, {"type": "Feature", "properties": {"kind": "road", "class": "club-access", "length_m": 72, "row_m": 8.0, "carriageway_m": 6.0, "grade_max_pct": 11.6, "grade_mean_pct": 6.1}, "geometry": {"type": "LineString", "coordinates": [[-70.45890501847873, 18.720262734842862], [-70.45918171797254, 18.720453954697795], [-70.45885826108832, 18.7205592580823]]}}, {"type": "Feature", "properties": {"kind": "gate", "label": "Port\u00f3n y caseta de seguridad"}, "geometry": {"type": "Point", "coordinates": [-70.46069148288177, 18.71670741765253]}}, {"type": "Feature", "properties": {"kind": "entrance", "label": "Entrada desde Carretera Los Quemados"}, "geometry": {"type": "Point", "coordinates": [-70.46079532949076, 18.716199691470752]}}, {"type": "Feature", "properties": {"kind": "forest", "label": "Bosque comunal: senderos, mirador (Parcela 2)", "area_m2": 74428}, "geometry": {"type": "Polygon", "coordinates": [[[-70.45867926217157, 18.721296687544775], [-70.45913038157235, 18.722316641979504], [-70.45968695175848, 18.723400633299487], [-70.45928191047747, 18.72407182856515], [-70.45895643540298, 18.72416252257393], [-70.4572387686659, 18.72389260799294], [-70.45702015680028, 18.72397811124563], [-70.45638944367514, 18.724253681008868], [-70.45622873249324, 18.724007683145494], [-70.45586066088684, 18.723693395868], [-70.45854229731047, 18.721053568430264], [-70.45867999067939, 18.721297041104627], [-70.45867926217157, 18.721296687544775]]]}}, {"type": "Feature", "properties": {"kind": "green", "label": "Reserva de ladera (pendiente > 15 %): futuros lotes con calle en curva de nivel, o bosque", "area_m2": 11517}, "geometry": {"type": "Polygon", "coordinates": [[[-70.46089198780074, 18.718687106147872], [-70.46089160235226, 18.718690702426287], [-70.46089084178375, 18.71869424402524], [-70.46088971370449, 18.71869769551188], [-70.46088822940061, 18.718701022354903], [-70.4608864037222, 18.71870419127004], [-70.46088425493471, 18.718707170553035], [-70.46088180453624, 18.718709930396866], [-70.46087907704246, 18.71871244318996], [-70.45998628137652, 18.719456340456187], [-70.45998559809567, 18.719456909777062], [-70.45998543349351, 18.719457760301754], [-70.45986506146743, 18.720079739232677], [-70.45986422236786, 18.720083142562952], [-70.45986304209063, 18.72008645272363], [-70.45986153167948, 18.72008963874187], [-70.45985970526712, 18.7200926708064], [-70.45985757994313, 18.720095520546515], [-70.45985517559393, 18.72009816129747], [-70.45958196570228, 18.720370430820346], [-70.45958135082515, 18.72037104357975], [-70.45958133972547, 18.720371891284806], [-70.4595811769317, 18.720384324172098], [-70.45957900989728, 18.7205498252749], [-70.45957895918555, 18.720551296208363], [-70.45957154051278, 18.720684041185947], [-70.45955430121555, 18.720992509855986], [-70.45955391829672, 18.72099605571854], [-70.45955317064332, 18.720999548393205], [-70.45955206552827, 18.72100295390416], [-70.45955061370185, 18.721006239123522], [-70.459548829287, 18.72100937209355], [-70.45936726496602, 18.721293737579924], [-70.45934452536252, 18.721329352203004], [-70.4593424071213, 18.72133232595683], [-70.45933998937504, 18.721335084550603], [-70.45933729603253, 18.721337600704967], [-70.4593343537278, 18.721339849537998], [-70.45933119155693, 18.721341808811314], [-70.45932784079018, 18.721343459149907], [-70.45932433456285, 18.721344784233803], [-70.4593207075475, 18.721345770959424], [-70.45931699561125, 18.721346409569176], [-70.4593132354609, 18.721346693747925], [-70.4593094642801, 18.721346620685463], [-70.45930571936152, 18.7213461911043], [-70.4593020377382, 18.721345409252496], [-70.45886060766956, 18.721229438306832], [-70.4588597637983, 18.72122921660679], [-70.45885894991703, 18.721229523667034], [-70.45871134801916, 18.721285210676534], [-70.45870787032455, 18.721286340366078], [-70.45870429423235, 18.721287144154463], [-70.4587006532976, 18.721287614499598], [-70.45869698168373, 18.72128774698818], [-70.45869331384205, 18.721287540377045], [-70.45868968418851, 18.72128699660484], [-70.45868612678068, 18.721286120773872], [-70.45868267499827, 18.721284921102196], [-70.45867936122988, 18.72128340884651], [-70.4586762165691, 18.72128159819654], [-70.45867327052277, 18.721279506141897], [-70.45867055073407, 18.721277152312634], [-70.45866808272318, 18.7212745587951], [-70.45866588964783, 18.721271749924654], [-70.45866399208593, 18.721268752057355], [-70.4585801742036, 18.721120543335516], [-70.4585427420859, 18.7210543548941], [-70.45854229731047, 18.721053568430264], [-70.45854222244058, 18.72105364213448], [-70.45854118819564, 18.721054009534214], [-70.45853757862508, 18.721055099588927], [-70.45853387297696, 18.721055841308758], [-70.45853010817964, 18.721056227302174], [-70.45852632175098, 18.72105625372255], [-70.45852255142442, 18.72105592030661], [-70.45851883477287, 18.721055230376983], [-70.45851520883441, 18.72105419080912], [-70.45851170974312, 18.72105281196276], [-70.45850837236891, 18.721051107578713], [-70.45850522997021, 18.721049094641913], [-70.45850231386238, 18.72104679321214], [-70.45849965310569, 18.721044226224155], [-70.45849727421572, 18.721041419259095], [-70.45849520089914, 18.721038400289597], [-70.45849345381743, 18.721035199400998], [-70.45849205038098, 18.72103184849154], [-70.45849100457566, 18.721028380954493], [-70.45849032682334, 18.721024831345357], [-70.45849002387807, 18.721021235037522], [-70.4584900987588, 18.72101762786975], [-70.45849055071935, 18.721014045789012], [-70.45849137525563, 18.721010524492293], [-70.45849256415083, 18.721007099070828], [-70.45849410555704, 18.7210038036604], [-70.45849598411347, 18.721000671101198], [-70.4584981810995, 18.720997732610503], [-70.45850004933199, 18.7209956983348], [-70.45850004702402, 18.720995696404348], [-70.45850065208526, 18.7209950396696], [-70.45850128975175, 18.720994411565762], [-70.4585007832974, 18.720993683002092], [-70.4584787444092, 18.72096197878847], [-70.45847737881151, 18.720960014296782], [-70.45847547769854, 18.72095696414535], [-70.45847389958148, 18.720953751100215], [-70.45847265966484, 18.720950406117865], [-70.45847176989476, 18.720946961425938], [-70.45847123884377, 18.72094345021274], [-70.45847107162837, 18.720939906307493], [-70.45847126985959, 18.720936363854367], [-70.45847183162749, 18.720932856983556], [-70.45847275151968, 18.720929419482424], [-70.45847402067328, 18.72092608446999], [-70.45847562686048, 18.72092288407783], [-70.45847755460625, 18.720919849140493], [-70.4584797853375, 18.72091700889844], [-70.45848229756194, 18.720914390716313], [-70.4588556906093, 18.7205616861469], [-70.45885826108832, 18.7205592580823], [-70.45885825148551, 18.720559944691313], [-70.45885826745665, 18.720560380222633], [-70.45885849545388, 18.720562985965234], [-70.45885855539336, 18.72056341800386], [-70.4588590458329, 18.72056599069074], [-70.45885914918297, 18.720566415216318], [-70.458859897501, 18.72056893090721], [-70.45886004329996, 18.72056934396928], [-70.45886104253299, 18.72057177925427], [-70.45886122942406, 18.720572177009068], [-70.45886247027369, 18.720574509226477], [-70.45886269651776, 18.72057488797268], [-70.4588641674372, 18.720577095419934], [-70.45886443092894, 18.720577451633087], [-70.45886611823047, 18.720579513768655], [-70.45886641651798, 18.720579844134004], [-70.45886830450033, 18.720581741768566], [-70.45886863480781, 18.72058204321187], [-70.45887070590227, 18.720583758686885], [-70.45887106515609, 18.72058402840305], [-70.45887330008996, 18.720585545755057], [-70.45887368494704, 18.720585781234224], [-70.458876062923, 18.72058708634342], [-70.45887646980204, 18.720587285394327], [-70.45887896869174, 18.72058836611594], [-70.45887939380647, 18.720588526886303], [-70.45888199035633, 18.720589373163627], [-70.45888242975086, 18.72058949415738], [-70.45888509979852, 18.720590098115327], [-70.45888554938404, 18.720590178206567], [-70.45888826808323, 18.720590534224968], [-70.45888872367604, 18.720590572668396], [-70.45889146572776, 18.7205906774343], [-70.45889169445316, 18.72059068091104], [-70.45919233700482, 18.720588339142218], [-70.45919256959742, 18.720588331888422], [-70.45919535678622, 18.7205881796493], [-70.4591958194515, 18.720588132588585], [-70.45919857755828, 18.720587720779303], [-70.45919903315453, 18.720587630735608], [-70.45920173561723, 18.720586963322123], [-70.4592021797568, 18.72058683116263], [-70.45920480054919, 18.720585914572496], [-70.45920522895477, 18.72058574156997], [-70.45920774283718, 18.720584584630462], [-70.45920815138304, 18.72058437245101], [-70.4592105341454, 18.720582986304088], [-70.45921091889696, 18.72058273699113], [-70.45921314759195, 18.720581134986155], [-70.45921350484386, 18.720580850940692], [-70.45921555800794, 18.720579048505858], [-70.45921588431968, 18.720578732463412], [-70.45921774217975, 18.720576746957164], [-70.45921803440875, 18.7205764019614], [-70.4592196790726, 18.72057425250524], [-70.45921993440453, 18.72057388187866], [-70.45922135003318, 18.720571589173044], [-70.45922156600906, 18.720571196484972], [-70.4592227389692, 18.72056878260991], [-70.45922291343291, 18.72056837185032], [-70.45922360202975, 18.7205664900734], [-70.45922425282332, 18.72056471132493], [-70.45922783052222, 18.720556287352903], [-70.45922831884322, 18.720555282420175], [-70.45923274589241, 18.7205472331429], [-70.45923333523987, 18.720546278654837], [-70.45923856900433, 18.720538681591236], [-70.45923925370253, 18.720537786740064], [-70.45924524377816, 18.720530715053936], [-70.45924601723306, 18.720529888457552], [-70.45925270593213, 18.720523410253016], [-70.45925356069492, 18.720522659872007], [-70.45926088360156, 18.72051683753766], [-70.45926181144044, 18.720516170598547], [-70.4592696980311, 18.720511060206555], [-70.45927069001047, 18.72051048313235], [-70.45927906433293, 18.720506133898542], [-70.45928011089954, 18.72050565224674], [-70.45928889230471, 18.720502106056497], [-70.45928998337945, 18.72050172446571], [-70.45929460647022, 18.72050034880208], [-70.45929482683738, 18.720500277527933], [-70.45929744762788, 18.72049936093662], [-70.45929787603313, 18.7204991879339], [-70.4593003899136, 18.720498030993273], [-70.45930079845911, 18.720497818813634], [-70.45930318121945, 18.72049643266566], [-70.45930356597069, 18.720496183352527], [-70.45930579466365, 18.72049458134657], [-70.45930615191523, 18.720494297300952], [-70.45930820507728, 18.720492494865223], [-70.45930853138867, 18.72049217882264], [-70.45931038924672, 18.720490193315587], [-70.45931068147537, 18.720489848319698], [-70.45931232613725, 18.720487698862847], [-70.45931258146886, 18.720487328236157], [-70.45931399709556, 18.72048503552995], [-70.45931421307112, 18.720484642841797], [-70.45931538602942, 18.72048222896626], [-70.45931556056898, 18.720481817998447], [-70.45931647956263, 18.720479306200524], [-70.45931655075258, 18.720479095092724], [-70.45931791874436, 18.720474668209704], [-70.45931830133532, 18.720473622510195], [-70.45932187902785, 18.720465198536733], [-70.45932236734805, 18.72046419360381], [-70.45932679439058, 18.7204561443247], [-70.4593273837372, 18.720455189836393], [-70.45933261749477, 18.72044759277057], [-70.4593333021921, 18.7204466979191], [-70.45933929226068, 18.72043962623039], [-70.45934006571471, 18.72043879963367], [-70.45934675440662, 18.7204323214262], [-70.45934760916855, 18.72043157104481], [-70.459354932068, 18.72042574870722], [-70.45935585990601, 18.72042508176769], [-70.45936374648952, 18.720419971372174], [-70.45936473846801, 18.720419394297515], [-70.45937311278344, 18.72041504505994], [-70.45937415934921, 18.72041456340767], [-70.4593829407475, 18.72041101721343], [-70.45938403182144, 18.72041063562215], [-70.45938865490886, 18.720409259956405], [-70.45938887527585, 18.720409188682154], [-70.45939149606436, 18.720408272089642], [-70.4593919244693, 18.720408099086733], [-70.45939443834773, 18.72040694214496], [-70.45939484689289, 18.720406729965145], [-70.45939722965116, 18.720405343816093], [-70.45939761440204, 18.72040509450279], [-70.45939984309291, 18.720403492495848], [-70.45940020034413, 18.72040320845007], [-70.45940225350407, 18.72040140601344], [-70.45940257981513, 18.720401089970707], [-70.4594044376711, 18.72039910446285], [-70.4594047298994, 18.720398759466832], [-70.45940637455922, 18.720396610009278], [-70.45940662989051, 18.720396239382477], [-70.45940804551522, 18.720393946675674], [-70.45940826149045, 18.720393553987428], [-70.45940943444684, 18.720391140111424], [-70.45940960898609, 18.720390729143535], [-70.45941052797794, 18.720388217345256], [-70.45941059916771, 18.720388006237435], [-70.45941196715646, 18.72038357935389], [-70.45941234974664, 18.720382533654234], [-70.45941592743281, 18.72037410967935], [-70.45941641575222, 18.72037310474623], [-70.45942084278806, 18.72036505546529], [-70.45942143213388, 18.72036410097673], [-70.45942666588454, 18.720356503908683], [-70.45942735058104, 18.720355609056927], [-70.45943334064253, 18.720348537365624], [-70.4594341140957, 18.72034771076856], [-70.45944080278045, 18.720341232558166], [-70.45944165754149, 18.720340482176397], [-70.45944898043375, 18.720334659835565], [-70.45944990827088, 18.720333992895625], [-70.45945779484725, 18.72032888249658], [-70.4594587868249, 18.72032830542148], [-70.45946716113329, 18.720323956180117], [-70.4594682076982, 18.72032347452737], [-70.45947698908965, 18.720319928329143], [-70.45947808016275, 18.72031954673736], [-70.45948270324683, 18.720318171069504], [-70.45948292361365, 18.72031809979515], [-70.4594855444002, 18.720317183201452], [-70.4594859728048, 18.720317010198347], [-70.45948848668118, 18.72031585325544], [-70.459488895226, 18.720315641075437], [-70.4594912779822, 18.72031425492532], [-70.45949166273273, 18.72031400561184], [-70.45949389142149, 18.720312403603902], [-70.45949424867237, 18.720312119557963], [-70.45949630183021, 18.720310317120436], [-70.45949662814091, 18.720310001077564], [-70.45949848599479, 18.720308015568886], [-70.45949877822277, 18.72030767057275], [-70.45950042288055, 18.72030552111449], [-70.45950067821148, 18.720305150487576], [-70.4595020938342, 18.720302857780187], [-70.45950230980912, 18.72030246509185], [-70.45950348276358, 18.72030005121536], [-70.45950365730253, 18.720299640247404], [-70.45950457629255, 18.720297128448774], [-70.45950464748219, 18.72029691734092], [-70.45950601546787, 18.720292490456863], [-70.45950639805731, 18.720291444757066], [-70.45950997573709, 18.720283020780748], [-70.4595104640557, 18.72028201584743], [-70.4595148910849, 18.72027396656465], [-70.45951548042987, 18.72027301207585], [-70.45952071417364, 18.72026541500558], [-70.45952139886927, 18.72026452015353], [-70.45952738892372, 18.72025744845964], [-70.45952816237602, 18.720256621862244], [-70.4595348510536, 18.72025014364891], [-70.45953570581378, 18.720249393266766], [-70.45954302869885, 18.720243570922687], [-70.45954395653511, 18.720242903982335], [-70.45955184310434, 18.72023779357976], [-70.4595528350811, 18.720237216504213], [-70.45956120938247, 18.720232867259075], [-70.45956225594654, 18.720232385605858], [-70.45957103733113, 18.720228839403642], [-70.45957289325958, 18.7202281903101], [-70.4595728951745, 18.720228189536794], [-70.45957485646795, 18.720227503592803], [-70.45957528487224, 18.72022733058951], [-70.45957779874664, 18.72022617364552], [-70.45957820729113, 18.72022596146535], [-70.4595805900453, 18.72022457531422], [-70.4595809747955, 18.720224326000572], [-70.45958320348223, 18.720222723991697], [-70.45958356073275, 18.72022243994561], [-70.45958561388856, 18.720220637507218], [-70.45958594019893, 18.720220321464208], [-70.45958779805079, 18.720218335954772], [-70.45958809027843, 18.720217990958506], [-70.45958973493424, 18.72021584149958], [-70.45958999026485, 18.720215470872567], [-70.45959140588566, 18.720213178164613], [-70.45959162186026, 18.720212785476196], [-70.45959279481289, 18.720210371599265], [-70.45959296935153, 18.720209960631237], [-70.45959388833982, 18.72020744883227], [-70.45959401976161, 18.720207023542493], [-70.4595946759352, 18.7202044380115], [-70.45959476297446, 18.720204002495734], [-70.45959515001405, 18.720201368132795], [-70.45959519183256, 18.720200926585306], [-70.45959530601078, 18.72019826876077], [-70.45959530981925, 18.720198047052833], [-70.4595948607508, 18.720145724747486], [-70.4595948694929, 18.720145189048342], [-70.45959524696181, 18.720136035903508], [-70.45959534428358, 18.72013496933439], [-70.45959657766349, 18.720126263352817], [-70.45959678061945, 18.720125210370217], [-70.45959887427395, 18.720116654925327], [-70.45959918103755, 18.720115625005725], [-70.45960211612427, 18.720107297093765], [-70.45960252393469, 18.72010629950619], [-70.45960627403869, 18.720098274075724], [-70.45960677922575, 18.720097317798075], [-70.45961131059717, 18.720089667075392], [-70.45961190861433, 18.720088760713892], [-70.45961718047212, 18.720081553553058], [-70.45961786593747, 18.720080705264618], [-70.45962383083652, 18.720074006527724], [-70.45962459758097, 18.72007322394676], [-70.45963120183909, 18.72006709392023], [-70.45963204296226, 18.720066384089638], [-70.45963922714314, 18.720060877941755], [-70.45964013507516, 18.7200602472498], [-70.45964783452347, 18.72005541453409], [-70.45964880109331, 18.720054868656742], [-70.45965694651647, 18.720050752866054], [-70.45965796302521, 18.720050296716103], [-70.45966648111713, 18.72004693489116], [-70.45966753841658, 18.72004657257375], [-70.45966979982593, 18.720045911245126], [-70.45967002165118, 18.720045840625037], [-70.45967266000548, 18.720044931162853], [-70.45967309135143, 18.720044759109093], [-70.45967562285122, 18.720043606438097], [-70.45967603431191, 18.720043394735637], [-70.45967843433324, 18.72004201006788], [-70.45967882190637, 18.720041760775953], [-70.4596810671042, 18.720040157580122], [-70.45968142701985, 18.720039873123593], [-70.45968349555507, 18.720038066994], [-70.45968382431232, 18.720037750139785], [-70.45968569606431, 18.720035758644688], [-70.45968599046533, 18.720035412474846], [-70.45968764722751, 18.720033254985566], [-70.45968790440868, 18.720032882867272], [-70.4596893300657, 18.720030580369738], [-70.4596895475254, 18.720030185922603], [-70.45969072820989, 18.720027760813245], [-70.45969090383288, 18.720027347874066], [-70.45969182806033, 18.720024823741966], [-70.45969189963283, 18.720024611587107], [-70.45969333629023, 18.720019962453666], [-70.45969371887797, 18.720018916753588], [-70.45969729654351, 18.720010492774477], [-70.45969778486031, 18.720009487840763], [-70.45970221187416, 18.720001438554423], [-70.45970280121722, 18.72000048406514], [-70.45970803494474, 18.71999288699056], [-70.45970871963836, 18.719991992137945], [-70.4597147096758, 18.71998492043905], [-70.45971548312599, 18.719984093841003], [-70.459722171786, 18.719977615622014], [-70.45972302654398, 18.719976865239143], [-70.45973034941106, 18.71997104288881], [-70.45973127724513, 18.719970375947664], [-70.45973916379609, 18.719965265538306], [-70.45974015577063, 18.719964688461907], [-70.45974853005366, 18.719960339209518], [-70.4597495766155, 18.719959857555384], [-70.45975835798188, 18.719956311345502], [-70.45975944905194, 18.719955929752278], [-70.45976407212356, 18.719954554078253], [-70.45976429248978, 18.719954482803608], [-70.45976691326905, 18.719953566206417], [-70.45976734167243, 18.719953393202736], [-70.45976985554142, 18.719952236256514], [-70.45977026408502, 18.71995202407597], [-70.45977264683378, 18.719950637922725], [-70.45977303158305, 18.719950388608748], [-70.45977526026442, 18.719948786597904], [-70.45977561751407, 18.719948502551503], [-70.4597776706646, 18.719946700111315], [-70.45977799697408, 18.71994638406803], [-70.45977985482081, 18.71994439855698], [-70.45978014704761, 18.719944053560475], [-70.45978179169848, 18.71994190410014], [-70.45978204702827, 18.719941533472916], [-70.45978346264438, 18.71993924076377], [-70.45978367861824, 18.71993884807518], [-70.45978485156645, 18.719936434197283], [-70.45978502610438, 18.719936023229117], [-70.45978594508857, 18.719933511429424], [-70.45978601627775, 18.719933300321497], [-70.45978738425373, 18.71992887343592], [-70.45978776684075, 18.71992782773568], [-70.45979134449989, 18.719919403755146], [-70.45979183281588, 18.719918398821232], [-70.4597962598231, 18.719910349533063], [-70.45979684916531, 18.71990939504353], [-70.45980208288594, 18.719901797966735], [-70.4598027675787, 18.71990090311382], [-70.45980875760908, 18.719893831412328], [-70.4598095310584, 18.71989300481395], [-70.45981621971124, 18.719886526592035], [-70.45981707446838, 18.719885776208784], [-70.45982439732826, 18.719879953855212], [-70.45982532516143, 18.719879286913645], [-70.45983321170526, 18.719874176500767], [-70.45983420367892, 18.71987359942391], [-70.45984257795493, 18.719869250167747], [-70.45984362451593, 18.719868768513138], [-70.45985240587545, 18.719865222299273], [-70.45985426179875, 18.71986457320327], [-70.45985426371367, 18.71986457242996], [-70.45985622500169, 18.719863886483356], [-70.45985665340474, 18.719863713479494], [-70.45985916727176, 18.719862556532185], [-70.459859575815, 18.719862344351476], [-70.45986195856175, 18.719860958197213], [-70.45986234331069, 18.719860708883065], [-70.45986457199001, 18.719859106871283], [-70.45986492923932, 18.719858822824737], [-70.45986698238781, 18.719857020383696], [-70.45986730869696, 18.71985670434027], [-70.45986916654168, 18.71985471882846], [-70.45986945876814, 18.71985437383183], [-70.45987110341704, 18.71985222437083], [-70.45987135874651, 18.719851853743503], [-70.45987277436072, 18.7198495610338], [-70.45987299033425, 18.71984916834512], [-70.45987416328062, 18.719846754466772], [-70.45987433781826, 18.719846343498542], [-70.45987525680071, 18.71984383169852], [-70.45987538822158, 18.719843406408597], [-70.45987604438982, 18.7198408208769], [-70.45987613142825, 18.71984038536106], [-70.45987651846302, 18.719837750997787], [-70.45987656028079, 18.719837309450273], [-70.45987667445478, 18.719834651625792], [-70.4598766782629, 18.719834429917867], [-70.45987548898525, 18.719695887076917], [-70.4598754818092, 18.71969567283822], [-70.45987533175409, 18.719693105366776], [-70.45987528547084, 18.719692679066828], [-70.4598748807522, 18.71969013669701], [-70.45987479228107, 18.71968971649424], [-70.45987413654125, 18.719687222106586], [-70.45987400667846, 18.71968681178269], [-70.4598731058189, 18.719684387825897], [-70.45987293573317, 18.71968399107366], [-70.45987179786137, 18.719681659362564], [-70.45987158908342, 18.71968127975263], [-70.45987022443985, 18.719679061271894], [-70.45986997884863, 18.719678702220623], [-70.45986839971467, 18.71967661693588], [-70.4598681195204, 18.719676281674623], [-70.45986634010775, 18.71967434835276], [-70.4598660278321, 18.719674039898763], [-70.45986406415493, 18.719672275939065], [-70.45986372260828, 18.71967199706832], [-70.45986159233907, 18.71967041834585], [-70.45986122459524, 18.71967017156811], [-70.4598589469057, 18.719668792290875], [-70.45985855627427, 18.71966857982705], [-70.45985615166292, 18.719667412408107], [-70.45985574165942, 18.7196672361703], [-70.45985323176699, 18.71966629111605], [-70.4598530206479, 18.719666217090705], [-70.45985287231169, 18.719666168854303], [-70.4598442976704, 18.719662940229075], [-70.45984327346986, 18.719662499981858], [-70.459835058505, 18.71965851168311], [-70.45983408269642, 18.719657980942134], [-70.45982630134007, 18.71965326886331], [-70.45982538270555, 18.719652652405156], [-70.45981810498755, 18.719647258953543], [-70.45981725179443, 18.719646562326094], [-70.459810543212, 18.719640536041112], [-70.4598097631388, 18.719639765513843], [-70.45980368406714, 18.71963316063027], [-70.45980298413417, 18.719632323137606], [-70.45979758928297, 18.71962519909737], [-70.45979697578952, 18.719624302176584], [-70.45979231371068, 18.719616723093846], [-70.45979179217794, 18.719615774816894], [-70.45978790482864, 18.719607808901113], [-70.45978747995026, 18.719606817802237], [-70.45978440231534, 18.71959853674418], [-70.45978407791505, 18.719597511742897], [-70.45978183769213, 18.719588990069557], [-70.45978161668943, 18.71958794039064], [-70.45978023403971, 18.719579254794382], [-70.45978011842352, 18.71957818988458], [-70.45977958389206, 18.71956904384657], [-70.45977956595583, 18.719568508355326], [-70.4597790192686, 18.719504817912174], [-70.45977901167569, 18.71950459663703], [-70.45977885235156, 18.719501945056184], [-70.45977880310667, 18.719501504896268], [-70.45977837220184, 18.719498880900684], [-70.45977827798424, 18.719498447445716], [-70.45977757963566, 18.71949587622757], [-70.45977744134991, 18.719495453638995], [-70.45977648226224, 18.719492959883734], [-70.45977630123599, 18.719492552218714], [-70.45977509061713, 18.719490159868084], [-70.45977486858834, 18.719489771040468], [-70.45977341806108, 18.719487503062666], [-70.45977315716138, 18.719487136805483], [-70.45977148065178, 18.719485014974637], [-70.45977144446063, 18.719484971433044], [-70.45977068025684, 18.719484001933466], [-70.45976522618696, 18.71947630757381], [-70.45976461173957, 18.71947533939429], [-70.45975999375372, 18.719467163301466], [-70.45975948414949, 18.719466141360044], [-70.45975574867431, 18.71945756573215], [-70.4597553490365, 18.71945650030291], [-70.45975253362636, 18.719447611354806], [-70.4597522479727, 18.719446513148945], [-70.45975038093206, 18.71943740024538], [-70.45975021213434, 18.719436280303714], [-70.45974931223328, 18.719427035060953], [-70.45974926198849, 18.719425904642787], [-70.45974933827395, 18.719416620007575], [-70.45974940708719, 18.719415490477495], [-70.45975045879206, 18.719406259792553], [-70.45975064597148, 18.71940514250629], [-70.45975266252232, 18.719396058571974], [-70.45975296618612, 18.719394964762074], [-70.45975592730943, 18.71938611890335], [-70.45975634440472, 18.719385059566413], [-70.45976022033078, 18.719376540714766], [-70.45976074666429, 18.719375526500787], [-70.45976549842653, 18.719367420300074], [-70.45976612870676, 18.719366461405404], [-70.4597717085334, 18.719358849351], [-70.45977243642383, 18.71935795541586], [-70.45977878821822, 18.719350914035143], [-70.4597796064011, 18.719350094046614], [-70.45978666630565, 18.7193436941298], [-70.45978756655528, 18.719342956331683], [-70.45979526359358, 18.719337262219963], [-70.45979623685938, 18.71933661402963], [-70.45980449364951, 18.71933168296849], [-70.45980553014688, 18.719331130902454], [-70.45981426367953, 18.71932701246608], [-70.45981535298803, 18.719326562074524], [-70.45982447546116, 18.719323297667344], [-70.45982560662944, 18.719322953478283], [-70.45983502633068, 18.719320575918847], [-70.45983618798668, 18.71932034139253], [-70.45984581021554, 18.71931887458349], [-70.45984699068056, 18.719318752077736], [-70.45984701346758, 18.71931875080976], [-70.45984725378229, 18.71931873158376], [-70.45985012953776, 18.71931843116347], [-70.45985060553838, 18.719318357937148], [-70.45985343440162, 18.719317780778187], [-70.45985390013564, 18.719317661867052], [-70.45985665285129, 18.71931681393824], [-70.45985710350222, 18.719316650572047], [-70.45985975160238, 18.719315540642445], [-70.4598601825097, 18.719315334510682], [-70.45986269860846, 18.71931397405889], [-70.45986310531583, 18.719313727293326], [-70.45986546339236, 18.71931213038878], [-70.45986584169373, 18.719311845541387], [-70.45986801736142, 18.71931002869885], [-70.4598683633445, 18.719309708715453], [-70.45987033410316, 18.71930769072423], [-70.45987064418988, 18.71930733891402], [-70.45987238965847, 18.71930514064365], [-70.45987266064202, 18.71930476064494], [-70.45987416276938, 18.719302404829357], [-70.45987439184728, 18.719302000571997], [-70.45987563509883, 18.719299511574413], [-70.45987581777185, 18.719299092920174], [-70.45987653056063, 18.71929719596294], [-70.45987653273635, 18.71929719016027], [-70.45987722027061, 18.719295352519058], [-70.45988100566971, 18.719286659282734], [-70.45988152283851, 18.71928562367846], [-70.45988621478618, 18.719277341458035], [-70.45988683960789, 18.719276361222025], [-70.45989238963561, 18.719268575573754], [-70.45989311565569, 18.71926766083202], [-70.45989946643093, 18.719260452182514], [-70.45990028614952, 18.71925961238439], [-70.45990737206792, 18.719253055199843], [-70.45990827701723, 18.719252299020546], [-70.45991602488037, 18.719246461037393], [-70.45991700571214, 18.719245796288355], [-70.4599253354837, 18.719240737813553], [-70.45992638206586, 18.71924017136169], [-70.4599352076983, 18.719235944649867], [-70.45993630921944, 18.719235482346708], [-70.45994553954307, 18.719232131060203], [-70.45994668462446, 18.71923177768136], [-70.45995622428892, 18.719229336439337], [-70.45995740110169, 18.719229095635264], [-70.45996715156132, 18.719227589656], [-70.45996834794887, 18.719227463914216], [-70.45997862974322, 18.719226885036996], [-70.45997923182877, 18.719226865754152], [-70.46003439052852, 18.71922643585375], [-70.46003462216161, 18.719226428651247], [-70.46003739788223, 18.71922627756304], [-70.46003785865824, 18.719226230871907], [-70.46004060564428, 18.719225822335815], [-70.46004105943638, 18.719225733010934], [-70.46004375145026, 18.71922507092905], [-70.4600441939241, 18.719224939823615], [-70.46004680525331, 18.71922403051975], [-70.46004723218266, 18.71922385888599], [-70.46004973788533, 18.719222711045287], [-70.4600501451924, 18.71922250052256], [-70.46005252133556, 18.71922112510849], [-70.46005290512998, 18.719220877707574], [-70.46005512901813, 18.719219287857292], [-70.46005548563416, 18.719219005941213], [-70.46005753602601, 18.719217216840015], [-70.46005786205745, 18.719216903101472], [-70.46005971936896, 18.719214931837794], [-70.46006001170174, 18.719214589273424], [-70.46006165819294, 18.719212454675596], [-70.46006191403488, 18.719212086557377], [-70.46006333397948, 18.719209809013808], [-70.46006355088696, 18.719209418857783], [-70.46006473072251, 18.719207020122212], [-70.46006487176079, 18.719206702325746], [-70.4600653715082, 18.719205444380123], [-70.4600654032665, 18.71920536203311], [-70.46006609079838, 18.719203524391354], [-70.46006987618584, 18.719194831151928], [-70.46007039335322, 18.719193795547216], [-70.46007508528913, 18.71918551332279], [-70.4600757101094, 18.719184533086242], [-70.46008126012536, 18.719176747433092], [-70.46008198614402, 18.719175832690706], [-70.46008833690763, 18.719168624035508], [-70.46008915662483, 18.719167784236642], [-70.46009624253183, 18.71916122704565], [-70.46009714747979, 18.71916047086553], [-70.4601048953319, 18.719154632875224], [-70.46010587616234, 18.719153968125283], [-70.46011420592338, 18.719148909642715], [-70.46011525250428, 18.719148343189875], [-70.46012407812674, 18.719144116469757], [-70.46012517964672, 18.719143654165563], [-70.46013440996107, 18.719140302870304], [-70.46013555504138, 18.719139949490376], [-70.46014509469735, 18.71913750823925], [-70.46014627150915, 18.719137267434046], [-70.46015602196114, 18.719135761445397], [-70.46015721834783, 18.719135635702465], [-70.46016750013523, 18.71913505681529], [-70.4601681022204, 18.719135037531874], [-70.46022298668844, 18.719134609715258], [-70.46022321927892, 18.719134602460322], [-70.4602260064419, 18.719134450207527], [-70.46022646910276, 18.71913440314454], [-70.46022922718261, 18.719133991321797], [-70.46022968277427, 18.719133901275885], [-70.46023238520912, 18.719133233849277], [-70.46023282934401, 18.719133101687635], [-70.46023545010793, 18.71913218508485], [-70.46023587850875, 18.719132012080255], [-70.46023839236234, 18.719130855128686], [-70.46023880090338, 18.719130642947277], [-70.46024118363687, 18.719129256789], [-70.46024156838362, 18.71912900747421], [-70.46024379704996, 18.71912740545869], [-70.46024415429711, 18.719127121411546], [-70.46024620743303, 18.719125318967084], [-70.46024653374013, 18.71912500292312], [-70.46024839157278, 18.71912301740825], [-70.46024868379729, 18.719122672411135], [-70.46025032843475, 18.719120522947456], [-70.46025058376237, 18.71912015231971], [-70.46025199936591, 18.719117859607735], [-70.46025221533772, 18.719117466918707], [-70.46025338827428, 18.719115053038507], [-70.4602535627342, 18.719114642278175], [-70.46025425131467, 18.719112760498348], [-70.46025490209274, 18.719110981747153], [-70.46025847971393, 18.71910255775974], [-70.46025896802509, 18.71910155282488], [-70.46026339499097, 18.71909350352794], [-70.46026398432798, 18.71909254903723], [-70.46026921800434, 18.71908495194988], [-70.46026990269156, 18.719084057095575], [-70.46027589267516, 18.719076985381843], [-70.46027666611865, 18.719076158781863], [-70.46028335472263, 18.719069680546127], [-70.4602842094737, 18.719068930161107], [-70.46029153228312, 18.719063107792262], [-70.46029246011008, 18.71906244084876], [-70.46030034660234, 18.71905733041931], [-70.46030133856968, 18.71905675334038], [-70.4603097127935, 18.71905240406651], [-70.46031075934812, 18.71905192240969], [-70.46031954065533, 18.719048376177163], [-70.46032063171823, 18.71904799458111], [-70.46032552651253, 18.719046538029293], [-70.4603257457068, 18.719046467163285], [-70.46032835269175, 18.719045556118974], [-70.46032877889401, 18.719045384253814], [-70.4603312802413, 18.71904423537402], [-70.4603316868279, 18.71904402473561], [-70.46033405870544, 18.719042648966546], [-70.46033444180252, 18.719042401561765], [-70.46033666161168, 18.71904081201139], [-70.46033701756922, 18.719040530197454], [-70.46033906416028, 18.719038742010568], [-70.46033938958682, 18.719038428472516], [-70.46034124346045, 18.719036458686457], [-70.4603415352554, 18.719036116411598], [-70.46034317874839, 18.719033983793956], [-70.4603434341316, 18.7190336160434], [-70.46034485158523, 18.71903134091315], [-70.46034506812352, 18.719030951190707], [-70.46034624603269, 18.719028555224682], [-70.4603464216629, 18.71902814724352], [-70.46034734880485, 18.719025653269806], [-70.46034742074083, 18.719025443641144], [-70.46034860411713, 18.71902168710813], [-70.46034900828703, 18.719020606832668], [-70.46035279365623, 18.719011913588634], [-70.46035331082133, 18.71901087798328], [-70.46035800273856, 18.719002595752883], [-70.46035862755653, 18.71900161551553], [-70.46036417755357, 18.718993829855147], [-70.46036490356991, 18.718992915111805], [-70.46037125431457, 18.718985706448162], [-70.46037207402945, 18.7189848666482], [-70.46037915991765, 18.718978309447643], [-70.46038006486333, 18.71897755326628], [-70.46038781269696, 18.7189717152654], [-70.46038879352521, 18.71897105051411], [-70.46039712326831, 18.71896599202005], [-70.46039816984708, 18.71896542556576], [-70.46040699545236, 18.71896119883335], [-70.4604080969703, 18.718960736527617], [-70.46041732726836, 18.71895738521941], [-70.46041847234673, 18.71895703183787], [-70.4604280119875, 18.71895459057326], [-70.46042918879752, 18.718954349766395], [-70.46043893923553, 18.718952843763873], [-70.4604401356206, 18.718952718019228], [-70.46045041739485, 18.718952139117338], [-70.46045101947927, 18.718952119833048], [-70.46050590388134, 18.71895169193759], [-70.46050613647154, 18.718951684682317], [-70.46050892363095, 18.71895153242553], [-70.4605093862912, 18.71895148536188], [-70.46051214436712, 18.718951073535216], [-70.46051259995811, 18.718950983488657], [-70.46051530238867, 18.718950316058226], [-70.46051574652282, 18.718950183895956], [-70.46051836728216, 18.718949267289492], [-70.4605187956822, 18.7189490942843], [-70.46052130953099, 18.718947937329226], [-70.46052171807119, 18.718947725147252], [-70.46052410079965, 18.71894633898568], [-70.46052448554556, 18.718946089670354], [-70.4605267142067, 18.71894448765179], [-70.460527071453, 18.71894420360416], [-70.46052912458362, 18.718942401156923], [-70.46052945088982, 18.718942085112506], [-70.46053130871711, 18.718940099595155], [-70.46053160094073, 18.718939754597653], [-70.46053324557283, 18.718937605131817], [-70.46053350089957, 18.718937234503745], [-70.46053491649778, 18.71893494178995], [-70.46053513246872, 18.718934549100645], [-70.46053630540005, 18.718932135218992], [-70.46053647985912, 18.71893172445844], [-70.46053716843578, 18.718929842677817], [-70.46053781921029, 18.718928063925844], [-70.46054139681387, 18.718919639934086], [-70.46054188512285, 18.718918634998616], [-70.46054631207073, 18.718910585696083], [-70.46054690140554, 18.718909631204617], [-70.46055213506364, 18.71890203411046], [-70.46055281974861, 18.718901139255255], [-70.46055880971389, 18.71889406753358], [-70.46055958315516, 18.718893240932573], [-70.46056627174093, 18.71888676268783], [-70.46056712648979, 18.718886012301652], [-70.4605744492813, 18.71888018992284], [-70.4605753771061, 18.71887952297806], [-70.46058326358087, 18.718874412537765], [-70.46058425554612, 18.718873835457458], [-70.46059262975311, 18.718869486171968], [-70.4605936763057, 18.718869004513685], [-70.46060245759686, 18.718865458268876], [-70.46060354865786, 18.71886507667129], [-70.46060817169207, 18.71886370097876], [-70.46060839205647, 18.718863629703232], [-70.46061101281394, 18.71886271309559], [-70.46061144121364, 18.718862540090214], [-70.46061395506047, 18.718861383134012], [-70.46061436360034, 18.718861170951858], [-70.46061674632679, 18.718859784789224], [-70.46061713107237, 18.718859535473733], [-70.46061935973148, 18.71885793345419], [-70.46061971697745, 18.7188576494064], [-70.46062177010602, 18.71885584695827], [-70.46062209641188, 18.718855530913718], [-70.46062395423716, 18.71885354539556], [-70.46062424646045, 18.718853200397945], [-70.46062589109057, 18.718851050931402], [-70.46062614641698, 18.71885068030322], [-70.46062756201326, 18.718848387588835], [-70.46062777798389, 18.71884799489945], [-70.46062895091336, 18.718845581017327], [-70.46062912544826, 18.718845170048546], [-70.460630044415, 18.718842658245688], [-70.46063011560274, 18.718842447137508], [-70.46063148354963, 18.71883802024737], [-70.46063186612938, 18.718836974545805], [-70.46063544372659, 18.718828550552626], [-70.46063593203478, 18.718827545616954], [-70.460640358976, 18.71881949631258], [-70.46064094830996, 18.718818541820873], [-70.46064618196117, 18.718810944724495], [-70.46064686664529, 18.718810049868992], [-70.46065285660352, 18.718802978144733], [-70.46065363004391, 18.71880215154339], [-70.46066031862253, 18.718795673295713], [-70.46066117337051, 18.71879492290916], [-70.46066849615482, 18.7187891005271], [-70.46066942397874, 18.718788433581913], [-70.46067731044639, 18.718783323138087], [-70.46067830241077, 18.718782746057332], [-70.4606866766107, 18.718778396768073], [-70.46068772316248, 18.718777915109314], [-70.46069650444677, 18.71877436886052], [-70.46069759550694, 18.71877398726243], [-70.4607022185378, 18.718772611567797], [-70.46070243890203, 18.718772540292168], [-70.46070505965753, 18.718771623683324], [-70.46070548805692, 18.718771450677746], [-70.46070800190168, 18.718770293720407], [-70.46070841044123, 18.718770081538075], [-70.4607107931656, 18.718768695374372], [-70.46071117791082, 18.71876844605871], [-70.46071340656783, 18.718766844038168], [-70.46071376381346, 18.71876655999023], [-70.46071581693992, 18.718764757541184], [-70.46071614324543, 18.718764441496493], [-70.46071800106864, 18.71876245597753], [-70.46071829329158, 18.718762110979785], [-70.46071993791965, 18.718759961512543], [-70.46072019324572, 18.718759590884247], [-70.46072160884002, 18.71875729816927], [-70.46072182481032, 18.718756905479797], [-70.46072299773786, 18.718754491597192], [-70.46072317227248, 18.718754080628347], [-70.46072409123738, 18.718751568825123], [-70.46072416242498, 18.718751357716926], [-70.46072553036883, 18.718746930826274], [-70.4607259129478, 18.71874588512456], [-70.46072949053864, 18.718737461129948], [-70.46072997884605, 18.718736456194083], [-70.4607344057806, 18.718728406887877], [-70.46073499511373, 18.718727452395918], [-70.46074022875804, 18.71871985529732], [-70.46074091344131, 18.718718960441528], [-70.46074690339246, 18.718711888714676], [-70.460747676832, 18.718711062112995], [-70.46075436540346, 18.718704583862394], [-70.46075522015057, 18.718703833475463], [-70.4607625429277, 18.718698011090158], [-70.46076347075073, 18.71869734414455], [-70.46077135721124, 18.718692233697205], [-70.46077234917476, 18.718691656616002], [-70.46078072336766, 18.718687307322963], [-70.46078176991858, 18.718686825663735], [-70.46079055119603, 18.718683279410946], [-70.46079164225537, 18.71868289781237], [-70.46079653703444, 18.718681441249174], [-70.46079675622802, 18.718681370382665], [-70.46079936320449, 18.718680459332308], [-70.4607997894053, 18.718680287466178], [-70.46080229074376, 18.718679138580626], [-70.46080269732884, 18.718678927941276], [-70.46080506919726, 18.71867755216681], [-70.4608054522928, 18.71867730476116], [-70.46080767209263, 18.718675715205766], [-70.46080802804859, 18.71867543339103], [-70.46081007463022, 18.71867364519956], [-70.46081040005517, 18.71867333166079], [-70.46081225391933, 18.71867136187064], [-70.4608125457127, 18.718671019595146], [-70.4608141891963, 18.718668886973937], [-70.46081444457795, 18.718668519222817], [-70.46081586202233, 18.71866624408957], [-70.46081607855909, 18.718665854366666], [-70.46081725645926, 18.718663458398215], [-70.460817432088, 18.718663050416694], [-70.46081835922126, 18.718660556441165], [-70.46081843115654, 18.718660346812364], [-70.46081961452028, 18.71865659027711], [-70.4608200186864, 18.718655510000858], [-70.46082380402407, 18.718646816749178], [-70.46082432118529, 18.718645781142754], [-70.46082901306993, 18.718637498902503], [-70.46082963788389, 18.718636518663818], [-70.46083518784765, 18.718628732991466], [-70.46083591385991, 18.718627818246542], [-70.4608422645709, 18.718620609568948], [-70.46084308428169, 18.718619769767173], [-70.46085017013623, 18.718613212550817], [-70.46085107507781, 18.718612456367435], [-70.46085882287812, 18.71860661834909], [-70.46085980370235, 18.718605953595574], [-70.46086813341279, 18.718600895082552], [-70.46086917998763, 18.718600328625865], [-70.46087800556126, 18.718596101873192], [-70.4608791070754, 18.71859563956492], [-70.46088195309885, 18.718594606229573], [-70.46088216427928, 18.71859452395685], [-70.4608846720551, 18.718593479176512], [-70.46088508074246, 18.718593286089927], [-70.46088747153695, 18.718592016513867], [-70.46088785885844, 18.71859178689839], [-70.46089011054062, 18.71859030427877], [-70.4608904729109, 18.718590040259876], [-70.46089256463752, 18.71858835832094], [-70.46089289870221, 18.71858806234261], [-70.46089481111066, 18.71858619665365], [-70.46089511377743, 18.718585871455677], [-70.46089682916502, 18.718583839286918], [-70.46089709763213, 18.718583487879567], [-70.46089766394525, 18.718582666261998], [-70.46089198780074, 18.718687106147872]]]}}, {"type": "Feature", "properties": {"kind": "trail", "label": "Sendero: franja de acceso hasta el mirador"}, "geometry": {"type": "LineString", "coordinates": [[-70.45851689010227, 18.721058933887594], [-70.45585579834825, 18.723699966466878]]}}]}