{"type": "FeatureCollection", "features": [{"type": "Feature", "properties": {"kind": "lot", "id": "E-01", "cluster": "1", "area_m2": 1082, "price_usd_m2": 63, "price_usd": 68166, "tier": "cl\u00faster 1 (+5 %)", "slope_pct": 0.0, "elev_m": 710.0}, "geometry": {"type": "Polygon", "coordinates": [[[-70.46039563159074, 18.716787898450352], [-70.46041043559012, 18.716786384043246], [-70.46044341542965, 18.71678456368671], [-70.46045830392751, 18.71678443918555], [-70.46049131221648, 18.71678570773358], [-70.4605061418296, 18.716786974337285], [-70.4605388606828, 18.71679131957299], [-70.46055348859505, 18.71679396508349], [-70.46058560291458, 18.716801345160036], [-70.4605998882523, 18.716805344099757], [-70.4606310887621, 18.71681568794336], [-70.46064489395073, 18.716821001800547], [-70.46067488017499, 18.71683420979497], [-70.46068807226389, 18.7168407873946], [-70.46069039687576, 18.716842088718693], [-70.46068794462026, 18.716884935904584], [-70.4606772998591, 18.716980004016122], [-70.4606716811178, 18.71701043540107], [-70.46066045847978, 18.717071217745605], [-70.46063928709745, 18.717150300689624], [-70.46062545921973, 18.717164659776397], [-70.46060647481305, 18.71714071163431], [-70.46060640354273, 18.717140623986825], [-70.46060539010644, 18.717139408772884], [-70.46060531660014, 18.71713932281838], [-70.46059577040296, 18.717128435584854], [-70.46059561686091, 18.7171282689608], [-70.4605934085033, 18.71712598787951], [-70.4605932465657, 18.717125828634803], [-70.46058528015783, 18.717118370009413], [-70.46058262638533, 18.717115885389347], [-70.4605824564423, 18.71711573390763], [-70.4605800240677, 18.717113670058996], [-70.46057984652865, 18.717113526705198], [-70.46056825464319, 18.717104623206477], [-70.46056806993582, 18.717104488325944], [-70.4605654369693, 18.717102661585912], [-70.46056524553859, 18.717102535503585], [-70.46055279358411, 18.717094757496977], [-70.46055259589126, 18.717094640516592], [-70.46054978768971, 18.71709306847763], [-70.46054958421092, 18.71709296088102], [-70.46053639210633, 18.71708638327278], [-70.46053618333185, 18.717086285319137], [-70.46053322693972, 18.71708498312079], [-70.46053301337248, 18.717084895046114], [-70.46051920816468, 18.717079581182045], [-70.46051899031919, 18.71707950319848], [-70.46051591420807, 18.717078483381623], [-70.46051569260914, 18.71707841567706], [-70.46050140724947, 18.71707441673247], [-70.46050118243093, 18.71707435947001], [-70.46049801622539, 18.717073631855992], [-70.46049778872886, 18.7170735851736], [-70.46048316079276, 18.71707093966041], [-70.4604829311663, 18.71707090367052], [-70.46047970535852, 18.717070475266656], [-70.4604794741553, 18.717070450055996], [-70.46046464451736, 18.717069183451887], [-70.46046441229439, 18.717069169081174], [-70.46046115795058, 18.717069044013225], [-70.4604609252673, 18.717069040517092], [-70.46044603674456, 18.717069165020167], [-70.4604458041615, 18.717069172407015], [-70.46044255262267, 18.717069351879452], [-70.46044232070017, 18.71706937013152], [-70.4604275166768, 18.717070884542764], [-70.46042728597357, 18.717070913616052], [-70.46042406855369, 18.71707139590046], [-70.46042383962552, 18.717071435724954], [-70.46040926267192, 18.71707432545984], [-70.4604090360703, 18.717074375939568], [-70.46040588375482, 18.717075156391328], [-70.46040566002566, 18.7170752174047], [-70.46039145052545, 18.717079454633616], [-70.46039123020773, 18.717079526033643], [-70.46038817335508, 18.717080597136583], [-70.46038795697957, 18.71708067875127], [-70.46037425177767, 18.717086222667533], [-70.46037403986561, 18.71708631430024], [-70.4603711079149, 18.717087665739097], [-70.46037090097684, 18.717087767169083], [-70.46035783206152, 18.71709456438193], [-70.46035763059596, 18.71709467536484], [-70.46035485178339, 18.71709629412456], [-70.46035465627571, 18.717096414393037], [-70.4603461251606, 18.717101949670145], [-70.46038446693409, 18.716789572008057], [-70.46039563159074, 18.716787898450352]]]}}, {"type": "Feature", "properties": {"kind": "lot", "id": "E-02", "cluster": "1", "area_m2": 1370, "price_usd_m2": 63, "price_usd": 86310, "tier": "cl\u00faster 1 (+5 %)", "slope_pct": 0.0, "elev_m": 710.0}, "geometry": {"type": "Polygon", "coordinates": [[[-70.45992884728174, 18.717045270819373], [-70.46016080393716, 18.71687832730024], [-70.460174228527, 18.716869149548103], [-70.46018653528769, 18.71686116451084], [-70.460214720365, 18.71684474568697], [-70.46022778926834, 18.71683794848486], [-70.46025752759452, 18.716824241056205], [-70.4602712327804, 18.71681869714951], [-70.46030223796062, 18.716807833125014], [-70.46031644744136, 18.716803595904143], [-70.46034842088055, 18.716795679909414], [-70.46036299781201, 18.716792790180733], [-70.46038446693409, 18.716789572008057], [-70.4603461251606, 18.717101949670145], [-70.46034234950757, 18.71710439944178], [-70.4603422541357, 18.717104462968408], [-70.4603409305839, 18.71710536781848], [-70.46034083687694, 18.717105433556142], [-70.46011917166216, 18.7172649702962], [-70.45992884728174, 18.717045270819373]]]}}, {"type": "Feature", "properties": {"kind": "lot", "id": "E-03", "cluster": "1", "area_m2": 1334, "price_usd_m2": 63, "price_usd": 84042, "tier": "cl\u00faster 1 (+5 %)", "slope_pct": 0.0, "elev_m": 710.0}, "geometry": {"type": "Polygon", "coordinates": [[[-70.45957393518776, 18.717392592661547], [-70.45957599805197, 18.717386943515134], [-70.4595815750021, 18.7173737893779], [-70.4595954369101, 18.71734521731304], [-70.45960234014974, 18.717332647372615], [-70.45961907446825, 18.717305507514983], [-70.4596272375147, 18.71729364282637], [-70.45964668308164, 18.717268196546634], [-70.45965602731975, 18.717257151372788], [-70.4596779968627, 18.717233643731483], [-70.45968843230199, 18.717223524442947], [-70.45971271424173, 18.717202181830306], [-70.45972414038316, 18.71719308588082], [-70.45973707623361, 18.71718329156127], [-70.45992884728174, 18.717045270819373], [-70.46011917166216, 18.7172649702962], [-70.45991710899156, 18.717410398233955], [-70.45991701700562, 18.717410466142866], [-70.45991574163966, 18.717411431781294], [-70.45991565143046, 18.717411501820735], [-70.45990422528637, 18.717420597782], [-70.4599040504145, 18.717420744082453], [-70.4599016564204, 18.717422848286265], [-70.4599014892931, 18.717423002586372], [-70.4598955857027, 18.717428727330343], [-70.45957393518776, 18.717392592661547]]]}}, {"type": "Feature", "properties": {"kind": "lot", "id": "E-04", "cluster": "1", "area_m2": 702, "price_usd_m2": 63, "price_usd": 44226, "tier": "cl\u00faster 1 (+5 %)", "slope_pct": 0.0, "elev_m": 710.0}, "geometry": {"type": "Polygon", "coordinates": [[[-70.46074094373687, 18.71731674481184], [-70.46074084756835, 18.71731654289371], [-70.46073942923377, 18.717313749215975], [-70.46073932278306, 18.717313552037286], [-70.46073218911445, 18.71730109946391], [-70.46073207263802, 18.71730090749968], [-70.46073037375196, 18.717298259738907], [-70.46073024753038, 18.71729807345159], [-70.46072770937499, 18.717294521865554], [-70.46076800609885, 18.717315745008516], [-70.46105167863678, 18.717465146889282], [-70.46105044361389, 18.71747359014954], [-70.46104766720697, 18.717487528244366], [-70.4610399219408, 18.71751812813246], [-70.46103572510883, 18.717531739810315], [-70.46102486936516, 18.71756146898597], [-70.46101929252485, 18.717574623158725], [-70.46100543084825, 18.717603195313245], [-70.4610047219824, 18.717604486092796], [-70.46067591172105, 18.717543663540578], [-70.46068375811981, 18.71753801631638], [-70.4606838501055, 18.717537948407113], [-70.46068512546759, 18.717536982763704], [-70.46068521567649, 18.71753691272391], [-70.46069664178259, 18.717527816717414], [-70.46069681665381, 18.717527670416274], [-70.4606992106387, 18.717525566202884], [-70.46069937776531, 18.717525411902116], [-70.46070981315614, 18.717515292559895], [-70.46070997213549, 18.717515130631224], [-70.46071213813478, 18.717512812965175], [-70.46071228858389, 18.717512643798692], [-70.46072163276101, 18.71750159857577], [-70.46072177431743, 18.71750142257903], [-70.46072369147139, 18.71749891378075], [-70.4607238237941, 18.717498731377734], [-70.4607319867681, 18.71748686664583], [-70.46073210953831, 18.717486678275968], [-70.4607337593837, 18.717484002506612], [-70.46073387230568, 18.717483808623708], [-70.46074077546287, 18.717471238646866], [-70.46074087826455, 18.717471039717992], [-70.46074224491255, 18.717468222746714], [-70.46074233734629, 18.71746801925111], [-70.46074791420577, 18.717454865085227], [-70.46074799604888, 18.717454657513148], [-70.46074906633798, 18.717451726468948], [-70.46074913739331, 18.717451515320434], [-70.46075333424722, 18.717437903647458], [-70.46075339434358, 18.71743768943119], [-70.46075415796639, 18.717434672541646], [-70.46075420695901, 18.717434455773688], [-70.46075698338977, 18.71742051768155], [-70.4607570211606, 18.71742029888413], [-70.46075747076311, 18.717417225203565], [-70.46075749722121, 18.71741700490377], [-70.4607588264907, 18.71740287462397], [-70.46075884157229, 18.717402653352522], [-70.46075897282468, 18.71739955248216], [-70.46075897649344, 18.717399330772125], [-70.46075884580051, 18.717385144386984], [-70.46075883804761, 18.717384922772485], [-70.46075864968596, 18.7173818245754], [-70.46075863053005, 18.717381603590322], [-70.46075704113383, 18.717367497722453], [-70.46075701062111, 18.717367277899168], [-70.46075650445951, 18.717364212212676], [-70.46075646266345, 18.71736399408075], [-70.46075342987112, 18.7173501045773], [-70.46075337689241, 18.717349888662238], [-70.4607525578056, 18.717346885010556], [-70.4607524937719, 18.717346671832523], [-70.46074804679131, 18.717333132456886], [-70.46074797185686, 18.717332922529433], [-70.46074684773318, 18.71733000983935], [-70.46074676207851, 18.71732980366822], [-70.46074410701262, 18.71732384456087], [-70.46074094373687, 18.71731674481184]]]}}, {"type": "Feature", "properties": {"kind": "lot", "id": "E-05", "cluster": "1", "area_m2": 1113, "price_usd_m2": 63, "price_usd": 70119, "tier": "cl\u00faster 1 (+5 %)", "slope_pct": 0.0, "elev_m": 710.0}, "geometry": {"type": "Polygon", "coordinates": [[[-70.45960122207225, 18.717774477204213], [-70.45959935865015, 18.717771224365112], [-70.45958497282693, 18.71774288839359], [-70.45957915455527, 18.717729829496545], [-70.45956775289716, 18.71770028641466], [-70.45956330599743, 18.717686747005576], [-70.45955499830677, 18.71765628133023], [-70.4595519656041, 18.717642391801398], [-70.45954683188633, 18.717611296934496], [-70.45954524258629, 18.717597191049965], [-70.45954333227948, 18.717565766452616], [-70.45954320168677, 18.71755158005996], [-70.45954453318566, 18.717520128368523], [-70.45954586255677, 18.717505998090548], [-70.4595504230357, 18.717474822202124], [-70.45955319956687, 18.717460884121106], [-70.4595609451034, 18.71743028427624], [-70.45956514205405, 18.7174166726234], [-70.45957393518776, 18.717392592661547], [-70.4598955857027, 18.717428727330343], [-70.45989105385603, 18.717433121886536], [-70.45989089487591, 18.717433283814568], [-70.45988872886564, 18.71743560147183], [-70.45988857841571, 18.717435770637692], [-70.45987923418465, 18.717446815822584], [-70.45987909262736, 18.71744699181874], [-70.45987717546082, 18.717449500609195], [-70.4598770431372, 18.717449683011672], [-70.45986888010232, 18.717461547710307], [-70.45986875733112, 18.717461736079663], [-70.45986710747174, 18.717464411842325], [-70.45986699454873, 18.71746460572477], [-70.45986009132477, 18.717477175673814], [-70.45985998852201, 18.717477374602268], [-70.45985862185886, 18.71748019156811], [-70.45985852942401, 18.717480395063344], [-70.45985295249305, 18.717493549207465], [-70.4598528706488, 18.71749375677923], [-70.45985180034366, 18.71749668781936], [-70.45985172928717, 18.717496898967614], [-70.45984753235845, 18.71751051062533], [-70.45984747226092, 18.717510724841386], [-70.4598467086215, 18.717513741728332], [-70.45984665962769, 18.717513958496127], [-70.45984388312034, 18.71752789657983], [-70.4598438453483, 18.717528115377156], [-70.45984339572897, 18.717531189056636], [-70.45984336926968, 18.717531409356376], [-70.45984203992342, 18.71754553963476], [-70.45984202484063, 18.717545760906212], [-70.45984189357155, 18.71754886177703], [-70.45984188990161, 18.71754908348713], [-70.45984202051922, 18.717563269877882], [-70.45984202827097, 18.717563491492502], [-70.45984221661642, 18.717566589691575], [-70.45984223577118, 18.717566810676818], [-70.4598438250952, 18.717580916557214], [-70.45984385560682, 18.717581136380723], [-70.45984436175307, 18.71758420207069], [-70.45984440354806, 18.71758442020289], [-70.45984743627287, 18.717598309725513], [-70.45984748925054, 18.7175985256409], [-70.4598483083232, 18.71760152929747], [-70.4598483723559, 18.71760174247588], [-70.4598528192751, 18.717615281876913], [-70.45985289420862, 18.717615491804786], [-70.45985401831965, 18.717618404501064], [-70.45985410397343, 18.71761861067266], [-70.45985992226112, 18.717631669560134], [-70.45986001842883, 18.717631871478773], [-70.4598614367525, 18.717634665163875], [-70.45986154320246, 18.717634862343115], [-70.45986867682564, 18.717647314952625], [-70.4598687933014, 18.717647506917434], [-70.45987049217854, 18.717650154686613], [-70.45987061839949, 18.71765034097454], [-70.45987523746469, 18.717656804383456], [-70.45960122207225, 18.717774477204213]]]}}, {"type": "Feature", "properties": {"kind": "lot", "id": "E-06", "cluster": "1", "area_m2": 1390, "price_usd_m2": 63, "price_usd": 87570, "tier": "cl\u00faster 1 (+5 %)", "slope_pct": 0.0, "elev_m": 710.0}, "geometry": {"type": "Polygon", "coordinates": [[[-70.4610047219824, 18.717604486092796], [-70.46099852770674, 18.71761576529871], [-70.46098179359089, 18.717642905265784], [-70.46097363062847, 18.71765477000771], [-70.46095418523062, 18.71768021641368], [-70.46094484106054, 18.717691261647644], [-70.46092287164953, 18.71771476942854], [-70.46091243626093, 18.717724888782396], [-70.46088815441377, 18.717746231544247], [-70.46087672830501, 18.71775532756253], [-70.46086379248509, 18.71776512195871], [-70.46060482033626, 18.717951509674734], [-70.46044891463158, 18.71770703799938], [-70.46067591172105, 18.717543663540578], [-70.4610047219824, 18.717604486092796]]]}}, {"type": "Feature", "properties": {"kind": "lot", "id": "E-07", "cluster": "1", "area_m2": 800, "price_usd_m2": 63, "price_usd": 50400, "tier": "cl\u00faster 1 (+5 %)", "slope_pct": 0.0, "elev_m": 710.0}, "geometry": {"type": "Polygon", "coordinates": [[[-70.45960122207225, 18.717774477204213], [-70.45987523746469, 18.717656804383456], [-70.45987899865769, 18.717662067380452], [-70.45987906532851, 18.71766215825478], [-70.45988001496323, 18.717663419390565], [-70.45988008395452, 18.717663508678502], [-70.4599545433052, 18.717757436860317], [-70.45992500828221, 18.717804460235243], [-70.45992489898636, 18.717804643851284], [-70.45992322322236, 18.71780761902258], [-70.45992312304772, 18.71780780730296], [-70.45988216188746, 18.717889471239232], [-70.45988208540662, 18.717889631689083], [-70.45988091471746, 18.71789222064684], [-70.45988084486216, 18.71789238381671], [-70.45986271830476, 18.71793720463412], [-70.45984642483778, 18.717977492822094], [-70.45984637414831, 18.717977624189672], [-70.45984559747916, 18.71797973753603], [-70.45984555108497, 18.717979870336755], [-70.45982310565314, 18.71804760285452], [-70.45980888743527, 18.718035538792883], [-70.4597982672366, 18.718025595504628], [-70.4597885969811, 18.71801560676778], [-70.45977586815758, 18.718002458728964], [-70.4597663219577, 18.717991571453812], [-70.45975604282023, 18.717979245666406], [-70.45964173596089, 18.717835050904984], [-70.45963210395854, 18.717822259371967], [-70.45962372370782, 18.71781053295457], [-70.45960649226134, 18.717783676985356], [-70.45960122207225, 18.717774477204213]]]}}, {"type": "Feature", "properties": {"kind": "lot", "id": "E-08", "cluster": "1", "area_m2": 1307, "price_usd_m2": 63, "price_usd": 82341, "tier": "cl\u00faster 1 (+5 %)", "slope_pct": 0.0, "elev_m": 710.0}, "geometry": {"type": "Polygon", "coordinates": [[[-70.46060482033626, 18.717951509674734], [-70.4604400640716, 18.71807008784724], [-70.46042663940759, 18.718079265622798], [-70.46041433257551, 18.718087250680085], [-70.46038614732278, 18.718103669544643], [-70.4603730783331, 18.718110466763125], [-70.46034333980045, 18.718124174223032], [-70.46032963451529, 18.71812971814128], [-70.46029862910247, 18.718140582185164], [-70.46028441951194, 18.718144819411755], [-70.46025244581996, 18.718152735411987], [-70.46023786877112, 18.71815562513974], [-70.46020523472625, 18.71816051686017], [-70.46019043060508, 18.718162031259137], [-70.46016339552945, 18.718163523454727], [-70.4602230112588, 18.717863650344288], [-70.46022661483067, 18.717862192665866], [-70.46022682674375, 18.717862101033266], [-70.46022975870868, 18.717860749595786], [-70.46022996564774, 18.717860648165892], [-70.46024303462542, 18.717853850958136], [-70.46024323609193, 18.71785373997529], [-70.46024601491752, 18.71785212121644], [-70.4602462104261, 18.717852000948017], [-70.46025851725072, 18.717844015902205], [-70.46025861262302, 18.717843952375596], [-70.46025993618076, 18.71784304752575], [-70.46026002988813, 18.717842981788102], [-70.46044891463158, 18.71770703799938], [-70.46060482033626, 18.717951509674734]]]}}, {"type": "Feature", "properties": {"kind": "lot", "id": "E-09", "cluster": "1", "area_m2": 860, "price_usd_m2": 63, "price_usd": 54180, "tier": "cl\u00faster 1 (+5 %)", "slope_pct": 0.0, "elev_m": 710.0}, "geometry": {"type": "Polygon", "coordinates": [[[-70.46016339552945, 18.718163523454727], [-70.46015745049341, 18.718163851589278], [-70.46014256187283, 18.718163976074766], [-70.46010955331347, 18.718162707483533], [-70.4600947235802, 18.71816144085659], [-70.46006200446622, 18.71815709556113], [-70.46004737643986, 18.718154450020094], [-70.46001526187675, 18.71814706986813], [-70.46000097643433, 18.71814307089113], [-70.4599697757053, 18.71813272695797], [-70.45995597042445, 18.718127413057566], [-70.45992598401173, 18.718114204961545], [-70.45991279184577, 18.71810762731383], [-70.45989609857905, 18.718098282365144], [-70.45989804838553, 18.718091520566126], [-70.45992653531258, 18.71800555679673], [-70.45995988089852, 18.717923104413757], [-70.45999926338239, 18.717844587798492], [-70.4600110593067, 18.717825807231367], [-70.4600182393309, 18.717832529608405], [-70.46001840927424, 18.71783268109061], [-70.4600208416535, 18.71783474494615], [-70.46002101919294, 18.717834888300445], [-70.46003261110494, 18.717843791830923], [-70.46003279581277, 18.71784392671195], [-70.46003542878618, 18.717845753458935], [-70.46003562021743, 18.717845879541763], [-70.46004807220844, 18.717853657580026], [-70.46004826990192, 18.717853774560893], [-70.46005107811249, 18.717855346606704], [-70.46005128159194, 18.71785545420381], [-70.46006447374222, 18.717862031842913], [-70.46006468251747, 18.71786212979703], [-70.46006763892053, 18.71786343200198], [-70.46006785248859, 18.71786352007714], [-70.46008165775027, 18.717868833970662], [-70.46008187559664, 18.717868911954678], [-70.46008495172033, 18.717869931777784], [-70.46008517332022, 18.71786999948279], [-70.46009945874071, 18.71787399845491], [-70.46009968356023, 18.717874055717786], [-70.46010284977974, 18.717874783337567], [-70.4601030772773, 18.717874830020378], [-70.4601177052798, 18.717877475558726], [-70.46011793490733, 18.71787751154899], [-70.46012116073013, 18.717877939958065], [-70.46012139193444, 18.717877965169095], [-70.46013622164287, 18.717879231795628], [-70.46013645386694, 18.717879246166678], [-70.46013970822649, 18.71787937123922], [-70.46013994091092, 18.717879374735674], [-70.46015482950662, 18.717879250252096], [-70.4601550620908, 18.71787924286553], [-70.46015831364575, 18.717879063397017], [-70.46015854556941, 18.717879045145224], [-70.4601733496666, 18.717877530750403], [-70.46017358037098, 18.717877501677354], [-70.46017679780695, 18.71787701939619], [-70.46017702673629, 18.717876979571937], [-70.46019160376298, 18.717874089850397], [-70.46019183036574, 18.717874039370855], [-70.46019498269699, 18.717873258921692], [-70.46019520642727, 18.717873197908492], [-70.46020941599834, 18.717868960689945], [-70.46020963631716, 18.717868889290067], [-70.46021269318496, 18.717867818189085], [-70.46021290956153, 18.717867736574544], [-70.4602230112588, 18.717863650344288], [-70.46016339552945, 18.718163523454727]]]}}, {"type": "Feature", "properties": {"kind": "lot", "id": "E-10", "cluster": "finca", "area_m2": 1349, "price_usd_m2": 60, "price_usd": 80940, "tier": "base", "slope_pct": 0.0, "elev_m": 710.0}, "geometry": {"type": "Polygon", "coordinates": [[[-70.45946277295495, 18.71779231886413], [-70.45946546564113, 18.71779797259224], [-70.45947985145048, 18.717826308573827], [-70.45948283204125, 18.717831829598992], [-70.45948996564711, 18.71784428222401], [-70.4594932269615, 18.71784965724572], [-70.45951045839834, 18.71787651322594], [-70.45951399258018, 18.717881729294998], [-70.45952237282758, 18.717893455717494], [-70.45952423960813, 18.717896000202167], [-70.45953387160738, 18.717908791740907], [-70.45953580336175, 18.717911291806725], [-70.45958246779153, 18.71797015770302], [-70.45965011019223, 18.718055486634302], [-70.45965210575993, 18.718057940773964], [-70.45966238489548, 18.718070266567164], [-70.45966444307138, 18.71807267330369], [-70.45967398927006, 18.718083560584073], [-70.45967828845001, 18.718088226078354], [-70.45970068752882, 18.718111362865617], [-70.45970522178838, 18.71811582173813], [-70.45971584198804, 18.718125765031562], [-70.45972060040316, 18.718130006540786], [-70.45974527169354, 18.71815093996915], [-70.45975024280138, 18.71815495389645], [-70.45976183472355, 18.71816385744287], [-70.45976700654761, 18.718167634118686], [-70.45978313593126, 18.718178824632812], [-70.45976078049691, 18.718243228216803], [-70.45972746292973, 18.718325791048724], [-70.45971757692931, 18.71834503253249], [-70.45933006444747, 18.71816427222309], [-70.4593315814037, 18.71816131972966], [-70.45935437702312, 18.718104831223155], [-70.45937730684936, 18.718038773340556], [-70.45939992991394, 18.717960318901444], [-70.45940499033506, 18.717943981939456], [-70.45941319306789, 18.71791922913687], [-70.45943411797718, 18.717856085498173], [-70.45944382640037, 18.717829668685585], [-70.45946075937798, 18.71778779945782], [-70.45946277295495, 18.71779231886413]]]}}, {"type": "Feature", "properties": {"kind": "lot", "id": "E-11", "cluster": "finca", "area_m2": 2486, "price_usd_m2": 60, "price_usd": 149160, "tier": "base", "slope_pct": 0.0, "elev_m": 710.0}, "geometry": {"type": "Polygon", "coordinates": [[[-70.45950717231497, 18.718600450012822], [-70.45942526929882, 18.71865633291771], [-70.459331547792, 18.71870729491864], [-70.45924016973844, 18.71875202820077], [-70.45904121841323, 18.71838723138681], [-70.45912593755365, 18.718345757955237], [-70.4591921296614, 18.718309765377693], [-70.45923757394054, 18.718278758520878], [-70.45923875551296, 18.71827795232787], [-70.45926961332889, 18.71825218850912], [-70.45929241625024, 18.7182262649313], [-70.45931350334178, 18.718196505549344], [-70.45933006444747, 18.71816427222309], [-70.45971757692931, 18.71834503253249], [-70.45968784744774, 18.718402896081223], [-70.45963747242459, 18.718473988594944], [-70.45957894637644, 18.71854052428591], [-70.45952201433735, 18.71858805809064], [-70.45950717231497, 18.718600450012822]]]}}, {"type": "Feature", "properties": {"kind": "lot", "id": "E-12", "cluster": "finca", "area_m2": 2641, "price_usd_m2": 60, "price_usd": 158460, "tier": "base", "slope_pct": 0.0, "elev_m": 710.0}, "geometry": {"type": "Polygon", "coordinates": [[[-70.45997844250223, 18.718603314643925], [-70.45997802472773, 18.718603119469435], [-70.45997758888748, 18.718602964252323], [-70.45997713917882, 18.71860285048742], [-70.45997667993272, 18.718602779270352], [-70.45997621557197, 18.718602751286962], [-70.45997575056862, 18.718602766806764], [-70.45997528940089, 18.71860282568028], [-70.45997483651009, 18.718602927340523], [-70.45997439625778, 18.718603070808467], [-70.45997397288389, 18.718603254702423], [-70.45997357046566, 18.718603477251396], [-70.45997319287868, 18.71860373631212], [-70.45997284375925, 18.71860402938969], [-70.45997252646961, 18.718604353661622], [-70.45997224406545, 18.71860470600499], [-70.45997199926646, 18.71860508302654], [-70.45980399866887, 18.71889468531562], [-70.45957825884159, 18.718649217987846], [-70.45963766207007, 18.71859962091613], [-70.45963779674783, 18.71859950403712], [-70.45963991310018, 18.71859759522694], [-70.45964016782955, 18.718597347118852], [-70.45964212413872, 18.718595289129684], [-70.45964224381429, 18.718595158266865], [-70.45970430290986, 18.718524605976416], [-70.45970445586958, 18.71852442263121], [-70.45970682179937, 18.718521430650668], [-70.45970696458087, 18.718521239998314], [-70.45976023619647, 18.71844605957747], [-70.45976041048175, 18.718445794233975], [-70.45976304142714, 18.718441461837006], [-70.45976319601006, 18.71844118563088], [-70.45979422784207, 18.718380787216905], [-70.45980494154281, 18.71835993473055], [-70.45980502928322, 18.718359753974482], [-70.45980636556155, 18.718356833806048], [-70.45980644485594, 18.718356649541068], [-70.4598408030312, 18.718271507921656], [-70.45984084232276, 18.718271406980307], [-70.45984145070317, 18.718269785011035], [-70.45984148745913, 18.718269683206223], [-70.45985771530809, 18.718222932471104], [-70.4598644328951, 18.71822628187718], [-70.45987027861212, 18.718229024597868], [-70.4599002650421, 18.718242232701567], [-70.4599062449594, 18.718244698810487], [-70.45992005024878, 18.718250012713952], [-70.45992614995964, 18.71825219627055], [-70.45995735070903, 18.718262540209537], [-70.459963555519, 18.71826443595281], [-70.45997784097118, 18.718268434931986], [-70.45998413593183, 18.71827003829548], [-70.46001625051761, 18.718277418451187], [-70.46002262046399, 18.71827872557163], [-70.46003724850095, 18.718281371113864], [-70.46004367808689, 18.71828237884288], [-70.460076397225, 18.718286724139872], [-70.46008287096109, 18.71828743004911], [-70.4600977007054, 18.71828869667623], [-70.46010420299557, 18.718289099065718], [-70.46013721157955, 18.718290367656213], [-70.4601437267591, 18.718290465555928], [-70.46015861539074, 18.718290341069583], [-70.46016512776387, 18.718290134244327], [-70.46019810789974, 18.71828831391119], [-70.46020460177735, 18.718287802858598], [-70.46021940590917, 18.718286288457794], [-70.4602258656469, 18.71828547440969], [-70.46025849971464, 18.71828058268413], [-70.46026490975005, 18.718279467601036], [-70.46027948680874, 18.718276577870515], [-70.46028583169965, 18.718275164439415], [-70.46029305518361, 18.71827337605983], [-70.46028845648169, 18.718289324176773], [-70.46028141724591, 18.718311494660387], [-70.4602511210249, 18.71839877554386], [-70.4602435163148, 18.718419050173114], [-70.46020915832251, 18.718504191853395], [-70.46019245491728, 18.718540693988736], [-70.46018174125601, 18.71856154649441], [-70.46015070953831, 18.718621944964326], [-70.46011782280966, 18.718676099985387], [-70.46011750168857, 18.718676553174337], [-70.45997844250223, 18.718603314643925]]]}}, {"type": "Feature", "properties": {"kind": "lot", "id": "E-13", "cluster": "finca", "area_m2": 1678, "price_usd_m2": 60, "price_usd": 100680, "tier": "base", "slope_pct": 0.0, "elev_m": 710.0}, "geometry": {"type": "Polygon", "coordinates": [[[-70.45924016973844, 18.71875202820077], [-70.45923079257724, 18.718756618699675], [-70.45923074758984, 18.718756641013414], [-70.45923002981597, 18.718757001691152], [-70.45922998508165, 18.718757024462143], [-70.45913093485822, 18.71880809437798], [-70.45913084308327, 18.718808142956018], [-70.45912938389445, 18.71880893559864], [-70.45912929327082, 18.71880898610093], [-70.45905395601473, 18.71885204326365], [-70.45905230991318, 18.718851439535225], [-70.45904617322648, 18.71884935209409], [-70.45901126234477, 18.718838389546974], [-70.45900502555436, 18.718836591528365], [-70.45899067279996, 18.718832817491347], [-70.45898435093024, 18.71883131322755], [-70.45894848044817, 18.718823663912495], [-70.45894208872926, 18.718822457026636], [-70.4589274168559, 18.718820041614602], [-70.4589209706856, 18.71881913501492], [-70.45888448605187, 18.718814872598447], [-70.45887800095956, 18.718814268468236], [-70.45886564263728, 18.718813408340214], [-70.45869853171186, 18.718580412123796], [-70.45871091975077, 18.71857235966182], [-70.45880179640562, 18.718516985100727], [-70.45881335380639, 18.71851016319164], [-70.45890735948232, 18.718456436615007], [-70.45892559931977, 18.71844652860445], [-70.45902464941054, 18.718395458805468], [-70.45903362157145, 18.718390950344073], [-70.45904121841323, 18.71838723138681], [-70.45924016973844, 18.71875202820077]]]}}, {"type": "Feature", "properties": {"kind": "lot", "id": "E-14", "cluster": "finca", "area_m2": 2205, "price_usd_m2": 60, "price_usd": 132300, "tier": "base", "slope_pct": 0.0, "elev_m": 710.0}, "geometry": {"type": "Polygon", "coordinates": [[[-70.45943024211606, 18.71919726678203], [-70.4594277442113, 18.719191532443503], [-70.45942170066782, 18.71917856674609], [-70.45941891047208, 18.71917295609937], [-70.45940236008511, 18.719141683144308], [-70.45939928432097, 18.719136209705677], [-70.4593919361066, 18.71912387086791], [-70.45938858218321, 18.719118547823502], [-70.4593688944653, 18.719088971151105], [-70.45936527046335, 18.719083811324253], [-70.45935668834613, 18.719072218175207], [-70.45935280299551, 18.719067233996622], [-70.45933016755151, 18.719039638444613], [-70.45932603021315, 18.71903484192119], [-70.45931629684397, 18.719024106108478], [-70.45931191748431, 18.71901950879577], [-70.45928655230665, 18.718994160122588], [-70.45928194147676, 18.71898977309542], [-70.4592711505934, 18.718979998010038], [-70.45926631940036, 18.718975831837508], [-70.45923846876941, 18.71895297416285], [-70.45923342885276, 18.718949038881068], [-70.45922168437713, 18.718940318661716], [-70.45921644787762, 18.71893662375156], [-70.45918638000938, 18.718916477205592], [-70.4591809595429, 18.7189130315678], [-70.45916837458024, 18.718905450194253], [-70.45916278320439, 18.718902262130175], [-70.45914694028075, 18.71889372487411], [-70.4591723819445, 18.71887918430612], [-70.45927019956683, 18.71882874990503], [-70.45927952285405, 18.718824185778765], [-70.45937138342087, 18.71877921627821], [-70.45937147561217, 18.71877916991921], [-70.45937294193762, 18.718778412815208], [-70.45937303303698, 18.718778364536217], [-70.45946947724715, 18.718725922027495], [-70.45946968582653, 18.71872580173298], [-70.45947296897039, 18.718723796561303], [-70.45947317078401, 18.718723666209353], [-70.4595585627598, 18.71866540275238], [-70.45955874844675, 18.718665269374032], [-70.45956166274456, 18.71866306720442], [-70.45956184134482, 18.718662925311566], [-70.45957825884159, 18.718649217987846], [-70.45980399866887, 18.71889468531562], [-70.45974263312243, 18.719000468023914], [-70.4597424282852, 18.71900086609252], [-70.45974226538344, 18.719001281374815], [-70.459742145986, 18.719001709871385], [-70.45974207124274, 18.719002147455598], [-70.45974204187348, 18.719002589913266], [-70.45974205816108, 18.719003032983277], [-70.45974211994864, 18.719003472398626], [-70.45974222664115, 18.71900390392751], [-70.45974237721109, 18.719004323414058], [-70.45974257020838, 18.719004726818397], [-70.45974280377436, 18.71900511025552], [-70.45974307565966, 18.71900547003271], [-70.4597433832459, 18.71900580268512], [-70.45974372357081, 18.71900610500913], [-70.4597440933569, 18.71900637409319], [-70.45974448904293, 18.719006607345875], [-70.45977557084314, 18.719022977268274], [-70.459724368402, 18.71905791303607], [-70.45968332906222, 18.719082977735425], [-70.45958688473202, 18.719135420361678], [-70.45956855563946, 18.719144884183258], [-70.45947847525333, 18.719188982253353], [-70.45947147701767, 18.719192408176095], [-70.45943574534401, 18.71921083131913], [-70.45943024211606, 18.71919726678203]]]}}, {"type": "Feature", "properties": {"kind": "lot", "id": "E-15", "cluster": "2", "area_m2": 841, "price_usd_m2": 63, "price_usd": 52983, "tier": "cl\u00faster 2 (+5 %)", "slope_pct": 0.0, "elev_m": 710.0}, "geometry": {"type": "Polygon", "coordinates": [[[-70.45846817505478, 18.719013163151445], [-70.45868184788047, 18.71895666454085], [-70.45869967820373, 18.71895239603935], [-70.45871420336077, 18.718949277764594], [-70.45875041558098, 18.71894326531191], [-70.45876519156931, 18.718941518606], [-70.4588018479131, 18.71893891708655], [-70.45881673243304, 18.718938558771004], [-70.45885347988272, 18.71893939323841], [-70.45886832958949, 18.718940426763876], [-70.45890481425022, 18.718944689181633], [-70.45890553695364, 18.71894480815938], [-70.45885658985509, 18.718978698415068], [-70.45885639579583, 18.718978840207004], [-70.45885335429585, 18.718981183640427], [-70.4588531681676, 18.718981334777677], [-70.45877847045584, 18.719045230602596], [-70.45877832362599, 18.719045361665625], [-70.45877602209077, 18.71904750521344], [-70.45877574658813, 18.719047784545243], [-70.45877364404978, 18.71905010628243], [-70.45877339439109, 18.719050406862333], [-70.45877150598682, 18.71905289007358], [-70.45877139141828, 18.719053047660864], [-70.4587188931322, 18.719128635465985], [-70.45871875029367, 18.719128854459672], [-70.45871657163642, 18.71913241762211], [-70.45871632641587, 18.719132877095824], [-70.45871458793457, 18.7191366535393], [-70.45871448635133, 18.719136892522638], [-70.45868104294358, 18.719222516147287], [-70.4586809725685, 18.719222709631136], [-70.45867992076118, 18.719225828091986], [-70.45867980795931, 18.71922622317604], [-70.45867905679073, 18.719229419566226], [-70.45867898199336, 18.71922982275881], [-70.45867853763372, 18.719233070822852], [-70.45867851469109, 18.719233274426742], [-70.4586733255298, 18.719291793304972], [-70.4586003956579, 18.719311077162374], [-70.45846817505478, 18.719013163151445]]]}}, {"type": "Feature", "properties": {"kind": "lot", "id": "E-16", "cluster": "2", "area_m2": 1765, "price_usd_m2": 63, "price_usd": 111195, "tier": "cl\u00faster 2 (+5 %)", "slope_pct": 0.1, "elev_m": 710.0}, "geometry": {"type": "Polygon", "coordinates": [[[-70.45889780334015, 18.719274015032774], [-70.45889758827543, 18.719273930324196], [-70.4588836928325, 18.71926883399762], [-70.45888347366463, 18.719268759445995], [-70.45888038028812, 18.71926778807915], [-70.45888015754507, 18.71926772386408], [-70.45886580475559, 18.719263949819954], [-70.45886557897397, 18.719263896096138], [-70.45886240056882, 18.719263218307546], [-70.45886217229257, 18.719263175204414], [-70.45884750038137, 18.719260759788746], [-70.4588472701604, 18.71926072741013], [-70.45884403733629, 18.719260349727254], [-70.45884380572525, 18.71926032815118], [-70.45882895599038, 18.719259294625694], [-70.45882872354723, 18.7192592839041], [-70.45882546743793, 18.719259209964232], [-70.45882523472262, 18.71925921012299], [-70.45881035017473, 18.71925956844111], [-70.4588101177479, 18.7192595794798], [-70.45880686971144, 18.719259809995023], [-70.45880663813305, 18.719259831887076], [-70.45879186211796, 18.719261578598054], [-70.4587916319459, 18.71926161129072], [-70.45878842326253, 18.719262144041053], [-70.45878819505127, 18.719262187455577], [-70.45877366986969, 18.719265305737707], [-70.45877355667139, 18.719265331433977], [-70.45877197676673, 18.7192657096565], [-70.45877186426435, 18.719265737992007], [-70.45876102970045, 18.719268602837378], [-70.45876306372953, 18.719245664682433], [-70.4587927638926, 18.71916962462113], [-70.45883954751154, 18.719102264835037], [-70.45890854120817, 18.719043248158304], [-70.45895683779418, 18.719009808298694], [-70.458990418637, 18.718986557392842], [-70.45901323957237, 18.71897265172771], [-70.45901851573184, 18.718974586824956], [-70.45905213082546, 18.71898875703787], [-70.4590654350831, 18.71899512655717], [-70.459097430636, 18.719012367963835], [-70.45911001560413, 18.71901994934175], [-70.45914008348348, 18.71904009589912], [-70.45915182796256, 18.71904881612332], [-70.45917967859948, 18.719071673810355], [-70.4591904694842, 18.71908144890087], [-70.45921583466252, 18.719106797586925], [-70.45922556803086, 18.719117533404873], [-70.45924820347014, 18.719145128969764], [-70.4592567855844, 18.719156722123948], [-70.45927647329243, 18.719186298808733], [-70.45928382150178, 18.719198637651328], [-70.45930037187406, 18.719229910617788], [-70.45930641541068, 18.719242876319555], [-70.45931486826102, 18.719263711217835], [-70.45904193125155, 18.719517231880843], [-70.45900532437088, 18.719391542402622], [-70.45900529188039, 18.719391435934945], [-70.45900481788654, 18.719389950930132], [-70.45900478266363, 18.719389845254263], [-70.45900010202443, 18.719376377550255], [-70.45900002346787, 18.719376168828045], [-70.45899884909844, 18.719373274186363], [-70.45899875988795, 18.719373069388325], [-70.45899271636867, 18.719360103675523], [-70.45899261671919, 18.719359903295036], [-70.45899115023379, 18.719357132270126], [-70.45899104038537, 18.71935693678992], [-70.45898369218868, 18.71934459793505], [-70.45898357240597, 18.719344407826046], [-70.45898182792773, 18.71934178710437], [-70.45898169849929, 18.719341602824564], [-70.45897311639256, 18.719330009657348], [-70.45897297763018, 18.719329831650676], [-70.4589709719594, 18.71932738647115], [-70.45897082419738, 18.71932721516646], [-70.45896109083111, 18.71931647933523], [-70.45896093442545, 18.719316315145193], [-70.45895868687785, 18.719314069056193], [-70.45895852220531, 18.71931391237637], [-70.45894773131717, 18.719304137272825], [-70.45894755877447, 18.719303988480664], [-70.45894509099517, 18.719301963113214], [-70.45894491099797, 18.719301822567168], [-70.45893316651006, 18.719293102330692], [-70.45893297949202, 18.71929297036934], [-70.45893031524704, 18.719291185228784], [-70.45893012165868, 18.71929106217005], [-70.4589175366767, 18.719283480781083], [-70.45891733698438, 18.71928336692141], [-70.45891450193184, 18.719281839199585], [-70.45891429661665, 18.719281734813283], [-70.45890099234063, 18.719275365284567], [-70.4589007818972, 18.7192752706231], [-70.45889847679173, 18.71927429892169], [-70.45889780334015, 18.719274015032774]]]}}, {"type": "Feature", "properties": {"kind": "lot", "id": "E-17", "cluster": "2", "area_m2": 1467, "price_usd_m2": 63, "price_usd": 92421, "tier": "cl\u00faster 2 (+5 %)", "slope_pct": 6.9, "elev_m": 710.7}, "geometry": {"type": "Polygon", "coordinates": [[[-70.45811569013183, 18.719309602612093], [-70.45812984228493, 18.719279123361286], [-70.45813652721247, 18.719266446699493], [-70.45815462236526, 18.719235960471543], [-70.458162579144, 18.719223969179044], [-70.45818372326336, 18.719195319717397], [-70.45819287526454, 18.719184129276403], [-70.45821686471982, 18.719157592489697], [-70.45822712380428, 18.719147310669722], [-70.45825372756325, 18.719123142120274], [-70.45826499493025, 18.719113867940262], [-70.45829395678398, 18.719092300383068], [-70.4583061239227, 18.719084123157856], [-70.45833716495335, 18.719065364298697], [-70.45835011468792, 18.71905836277885], [-70.45838293595449, 18.719042593274445], [-70.45839654357249, 18.719036834887863], [-70.45843082898992, 18.719024206605837], [-70.4584449634433, 18.71901974680845], [-70.45846255249015, 18.719014649846304], [-70.45846817505478, 18.719013163151445], [-70.4586003956579, 18.719311077162374], [-70.45855256852191, 18.719323723426115], [-70.45855245678314, 18.719323754383677], [-70.45855089825757, 18.719324206014214], [-70.45855078734982, 18.719324239575297], [-70.4585366528751, 18.719328699382068], [-70.45853643381926, 18.719328774232388], [-70.45853339586664, 18.719329893196328], [-70.45853318092925, 18.71932997819801], [-70.4585195732939, 18.719335736595614], [-70.4585193629927, 18.71933583154387], [-70.45851645477592, 18.719337228844285], [-70.45851624961757, 18.71933733351038], [-70.45850329987029, 18.719344335042496], [-70.45850310034903, 18.719344449174283], [-70.45850034987575, 18.719346111354454], [-70.45850015647225, 18.71934623467698], [-70.458487989326, 18.719354411915216], [-70.45848780250617, 18.719354544131388], [-70.45848523626492, 18.71935645518365], [-70.45848505647885, 18.71935659597495], [-70.45847378910975, 18.719365870168236], [-70.45847361679054, 18.719366019195487], [-70.45847125949558, 18.719368160715412], [-70.45847109505837, 18.71936831761959], [-70.45846083597733, 18.719378599452604], [-70.45846067981827, 18.719378763855715], [-70.45845855417167, 18.71938111521934], [-70.45845840666695, 18.71938128672532], [-70.45844925467458, 18.7193924771786], [-70.45844911617954, 18.719392655374282], [-70.45844724265247, 18.719395193936737], [-70.45844711350078, 18.719395378392832], [-70.45843915673589, 18.719407369696388], [-70.45843903723869, 18.719407559968523], [-70.45843743387425, 18.71941026128211], [-70.4584373243194, 18.719410456911913], [-70.45843063941025, 18.719423133583113], [-70.45843054006168, 18.71942333409929], [-70.45842922230123, 18.719426172148907], [-70.45842913339831, 18.719426377068398], [-70.45842378472449, 18.719439617024126], [-70.45842370648137, 18.719439825853257], [-70.45842268701571, 18.719442773306973], [-70.45842261962089, 18.719442985542663], [-70.45841865869343, 18.71945666127502], [-70.45841860230928, 18.71945687640597], [-70.45841789095654, 18.719459904878224], [-70.45841784571887, 18.719460122386167], [-70.45841531068409, 18.719474102190468], [-70.45841527670191, 18.71947432155141], [-70.45841488031287, 18.719477401876357], [-70.45841485766805, 18.719477622561843], [-70.45841377294012, 18.719491771804968], [-70.4584137616872, 18.719491993283334], [-70.45841368407943, 18.719495095795768], [-70.45841368424551, 18.71949531753346], [-70.45841386291069, 18.71950205617539], [-70.45811569013183, 18.719309602612093]]]}}, {"type": "Feature", "properties": {"kind": "lot", "id": "E-18", "cluster": "2", "area_m2": 1892, "price_usd_m2": 63, "price_usd": 119196, "tier": "cl\u00faster 2 (+5 %)", "slope_pct": 10.2, "elev_m": 712.4}, "geometry": {"type": "Polygon", "coordinates": [[[-70.45912886957844, 18.719815733157244], [-70.45904193125155, 18.719517231880843], [-70.45931486826102, 18.719263711217835], [-70.4593196690564, 18.719275544393234], [-70.45932434971692, 18.719289012087867], [-70.45932969910346, 18.719305771416888], [-70.4594919849272, 18.719862973454756], [-70.45949646485258, 18.719879962689387], [-70.45949913152783, 18.719891239726987], [-70.45912886957844, 18.719815733157244]]]}}, {"type": "Feature", "properties": {"kind": "lot", "id": "E-19", "cluster": "2", "area_m2": 1319, "price_usd_m2": 51, "price_usd": 67269, "tier": "pendiente 12-22 % (-15 %)", "slope_pct": 12.1, "elev_m": 711.6}, "geometry": {"type": "Polygon", "coordinates": [[[-70.45808695129888, 18.7194020020191], [-70.45809415526152, 18.719371332538298], [-70.45809811621413, 18.71935765681103], [-70.45810962167074, 18.719324392705964], [-70.45811497036674, 18.71931115275763], [-70.45811569013183, 18.719309602612093], [-70.45841386291069, 18.71950205617539], [-70.45841406027144, 18.71950949995047], [-70.45841407185617, 18.719509721413306], [-70.45841431377714, 18.719512816234346], [-70.45841433675257, 18.7195130368888], [-70.45841616991147, 18.719527115895218], [-70.45841620422226, 18.71952733520971], [-70.45841676334226, 18.7195303925345], [-70.45841680890575, 18.719530609980694], [-70.45842008154372, 18.71954444998791], [-70.458420108512, 18.719544557846472], [-70.45842050545708, 18.719546063224715], [-70.45842053519527, 18.71954617042019], [-70.4584933383285, 18.71979614215626], [-70.45858027589067, 18.720094643734722], [-70.45856756721295, 18.720115281458824], [-70.45836637577969, 18.719816695299336], [-70.45825991732502, 18.719658700840817], [-70.45808695129888, 18.7194020020191]]]}}, {"type": "Feature", "properties": {"kind": "lot", "id": "E-20", "cluster": "2", "area_m2": 1477, "price_usd_m2": 63, "price_usd": 93051, "tier": "cl\u00faster 2 (+5 %)", "slope_pct": 11.5, "elev_m": 716.6}, "geometry": {"type": "Polygon", "coordinates": [[[-70.45914358507324, 18.720095688536045], [-70.45914898828903, 18.720087545535595], [-70.45914910778583, 18.720087355263036], [-70.45915071114408, 18.720084653943886], [-70.45915082069845, 18.720084458313707], [-70.45915750557427, 18.720071781619552], [-70.45915760492228, 18.720071581103035], [-70.45915892267436, 18.720068743048966], [-70.45915901157667, 18.72006853812918], [-70.45916436020777, 18.720055298155867], [-70.45916443845019, 18.720055089326483], [-70.45916545790554, 18.720052141869537], [-70.4591655252996, 18.72005192963364], [-70.45916948617605, 18.72003825388947], [-70.4591695425594, 18.720038038758364], [-70.45917025390017, 18.720035010284185], [-70.45917029913696, 18.720034792776126], [-70.4591728341138, 18.720020812966077], [-70.45917286809504, 18.720020593605067], [-70.45917326447075, 18.720017513279537], [-70.4591732871146, 18.72001729259404], [-70.45917437177904, 18.72000314335136], [-70.45917438303096, 18.72000292187302], [-70.45917446062437, 18.719999819361362], [-70.45917446045722, 18.719999597623755], [-70.45917408436381, 18.71998541521339], [-70.45917407277804, 18.719985193750688], [-70.45917383084198, 18.71998209893176], [-70.45917380786547, 18.719981878277483], [-70.45917197463666, 18.71996779928376], [-70.45917194032477, 18.719967579969484], [-70.45917138118932, 18.7199645226481], [-70.45917133562472, 18.719964305202183], [-70.45916806291592, 18.719950465213422], [-70.4591680359471, 18.719950357355003], [-70.4591676389943, 18.71994885197892], [-70.45916760925556, 18.719948744783615], [-70.45912886957844, 18.719815733157244], [-70.45949913152783, 18.719891239726987], [-70.4594997375859, 18.719893802670775], [-70.45950604789226, 18.719928306710937], [-70.45950788114783, 18.719942385699586], [-70.45951061163679, 18.719977312932205], [-70.45951098775815, 18.719991495339986], [-70.45951011213056, 18.72002650939693], [-70.45950902749419, 18.720040658639626], [-70.45950455417967, 18.720075422316732], [-70.45950201922997, 18.720089402129396], [-70.45949399130592, 18.72012358063321], [-70.45949003045462, 18.720137256382475], [-70.45947852523139, 18.720170520554912], [-70.45947317662251, 18.72018376053562], [-70.45945830489907, 18.720215790023808], [-70.45945162004163, 18.72022846672737], [-70.45943352503858, 18.72025895306888], [-70.45943331892033, 18.72025926370343], [-70.45943164523041, 18.720260016218173], [-70.45943126810639, 18.72026020598737], [-70.45940970312361, 18.72027226939469], [-70.4594093706513, 18.720272473610954], [-70.45938819161584, 18.7202867081739], [-70.45938789798618, 18.720286922338044], [-70.45936730886312, 18.720303190970196], [-70.4593670487297, 18.720303412399332], [-70.4593592492027, 18.720310560066423], [-70.45914358507324, 18.720095688536045]]]}}, {"type": "Feature", "properties": {"kind": "lot", "id": "E-21", "cluster": "2", "area_m2": 1869, "price_usd_m2": 63, "price_usd": 117747, "tier": "cl\u00faster 2 (+5 %)", "slope_pct": 11.8, "elev_m": 717.1}, "geometry": {"type": "Polygon", "coordinates": [[[-70.45858281838697, 18.72010337341973], [-70.45858285087738, 18.720103479887484], [-70.45858332487006, 18.720104964893366], [-70.45858336009292, 18.720105070569318], [-70.45858804072428, 18.72011853828361], [-70.45858811928076, 18.720118747005998], [-70.4585892936495, 18.720121641650145], [-70.45858938285997, 18.720121846448375], [-70.4585954263809, 18.720134812173427], [-70.45859552603046, 18.72013501255411], [-70.45859699251729, 18.720137783581876], [-70.45859710236586, 18.720137979062294], [-70.45860445057423, 18.720150317930898], [-70.45860457035718, 18.72015050804012], [-70.45860631483909, 18.720153128764924], [-70.45860644426786, 18.720153313044964], [-70.4586150263966, 18.720164906226866], [-70.45861516515937, 18.720165084233766], [-70.4586171708361, 18.720167529416567], [-70.45861731859858, 18.720167700721497], [-70.45862705199725, 18.720178436567817], [-70.45862720840348, 18.720178600758082], [-70.45862945595928, 18.720180846850376], [-70.45862962063245, 18.72018100353044], [-70.45864041156312, 18.720190778648888], [-70.45864058410653, 18.720190927441276], [-70.4586430518962, 18.72019295281192], [-70.45864323189417, 18.720193093358194], [-70.45865497643422, 18.720201813608828], [-70.45865516345313, 18.72020194557038], [-70.45865782771048, 18.72020373071392], [-70.45865802129977, 18.72020385377286], [-70.45867060634271, 18.720211435174686], [-70.45867080603601, 18.720211549034556], [-70.45867364110276, 18.72021307675901], [-70.45867384641899, 18.720213181145503], [-70.45868715076375, 18.720219550685318], [-70.45868736120829, 18.72021964534694], [-70.45869033978114, 18.720220900939477], [-70.45869055484701, 18.720220985648204], [-70.45870445036518, 18.720226081983697], [-70.45870466953426, 18.720226156535446], [-70.45870776292784, 18.720227127903982], [-70.45870798567212, 18.720227192119168], [-70.45872233854193, 18.720230966169712], [-70.45872256432482, 18.720231019893614], [-70.45872574274797, 18.720231697683314], [-70.45872597102553, 18.720231740786517], [-70.45874064302056, 18.720234156205873], [-70.45874087324285, 18.72023418858452], [-70.45874410608553, 18.720234566267894], [-70.45874433769791, 18.720234587844008], [-70.4587591875184, 18.720235621370325], [-70.45875941996292, 18.720235632091907], [-70.45876267609098, 18.72023570603164], [-70.45876290880763, 18.720235705872877], [-70.45877779344124, 18.720235347552723], [-70.45877802586939, 18.720235336513987], [-70.45878127392447, 18.72023510599801], [-70.45878150550419, 18.720235084105905], [-70.4587962816033, 18.720233337390145], [-70.45879651177667, 18.720233304697388], [-70.4587997204781, 18.720232771945717], [-70.45879994869065, 18.720232728531094], [-70.45880713119827, 18.720231186587466], [-70.45881447395291, 18.720229610241635], [-70.45881458715183, 18.720229584545297], [-70.45881616706517, 18.72022920632185], [-70.45881627956815, 18.720229177986273], [-70.45903557634227, 18.720171192175236], [-70.45903568808147, 18.72017116121736], [-70.45903724661304, 18.72017070958239], [-70.45903735752121, 18.72017067602099], [-70.45905149204832, 18.72016621617293], [-70.45905171110492, 18.72016614132196], [-70.45905474906803, 18.720165022348922], [-70.45905496400616, 18.720164937346595], [-70.4590685716847, 18.720159178907277], [-70.45906878198655, 18.72015908395837], [-70.45907169021169, 18.720157686648843], [-70.4590718953706, 18.720157581982104], [-70.45908484515093, 18.720150580408628], [-70.45908504467266, 18.720150466276195], [-70.45908779515202, 18.720148804087078], [-70.45908798855591, 18.72014868076392], [-70.45910015572434, 18.720140503485453], [-70.45910034254446, 18.720140371268663], [-70.45910290878935, 18.720138460207785], [-70.45910308857563, 18.72013831941589], [-70.45911435595558, 18.72012904518431], [-70.45911452827492, 18.720128896156485], [-70.45911688557098, 18.72012675462846], [-70.45911705000825, 18.72012659772372], [-70.45912730908863, 18.720116315855165], [-70.45912746524765, 18.720116151451517], [-70.45912959089284, 18.720113800080473], [-70.45912973839744, 18.720113628573984], [-70.45913889037777, 18.720102438088684], [-70.45913902887257, 18.72010225989251], [-70.45914090239579, 18.720099721323496], [-70.45914103154716, 18.720099536866954], [-70.45914358507324, 18.720095688536045], [-70.4593592492027, 18.720310560066423], [-70.4593472478031, 18.720321558425123], [-70.45934701651672, 18.72032178577621], [-70.45932819448001, 18.720341634439798], [-70.45932798815922, 18.720341867349603], [-70.45931032627882, 18.720363227497824], [-70.45931014180252, 18.72036346632865], [-70.45929381017211, 18.720386132251956], [-70.45929364514527, 18.720386377921784], [-70.45927880104766, 18.72041013133528], [-70.45927865377027, 18.7204103852104], [-70.45927671263867, 18.72041400083313], [-70.45925098243926, 18.720429550301873], [-70.45923803264625, 18.720436551887623], [-70.45920521121084, 18.720452321552585], [-70.45919160351495, 18.720458080002945], [-70.45916705886285, 18.72046712054164], [-70.45901933802901, 18.720285035067363], [-70.45901903574386, 18.72028469803008], [-70.45901870024318, 18.72028439084701], [-70.45901833475799, 18.72028411647649], [-70.45901794280812, 18.72028387756086], [-70.45901752816826, 18.720283676401017], [-70.45901709483164, 18.720283514934227], [-70.4590166469715, 18.720283394715512], [-70.459016188901, 18.720283316902638], [-70.45901572503159, 18.720283282244996], [-70.4590152598306, 18.720283291076342], [-70.45901479777817, 18.720283343311632], [-70.45901434332409, 18.72028343844782], [-70.45901390084502, 18.720283575568683], [-70.45901347460229, 18.720283753353673], [-70.45901306870084, 18.720283970090627], [-70.45901268704971, 18.720284223692254], [-70.45896016933631, 18.720322904462616], [-70.45895981561085, 18.7203231924865], [-70.4589594932178, 18.720323512158906], [-70.45895920526196, 18.720323860401216], [-70.45895895451655, 18.72032423385967], [-70.45895874339632, 18.72032462893766], [-70.45895857393452, 18.720325041830367], [-70.45895844776315, 18.720325468561406], [-70.4589583660973, 18.72032590502113], [-70.45895832972349, 18.720326347006186], [-70.45895833899196, 18.72032679026002], [-70.4589583938135, 18.72032723051386], [-70.45895849366012, 18.72032766352781], [-70.45895863757028, 18.720328085131726], [-70.458958824158, 18.720328491265306], [-70.45895905162637, 18.720328878017284], [-70.45895931778473, 18.720329241663013], [-70.45908956727175, 18.720489791481533], [-70.45896092025568, 18.72052380797701], [-70.45885852945484, 18.72052311773376], [-70.45885806457142, 18.72052313635403], [-70.45885760384199, 18.720523198301386], [-70.45885715170365, 18.72052330297924], [-70.45885671251077, 18.720523449379503], [-70.45885629049296, 18.720523636092242], [-70.45885588971451, 18.720523861319325], [-70.45885551403516, 18.720524122891682], [-70.45885516707287, 18.720524418290225], [-70.45885485216908, 18.720524744670126], [-70.45885457235651, 18.720525098888146], [-70.4588543303299, 18.720525477532984], [-70.45885412842007, 18.72052587695808], [-70.45885396857157, 18.720526293316755], [-70.45885385232378, 18.72052672259924], [-70.45885378079626, 18.72052716067131], [-70.45885375467786, 18.720527603314103], [-70.45885366357551, 18.720539871823785], [-70.45881387060307, 18.7204808159674], [-70.45856756721295, 18.720115281458824], [-70.45858027589067, 18.720094643734722], [-70.45858281838697, 18.72010337341973]]]}}, {"type": "Feature", "properties": {"kind": "plaza", "label": "Plaza comercial y estacionamiento (fuera del port\u00f3n, en el sitio de la casa actual)", "area_m2": 3774}, "geometry": {"type": "MultiPolygon", "coordinates": [[[[-70.46134544756215, 18.71704308160402], [-70.46134108596283, 18.71705492848542], [-70.4608193558248, 18.71678014846631], [-70.46082318531033, 18.716772706274785], [-70.46082644325655, 18.716764400614764], [-70.46082883112656, 18.716755830673268], [-70.46082946175484, 18.716752138492073], [-70.46076291607945, 18.716717857280504], [-70.46090222451312, 18.716789622408836], [-70.46090374963313, 18.716790408077724], [-70.46090387316485, 18.71679047209182], [-70.46110732016045, 18.716896519724042], [-70.46110752165731, 18.71689662475547], [-70.46110813483497, 18.716896908533656], [-70.46110881508785, 18.716896950517842], [-70.4611090447346, 18.716896954073903], [-70.46121563077759, 18.716898604518313], [-70.46121703483288, 18.71689865933428], [-70.46121866810076, 18.716898761651578], [-70.46122145913445, 18.716899068985665], [-70.46122237964889, 18.716899214546054], [-70.461225125253, 18.716899782717185], [-70.46122670565339, 18.716900188575323], [-70.46122805302537, 18.71690056884089], [-70.46129076732547, 18.71691988626543], [-70.46133289530098, 18.716932862621256], [-70.46133318607752, 18.716932952186877], [-70.46133495974223, 18.716933380538617], [-70.4613352601873, 18.716933433756925], [-70.46136978209816, 18.71693954867347], [-70.46137858586722, 18.71694110809685], [-70.46137998937849, 18.71694139176732], [-70.46138161479071, 18.71694176133272], [-70.4613843679005, 18.716942528977178], [-70.4613852674471, 18.7169428274758], [-70.46138792542486, 18.71694385540498], [-70.46138878884881, 18.71694423870622], [-70.46139132466809, 18.7169455164681], [-70.46139214318995, 18.716945980674513], [-70.46139453106589, 18.716947495276482], [-70.46139529636278, 18.716948035667908], [-70.46139751201524, 18.716949771709352], [-70.46139821630553, 18.716950382791037], [-70.46140023720544, 18.716952322619644], [-70.46140087332778, 18.716952998178005], [-70.46140267892629, 18.71695512206929], [-70.46140324041251, 18.71695585523516], [-70.46140481234998, 18.716958141593032], [-70.4614052934908, 18.71695892491147], [-70.46140661578357, 18.716961350487953], [-70.46140731032217, 18.716962798685437], [-70.46140787354707, 18.716964056021805], [-70.46141123790461, 18.716972124269066], [-70.46141171866132, 18.71697336452531], [-70.4614122415176, 18.716974821798647], [-70.4614130099098, 18.716977361896667], [-70.46141322164588, 18.71697821642513], [-70.46141372670903, 18.71698081576215], [-70.46141385007952, 18.716981685879226], [-70.46141408700989, 18.716984319732603], [-70.46141412084135, 18.716985197162447], [-70.46141408738544, 18.716987840481075], [-70.46141403135613, 18.71698871687832], [-70.4614137278321, 18.716991344521205], [-70.4614135824749, 18.716992211550288], [-70.46141301176961, 18.716994798525477], [-70.46141277846706, 18.71699564793991], [-70.46141194600858, 18.716998169642242], [-70.4614116269796, 18.716998993363145], [-70.46141054068558, 18.71700142580826], [-70.46141013896454, 18.717002216001067], [-70.46140880916687, 18.717004536053597], [-70.46140832857459, 18.717005285202642], [-70.46140676792118, 18.71700747079619], [-70.46140621302867, 18.71700817177618], [-70.46140443636317, 18.717010202123134], [-70.46140381244808, 18.717010848266955], [-70.46140183666863, 18.717012704056373], [-70.46140114966515, 18.71701328921843], [-70.46139899356378, 18.717014952799556], [-70.46139825000608, 18.71701547141425], [-70.46139593408972, 18.717016926964543], [-70.46139454307064, 18.71701771125424], [-70.46139333201158, 18.717018356610524], [-70.46138367606355, 18.71702321143555], [-70.46134652521089, 18.717041890163035], [-70.4613463291723, 18.717041988727395], [-70.46134576591128, 18.7170423048308], [-70.4613455209358, 18.717042882308117], [-70.46134544756215, 18.71704308160402]]], [[[-70.4602508232129, 18.7164807161912], [-70.46079698972336, 18.715972534650604], [-70.460797996187, 18.715971642416964], [-70.4607991945946, 18.715970630380138], [-70.46080133725418, 18.715968990000416], [-70.460802075764, 18.71596847852276], [-70.46080437456536, 18.71596704283225], [-70.46080516143213, 18.715966601653125], [-70.46080759491488, 18.715965384054684], [-70.4608084227929, 18.71596501729269], [-70.46081096823914, 18.71596402915325], [-70.46081182939969, 18.715963740232315], [-70.46081446304659, 18.715962990776575], [-70.46081534945037, 18.715962782393902], [-70.46081804671145, 18.715962278618445], [-70.4608189500834, 18.7159621527194], [-70.4608216857783, 18.71596189932721], [-70.460822597685, 18.71596185708711], [-70.46082534627496, 18.71596185644372], [-70.46082625820337, 18.715961898256904], [-70.46082899402857, 18.715962150368313], [-70.4608298974653, 18.71596227584442], [-70.46083259498586, 18.715962778357074], [-70.46083348149698, 18.715962986324737], [-70.46083611552996, 18.7159637345474], [-70.46083697683939, 18.71596402306514], [-70.46083952279481, 18.715965010012766], [-70.4608403508618, 18.71596537638711], [-70.46084278497209, 18.715966592846137], [-70.46084357206628, 18.715967033656817], [-70.46084587160763, 18.715968468270923], [-70.46084661038107, 18.715968979402756], [-70.46084875388621, 18.71597061877913], [-70.4608494374421, 18.715971195460455], [-70.46085140490035, 18.71597302429471], [-70.46085202685734, 18.71597366114189], [-70.46085379990156, 18.71597566236105], [-70.46085435445337, 18.715976353428836], [-70.46085591653116, 18.715978508350336], [-70.46085639850078, 18.715979247187235], [-70.46085773502953, 18.71598153569405], [-70.46085813991755, 18.715982315402705], [-70.46085923841997, 18.71598471613032], [-70.46085980674945, 18.715986142628026], [-70.46086026344653, 18.71598737810617], [-70.46088652468943, 18.716064304627164], [-70.46090933912713, 18.716131134425474], [-70.46090943685871, 18.716131420708184], [-70.4609101403792, 18.71613309368422], [-70.46091027715444, 18.716133365060188], [-70.46093296447185, 18.716178378986747], [-70.46097235150174, 18.716256526758862], [-70.46097241837747, 18.716256659446877], [-70.46097284640781, 18.716257442282632], [-70.4609729222089, 18.716257570539916], [-70.46109951074409, 18.716471761130627], [-70.46110018484337, 18.71647297238237], [-70.46110093226784, 18.716474401587178], [-70.46110208349174, 18.716476913697793], [-70.46110242100417, 18.716477765200857], [-70.4611033000657, 18.716480375254857], [-70.46110354559569, 18.71648125488458], [-70.46110414350483, 18.716483936189427], [-70.46110429454139, 18.716484834950005], [-70.46110460518341, 18.716487560084445], [-70.46110466018189, 18.716488468784387], [-70.46110468037989, 18.71649120987894], [-70.46110463877784, 18.716492119225148], [-70.46110436832524, 18.716494848247113], [-70.4611042305481, 18.71649574893985], [-70.46110367221075, 18.71649843797999], [-70.46110343966754, 18.71649932080803], [-70.46110259915547, 18.71650194236603], [-70.46110227422436, 18.71650279830084], [-70.46110116013328, 18.716505325566434], [-70.46110074613729, 18.71650614585452], [-70.46109936986083, 18.7165085529818], [-70.46109887103381, 18.716509329234228], [-70.4610972466469, 18.716511591605908], [-70.46109666809026, 18.716512315884046], [-70.4610948122052, 18.716514410363274], [-70.46109415983577, 18.71651507526006], [-70.46109209143238, 18.716516980426885], [-70.46109137192181, 18.71651757914256], [-70.4610891121533, 18.716519275513193], [-70.46108774500794, 18.7165201990179], [-70.4610865505136, 18.71652096339483], [-70.46076288257234, 18.71671695154838], [-70.46082821311649, 18.71667739252647], [-70.46082711840587, 18.716672964895643], [-70.46082410700505, 18.71666457518082], [-70.4608202470712, 18.716656507114223], [-70.46081557577764, 18.716648838395688], [-70.46081013811158, 18.7166416428791], [-70.46080398644072, 18.716634989861152], [-70.46079718000907, 18.71662894341398], [-70.46078978436623, 18.716623561768106], [-70.46078187073624, 18.716618896751662], [-70.46077351533162, 18.71661499329124], [-70.46076693187003, 18.71661264870103], [-70.460762932527, 18.716572290747482], [-70.46076267789931, 18.716570308305798], [-70.46074488772457, 18.716457701756283], [-70.46074477945, 18.716457056137674], [-70.46072467504277, 18.716343763992285], [-70.46070986926406, 18.716239501413693], [-70.46073127649841, 18.716155020063024], [-70.46065753588952, 18.71613805514201], [-70.46063445618124, 18.716229136569723], [-70.46063378960547, 18.71623243044306], [-70.4606334464154, 18.71623576901691], [-70.46063342956771, 18.71623912352898], [-70.46063373920754, 18.716242465079674], [-70.46064958436172, 18.716354047309306], [-70.46064977270565, 18.716355226777008], [-70.46066992425281, 18.716468784843485], [-70.46068750723917, 18.716580080259565], [-70.46069129969524, 18.716618350657047], [-70.46068443118253, 18.71662214921711], [-70.46067687954964, 18.71662733045364], [-70.46066989726332, 18.716633192025235], [-70.4606635515668, 18.716639677481833], [-70.46065790357264, 18.716646724364992], [-70.46065300767415, 18.716654264809456], [-70.4606489110216, 18.716662226196657], [-70.46064565306806, 18.716670531854138], [-70.46064326518952, 18.716679101793925], [-70.46064196385628, 18.716686720747425], [-70.4602508232129, 18.7164807161912]]]]}}, {"type": "Feature", "properties": {"kind": "park", "label": "Parque familiar junto al port\u00f3n: \u00e1rea infantil cercada, dog park, cancha", "area_m2": 2750}, "geometry": {"type": "Polygon", "coordinates": [[[-70.46077639491983, 18.717108527546923], [-70.46080823041288, 18.717022057533136], [-70.46084006587644, 18.716935587515373], [-70.46087190131054, 18.71684911749364], [-70.46132835187831, 18.717089516520296], [-70.46122027095642, 18.71738308295572], [-70.46122024904206, 18.71738314247882], [-70.46122012281424, 18.71738350129685], [-70.46122010265267, 18.7173835613797], [-70.46117301405974, 18.717523888588993], [-70.46071656247082, 18.717283489259135], [-70.46074600223619, 18.71719575745973], [-70.46077639491983, 18.717108527546923]]]}}, {"type": "Feature", "properties": {"kind": "garden", "label": "Huerto comunitario (invernadero existente)", "area_m2": 2577}, "geometry": {"type": "Polygon", "coordinates": [[[-70.45997614884601, 18.71860726849508], [-70.46043260321848, 18.718847669425656], [-70.4603188171665, 18.719043816833032], [-70.46031779762497, 18.71904417341469], [-70.46030880198859, 18.71904780620161], [-70.46030754582009, 18.719048384329227], [-70.4602989672029, 18.71905283975768], [-70.46029777655491, 18.719053532419466], [-70.46028969757357, 18.71905876758135], [-70.4602885839126, 18.719059568106633], [-70.46028108237208, 18.71906553258454], [-70.46028005642333, 18.719066433263812], [-70.46027320456751, 18.719073069616673], [-70.46027227621143, 18.719074061775917], [-70.4602661400275, 18.719081306092065], [-70.4602653182046, 18.719082380176292], [-70.46025995678741, 18.71909016268909], [-70.46025924941236, 18.719091308354262], [-70.46025471439535, 18.719099554113946], [-70.46025412828055, 18.719100760326704], [-70.46025046333854, 18.719109389922142], [-70.46024977424678, 18.719111273394784], [-70.46024977415041, 18.71911127336278], [-70.46024908574243, 18.71911315496643], [-70.46024791280583, 18.719115568846604], [-70.46024649720228, 18.719117861558555], [-70.46024485256477, 18.719120011022206], [-70.46024299473211, 18.719121996537048], [-70.46024094159621, 18.719123798981467], [-70.4602387129299, 18.71912540099695], [-70.46023633019645, 18.7191267871552], [-70.46023381634288, 18.719127944106738], [-70.46023119557901, 18.7191288607095], [-70.46022849314421, 18.719129528136087], [-70.46022573506445, 18.719129939958815], [-70.46022294790153, 18.7191300922116], [-70.46016800317108, 18.719130520497842], [-70.46016728062223, 18.719130543639444], [-70.46015681833286, 18.71913113268925], [-70.46015538229722, 18.71913128361982], [-70.46014539384963, 18.71913282636764], [-70.46014398130995, 18.719133115408674], [-70.46013420880355, 18.7191356162475], [-70.4601328343516, 18.719136040413154], [-70.46012337873742, 18.71913947350908], [-70.46012205657134, 18.719140028417698], [-70.46011301552697, 18.719144358306483], [-70.46011175930487, 18.719145038225797], [-70.46010322622527, 18.719150220179234], [-70.4601020489241, 18.719151018085626], [-70.46009411195698, 18.719156998573588], [-70.46009302573839, 18.719157906224577], [-70.46008576687355, 18.719164623467975], [-70.46008478295832, 18.719165631487435], [-70.46007827718073, 18.719173016096445], [-70.46007740573285, 18.71917411407139], [-70.46007602248159, 18.71917605451888], [-70.45974678270944, 18.71900265349699], [-70.45997614884601, 18.71860726849508]]]}}, {"type": "Feature", "properties": {"kind": "club", "label": "Clubhouse, piscina y terraza-mirador al valle (toe of the hill, ~720 m, before Parcela 2)", "area_m2": 3471}, "geometry": {"type": "Polygon", "coordinates": [[[-70.45854229731047, 18.721053568430264], [-70.45854222244058, 18.72105364213448], [-70.45854118819562, 18.721054009534214], [-70.45853757862508, 18.721055099588927], [-70.45853387297696, 18.721055841308758], [-70.45853010817963, 18.721056227302174], [-70.4585272310185, 18.721056247378], [-70.45852111467296, 18.72105264185378], [-70.45849191282144, 18.721031392390586], [-70.45849100457565, 18.721028380954493], [-70.45849032682334, 18.721024831345357], [-70.45849002387806, 18.72102123503752], [-70.4584900987588, 18.72101762786975], [-70.45849055071935, 18.72101404578901], [-70.45849137525563, 18.721010524492293], [-70.45849256415083, 18.721007099070828], [-70.45849410555704, 18.7210038036604], [-70.45849598411347, 18.721000671101194], [-70.4584981810995, 18.7209977326105], [-70.45850004933197, 18.720995698334796], [-70.45850004702402, 18.720995696404348], [-70.45850065208526, 18.7209950396696], [-70.45850128975175, 18.72099441156576], [-70.4585007832974, 18.720993683002092], [-70.4584787444092, 18.72096197878847], [-70.45847737881151, 18.720960014296782], [-70.45847547769854, 18.720956964145344], [-70.45847389958146, 18.720953751100215], [-70.45847265966484, 18.720950406117865], [-70.45847176989474, 18.720946961425938], [-70.45847123884377, 18.72094345021274], [-70.45847107162837, 18.720939906307493], [-70.45847126985959, 18.72093636385436], [-70.45847183162749, 18.720932856983552], [-70.45847275151968, 18.720929419482424], [-70.45847402067328, 18.72092608446999], [-70.45847562686048, 18.72092288407783], [-70.45847755460625, 18.72091984914049], [-70.45847978533749, 18.72091700889844], [-70.45848229756194, 18.720914390716313], [-70.4588556906093, 18.7205616861469], [-70.45885826108832, 18.7205592580823], [-70.45885825148551, 18.72055994469131], [-70.45885826745665, 18.720560380222633], [-70.45885849545388, 18.720562985965234], [-70.45885855539336, 18.72056341800386], [-70.45885904583288, 18.72056599069074], [-70.45885914918297, 18.720566415216318], [-70.458859897501, 18.72056893090721], [-70.45886004329996, 18.72056934396928], [-70.45886104253299, 18.72057177925427], [-70.45886122942404, 18.720572177009068], [-70.45886247027369, 18.720574509226477], [-70.45886269651776, 18.72057488797268], [-70.45886416743718, 18.720577095419934], [-70.45886443092894, 18.720577451633087], [-70.45886611823047, 18.720579513768655], [-70.45886641651798, 18.720579844134004], [-70.45886830450033, 18.720581741768566], [-70.45886863480781, 18.72058204321187], [-70.45887070590227, 18.720583758686885], [-70.45887106515609, 18.72058402840305], [-70.45887330008996, 18.720585545755057], [-70.45887368494702, 18.72058578123422], [-70.458876062923, 18.72058708634342], [-70.45887646980204, 18.720587285394327], [-70.45887896869172, 18.72058836611594], [-70.45887939380647, 18.7205885268863], [-70.45888199035633, 18.720589373163627], [-70.45888242975086, 18.72058949415738], [-70.45888509979852, 18.720590098115327], [-70.45888554938404, 18.720590178206564], [-70.45888826808321, 18.720590534224968], [-70.45888872367604, 18.720590572668396], [-70.45889146572776, 18.720590677434295], [-70.45889169445316, 18.72059068091104], [-70.45919233700482, 18.720588339142218], [-70.45919256959742, 18.720588331888422], [-70.45919535678622, 18.720588179649297], [-70.4591958194515, 18.720588132588578], [-70.45919857755828, 18.720587720779303], [-70.45919903315453, 18.720587630735608], [-70.45920173561723, 18.720586963322123], [-70.4592021797568, 18.720586831162628], [-70.45920480054917, 18.720585914572496], [-70.45920522895477, 18.72058574156997], [-70.45920774283718, 18.720584584630462], [-70.45920815138304, 18.72058437245101], [-70.45921053414538, 18.720582986304088], [-70.45921091889696, 18.720582736991126], [-70.45921314759195, 18.72058113498615], [-70.45921350484386, 18.720580850940692], [-70.45921555800793, 18.720579048505858], [-70.45921588431968, 18.720578732463412], [-70.45921716414495, 18.720577364706443], [-70.45922692728445, 18.720616852754976], [-70.45923285885276, 18.720659036642584], [-70.45923442238104, 18.720701571368163], [-70.45923160280843, 18.720744047299373], [-70.45922442728565, 18.72078605536981], [-70.45921296491372, 18.720827191018515], [-70.45919732607861, 18.720867058086153], [-70.4591776613882, 18.7209052726302], [-70.45915416022204, 18.720941466622655], [-70.4591270489075, 18.720975291494305], [-70.45909658854029, 18.721006421491726], [-70.45906307246995, 18.721034556814505], [-70.4590268234747, 18.721059426502567], [-70.45898819065303, 18.72108079104567], [-70.45894754606155, 18.721098444690167], [-70.45890528113185, 18.721112217420497], [-70.45886180290077, 18.721121976596606], [-70.45881753009026, 18.72112762823144], [-70.45877288907481, 18.721129117896016], [-70.45872830977504, 18.721126431243746], [-70.45868422151725, 18.7211195941485], [-70.45864104889866, 18.721108672455557], [-70.45859920769813, 18.721093771347316], [-70.45855910087195, 18.721075034330465], [-70.45855210473593, 18.72107091018073], [-70.4585427420859, 18.721054354894097], [-70.45854229731047, 18.721053568430264]]]}}, {"type": "Feature", "properties": {"kind": "water", "label": "Laguna con fuente (aprox. 1,500 m\u00b2, forrada, recirculada), bajo la terraza del clubhouse", "area_m2": 1684}, "geometry": {"type": "Polygon", "coordinates": [[[-70.45927135185342, 18.720717798362557], [-70.45927227757065, 18.720703852689994], [-70.4592723299681, 18.720700306307567], [-70.45927076643038, 18.720657771582953], [-70.45927045375726, 18.720654237383755], [-70.45926452217996, 18.720612053497945], [-70.45926384744773, 18.720608565518212], [-70.45925408430043, 18.720569077472117], [-70.4592530415734, 18.720565634719147], [-70.4592516461766, 18.720562307270246], [-70.45925143394213, 18.72056191819883], [-70.45925146674836, 18.72056185855042], [-70.45925265645093, 18.720559405163378], [-70.45925358383087, 18.720556851088244], [-70.45925423966894, 18.720554221715517], [-70.45925461744535, 18.720551543184264], [-70.45925471340456, 18.720548842122216], [-70.45925452659267, 18.720546145381103], [-70.45925405886679, 18.720543479769706], [-70.45925331487669, 18.720540871787314], [-70.45925230201851, 18.720538347360343], [-70.4592514298374, 18.72053646129224], [-70.45925019357114, 18.720534105309305], [-70.45924861279997, 18.720531426681642], [-70.45924714237347, 18.720529196154935], [-70.45924529620177, 18.720526676367385], [-70.45924447743472, 18.72052561478419], [-70.45923967101442, 18.720519690251344], [-70.45924099024651, 18.720513645726363], [-70.45924861762819, 18.72048790116179], [-70.45925820541832, 18.72046228862326], [-70.4592696612804, 18.720437054773278], [-70.45928287488746, 18.720412442627342], [-70.45929771898464, 18.720388689213546], [-70.45931405061471, 18.720366023289923], [-70.45933171249486, 18.72034466314137], [-70.45935053453144, 18.720324814477433], [-70.45937033545805, 18.7203066684513], [-70.45939092458119, 18.72029039981881], [-70.45941210361681, 18.720276165255537], [-70.45943366859984, 18.72026410184792], [-70.45945541184847, 18.720254325773016], [-70.45947712396413, 18.720246931179684], [-70.45949859584823, 18.720241989281906], [-70.45951962071571, 18.720239547672907], [-70.45953999608662, 18.720239629866835], [-70.45955952573587, 18.720242235072305], [-70.45957802158314, 18.720247338199993], [-70.45959530550404, 18.72025489010427], [-70.45961121104558, 18.72026481805648], [-70.45962558502917, 18.72027702644537], [-70.45963828902575, 18.7202913976978], [-70.45964745367132, 18.720305168366963], [-70.45958196570228, 18.720370430820342], [-70.45958135082515, 18.72037104357975], [-70.45958133972546, 18.720371891284806], [-70.4595811769317, 18.720384324172095], [-70.45957900989728, 18.720549825274897], [-70.45957895918555, 18.720551296208363], [-70.45957298780294, 18.72065814430836], [-70.45957264647733, 18.720658557105622], [-70.45955382443434, 18.720678405791954], [-70.45953402348846, 18.720696551838415], [-70.45951343433391, 18.720712820488377], [-70.45949225525598, 18.720727055065602], [-70.45947069022134, 18.720739118483113], [-70.45944894691384, 18.720748894563478], [-70.45942723473422, 18.72075628915761], [-70.4594057627836, 18.720761231051515], [-70.45938473784955, 18.720763672652108], [-70.45936436241463, 18.720763590445575], [-70.45934483270635, 18.720760985223777], [-70.45932633680731, 18.72075588207666], [-70.45930905284388, 18.7207483301506], [-70.4592931472707, 18.720738402175098], [-70.45927877326756, 18.720726193762307], [-70.45927135185342, 18.720717798362557]]]}}, {"type": "Feature", "properties": {"kind": "pocket", "label": "Pocket park del cl\u00faster 1: verde compartido, bancos, juegos", "area_m2": 3395}, "geometry": {"type": "Polygon", "coordinates": [[[-70.45993437053286, 18.71761112481802], [-70.45992902246398, 18.717601789117392], [-70.45992466049938, 18.71759199889085], [-70.459921326647, 18.717581848423706], [-70.45991905301355, 18.717571435470617], [-70.45991786149516, 18.717560860314013], [-70.45991776356658, 18.717550224798487], [-70.45991876017077, 18.717539631349904], [-70.4599208417096, 18.71752918198894], [-70.45992398813661, 18.717518977348625], [-70.45992816914973, 18.71750911570517], [-70.4599333444834, 18.717499692031595], [-70.45993946429621, 18.717490797082903], [-70.45994646965087, 18.717482516522264], [-70.45995429308202, 18.717474930095857], [-70.45996357467173, 18.71746754133871], [-70.46038581661232, 18.71716364605006], [-70.46039581354425, 18.7171571597001], [-70.46040561129273, 18.717152063837787], [-70.46041588606512, 18.71714790757024], [-70.46042653890984, 18.717144730924538], [-70.4604374672343, 18.717142564493443], [-70.46044856579299, 18.717141429140817], [-70.46045972770091, 18.717141335800687], [-70.46047084546298, 18.717142285371956], [-70.46048181200929, 18.717144268709752], [-70.46049252172617, 18.717147266713447], [-70.46050287147341, 18.71715125051068], [-70.46051276157743, 18.717156181735355], [-70.46052209679124, 18.71716201289717], [-70.46053078721171, 18.717168687838907], [-70.46053874914544, 18.717176142277328], [-70.4605465036315, 18.717184986105682], [-70.46065968830443, 18.71732776439486], [-70.46066649571291, 18.717337289859763], [-70.4606718438113, 18.717346625537395], [-70.46067620581026, 18.71735641574427], [-70.46067953970125, 18.71736656619544], [-70.46068181337691, 18.717376979136525], [-70.46068300494031, 18.71738755428531], [-70.46068310291585, 18.717398189797354], [-70.46068210635978, 18.717408783246857], [-70.46068002486926, 18.71741923261312], [-70.46067687849, 18.717429437263018], [-70.46067269752315, 18.717439298920162], [-70.46066752223359, 18.717448722611305], [-70.46066140246201, 18.717457617581136], [-70.4606543971451, 18.717465898166086], [-70.4606465737478, 18.717473484619592], [-70.46063729219, 18.71748087340858], [-70.46021504999635, 18.71778476927738], [-70.4602050530217, 18.717791255620256], [-70.46019525523101, 18.717796351474668], [-70.46018498041433, 18.71780050773287], [-70.46017432752392, 18.717803684367734], [-70.46016339915306, 18.71780585078646], [-70.46015230054816, 18.717806986125193], [-70.46014113859503, 18.717807079449994], [-70.46013002078958, 18.71780612986205], [-70.46011905420255, 18.71780414650643], [-70.4601083444484, 18.717801148483954], [-70.46009799466806, 18.717797164667257], [-70.46008810453574, 18.71779223342272], [-70.46007876929896, 18.717786402241], [-70.46007007886126, 18.717779727279655], [-70.46006211691632, 18.717772272822305], [-70.46005436242487, 18.71776342897453], [-70.45994117791523, 18.717620650311016], [-70.45993437053286, 18.71761112481802]]]}}, {"type": "Feature", "properties": {"kind": "pocket", "label": "Pocket park del cl\u00faster 2: verde compartido, bancos, juegos", "area_m2": 4099}, "geometry": {"type": "Polygon", "coordinates": [[[-70.4587850921961, 18.720161823435134], [-70.45877401458127, 18.72016313294446], [-70.4587628555985, 18.720163401576116], [-70.45875172271508, 18.720162626742983], [-70.45874072314699, 18.72016081590715], [-70.45872996282625, 18.72015798650797], [-70.45871954538086, 18.720154165794153], [-70.45870957113664, 18.72014939056129], [-70.45870013615117, 18.720143706797572], [-70.45869133128859, 18.720137169240825], [-70.45868324134463, 18.720129840851374], [-70.45867594422988, 18.720121792205727], [-70.45866951021955, 18.720113100816846], [-70.4586640012766, 18.720103850387616], [-70.45865947045509, 18.72009413000484], [-70.45865566832012, 18.720083190026195], [-70.45849388289602, 18.719527696924473], [-70.45849122448978, 18.719516454527636], [-70.45848985016877, 18.719505899518477], [-70.45848956825799, 18.71949526698214], [-70.45849038147215, 18.71948465931576], [-70.45849228197933, 18.719474178677018], [-70.45849525147646, 18.719463926000092], [-70.45849926136545, 18.719454000023894], [-70.45850427302874, 18.719444496340895], [-70.4585102382011, 18.719435506476728], [-70.45851709943457, 18.719427117008618], [-70.45852479065167, 18.719419408731607], [-70.45853323778174, 18.719412455880555], [-70.45854235947432, 18.7194063254151], [-70.45855206788258, 18.7194010763749], [-70.45856226950932, 18.719396759310968], [-70.45857375111078, 18.71939313655652], [-70.45879125246252, 18.71933562558116], [-70.45880305144028, 18.719333092563136], [-70.45881412900115, 18.719331783055686], [-70.45882528792914, 18.719331514424688], [-70.45883642075785, 18.7193322892572], [-70.45884742027226, 18.719334100091142], [-70.45885818054127, 18.719336929487234], [-70.45886859793774, 18.719340750196874], [-70.45887857213664, 18.719345525424593], [-70.45888800708111, 18.7193512091824], [-70.45889681190758, 18.719357746732687], [-70.4589049018208, 18.719365075115373], [-70.45891219891055, 18.719373123754206], [-70.45891863290183, 18.719381815136476], [-70.45892414183172, 18.71939106555955], [-70.45892867264612, 18.719400785936866], [-70.45893247477969, 18.719411725910582], [-70.45909426146962, 18.719967218549822], [-70.45909691992438, 18.719978460934378], [-70.45909829428876, 18.71998901593573], [-70.45909857624069, 18.719999648467958], [-70.45909776306465, 18.720010256133992], [-70.45909586259172, 18.72002073677617], [-70.45909289312432, 18.720030989460223], [-70.45908888325987, 18.720040915447104], [-70.45908387161536, 18.720050419144137], [-70.45907790645559, 18.720059409025417], [-70.45907104522816, 18.72006779851338], [-70.45906335401038, 18.72007550681262], [-70.45905490687288, 18.72008245968788], [-70.45904578516621, 18.720088590179085], [-70.45903607673746, 18.720093839246157], [-70.45902587508417, 18.720098156337617], [-70.45901439344794, 18.720101779122114], [-70.45879689123042, 18.720159290413807], [-70.4587850921961, 18.720161823435134]]]}}, {"type": "Feature", "properties": {"kind": "green", "label": "Buffer verde", "area_m2": 153}, "geometry": {"type": "Polygon", "coordinates": [[[-70.46093977518943, 18.716879702935675], [-70.46093847750541, 18.716878146882763], [-70.46093641932826, 18.716875740160187], [-70.4609268731272, 18.71686485294368], [-70.46092257394861, 18.716860187477707], [-70.46090017489215, 18.716837050833696], [-70.46089564064005, 18.71683259198934], [-70.46088502046288, 18.716822648760683], [-70.46088026205999, 18.716818407279966], [-70.46087709470322, 18.716815719808928], [-70.46133879235772, 18.7170588823503], [-70.46133920316551, 18.717059074657048], [-70.46133951791926, 18.717059187570914], [-70.46132994363911, 18.71708519301597], [-70.46093977518943, 18.716879702935675]]]}}, {"type": "Feature", "properties": {"kind": "green", "label": "Buffer verde / reserva", "area_m2": 1803}, "geometry": {"type": "Polygon", "coordinates": [[[-70.46091329904495, 18.718297853098406], [-70.46091313855392, 18.71829841323774], [-70.46091308134105, 18.718298989160562], [-70.46091307080705, 18.718299182984218], [-70.46090925822071, 18.71836933386346], [-70.46042947636639, 18.718224988751185], [-70.46043088981062, 18.71822433724829], [-70.46043668411227, 18.718221497204397], [-70.46044975310726, 18.718214699981143], [-70.46045539417622, 18.718211592454697], [-70.46048357943859, 18.71819517357914], [-70.46048905368434, 18.718191806056094], [-70.46050136051976, 18.7181838209937], [-70.4605040309463, 18.718182042244845], [-70.4605174556134, 18.71817286446357], [-70.46052007942178, 18.718171023805727], [-70.46094380791607, 18.71786605773194], [-70.46094638351656, 18.71786415626879], [-70.46095931933841, 18.717854361866806], [-70.46096184518878, 18.717852400748903], [-70.46097327129871, 18.717843304725385], [-70.46097816769435, 18.71783920828604], [-70.46100244954174, 18.717817865512586], [-70.46100712908591, 18.717813545083537], [-70.46101756447354, 18.71780342572452], [-70.46102201589352, 18.717798891714438], [-70.46104398529994, 18.71777538392231], [-70.46104819787122, 18.71777064725383], [-70.46105754203818, 18.717759602014954], [-70.46106150561299, 18.71775467409942], [-70.46108095100162, 18.717729227683023], [-70.46108465603079, 18.717724120392102], [-70.46109281898806, 18.71771225564573], [-70.46109625654653, 18.71770698128357], [-70.46111299064886, 18.71767984130726], [-70.46111615245472, 18.71767441258018], [-70.46112305558927, 18.717661842590893], [-70.46112593402613, 18.71765627257735], [-70.46113455100749, 18.717638510939516], [-70.46091336107891, 18.718297668234705], [-70.46091329904495, 18.718297853098406]]]}}, {"type": "Feature", "properties": {"kind": "green", "label": "Buffer verde / reserva", "area_m2": 4088}, "geometry": {"type": "Polygon", "coordinates": [[[-70.46065804626728, 18.718791525338965], [-70.46065702032223, 18.71879242602008], [-70.4606501684924, 18.718799062385163], [-70.46064924014003, 18.718800054546048], [-70.46064310398211, 18.718807298872985], [-70.46064228216291, 18.71880837295864], [-70.46063692077149, 18.718816155480685], [-70.46063621340008, 18.718817301147066], [-70.46063167840835, 18.718825546914367], [-70.46063109229712, 18.718826753128088], [-70.46062742737966, 18.718835382729438], [-70.4606269681732, 18.718836637874027], [-70.4606255673518, 18.718841171150796], [-70.46062464838501, 18.71884368295364], [-70.46062347545549, 18.718846096835748], [-70.46062205985918, 18.718848389550104], [-70.46062041522903, 18.718850539016604], [-70.46061855740373, 18.718852524534725], [-70.46061650427517, 18.718854326982825], [-70.46061427561605, 18.718855929002338], [-70.46061189288964, 18.718857315164932], [-70.46060937904285, 18.718858472121106], [-70.46060675828545, 18.718859388728728], [-70.46060202415096, 18.718860797481735], [-70.46060071456192, 18.71886125550931], [-70.460591718942, 18.718864888308808], [-70.4605904627759, 18.71886546643818], [-70.46058188417597, 18.718869921878547], [-70.4605806935305, 18.718870614541967], [-70.46057261456704, 18.71887584971497], [-70.46057150090867, 18.718876650241786], [-70.46056399938652, 18.718882614729907], [-70.4605629734404, 18.71888351541057], [-70.46055612160326, 18.718890151772644], [-70.46055519324985, 18.71889114393313], [-70.46054905708468, 18.718898388257415], [-70.46054823526447, 18.71889946234272], [-70.46054287386598, 18.718907244862482], [-70.46054216649358, 18.718908390528565], [-70.46053763149501, 18.718916636293994], [-70.46053704538284, 18.718917842507476], [-70.46053338045884, 18.718926472107373], [-70.46053269137089, 18.718928355580818], [-70.46053269127451, 18.71892835554882], [-70.46053200287032, 18.718930237153273], [-70.46053082993895, 18.71893265103491], [-70.4605294143407, 18.71893494374867], [-70.46052776970856, 18.718937093214485], [-70.46052591188125, 18.718939078731804], [-70.46052385875065, 18.718940881179012], [-70.46052163008952, 18.718942483197548], [-70.46051924736109, 18.718943869359087], [-70.46051673351235, 18.718945026314135], [-70.46051411275305, 18.718945942920573], [-70.46051141032254, 18.71894661035098], [-70.4605086522467, 18.718947022177634], [-70.46050586508733, 18.718947174434412], [-70.46045092042291, 18.71894760279959], [-70.46045019787498, 18.71894762594223], [-70.46043973559897, 18.71894821500702], [-70.46043829956528, 18.718948365939642], [-70.46042831113202, 18.71894990870167], [-70.46042689859448, 18.7189501977447], [-70.46041712610366, 18.718952698597345], [-70.46041575165401, 18.718953122764933], [-70.4604062960565, 18.718956555874126], [-70.46040497389288, 18.71895711078459], [-70.46039593286612, 18.718961440685963], [-70.4603946766466, 18.71896212060702], [-70.46038614358535, 18.718967302572235], [-70.46038496628684, 18.718968100480232], [-70.46037702933863, 18.71897408097905], [-70.46037594312277, 18.7189749886315], [-70.4603686842772, 18.718981705884712], [-70.46036770036474, 18.718982713905476], [-70.46036119460659, 18.718990098523143], [-70.46036032316147, 18.718991196499235], [-70.46035463769606, 18.718999172197424], [-70.46035388772042, 18.719000348786647], [-70.4603490812794, 18.719008833175486], [-70.4603484605206, 18.719010076223544], [-70.46034458275525, 18.71901898165833], [-70.46034409762584, 18.719020278324386], [-70.4603428795925, 18.71902414487298], [-70.4603419524505, 18.719026638846678], [-70.46034077454128, 18.719029034812685], [-70.46033935708762, 18.719031309942896], [-70.46033771359458, 18.719033442560505], [-70.46033585972094, 18.71903541234653], [-70.46033381312988, 18.719037200533382], [-70.46033159332073, 18.719038790083726], [-70.46032922144323, 18.719040165852757], [-70.46032672009595, 18.71904131473252], [-70.46032542310819, 18.719041767981533], [-70.46043675280933, 18.718849854883125], [-70.46043695764473, 18.718849456813878], [-70.46043712054463, 18.718849041531104], [-70.46043723994019, 18.718848613034197], [-70.4604373146816, 18.718848175449835], [-70.46043734404905, 18.71884773299218], [-70.4604373277597, 18.718847289922344], [-70.46043726597044, 18.718846850507337], [-70.46043715927632, 18.71884641897895], [-70.46043700870489, 18.718845999493062], [-70.46043681570622, 18.718845596089537], [-70.46043658213897, 18.718845212653363], [-70.46043631025256, 18.718844852877258], [-70.46043600266538, 18.718844520226046], [-70.46043566233966, 18.71884421790335], [-70.46043529255296, 18.718843948820705], [-70.46043489686647, 18.718843715569513], [-70.46011750168857, 18.718676553174337], [-70.46011782280966, 18.718676099985387], [-70.46015070953831, 18.718621944964326], [-70.46018174125601, 18.71856154649441], [-70.46019245491728, 18.718540693988736], [-70.46020915832251, 18.718504191853395], [-70.4602435163148, 18.718419050173114], [-70.4602511210249, 18.71839877554386], [-70.46028141724591, 18.718311494660387], [-70.46028845648169, 18.718289324176773], [-70.46029305518361, 18.71827337605983], [-70.46031780541223, 18.718267248432127], [-70.46032406987274, 18.718265540057548], [-70.46033827947191, 18.718261302827376], [-70.46034444841067, 18.71825930362556], [-70.46037545384107, 18.718248439572942], [-70.46038151239597, 18.718246154359658], [-70.46039521768826, 18.718240610437157], [-70.4604011512641, 18.71823804471826], [-70.46042947636639, 18.718224988751185], [-70.46090925822071, 18.71836933386346], [-70.4609073264547, 18.718404877991333], [-70.46089854488302, 18.718566457185347], [-70.46089827200983, 18.718569052107387], [-70.46089773868124, 18.71857161003277], [-70.46089694983415, 18.71857410728343], [-70.46089591277071, 18.718576520742932], [-70.46089463709072, 18.71857882807048], [-70.46089313460284, 18.71858100790773], [-70.46089141921522, 18.718583040076457], [-70.46088950680675, 18.718584905765386], [-70.46088741508015, 18.718586587704287], [-70.46088516339798, 18.71858807032387], [-70.46088277260351, 18.718589339899903], [-70.46088026482774, 18.718590384680212], [-70.46087730615493, 18.71859145891633], [-70.46087598399583, 18.71859201382984], [-70.46086694300149, 18.718596343751972], [-70.46086568678668, 18.718597023675898], [-70.46085715375891, 18.71860220566054], [-70.46085597646521, 18.718603003571207], [-70.46084803955115, 18.718608984087915], [-70.46084695334021, 18.718609891742805], [-70.46083969452911, 18.718616609012184], [-70.46083871062159, 18.718617617035143], [-70.46083220489788, 18.718625001667093], [-70.46083133345768, 18.71862609964509], [-70.46082564802636, 18.718634075355528], [-70.46082489805555, 18.718635251946356], [-70.4608200916479, 18.71864373634529], [-70.46081947089381, 18.71864497939464], [-70.46081559316073, 18.718653884837256], [-70.46081510803583, 18.71865518150426], [-70.46081389001543, 18.71865904805515], [-70.46081296288212, 18.71866154203067], [-70.4608117849819, 18.718663937999096], [-70.46081036753748, 18.718666213132327], [-70.46080872405385, 18.718668345753503], [-70.46080687018967, 18.718670315543623], [-70.46080482360804, 18.718672103735056], [-70.46080260380825, 18.718673693290416], [-70.46080023193987, 18.718675069064847], [-70.46079773060144, 18.718676217950364], [-70.46079512362502, 18.718677129000696], [-70.46079011774584, 18.718678618624477], [-70.46078880815875, 18.718679076653242], [-70.46077981255289, 18.718682709460918], [-70.46077855638882, 18.718683287591425], [-70.46076997780331, 18.718687743039528], [-70.4607687871599, 18.71868843570402], [-70.46076070821111, 18.71869367088424], [-70.46075959455482, 18.71869447141205], [-70.4607520930474, 18.718700435906822], [-70.46075106710337, 18.71870133658839], [-70.4607442152809, 18.71870797295647], [-70.46074328692956, 18.718708965117756], [-70.46073715077887, 18.718716209447347], [-70.4607363289607, 18.71871728353336], [-70.46073096757634, 18.718725066057676], [-70.46073026020593, 18.718726211724356], [-70.46072572522102, 18.718734457493532], [-70.46072513911075, 18.7187356637075], [-70.46072147419981, 18.718744293310312], [-70.46072101499426, 18.71874554845507], [-70.460719614176, 18.718750081732367], [-70.46071869521101, 18.718752593535573], [-70.4607175222834, 18.718755007418146], [-70.46071610668909, 18.7187573001331], [-70.46071446206099, 18.718759449600306], [-70.46071260423777, 18.718761435119237], [-70.4607105511113, 18.718763237568243], [-70.4607083224543, 18.718764839588747], [-70.46070593972996, 18.71876622575241], [-70.46070342588521, 18.718767382709725], [-70.46070080512979, 18.718768299318537], [-70.46069607099874, 18.71876970807371], [-70.46069476141068, 18.71877016610188], [-70.46068576579778, 18.718773798905463], [-70.4606845096327, 18.718774377035405], [-70.46067593103997, 18.71877883247964], [-70.46067474039553, 18.718779525143596], [-70.4606666614394, 18.718784760320215], [-70.46066554778207, 18.718785560847525], [-70.46066423192296, 18.71878660709364], [-70.46065804626728, 18.718791525338965]]]}}, {"type": "Feature", "properties": {"kind": "green", "label": "Buffer verde / reserva", "area_m2": 3165}, "geometry": {"type": "Polygon", "coordinates": [[[-70.45945762143249, 18.71927194609085], [-70.45945671169173, 18.71926896499855], [-70.45945136229437, 18.719252205673882], [-70.45945037604622, 18.71924924675236], [-70.45944569537727, 18.719235779061435], [-70.45944349578069, 18.71922993484572], [-70.45943574534401, 18.71921083131913], [-70.45947147701767, 18.719192408176095], [-70.45947847525333, 18.719188982253353], [-70.45956855563946, 18.719144884183258], [-70.45958688473202, 18.719135420361678], [-70.45968332906222, 18.719082977735425], [-70.459724368402, 18.71905791303607], [-70.45977557084314, 18.719022977268274], [-70.46005950128335, 18.71917251516062], [-70.46007036731213, 18.719184330693533], [-70.4600661638095, 18.719191750733156], [-70.46006554304799, 18.719192993780442], [-70.46006166526392, 18.719201899210496], [-70.46006093725201, 18.7192038450475], [-70.46006090883189, 18.719203835393948], [-70.46006043750457, 18.719205102993126], [-70.46005925766897, 18.71920750172867], [-70.46005783772434, 18.719209779272212], [-70.46005619123312, 18.719211913870012], [-70.46005433392162, 18.719213885133655], [-70.46005228352975, 18.71921567423482], [-70.46005005964162, 18.719217264085067], [-70.46004768349849, 18.719218639499097], [-70.46004517779588, 18.719219787339778], [-70.46004256646673, 18.71922069664362], [-70.4600398744529, 18.719221358725484], [-70.46003712746695, 18.719221767261562], [-70.46003435174642, 18.719221918349756], [-70.45997913278423, 18.719222348719736], [-70.45997841023492, 18.71922237186064], [-70.45996794793848, 18.719222960900314], [-70.45996651190178, 18.719223111829507], [-70.4599565234464, 18.71922465456771], [-70.45995511090553, 18.719224943607397], [-70.45994533839044, 18.719227444436893], [-70.45994396393718, 18.71922786860123], [-70.4599345083135, 18.71923130168821], [-70.459933186146, 18.719231856595574], [-70.45992414509143, 18.71923618647586], [-70.45992288886784, 18.719236866394002], [-70.45991435577746, 18.71924204833949], [-70.45991317847468, 18.71924284624479], [-70.45990524149627, 18.719248826725444], [-70.45990415527605, 18.71924973437542], [-70.45989689639956, 18.719256451612228], [-70.45989591248264, 18.719257459630786], [-70.45988940669312, 18.71926484423396], [-70.45988853524354, 18.719265942208143], [-70.45988284974669, 18.719273917893915], [-70.45988209976659, 18.71927509448152], [-70.45987729329438, 18.71928357886015], [-70.45987667253117, 18.71928482190691], [-70.45987279473516, 18.719293727333785], [-70.45987206672073, 18.719295673170215], [-70.45987206406089, 18.71929567226674], [-70.45987135393189, 18.719297570127434], [-70.45987011068028, 18.719300059124993], [-70.45986860855288, 18.719302414940554], [-70.45986686308426, 18.71930461321088], [-70.45986489232557, 18.71930663120206], [-70.4598627166579, 18.719308448044565], [-70.4598603585814, 18.719310044949083], [-70.45985784248266, 18.719311405400834], [-70.45985519438253, 18.71931251533041], [-70.45985244166695, 18.719313363259197], [-70.4598496128038, 18.719313940418143], [-70.45984673704838, 18.71931424083841], [-70.45984659553962, 18.719314248712617], [-70.45984517862482, 18.719314395756545], [-70.45983532153483, 18.719315898367707], [-70.45983392719653, 18.719316179870162], [-70.45982427757747, 18.719318615461493], [-70.45982291983364, 18.719319028592402], [-70.45981357469748, 18.71932237267781], [-70.45981226719806, 18.719322913283793], [-70.45980332049565, 18.71932713224371], [-70.45980207638554, 18.71932779488982], [-70.45979361806205, 18.719332846309204], [-70.45979244984892, 18.71933362433351], [-70.45978456493974, 18.71933945742818], [-70.45978348436807, 18.71934034300891], [-70.45977625214387, 18.719346899136127], [-70.45977527007715, 18.719347883370173], [-70.45976876324677, 18.71935509661825], [-70.45976788955822, 18.719356169610606], [-70.45976217353788, 18.719363967461543], [-70.4597614170111, 18.719365118424953], [-70.45975654926667, 18.7193734224834], [-70.45975591750737, 18.719374639846716], [-70.45975194697667, 18.719383366628218], [-70.45975144633623, 18.719384638152725], [-70.45974841293697, 18.71939369992296], [-70.45974804844859, 18.719395012825434], [-70.45974598267713, 18.719404318482294], [-70.45974575800518, 18.719405659563524], [-70.45974468062983, 18.719415115552952], [-70.45974459803311, 18.71941647133044], [-70.45974451988539, 18.719425982586994], [-70.4597445801943, 18.71942733943048], [-70.45974550206007, 18.71943681033311], [-70.45974570466832, 18.7194381546016], [-70.45974761727983, 18.719447489934907], [-70.45974796015052, 18.719448808113874], [-70.45975084427958, 18.71945791402538], [-70.45975132396572, 18.719459192862526], [-70.45975515061699, 18.71946797780624], [-70.45975576229607, 18.719469204444835], [-70.45976049299857, 18.71947758010157], [-70.45976123052112, 18.719478742209628], [-70.45976681771502, 18.719486624374976], [-70.45976767366639, 18.719487710269267], [-70.45976769278701, 18.71948773214958], [-70.45976936929661, 18.719489853980452], [-70.45977081982383, 18.719492121958286], [-70.45977203044265, 18.71949451430895], [-70.45977298953028, 18.71949700806425], [-70.4597736878788, 18.71949957928241], [-70.45977411878357, 18.719502203278005], [-70.45977427810763, 18.719504854858865], [-70.4597747106507, 18.719555247406607], [-70.45977482525309, 18.71956859889484], [-70.45977484677775, 18.719569241520524], [-70.45977539069216, 18.71957854810837], [-70.4597755294628, 18.719579826288193], [-70.4597769458577, 18.719588723867997], [-70.4597772111207, 18.71958998376664], [-70.45977950601899, 18.719598713422794], [-70.45977989538707, 18.719599943701592], [-70.45978304813558, 18.71960842686994], [-70.45978355810453, 18.719609616456697], [-70.4597875403296, 18.719617776791328], [-70.45978816630993, 18.7196189149802], [-70.45979294217287, 18.71962667904058], [-70.45979367853097, 18.719627755588192], [-70.4597992050506, 18.71963505350017], [-70.45980004515948, 18.71963605871794], [-70.45980627259893, 18.719642824802538], [-70.45980720889781, 18.719643749643755], [-70.4598140812121, 18.719649923008305], [-70.45981510527466, 18.719650759149694], [-70.45982256061508, 18.719656284235764], [-70.45982366322505, 18.719657024152333], [-70.45983163449581, 18.719661851235774], [-70.45983280573009, 18.719662488268522], [-70.45984122119222, 18.719666573907073], [-70.45984245050997, 18.71966710232285], [-70.45985123442688, 18.719670409747], [-70.45985148924446, 18.719670492609325], [-70.45985399913697, 18.719671437663596], [-70.45985640374838, 18.71967260508256], [-70.45985868143794, 18.719673984359815], [-70.45986081170719, 18.719675563082316], [-70.45986277538437, 18.71967732704205], [-70.45986455479701, 18.719679260363954], [-70.45986613393096, 18.719681345648734], [-70.4598674985745, 18.719683564129507], [-70.45986863644625, 18.71968589584062], [-70.45986953730575, 18.719688319797438], [-70.45987019304552, 18.71969081418511], [-70.45987059776411, 18.71969335655495], [-70.45987074781915, 18.719695924026404], [-70.45987193709296, 18.719834466867646], [-70.4598718229189, 18.719837124692145], [-70.45987143588404, 18.71983975905541], [-70.45987077971574, 18.719842344587086], [-70.45986986073322, 18.719844856387095], [-70.4598686877868, 18.719847270265426], [-70.45986727217256, 18.719849562975096], [-70.45986562752364, 18.719851712436064], [-70.4598637696789, 18.719853697947833], [-70.45986171653041, 18.719855500388846], [-70.45985948785112, 18.719857102400592], [-70.4598571051044, 18.719858488554816], [-70.45985459123744, 18.7198596455021], [-70.4598526279994, 18.719860332130708], [-70.45985262803455, 18.719860332221987], [-70.4598506628464, 18.719861019532594], [-70.45984601648165, 18.719862895893954], [-70.45984166715645, 18.719864652300394], [-70.4598404109803, 18.719865230425352], [-70.45983183230965, 18.719869685835686], [-70.45983064165408, 18.719870378494953], [-70.45982256261989, 18.71987561363987], [-70.45982144895144, 18.71987641416283], [-70.45981394735925, 18.719882378625098], [-70.45981292140321, 18.719883279302245], [-70.45980606949738, 18.719889915640934], [-70.45980514113428, 18.71989090779827], [-70.45979900490242, 18.719898152101873], [-70.45979818307286, 18.719899226184427], [-70.45979282161034, 18.71990700868641], [-70.459792114229, 18.719908154350172], [-70.45978757916969, 18.71991640010089], [-70.45978699304908, 18.719917606312503], [-70.45978332806818, 18.719926235900893], [-70.45978286885298, 18.719927491043887], [-70.4597814680018, 18.719932024315984], [-70.45978054901754, 18.71993453611566], [-70.45977937606928, 18.71993694999354], [-70.45977796045312, 18.719939242702644], [-70.45977631580223, 18.719941392162944], [-70.45977445795549, 18.719943377673957], [-70.45977240480497, 18.719945180114102], [-70.45977017612363, 18.719946782124907], [-70.45976779337491, 18.71994816827812], [-70.45976527950596, 18.719949325224327], [-70.45976265872673, 18.719950241821483], [-70.45975792455395, 18.71995165055555], [-70.459756614954, 18.719952108577893], [-70.45974761925703, 18.719955741341607], [-70.45974636307986, 18.719956319465993], [-70.459737784402, 18.719960774872458], [-70.45973659374538, 18.719961467531192], [-70.45972851470388, 18.719966702672497], [-70.4597274010344, 18.71996750319496], [-70.45971989943483, 18.719973467653897], [-70.45971887347774, 18.71997436833059], [-70.45971202156457, 18.719981004666284], [-70.45971109320041, 18.719981996823215], [-70.45970714059635, 18.71998666317561], [-70.45970495696133, 18.719989241124168], [-70.45970413513075, 18.71999031520637], [-70.45969877366116, 18.71999809770608], [-70.45969806627883, 18.71999924336954], [-70.45969353121268, 18.720007489118377], [-70.45969294509113, 18.720008695329753], [-70.4596892801037, 18.72001732491668], [-70.45968882088759, 18.7200185800595], [-70.45968735135494, 18.720023335579434], [-70.45968642712744, 18.72002585971152], [-70.45968524644289, 18.72002828482085], [-70.45968382078581, 18.720030587318362], [-70.4596821640236, 18.720032744807607], [-70.4596802922716, 18.720034736302665], [-70.45967822373635, 18.72003654243222], [-70.45967597853854, 18.720038145628017], [-70.45967357851724, 18.72003953029575], [-70.4596710470175, 18.720040682966715], [-70.45966840866325, 18.720041592428878], [-70.45966603969403, 18.720042285212408], [-70.45966477064871, 18.72004272009128], [-70.45965604466164, 18.720046163965918], [-70.45965482457622, 18.720046711469244], [-70.45964648035333, 18.72005092771116], [-70.45964532020807, 18.720051582911612], [-70.45964097703879, 18.720054308990413], [-70.45964143216395, 18.72004987325091], [-70.45964251678923, 18.720035724008206], [-70.45964283182555, 18.720029522615185], [-70.45964370742574, 18.719994508559488], [-70.45964370272875, 18.71998829990746], [-70.45964332659638, 18.719974117500694], [-70.45964300217754, 18.719967916546803], [-70.45964027166183, 18.719932989317932], [-70.45963962830297, 18.719926811000818], [-70.45963779503685, 18.719912732014173], [-70.45963683428786, 18.719906591217956], [-70.45963242753193, 18.71988249567763], [-70.45963052395643, 18.719872087183884], [-70.45962924813227, 18.71986599870219], [-70.45962597538929, 18.719852158723697], [-70.45962522025502, 18.71984913869034], [-70.45962074031803, 18.719832149459553], [-70.45961990762656, 18.719829147993398], [-70.459513116491, 18.719462486213278], [-70.45945762143249, 18.71927194609085]]]}}, {"type": "Feature", "properties": {"kind": "green", "label": "Buffer verde / reserva", "area_m2": 5863}, "geometry": {"type": "Polygon", "coordinates": [[[-70.45777282536291, 18.718935634609245], [-70.45777163734321, 18.718933462063507], [-70.45777127719428, 18.71893272384211], [-70.45777029988508, 18.718930457968266], [-70.45777001115682, 18.718929691779525], [-70.45776925254081, 18.718927351085384], [-70.4577690375916, 18.71892656318758], [-70.45776850386518, 18.718924166792043], [-70.45776825940719, 18.71892275846174], [-70.45776807831275, 18.718921545479358], [-70.45776019014309, 18.71885852546851], [-70.45775816804931, 18.71884237058649], [-70.45775803327959, 18.718840997763454], [-70.45775796921713, 18.718840099253086], [-70.45775791904698, 18.71883939559007], [-70.45775786998604, 18.71883663924698], [-70.45775790256047, 18.718835724431376], [-70.45775814757668, 18.718832977595135], [-70.45775827750109, 18.718832070663215], [-70.45775881406013, 18.718829361745346], [-70.45775903999062, 18.718828472077835], [-70.45775986254266, 18.71882582909764], [-70.45776018214235, 18.718824965896697], [-70.45776128217939, 18.71882241619153], [-70.45776169214255, 18.71882158838557], [-70.4577630582865, 18.718819158327946], [-70.45776355437275, 18.718818374479252], [-70.45776517249307, 18.718816089204132], [-70.45776574957117, 18.71881535742033], [-70.457767602931, 18.7188132405652], [-70.45776874697013, 18.718812061352732], [-70.45776975596407, 18.71881107299932], [-70.45788879892181, 18.718700249593827], [-70.45816205916874, 18.71844585633307], [-70.45841108918864, 18.718213614325343], [-70.4584112406601, 18.71821347252119], [-70.458425615532, 18.718199893974912], [-70.45869853171186, 18.718580412123796], [-70.45886564263728, 18.718813408340214], [-70.45886315126386, 18.71881323494278], [-70.45885664287242, 18.718812934738214], [-70.45881989545016, 18.71881210026955], [-70.45881337943874, 18.718812104713074], [-70.45879849492981, 18.718812463027604], [-70.45879198699589, 18.718812772109292], [-70.45875533067887, 18.71881537362501], [-70.45874884650037, 18.718815986599527], [-70.4587340705226, 18.718817733303435], [-70.45872762572051, 18.718818648694835], [-70.45869141352537, 18.718824661141443], [-70.45868502362535, 18.71882587674378], [-70.45867049847796, 18.718828995015627], [-70.458667328933, 18.718829714509038], [-70.45864949862134, 18.718833983006693], [-70.45864634856216, 18.71883477639853], [-70.45842705331071, 18.71889276165324], [-70.45842392463248, 18.718893628462368], [-70.45840633559646, 18.718898725420175], [-70.45840323018597, 18.718899665127736], [-70.458389095741, 18.718904124921423], [-70.45838296219054, 18.718906220724502], [-70.45834867679206, 18.718918848996537], [-70.45834862338326, 18.718918870118195], [-70.45834265855565, 18.718921229036734], [-70.4583290509445, 18.718926987418968], [-70.45832316252113, 18.71892964596322], [-70.45829034126925, 18.71894541545623], [-70.45828459684382, 18.718948346099385], [-70.45827164711424, 18.71895534761439], [-70.45826606052626, 18.718958543296885], [-70.45823501950548, 18.718977302143667], [-70.45822960421269, 18.71898075516638], [-70.45821743707693, 18.718988932386452], [-70.45821220612595, 18.71899263443131], [-70.45820443540815, 18.718998421193337], [-70.45818324427694, 18.719014201975632], [-70.45817821026877, 18.719018144123726], [-70.4581669429026, 18.7190274182985], [-70.45816211796536, 18.719031591053337], [-70.45813551420574, 18.719055759589907], [-70.45813090996235, 18.71906015289868], [-70.45812065087654, 18.719070434713526], [-70.45811627841982, 18.71907503799276], [-70.45809228895858, 18.719101574767077], [-70.45808815882144, 18.71910637692686], [-70.45807900681676, 18.71911756736301], [-70.45807512894986, 18.719122556834865], [-70.4580539848194, 18.719151206285094], [-70.45805036856414, 18.719156371048783], [-70.45804241177994, 18.719168362336923], [-70.45803906584902, 18.71917368995035], [-70.45802097068045, 18.71920417616829], [-70.45801790313394, 18.719209653796675], [-70.45801121819916, 18.71922233045476], [-70.45800843642776, 18.719227944902208], [-70.45799356448971, 18.71925997429034], [-70.45799265873235, 18.71926206203028], [-70.45777424700469, 18.718937915135296], [-70.45777357694568, 18.71893686943971], [-70.45777282536291, 18.718935634609245]]]}}, {"type": "Feature", "properties": {"kind": "green", "label": "Buffer verde / reserva", "area_m2": 3484}, "geometry": {"type": "Polygon", "coordinates": [[[-70.45877958050124, 18.717907489618963], [-70.4589837152932, 18.718002712054624], [-70.45923757394054, 18.718278758520878], [-70.4591921296614, 18.718309765377693], [-70.45912593755365, 18.718345757955237], [-70.45904121841323, 18.71838723138681], [-70.45903362157145, 18.718390950344073], [-70.45902464941054, 18.718395458805468], [-70.45892559931977, 18.71844652860445], [-70.45890735948232, 18.718456436615007], [-70.45881335380639, 18.71851016319164], [-70.45880179640562, 18.718516985100727], [-70.45871091975077, 18.71857235966182], [-70.45869853171186, 18.718580412123796], [-70.458425615532, 18.718199893974912], [-70.45865073654195, 18.71798724359745], [-70.4586507894935, 18.717987193709856], [-70.45875019692188, 18.7178937830789], [-70.45876468211621, 18.71788017169795], [-70.45877958050124, 18.717907489618963]]]}}, {"type": "Feature", "properties": {"kind": "green", "label": "Buffer verde / reserva", "area_m2": 1825}, "geometry": {"type": "Polygon", "coordinates": [[[-70.45889047972278, 18.717761962647078], [-70.45941319306789, 18.71791922913687], [-70.45940499033506, 18.717943981939456], [-70.45939992991394, 18.717960318901444], [-70.45937730684936, 18.718038773340556], [-70.45935437702312, 18.718104831223155], [-70.4593315814037, 18.71816131972966], [-70.45933006444747, 18.71816427222309], [-70.45931350334178, 18.718196505549344], [-70.45929241625024, 18.7182262649313], [-70.45926961332889, 18.71825218850912], [-70.45923875551296, 18.71827795232787], [-70.45923757394054, 18.718278758520878], [-70.4589837152932, 18.718002712054624], [-70.45877958050124, 18.717907489618963], [-70.45876468211621, 18.71788017169795], [-70.4588217285095, 18.71782656657403], [-70.45889047972278, 18.717761962647078]]]}}, {"type": "Feature", "properties": {"kind": "green", "label": "Buffer verde / reserva", "area_m2": 3381}, "geometry": {"type": "Polygon", "coordinates": [[[-70.45889047972278, 18.717761962647078], [-70.45890905046721, 18.71774451213529], [-70.4589782186269, 18.71767951636904], [-70.45897824809926, 18.71767948871475], [-70.45904822854929, 18.7176139205607], [-70.45922447063, 18.717448790424346], [-70.4595781630419, 18.717114686999842], [-70.46010796303281, 18.716613642266257], [-70.46010804509682, 18.71661356497018], [-70.46010818356234, 18.716613435077555], [-70.4601082666108, 18.71661335748884], [-70.46024743132492, 18.716483872165167], [-70.4602477649586, 18.716484168377978], [-70.46024813435606, 18.716484437086347], [-70.4602485295882, 18.716484670044167], [-70.46061600412314, 18.716678210258255], [-70.4605846139311, 18.71667099658935], [-70.46057824404302, 18.716669689483997], [-70.46056361614137, 18.716667043974688], [-70.46055718661549, 18.7166660362594], [-70.46052446778641, 18.71666169102523], [-70.46051799411205, 18.716660985127035], [-70.46050316450997, 18.716659718523516], [-70.46049666228251, 18.71665931614362], [-70.46046365401817, 18.716658047594837], [-70.46045713890192, 18.716657949701975], [-70.46044225041511, 18.716658074202293], [-70.4604357381054, 18.716658281032938], [-70.46040275829009, 18.716660101386466], [-70.4603962644754, 18.716660612441736], [-70.46038146048667, 18.716662126847005], [-70.46037500081118, 18.716662940896356], [-70.4603423670553, 18.71666783262161], [-70.46033595708055, 18.716668947703358], [-70.46032138015894, 18.71667183742927], [-70.46031503532726, 18.716673250857706], [-70.46028306190867, 18.716681166845376], [-70.46027679750483, 18.7166828752149], [-70.46026258803273, 18.716687112432197], [-70.46025641914846, 18.71668911162781], [-70.46022541398584, 18.71669997564358], [-70.460219355482, 18.71670226084856], [-70.46020565030324, 18.716707804750992], [-70.46019971677565, 18.716710370460653], [-70.46016997846336, 18.716724077879245], [-70.46016418420578, 18.716726917912155], [-70.46015111530775, 18.71673371510949], [-70.46014547427956, 18.716736822624274], [-70.46011728921187, 18.71675324143714], [-70.4601118150021, 18.71675660894717], [-70.46009950824474, 18.716764593979335], [-70.46009683783468, 18.71676637272145], [-70.46008341324794, 18.716775550467872], [-70.46008078945478, 18.716777391118715], [-70.45965706183205, 18.7170823551945], [-70.45965448622698, 18.717084256640256], [-70.45964155037844, 18.717094050954007], [-70.4596390245221, 18.71709601205453], [-70.45962759838189, 18.717105107998783], [-70.45962270197087, 18.717109204403904], [-70.45959842003136, 18.71713054700494], [-70.45959374046622, 18.717134867400244], [-70.45958330502593, 18.717144986683607], [-70.45957885358082, 18.71714952066125], [-70.45955688403329, 18.717173028291317], [-70.45955267143148, 18.717177764928376], [-70.45954332719026, 18.71718881009732], [-70.45953936358097, 18.717193737983113], [-70.4595199180048, 18.717219184252414], [-70.45951621293617, 18.717224291515095], [-70.45950804988458, 18.717236156199256], [-70.45950461228308, 18.717241430535225], [-70.45948787795109, 18.717268570383624], [-70.45948471609773, 18.717273999086476], [-70.45947781285113, 18.717286569023063], [-70.45947493436371, 18.71729213901475], [-70.45946107243844, 18.717320711071928], [-70.45945848425113, 18.717326408933804], [-70.45945290729249, 18.71733956306798], [-70.459450615641, 18.717345375073506], [-70.45943975962271, 18.717375104175947], [-70.45943777002759, 18.717381016323507], [-70.45943357306719, 18.717394627974173], [-70.45943189032201, 18.717400626020975], [-70.4594241447628, 18.71743122586209], [-70.45942277292131, 18.717437295358273], [-70.45941999637952, 18.717451233438094], [-70.45941893874698, 18.71745735976175], [-70.45941437824393, 18.71748853564865], [-70.45941363736827, 18.71749470404095], [-70.45941230798613, 18.717508834318746], [-70.45941188565244, 18.717515029919504], [-70.4594105541289, 18.717546481611684], [-70.45941045135474, 18.71755268949516], [-70.45941058193641, 18.717566875888664], [-70.45941079896953, 18.717573081099513], [-70.45941270925212, 18.71760450569985], [-70.45941324556993, 18.717610693289124], [-70.45941483485932, 18.7176247991755], [-70.45941568916975, 18.717630954236785], [-70.45942082286467, 18.717662049108814], [-70.45942199311003, 18.71766815681396], [-70.45942502580284, 18.717682046345555], [-70.45942650916375, 18.717688091980566], [-70.45943481683379, 18.71771855766297], [-70.45943660973717, 18.717724526663268], [-70.45944105662826, 18.71773806607593], [-70.4594431547546, 18.717743944061702], [-70.45945455639512, 18.71777348715232], [-70.45945695469041, 18.717779259962832], [-70.45946075937798, 18.71778779945782], [-70.45944382640037, 18.717829668685585], [-70.45943411797718, 18.717856085498173], [-70.45941319306789, 18.71791922913687], [-70.45889047972278, 18.717761962647078]]]}}, {"type": "Feature", "properties": {"kind": "road", "class": "spine", "length_m": 62, "row_m": 8.0, "carriageway_m": 6.0, "grade_max_pct": 2.7, "grade_mean_pct": 0.6}, "geometry": {"type": "LineString", "coordinates": [[-70.46069440619237, 18.71614653760628], [-70.46067132650337, 18.716237619037177], [-70.46068717168129, 18.716349201262034], [-70.46070738045383, 18.71646308166556], [-70.46072517060482, 18.716575688220228], [-70.46073596437844, 18.7166846099449], [-70.46073599844695, 18.716697973921356]]}}, {"type": "Feature", "properties": {"kind": "road", "class": "spine", "length_m": 57, "row_m": 8.0, "carriageway_m": 6.0, "grade_max_pct": 0.0, "grade_mean_pct": 0.0}, "geometry": {"type": "LineString", "coordinates": [[-70.46073609783024, 18.716736958594772], [-70.46073622791417, 18.71678798565837], [-70.46073049231155, 18.71688820178207], [-70.46071957662974, 18.716985689698287], [-70.46070220465863, 18.71707977726624], [-70.46067798227311, 18.717170256915374], [-70.46062553528655, 18.717224718695842]]}}, {"type": "Feature", "properties": {"kind": "road", "class": "spine", "length_m": 231, "row_m": 8.0, "carriageway_m": 6.0, "grade_max_pct": 0.0, "grade_mean_pct": 0.0}, "geometry": {"type": "LineString", "coordinates": [[-70.46000330243945, 18.717758981700054], [-70.45996162345172, 18.7178253397869], [-70.459920662307, 18.717907003730474], [-70.45988624230068, 18.717992112741882], [-70.45985711487955, 18.71808000923789], [-70.45983127071766, 18.7181696349551], [-70.45980097427989, 18.718256915781073], [-70.45976661608653, 18.718342057394466], [-70.45972487053855, 18.71842330828735], [-70.45967159891293, 18.718498488698888], [-70.4596095398117, 18.718569040978963], [-70.45953371908793, 18.718632345362998], [-70.45944832711852, 18.718690608808288], [-70.45935188292023, 18.718743051305395], [-70.45925029305485, 18.718792783686705], [-70.45915124281831, 18.718843853614107], [-70.4590572370236, 18.718897580320377], [-70.45896636026714, 18.718952955011453], [-70.45888167439139, 18.719011590297733], [-70.45880697667876, 18.719075486134], [-70.45875447840307, 18.71915107394832], [-70.45872103501375, 18.719236697578797], [-70.45871377183121, 18.71931860570281]]}}, {"type": "Feature", "properties": {"kind": "road", "class": "lane", "length_m": 252, "row_m": 7.0, "carriageway_m": 5.0, "grade_max_pct": 0.0, "grade_mean_pct": 0.0}, "geometry": {"type": "LineString", "coordinates": [[-70.4599103503313, 18.71764172551906], [-70.45990197007215, 18.717629999114592], [-70.45989483644746, 18.717617546506453], [-70.45988901815775, 18.717604487620186], [-70.45988457123607, 18.71759094822017], [-70.45988153850845, 18.717577058698343], [-70.4598799491814, 18.71756295281847], [-70.45987981856062, 18.71754876642796], [-70.45988114790373, 18.717534636149534], [-70.45988392440805, 18.71752069806548], [-70.45988812133398, 18.717507086407146], [-70.4598936982625, 18.71749393226216], [-70.45990060148448, 18.717481362312025], [-70.45990876451786, 18.717469497612115], [-70.45991810874804, 18.71745845242583], [-70.45992854418485, 18.717448333124185], [-70.45993997032927, 18.71743923716141], [-70.46036369823773, 18.717134272430666], [-70.46037600500684, 18.71712628738047], [-70.46038907392368, 18.717119490166258], [-70.46040277912762, 18.71711394624878], [-70.4604169886303, 18.717109709018843], [-70.4604315655867, 18.71710681928316], [-70.46044636961312, 18.71710530487139], [-70.46046125813903, 18.71710518036808], [-70.46047608778014, 18.717106446972227], [-70.46049071571925, 18.71710909248576], [-70.46050500108169, 18.717113091430974], [-70.46051880629192, 18.71711840529591], [-70.46053199839848, 18.717124982905254], [-70.46054445035442, 18.717132760913135], [-70.46055604224078, 18.717141664413262], [-70.46056666242143, 18.717151607660195], [-70.46057620861828, 18.717162494895213], [-70.46069051573221, 18.717306689073016], [-70.46069889602548, 18.717318415439955], [-70.46070602969255, 18.71733086801469], [-70.46071184803216, 18.717343926872292], [-70.4607162950103, 18.71735746624896], [-70.46071932779984, 18.717371355753194], [-70.460720917193, 18.717385461621586], [-70.46072104788276, 18.717399648006968], [-70.46071971861012, 18.717413778286716], [-70.46071694217633, 18.717427716378516], [-70.46071274531964, 18.717441328050878], [-70.46070716845774, 18.717454482215885], [-70.46070026529857, 18.717467052191637], [-70.4606921023231, 18.717478916922275], [-70.46068275814508, 18.7174899621438], [-70.46067232275396, 18.717500081484538], [-70.46066089664824, 18.71750917748954], [-70.46023716843965, 18.717814142908335], [-70.46022486161598, 18.717822127952687], [-70.46021179263981, 18.717828925159075], [-70.4601980873727, 18.717834469066535], [-70.46018387780411, 18.717838706284052], [-70.46016930078022, 18.717841596004813], [-70.46015449668609, 18.71784311039911], [-70.46013960809354, 18.71784323488245], [-70.46012477838826, 18.71784196825596], [-70.46011015038879, 18.71783932271796], [-70.46009586497107, 18.717835323746453], [-70.46008205971182, 18.717830009853806], [-70.46006886756352, 18.717823432215795], [-70.460056415574, 18.717815654178803], [-70.46004482366288, 18.717806750649736], [-70.4600342034667, 18.71779680737459], [-70.46002465726383, 18.717785920112714], [-70.4599103503313, 18.71764172551906]]}}, {"type": "Feature", "properties": {"kind": "road", "class": "lane", "length_m": 276, "row_m": 7.0, "carriageway_m": 5.0, "grade_max_pct": 11.8, "grade_mean_pct": 3.7}, "geometry": {"type": "LineString", "coordinates": [[-70.45880613677748, 18.720194352822855], [-70.45879161151798, 18.720197471111483], [-70.4587768354219, 18.720199217826668], [-70.45876195079144, 18.720199576146527], [-70.45874710097411, 18.720198542620214], [-70.45873242898215, 18.72019612720115], [-70.45871807611518, 18.720192353151173], [-70.4587041805995, 18.72018725681652], [-70.4586908762568, 18.720180887277767], [-70.45867829121542, 18.72017330587718], [-70.45866654667638, 18.72016458562793], [-70.45865575574611, 18.720154810510955], [-70.45864602234721, 18.720144074666134], [-70.4586374402176, 18.7201324814857], [-70.4586300920078, 18.72012014261848], [-70.45862404848491, 18.720107176894672], [-70.45861936785113, 18.720093709181423], [-70.45845708455361, 18.71953650622055], [-70.45845381191289, 18.719522666214164], [-70.45845197875097, 18.719508587208324], [-70.4584516027219, 18.719494404791607], [-70.45845268744665, 18.71948025554848], [-70.45845522247839, 18.71946627574388], [-70.45845918340302, 18.719452600010943], [-70.45846453207433, 18.71943936005438], [-70.45847121698141, 18.719426683382117], [-70.45847917374473, 18.71941469207732], [-70.45848832573613, 18.719403501622658], [-70.45849858481677, 18.71939321978817], [-70.4585098521861, 18.71938394559338], [-70.4585220193332, 18.71937576835367], [-70.4585349690819, 18.71936876682017], [-70.4585485767192, 18.71936300842131], [-70.45856271119632, 18.71935854861348], [-70.45878200697847, 18.71930056316488], [-70.45879653216281, 18.719297444881924], [-70.45881130818088, 18.719295698170374], [-70.45882619273193, 18.71929533985196], [-70.45884104246997, 18.719296373377443], [-70.45885571438423, 18.719298788793413], [-70.45887006717653, 18.71930256283812], [-70.45888396262195, 18.719307659165526], [-70.45889726690005, 18.719314028695297], [-70.4589098518836, 18.71932161008551], [-70.4589215963725, 18.719330330323377], [-70.45893238726102, 18.719340105428387], [-70.45894212062704, 18.71935084126112], [-70.4589507027329, 18.719362434429804], [-70.45895805092817, 18.719374773286052], [-70.45896409444548, 18.7193877390001], [-70.45896877508228, 18.719401206705168], [-70.45913105986116, 18.719958409124825], [-70.4591343325672, 18.71997224911441], [-70.459136165793, 18.719986328108707], [-70.45913654188325, 18.720000510519355], [-70.45913545721564, 18.720014659762032], [-70.45913292223574, 18.720028639571794], [-70.45912896135646, 18.720042315315393], [-70.45912361272285, 18.720055555287875], [-70.45911692784496, 18.72006823198097], [-70.45910897110154, 18.720080223311076], [-70.4590998191202, 18.720091413794997], [-70.45908956003942, 18.720101695662073], [-70.45907829265971, 18.720110969892147], [-70.45906612549211, 18.720119147169143], [-70.45905317571322, 18.72012614874124], [-70.45903956803662, 18.720131907179315], [-70.45902543351193, 18.720136367026313], [-70.45880613677748, 18.720194352822855]]}}, {"type": "Feature", "properties": {"kind": "road", "class": "club-access", "length_m": 71, "row_m": 7.0, "carriageway_m": 5.0, "grade_max_pct": 11.9, "grade_mean_pct": 7.0}, "geometry": {"type": "LineString", "coordinates": [[-70.45898932791084, 18.720307138367353], [-70.45919571097546, 18.720561532703677], [-70.45885826108832, 18.7205592580823]]}}, {"type": "Feature", "properties": {"kind": "path", "label": "Sendero peatonal y de carritos de golf (2.5 m)", "length_m": 575}, "geometry": {"type": "LineString", "coordinates": [[-70.4610211856757, 18.71718582082772], [-70.46030043344042, 18.717474207677512], [-70.4600828349197, 18.718909327517505], [-70.45879407180217, 18.719747458006715], [-70.45887830350264, 18.72085636022845], [-70.45851689010227, 18.721058933887594]]}}, {"type": "Feature", "properties": {"kind": "gate", "label": "Port\u00f3n y caseta de seguridad"}, "geometry": {"type": "Point", "coordinates": [-70.46073600471935, 18.716700434380446]}}, {"type": "Feature", "properties": {"kind": "entrance", "label": "Entrada desde Carretera Los Quemados"}, "geometry": {"type": "Point", "coordinates": [-70.46069440619237, 18.71614653760628]}}, {"type": "Feature", "properties": {"kind": "green", "label": "Reserva de ladera (pendiente > 15 %)", "area_m2": 11517}, "geometry": {"type": "Polygon", "coordinates": [[[-70.46089198780074, 18.718687106147872], [-70.46089160235226, 18.718690702426287], [-70.46089084178375, 18.71869424402524], [-70.46088971370449, 18.71869769551188], [-70.46088822940061, 18.718701022354903], [-70.4608864037222, 18.71870419127004], [-70.46088425493471, 18.718707170553035], [-70.46088180453624, 18.718709930396866], [-70.46087907704246, 18.71871244318996], [-70.45998628137652, 18.719456340456187], [-70.45998559809567, 18.719456909777062], [-70.45998543349351, 18.719457760301754], [-70.45986506146743, 18.720079739232677], [-70.45986422236786, 18.720083142562952], [-70.45986304209063, 18.72008645272363], [-70.45986153167948, 18.72008963874187], [-70.45985970526712, 18.7200926708064], [-70.45985757994313, 18.720095520546515], [-70.45985517559393, 18.72009816129747], [-70.45958196570228, 18.720370430820346], [-70.45958135082515, 18.72037104357975], [-70.45958133972547, 18.720371891284806], [-70.4595811769317, 18.720384324172098], [-70.45957900989728, 18.7205498252749], [-70.45957895918555, 18.720551296208363], [-70.45957154051278, 18.720684041185947], [-70.45955430121555, 18.720992509855986], [-70.45955391829672, 18.72099605571854], [-70.45955317064332, 18.720999548393205], [-70.45955206552827, 18.72100295390416], [-70.45955061370185, 18.721006239123522], [-70.459548829287, 18.72100937209355], [-70.45936726496602, 18.721293737579924], [-70.45934452536252, 18.721329352203004], [-70.4593424071213, 18.72133232595683], [-70.45933998937504, 18.721335084550603], [-70.45933729603253, 18.721337600704967], [-70.4593343537278, 18.721339849537998], [-70.45933119155693, 18.721341808811314], [-70.45932784079018, 18.721343459149907], [-70.45932433456285, 18.721344784233803], [-70.4593207075475, 18.721345770959424], [-70.45931699561125, 18.721346409569176], [-70.4593132354609, 18.721346693747925], [-70.4593094642801, 18.721346620685463], [-70.45930571936152, 18.7213461911043], [-70.4593020377382, 18.721345409252496], [-70.45886060766956, 18.721229438306832], [-70.4588597637983, 18.72122921660679], [-70.45885894991703, 18.721229523667034], [-70.45871134801916, 18.721285210676534], [-70.45870787032455, 18.721286340366078], [-70.45870429423235, 18.721287144154463], [-70.4587006532976, 18.721287614499598], [-70.45869698168373, 18.72128774698818], [-70.45869331384205, 18.721287540377045], [-70.45868968418851, 18.72128699660484], [-70.45868612678068, 18.721286120773872], [-70.45868267499827, 18.721284921102196], [-70.45867936122988, 18.72128340884651], [-70.4586762165691, 18.72128159819654], [-70.45867327052277, 18.721279506141897], [-70.45867055073407, 18.721277152312634], [-70.45866808272318, 18.7212745587951], [-70.45866588964783, 18.721271749924654], [-70.45866399208593, 18.721268752057355], [-70.4585801742036, 18.721120543335516], [-70.4585427420859, 18.7210543548941], [-70.45854229731047, 18.721053568430264], [-70.45854222244058, 18.72105364213448], [-70.45854118819564, 18.721054009534214], [-70.45853757862508, 18.721055099588927], [-70.45853387297696, 18.721055841308758], [-70.45853010817964, 18.721056227302174], [-70.45852632175098, 18.72105625372255], [-70.45852255142442, 18.72105592030661], [-70.45851883477287, 18.721055230376983], [-70.45851520883441, 18.72105419080912], [-70.45851170974312, 18.72105281196276], [-70.45850837236891, 18.721051107578713], [-70.45850522997021, 18.721049094641913], [-70.45850231386238, 18.72104679321214], [-70.45849965310569, 18.721044226224155], [-70.45849727421572, 18.721041419259095], [-70.45849520089914, 18.721038400289597], [-70.45849345381743, 18.721035199400998], [-70.45849205038098, 18.72103184849154], [-70.45849100457566, 18.721028380954493], [-70.45849032682334, 18.721024831345357], [-70.45849002387807, 18.721021235037522], [-70.4584900987588, 18.72101762786975], [-70.45849055071935, 18.721014045789012], [-70.45849137525563, 18.721010524492293], [-70.45849256415083, 18.721007099070828], [-70.45849410555704, 18.7210038036604], [-70.45849598411347, 18.721000671101198], [-70.4584981810995, 18.720997732610503], [-70.45850004933199, 18.7209956983348], [-70.45850004702402, 18.720995696404348], [-70.45850065208526, 18.7209950396696], [-70.45850128975175, 18.720994411565762], [-70.4585007832974, 18.720993683002092], [-70.4584787444092, 18.72096197878847], [-70.45847737881151, 18.720960014296782], [-70.45847547769854, 18.72095696414535], [-70.45847389958148, 18.720953751100215], [-70.45847265966484, 18.720950406117865], [-70.45847176989476, 18.720946961425938], [-70.45847123884377, 18.72094345021274], [-70.45847107162837, 18.720939906307493], [-70.45847126985959, 18.720936363854367], [-70.45847183162749, 18.720932856983556], [-70.45847275151968, 18.720929419482424], [-70.45847402067328, 18.72092608446999], [-70.45847562686048, 18.72092288407783], [-70.45847755460625, 18.720919849140493], [-70.4584797853375, 18.72091700889844], [-70.45848229756194, 18.720914390716313], [-70.4588556906093, 18.7205616861469], [-70.45885826108832, 18.7205592580823], [-70.45885825148551, 18.720559944691313], [-70.45885826745665, 18.720560380222633], [-70.45885849545388, 18.720562985965234], [-70.45885855539336, 18.72056341800386], [-70.4588590458329, 18.72056599069074], [-70.45885914918297, 18.720566415216318], [-70.458859897501, 18.72056893090721], [-70.45886004329996, 18.72056934396928], [-70.45886104253299, 18.72057177925427], [-70.45886122942406, 18.720572177009068], [-70.45886247027369, 18.720574509226477], [-70.45886269651776, 18.72057488797268], [-70.4588641674372, 18.720577095419934], [-70.45886443092894, 18.720577451633087], [-70.45886611823047, 18.720579513768655], [-70.45886641651798, 18.720579844134004], [-70.45886830450033, 18.720581741768566], [-70.45886863480781, 18.72058204321187], [-70.45887070590227, 18.720583758686885], [-70.45887106515609, 18.72058402840305], [-70.45887330008996, 18.720585545755057], [-70.45887368494704, 18.720585781234224], [-70.458876062923, 18.72058708634342], [-70.45887646980204, 18.720587285394327], [-70.45887896869174, 18.72058836611594], [-70.45887939380647, 18.720588526886303], [-70.45888199035633, 18.720589373163627], [-70.45888242975086, 18.72058949415738], [-70.45888509979852, 18.720590098115327], [-70.45888554938404, 18.720590178206567], [-70.45888826808323, 18.720590534224968], [-70.45888872367604, 18.720590572668396], [-70.45889146572776, 18.7205906774343], [-70.45889169445316, 18.72059068091104], [-70.45919233700482, 18.720588339142218], [-70.45919256959742, 18.720588331888422], [-70.45919535678622, 18.7205881796493], [-70.4591958194515, 18.720588132588585], [-70.45919857755828, 18.720587720779303], [-70.45919903315453, 18.720587630735608], [-70.45920173561723, 18.720586963322123], [-70.4592021797568, 18.72058683116263], [-70.45920480054919, 18.720585914572496], [-70.45920522895477, 18.72058574156997], [-70.45920774283718, 18.720584584630462], [-70.45920815138304, 18.72058437245101], [-70.4592105341454, 18.720582986304088], [-70.45921091889696, 18.72058273699113], [-70.45921314759195, 18.720581134986155], [-70.45921350484386, 18.720580850940692], [-70.45921555800794, 18.720579048505858], [-70.45921588431968, 18.720578732463412], [-70.45921774217975, 18.720576746957164], [-70.45921803440875, 18.7205764019614], [-70.4592196790726, 18.72057425250524], [-70.45921993440453, 18.72057388187866], [-70.45922135003318, 18.720571589173044], [-70.45922156600906, 18.720571196484972], [-70.4592227389692, 18.72056878260991], [-70.45922291343291, 18.72056837185032], [-70.45922360202975, 18.7205664900734], [-70.45922425282332, 18.72056471132493], [-70.45922783052222, 18.720556287352903], [-70.45922831884322, 18.720555282420175], [-70.45923274589241, 18.7205472331429], [-70.45923333523987, 18.720546278654837], [-70.45923856900433, 18.720538681591236], [-70.45923925370253, 18.720537786740064], [-70.45924524377816, 18.720530715053936], [-70.45924601723306, 18.720529888457552], [-70.45925270593213, 18.720523410253016], [-70.45925356069492, 18.720522659872007], [-70.45926088360156, 18.72051683753766], [-70.45926181144044, 18.720516170598547], [-70.4592696980311, 18.720511060206555], [-70.45927069001047, 18.72051048313235], [-70.45927906433293, 18.720506133898542], [-70.45928011089954, 18.72050565224674], [-70.45928889230471, 18.720502106056497], [-70.45928998337945, 18.72050172446571], [-70.45929460647022, 18.72050034880208], [-70.45929482683738, 18.720500277527933], [-70.45929744762788, 18.72049936093662], [-70.45929787603313, 18.7204991879339], [-70.4593003899136, 18.720498030993273], [-70.45930079845911, 18.720497818813634], [-70.45930318121945, 18.72049643266566], [-70.45930356597069, 18.720496183352527], [-70.45930579466365, 18.72049458134657], [-70.45930615191523, 18.720494297300952], [-70.45930820507728, 18.720492494865223], [-70.45930853138867, 18.72049217882264], [-70.45931038924672, 18.720490193315587], [-70.45931068147537, 18.720489848319698], [-70.45931232613725, 18.720487698862847], [-70.45931258146886, 18.720487328236157], [-70.45931399709556, 18.72048503552995], [-70.45931421307112, 18.720484642841797], [-70.45931538602942, 18.72048222896626], [-70.45931556056898, 18.720481817998447], [-70.45931647956263, 18.720479306200524], [-70.45931655075258, 18.720479095092724], [-70.45931791874436, 18.720474668209704], [-70.45931830133532, 18.720473622510195], [-70.45932187902785, 18.720465198536733], [-70.45932236734805, 18.72046419360381], [-70.45932679439058, 18.7204561443247], [-70.4593273837372, 18.720455189836393], [-70.45933261749477, 18.72044759277057], [-70.4593333021921, 18.7204466979191], [-70.45933929226068, 18.72043962623039], [-70.45934006571471, 18.72043879963367], [-70.45934675440662, 18.7204323214262], [-70.45934760916855, 18.72043157104481], [-70.459354932068, 18.72042574870722], [-70.45935585990601, 18.72042508176769], [-70.45936374648952, 18.720419971372174], [-70.45936473846801, 18.720419394297515], [-70.45937311278344, 18.72041504505994], [-70.45937415934921, 18.72041456340767], [-70.4593829407475, 18.72041101721343], [-70.45938403182144, 18.72041063562215], [-70.45938865490886, 18.720409259956405], [-70.45938887527585, 18.720409188682154], [-70.45939149606436, 18.720408272089642], [-70.4593919244693, 18.720408099086733], [-70.45939443834773, 18.72040694214496], [-70.45939484689289, 18.720406729965145], [-70.45939722965116, 18.720405343816093], [-70.45939761440204, 18.72040509450279], [-70.45939984309291, 18.720403492495848], [-70.45940020034413, 18.72040320845007], [-70.45940225350407, 18.72040140601344], [-70.45940257981513, 18.720401089970707], [-70.4594044376711, 18.72039910446285], [-70.4594047298994, 18.720398759466832], [-70.45940637455922, 18.720396610009278], [-70.45940662989051, 18.720396239382477], [-70.45940804551522, 18.720393946675674], [-70.45940826149045, 18.720393553987428], [-70.45940943444684, 18.720391140111424], [-70.45940960898609, 18.720390729143535], [-70.45941052797794, 18.720388217345256], [-70.45941059916771, 18.720388006237435], [-70.45941196715646, 18.72038357935389], [-70.45941234974664, 18.720382533654234], [-70.45941592743281, 18.72037410967935], [-70.45941641575222, 18.72037310474623], [-70.45942084278806, 18.72036505546529], [-70.45942143213388, 18.72036410097673], [-70.45942666588454, 18.720356503908683], [-70.45942735058104, 18.720355609056927], [-70.45943334064253, 18.720348537365624], [-70.4594341140957, 18.72034771076856], [-70.45944080278045, 18.720341232558166], [-70.45944165754149, 18.720340482176397], [-70.45944898043375, 18.720334659835565], [-70.45944990827088, 18.720333992895625], [-70.45945779484725, 18.72032888249658], [-70.4594587868249, 18.72032830542148], [-70.45946716113329, 18.720323956180117], [-70.4594682076982, 18.72032347452737], [-70.45947698908965, 18.720319928329143], [-70.45947808016275, 18.72031954673736], [-70.45948270324683, 18.720318171069504], [-70.45948292361365, 18.72031809979515], [-70.4594855444002, 18.720317183201452], [-70.4594859728048, 18.720317010198347], [-70.45948848668118, 18.72031585325544], [-70.459488895226, 18.720315641075437], [-70.4594912779822, 18.72031425492532], [-70.45949166273273, 18.72031400561184], [-70.45949389142149, 18.720312403603902], [-70.45949424867237, 18.720312119557963], [-70.45949630183021, 18.720310317120436], [-70.45949662814091, 18.720310001077564], [-70.45949848599479, 18.720308015568886], [-70.45949877822277, 18.72030767057275], [-70.45950042288055, 18.72030552111449], [-70.45950067821148, 18.720305150487576], [-70.4595020938342, 18.720302857780187], [-70.45950230980912, 18.72030246509185], [-70.45950348276358, 18.72030005121536], [-70.45950365730253, 18.720299640247404], [-70.45950457629255, 18.720297128448774], [-70.45950464748219, 18.72029691734092], [-70.45950601546787, 18.720292490456863], [-70.45950639805731, 18.720291444757066], [-70.45950997573709, 18.720283020780748], [-70.4595104640557, 18.72028201584743], [-70.4595148910849, 18.72027396656465], [-70.45951548042987, 18.72027301207585], [-70.45952071417364, 18.72026541500558], [-70.45952139886927, 18.72026452015353], [-70.45952738892372, 18.72025744845964], [-70.45952816237602, 18.720256621862244], [-70.4595348510536, 18.72025014364891], [-70.45953570581378, 18.720249393266766], [-70.45954302869885, 18.720243570922687], [-70.45954395653511, 18.720242903982335], [-70.45955184310434, 18.72023779357976], [-70.4595528350811, 18.720237216504213], [-70.45956120938247, 18.720232867259075], [-70.45956225594654, 18.720232385605858], [-70.45957103733113, 18.720228839403642], [-70.45957289325958, 18.7202281903101], [-70.4595728951745, 18.720228189536794], [-70.45957485646795, 18.720227503592803], [-70.45957528487224, 18.72022733058951], [-70.45957779874664, 18.72022617364552], [-70.45957820729113, 18.72022596146535], [-70.4595805900453, 18.72022457531422], [-70.4595809747955, 18.720224326000572], [-70.45958320348223, 18.720222723991697], [-70.45958356073275, 18.72022243994561], [-70.45958561388856, 18.720220637507218], [-70.45958594019893, 18.720220321464208], [-70.45958779805079, 18.720218335954772], [-70.45958809027843, 18.720217990958506], [-70.45958973493424, 18.72021584149958], [-70.45958999026485, 18.720215470872567], [-70.45959140588566, 18.720213178164613], [-70.45959162186026, 18.720212785476196], [-70.45959279481289, 18.720210371599265], [-70.45959296935153, 18.720209960631237], [-70.45959388833982, 18.72020744883227], [-70.45959401976161, 18.720207023542493], [-70.4595946759352, 18.7202044380115], [-70.45959476297446, 18.720204002495734], [-70.45959515001405, 18.720201368132795], [-70.45959519183256, 18.720200926585306], [-70.45959530601078, 18.72019826876077], [-70.45959530981925, 18.720198047052833], [-70.4595948607508, 18.720145724747486], [-70.4595948694929, 18.720145189048342], [-70.45959524696181, 18.720136035903508], [-70.45959534428358, 18.72013496933439], [-70.45959657766349, 18.720126263352817], [-70.45959678061945, 18.720125210370217], [-70.45959887427395, 18.720116654925327], [-70.45959918103755, 18.720115625005725], [-70.45960211612427, 18.720107297093765], [-70.45960252393469, 18.72010629950619], [-70.45960627403869, 18.720098274075724], [-70.45960677922575, 18.720097317798075], [-70.45961131059717, 18.720089667075392], [-70.45961190861433, 18.720088760713892], [-70.45961718047212, 18.720081553553058], [-70.45961786593747, 18.720080705264618], [-70.45962383083652, 18.720074006527724], [-70.45962459758097, 18.72007322394676], [-70.45963120183909, 18.72006709392023], [-70.45963204296226, 18.720066384089638], [-70.45963922714314, 18.720060877941755], [-70.45964013507516, 18.7200602472498], [-70.45964783452347, 18.72005541453409], [-70.45964880109331, 18.720054868656742], [-70.45965694651647, 18.720050752866054], [-70.45965796302521, 18.720050296716103], [-70.45966648111713, 18.72004693489116], [-70.45966753841658, 18.72004657257375], [-70.45966979982593, 18.720045911245126], [-70.45967002165118, 18.720045840625037], [-70.45967266000548, 18.720044931162853], [-70.45967309135143, 18.720044759109093], [-70.45967562285122, 18.720043606438097], [-70.45967603431191, 18.720043394735637], [-70.45967843433324, 18.72004201006788], [-70.45967882190637, 18.720041760775953], [-70.4596810671042, 18.720040157580122], [-70.45968142701985, 18.720039873123593], [-70.45968349555507, 18.720038066994], [-70.45968382431232, 18.720037750139785], [-70.45968569606431, 18.720035758644688], [-70.45968599046533, 18.720035412474846], [-70.45968764722751, 18.720033254985566], [-70.45968790440868, 18.720032882867272], [-70.4596893300657, 18.720030580369738], [-70.4596895475254, 18.720030185922603], [-70.45969072820989, 18.720027760813245], [-70.45969090383288, 18.720027347874066], [-70.45969182806033, 18.720024823741966], [-70.45969189963283, 18.720024611587107], [-70.45969333629023, 18.720019962453666], [-70.45969371887797, 18.720018916753588], [-70.45969729654351, 18.720010492774477], [-70.45969778486031, 18.720009487840763], [-70.45970221187416, 18.720001438554423], [-70.45970280121722, 18.72000048406514], [-70.45970803494474, 18.71999288699056], [-70.45970871963836, 18.719991992137945], [-70.4597147096758, 18.71998492043905], [-70.45971548312599, 18.719984093841003], [-70.459722171786, 18.719977615622014], [-70.45972302654398, 18.719976865239143], [-70.45973034941106, 18.71997104288881], [-70.45973127724513, 18.719970375947664], [-70.45973916379609, 18.719965265538306], [-70.45974015577063, 18.719964688461907], [-70.45974853005366, 18.719960339209518], [-70.4597495766155, 18.719959857555384], [-70.45975835798188, 18.719956311345502], [-70.45975944905194, 18.719955929752278], [-70.45976407212356, 18.719954554078253], [-70.45976429248978, 18.719954482803608], [-70.45976691326905, 18.719953566206417], [-70.45976734167243, 18.719953393202736], [-70.45976985554142, 18.719952236256514], [-70.45977026408502, 18.71995202407597], [-70.45977264683378, 18.719950637922725], [-70.45977303158305, 18.719950388608748], [-70.45977526026442, 18.719948786597904], [-70.45977561751407, 18.719948502551503], [-70.4597776706646, 18.719946700111315], [-70.45977799697408, 18.71994638406803], [-70.45977985482081, 18.71994439855698], [-70.45978014704761, 18.719944053560475], [-70.45978179169848, 18.71994190410014], [-70.45978204702827, 18.719941533472916], [-70.45978346264438, 18.71993924076377], [-70.45978367861824, 18.71993884807518], [-70.45978485156645, 18.719936434197283], [-70.45978502610438, 18.719936023229117], [-70.45978594508857, 18.719933511429424], [-70.45978601627775, 18.719933300321497], [-70.45978738425373, 18.71992887343592], [-70.45978776684075, 18.71992782773568], [-70.45979134449989, 18.719919403755146], [-70.45979183281588, 18.719918398821232], [-70.4597962598231, 18.719910349533063], [-70.45979684916531, 18.71990939504353], [-70.45980208288594, 18.719901797966735], [-70.4598027675787, 18.71990090311382], [-70.45980875760908, 18.719893831412328], [-70.4598095310584, 18.71989300481395], [-70.45981621971124, 18.719886526592035], [-70.45981707446838, 18.719885776208784], [-70.45982439732826, 18.719879953855212], [-70.45982532516143, 18.719879286913645], [-70.45983321170526, 18.719874176500767], [-70.45983420367892, 18.71987359942391], [-70.45984257795493, 18.719869250167747], [-70.45984362451593, 18.719868768513138], [-70.45985240587545, 18.719865222299273], [-70.45985426179875, 18.71986457320327], [-70.45985426371367, 18.71986457242996], [-70.45985622500169, 18.719863886483356], [-70.45985665340474, 18.719863713479494], [-70.45985916727176, 18.719862556532185], [-70.459859575815, 18.719862344351476], [-70.45986195856175, 18.719860958197213], [-70.45986234331069, 18.719860708883065], [-70.45986457199001, 18.719859106871283], [-70.45986492923932, 18.719858822824737], [-70.45986698238781, 18.719857020383696], [-70.45986730869696, 18.71985670434027], [-70.45986916654168, 18.71985471882846], [-70.45986945876814, 18.71985437383183], [-70.45987110341704, 18.71985222437083], [-70.45987135874651, 18.719851853743503], [-70.45987277436072, 18.7198495610338], [-70.45987299033425, 18.71984916834512], [-70.45987416328062, 18.719846754466772], [-70.45987433781826, 18.719846343498542], [-70.45987525680071, 18.71984383169852], [-70.45987538822158, 18.719843406408597], [-70.45987604438982, 18.7198408208769], [-70.45987613142825, 18.71984038536106], [-70.45987651846302, 18.719837750997787], [-70.45987656028079, 18.719837309450273], [-70.45987667445478, 18.719834651625792], [-70.4598766782629, 18.719834429917867], [-70.45987548898525, 18.719695887076917], [-70.4598754818092, 18.71969567283822], [-70.45987533175409, 18.719693105366776], [-70.45987528547084, 18.719692679066828], [-70.4598748807522, 18.71969013669701], [-70.45987479228107, 18.71968971649424], [-70.45987413654125, 18.719687222106586], [-70.45987400667846, 18.71968681178269], [-70.4598731058189, 18.719684387825897], [-70.45987293573317, 18.71968399107366], [-70.45987179786137, 18.719681659362564], [-70.45987158908342, 18.71968127975263], [-70.45987022443985, 18.719679061271894], [-70.45986997884863, 18.719678702220623], [-70.45986839971467, 18.71967661693588], [-70.4598681195204, 18.719676281674623], [-70.45986634010775, 18.71967434835276], [-70.4598660278321, 18.719674039898763], [-70.45986406415493, 18.719672275939065], [-70.45986372260828, 18.71967199706832], [-70.45986159233907, 18.71967041834585], [-70.45986122459524, 18.71967017156811], [-70.4598589469057, 18.719668792290875], [-70.45985855627427, 18.71966857982705], [-70.45985615166292, 18.719667412408107], [-70.45985574165942, 18.7196672361703], [-70.45985323176699, 18.71966629111605], [-70.4598530206479, 18.719666217090705], [-70.45985287231169, 18.719666168854303], [-70.4598442976704, 18.719662940229075], [-70.45984327346986, 18.719662499981858], [-70.459835058505, 18.71965851168311], [-70.45983408269642, 18.719657980942134], [-70.45982630134007, 18.71965326886331], [-70.45982538270555, 18.719652652405156], [-70.45981810498755, 18.719647258953543], [-70.45981725179443, 18.719646562326094], [-70.459810543212, 18.719640536041112], [-70.4598097631388, 18.719639765513843], [-70.45980368406714, 18.71963316063027], [-70.45980298413417, 18.719632323137606], [-70.45979758928297, 18.71962519909737], [-70.45979697578952, 18.719624302176584], [-70.45979231371068, 18.719616723093846], [-70.45979179217794, 18.719615774816894], [-70.45978790482864, 18.719607808901113], [-70.45978747995026, 18.719606817802237], [-70.45978440231534, 18.71959853674418], [-70.45978407791505, 18.719597511742897], [-70.45978183769213, 18.719588990069557], [-70.45978161668943, 18.71958794039064], [-70.45978023403971, 18.719579254794382], [-70.45978011842352, 18.71957818988458], [-70.45977958389206, 18.71956904384657], [-70.45977956595583, 18.719568508355326], [-70.4597790192686, 18.719504817912174], [-70.45977901167569, 18.71950459663703], [-70.45977885235156, 18.719501945056184], [-70.45977880310667, 18.719501504896268], [-70.45977837220184, 18.719498880900684], [-70.45977827798424, 18.719498447445716], [-70.45977757963566, 18.71949587622757], [-70.45977744134991, 18.719495453638995], [-70.45977648226224, 18.719492959883734], [-70.45977630123599, 18.719492552218714], [-70.45977509061713, 18.719490159868084], [-70.45977486858834, 18.719489771040468], [-70.45977341806108, 18.719487503062666], [-70.45977315716138, 18.719487136805483], [-70.45977148065178, 18.719485014974637], [-70.45977144446063, 18.719484971433044], [-70.45977068025684, 18.719484001933466], [-70.45976522618696, 18.71947630757381], [-70.45976461173957, 18.71947533939429], [-70.45975999375372, 18.719467163301466], [-70.45975948414949, 18.719466141360044], [-70.45975574867431, 18.71945756573215], [-70.4597553490365, 18.71945650030291], [-70.45975253362636, 18.719447611354806], [-70.4597522479727, 18.719446513148945], [-70.45975038093206, 18.71943740024538], [-70.45975021213434, 18.719436280303714], [-70.45974931223328, 18.719427035060953], [-70.45974926198849, 18.719425904642787], [-70.45974933827395, 18.719416620007575], [-70.45974940708719, 18.719415490477495], [-70.45975045879206, 18.719406259792553], [-70.45975064597148, 18.71940514250629], [-70.45975266252232, 18.719396058571974], [-70.45975296618612, 18.719394964762074], [-70.45975592730943, 18.71938611890335], [-70.45975634440472, 18.719385059566413], [-70.45976022033078, 18.719376540714766], [-70.45976074666429, 18.719375526500787], [-70.45976549842653, 18.719367420300074], [-70.45976612870676, 18.719366461405404], [-70.4597717085334, 18.719358849351], [-70.45977243642383, 18.71935795541586], [-70.45977878821822, 18.719350914035143], [-70.4597796064011, 18.719350094046614], [-70.45978666630565, 18.7193436941298], [-70.45978756655528, 18.719342956331683], [-70.45979526359358, 18.719337262219963], [-70.45979623685938, 18.71933661402963], [-70.45980449364951, 18.71933168296849], [-70.45980553014688, 18.719331130902454], [-70.45981426367953, 18.71932701246608], [-70.45981535298803, 18.719326562074524], [-70.45982447546116, 18.719323297667344], [-70.45982560662944, 18.719322953478283], [-70.45983502633068, 18.719320575918847], [-70.45983618798668, 18.71932034139253], [-70.45984581021554, 18.71931887458349], [-70.45984699068056, 18.719318752077736], [-70.45984701346758, 18.71931875080976], [-70.45984725378229, 18.71931873158376], [-70.45985012953776, 18.71931843116347], [-70.45985060553838, 18.719318357937148], [-70.45985343440162, 18.719317780778187], [-70.45985390013564, 18.719317661867052], [-70.45985665285129, 18.71931681393824], [-70.45985710350222, 18.719316650572047], [-70.45985975160238, 18.719315540642445], [-70.4598601825097, 18.719315334510682], [-70.45986269860846, 18.71931397405889], [-70.45986310531583, 18.719313727293326], [-70.45986546339236, 18.71931213038878], [-70.45986584169373, 18.719311845541387], [-70.45986801736142, 18.71931002869885], [-70.4598683633445, 18.719309708715453], [-70.45987033410316, 18.71930769072423], [-70.45987064418988, 18.71930733891402], [-70.45987238965847, 18.71930514064365], [-70.45987266064202, 18.71930476064494], [-70.45987416276938, 18.719302404829357], [-70.45987439184728, 18.719302000571997], [-70.45987563509883, 18.719299511574413], [-70.45987581777185, 18.719299092920174], [-70.45987653056063, 18.71929719596294], [-70.45987653273635, 18.71929719016027], [-70.45987722027061, 18.719295352519058], [-70.45988100566971, 18.719286659282734], [-70.45988152283851, 18.71928562367846], [-70.45988621478618, 18.719277341458035], [-70.45988683960789, 18.719276361222025], [-70.45989238963561, 18.719268575573754], [-70.45989311565569, 18.71926766083202], [-70.45989946643093, 18.719260452182514], [-70.45990028614952, 18.71925961238439], [-70.45990737206792, 18.719253055199843], [-70.45990827701723, 18.719252299020546], [-70.45991602488037, 18.719246461037393], [-70.45991700571214, 18.719245796288355], [-70.4599253354837, 18.719240737813553], [-70.45992638206586, 18.71924017136169], [-70.4599352076983, 18.719235944649867], [-70.45993630921944, 18.719235482346708], [-70.45994553954307, 18.719232131060203], [-70.45994668462446, 18.71923177768136], [-70.45995622428892, 18.719229336439337], [-70.45995740110169, 18.719229095635264], [-70.45996715156132, 18.719227589656], [-70.45996834794887, 18.719227463914216], [-70.45997862974322, 18.719226885036996], [-70.45997923182877, 18.719226865754152], [-70.46003439052852, 18.71922643585375], [-70.46003462216161, 18.719226428651247], [-70.46003739788223, 18.71922627756304], [-70.46003785865824, 18.719226230871907], [-70.46004060564428, 18.719225822335815], [-70.46004105943638, 18.719225733010934], [-70.46004375145026, 18.71922507092905], [-70.4600441939241, 18.719224939823615], [-70.46004680525331, 18.71922403051975], [-70.46004723218266, 18.71922385888599], [-70.46004973788533, 18.719222711045287], [-70.4600501451924, 18.71922250052256], [-70.46005252133556, 18.71922112510849], [-70.46005290512998, 18.719220877707574], [-70.46005512901813, 18.719219287857292], [-70.46005548563416, 18.719219005941213], [-70.46005753602601, 18.719217216840015], [-70.46005786205745, 18.719216903101472], [-70.46005971936896, 18.719214931837794], [-70.46006001170174, 18.719214589273424], [-70.46006165819294, 18.719212454675596], [-70.46006191403488, 18.719212086557377], [-70.46006333397948, 18.719209809013808], [-70.46006355088696, 18.719209418857783], [-70.46006473072251, 18.719207020122212], [-70.46006487176079, 18.719206702325746], [-70.4600653715082, 18.719205444380123], [-70.4600654032665, 18.71920536203311], [-70.46006609079838, 18.719203524391354], [-70.46006987618584, 18.719194831151928], [-70.46007039335322, 18.719193795547216], [-70.46007508528913, 18.71918551332279], [-70.4600757101094, 18.719184533086242], [-70.46008126012536, 18.719176747433092], [-70.46008198614402, 18.719175832690706], [-70.46008833690763, 18.719168624035508], [-70.46008915662483, 18.719167784236642], [-70.46009624253183, 18.71916122704565], [-70.46009714747979, 18.71916047086553], [-70.4601048953319, 18.719154632875224], [-70.46010587616234, 18.719153968125283], [-70.46011420592338, 18.719148909642715], [-70.46011525250428, 18.719148343189875], [-70.46012407812674, 18.719144116469757], [-70.46012517964672, 18.719143654165563], [-70.46013440996107, 18.719140302870304], [-70.46013555504138, 18.719139949490376], [-70.46014509469735, 18.71913750823925], [-70.46014627150915, 18.719137267434046], [-70.46015602196114, 18.719135761445397], [-70.46015721834783, 18.719135635702465], [-70.46016750013523, 18.71913505681529], [-70.4601681022204, 18.719135037531874], [-70.46022298668844, 18.719134609715258], [-70.46022321927892, 18.719134602460322], [-70.4602260064419, 18.719134450207527], [-70.46022646910276, 18.71913440314454], [-70.46022922718261, 18.719133991321797], [-70.46022968277427, 18.719133901275885], [-70.46023238520912, 18.719133233849277], [-70.46023282934401, 18.719133101687635], [-70.46023545010793, 18.71913218508485], [-70.46023587850875, 18.719132012080255], [-70.46023839236234, 18.719130855128686], [-70.46023880090338, 18.719130642947277], [-70.46024118363687, 18.719129256789], [-70.46024156838362, 18.71912900747421], [-70.46024379704996, 18.71912740545869], [-70.46024415429711, 18.719127121411546], [-70.46024620743303, 18.719125318967084], [-70.46024653374013, 18.71912500292312], [-70.46024839157278, 18.71912301740825], [-70.46024868379729, 18.719122672411135], [-70.46025032843475, 18.719120522947456], [-70.46025058376237, 18.71912015231971], [-70.46025199936591, 18.719117859607735], [-70.46025221533772, 18.719117466918707], [-70.46025338827428, 18.719115053038507], [-70.4602535627342, 18.719114642278175], [-70.46025425131467, 18.719112760498348], [-70.46025490209274, 18.719110981747153], [-70.46025847971393, 18.71910255775974], [-70.46025896802509, 18.71910155282488], [-70.46026339499097, 18.71909350352794], [-70.46026398432798, 18.71909254903723], [-70.46026921800434, 18.71908495194988], [-70.46026990269156, 18.719084057095575], [-70.46027589267516, 18.719076985381843], [-70.46027666611865, 18.719076158781863], [-70.46028335472263, 18.719069680546127], [-70.4602842094737, 18.719068930161107], [-70.46029153228312, 18.719063107792262], [-70.46029246011008, 18.71906244084876], [-70.46030034660234, 18.71905733041931], [-70.46030133856968, 18.71905675334038], [-70.4603097127935, 18.71905240406651], [-70.46031075934812, 18.71905192240969], [-70.46031954065533, 18.719048376177163], [-70.46032063171823, 18.71904799458111], [-70.46032552651253, 18.719046538029293], [-70.4603257457068, 18.719046467163285], [-70.46032835269175, 18.719045556118974], [-70.46032877889401, 18.719045384253814], [-70.4603312802413, 18.71904423537402], [-70.4603316868279, 18.71904402473561], [-70.46033405870544, 18.719042648966546], [-70.46033444180252, 18.719042401561765], [-70.46033666161168, 18.71904081201139], [-70.46033701756922, 18.719040530197454], [-70.46033906416028, 18.719038742010568], [-70.46033938958682, 18.719038428472516], [-70.46034124346045, 18.719036458686457], [-70.4603415352554, 18.719036116411598], [-70.46034317874839, 18.719033983793956], [-70.4603434341316, 18.7190336160434], [-70.46034485158523, 18.71903134091315], [-70.46034506812352, 18.719030951190707], [-70.46034624603269, 18.719028555224682], [-70.4603464216629, 18.71902814724352], [-70.46034734880485, 18.719025653269806], [-70.46034742074083, 18.719025443641144], [-70.46034860411713, 18.71902168710813], [-70.46034900828703, 18.719020606832668], [-70.46035279365623, 18.719011913588634], [-70.46035331082133, 18.71901087798328], [-70.46035800273856, 18.719002595752883], [-70.46035862755653, 18.71900161551553], [-70.46036417755357, 18.718993829855147], [-70.46036490356991, 18.718992915111805], [-70.46037125431457, 18.718985706448162], [-70.46037207402945, 18.7189848666482], [-70.46037915991765, 18.718978309447643], [-70.46038006486333, 18.71897755326628], [-70.46038781269696, 18.7189717152654], [-70.46038879352521, 18.71897105051411], [-70.46039712326831, 18.71896599202005], [-70.46039816984708, 18.71896542556576], [-70.46040699545236, 18.71896119883335], [-70.4604080969703, 18.718960736527617], [-70.46041732726836, 18.71895738521941], [-70.46041847234673, 18.71895703183787], [-70.4604280119875, 18.71895459057326], [-70.46042918879752, 18.718954349766395], [-70.46043893923553, 18.718952843763873], [-70.4604401356206, 18.718952718019228], [-70.46045041739485, 18.718952139117338], [-70.46045101947927, 18.718952119833048], [-70.46050590388134, 18.71895169193759], [-70.46050613647154, 18.718951684682317], [-70.46050892363095, 18.71895153242553], [-70.4605093862912, 18.71895148536188], [-70.46051214436712, 18.718951073535216], [-70.46051259995811, 18.718950983488657], [-70.46051530238867, 18.718950316058226], [-70.46051574652282, 18.718950183895956], [-70.46051836728216, 18.718949267289492], [-70.4605187956822, 18.7189490942843], [-70.46052130953099, 18.718947937329226], [-70.46052171807119, 18.718947725147252], [-70.46052410079965, 18.71894633898568], [-70.46052448554556, 18.718946089670354], [-70.4605267142067, 18.71894448765179], [-70.460527071453, 18.71894420360416], [-70.46052912458362, 18.718942401156923], [-70.46052945088982, 18.718942085112506], [-70.46053130871711, 18.718940099595155], [-70.46053160094073, 18.718939754597653], [-70.46053324557283, 18.718937605131817], [-70.46053350089957, 18.718937234503745], [-70.46053491649778, 18.71893494178995], [-70.46053513246872, 18.718934549100645], [-70.46053630540005, 18.718932135218992], [-70.46053647985912, 18.71893172445844], [-70.46053716843578, 18.718929842677817], [-70.46053781921029, 18.718928063925844], [-70.46054139681387, 18.718919639934086], [-70.46054188512285, 18.718918634998616], [-70.46054631207073, 18.718910585696083], [-70.46054690140554, 18.718909631204617], [-70.46055213506364, 18.71890203411046], [-70.46055281974861, 18.718901139255255], [-70.46055880971389, 18.71889406753358], [-70.46055958315516, 18.718893240932573], [-70.46056627174093, 18.71888676268783], [-70.46056712648979, 18.718886012301652], [-70.4605744492813, 18.71888018992284], [-70.4605753771061, 18.71887952297806], [-70.46058326358087, 18.718874412537765], [-70.46058425554612, 18.718873835457458], [-70.46059262975311, 18.718869486171968], [-70.4605936763057, 18.718869004513685], [-70.46060245759686, 18.718865458268876], [-70.46060354865786, 18.71886507667129], [-70.46060817169207, 18.71886370097876], [-70.46060839205647, 18.718863629703232], [-70.46061101281394, 18.71886271309559], [-70.46061144121364, 18.718862540090214], [-70.46061395506047, 18.718861383134012], [-70.46061436360034, 18.718861170951858], [-70.46061674632679, 18.718859784789224], [-70.46061713107237, 18.718859535473733], [-70.46061935973148, 18.71885793345419], [-70.46061971697745, 18.7188576494064], [-70.46062177010602, 18.71885584695827], [-70.46062209641188, 18.718855530913718], [-70.46062395423716, 18.71885354539556], [-70.46062424646045, 18.718853200397945], [-70.46062589109057, 18.718851050931402], [-70.46062614641698, 18.71885068030322], [-70.46062756201326, 18.718848387588835], [-70.46062777798389, 18.71884799489945], [-70.46062895091336, 18.718845581017327], [-70.46062912544826, 18.718845170048546], [-70.460630044415, 18.718842658245688], [-70.46063011560274, 18.718842447137508], [-70.46063148354963, 18.71883802024737], [-70.46063186612938, 18.718836974545805], [-70.46063544372659, 18.718828550552626], [-70.46063593203478, 18.718827545616954], [-70.460640358976, 18.71881949631258], [-70.46064094830996, 18.718818541820873], [-70.46064618196117, 18.718810944724495], [-70.46064686664529, 18.718810049868992], [-70.46065285660352, 18.718802978144733], [-70.46065363004391, 18.71880215154339], [-70.46066031862253, 18.718795673295713], [-70.46066117337051, 18.71879492290916], [-70.46066849615482, 18.7187891005271], [-70.46066942397874, 18.718788433581913], [-70.46067731044639, 18.718783323138087], [-70.46067830241077, 18.718782746057332], [-70.4606866766107, 18.718778396768073], [-70.46068772316248, 18.718777915109314], [-70.46069650444677, 18.71877436886052], [-70.46069759550694, 18.71877398726243], [-70.4607022185378, 18.718772611567797], [-70.46070243890203, 18.718772540292168], [-70.46070505965753, 18.718771623683324], [-70.46070548805692, 18.718771450677746], [-70.46070800190168, 18.718770293720407], [-70.46070841044123, 18.718770081538075], [-70.4607107931656, 18.718768695374372], [-70.46071117791082, 18.71876844605871], [-70.46071340656783, 18.718766844038168], [-70.46071376381346, 18.71876655999023], [-70.46071581693992, 18.718764757541184], [-70.46071614324543, 18.718764441496493], [-70.46071800106864, 18.71876245597753], [-70.46071829329158, 18.718762110979785], [-70.46071993791965, 18.718759961512543], [-70.46072019324572, 18.718759590884247], [-70.46072160884002, 18.71875729816927], [-70.46072182481032, 18.718756905479797], [-70.46072299773786, 18.718754491597192], [-70.46072317227248, 18.718754080628347], [-70.46072409123738, 18.718751568825123], [-70.46072416242498, 18.718751357716926], [-70.46072553036883, 18.718746930826274], [-70.4607259129478, 18.71874588512456], [-70.46072949053864, 18.718737461129948], [-70.46072997884605, 18.718736456194083], [-70.4607344057806, 18.718728406887877], [-70.46073499511373, 18.718727452395918], [-70.46074022875804, 18.71871985529732], [-70.46074091344131, 18.718718960441528], [-70.46074690339246, 18.718711888714676], [-70.460747676832, 18.718711062112995], [-70.46075436540346, 18.718704583862394], [-70.46075522015057, 18.718703833475463], [-70.4607625429277, 18.718698011090158], [-70.46076347075073, 18.71869734414455], [-70.46077135721124, 18.718692233697205], [-70.46077234917476, 18.718691656616002], [-70.46078072336766, 18.718687307322963], [-70.46078176991858, 18.718686825663735], [-70.46079055119603, 18.718683279410946], [-70.46079164225537, 18.71868289781237], [-70.46079653703444, 18.718681441249174], [-70.46079675622802, 18.718681370382665], [-70.46079936320449, 18.718680459332308], [-70.4607997894053, 18.718680287466178], [-70.46080229074376, 18.718679138580626], [-70.46080269732884, 18.718678927941276], [-70.46080506919726, 18.71867755216681], [-70.4608054522928, 18.71867730476116], [-70.46080767209263, 18.718675715205766], [-70.46080802804859, 18.71867543339103], [-70.46081007463022, 18.71867364519956], [-70.46081040005517, 18.71867333166079], [-70.46081225391933, 18.71867136187064], [-70.4608125457127, 18.718671019595146], [-70.4608141891963, 18.718668886973937], [-70.46081444457795, 18.718668519222817], [-70.46081586202233, 18.71866624408957], [-70.46081607855909, 18.718665854366666], [-70.46081725645926, 18.718663458398215], [-70.460817432088, 18.718663050416694], [-70.46081835922126, 18.718660556441165], [-70.46081843115654, 18.718660346812364], [-70.46081961452028, 18.71865659027711], [-70.4608200186864, 18.718655510000858], [-70.46082380402407, 18.718646816749178], [-70.46082432118529, 18.718645781142754], [-70.46082901306993, 18.718637498902503], [-70.46082963788389, 18.718636518663818], [-70.46083518784765, 18.718628732991466], [-70.46083591385991, 18.718627818246542], [-70.4608422645709, 18.718620609568948], [-70.46084308428169, 18.718619769767173], [-70.46085017013623, 18.718613212550817], [-70.46085107507781, 18.718612456367435], [-70.46085882287812, 18.71860661834909], [-70.46085980370235, 18.718605953595574], [-70.46086813341279, 18.718600895082552], [-70.46086917998763, 18.718600328625865], [-70.46087800556126, 18.718596101873192], [-70.4608791070754, 18.71859563956492], [-70.46088195309885, 18.718594606229573], [-70.46088216427928, 18.71859452395685], [-70.4608846720551, 18.718593479176512], [-70.46088508074246, 18.718593286089927], [-70.46088747153695, 18.718592016513867], [-70.46088785885844, 18.71859178689839], [-70.46089011054062, 18.71859030427877], [-70.4608904729109, 18.718590040259876], [-70.46089256463752, 18.71858835832094], [-70.46089289870221, 18.71858806234261], [-70.46089481111066, 18.71858619665365], [-70.46089511377743, 18.718585871455677], [-70.46089682916502, 18.718583839286918], [-70.46089709763213, 18.718583487879567], [-70.46089766394525, 18.718582666261998], [-70.46089198780074, 18.718687106147872]]]}}, {"type": "Feature", "properties": {"kind": "path", "label": "Perimeter walking / golf-cart trail behind finger 1 (810 m contour)", "length_m": 182}, "geometry": {"type": "LineString", "coordinates": [[-70.45676102543074, 18.722885030321866], [-70.45771709535933, 18.72362223949467], [-70.45806259231624, 18.72396712172837]]}}, {"type": "Feature", "properties": {"kind": "culdesac", "label": "Micro cul-de-sac, finger 1: 4-6 estate lots around a small viewpoint pavilion"}, "geometry": {"type": "Polygon", "coordinates": [[[-70.45623071179872, 18.72336642703338], [-70.4562310925633, 18.72335756761555], [-70.45623238288245, 18.7233487864183], [-70.45623457032951, 18.723340168009333], [-70.45623763383807, 18.723331795388624], [-70.45624154390472, 18.723323749189053], [-70.45624626287331, 18.723316106899876], [-70.45625174529751, 18.723308942120454], [-70.4562579383785, 18.723302323851488], [-70.45626478247353, 18.72329631583044], [-70.4562722116702, 18.723290975917784], [-70.45628015442132, 18.723286355539724], [-70.45628853423392, 18.723282499192962], [-70.45629727040591, 18.72327944401618], [-70.45630627880325, 18.723277219432337], [-70.4563154726703, 18.723275846865356], [-70.45632476346522, 18.723275339533767], [-70.4563340617127, 18.723275702323452], [-70.4563432778657, 18.723276931740525], [-70.45635232316775, 18.72327901594505], [-70.45636111050777, 18.723281934865017], [-70.45636955525902, 18.723285660389664], [-70.456377576094, 18.723290156640193], [-70.45638509576779, 18.72329538031531], [-70.45639204186183, 18.72330128110823], [-70.45639834748152, 18.723307802191155], [-70.45640395190027, 18.723314880762562], [-70.4564088011444, 18.723322448652], [-70.45641284851304, 18.723330432976624], [-70.4564160550277, 18.723338756843077], [-70.4564183898078, 18.723347340088026], [-70.456419830368, 18.72335610005018], [-70.45642036283482, 18.723364952366335], [-70.45641998208013, 18.723373811783866], [-70.45641869177068, 18.723382592981746], [-70.45641650433272, 18.72339121139223], [-70.45641344083235, 18.723399584015286], [-70.45640953077262, 18.72340763021795], [-70.45640481180946, 18.72341527251085], [-70.45639932938896, 18.72342243729446], [-70.45639313630979, 18.72342905556795], [-70.45638629221466, 18.72343506359366], [-70.45637886301596, 18.723440403510946], [-70.45637092026095, 18.723445023893433], [-70.45636254044275, 18.72344888024423], [-70.45635380426368, 18.723451935424517], [-70.45634479585804, 18.7234541600112], [-70.45633560198179, 18.723455532580235], [-70.45632631117715, 18.723456039913017], [-70.45631701291975, 18.723455677123628], [-70.45630779675707, 18.72345444770593], [-70.45629875144591, 18.723452363499888], [-70.4562899640977, 18.72344944457757], [-70.45628151933953, 18.72344571904984], [-70.45627349849913, 18.723441222795593], [-70.45626597882165, 18.723435999116273], [-70.45625903272575, 18.723430098318833], [-70.45625272710618, 18.723423577231248], [-70.45624712268948, 18.723416498655208], [-70.45624227344922, 18.723408930761344], [-70.45623822608619, 18.723400946432683], [-70.45623501957861, 18.723392622562727], [-70.45623268480679, 18.723384039314936], [-70.45623124425579, 18.723375279350726], [-70.45623071179872, 18.72336642703338]]]}}, {"type": "Feature", "properties": {"kind": "path", "label": "Perimeter walking / golf-cart trail behind finger 2 (796 m contour)", "length_m": 273}, "geometry": {"type": "LineString", "coordinates": [[-70.45700383904791, 18.722646003712335], [-70.45805320142141, 18.723385191719252], [-70.45912091841977, 18.724060206609117]]}}, {"type": "Feature", "properties": {"kind": "culdesac", "label": "Micro cul-de-sac, finger 2: 4-6 estate lots around a small viewpoint pavilion"}, "geometry": {"type": "Polygon", "coordinates": [[[-70.4566486784143, 18.722954982054038], [-70.45664905915773, 18.722946122636536], [-70.45665034945353, 18.722937341437706], [-70.4566525368753, 18.72292872302529], [-70.45665560035685, 18.7229203503993], [-70.45665951039507, 18.722912304192647], [-70.45666422933404, 18.722904661894656], [-70.45666971172773, 18.722897497104803], [-70.45667590477763, 18.722890878823854], [-70.45668274884125, 18.722884870789404], [-70.45669017800653, 18.722879530862052], [-70.45669812072657, 18.72287491046815], [-70.45670650050872, 18.722871054104544], [-70.4567152366511, 18.72286799891008], [-70.45672424502008, 18.722865774307884], [-70.45673343886021, 18.72286440172206], [-70.45674272962992, 18.722863894371333], [-70.45675202785418, 18.722864257141744], [-70.45676124398611, 18.722865486539614], [-70.4567702892695, 18.722867570725175], [-70.45677907659343, 18.722870489626608], [-70.45678752133131, 18.722874215133327], [-70.45679554215577, 18.72287871136671], [-70.45680306182199, 18.722883935025628], [-70.45681000791151, 18.72288983580345], [-70.45681631352973, 18.72289635687252], [-70.45682191795008, 18.722903435431448], [-70.4568267671989, 18.722911003309925], [-70.45683081457526, 18.722918987625178], [-70.45683402110058, 18.722927311483954], [-70.45683635589417, 18.72293589472301], [-70.45683779647062, 18.722944654681093], [-70.45683832895621, 18.72295350699504], [-70.45683794822268, 18.722962366412258], [-70.45683665793658, 18.722971147611702], [-70.45683447052392, 18.722979766025627], [-70.45683140705053, 18.722988138653978], [-70.45682749701925, 18.72299618486372], [-70.4568227780857, 18.723003827165417], [-70.4568172956957, 18.723010991959473], [-70.45681110264763, 18.72301761024495], [-70.4568042585839, 18.723023618284056], [-70.4567968294166, 18.72302895821604], [-70.45678888669266, 18.723033578614363], [-70.45678050690493, 18.723037434982007], [-70.45677177075544, 18.72304049017998], [-70.45676276237818, 18.723042714785002], [-70.45675356852887, 18.72304408737288], [-70.45674427774941, 18.723044594724815], [-70.45673497951526, 18.72304423195469], [-70.45672576337363, 18.7230430025562], [-70.45671671808113, 18.723040918369126], [-70.456707930749, 18.723037999465348], [-70.45669948600421, 18.723034273955527], [-70.45669146517433, 18.723029777718438], [-70.45668394550441, 18.72302455405532], [-70.45667699941306, 18.72301865327298], [-70.45667069379495, 18.72301213219924], [-70.45666508937663, 18.723005053635678], [-70.45666024013168, 18.722997485752796], [-70.45665619276093, 18.72298950143349], [-70.45665298624269, 18.7229811775712], [-70.45665065145738, 18.722972594329317], [-70.45664921089013, 18.72296383436918], [-70.4566486784143, 18.722954982054038]]]}}, {"type": "Feature", "properties": {"kind": "lot", "id": "E-R1", "cluster": "ridge", "area_m2": 1900, "price_usd_m2": 75, "price_usd": 142500, "tier": "lote con vista (+25 %)", "slope_pct": 22.5, "elev_m": 819.9}, "geometry": {"type": "Polygon", "coordinates": [[[-70.45731694106213, 18.723517335086225], [-70.45701554648296, 18.723866084267694], [-70.45701554648295, 18.723866084267694], [-70.4567373680614, 18.723647834939403], [-70.45703876289151, 18.723299086185385], [-70.45731694106213, 18.723517335086225]]]}}, {"type": "Feature", "properties": {"kind": "lot", "id": "E-R2", "cluster": "ridge", "area_m2": 1900, "price_usd_m2": 75, "price_usd": 142500, "tier": "lote con vista (+25 %)", "slope_pct": 22.0, "elev_m": 820.9}, "geometry": {"type": "Polygon", "coordinates": [[[-70.4567373680614, 18.723647834939403], [-70.45645919034428, 18.723429585144242], [-70.4567605854253, 18.723080836817687], [-70.45703876289151, 18.723299086185385], [-70.4567373680614, 18.723647834939403]]]}}, {"type": "Feature", "properties": {"kind": "lot", "id": "E-R3", "cluster": "ridge", "area_m2": 2120, "price_usd_m2": 75, "price_usd": 159000, "tier": "lote con vista (+25 %)", "slope_pct": 34.9, "elev_m": 802.3}, "geometry": {"type": "Polygon", "coordinates": [[[-70.45792966023446, 18.723247395633678], [-70.45795909390682, 18.723271953522577], [-70.45798645392881, 18.72329859946729], [-70.45800865981319, 18.723321963711403], [-70.45765720596161, 18.72362520717802], [-70.45763500007968, 18.72360184289237], [-70.45763321017135, 18.723600099696544], [-70.45763128460263, 18.723598493102585], [-70.45737694359656, 18.72340226528468], [-70.45767531947013, 18.72305116820167], [-70.45792966023446, 18.723247395633678]]]}}, {"type": "Feature", "properties": {"kind": "lot", "id": "E-R4", "cluster": "ridge", "area_m2": 1900, "price_usd_m2": 75, "price_usd": 142500, "tier": "lote con vista (+25 %)", "slope_pct": 29.8, "elev_m": 805.0}, "geometry": {"type": "Polygon", "coordinates": [[[-70.45800865981319, 18.723321963711403], [-70.45825054103848, 18.723576461939306], [-70.45789908716034, 18.72387970585849], [-70.45765720596161, 18.72362520717802], [-70.45800865981319, 18.723321963711403]]]}}, {"type": "Feature", "properties": {"kind": "lot", "id": "E-R5", "cluster": "ridge", "area_m2": 1900, "price_usd_m2": 75, "price_usd": 142500, "tier": "lote con vista (+25 %)", "slope_pct": 36.6, "elev_m": 802.0}, "geometry": {"type": "Polygon", "coordinates": [[[-70.45737694359656, 18.72340226528468], [-70.45709689314936, 18.723186201289053], [-70.45739526928908, 18.722835104630974], [-70.45767531947013, 18.72305116820167], [-70.45737694359656, 18.72340226528468]]]}}, {"type": "Feature", "properties": {"kind": "lot", "id": "E-R6", "cluster": "ridge", "area_m2": 2256, "price_usd_m2": 75, "price_usd": 169200, "tier": "lote con vista (+25 %)", "slope_pct": 36.9, "elev_m": 802.5}, "geometry": {"type": "Polygon", "coordinates": [[[-70.45709689314936, 18.723186201289053], [-70.45676439008481, 18.72292966783291], [-70.45706276654052, 18.72257857167935], [-70.45739526928908, 18.722835104630974], [-70.45709689314936, 18.723186201289053]]]}}, {"type": "Feature", "properties": {"kind": "road", "class": "finger1-access", "length_m": 105, "row_m": 7.0, "carriageway_m": 5.0, "grade_max_pct": 14.2, "grade_mean_pct": 7.6, "note": "from the north road end; needs the right of way over the northern neighbour"}, "geometry": {"type": "LineString", "coordinates": [[-70.45755213804279, 18.724671654781645], [-70.45699444881674, 18.723890496694914]]}}, {"type": "Feature", "properties": {"kind": "road", "class": "finger1 (826 m contour)", "length_m": 91, "row_m": 7.0, "carriageway_m": 5.0, "grade_max_pct": 2.7, "grade_mean_pct": 0.9, "note": "from the north road end; needs the right of way over the northern neighbour"}, "geometry": {"type": "LineString", "coordinates": [[-70.45699444881674, 18.723890496694914], [-70.45632553731897, 18.723365689723842]]}}, {"type": "Feature", "properties": {"kind": "road", "class": "finger2-access", "length_m": 93, "row_m": 7.0, "carriageway_m": 5.0, "grade_max_pct": 19.3, "grade_mean_pct": 15.2, "note": "from the north road end; needs the right of way over the northern neighbour"}, "geometry": {"type": "LineString", "coordinates": [[-70.45699444881674, 18.723890496694914], [-70.45787448534158, 18.723900932910965]]}}, {"type": "Feature", "properties": {"kind": "road", "class": "finger2 (812 m contour)", "length_m": 159, "row_m": 7.0, "carriageway_m": 5.0, "grade_max_pct": 2.5, "grade_mean_pct": 1.1, "note": "from the north road end; needs the right of way over the northern neighbour"}, "geometry": {"type": "LineString", "coordinates": [[-70.45787448534158, 18.723900932910965], [-70.45761039826293, 18.723623069910264], [-70.45674350368746, 18.72295424454852]]}}, {"type": "Feature", "properties": {"kind": "forest", "label": "Bosque comunal: senderos, mirador", "area_m2": 62384}, "geometry": {"type": "Polygon", "coordinates": [[[-70.45913038157235, 18.722316641979504], [-70.45968695175848, 18.723400633299487], [-70.45928191047747, 18.72407182856515], [-70.45895643540298, 18.72416252257393], [-70.4572387686659, 18.72389260799294], [-70.45702015680028, 18.72397811124563], [-70.45638944367514, 18.724253681008868], [-70.45622873249324, 18.724007683145494], [-70.45586066088684, 18.723693395868], [-70.45854229731047, 18.721053568430264], [-70.45867999067939, 18.721297041104627], [-70.45867926217157, 18.721296687544775], [-70.45913038157235, 18.722316641979504]], [[-70.45645845829857, 18.723429010802057], [-70.45645840273968, 18.723429081934263], [-70.45645835476587, 18.72342915791265], [-70.45645831483913, 18.72342923800551], [-70.45645828334396, 18.723429321441508], [-70.45645826058372, 18.723429407417107], [-70.45645824677757, 18.723429495104313], [-70.45645824205849, 18.723429583658653], [-70.45645824647191, 18.723429672227315], [-70.45645825997535, 18.7234297599573], [-70.45645828243876, 18.723429846003746], [-70.45645831364578, 18.723429929537975], [-70.4564583532959, 18.723430009755507], [-70.45645840100723, 18.72343008588379], [-70.45645845632032, 18.723430157189686], [-70.45645851870248, 18.723430222986465], [-70.45645858755289, 18.723430282640482], [-70.45701494369257, 18.723866781765643], [-70.45701501945237, 18.723866835406294], [-70.45701510043352, 18.723866881605343], [-70.45701518583371, 18.723866919905074], [-70.45701527480689, 18.723866949926062], [-70.45701536647161, 18.723866971370885], [-70.45701545991972, 18.723866984027083], [-70.4570155542254, 18.72386698776927], [-70.45701564610623, 18.72386698279953], [-70.45701573704879, 18.723866969367297], [-70.45701582619658, 18.723866947599067], [-70.45701591270998, 18.723866917699855], [-70.4570159957742, 18.723866879951263], [-70.45701607460693, 18.723866834708794], [-70.45701614846571, 18.723866782398566], [-70.45701621665492, 18.723866723513247], [-70.45701627853236, 18.723866658607417], [-70.45731767311086, 18.72351790942482], [-70.45731772866941, 18.723517838292388], [-70.45731777664285, 18.723517762313808], [-70.4573178165692, 18.723517682220788], [-70.45731784806394, 18.723517598784678], [-70.45731787082376, 18.723517512809], [-70.45731788462945, 18.723517425121756], [-70.45731788934808, 18.723517336567422], [-70.4573178849342, 18.723517247998824], [-70.45731787143032, 18.723517160268926], [-70.45731784896647, 18.723517074222613], [-70.45731781775902, 18.723516990688562], [-70.45731777810849, 18.723516910471247], [-70.45731773039675, 18.723516834343208], [-70.45731767508329, 18.723516763037594], [-70.4573176127008, 18.72351669724112], [-70.45731754385007, 18.723516637587444], [-70.45703936567995, 18.723298388687468], [-70.45676118821424, 18.723080139320615], [-70.4567611135587, 18.723080086383987], [-70.45676103381693, 18.72308004067445], [-70.4567609497569, 18.7230800026322], [-70.45676086218816, 18.723079972623616], [-70.45676077195405, 18.72307995093769], [-70.45676067992356, 18.72307993778328], [-70.45676058698301, 18.72307993328705], [-70.45676049402745, 18.723079937492326], [-70.45676040195211, 18.723079950358585], [-70.4567603116437, 18.723079971761944], [-70.45676022397197, 18.72308000149626], [-70.45676013978122, 18.72308003927517], [-70.45676005988228, 18.72308008473485], [-70.45675998504461, 18.723080137437503], [-70.45675991598893, 18.72308019687557], [-70.45675985338028, 18.72308026247663], [-70.45645845829857, 18.723429010802057]], [[-70.45676365311307, 18.72292909924135], [-70.45676359816966, 18.72292917080612], [-70.45676355085283, 18.722929247157523], [-70.45676351161825, 18.722929327560266], [-70.45676348084379, 18.722929411240017], [-70.45676345882582, 18.722929497390897], [-70.45676344577637, 18.722929585183223], [-70.45676344182115, 18.722929673771517], [-70.45676344699821, 18.722929762302623], [-70.45676346125771, 18.722929849923926], [-70.45676348446233, 18.7229299357916], [-70.45676351638859, 18.722930019078674], [-70.45676355672902, 18.72293009898307], [-70.45676360509512, 18.722930174735247], [-70.4567636610211, 18.72293024560569], [-70.45676372396836, 18.722930310911856], [-70.4567637933307, 18.72293037002482], [-70.45709629639586, 18.723186903481967], [-70.4573763468436, 18.723402967478442], [-70.45763067363663, 18.7235991843312], [-70.45763255791759, 18.723600756476795], [-70.45763430944696, 18.723602462295293], [-70.45765650305263, 18.72362581366437], [-70.45789838425132, 18.72388031234575], [-70.45789845002692, 18.723880375070646], [-70.45789852193845, 18.723880431350665], [-70.45789859929339, 18.723880480643796], [-70.45789868134673, 18.72388052247533], [-70.4578987673083, 18.723880556442396], [-70.45789885635021, 18.723880582217863], [-70.45789894761496, 18.72388059955352], [-70.4578990402236, 18.723880608282403], [-70.45789913328427, 18.723880608320453], [-70.45789922590073, 18.7238805996673], [-70.45789931718105, 18.723880582406277], [-70.45789940624616, 18.72388055670362], [-70.45789949223827, 18.723880522806862], [-70.45789957432928, 18.72388048104244], [-70.45789965172857, 18.72388043181257], [-70.45789972369077, 18.723880375591374], [-70.45825117756898, 18.723577131671], [-70.45825124340078, 18.7235770689998], [-70.45825130246847, 18.72357700048227], [-70.45825135420317, 18.723576926778286], [-70.45825139810664, 18.72357684859764], [-70.45825143375609, 18.72357676669326], [-70.45825146080816, 18.723576681853938], [-70.45825147900236, 18.723576594896723], [-70.45825148816346, 18.72357650665905], [-70.4582514882032, 18.723576417990703], [-70.45825147912126, 18.723576329745608], [-70.45825146100505, 18.7235762427736], [-70.45825143402908, 18.72357615791229], [-70.4582513984531, 18.723576075978915], [-70.45825135461975, 18.72357599776256], [-70.45825130295118, 18.723575924016476], [-70.45825124394497, 18.723575855450882], [-70.45800936271962, 18.723321357223885], [-70.45798715683524, 18.72329799297986], [-70.4579871317692, 18.72329796760723], [-70.45795977174721, 18.723271321662615], [-70.4579597186295, 18.723271273772955], [-70.45793028495719, 18.72324671588414], [-70.45793025698453, 18.72324669343833], [-70.45767591622065, 18.723050466007102], [-70.45739586604014, 18.722834402437247], [-70.4570633632922, 18.722577869486635], [-70.4570632881829, 18.722577817136276], [-70.45706320804987, 18.722577772052585], [-70.45706312366488, 18.722577734669724], [-70.45706303584059, 18.72257770534773], [-70.45706294542279, 18.72257768436898], [-70.45706285328224, 18.722577671935518], [-70.45706276030633, 18.72257766816708], [-70.45706266739046, 18.722577673099963], [-70.45706257542948, 18.722577686686655], [-70.45706248530897, 18.7225777087963], [-70.45706239789689, 18.722577739215993], [-70.45706231403504, 18.722577777652756], [-70.45706223453108, 18.72257782373643], [-70.45706216015066, 18.722577877023205], [-70.45706209161008, 18.7225779369999], [-70.45706202956947, 18.722578003088902], [-70.45676365311307, 18.72292909924135]]]}}, {"type": "Feature", "properties": {"kind": "trail", "label": "Sendero: franja de acceso hasta el mirador"}, "geometry": {"type": "LineString", "coordinates": [[-70.45851689010227, 18.721058933887594], [-70.45585579834825, 18.723699966466878]]}}]}