{"type": "FeatureCollection", "features": [{"type": "Feature", "properties": {"kind": "lot", "id": "C-01", "area_m2": 1354, "price_usd_m2": 60, "price_usd": 81240, "tier": "base", "slope_pct": 3.6, "elev_m": 707.2}, "geometry": {"type": "Polygon", "coordinates": [[[-70.46010796303281, 18.71661364226626], [-70.46010804509682, 18.716613564970192], [-70.46010818356234, 18.716613435077555], [-70.4601082666108, 18.71661335748884], [-70.46025014483533, 18.716481347386004], [-70.46025021156207, 18.71648140662856], [-70.46025028544156, 18.71648146037023], [-70.46025036448798, 18.716481506961795], [-70.4602991932952, 18.716507224017935], [-70.46064873555045, 18.716691319596606], [-70.46064880901734, 18.716691353948967], [-70.4606285154859, 18.716734817633544], [-70.46062842747226, 18.716735007604427], [-70.46059021976454, 18.71681812153645], [-70.46058949264896, 18.71681981916807], [-70.46056971545029, 18.716869565103913], [-70.46019828337147, 18.716735495680815], [-70.46003965885161, 18.716678239430795], [-70.46010796303281, 18.71661364226626]]]}}, {"type": "Feature", "properties": {"kind": "lot", "id": "C-02", "area_m2": 1023, "price_usd_m2": 60, "price_usd": 61380, "tier": "base", "slope_pct": 3.5, "elev_m": 706.4}, "geometry": {"type": "Polygon", "coordinates": [[[-70.46056971545029, 18.716869565103913], [-70.46055555535258, 18.716905182229517], [-70.46055481540242, 18.71690722597229], [-70.46052599609861, 18.71699528456151], [-70.4605253293533, 18.7169975869243], [-70.46050385822431, 18.717082590599595], [-70.46048041161612, 18.71711664370917], [-70.46014056523464, 18.716904198277025], [-70.46014681520464, 18.71688261644554], [-70.46017563469451, 18.716794557901544], [-70.4601841232029, 18.71677111278339], [-70.46019828337147, 18.716735495680815], [-70.46056971545029, 18.716869565103913]]]}}, {"type": "Feature", "properties": {"kind": "lot", "id": "C-03", "area_m2": 925, "price_usd_m2": 60, "price_usd": 55500, "tier": "base", "slope_pct": 4.0, "elev_m": 707.0}, "geometry": {"type": "Polygon", "coordinates": [[[-70.46073400463096, 18.717086373919262], [-70.46073399946842, 18.71708638832906], [-70.46070862444752, 18.7171592170246], [-70.46057531353814, 18.71710812470713], [-70.46057606835285, 18.717105616383325], [-70.46059878983056, 18.717015662454248], [-70.46061232359246, 18.71697430943324], [-70.46062689790023, 18.716929776956327], [-70.46066009214574, 18.71684628281323], [-70.46069786994154, 18.716764104000596], [-70.46071544830674, 18.71672645549237], [-70.46106920498387, 18.71691276938841], [-70.46134062724182, 18.717055719258397], [-70.46134070940337, 18.71705575771975], [-70.46134077235412, 18.71705578030252], [-70.46132867023049, 18.717088651819434], [-70.46105464961941, 18.716944333482832], [-70.46083086458844, 18.716826472204975], [-70.46083078242711, 18.716826433743385], [-70.4608306967564, 18.71682640300981], [-70.46083060837476, 18.71682638029066], [-70.46083051810585, 18.716826365797672], [-70.46083042679092, 18.71682635966591], [-70.46083033528096, 18.716826361952513], [-70.46083024442882, 18.716826372636188], [-70.46083015508118, 18.716826391617357], [-70.4608300680707, 18.71682641871912], [-70.46082998420832, 18.716826453688917], [-70.46082990427554, 18.716826496200838], [-70.4608298290173, 18.7168265458587], [-70.46082975913498, 18.716826602199724], [-70.46082969527986, 18.716826664698832], [-70.46082963804697, 18.716826732773562], [-70.46082958796978, 18.716826805789506], [-70.46082954551493, 18.716826883066194], [-70.46082951107806, 18.716826963883435], [-70.46075919609238, 18.717017950152115], [-70.46073400463096, 18.717086373919262]]]}}, {"type": "Feature", "properties": {"kind": "lot", "id": "C-04", "area_m2": 879, "price_usd_m2": 60, "price_usd": 52740, "tier": "base", "slope_pct": 2.3, "elev_m": 705.7}, "geometry": {"type": "Polygon", "coordinates": [[[-70.46005499749141, 18.717216719668368], [-70.45998264893997, 18.71718126883749], [-70.45976033911816, 18.717072336623477], [-70.45980162431567, 18.71702701565093], [-70.45980390049928, 18.717024257078375], [-70.45980729205502, 18.71701970849163], [-70.45981000534523, 18.717020394896306], [-70.45982010866342, 18.717021961687404], [-70.45983032450464, 18.717022577336742], [-70.45984055448453, 18.717022235915298], [-70.45985070008265, 18.717020940711162], [-70.4598606635912, 18.717018704197876], [-70.45987034905595, 18.717015547914357], [-70.45987966320051, 18.717011502257375], [-70.45988851632441, 18.717006606188903], [-70.45989682316721, 18.71700090686082], [-70.45990450372939, 18.716994459160865], [-70.45991148404295, 18.716987325183986], [-70.45991769688368, 18.71697957363436], [-70.45992308241854, 18.71697127916372], [-70.45992758878205, 18.71696252165243], [-70.45993117257552, 18.716953385440146], [-70.45993379928522, 18.71694395851366], [-70.45993544361465, 18.716934331659438], [-70.4599360897282, 18.716924597589365], [-70.4599357314036, 18.716914850047857], [-70.45993437209188, 18.71690518290905], [-70.45993202488414, 18.716895689272746], [-70.45992871238539, 18.716886460567796], [-70.45992446649697, 18.716877585671636], [-70.45991932810917, 18.71686915005427], [-70.45991334670758, 18.716861234955246], [-70.4599065798964, 18.71685391660122], [-70.45989909284371, 18.71684726547184], [-70.45989095765393, 18.71684134562107], [-70.4598822526733, 18.716836214060198], [-70.45987580391856, 18.716833201310717], [-70.45989221682207, 18.716817679218572], [-70.46018712835267, 18.716994235256504], [-70.46018411375543, 18.71699879932354], [-70.46013509575766, 18.71707621979732], [-70.46012864971979, 18.717086832606547], [-70.46008265228984, 18.71716584395731], [-70.46007740663583, 18.717175198579255], [-70.46005499749141, 18.717216719668368]]]}}, {"type": "Feature", "properties": {"kind": "lot", "id": "C-05", "area_m2": 895, "price_usd_m2": 60, "price_usd": 53700, "tier": "base", "slope_pct": 2.5, "elev_m": 705.6}, "geometry": {"type": "Polygon", "coordinates": [[[-70.46045451240144, 18.71715431054439], [-70.46040553069963, 18.717231673895792], [-70.46040483957084, 18.717232811779034], [-70.46035884223994, 18.71731182319038], [-70.46035827981362, 18.71731282617335], [-70.46033587072472, 18.71735434729203], [-70.46005499749141, 18.717216719668368], [-70.46007740663583, 18.717175198579255], [-70.46008265228984, 18.71716584395731], [-70.46012864971979, 18.717086832606547], [-70.46013509575766, 18.71707621979732], [-70.46018411375543, 18.71699879932354], [-70.46018712835267, 18.716994235256504], [-70.46045451240144, 18.71715431054439]]]}}, {"type": "Feature", "properties": {"kind": "lot", "id": "C-06", "area_m2": 1091, "price_usd_m2": 60, "price_usd": 65460, "tier": "base", "slope_pct": 2.3, "elev_m": 705.1}, "geometry": {"type": "Polygon", "coordinates": [[[-70.45950328312644, 18.717300451094996], [-70.45951218224687, 18.71729286755311], [-70.45958839090429, 18.717230094205856], [-70.4595887536909, 18.71722979151629], [-70.45966401120091, 18.71716619083205], [-70.45966542225865, 18.717164935779387], [-70.45973600643235, 18.71709887374804], [-70.4597380715126, 18.717096780953558], [-70.45976033911816, 18.717072336623477], [-70.45998264893997, 18.71718126883749], [-70.4599616727344, 18.717220134835028], [-70.45995725328987, 18.71722855727608], [-70.4599157561333, 18.717309938845474], [-70.45991261791464, 18.71731622711219], [-70.45987251977456, 18.71739834552555], [-70.4598694175868, 18.71740484432255], [-70.45984967898295, 18.717447157827937], [-70.45950328312644, 18.717300451094996]]]}}, {"type": "Feature", "properties": {"kind": "lot", "id": "C-07", "area_m2": 1399, "price_usd_m2": 60, "price_usd": 83940, "tier": "base", "slope_pct": 2.2, "elev_m": 705.7}, "geometry": {"type": "Polygon", "coordinates": [[[-70.46070862444752, 18.7171592170246], [-70.4607036067656, 18.717173618236394], [-70.4607036035125, 18.71717362774894], [-70.46067416372773, 18.717261359543116], [-70.46065491135438, 18.717318732377848], [-70.46064472391562, 18.717349091333947], [-70.4606446999459, 18.71734917706852], [-70.46064468491672, 18.7173492646298], [-70.46064467897298, 18.717349353173443], [-70.46064468217203, 18.717349441845645], [-70.46064469448302, 18.717349529791363], [-70.46064471578721, 18.71734961616255], [-70.4606447458792, 18.71734970012637], [-70.46064478446878, 18.717349780873143], [-70.46064483118388, 18.71734985762427], [-70.46064488557403, 18.717349929639663], [-70.46064494711473, 18.717349996224875], [-70.46064501521258, 18.71735005673786], [-70.46064508921094, 18.71735011059509], [-70.46064516839624, 18.717350157277238], [-70.4608283328325, 18.71744662474866], [-70.46081943545977, 18.717460677610852], [-70.46078068941495, 18.717527233499084], [-70.46074276341876, 18.717597505744884], [-70.46072563614923, 18.717631094975506], [-70.46036342814728, 18.71746341350007], [-70.46038255406776, 18.71742590476694], [-70.46042546934024, 18.717346388323268], [-70.46047084245107, 18.71726844910447], [-70.46049661673243, 18.717227740319014], [-70.46051913359476, 18.71719217639539], [-70.46057090545871, 18.71711698455567], [-70.46057257735602, 18.717114312229594], [-70.46057400185612, 18.717111512797896], [-70.46057516840317, 18.71710860700496], [-70.46057531353814, 18.71710812470713], [-70.46070862444752, 18.7171592170246]]]}}, {"type": "Feature", "properties": {"kind": "lot", "id": "C-08", "area_m2": 1316, "price_usd_m2": 60, "price_usd": 78960, "tier": "base", "slope_pct": 2.7, "elev_m": 704.9}, "geometry": {"type": "Polygon", "coordinates": [[[-70.46033587072472, 18.71735434729203], [-70.46031489458447, 18.717393213324403], [-70.46031450933698, 18.717393947520236], [-70.46027301232294, 18.717475329158493], [-70.4602727387613, 18.717475877315366], [-70.46023264076909, 18.717557995795186], [-70.46023237034836, 18.71755856230426], [-70.46021263182274, 18.71760087584228], [-70.45984967898295, 18.717447157827937], [-70.4598694175868, 18.71740484432255], [-70.45987251977456, 18.71739834552555], [-70.45991261791464, 18.71731622711219], [-70.4599157561333, 18.717309938845474], [-70.45995725328987, 18.71722855727608], [-70.4599616727344, 18.717220134835028], [-70.45998264893997, 18.71718126883749], [-70.46033587072472, 18.71735434729203]]]}}, {"type": "Feature", "properties": {"kind": "lot", "id": "C-09", "area_m2": 1239, "price_usd_m2": 60, "price_usd": 74340, "tier": "base", "slope_pct": 3.3, "elev_m": 704.2}, "geometry": {"type": "Polygon", "coordinates": [[[-70.45931327453594, 18.717478169534562], [-70.45936895300936, 18.717420777915095], [-70.45943821522606, 18.71735589981777], [-70.45950328312644, 18.717300451094996], [-70.45984967898295, 18.717447157827937], [-70.4598307573193, 18.717487720044417], [-70.45982968784584, 18.71749003161387], [-70.45979188914674, 18.71757240904316], [-70.45975749085552, 18.717646558677302], [-70.45974057045092, 18.717679209623707], [-70.45931327453594, 18.717478169534562]]]}}, {"type": "Feature", "properties": {"kind": "lot", "id": "C-10", "area_m2": 1214, "price_usd_m2": 60, "price_usd": 72840, "tier": "base", "slope_pct": 2.5, "elev_m": 704.1}, "geometry": {"type": "Polygon", "coordinates": [[[-70.46021263182274, 18.71760087584228], [-70.46019371023408, 18.717641438090048], [-70.46019361700705, 18.71764163959272], [-70.46015549730076, 18.717724717016488], [-70.46011736562188, 18.717806914802964], [-70.46009671156251, 18.717846770673145], [-70.45974057045092, 18.717679209623707], [-70.45975749085552, 18.717646558677302], [-70.45979188914674, 18.71757240904316], [-70.45982968784584, 18.71749003161387], [-70.4598307573193, 18.717487720044417], [-70.45984967898295, 18.717447157827937], [-70.46021263182274, 18.71760087584228]]]}}, {"type": "Feature", "properties": {"kind": "lot", "id": "C-11", "area_m2": 1231, "price_usd_m2": 60, "price_usd": 73860, "tier": "base", "slope_pct": 3.0, "elev_m": 705.1}, "geometry": {"type": "Polygon", "coordinates": [[[-70.46024570758446, 18.71770855350128], [-70.46026307819785, 18.71767069624412], [-70.46030155869654, 18.71758820542626], [-70.46034138452542, 18.717506644251895], [-70.46036342814728, 18.71746341350007], [-70.46072563614923, 18.717631094975506], [-70.46070507041601, 18.71767142754836], [-70.46066813392615, 18.71774707185536], [-70.46063156020332, 18.7178254754847], [-70.46061468112491, 18.71786226167749], [-70.46024570758446, 18.71770855350128]]]}}, {"type": "Feature", "properties": {"kind": "lot", "id": "C-12", "area_m2": 1694, "price_usd_m2": 60, "price_usd": 101640, "tier": "base", "slope_pct": 2.7, "elev_m": 703.3}, "geometry": {"type": "Polygon", "coordinates": [[[-70.4591925785431, 18.71762932033831], [-70.45923897790414, 18.71756514916206], [-70.4592449888111, 18.717556835962206], [-70.4593040941007, 18.717487632433443], [-70.45931327453594, 18.717478169534562], [-70.45974057045092, 18.717679209623707], [-70.4597250122675, 18.717709231909193], [-70.45969054357205, 18.71776722045052], [-70.4596538173694, 18.717821454099383], [-70.45963446056057, 18.717846184866612], [-70.45961621846963, 18.717869491432992], [-70.45957228685059, 18.71791685519248], [-70.45952001346033, 18.717966970883374], [-70.45949889530957, 18.717985149760757], [-70.45918036087635, 18.717649193898183], [-70.4591925785431, 18.71762932033831]]]}}, {"type": "Feature", "properties": {"kind": "lot", "id": "C-13", "area_m2": 1066, "price_usd_m2": 60, "price_usd": 63960, "tier": "base", "slope_pct": 2.7, "elev_m": 703.4}, "geometry": {"type": "Polygon", "coordinates": [[[-70.46009671156251, 18.717846770673145], [-70.46007616962824, 18.717886410157718], [-70.4600305047679, 18.717963234884973], [-70.45998026390342, 18.71803742588581], [-70.45995285755693, 18.718072441046175], [-70.45963446056057, 18.717846184866612], [-70.4596538173694, 18.717821454099383], [-70.45969054357205, 18.71776722045052], [-70.4597250122675, 18.717709231909193], [-70.45974057045092, 18.717679209623707], [-70.46009671156251, 18.717846770673145]]]}}, {"type": "Feature", "properties": {"kind": "lot", "id": "C-14", "area_m2": 1001, "price_usd_m2": 60, "price_usd": 60060, "tier": "base", "slope_pct": 2.1, "elev_m": 703.0}, "geometry": {"type": "Polygon", "coordinates": [[[-70.45908867500924, 18.717811836935045], [-70.45910241269432, 18.71778397983195], [-70.45914577524717, 18.717705451713034], [-70.45918036087635, 18.717649193898183], [-70.45949889530957, 18.717985149760757], [-70.45946216909047, 18.71801676432485], [-70.45940529732455, 18.71806111780156], [-70.45933285693405, 18.71810866855244], [-70.45932913008147, 18.71811114233105], [-70.45931606941137, 18.718119908455925], [-70.45908867500924, 18.717811836935045]]]}}, {"type": "Feature", "properties": {"kind": "lot", "id": "C-15", "area_m2": 1385, "price_usd_m2": 60, "price_usd": 83100, "tier": "base", "slope_pct": 3.0, "elev_m": 704.4}, "geometry": {"type": "Polygon", "coordinates": [[[-70.46012171802384, 18.717956453699795], [-70.46014270805726, 18.717921140876534], [-70.46014371374591, 18.717919331234334], [-70.46018574219877, 18.71783822942927], [-70.46018642433555, 18.717836839554543], [-70.46022491252099, 18.717753873196695], [-70.4602249741429, 18.717753739634013], [-70.46024570758446, 18.71770855350128], [-70.46061468112491, 18.71786226167749], [-70.46059394776883, 18.71790744784494], [-70.46059323192287, 18.717908999415467], [-70.46055474389343, 18.71799196583781], [-70.46054681968447, 18.718008111731095], [-70.46050479137402, 18.718089213606884], [-70.46049310853736, 18.71811023585626], [-70.4604721185593, 18.718145548714727], [-70.46012171802384, 18.717956453699795]]]}}, {"type": "Feature", "properties": {"kind": "lot", "id": "C-16", "area_m2": 1052, "price_usd_m2": 60, "price_usd": 63120, "tier": "base", "slope_pct": 1.8, "elev_m": 702.8}, "geometry": {"type": "Polygon", "coordinates": [[[-70.45995285755693, 18.718072441046175], [-70.45992475688729, 18.718108343276228], [-70.45986220487498, 18.718175782281598], [-70.45979420534802, 18.71824097509504], [-70.45976516119082, 18.71826597685931], [-70.45949889530957, 18.717985149760757], [-70.45952001346033, 18.717966970883374], [-70.45957228685059, 18.71791685519248], [-70.45961621846963, 18.717869491432992], [-70.45963446056057, 18.717846184866612], [-70.45995285755693, 18.718072441046175]]]}}, {"type": "Feature", "properties": {"kind": "lot", "id": "C-17", "area_m2": 1186, "price_usd_m2": 60, "price_usd": 71160, "tier": "base", "slope_pct": 2.2, "elev_m": 702.7}, "geometry": {"type": "Polygon", "coordinates": [[[-70.45906071330482, 18.718290310204452], [-70.45887261223726, 18.718191241011784], [-70.45887164714834, 18.718189223738236], [-70.45887150401923, 18.718188988764187], [-70.4588741143264, 18.718185794577444], [-70.45892824044735, 18.71811106427117], [-70.45892913675264, 18.71810976808132], [-70.45897967599325, 18.718033148643837], [-70.45898173263002, 18.71802960425006], [-70.45902295707815, 18.717948078898225], [-70.45902333802518, 18.71794730210662], [-70.45906247477762, 18.71786496540548], [-70.45908867500924, 18.717811836935045], [-70.45931606941137, 18.718119908455925], [-70.45924637546231, 18.7181666859542], [-70.45916166982298, 18.71822124125737], [-70.45915136530746, 18.71822808648813], [-70.45906615932675, 18.718286447687525], [-70.45906071330482, 18.718290310204452]]]}}, {"type": "Feature", "properties": {"kind": "lot", "id": "C-18", "area_m2": 1526, "price_usd_m2": 60, "price_usd": 91560, "tier": "base", "slope_pct": 3.9, "elev_m": 704.8}, "geometry": {"type": "Polygon", "coordinates": [[[-70.46100491736222, 18.718024826410275], [-70.46094323076555, 18.718208655320982], [-70.46093830131062, 18.71820506831058], [-70.46092959622914, 18.718199936806045], [-70.46092040519241, 18.7181956430136], [-70.46091081671506, 18.718192228284778], [-70.46090092313919, 18.718189725505226], [-70.46089081974523, 18.718188158778048], [-70.46088060383418, 18.718187543191675], [-70.46087037379071, 18.718187884674535], [-70.46086022813553, 18.71818917993799], [-70.46085026457672, 18.718191416507956], [-70.46084057906862, 18.718194572845114], [-70.46083126488783, 18.718198618552258], [-70.46082241173492, 18.718203514667074], [-70.46081410487052, 18.718209214037397], [-70.46080642429422, 18.718215661775247], [-70.46079944397417, 18.71822279578546], [-70.46079323113469, 18.7182305473637], [-70.46078784560888, 18.718238841858106], [-70.46078333926235, 18.718247599388235], [-70.46077975549385, 18.718256735614336], [-70.46077712881713, 18.7182661625496], [-70.46077548452871, 18.71827578940752], [-70.4607748384641, 18.718285523476197], [-70.4607751968455, 18.718295271011243], [-70.46077655622162, 18.718304938138537], [-70.46077795445915, 18.71831059333894], [-70.4604721185593, 18.718145548714727], [-70.46049310853736, 18.71811023585626], [-70.46050479137402, 18.718089213606884], [-70.46054681968447, 18.718008111731095], [-70.46055474389343, 18.71799196583781], [-70.46059323192287, 18.717908999415467], [-70.46059394776883, 18.71790744784494], [-70.46061468112491, 18.71786226167749], [-70.46100491736222, 18.718024826410275]]]}}, {"type": "Feature", "properties": {"kind": "lot", "id": "C-19", "area_m2": 1497, "price_usd_m2": 60, "price_usd": 89820, "tier": "base", "slope_pct": 3.2, "elev_m": 703.3}, "geometry": {"type": "Polygon", "coordinates": [[[-70.45995516991667, 18.718184705055425], [-70.45998264237473, 18.71815508623914], [-70.4599846266858, 18.718152759076496], [-70.46004184384215, 18.718079656725024], [-70.46004330967428, 18.718077645150768], [-70.46009484111981, 18.718001548296265], [-70.46009597402487, 18.717999764389763], [-70.46012171802384, 18.717956453699795], [-70.4604721185593, 18.718145548714727], [-70.46044637462819, 18.71818885944789], [-70.46043321394069, 18.7182095827334], [-70.46038168259754, 18.71828567967335], [-70.46036465436472, 18.718309047732856], [-70.46030743728478, 18.718382150177025], [-70.46028438598675, 18.718409184368628], [-70.46025691354687, 18.718438803227603], [-70.45995516991667, 18.718184705055425]]]}}, {"type": "Feature", "properties": {"kind": "lot", "id": "C-20", "area_m2": 1129, "price_usd_m2": 60, "price_usd": 67740, "tier": "base", "slope_pct": 0.8, "elev_m": 702.5}, "geometry": {"type": "Polygon", "coordinates": [[[-70.45976516119082, 18.71826597685931], [-70.45972124347195, 18.718303782047418], [-70.45964415925526, 18.71836389900564], [-70.45955819035677, 18.718420330102216], [-70.45955786548191, 18.718420545745136], [-70.45954456622599, 18.718429472015448], [-70.45931606941137, 18.718119908455925], [-70.45932913008147, 18.71811114233105], [-70.45933285693405, 18.71810866855244], [-70.45940529732455, 18.71806111780156], [-70.45946216909047, 18.71801676432485], [-70.45949889530957, 18.717985149760757], [-70.45976516119082, 18.71826597685931]]]}}, {"type": "Feature", "properties": {"kind": "lot", "id": "C-21", "area_m2": 952, "price_usd_m2": 60, "price_usd": 57120, "tier": "base", "slope_pct": 0.9, "elev_m": 702.4}, "geometry": {"type": "Polygon", "coordinates": [[[-70.45954456622599, 18.718429472015448], [-70.4594719798011, 18.71847819095334], [-70.45944744456132, 18.718493993084156], [-70.45906071330482, 18.718290310204452], [-70.45906615932675, 18.718286447687525], [-70.45915136530746, 18.71822808648813], [-70.45916166982298, 18.71822124125737], [-70.45924637546231, 18.7181666859542], [-70.45931606941137, 18.718119908455925], [-70.45954456622599, 18.718429472015448]]]}}, {"type": "Feature", "properties": {"kind": "lot", "id": "C-22", "area_m2": 1327, "price_usd_m2": 60, "price_usd": 79620, "tier": "base", "slope_pct": 2.6, "elev_m": 703.6}, "geometry": {"type": "Polygon", "coordinates": [[[-70.46077795445915, 18.71831059333894], [-70.4607789035011, 18.718314431758337], [-70.46078221607851, 18.71832366044183], [-70.46078238912996, 18.71832402215138], [-70.460766179172, 18.718338074349987], [-70.46068865633163, 18.718398994149872], [-70.46060790599965, 18.718458796817014], [-70.46052486463319, 18.718517944744512], [-70.46052427401725, 18.718518374076687], [-70.46044288667863, 18.718578746837448], [-70.46044185889569, 18.718579537003144], [-70.46043270033022, 18.718586832594394], [-70.46025691354687, 18.718438803227603], [-70.46028438598675, 18.718409184368628], [-70.46030743728478, 18.718382150177025], [-70.46036465436472, 18.718309047732856], [-70.46038168259754, 18.71828567967335], [-70.46043321394069, 18.7182095827334], [-70.46044637462819, 18.71818885944789], [-70.4604721185593, 18.718145548714727], [-70.46077795445915, 18.71831059333894]]]}}, {"type": "Feature", "properties": {"kind": "lot", "id": "C-23", "area_m2": 1033, "price_usd_m2": 60, "price_usd": 61980, "tier": "base", "slope_pct": 1.3, "elev_m": 702.5}, "geometry": {"type": "Polygon", "coordinates": [[[-70.4597502431256, 18.71837457321767], [-70.45977000840304, 18.718359158528894], [-70.45977141136116, 18.71835800879945], [-70.45984581689636, 18.71829395909911], [-70.45984729285047, 18.718292618170178], [-70.45991679415539, 18.718225985542638], [-70.45991831219837, 18.718224442358622], [-70.45995516991667, 18.718184705055425], [-70.46017972414862, 18.71837380219527], [-70.46014286644845, 18.718413539541125], [-70.4601293545077, 18.718427275279574], [-70.46005985321565, 18.718493907984545], [-70.46004671589988, 18.71850584347018], [-70.45997231035963, 18.718569893250102], [-70.45995982277067, 18.718580126887435], [-70.45994642060333, 18.718590579078832], [-70.45992701530261, 18.718580358838253], [-70.4597502431256, 18.71837457321767]]]}}, {"type": "Feature", "properties": {"kind": "lot", "id": "C-24", "area_m2": 2272, "price_usd_m2": 60, "price_usd": 136320, "tier": "base", "slope_pct": 1.5, "elev_m": 701.9}, "geometry": {"type": "Polygon", "coordinates": [[[-70.45887574661752, 18.718278422310824], [-70.45887800939842, 18.718276673624775], [-70.45913594495724, 18.7184125231218], [-70.45937712694486, 18.718539548312002], [-70.45929799684706, 18.718593747942013], [-70.45929698623581, 18.718594464705127], [-70.45928715411658, 18.71860168285464], [-70.45921510486764, 18.71865457703881], [-70.45921363389787, 18.718655713812264], [-70.45913657655687, 18.718718366852457], [-70.45913557302971, 18.71871921242185], [-70.45906181826903, 18.718783604860523], [-70.45906095013989, 18.71878438711097], [-70.45901209872439, 18.718829815910624], [-70.45864852579207, 18.71847486337218], [-70.45869737721698, 18.718429434666028], [-70.45871015911708, 18.71841791722583], [-70.45878391387312, 18.718353524924975], [-70.45879868930211, 18.718341075211246], [-70.45881459727397, 18.718328140941484], [-70.4588702943828, 18.718282855355326], [-70.45887574661752, 18.718278422310824]]]}}, {"type": "Feature", "properties": {"kind": "lot", "id": "C-25", "area_m2": 1041, "price_usd_m2": 60, "price_usd": 62460, "tier": "base", "slope_pct": 2.0, "elev_m": 702.7}, "geometry": {"type": "Polygon", "coordinates": [[[-70.46017972414862, 18.71837380219527], [-70.46025691354687, 18.718438803227603], [-70.46043270033022, 18.718586832594394], [-70.4603638414841, 18.71864168460071], [-70.46036261919683, 18.71864270135788], [-70.46028863722157, 18.718706951147038], [-70.46024275290011, 18.718746704771494], [-70.46024273538585, 18.718746685593345], [-70.46024266638736, 18.71874662375707], [-70.46024259125849, 18.718746568788376], [-70.46024251074893, 18.718746521235754], [-70.46004291210315, 18.718641398460118], [-70.45994642060333, 18.718590579078832], [-70.45995982277067, 18.718580126887435], [-70.45997231035963, 18.718569893250102], [-70.46004671589988, 18.71850584347018], [-70.46005985321565, 18.718493907984545], [-70.4601293545077, 18.718427275279574], [-70.46014286644845, 18.718413539541125], [-70.46017972414862, 18.71837380219527]]]}}, {"type": "Feature", "properties": {"kind": "lot", "id": "C-26", "area_m2": 1298, "price_usd_m2": 60, "price_usd": 77880, "tier": "base", "slope_pct": 7.9, "elev_m": 704.7}, "geometry": {"type": "Polygon", "coordinates": [[[-70.4604866242223, 18.71863809269148], [-70.46049000929156, 18.718635396189583], [-70.46057058242526, 18.718575627387494], [-70.46065038283089, 18.718518787889035], [-70.460653611781, 18.71851648800072], [-70.46065417870815, 18.718516076225814], [-70.46073564365282, 18.71845574431067], [-70.46073650007784, 18.718455090903767], [-70.46081515684537, 18.71839328001299], [-70.46081654889332, 18.71839213086872], [-70.46083445654585, 18.718376606956387], [-70.460837867524, 18.71837820046891], [-70.46084745601094, 18.718381615200787], [-70.46085734959762, 18.71838411798241], [-70.4608674530032, 18.718385684710587], [-70.4608776689262, 18.71838630029686], [-70.46088789898154, 18.718385958812792], [-70.460898044648, 18.718384663547084], [-70.46090800821715, 18.718382426973882], [-70.4609085563392, 18.71838224835047], [-70.4609073264547, 18.71840487799133], [-70.46089351320842, 18.718659038965683], [-70.46089322277999, 18.718661744525132], [-70.46089264927127, 18.718664408735282], [-70.4608917984559, 18.718667004775188], [-70.46089067889909, 18.718669506510174], [-70.46088930187157, 18.71867188875495], [-70.46088768123603, 18.71867412752717], [-70.4608858333076, 18.7186762002888], [-70.46088377668963, 18.71867808617309], [-70.46088153208635, 18.71867976619459], [-70.46087912209445, 18.718681223440303], [-70.46087740187845, 18.718682045949585], [-70.46087740632167, 18.718682054372568], [-70.46086771905995, 18.718686693803736], [-70.4608664628445, 18.71868737372771], [-70.46085792981242, 18.718692555712643], [-70.46085675251814, 18.71869335362335], [-70.46084881560012, 18.71869933414033], [-70.46084772938863, 18.71870024179525], [-70.460840470574, 18.718706959064864], [-70.46083948666599, 18.718707967087838], [-70.46083298093917, 18.718715351719982], [-70.46083210949855, 18.718716449698004], [-70.46082642406456, 18.718724425408602], [-70.46082567409341, 18.71872560199944], [-70.46082128203803, 18.718733354969356], [-70.4608208676836, 18.718734086398495], [-70.46082024692922, 18.718735329447853], [-70.46081636919448, 18.718744234890544], [-70.46081588406938, 18.718745531557552], [-70.4608146660485, 18.71874939810846], [-70.4608137389148, 18.71875189208399], [-70.46081256101405, 18.718754288052445], [-70.46081114356899, 18.718756563185703], [-70.4608095000846, 18.718758695806937], [-70.46080764621952, 18.718760665597106], [-70.46080559963688, 18.718762453788603], [-70.46080337983598, 18.718764043344038], [-70.4608010079664, 18.718765419118554], [-70.46079850662669, 18.718766568004167], [-70.46079589964893, 18.71876747905459], [-70.46079089376717, 18.71876896867856], [-70.46078958417941, 18.71876942670738], [-70.46078058856892, 18.71877305951537], [-70.4607793324042, 18.71877363764593], [-70.46077075381433, 18.718778093094333], [-70.46076956317035, 18.71877878575887], [-70.46076148421747, 18.718784020939374], [-70.46076037056064, 18.71878482146721], [-70.46075286904949, 18.718790785962227], [-70.46075184310497, 18.71879168664383], [-70.46074499127914, 18.718798323012123], [-70.46074406292736, 18.718799315173438], [-70.46073792677373, 18.71880655950321], [-70.46073710495517, 18.718807633589243], [-70.46073174356832, 18.718815416113703], [-70.46073103619759, 18.7188165617804], [-70.46072650121064, 18.718824807549673], [-70.46072591510011, 18.718826013763653], [-70.4607222501876, 18.718834643366534], [-70.46072179098186, 18.7188358985113], [-70.46072096457429, 18.718838572900506], [-70.46072008654212, 18.718840987783544], [-70.46071897371813, 18.718843313139654], [-70.46071763599508, 18.71884552829695], [-70.46071608526499, 18.7188476135632], [-70.46071433531348, 18.718849550400886], [-70.46071240169721, 18.718851321591966], [-70.46070925047438, 18.71885394727251], [-70.46070692719186, 18.71885568869902], [-70.46070442679975, 18.71885719101137], [-70.46070177629517, 18.718858437988864], [-70.46069900429606, 18.71885941616769], [-70.46069684697413, 18.71886005813073], [-70.46069553738543, 18.71886051615893], [-70.46068654176791, 18.71886414896285], [-70.46068528560218, 18.718864727092832], [-70.46068175855125, 18.71886655892854], [-70.4604866242223, 18.71863809269148]]]}}, {"type": "Feature", "properties": {"kind": "lot", "id": "C-27", "area_m2": 2684, "price_usd_m2": 60, "price_usd": 161040, "tier": "base", "slope_pct": 1.2, "elev_m": 701.7}, "geometry": {"type": "Polygon", "coordinates": [[[-70.45901209872439, 18.718829815910624], [-70.45899007528514, 18.718850296337482], [-70.45898962480166, 18.7188507223287], [-70.45892025714699, 18.718917425370584], [-70.45891752902766, 18.718920349575704], [-70.45885761755514, 18.71899203299374], [-70.45885662650024, 18.718993272714297], [-70.45880037182, 18.71906688209736], [-70.45879849900601, 18.71906957837485], [-70.45879688659184, 18.719072423346645], [-70.45877978912925, 18.71910611325878], [-70.45831116386654, 18.718890195088473], [-70.45832826140669, 18.718856505213516], [-70.458352001875, 18.718814617323265], [-70.45837957631818, 18.718774918740763], [-70.458435831103, 18.71870130947606], [-70.45845042292311, 18.718683056481005], [-70.45851033447802, 18.718611373186675], [-70.4585505019756, 18.718568318733325], [-70.45861986965348, 18.718501615825843], [-70.45862650234858, 18.718495343756864], [-70.45864852579207, 18.71847486337218], [-70.45901209872439, 18.718829815910624]]]}}, {"type": "Feature", "properties": {"kind": "lot", "id": "C-28", "area_m2": 1072, "price_usd_m2": 60, "price_usd": 64320, "tier": "base", "slope_pct": 10.6, "elev_m": 704.8}, "geometry": {"type": "Polygon", "coordinates": [[[-70.46042154303144, 18.719040575513965], [-70.46041893604718, 18.71904148655954], [-70.46041393015345, 18.719042976174165], [-70.46041262056244, 18.719043434200543], [-70.46040362492847, 18.71904706699187], [-70.46040236876034, 18.719047645120106], [-70.460393790146, 18.719052100552734], [-70.46039259949846, 18.71905279321509], [-70.46038452052036, 18.71905802838086], [-70.46038340685988, 18.71905882890669], [-70.460375905323, 18.719064793388156], [-70.46037487937481, 18.719065694067915], [-70.46036802752297, 18.719072330423987], [-70.46036709916747, 18.719073322583668], [-70.46036096298785, 18.719080566902647], [-70.4603601411656, 18.71908164098725], [-70.46035477975296, 18.719089423502464], [-70.46035407237858, 18.719090569167953], [-70.46034953736635, 18.71909881492962], [-70.46034895125226, 18.719100021142626], [-70.46034528631522, 18.7191086507396], [-70.46034459722453, 18.71911053421251], [-70.46034459712817, 18.7191105341805], [-70.46034390872127, 18.719112415784434], [-70.46034273578606, 18.719114829665113], [-70.46034132018384, 18.719117122377682], [-70.46033967554762, 18.719119271842093], [-70.46033781771614, 18.719121257357802], [-70.46033576458132, 18.719123059803188], [-70.46033353591598, 18.719124661819734], [-70.4603311531834, 18.71912604797914], [-70.4603286393306, 18.719127204931908], [-70.46032601856736, 18.719128121535967], [-70.46032331613306, 18.719128788963886], [-70.46032055805364, 18.719129200787997], [-70.46031777089091, 18.71912935304219], [-70.46022615861382, 18.719130067184068], [-70.46032656507037, 18.71895698418943], [-70.46039995412565, 18.718830474181964], [-70.46039999509273, 18.718830394568123], [-70.46040002767273, 18.71883031151157], [-70.46040005155187, 18.71883022581219], [-70.46040006650017, 18.718830138295324], [-70.46040007237367, 18.718830049803792], [-70.46040006911582, 18.71882996118982], [-70.46040005675799, 18.718829873306813], [-70.46040003541918, 18.718829787001134], [-70.46040000530492, 18.718829703103953], [-70.46039996670521, 18.71882962242323], [-70.46039991999179, 18.71882954573599], [-70.46039986561453, 18.718829473780758], [-70.46039980409711, 18.718829407250503], [-70.46039973603197, 18.718829346785945], [-70.46039966207465, 18.718829292969403], [-70.46039958293737, 18.718829246319153], [-70.46031292374707, 18.718783605620125], [-70.46033968905387, 18.718760416469657], [-70.46033972226358, 18.718760387662897], [-70.46041312110549, 18.718696644278175], [-70.46042790748055, 18.718684865657558], [-70.4604866242223, 18.71863809269148], [-70.46068175855125, 18.71886655892854], [-70.4606767070051, 18.71886918253737], [-70.46067551636007, 18.718869875201378], [-70.46066743739988, 18.718875110378264], [-70.46066632374199, 18.718875910905606], [-70.46065882222348, 18.718881875397297], [-70.46065779627791, 18.71888277607845], [-70.46065094444475, 18.71888941244374], [-70.46065001609193, 18.718890404604654], [-70.46064387993107, 18.718897648931765], [-70.46064305811149, 18.71889872301745], [-70.46063769671755, 18.718906505539632], [-70.46063698934583, 18.718907651206038], [-70.46063285275079, 18.718915172583667], [-70.46063167104907, 18.718917099200958], [-70.46063152700775, 18.718917334042356], [-70.4606299976265, 18.718919369735875], [-70.46062827765334, 18.71892126229882], [-70.46062638176048, 18.71892299558674], [-70.46060617042558, 18.718939836170073], [-70.46060390467908, 18.718941538801342], [-70.46060146956586, 18.718943013970367], [-70.46059889014093, 18.718944246499053], [-70.46059619294407, 18.71894522370586], [-70.46059340572687, 18.71894593553628], [-70.46059055716711, 18.718946374666245], [-70.46058767657375, 18.71894653657753], [-70.46054574330091, 18.71894686352174], [-70.460545020753, 18.718946886664746], [-70.46053455847778, 18.718947475734804], [-70.46053312244423, 18.718947626668154], [-70.46052313401223, 18.718949169435177], [-70.46052172147493, 18.718949458478907], [-70.46051194898594, 18.718951959336408], [-70.46051057453657, 18.718952383504668], [-70.46050111894138, 18.71895581661853], [-70.46049979677811, 18.718956371529632], [-70.46049075575415, 18.718960701435414], [-70.46048949953506, 18.718961381357083], [-70.46048096647708, 18.71896656332641], [-70.46047978917905, 18.718967361234984], [-70.4604718522345, 18.718973341737588], [-70.46047076601921, 18.718974249390552], [-70.46046350717769, 18.71898096664718], [-70.46046252326583, 18.718981974668406], [-70.46045601751206, 18.718989359289086], [-70.4604551460676, 18.718990457265576], [-70.46044946060687, 18.71899843296634], [-70.46044871063192, 18.718999609555905], [-70.46044390419584, 18.719008093946847], [-70.46044328343778, 18.719009336995178], [-70.46043940567753, 18.719018242431588], [-70.46043892054887, 18.71901953909783], [-70.46043770251774, 18.719023405646897], [-70.46043677537718, 18.719025899620977], [-70.46043559746933, 18.71902829558748], [-70.46043418001699, 18.71903057071832], [-70.46043253652522, 18.719032703336687], [-70.46043068265276, 18.719034673123577], [-70.46042863606277, 18.719036461311394], [-70.4604264162546, 18.719038050862796], [-70.46042404437797, 18.719039426632975], [-70.46042164310408, 18.719040529550103], [-70.46042154303144, 18.719040575513965]]]}}, {"type": "Feature", "properties": {"kind": "lot", "id": "C-29", "area_m2": 2830, "price_usd_m2": 60, "price_usd": 169800, "tier": "base", "slope_pct": 2.9, "elev_m": 702.2}, "geometry": {"type": "Polygon", "coordinates": [[[-70.4596085199941, 18.719070394796017], [-70.45957923115995, 18.71912088310309], [-70.4595791901924, 18.71912096271679], [-70.45957915761194, 18.719121045773225], [-70.45957913373236, 18.719121131472516], [-70.45957911878362, 18.719121218989358], [-70.4595791129097, 18.719121307480886], [-70.45957911616712, 18.7191213960949], [-70.45957912852457, 18.719121483977982], [-70.459579149863, 18.71912157028378], [-70.45957917997694, 18.71912165418112], [-70.45957921857635, 18.71912173486203], [-70.45957926528952, 18.71912181154949], [-70.45957931966656, 18.71912188350498], [-70.45957938118379, 18.719121950035515], [-70.45957944924876, 18.71912201050038], [-70.45957952320599, 18.719122064317254], [-70.45957960234321, 18.719122110967863], [-70.45970281223217, 18.719187002239057], [-70.45982012471393, 18.719332077589566], [-70.45981790934883, 18.719333513130984], [-70.45981679568371, 18.719334313653718], [-70.45980929411384, 18.71934027811451], [-70.45980826816081, 18.71934117879146], [-70.45980141627504, 18.719347815128874], [-70.45980048791463, 18.719348807286035], [-70.4597943517004, 18.71935605158858], [-70.45979352987317, 18.719357125670996], [-70.45978816842565, 18.719364908172132], [-70.45978746104629, 18.719366053835788], [-70.4597829259992, 18.719374299585876], [-70.45978233988015, 18.719375505797412], [-70.45977867490863, 18.719384135385422], [-70.45977821569457, 18.719385390528366], [-70.45977681484663, 18.719389923800392], [-70.45977589586462, 18.719392435599985], [-70.45977472291946, 18.719394849477712], [-70.4597733073072, 18.719397142186622], [-70.45977166266098, 18.719399291646646], [-70.45976980481963, 18.71940127715732], [-70.45976775167516, 18.719403079597072], [-70.4597655230005, 18.719404681607433], [-70.459763140259, 18.719406067760147], [-70.45976062639775, 18.719407224705808], [-70.45975800562664, 18.719408141302388], [-70.45975327146857, 18.719409550035383], [-70.45975196187266, 18.719410008057437], [-70.4597429662034, 18.719413640819187], [-70.45974171003007, 18.7194142189433], [-70.45973313137837, 18.71941867434794], [-70.45973194072535, 18.71941936700643], [-70.45972386170821, 18.719424602146077], [-70.45972274804205, 18.719425402668314], [-70.4597152464648, 18.719431367125775], [-70.45971422051075, 18.71943226780228], [-70.45970736861763, 18.719438904136688], [-70.45970644025618, 18.71943989629345], [-70.45970030403471, 18.71944714059334], [-70.45969948220646, 18.719448214675403], [-70.45969412075188, 18.71945599717426], [-70.45969341337151, 18.71945714283762], [-70.45968887831759, 18.719465388585828], [-70.4596882921976, 18.71946659479713], [-70.45968462721953, 18.719475224383665], [-70.45968416800456, 18.719476479526453], [-70.45968276715351, 18.719481012797946], [-70.4596818481697, 18.71948352459718], [-70.45968067522261, 18.719485938474435], [-70.45967925960836, 18.719488231182748], [-70.4596776149601, 18.719490380642064], [-70.45967575711666, 18.71949236615193], [-70.4596737039701, 18.71949416859078], [-70.45967147529333, 18.719495770600144], [-70.45966909254975, 18.719497156751792], [-70.45966657868647, 18.71949831369631], [-70.45966395791339, 18.719499230291696], [-70.45965922375187, 18.71950063902253], [-70.45965791415499, 18.719501097043988], [-70.45965662555331, 18.71950161742487], [-70.45904673541249, 18.718923056387307], [-70.4590338797694, 18.71891086105133], [-70.45904328797823, 18.71890181423163], [-70.45911350812055, 18.718836513825824], [-70.45918632842437, 18.71877293720622], [-70.4592621555815, 18.718711284375118], [-70.4592972815196, 18.71868549704474], [-70.4596085199941, 18.719070394796017]]]}}, {"type": "Feature", "properties": {"kind": "lot", "id": "C-30", "area_m2": 1699, "price_usd_m2": 60, "price_usd": 101940, "tier": "base", "slope_pct": 1.2, "elev_m": 701.8}, "geometry": {"type": "Polygon", "coordinates": [[[-70.45882919844875, 18.71917479439549], [-70.45886370028293, 18.71910680977919], [-70.45891746991315, 18.719036452053466], [-70.45897559093925, 18.71896691085394], [-70.4590338797694, 18.71891086105133], [-70.45951625891139, 18.71936846175087], [-70.45948507690147, 18.719398446075765], [-70.45945908632487, 18.719429543651007], [-70.45945389498365, 18.719436336569633], [-70.4594516317988, 18.719442814018194], [-70.45882919844875, 18.71917479439549]]]}}, {"type": "Feature", "properties": {"kind": "lot", "id": "C-31", "area_m2": 2700, "price_usd_m2": 60, "price_usd": 162000, "tier": "base", "slope_pct": 1.7, "elev_m": 702.0}, "geometry": {"type": "Polygon", "coordinates": [[[-70.45877978912925, 18.71910611325878], [-70.45875554429432, 18.7191538867778], [-70.45875370347426, 18.71915820417868], [-70.4587232385772, 18.719245396518236], [-70.45872234394061, 18.719248378239513], [-70.45869938612965, 18.71933952441161], [-70.45869877793609, 18.71934247507526], [-70.45868344670365, 18.719437638009875], [-70.45868310741403, 18.719440500855566], [-70.45868252952, 18.719448074186857], [-70.45816429388229, 18.71940152984851], [-70.45816893354385, 18.71936238249172], [-70.45818426506382, 18.719267219579322], [-70.4581932199307, 18.719223775498893], [-70.45821617800672, 18.719132629370325], [-70.45822935031251, 18.719088728023856], [-70.45825981544684, 18.71900153574789], [-70.45828691892159, 18.718937968554755], [-70.45831116386654, 18.718890195088473], [-70.45877978912925, 18.71910611325878]]]}}, {"type": "Feature", "properties": {"kind": "lot", "id": "C-32", "area_m2": 1719, "price_usd_m2": 60, "price_usd": 103140, "tier": "base", "slope_pct": 1.4, "elev_m": 702.0}, "geometry": {"type": "Polygon", "coordinates": [[[-70.45875491469377, 18.719496251148307], [-70.45875865909392, 18.719447180308617], [-70.45877352108792, 18.719354929742096], [-70.4587957301684, 18.719266755994987], [-70.4588249064791, 18.719183251562544], [-70.45882919844875, 18.71917479439549], [-70.4594516317988, 18.719442814018194], [-70.45945079958065, 18.719445195904925], [-70.45944202634887, 18.719480027643254], [-70.45943558452075, 18.719520014003574], [-70.45943380917122, 18.719543281406818], [-70.45875491469377, 18.719496251148307]]]}}, {"type": "Feature", "properties": {"kind": "lot", "id": "C-33", "area_m2": 2117, "price_usd_m2": 60, "price_usd": 127020, "tier": "base", "slope_pct": 4.6, "elev_m": 702.6}, "geometry": {"type": "Polygon", "coordinates": [[[-70.45808163053754, 18.719394105463078], [-70.45816429388229, 18.71940152984851], [-70.45868252952, 18.719448074186857], [-70.45867553408397, 18.719539749712336], [-70.45867544767391, 18.719543332894865], [-70.45867837698664, 18.719648113259304], [-70.45867868690569, 18.71965186005187], [-70.45869404147663, 18.719763184508], [-70.45869433648238, 18.719764974708784], [-70.45870096090769, 18.719799501308067], [-70.45839115250345, 18.719853466256275], [-70.45825991732504, 18.719658700840817], [-70.45815633548294, 18.71950497518397], [-70.45808163053754, 18.719394105463078]]]}}, {"type": "Feature", "properties": {"kind": "lot", "id": "C-34", "area_m2": 2170, "price_usd_m2": 60, "price_usd": 130200, "tier": "base", "slope_pct": 2.8, "elev_m": 702.5}, "geometry": {"type": "Polygon", "coordinates": [[[-70.45876913204735, 18.719752867501878], [-70.45875415870432, 18.71964430738852], [-70.45875133207971, 18.719543201747214], [-70.45875491469377, 18.719496251148307], [-70.45943380917122, 18.719543281406818], [-70.4595959122802, 18.719554510692536], [-70.45959483053534, 18.719556477544568], [-70.45959424441438, 18.71955768375563], [-70.45959057942979, 18.71956631334071], [-70.45959012021392, 18.719567568483306], [-70.45958865068138, 18.719572324002623], [-70.45958772645433, 18.719574848134265], [-70.45958654577097, 18.719577273242972], [-70.45958512011583, 18.71957957573967], [-70.45958346335627, 18.719581733227923], [-70.4595815916076, 18.719583724721833], [-70.45957952307636, 18.71958553085007], [-70.45957727788316, 18.719587134044417], [-70.45957487786706, 18.719588518710573], [-70.45957234637302, 18.71958967137985], [-70.45956970802496, 18.71959058084021], [-70.4595673390614, 18.719591273622132], [-70.45956607001905, 18.719591708500133], [-70.45955734405212, 18.719595152368893], [-70.45955612396943, 18.71959569987141], [-70.45954777976506, 18.71959991610777], [-70.45954661962233, 18.719600571307467], [-70.45953873227565, 18.719605521966724], [-70.45953764251387, 18.71960627896697], [-70.45953028300839, 18.719611919494845], [-70.45952927343504, 18.719612771482907], [-70.45952250800403, 18.719619051116474], [-70.45952158770491, 18.71961999042478], [-70.45951547723517, 18.719626852649355], [-70.45951465449266, 18.719627870824446], [-70.45950925397648, 18.71963525388228], [-70.45950853619509, 18.719636341760847], [-70.45950389423544, 18.719644179206835], [-70.45950328787497, 18.719645326998343], [-70.45949944624816, 18.719653548297998], [-70.45949895676566, 18.719654745672695], [-70.45949595004522, 18.719663276836936], [-70.45949558184591, 18.719664513018877], [-70.45949343709154, 18.71967327726995], [-70.45949319348911, 18.719674541133827], [-70.45949193000304, 18.719683459596283], [-70.45949181318984, 18.719684739767757], [-70.45949142908833, 18.719694053587684], [-70.4594914185967, 18.719694696462906], [-70.45949150505717, 18.71970477122007], [-70.45945315430089, 18.71971145166569], [-70.45878356430413, 18.7198280884373], [-70.45876913204735, 18.719752867501878]]]}}, {"type": "Feature", "properties": {"kind": "lot", "id": "C-35", "area_m2": 1603, "price_usd_m2": 60, "price_usd": 96180, "tier": "base", "slope_pct": 6.7, "elev_m": 703.7}, "geometry": {"type": "Polygon", "coordinates": [[[-70.45870096090769, 18.719799501308067], [-70.4587163706703, 18.719879817143905], [-70.45871665561852, 18.719881158259003], [-70.45874383941401, 18.7199977086939], [-70.45876180311154, 18.720108113657155], [-70.45876298436251, 18.720122466096438], [-70.45876051638074, 18.720123538045815], [-70.45875166306477, 18.720128434072677], [-70.45874335603484, 18.72013413336116], [-70.45873567529215, 18.72014058102409], [-70.45872869480644, 18.720147714967016], [-70.45872248180362, 18.72015546648625], [-70.45871709611836, 18.72016376093051], [-70.45871258961787, 18.720172518419826], [-70.4587090057023, 18.720181654614848], [-70.45870637888686, 18.72019108152905], [-70.45870473446938, 18.720200708376147], [-70.45870408828667, 18.72021044244434], [-70.45870444656195, 18.720220189989238], [-70.45870580584509, 18.720229857136626], [-70.45870815304554, 18.72023935078657], [-70.45871146555864, 18.720248579509978], [-70.45871571148322, 18.72025745442914], [-70.45872084992882, 18.72026589007367], [-70.45872683140945, 18.720273805203615], [-70.45873359832024, 18.720281123591878], [-70.45874108549214, 18.72028777475829], [-70.45874922081956, 18.720293694648404], [-70.45875792595483, 18.72029882625036], [-70.45876711706259, 18.720303120143978], [-70.45877670562739, 18.720306534976647], [-70.45878659930594, 18.72030903786161], [-70.45879670281656, 18.7203106046947], [-70.45880691885675, 18.72031122038644], [-70.4588171490403, 18.720310879007382], [-70.45882729484475, 18.720309583845207], [-70.45883725856034, 18.720307347373076], [-70.45884694423084, 18.720304191129475], [-70.45885625857787, 18.720300145510823], [-70.45886511189902, 18.7202952494787], [-70.45887341893193, 18.72028955018465], [-70.45888109967527, 18.72028310251607], [-70.45888237087046, 18.720281803374004], [-70.45906149204896, 18.72035581271131], [-70.45884321136081, 18.720524359931918], [-70.45839115250345, 18.719853466256275], [-70.45870096090769, 18.719799501308067]]]}}, {"type": "Feature", "properties": {"kind": "lot", "id": "C-36", "area_m2": 1746, "price_usd_m2": 60, "price_usd": 104760, "tier": "base", "slope_pct": 8.8, "elev_m": 704.5}, "geometry": {"type": "Polygon", "coordinates": [[[-70.4593986206555, 18.719931457246574], [-70.45939937071319, 18.72001886143833], [-70.45939925653182, 18.720021519262993], [-70.45939886948938, 18.72002415362576], [-70.45939821331325, 18.72002673915628], [-70.45939729432278, 18.720029250954465], [-70.45939612136833, 18.720031664830326], [-70.4593947057461, 18.72003395753692], [-70.45939306108929, 18.72003610699423], [-70.45939120323683, 18.720038092501788], [-70.45938915008087, 18.72003989493808], [-70.45938692139441, 18.720041496944635], [-70.45938453864092, 18.72004288309326], [-70.45938202476763, 18.72004404003458], [-70.45938006152522, 18.720044726658497], [-70.45938006156038, 18.720044726749776], [-70.45937809636789, 18.720045414055694], [-70.45936910065667, 18.72004904680207], [-70.45936784447736, 18.72004962492405], [-70.45935926578376, 18.720054080314128], [-70.45935807512478, 18.720054772970602], [-70.45934999606618, 18.72006000809662], [-70.45934888239415, 18.720060808616985], [-70.45934138077631, 18.72006677306189], [-70.45934035481655, 18.720067673736676], [-70.45933350288405, 18.72007431005972], [-70.45933257451709, 18.720075302214944], [-70.45932643825788, 18.720082546504763], [-70.45932561642437, 18.72008362058548], [-70.459320254934, 18.720091403075656], [-70.45931954754869, 18.72009254873788], [-70.45931501246133, 18.720100794478892], [-70.45931442633675, 18.72010200068927], [-70.45931224208019, 18.720107143710646], [-70.4593018389338, 18.720111821107835], [-70.45930176350902, 18.720111859061614], [-70.45928019853399, 18.720123922453553], [-70.45928013203952, 18.720123963296757], [-70.45925895300974, 18.72013819784478], [-70.45925889428382, 18.72013824067757], [-70.45923830516428, 18.7201545092954], [-70.45923825313761, 18.720154553581192], [-70.45921845221237, 18.7201726995934], [-70.45921840595508, 18.72017274506359], [-70.4591995839176, 18.720192593714454], [-70.45919954265342, 18.720192640296386], [-70.45918188077009, 18.720214000432872], [-70.45918184387482, 18.720214048199015], [-70.45916551223934, 18.720236714111667], [-70.45916547923395, 18.720236763245612], [-70.45915063512918, 18.72026051664964], [-70.45915060567368, 18.720260567424653], [-70.45914020420746, 18.720279941554367], [-70.45914016664914, 18.72028002067455], [-70.45914013723568, 18.720280102864717], [-70.4591401162388, 18.720280187365706], [-70.45914010385242, 18.720280273396995], [-70.45914010019094, 18.72028036016391], [-70.4591401052882, 18.720280446865008], [-70.4591401190971, 18.72028053269945], [-70.45914014149012, 18.720280616874387], [-70.45914017226039, 18.720280698612317], [-70.45914021112371, 18.720280777158234], [-70.45914025772109, 18.720280851786626], [-70.45914031162211, 18.720280921808154], [-70.45914037232893, 18.720280986576054], [-70.45914043928077, 18.720281045492058], [-70.45914051185923, 18.720281098011988], [-70.45914058939393, 18.720281143650702], [-70.45914067116864, 18.720281181986664], [-70.45915999123771, 18.72028916463811], [-70.45916123099481, 18.720289711526327], [-70.45916452189334, 18.72029125729657], [-70.45916690999907, 18.720292520685625], [-70.45917001714562, 18.72029435908225], [-70.45917226454762, 18.72029583837096], [-70.4591751687055, 18.720297956745213], [-70.45917725397537, 18.72029963782895], [-70.45917992745419, 18.720302015982707], [-70.45918183070934, 18.72030388283273], [-70.45918424801813, 18.720306498090878], [-70.45918595111156, 18.720308532907286], [-70.45918808920186, 18.720311360333994], [-70.45918957589498, 18.72031354371533], [-70.45919141438064, 18.72031655635181], [-70.45919267049815, 18.720318867480046], [-70.45919419184968, 18.720322036601605], [-70.45919520541482, 18.720324453440742], [-70.45919639512643, 18.720327748830545], [-70.4591971564751, 18.720330248336637], [-70.45919800320317, 18.720333638574026], [-70.45919850507606, 18.72033619691491], [-70.4591990007472, 18.720339649674738], [-70.45919923835908, 18.720342242457278], [-70.45919937824718, 18.72034572481848], [-70.45919934933241, 18.72034832732104], [-70.45919913210363, 18.720351806080046], [-70.45919883693789, 18.720354393488552], [-70.45919826466343, 18.72035783547631], [-70.45919770606102, 18.72036038312036], [-70.45919678419729, 18.720363755518374], [-70.45919596748433, 18.720366239106895], [-70.4591947048211, 18.720369509760065], [-70.45919363778471, 18.720371905612616], [-70.45919204636108, 18.720375043336194], [-70.45919073917517, 18.72037732860888], [-70.45918883416496, 18.72038030348542], [-70.45918729929325, 18.720382456388666], [-70.45918509886023, 18.720385240053403], [-70.45918335093727, 18.72038724005991], [-70.45918087606202, 18.720389805971287], [-70.45917893175383, 18.72039163401144], [-70.45917619740155, 18.720393965063042], [-70.45917515731989, 18.720394809086617], [-70.45909900686063, 18.72045360941649], [-70.45909893481608, 18.720453671114207], [-70.45909886975339, 18.720453739493134], [-70.4590988123515, 18.720453813839747], [-70.4590987632094, 18.720453893378238], [-70.4590987228399, 18.720453977278613], [-70.45909869166424, 18.72045406466538], [-70.45909867000773, 18.720454154626648], [-70.4590986580964, 18.720454246223667], [-70.4590986560545, 18.720454338500634], [-70.4590988842537, 18.72046157990852], [-70.45909889064563, 18.720461660952875], [-70.45910176877479, 18.720484404395012], [-70.45910178431932, 18.7204844913019], [-70.45910676233373, 18.72050594281054], [-70.45910678927346, 18.720506035290054], [-70.4591114927277, 18.72051938500561], [-70.45911152586615, 18.720519465938533], [-70.45911156700895, 18.720519543464935], [-70.45911161577574, 18.720519616868113], [-70.4591116717157, 18.720519685469473], [-70.45911173431169, 18.720519748634807], [-70.45911180298499, 18.720519805780178], [-70.45911187710075, 18.72051985637728], [-70.4591119559738, 18.720519899958372], [-70.45911203887499, 18.720519936120546], [-70.45911212503788, 18.720519964529487], [-70.45911221366595, 18.72051998492258], [-70.45911230393983, 18.72051999711127], [-70.45911239502499, 18.72052000098291], [-70.45911248607935, 18.72051999650168], [-70.45911257626113, 18.72051998370902], [-70.45911266473667, 18.72051996272319], [-70.45911275068796, 18.720519933738206], [-70.45911283332049, 18.720519897022008], [-70.45911291187026, 18.720519852914048], [-70.45911298561116, 18.720519801822086], [-70.45911305386144, 18.72051974421845], [-70.45911311599016, 18.72051968063567], [-70.45911317142294, 18.720519611661572], [-70.45911386828858, 18.720518652306446], [-70.45911453927566, 18.720517775375903], [-70.45911565846895, 18.72051638564614], [-70.45912163393126, 18.72050933122123], [-70.45912282334358, 18.72050799549077], [-70.45912358130985, 18.720507185448216], [-70.4591248380759, 18.720505906934942], [-70.45913151045609, 18.72049944454369], [-70.45913283154817, 18.72049822632757], [-70.45913366919397, 18.72049749097416], [-70.45913505142944, 18.720496335990116], [-70.45914235646879, 18.720490527868847], [-70.45914379651767, 18.72048943889925], [-70.45914470577613, 18.720488785316714], [-70.45914620016937, 18.720487764984956], [-70.45915406751638, 18.720482667068932], [-70.4591556126537, 18.720481717833096], [-70.45915658476807, 18.720481152315887], [-70.4591581769273, 18.72048027646276], [-70.45916653081507, 18.72047593784764], [-70.45916816616052, 18.720475137487146], [-70.45916919176884, 18.72047466548146], [-70.45917086636057, 18.72047394254195], [-70.45917350091298, 18.720472878633743], [-70.45917687014934, 18.720471697228707], [-70.45918032101271, 18.72047083615317], [-70.4591838428924, 18.720470295880855], [-70.4591874030189, 18.720470081438773], [-70.45919096826674, 18.7204701948222], [-70.45919450546288, 18.720470634976156], [-70.45919798169525, 18.72047139780521], [-70.45920136461905, 18.720472476211565], [-70.45920462275764, 18.720473860161114], [-70.45920772579545, 18.720475536776824], [-70.45921064486014, 18.72047749045851], [-70.45921265435236, 18.72047913235465], [-70.45921244250266, 18.7204799671005], [-70.45921152350743, 18.720482478898017], [-70.45921035054764, 18.720484892772994], [-70.45920893491947, 18.720487185478504], [-70.45920729025623, 18.720489334934538], [-70.45920543239693, 18.720491320440654], [-70.45920337923371, 18.72049312287532], [-70.45920115053971, 18.720494724880123], [-70.45919876777846, 18.720496111026854], [-70.45919625389725, 18.72049726796617], [-70.45919429064884, 18.72049795458851], [-70.45919429068401, 18.720497954679796], [-70.45919232548552, 18.720498641984136], [-70.4591833297464, 18.72050227472333], [-70.45918207356311, 18.720502852844305], [-70.45917349484202, 18.720507308227553], [-70.45917230417918, 18.72050800088308], [-70.45916422509377, 18.720513236002706], [-70.45916311141798, 18.720514036522186], [-70.45915560977426, 18.720520000961177], [-70.45915458381087, 18.72052090163516], [-70.45914773185368, 18.720527537952833], [-70.45914680348328, 18.72052853010734], [-70.45914066720078, 18.720535774392378], [-70.45913984536406, 18.720536848472463], [-70.45913448385207, 18.720544630958514], [-70.45913377646379, 18.7205457766202], [-70.45912924135665, 18.720554022357764], [-70.45912865522936, 18.7205552285677], [-70.45912499020275, 18.720563858145855], [-70.45912430109354, 18.72056574161532], [-70.45912430099716, 18.720565741583314], [-70.45912361257173, 18.720567623183797], [-70.45912243961014, 18.720570037058337], [-70.45912102398012, 18.720572329763296], [-70.45911937931497, 18.72057447921867], [-70.45911752145369, 18.720576464724026], [-70.45911546828852, 18.72057826715785], [-70.45911323959255, 18.720579869161725], [-70.45911085682935, 18.720581255307458], [-70.45910834294624, 18.720582412245708], [-70.4591057221533, 18.720583328834522], [-70.45910301969018, 18.720583996246642], [-70.45910026158309, 18.72058440805453], [-70.45909747439416, 18.720584560292238], [-70.45889165569838, 18.720586163405397], [-70.45888891364675, 18.720586058639494], [-70.45888619494762, 18.7205857026211], [-70.45888469752653, 18.72058536390829], [-70.45915785226852, 18.720374445114167], [-70.45916061251226, 18.72037209199019], [-70.45916311873404, 18.720369493579582], [-70.45916534703765, 18.720366674657555], [-70.45916727617677, 18.720363662101846], [-70.45916888775757, 18.72036048463643], [-70.45917016641401, 18.720357172557662], [-70.45917109995445, 18.72035375744541], [-70.45917167947783, 18.72035027186192], [-70.45917189945855, 18.720346749041376], [-70.45917175779921, 18.720343222572993], [-70.45917125585048, 18.720339726080777], [-70.45917039839836, 18.72033629290291], [-70.45916919361844, 18.7203329557739], [-70.45916765299802, 18.72032974651243], [-70.45916579122658, 18.720326695718], [-70.45916362605561, 18.72032383247918], [-70.45916117812953, 18.720321184096232], [-70.4591584707887, 18.720318775820825], [-70.45915552984691, 18.720316630615244], [-70.45915238334536, 18.720314768933502], [-70.4591490612851, 18.720313208526264], [-70.45891253787408, 18.72021548176923], [-70.45891268661704, 18.720213241070518], [-70.45891232832986, 18.720203493526828], [-70.45891096903544, 18.720193826381696], [-70.45890862182468, 18.72018433273498], [-70.45890530930264, 18.720175104015645], [-70.45890106337085, 18.720166229101235], [-70.45889592492007, 18.720157793461976], [-70.45888994343646, 18.72014987833759], [-70.458883176525, 18.720142559954986], [-70.45887568935481, 18.720135908794095], [-70.45886755403136, 18.720129988909168], [-70.4588588489022, 18.720124857311852], [-70.45884965780242, 18.72012056342216], [-70.45884006924722, 18.72011714859255], [-70.45883861066972, 18.720116779604187], [-70.45883732025807, 18.720101100924655], [-70.45883698858194, 18.720098389572122], [-70.45882364695163, 18.720016392092543], [-70.4593986206555, 18.719931457246574]]]}}, {"type": "Feature", "properties": {"kind": "plaza", "label": "Plaza comercial y estacionamiento (fuera del port\u00f3n, en el sitio de la casa actual)", "area_m2": 3944}, "geometry": {"type": "Polygon", "coordinates": [[[-70.46134544756215, 18.71704308160402], [-70.46134108596283, 18.71705492848542], [-70.46071583518982, 18.7167256268844], [-70.46073651395345, 18.71668133806794], [-70.46073775810349, 18.716678314402287], [-70.46076885059405, 18.716591453098328], [-70.46076980635331, 18.71658832931212], [-70.46079304020654, 18.7164973290777], [-70.46079361788529, 18.7164946188475], [-70.4608098675204, 18.71639994021274], [-70.46081006674144, 18.7163986289778], [-70.46082206232954, 18.716307988657487], [-70.46086066575542, 18.716231832772902], [-70.46079235664365, 18.716200395428334], [-70.46075105277241, 18.716281878615103], [-70.46074947142326, 18.716285483947008], [-70.46074830781191, 18.71628923087894], [-70.4607475755405, 18.716293075610828], [-70.46073489009702, 18.71638892825299], [-70.46071898703202, 18.716481587353933], [-70.46069650044986, 18.7165696605933], [-70.46066651038203, 18.71665344202092], [-70.46064919427394, 18.71669052882514], [-70.46025082321292, 18.716480716191203], [-70.46079698972336, 18.715972534650604], [-70.46079799618701, 18.715971642416967], [-70.4607991945946, 18.715970630380138], [-70.4608013372542, 18.715968990000416], [-70.460802075764, 18.71596847852276], [-70.46080437456536, 18.71596704283225], [-70.46080516143213, 18.715966601653125], [-70.46080759491488, 18.715965384054684], [-70.4608084227929, 18.715965017292692], [-70.46081096823914, 18.715964029153252], [-70.46081182939969, 18.715963740232315], [-70.46081446304659, 18.715962990776575], [-70.46081534945037, 18.715962782393902], [-70.46081804671145, 18.715962278618452], [-70.46081895008341, 18.7159621527194], [-70.46082168577831, 18.71596189932721], [-70.460822597685, 18.71596185708711], [-70.46082534627496, 18.715961856443716], [-70.46082625820337, 18.715961898256904], [-70.46082899402859, 18.715962150368313], [-70.4608298974653, 18.71596227584442], [-70.46083259498587, 18.715962778357074], [-70.46083348149698, 18.715962986324737], [-70.46083611552996, 18.7159637345474], [-70.4608369768394, 18.71596402306514], [-70.46083952279481, 18.715965010012766], [-70.4608403508618, 18.71596537638711], [-70.4608427849721, 18.71596659284614], [-70.46084357206628, 18.71596703365682], [-70.46084587160763, 18.715968468270923], [-70.46084661038108, 18.715968979402756], [-70.46084875388622, 18.71597061877913], [-70.4608494374421, 18.715971195460455], [-70.46085140490037, 18.71597302429471], [-70.46085202685734, 18.715973661141895], [-70.46085379990156, 18.71597566236105], [-70.46085435445337, 18.715976353428836], [-70.46085591653116, 18.715978508350336], [-70.4608563985008, 18.715979247187235], [-70.46085773502953, 18.71598153569405], [-70.46085813991756, 18.715982315402705], [-70.46085923841999, 18.71598471613032], [-70.46085980674945, 18.715986142628026], [-70.46086026344653, 18.715987378106174], [-70.46088652468943, 18.716064304627164], [-70.46090933912714, 18.716131134425474], [-70.46090943685871, 18.716131420708184], [-70.4609101403792, 18.71613309368422], [-70.46091027715444, 18.716133365060188], [-70.46093296447185, 18.71617837898675], [-70.46097235150174, 18.716256526758862], [-70.46097241837748, 18.716256659446877], [-70.46097284640783, 18.716257442282632], [-70.4609729222089, 18.716257570539916], [-70.46109951074409, 18.716471761130627], [-70.46110018484337, 18.71647297238237], [-70.46110093226784, 18.71647440158718], [-70.46110208349174, 18.716476913697793], [-70.46110242100418, 18.71647776520086], [-70.4611033000657, 18.71648037525486], [-70.46110354559569, 18.71648125488458], [-70.46110414350483, 18.716483936189427], [-70.4611042945414, 18.716484834950005], [-70.46110460518341, 18.716487560084445], [-70.46110466018189, 18.716488468784387], [-70.46110468037989, 18.71649120987894], [-70.46110463877784, 18.716492119225148], [-70.46110436832524, 18.716494848247116], [-70.4611042305481, 18.716495748939856], [-70.46110367221075, 18.716498437979993], [-70.46110343966755, 18.71649932080804], [-70.46110259915547, 18.71650194236603], [-70.46110227422436, 18.71650279830084], [-70.46110116013328, 18.716505325566434], [-70.46110074613729, 18.71650614585452], [-70.46109936986083, 18.7165085529818], [-70.46109887103381, 18.716509329234228], [-70.4610972466469, 18.716511591605908], [-70.46109666809026, 18.71651231588405], [-70.4610948122052, 18.716514410363278], [-70.46109415983578, 18.71651507526006], [-70.46109209143239, 18.716516980426885], [-70.46109137192181, 18.71651757914256], [-70.46108911215332, 18.716519275513193], [-70.46108774500794, 18.7165201990179], [-70.46108655051361, 18.716520963394835], [-70.46076288257235, 18.71671695154838], [-70.4607626843723, 18.71671707156264], [-70.46076215332882, 18.71671742947072], [-70.46076270950263, 18.716717750861758], [-70.46076291607946, 18.71671785728051], [-70.46090222451312, 18.716789622408836], [-70.46090374963313, 18.716790408077724], [-70.46090387316485, 18.71679047209182], [-70.46110732016045, 18.716896519724042], [-70.46110752165731, 18.71689662475547], [-70.46110813483497, 18.716896908533656], [-70.46110881508785, 18.71689695051785], [-70.4611090447346, 18.716896954073906], [-70.4612156307776, 18.716898604518313], [-70.4612170348329, 18.71689865933428], [-70.46121866810076, 18.716898761651578], [-70.46122145913446, 18.716899068985665], [-70.46122237964889, 18.716899214546054], [-70.461225125253, 18.716899782717185], [-70.46122670565339, 18.716900188575323], [-70.46122805302537, 18.716900568840895], [-70.46129076732547, 18.716919886265433], [-70.46133289530098, 18.716932862621256], [-70.46133318607752, 18.71693295218688], [-70.46133495974223, 18.716933380538617], [-70.46133526018731, 18.716933433756925], [-70.46136978209816, 18.71693954867347], [-70.46137858586724, 18.716941108096854], [-70.4613799893785, 18.71694139176732], [-70.46138161479071, 18.71694176133272], [-70.4613843679005, 18.71694252897718], [-70.4613852674471, 18.7169428274758], [-70.46138792542486, 18.71694385540498], [-70.46138878884881, 18.71694423870622], [-70.4613913246681, 18.7169455164681], [-70.46139214318995, 18.716945980674513], [-70.46139453106589, 18.716947495276486], [-70.46139529636278, 18.716948035667908], [-70.46139751201524, 18.716949771709352], [-70.46139821630553, 18.71695038279104], [-70.46140023720544, 18.716952322619647], [-70.46140087332779, 18.716952998178005], [-70.46140267892629, 18.716955122069294], [-70.46140324041251, 18.71695585523516], [-70.46140481234998, 18.716958141593032], [-70.4614052934908, 18.71695892491147], [-70.46140661578357, 18.716961350487956], [-70.46140731032217, 18.716962798685437], [-70.46140787354707, 18.71696405602181], [-70.46141123790461, 18.716972124269066], [-70.46141171866132, 18.71697336452531], [-70.4614122415176, 18.716974821798647], [-70.4614130099098, 18.716977361896667], [-70.4614132216459, 18.71697821642513], [-70.46141372670903, 18.716980815762152], [-70.46141385007952, 18.716981685879233], [-70.46141408700989, 18.716984319732607], [-70.46141412084137, 18.716985197162458], [-70.46141408738544, 18.716987840481075], [-70.46141403135613, 18.716988716878323], [-70.4614137278321, 18.716991344521208], [-70.4614135824749, 18.716992211550288], [-70.46141301176962, 18.716994798525477], [-70.46141277846706, 18.71699564793991], [-70.46141194600858, 18.716998169642245], [-70.46141162697961, 18.716998993363145], [-70.46141054068558, 18.71700142580826], [-70.46141013896455, 18.71700221600107], [-70.46140880916687, 18.717004536053597], [-70.46140832857459, 18.717005285202642], [-70.46140676792118, 18.71700747079619], [-70.46140621302867, 18.71700817177618], [-70.46140443636317, 18.717010202123134], [-70.46140381244808, 18.717010848266955], [-70.46140183666864, 18.717012704056376], [-70.46140114966516, 18.71701328921843], [-70.46139899356378, 18.717014952799556], [-70.4613982500061, 18.71701547141425], [-70.46139593408972, 18.717016926964543], [-70.46139454307064, 18.717017711254243], [-70.46139333201158, 18.717018356610524], [-70.46138367606355, 18.717023211435553], [-70.46134652521089, 18.717041890163035], [-70.46134632917231, 18.717041988727395], [-70.46134576591129, 18.717042304830805], [-70.4613455209358, 18.717042882308117], [-70.46134544756215, 18.71704308160402]]]}}, {"type": "Feature", "properties": {"kind": "park", "label": "Parque familiar junto al port\u00f3n: \u00e1rea infantil cercada, dog park, cancha", "area_m2": 3600}, "geometry": {"type": "Polygon", "coordinates": [[[-70.46070450671729, 18.717173902920482], [-70.46073489941966, 18.717086673013032], [-70.46076673493108, 18.71700020300494], [-70.46079857041303, 18.716913732992875], [-70.4608304058655, 18.71682726297684], [-70.46132835187831, 18.717089516520296], [-70.46122027095642, 18.71738308295572], [-70.46122024904206, 18.71738314247882], [-70.46122012281424, 18.71738350129685], [-70.46122010265269, 18.7173835613797], [-70.46114357447568, 18.71761162044139], [-70.4606456271213, 18.71734936650571], [-70.46067506693296, 18.71726163471477], [-70.46070450671729, 18.717173902920482]]]}}, {"type": "Feature", "properties": {"kind": "garden", "label": "Huerto comunitario (invernadero existente)", "area_m2": 3018}, "geometry": {"type": "MultiPolygon", "coordinates": [[[[-70.46002429619199, 18.718880395404103], [-70.46001930116287, 18.718888088377422], [-70.46001479476068, 18.71889684589235], [-70.46001121093872, 18.718905982106882], [-70.46000858421124, 18.718915409034327], [-70.46000693987527, 18.718925035888255], [-70.46000629376681, 18.718934769956807], [-70.4600066521084, 18.718944517495583], [-70.46000801144922, 18.718954184630437], [-70.4600103586982, 18.71896367826155], [-70.46001367125021, 18.71897290696001], [-70.46001791720369, 18.718981781848345], [-70.46002305566789, 18.718990217456476], [-70.46002903715669, 18.71899813254479], [-70.46003580406509, 18.719005450886595], [-70.4600432912241, 18.71901210200217], [-70.46005142652824, 18.719018021837563], [-70.46006013163003, 18.719023153381436], [-70.46006932269451, 18.719027447214156], [-70.46007891120658, 18.71903086198372], [-70.46008880482349, 18.719033364803966], [-70.46009890826413, 18.719034931571358], [-70.46010912422669, 18.719035547197034], [-70.46011935432571, 18.719035205752206], [-70.46012950003954, 18.719033910525173], [-70.46013946365927, 18.71903167398973], [-70.46014914922964, 18.71902851768496], [-70.46015846347318, 18.719024472007884], [-70.46016731668854, 18.719019575920637], [-70.46017562361433, 18.719013876575307], [-70.46018330425028, 18.71900742885977], [-70.46019028462766, 18.719000294869133], [-70.46019649752164, 18.71899254330771], [-70.46020188309869, 18.718984248827354], [-70.46020638949287, 18.71897549130851], [-70.46020997330525, 18.71896635509092], [-70.46021260002192, 18.718956928161404], [-70.46021424434629, 18.718947301306482], [-70.46021489044278, 18.718937567238033], [-70.46021453208932, 18.71892781970046], [-70.46021317273721, 18.718918152567866], [-70.46021082547792, 18.718908658939988], [-70.46020751291697, 18.7188994302456], [-70.46020326695628, 18.71889055536202], [-70.4602027647846, 18.718889730968506], [-70.46026681545173, 18.71882355328798], [-70.46031218266494, 18.718784247684923], [-70.46039912420764, 18.7188300370903], [-70.46022507021291, 18.71913007566817], [-70.46016800317109, 18.719130520497842], [-70.46016728062224, 18.719130543639444], [-70.46015681833286, 18.71913113268925], [-70.46015538229723, 18.71913128361982], [-70.46014539384963, 18.719132826367645], [-70.46014398130995, 18.719133115408674], [-70.46013420880357, 18.7191356162475], [-70.4601328343516, 18.719136040413154], [-70.46012337873742, 18.71913947350908], [-70.46012205657134, 18.719140028417698], [-70.46011301552697, 18.719144358306487], [-70.46011175930488, 18.719145038225797], [-70.46010322622529, 18.719150220179234], [-70.4601020489241, 18.71915101808563], [-70.46009411195698, 18.719156998573588], [-70.46009302573839, 18.719157906224584], [-70.46008576687356, 18.719164623467982], [-70.46008478295832, 18.719165631487435], [-70.46007827718073, 18.719173016096445], [-70.46007740573285, 18.71917411407139], [-70.46007172024804, 18.71918208976216], [-70.46007097026965, 18.719183266350427], [-70.4600661638095, 18.719191750733156], [-70.46006554304799, 18.719192993780442], [-70.46006166526392, 18.7192018992105], [-70.46006093725201, 18.7192038450475], [-70.46006090883189, 18.719203835393948], [-70.46006043750457, 18.719205102993126], [-70.46005925766899, 18.719207501728672], [-70.46005783772434, 18.719209779272216], [-70.46005619123312, 18.719211913870012], [-70.46005433392162, 18.719213885133655], [-70.46005228352975, 18.71921567423482], [-70.46005005964162, 18.719217264085067], [-70.4600476834985, 18.719218639499104], [-70.46004517779588, 18.719219787339778], [-70.46004256646673, 18.71922069664362], [-70.46003987445292, 18.719221358725484], [-70.46003712746695, 18.719221767261562], [-70.46003435174643, 18.719221918349756], [-70.45997913278424, 18.719222348719736], [-70.45997841023492, 18.71922237186064], [-70.45996794793848, 18.719222960900314], [-70.45996651190178, 18.719223111829507], [-70.4599565234464, 18.71922465456771], [-70.45995511090554, 18.719224943607397], [-70.45994533839045, 18.719227444436893], [-70.45994396393718, 18.719227868601237], [-70.4599345083135, 18.71923130168821], [-70.45993318614602, 18.719231856595574], [-70.45992414509143, 18.719236186475865], [-70.45992288886784, 18.719236866394002], [-70.45991435577746, 18.719242048339492], [-70.45991317847468, 18.71924284624479], [-70.45990524149627, 18.719248826725444], [-70.45990415527605, 18.719249734375424], [-70.45989689639956, 18.719256451612228], [-70.45989591248264, 18.719257459630786], [-70.45988940669314, 18.71926484423396], [-70.45988853524354, 18.719265942208146], [-70.45988284974669, 18.719273917893915], [-70.45988209976659, 18.719275094481524], [-70.45987978681852, 18.71927917729464], [-70.45958006107759, 18.719121320198425], [-70.45979107845976, 18.718757566162846], [-70.46002429619199, 18.718880395404103]]], [[[-70.46024205201863, 18.718747312006556], [-70.46021454561692, 18.718771143208297], [-70.46021217973471, 18.718773381697357], [-70.46014599696657, 18.718841762256734], [-70.4601452673408, 18.718842541653498], [-70.46014227297394, 18.718841475265457], [-70.46013237936783, 18.718838972447273], [-70.4601222759388, 18.718837405680883], [-70.4601120599882, 18.718836790055104], [-70.46010182990105, 18.718837131498727], [-70.46009952377815, 18.718837425903967], [-70.4598277770469, 18.718694304572075], [-70.45990117414291, 18.718567781373284], [-70.46024205201863, 18.718747312006556]]]]}}, {"type": "Feature", "properties": {"kind": "club", "label": "Clubhouse, piscina y terraza-mirador al valle (toe of the hill, ~720 m, before Parcela 2)", "area_m2": 3532}, "geometry": {"type": "Polygon", "coordinates": [[[-70.45854229731047, 18.721053568430264], [-70.45854222244058, 18.721053642134482], [-70.45854118819564, 18.721054009534214], [-70.45853757862508, 18.72105509958893], [-70.45853387297696, 18.721055841308758], [-70.45853010817963, 18.721056227302174], [-70.4585272310185, 18.721056247378], [-70.45852111467296, 18.721052641853785], [-70.45849191282144, 18.721031392390586], [-70.45849100457566, 18.721028380954493], [-70.45849032682334, 18.721024831345357], [-70.45849002387807, 18.72102123503752], [-70.45849009875882, 18.72101762786975], [-70.45849055071935, 18.721014045789012], [-70.45849137525565, 18.721010524492293], [-70.45849256415083, 18.721007099070828], [-70.45849410555704, 18.721003803660402], [-70.45849598411347, 18.721000671101194], [-70.4584981810995, 18.720997732610503], [-70.45850004933199, 18.7209956983348], [-70.45850004702402, 18.72099569640435], [-70.45850065208528, 18.720995039669603], [-70.45850128975175, 18.720994411565762], [-70.4585007832974, 18.720993683002092], [-70.4584787444092, 18.72096197878847], [-70.45847737881151, 18.720960014296782], [-70.45847547769854, 18.72095696414535], [-70.45847389958148, 18.720953751100218], [-70.45847265966485, 18.720950406117865], [-70.45847176989476, 18.720946961425938], [-70.45847123884377, 18.72094345021274], [-70.45847107162837, 18.720939906307493], [-70.45847126985959, 18.72093636385437], [-70.45847183162749, 18.720932856983556], [-70.45847275151968, 18.720929419482424], [-70.45847402067328, 18.72092608446999], [-70.45847562686048, 18.72092288407783], [-70.45847755460625, 18.720919849140493], [-70.4584797853375, 18.72091700889844], [-70.45848229756194, 18.720914390716313], [-70.4588556906093, 18.720561686146905], [-70.45885826108832, 18.7205592580823], [-70.45885825148551, 18.720559944691313], [-70.45885826745665, 18.720560380222633], [-70.45885849545388, 18.720562985965234], [-70.45885855539336, 18.72056341800386], [-70.4588590458329, 18.72056599069074], [-70.45885914918297, 18.720566415216318], [-70.45885989750101, 18.72056893090721], [-70.45886004329996, 18.720569343969284], [-70.45886104253299, 18.72057177925427], [-70.45886122942406, 18.720572177009068], [-70.45886247027369, 18.720574509226477], [-70.45886269651776, 18.72057488797268], [-70.4588641674372, 18.720577095419934], [-70.45886443092894, 18.720577451633087], [-70.45886611823047, 18.72057951376866], [-70.45886641651798, 18.720579844134004], [-70.45886830450033, 18.720581741768566], [-70.45886863480781, 18.72058204321187], [-70.45887070590227, 18.720583758686885], [-70.45887106515609, 18.72058402840305], [-70.45887330008996, 18.720585545755057], [-70.45887368494704, 18.720585781234224], [-70.458876062923, 18.720587086343418], [-70.45887646980204, 18.720587285394323], [-70.45887896869174, 18.720588366115944], [-70.45887939380648, 18.720588526886303], [-70.45888199035633, 18.720589373163627], [-70.45888242975086, 18.720589494157384], [-70.45888509979852, 18.720590098115327], [-70.45888554938404, 18.720590178206564], [-70.45888826808323, 18.720590534224968], [-70.45888872367604, 18.720590572668396], [-70.45889146572776, 18.720590677434295], [-70.45889169445316, 18.72059068091104], [-70.4590975131544, 18.720589077797467], [-70.459097745747, 18.72058907054378], [-70.45910053293603, 18.72058891830607], [-70.45910099560135, 18.720588871245578], [-70.45910375370848, 18.720588459437682], [-70.4591042093048, 18.720588369394218], [-70.45910691176798, 18.72058770198207], [-70.45910735590765, 18.7205875698228], [-70.45910997670066, 18.72058665323395], [-70.45911040510636, 18.720586480231642], [-70.45911291898953, 18.720585323293363], [-70.4591133275355, 18.72058511111411], [-70.45911571029873, 18.720583724968343], [-70.45911609505045, 18.720583475655562], [-70.45911832374642, 18.72058187365166], [-70.45911868099851, 18.720581589606365], [-70.45912073416369, 18.7205797871725], [-70.45912106047562, 18.720579471130215], [-70.45912291833687, 18.720577485624823], [-70.45912321056608, 18.720577140629192], [-70.4591248552312, 18.72057499117378], [-70.45912511056335, 18.72057462054732], [-70.45912652619333, 18.720572327842337], [-70.45912674216945, 18.720571935154357], [-70.45912791513098, 18.720569521279796], [-70.45912808959493, 18.720569110520284], [-70.45912877819285, 18.720567228743636], [-70.45912942898741, 18.720565449995426], [-70.45913300669119, 18.720557026024892], [-70.45913349501275, 18.720556021092374], [-70.45913792206662, 18.720547971817034], [-70.45913851141464, 18.720547017329235], [-70.45914374518355, 18.720539420267997], [-70.45914442988229, 18.72053852541713], [-70.45915041996211, 18.720531453733777], [-70.4591511934175, 18.720530627137745], [-70.45915788212048, 18.72052414893635], [-70.45915873688372, 18.720523398555745], [-70.45916605979392, 18.720517576224886], [-70.45916698763321, 18.72051690928621], [-70.45917487422706, 18.72051179889802], [-70.45917586620676, 18.720511221824292], [-70.45918424053201, 18.720506872594562], [-70.45918528709895, 18.72050639094327], [-70.45918795343367, 18.72050531420037], [-70.45920223005332, 18.7205351552153], [-70.45921668480347, 18.72057542595861], [-70.45922692728445, 18.720616852754976], [-70.45923285885276, 18.720659036642584], [-70.45923442238104, 18.720701571368167], [-70.45923160280843, 18.720744047299373], [-70.45922442728565, 18.720786055369814], [-70.45921296491373, 18.720827191018515], [-70.45919732607862, 18.720867058086153], [-70.45917766138821, 18.7209052726302], [-70.45915416022204, 18.720941466622655], [-70.4591270489075, 18.720975291494305], [-70.4590965885403, 18.721006421491726], [-70.45906307246995, 18.72103455681451], [-70.45902682347472, 18.721059426502567], [-70.45898819065305, 18.721080791045672], [-70.45894754606155, 18.721098444690167], [-70.45890528113185, 18.721112217420497], [-70.45886180290077, 18.72112197659661], [-70.45881753009027, 18.72112762823144], [-70.45877288907481, 18.72112911789602], [-70.45872830977504, 18.721126431243746], [-70.45868422151725, 18.721119594148504], [-70.45864104889866, 18.721108672455557], [-70.45859920769813, 18.721093771347316], [-70.45855910087195, 18.721075034330465], [-70.45855210473594, 18.72107091018073], [-70.4585427420859, 18.7210543548941], [-70.45854229731047, 18.721053568430264]]]}}, {"type": "Feature", "properties": {"kind": "water", "label": "Laguna con fuente (aprox. 1,500 m\u00b2, forrada, recirculada), bajo la terraza del clubhouse", "area_m2": 1715}, "geometry": {"type": "Polygon", "coordinates": [[[-70.45910768823983, 18.720505747741708], [-70.45910271022528, 18.720484296233106], [-70.45909983209602, 18.720461552790994], [-70.45909960389677, 18.720454311383108], [-70.4591757633524, 18.720395504106385], [-70.4591768210652, 18.7203946457752], [-70.45917958130896, 18.720392292650953], [-70.45918155859152, 18.720390433608262], [-70.4591840648132, 18.720387835197382], [-70.45918584237997, 18.72038580127187], [-70.45918807068337, 18.720382982349587], [-70.45918963158564, 18.72038079293427], [-70.45919156072446, 18.720377780378335], [-70.4591928900795, 18.720375456348695], [-70.4591945016599, 18.720372278883094], [-70.4591955867926, 18.720369842398267], [-70.45919686544856, 18.720366530319353], [-70.45919769601251, 18.72036400461058], [-70.4591986295524, 18.72036058949823], [-70.4591991976284, 18.72035799864754], [-70.4591997771512, 18.720354513064002], [-70.45920007732278, 18.720351881774498], [-70.45920029730291, 18.72034835895396], [-70.45920032670806, 18.72034571231439], [-70.45920018504812, 18.720342185846068], [-70.45919994340647, 18.720339549091424], [-70.4591994414572, 18.720336052599325], [-70.4591989310728, 18.720333450870456], [-70.45919807362017, 18.72033001769275], [-70.45919729935945, 18.720327475796445], [-70.45919609457908, 18.720324138667632], [-70.45919506382444, 18.720321680840275], [-70.45919352320367, 18.72031847157904], [-70.45919224578309, 18.720316121255376], [-70.45919038401139, 18.72031307046121], [-70.4591888721048, 18.720310850050982], [-70.4591867069337, 18.720307986812433], [-70.45918497495676, 18.720305917486694], [-70.45918252703063, 18.720303269104022], [-70.45918059149734, 18.720301370593276], [-70.45917788415657, 18.72029896231814], [-70.45917576352173, 18.720297252724176], [-70.45917282258016, 18.720295107518858], [-70.45917053706349, 18.720293603142245], [-70.45916739056221, 18.72029174146074], [-70.45916496195555, 18.720290456645312], [-70.4591616398957, 18.720288896238266], [-70.45916037912258, 18.72028834007936], [-70.45914104842993, 18.720280353038458], [-70.45915144989607, 18.7202609789087], [-70.45916629400075, 18.72023722550461], [-70.45918262563617, 18.720214559591888], [-70.45920028751947, 18.72019319945534], [-70.45921910955695, 18.72017335080441], [-70.45923891048218, 18.720155204792132], [-70.45925949960174, 18.72013893617423], [-70.45928067863157, 18.720124701626144], [-70.45930224360667, 18.72011263823414], [-70.45932398684526, 18.720102862175153], [-70.45934569894894, 18.720095467597876], [-70.45936717081918, 18.720090525716135], [-70.45938819567111, 18.720088084123006], [-70.45940857102487, 18.72008816633248], [-70.45942810065556, 18.720090771553018], [-70.45944659648303, 18.720095874695154], [-70.4594638803831, 18.72010342661313], [-70.45947978590297, 18.72011335457816], [-70.45949415986425, 18.72012556297884], [-70.4595068638381, 18.720139934241946], [-70.45951777547843, 18.720156329964695], [-70.45952678970008, 18.72017459224764], [-70.45953381969086, 18.72019454521531], [-70.4595387977477, 18.720215996709964], [-70.45954167592856, 18.72023874014219], [-70.45954242651426, 18.72026255648043], [-70.45954104227539, 18.720287216360422], [-70.45953753654202, 18.720312482294048], [-70.45953194307529, 18.7203381109565], [-70.45952431574241, 18.72036385552962], [-70.45951472799783, 18.720389468078924], [-70.45950327217592, 18.720414701941316], [-70.4594900586018, 18.720439314100638], [-70.45947521452875, 18.72046306752803], [-70.45945888291287, 18.720485733464653], [-70.45944122103627, 18.720507093624803], [-70.45942239899239, 18.72052694229813], [-70.45940259804787, 18.72054508833073], [-70.45938200889694, 18.720561356966105], [-70.45936082982477, 18.720575591528142], [-70.4593392647981, 18.720587654930043], [-70.4593175215006, 18.720597430994488], [-70.45929580933299, 18.720604825572565], [-70.45927433739621, 18.720609767450433], [-70.45926430532022, 18.720610932457088], [-70.45926384744774, 18.720608565518212], [-70.45925360495856, 18.72056713872441], [-70.45925257466556, 18.720563730555224], [-70.45923811990832, 18.720523459815144], [-70.45923674397706, 18.720520164278945], [-70.45922246735299, 18.72049032326693], [-70.45922079092198, 18.720487224551164], [-70.45921880895247, 18.720484294151742], [-70.45921653988582, 18.720481559334758], [-70.45921400483473, 18.720479045546494], [-70.45921122738677, 18.72047677617664], [-70.45920823338486, 18.720474772340694], [-70.45920505068689, 18.72047305268348], [-70.45920170890646, 18.720471633205644], [-70.45919823913738, 18.720470527114806], [-70.45919467366436, 18.720469744702672], [-70.45919104566251, 18.720469293249216], [-70.45918738888884, 18.72046917695505], [-70.459183737368, 18.72046939690221], [-70.45918012507578, 18.72046995104421], [-70.459176585623, 18.72047083422499], [-70.4591731519427, 18.72047203822695], [-70.45917048560837, 18.720473114969618], [-70.45916878981609, 18.72047384706164], [-70.4591677432493, 18.72047432871283], [-70.45916608720012, 18.72047513920602], [-70.45915771287585, 18.720479488434883], [-70.45915610055962, 18.720480375376447], [-70.45915510858, 18.720480952450057], [-70.45915354388093, 18.720481913703395], [-70.45914565728772, 18.72048702409066], [-70.45914414397515, 18.720488057340006], [-70.4591432161359, 18.720488724278557], [-70.45914175785575, 18.720489827034722], [-70.45913443494577, 18.72049564936462], [-70.45913303521098, 18.720496818970954], [-70.45913218044774, 18.720497569351444], [-70.45913084263042, 18.72049880299038], [-70.45912415392726, 18.720505281190835], [-70.45912288125037, 18.720506575890273], [-70.45912210779493, 18.72050740248618], [-70.45912090332445, 18.720508755127213], [-70.45911491324405, 18.720515826809677], [-70.4591137798816, 18.720517234133645], [-70.45911309518277, 18.720518128984395], [-70.45911239169412, 18.72051909745724], [-70.45910768823983, 18.720505747741708]]]}}, {"type": "Feature", "properties": {"kind": "green", "label": "Reserva verde (sin frente)", "area_m2": 883}, "geometry": {"type": "Polygon", "coordinates": [[[-70.4608283328325, 18.71744662474866], [-70.46114311575242, 18.717612411214006], [-70.46114319926482, 18.71761245023107], [-70.46114328569736, 18.717612481018982], [-70.46108172296084, 18.717795941654305], [-70.46072563614923, 18.717631094975506], [-70.46074276341876, 18.717597505744884], [-70.46078068941495, 18.717527233499084], [-70.46081943545977, 18.717460677610852], [-70.4608283328325, 18.71744662474866]]]}}, {"type": "Feature", "properties": {"kind": "green", "label": "Reserva verde (sin frente)", "area_m2": 1184}, "geometry": {"type": "Polygon", "coordinates": [[[-70.46108172296084, 18.717795941654305], [-70.46100491736222, 18.718024826410275], [-70.46061468112491, 18.71786226167749], [-70.46063156020332, 18.7178254754847], [-70.46066813392615, 18.71774707185536], [-70.46070507041601, 18.71767142754836], [-70.46072563614923, 18.717631094975506], [-70.46108172296084, 18.717795941654305]]]}}, {"type": "Feature", "properties": {"kind": "green", "label": "Reserva verde", "area_m2": 702}, "geometry": {"type": "Polygon", "coordinates": [[[-70.45990163287443, 18.71856699060322], [-70.45990154931957, 18.718566951568285], [-70.45990146215155, 18.71856692052482], [-70.45990137220984, 18.718566897771804], [-70.45990128036065, 18.71856688352835], [-70.45990118748851, 18.718566877931636], [-70.45990109448785, 18.718566881035557], [-70.45990100225433, 18.718566892810223], [-70.45990091167617, 18.71856691314224], [-70.4599008236257, 18.718566941835785], [-70.45990073895094, 18.718566978614547], [-70.45990065846728, 18.71856702312431], [-70.45990058294989, 18.718567074936427], [-70.45990051312597, 18.71856713355191], [-70.45990044966804, 18.718567198406273], [-70.45990039318718, 18.71856726887493], [-70.45990034422736, 18.71856734427922], [-70.45982694713086, 18.718693867477718], [-70.45952181111423, 18.71853316016553], [-70.45960139027244, 18.71847974778856], [-70.45968848806619, 18.718422575657684], [-70.4596909939786, 18.718420780846504], [-70.4597468300684, 18.71837723501714], [-70.4597502431256, 18.71837457321767], [-70.45992701530261, 18.718580358838253], [-70.45991660665764, 18.71857487688855], [-70.45990163287443, 18.71856699060322]]]}}, {"type": "Feature", "properties": {"kind": "green", "label": "Reserva verde", "area_m2": 367}, "geometry": {"type": "Polygon", "coordinates": [[[-70.46003965885161, 18.716678239430795], [-70.46019828337147, 18.716735495680815], [-70.4601841232029, 18.71677111278339], [-70.46017563469451, 18.716794557901544], [-70.46014681520464, 18.71688261644554], [-70.46014056523464, 18.716904198277025], [-70.45993596999836, 18.716776300728654], [-70.46003965885161, 18.716678239430795]]]}}, {"type": "Feature", "properties": {"kind": "green", "label": "Reserva verde", "area_m2": 393}, "geometry": {"type": "Polygon", "coordinates": [[[-70.46014056523464, 18.716904198277025], [-70.46048041161612, 18.71711664370917], [-70.46045531217446, 18.717153097324307], [-70.46045454860842, 18.71715425335782], [-70.46045451240144, 18.71715431054439], [-70.45989221682207, 18.716817679218572], [-70.45993596999836, 18.716776300728657], [-70.45993596999836, 18.716776300728654], [-70.46014056523464, 18.716904198277025]]]}}, {"type": "Feature", "properties": {"kind": "green", "label": "Reserva verde", "area_m2": 1494}, "geometry": {"type": "Polygon", "coordinates": [[[-70.45946285140501, 18.719777138870054], [-70.45945450718943, 18.71978135510296], [-70.45945334704513, 18.719782010302165], [-70.4594454596874, 18.71978696095816], [-70.45944436992407, 18.719787717957963], [-70.45943701040781, 18.71979335848281], [-70.45943600083295, 18.719794210470464], [-70.45942923539153, 18.719800490101267], [-70.45942831509096, 18.71980142940919], [-70.45942220461124, 18.719808291631303], [-70.45942138186734, 18.719809309806056], [-70.45941598134173, 18.71981669286174], [-70.45941526355905, 18.71981778074002], [-70.4594106215906, 18.719825618184185], [-70.45941001522893, 18.71982676597546], [-70.45940617359402, 18.719834987273632], [-70.45940568411042, 18.71983618464814], [-70.45940267738267, 18.719844715811263], [-70.45940230918237, 18.71984595199307], [-70.45940016442151, 18.719854716243393], [-70.45939992081823, 18.719855980107187], [-70.45939865732657, 18.71986489856928], [-70.45939854051267, 18.719866178740723], [-70.45939815640635, 18.719875492560657], [-70.45939814591442, 18.71987613543589], [-70.4593986206555, 18.719931457246574], [-70.45882364695163, 18.720016392092543], [-70.45881861667547, 18.719985476057523], [-70.45881816111734, 18.719983172427977], [-70.45879086607096, 18.719866145221555], [-70.45878356430413, 18.7198280884373], [-70.45945315430089, 18.71971145166569], [-70.45949150505717, 18.71970477122007], [-70.4594918703145, 18.719747332545534], [-70.45949176434983, 18.719749902012357], [-70.45949140332468, 18.71975245034947], [-70.45949079048815, 18.719754954622665], [-70.45948993135556, 18.719757392294238], [-70.45948883365884, 18.71975974142593], [-70.45948750727689, 18.719761980876292], [-70.45948596414674, 18.719764090490962], [-70.45948421815604, 18.719766051284076], [-70.45948228501817, 18.71976784560911], [-70.45948018213075, 18.719769457317703], [-70.45947792841913, 18.71977087190497], [-70.459475544166, 18.71977207664008], [-70.45947305082888, 18.71977306068077], [-70.45947279746748, 18.71977314750295], [-70.45946700295575, 18.71977543441186], [-70.4594640714893, 18.71977659136806], [-70.45946285140501, 18.719777138870054]]]}}, {"type": "Feature", "properties": {"kind": "green", "label": "Reserva verde", "area_m2": 1351}, "geometry": {"type": "Polygon", "coordinates": [[[-70.45934278751675, 18.71865208928475], [-70.45942703740515, 18.718594382872826], [-70.4594514220144, 18.718578677768786], [-70.4597902485435, 18.718757129068354], [-70.45960909268743, 18.719069407582754], [-70.4596085199941, 18.719070394796017], [-70.4592972815196, 18.71868549704474], [-70.45929814179874, 18.718684865479865], [-70.45934278751675, 18.71865208928475]]]}}, {"type": "Feature", "properties": {"kind": "green", "label": "Reserva verde", "area_m2": 2}, "geometry": {"type": "Polygon", "coordinates": [[[-70.45970281223217, 18.719187002239057], [-70.45970520021949, 18.719188259925193], [-70.4597135866059, 18.7191986310231], [-70.4598210243179, 18.719331494652337], [-70.45982012471393, 18.719332077589566], [-70.45970281223217, 18.719187002239057]]]}}, {"type": "Feature", "properties": {"kind": "green", "label": "Reserva verde", "area_m2": 292}, "geometry": {"type": "Polygon", "coordinates": [[[-70.45965662555331, 18.71950161742487], [-70.45965662555327, 18.719501617424886], [-70.45964891847869, 18.71950472980164], [-70.45964766230433, 18.719505307925193], [-70.45963908364544, 18.719509763325966], [-70.45963789299138, 18.719510455983915], [-70.45962981396693, 18.719515691119955], [-70.45962870029972, 18.7195164916417], [-70.45962660558001, 18.719518157137824], [-70.45962119871511, 18.71952245609583], [-70.45962017276, 18.719523356771877], [-70.45961332085955, 18.71952999310329], [-70.45961239249706, 18.71953098525965], [-70.45960625626836, 18.719538229556875], [-70.45960543443908, 18.71953930363859], [-70.45960007297744, 18.719547086135176], [-70.45959936559608, 18.71954823179824], [-70.4595959122802, 18.719554510692536], [-70.45943380917122, 18.719543281406818], [-70.45943558452075, 18.719520014003574], [-70.45944202634887, 18.719480027643254], [-70.45945079958065, 18.719445195904925], [-70.4594516317988, 18.719442814018194], [-70.45945389498365, 18.719436336569633], [-70.45945908632487, 18.719429543651007], [-70.45948507690147, 18.719398446075765], [-70.45951625891139, 18.71936846175087], [-70.45904673541249, 18.718923056387307], [-70.45965662555331, 18.71950161742487]]]}}, {"type": "Feature", "properties": {"kind": "green", "label": "Reserva verde (sin frente)", "area_m2": 2483}, "geometry": {"type": "Polygon", "coordinates": [[[-70.45778248627744, 18.718950143146323], [-70.45778115247793, 18.71894794325485], [-70.45778004069993, 18.71894563403913], [-70.45777916071039, 18.718943235785755], [-70.45777852024011, 18.71894076956352], [-70.45777812491563, 18.718938257038335], [-70.45777797820989, 18.718935720282854], [-70.45777762776908, 18.718894835502457], [-70.45777760625221, 18.718894192875972], [-70.45777706245174, 18.718884886274065], [-70.45777692369695, 18.7188836080916], [-70.45777550741424, 18.718874710488492], [-70.4577752421674, 18.71887345058584], [-70.45777294738275, 18.71886472089677], [-70.45777255803097, 18.718863490612605], [-70.45776940539686, 18.71885500740198], [-70.45776889544423, 18.718853817808526], [-70.45776491333349, 18.7188456574225], [-70.4577639740347, 18.718843949485944], [-70.45776399050528, 18.71884394126215], [-70.45776317586808, 18.718842454085777], [-70.45776213292837, 18.71883998663648], [-70.45776134883504, 18.71883743366484], [-70.4577608311393, 18.718834819757213], [-70.45776058482677, 18.718832170086817], [-70.45776061226958, 18.718829510171243], [-70.45776091320342, 18.718826865626806], [-70.45776148473013, 18.71882426192172], [-70.45776232134561, 18.718821724130944], [-70.45776341499287, 18.71881927669463], [-70.4577647551395, 18.71881694318278], [-70.45776632887927, 18.71881474606823], [-70.45776812105626, 18.718812706510267], [-70.45776874697012, 18.71881206135274], [-70.45776975596407, 18.71881107299932], [-70.45788879892183, 18.718700249593827], [-70.45789214721685, 18.718697132485286], [-70.45831116386654, 18.718890195088473], [-70.45828691892159, 18.718937968554755], [-70.45825981544684, 18.71900153574789], [-70.45822935031251, 18.719088728023856], [-70.45821617800672, 18.719132629370325], [-70.4581932199307, 18.719223775498893], [-70.45818426506382, 18.719267219579322], [-70.45816893354385, 18.71936238249172], [-70.45816429388229, 18.71940152984851], [-70.45808163053754, 18.719394105463078], [-70.45778248627744, 18.718950143146323]]]}}, {"type": "Feature", "properties": {"kind": "green", "label": "Reserva verde", "area_m2": 1055}, "geometry": {"type": "Polygon", "coordinates": [[[-70.4586507894935, 18.717987193709856], [-70.4587336841044, 18.717909299763644], [-70.45890905046721, 18.71774451213529], [-70.4589782186269, 18.717679516369042], [-70.45897824809927, 18.717679488714754], [-70.45902704914931, 18.717633764598602], [-70.45904822854929, 18.7176139205607], [-70.45907479360267, 18.717589030445886], [-70.45910739783939, 18.717624869002], [-70.45907988171373, 18.7176696273595], [-70.45907904272734, 18.717671066233876], [-70.4590682064693, 18.717690690324037], [-70.45903487973118, 18.71775104386896], [-70.45903411798429, 18.71775250220659], [-70.45899370348435, 18.717834454119863], [-70.4589934809953, 18.71783491360979], [-70.45895442029575, 18.71791709023684], [-70.45891431507148, 18.717996402149954], [-70.45886534204931, 18.718070647094503], [-70.45886406696697, 18.718072407562236], [-70.45881411434374, 18.71814137560907], [-70.45881065378462, 18.71814014316102], [-70.45880076023442, 18.71813764026818], [-70.45879065685443, 18.718136073426148], [-70.45878044094553, 18.718135457724472], [-70.45877021089234, 18.71813579909268], [-70.4587600652157, 18.71813709424323], [-70.45875010162385, 18.718139330703156], [-70.45874337578105, 18.718141522453653], [-70.45862705527404, 18.71800961307205], [-70.45865073654197, 18.717987243597452], [-70.4586507894935, 18.717987193709856]]]}}, {"type": "Feature", "properties": {"kind": "green", "label": "Reserva verde", "area_m2": 1246}, "geometry": {"type": "Polygon", "coordinates": [[[-70.45874337578105, 18.718141522453653], [-70.45874041607149, 18.718142486934163], [-70.45873110183564, 18.71814653254009], [-70.4587222486174, 18.71815142855959], [-70.458713941678, 18.718157127841415], [-70.4587062610178, 18.718163575498433], [-70.45869928060571, 18.718170709436272], [-70.45869306766696, 18.71817846095128], [-70.45868768203559, 18.71818675539221], [-70.45868317557829, 18.718195512879134], [-70.45867959169479, 18.718204649072714], [-70.45867696490001, 18.718214075986467], [-70.45867532049155, 18.71822370283407], [-70.45867467430615, 18.718233436903752], [-70.4586750325671, 18.71824318445109], [-70.4586763918243, 18.71825285160185], [-70.45867873898754, 18.71826234525608], [-70.45868205145253, 18.718271573984627], [-70.45868629731851, 18.718280448909734], [-70.45869143569557, 18.71828888456096], [-70.45869741709843, 18.718296799698294], [-70.45870418392295, 18.71830411809456], [-70.45871167100091, 18.71831076926952], [-70.45871980622763, 18.71831668916864], [-70.4587285112564, 18.718321820779977], [-70.45873770225292, 18.71832611468325], [-70.45874729070273, 18.718329529525764], [-70.45875718426373, 18.71833203242067], [-70.45876728765535, 18.718333599263694], [-70.45877750357621, 18.71833421496527], [-70.45878773364126, 18.718333873595856], [-70.45879787932923, 18.718332578443043], [-70.45880784293139, 18.718330341979893], [-70.45881459727397, 18.718328140941484], [-70.45879868930211, 18.718341075211246], [-70.45878391387312, 18.718353524924975], [-70.45871015911708, 18.71841791722583], [-70.45869737721698, 18.718429434666028], [-70.45864852579207, 18.71847486337218], [-70.45862650234858, 18.718495343756864], [-70.45861986965348, 18.718501615825843], [-70.45860769658209, 18.718513321272162], [-70.45835045748765, 18.71827015870987], [-70.45839566611899, 18.71822799769711], [-70.45841108918864, 18.718213614325343], [-70.4584112406601, 18.71821347252119], [-70.45862705527404, 18.71800961307205], [-70.45874337578105, 18.718141522453653]]]}}, {"type": "Feature", "properties": {"kind": "green", "label": "Reserva verde", "area_m2": 2472}, "geometry": {"type": "Polygon", "coordinates": [[[-70.45860769658209, 18.718513321272162], [-70.4585505019756, 18.718568318733325], [-70.45851033447802, 18.718611373186675], [-70.45845042292311, 18.718683056481005], [-70.458435831103, 18.71870130947606], [-70.45837957631818, 18.718774918740763], [-70.458352001875, 18.718814617323265], [-70.45832826140669, 18.718856505213516], [-70.45831116386654, 18.718890195088473], [-70.45789214721685, 18.718697132485286], [-70.45816205916874, 18.71844585633307], [-70.45835045748765, 18.71827015870987], [-70.45860769658209, 18.718513321272162]]]}}, {"type": "Feature", "properties": {"kind": "green", "label": "Reserva verde", "area_m2": 174}, "geometry": {"type": "Polygon", "coordinates": [[[-70.45907479360267, 18.717589030445886], [-70.4591450368734, 18.717523215993904], [-70.45921194204706, 18.717460529103988], [-70.45922447063002, 18.717448790424346], [-70.45941182844837, 18.717271809513875], [-70.4595781630419, 18.717114686999842], [-70.45973702907568, 18.71696444397666], [-70.45973911868728, 18.7169688117614], [-70.4597442570699, 18.71697724738402], [-70.45974508192734, 18.716978338906884], [-70.45974312687568, 18.716980960924104], [-70.4596817713756, 18.717048314102584], [-70.45961295218257, 18.717112724209425], [-70.45953859735054, 18.71717556201523], [-70.45946232939791, 18.717238384186306], [-70.45946184954921, 18.717238786217816], [-70.45941935615679, 18.717274997688975], [-70.4593869773531, 18.717302589824172], [-70.45938567216922, 18.717303756005276], [-70.45931512511798, 18.717369837588553], [-70.4593138628812, 18.717371077831658], [-70.45924757668017, 18.717439403532317], [-70.45924601015082, 18.717441123995766], [-70.45922391714304, 18.717466991628786], [-70.45918519398678, 18.717512330673326], [-70.45918337858645, 18.71751463856], [-70.45916419254233, 18.71754117321058], [-70.45912931906227, 18.7175894038477], [-70.45912782544224, 18.71759164098061], [-70.45910739783939, 18.717624869002], [-70.45907479360267, 18.717589030445886]]]}}, {"type": "Feature", "properties": {"kind": "road", "class": "spine", "length_m": 520, "row_m": 8.0, "carriageway_m": 6.0, "grade_max_pct": 5.9, "grade_mean_pct": 1.9}, "geometry": {"type": "LineString", "coordinates": [[-70.46082651119654, 18.71621611410396], [-70.46078520733899, 18.716297597297267], [-70.4607724349201, 18.716394107297976], [-70.46075618526423, 18.716488785930927], [-70.46073295139176, 18.716579786162125], [-70.46070185888411, 18.716666647461334], [-70.46066317056427, 18.716749508253105], [-70.46062496287136, 18.716832622191156], [-70.4605910255912, 18.71691798525788], [-70.46056220630517, 18.717006043851416], [-70.46053919137853, 18.717097159460554], [-70.46048702625686, 18.717172922433477], [-70.46043800835874, 18.717250342979163], [-70.46039201103973, 18.71732935439778], [-70.46034862582349, 18.71740974155572], [-70.46030712882308, 18.717491123200546], [-70.46026703084499, 18.717573241686704], [-70.46022837074531, 18.717656117478597], [-70.4601902203843, 18.717739261749006], [-70.46015173218417, 18.717822228100776], [-70.46010970371789, 18.71790332989918], [-70.4600629696739, 18.71798195340502], [-70.4600114382187, 18.718058050251468], [-70.45995422105514, 18.718131152594214], [-70.45988989087476, 18.718200508704264], [-70.45982038956821, 18.718267141322002], [-70.45974598403365, 18.71833119101227], [-70.45966696961196, 18.718392813319632], [-70.45957970879675, 18.718450092453743], [-70.45949352411236, 18.71850793835496], [-70.45940534244642, 18.718564732488804], [-70.45932013640154, 18.718623093807295], [-70.45923825502929, 18.718683206151297], [-70.45916119768641, 18.718745859201675], [-70.45908744292538, 18.718810251650385], [-70.45901656807162, 18.718876160886783], [-70.45894720041863, 18.718942863938455], [-70.4588872889521, 18.7190145473655], [-70.45883103427948, 18.7190881567572], [-70.45878969199563, 18.719169620194904], [-70.45875922711588, 18.719256812539086], [-70.45873626932423, 18.719347958714362], [-70.45872093811275, 18.719443121650592], [-70.4587133648049, 18.71954237050738], [-70.45871629414088, 18.719647150869644], [-70.45873164873557, 18.71975847532109], [-70.45875368294719, 18.719873317750235], [-70.45878113376904, 18.719991012950832], [-70.45879950565177, 18.720103926470703], [-70.45880838745317, 18.720211841786533]]}}, {"type": "Feature", "properties": {"kind": "road", "class": "parallel1", "length_m": 109, "row_m": 8.0, "carriageway_m": 6.0, "grade_max_pct": 4.4, "grade_mean_pct": 1.7}, "geometry": {"type": "LineString", "coordinates": [[-70.46087913637886, 18.718286921744728], [-70.4608651049888, 18.718301177508064], [-70.46079102333911, 18.71836539795061], [-70.46071236657419, 18.71842720883114], [-70.4606309016334, 18.71848754073597], [-70.46054757476814, 18.718546892022978], [-70.46046618742568, 18.718607264794052], [-70.46038817001175, 18.71866941240183], [-70.46031417144103, 18.718733676613002], [-70.46024006322118, 18.71879788307912], [-70.4601738804562, 18.71886626364806], [-70.46011059210613, 18.718936168626524]]}}, {"type": "Feature", "properties": {"kind": "road", "class": "parallel-1", "length_m": 185, "row_m": 8.0, "carriageway_m": 6.0, "grade_max_pct": 2.3, "grade_mean_pct": 1.7}, "geometry": {"type": "LineString", "coordinates": [[-70.45983179261825, 18.716923198737856], [-70.45982825102747, 18.716929197969755], [-70.45977297981608, 18.717003325000608], [-70.45970942700866, 18.717073090293876], [-70.45963884283384, 18.717139152315355], [-70.45956358532486, 18.71720275298949], [-70.4594871349677, 18.717265725416727], [-70.45941226277073, 18.717329529033176], [-70.45934171572064, 18.717395610626323], [-70.45927542952272, 18.717463936336554], [-70.45921461336428, 18.717535143023216], [-70.45916055384868, 18.717609908319286], [-70.4591126101313, 18.717687894705737], [-70.45906844714773, 18.71776787234782], [-70.45902803266182, 18.71784982426749], [-70.45898878633857, 18.717932391449526], [-70.4589475618767, 18.718013916794835], [-70.45889702262605, 18.718090536224405], [-70.45884289649656, 18.718165266522302], [-70.45877897225955, 18.718234836345328]]}}, {"type": "Feature", "properties": {"kind": "road", "class": "cross", "length_m": 160, "row_m": 8.0, "carriageway_m": 6.0, "grade_max_pct": 4.1, "grade_mean_pct": 1.1}, "geometry": {"type": "LineString", "coordinates": [[-70.45881093438453, 18.718200051436153], [-70.4601422362876, 18.718901216139585]]}}, {"type": "Feature", "properties": {"kind": "road", "class": "club-access", "length_m": 75, "row_m": 8.0, "carriageway_m": 6.0, "grade_max_pct": 8.4, "grade_mean_pct": 5.6}, "geometry": {"type": "LineString", "coordinates": [[-70.45880838745317, 18.720211841786533], [-70.45913397083034, 18.720346366454663], [-70.45885826108832, 18.7205592580823]]}}, {"type": "Feature", "properties": {"kind": "gate", "label": "Port\u00f3n y caseta de seguridad"}, "geometry": {"type": "Point", "coordinates": [-70.46068308410376, 18.7167068583975]}}, {"type": "Feature", "properties": {"kind": "entrance", "label": "Entrada desde Carretera Los Quemados"}, "geometry": {"type": "Point", "coordinates": [-70.46082651119654, 18.71621611410396]}}, {"type": "Feature", "properties": {"kind": "road", "class": "view-access", "length_m": 98, "row_m": 8.0, "carriageway_m": 5, "grade_max_pct": 14.0, "grade_mean_pct": 9.0, "note": "needs right of way over the northern neighbour"}, "geometry": {"type": "LineString", "coordinates": [[-70.45755213804279, 18.724671654781645], [-70.45736477345541, 18.723802520449276]]}}, {"type": "Feature", "properties": {"kind": "road", "class": "view-road", "length_m": 120, "row_m": 8.0, "carriageway_m": 5, "grade_max_pct": 6.2, "grade_mean_pct": 2.8, "note": "needs right of way over the northern neighbour"}, "geometry": {"type": "LineString", "coordinates": [[-70.45630417944311, 18.72341269713489], [-70.45736477345541, 18.723802520449276]]}}, {"type": "Feature", "properties": {"kind": "lot", "id": "C-V1", "area_m2": 1502, "price_usd_m2": 75, "price_usd": 112650, "tier": "lote con vista (+25 %)", "slope_pct": 27.8, "elev_m": 828.1}, "geometry": {"type": "Polygon", "coordinates": [[[-70.4572387686659, 18.72389260799294], [-70.45702015680028, 18.72397811124563], [-70.45679494165019, 18.724076512081304], [-70.45679111942734, 18.723630410965576], [-70.4573511216951, 18.723836239846797], [-70.45735112169511, 18.723836239846797], [-70.45732294478599, 18.723905835841343], [-70.4572387686659, 18.72389260799294]]]}}, {"type": "Feature", "properties": {"kind": "lot", "id": "C-V2", "area_m2": 4367, "price_usd_m2": 75, "price_usd": 327525, "tier": "lote con vista (+25 %)", "slope_pct": 25.5, "elev_m": 835.1}, "geometry": {"type": "Polygon", "coordinates": [[[-70.45679494165019, 18.724076512081304], [-70.45638944367514, 18.724253681008868], [-70.45622873249324, 18.724007683145494], [-70.4561057892953, 18.723902705197574], [-70.45629052749213, 18.723446416468626], [-70.45679111942734, 18.723630410965576], [-70.45679494165019, 18.724076512081304]]]}}, {"type": "Feature", "properties": {"kind": "lot", "id": "C-V3", "area_m2": 2408, "price_usd_m2": 75, "price_usd": 180600, "tier": "lote con vista (+25 %)", "slope_pct": 35.3, "elev_m": 811.8}, "geometry": {"type": "Polygon", "coordinates": [[[-70.45640912270794, 18.723153494407978], [-70.45678387268224, 18.722784590737312], [-70.45679045353688, 18.723552691946708], [-70.45631783138913, 18.723378977800415], [-70.45631783138913, 18.723378977800415], [-70.45640912270794, 18.723153494407978]]]}}, {"type": "Feature", "properties": {"kind": "lot", "id": "C-V4", "area_m2": 6678, "price_usd_m2": 75, "price_usd": 500850, "tier": "lote con vista (+25 %)", "slope_pct": 30.8, "elev_m": 807.5}, "geometry": {"type": "Polygon", "coordinates": [[[-70.45678387268224, 18.722784590737312], [-70.45679773753244, 18.722770942143146], [-70.45765487218227, 18.72308598307603], [-70.45737842521072, 18.723768801051012], [-70.45679045353688, 18.723552691946708], [-70.45678387268224, 18.722784590737312]]]}}, {"type": "Feature", "properties": {"kind": "forest", "label": "Bosque comunal: senderos, mirador", "area_m2": 59422}, "geometry": {"type": "Polygon", "coordinates": [[[-70.45913038157235, 18.722316641979504], [-70.45968695175848, 18.723400633299487], [-70.45928191047747, 18.72407182856515], [-70.45895643540298, 18.72416252257393], [-70.45732390038793, 18.72390598600909], [-70.45735200643821, 18.723836565032443], [-70.45735203542333, 18.72383648155212], [-70.4573520557547, 18.723836395782655], [-70.45735206723978, 18.72383630853635], [-70.45735206976981, 18.723836220639505], [-70.4573520633208, 18.723836132924564], [-70.45735204795386, 18.723836046222267], [-70.45735202381452, 18.723835961353743], [-70.45735199113139, 18.723835879122777], [-70.45735195021399, 18.723835800308148], [-70.45735190144987, 18.723835725656304], [-70.45735184530085, 18.723835655874247], [-70.4573517822987, 18.72383559162288], [-70.45735171304013, 18.723835533510705], [-70.45735163818102, 18.723835482088102], [-70.4573515584304, 18.723835437842073], [-70.45735147454354, 18.723835401191668], [-70.45735146280084, 18.723835397327043], [-70.45735146298918, 18.723835396861876], [-70.45679146072393, 18.72362956798149], [-70.45629086879096, 18.723445573485293], [-70.45629078042789, 18.7234455456702], [-70.4562906896289, 18.723445526241374], [-70.45629059726846, 18.723445515385926], [-70.45629050423604, 18.723445513208393], [-70.45629041142756, 18.72344551972975], [-70.45629031973687, 18.723445534887194], [-70.45629023004697, 18.723445558534745], [-70.45629014322164, 18.723445590444673], [-70.45629006009703, 18.723445630309662], [-70.45628998147369, 18.723445677745794], [-70.45628990810881, 18.723445732296227], [-70.45628984070893, 18.723445793435612], [-70.45628977992315, 18.723445860575147], [-70.45628972633686, 18.72344593306825], [-70.45628968046616, 18.723446010216747], [-70.45628964275275, 18.72344609127768], [-70.4561050340044, 18.72390206027395], [-70.45586066088684, 18.723693395868], [-70.45640743279199, 18.723155157955226], [-70.45631694665008, 18.72337865260958], [-70.45631691766451, 18.72337873608977], [-70.45631689733264, 18.723378821859164], [-70.45631688584704, 18.723378909105435], [-70.45631688331646, 18.723378997002307], [-70.45631688976489, 18.723379084717322], [-70.45631690513125, 18.723379171419747], [-70.45631692927002, 18.72337925628845], [-70.45631696195257, 18.723379338519646], [-70.45631700286937, 18.723379417334538], [-70.45631705163291, 18.723379491986698], [-70.45631710778136, 18.723379561769104], [-70.45631717078297, 18.72337962602087], [-70.45631724004103, 18.723379684133462], [-70.45631731489962, 18.723379735556513], [-70.45631739464979, 18.72337977980302], [-70.45631747853622, 18.723379816453924], [-70.45631749027888, 18.723379820318613], [-70.45631749009054, 18.72337982078378], [-70.45679011224041, 18.723553534930787], [-70.4573780839169, 18.723769644035976], [-70.45737817228027, 18.72376967185053], [-70.45737826307952, 18.723769691278804], [-70.45737835544017, 18.7237697021337], [-70.45737844847275, 18.723769704310683], [-70.4573785412813, 18.723769697788775], [-70.45737863297204, 18.723769682630792], [-70.45737872266191, 18.72376965898272], [-70.45737880948718, 18.72376962707229], [-70.45737889261163, 18.723769587206824], [-70.45737897123479, 18.72376953977026], [-70.45737904459942, 18.72376948521941], [-70.45737911199899, 18.723769424079656], [-70.45737917278441, 18.723769356939783], [-70.4573792263703, 18.723769284446398], [-70.4573792722406, 18.72376920729766], [-70.45737930995351, 18.723769126236537], [-70.45765575692185, 18.72308630826048], [-70.45765578611399, 18.723086224067618], [-70.45765580650445, 18.723086137553874], [-70.45765581789688, 18.723086049552418], [-70.45765582018157, 18.723085960910765], [-70.45765581333652, 18.72308587248257], [-70.45765579742762, 18.72308578511945], [-70.4576557726081, 18.72308569966277], [-70.45765573911702, 18.72308561693551], [-70.45765569727685, 18.723085537734377], [-70.45765564749057, 18.723085462822137], [-70.45765559023766, 18.723085392920222], [-70.45765552606949, 18.72308532870182], [-70.45765545560403, 18.72308527078541], [-70.45765537951988, 18.723085219728752], [-70.4576552985498, 18.723085176023538], [-70.45765521347357, 18.72308514009068], [-70.45679845384853, 18.722770236999665], [-70.45854229731047, 18.721053568430264], [-70.45867999067939, 18.721297041104627], [-70.45867926217157, 18.721296687544775], [-70.45913038157235, 18.722316641979504]]]}}, {"type": "Feature", "properties": {"kind": "green", "label": "Reserva de ladera (pendiente > 15 %): futuros lotes con calle en curva de nivel, o bosque", "area_m2": 14507}, "geometry": {"type": "Polygon", "coordinates": [[[-70.45998628137652, 18.719456340456187], [-70.45998559809567, 18.719456909777062], [-70.45998543349351, 18.719457760301754], [-70.45986506146743, 18.720079739232677], [-70.45986422236786, 18.720083142562952], [-70.45986304209063, 18.72008645272363], [-70.45986153167948, 18.72008963874187], [-70.45985970526712, 18.7200926708064], [-70.45985757994313, 18.720095520546515], [-70.45985517559393, 18.72009816129747], [-70.45958196570228, 18.720370430820346], [-70.45958135082515, 18.72037104357975], [-70.45958133972547, 18.720371891284806], [-70.4595811769317, 18.720384324172098], [-70.45957900989728, 18.7205498252749], [-70.45957895918555, 18.720551296208363], [-70.45957154051278, 18.720684041185947], [-70.45955430121555, 18.720992509855986], [-70.45955391829672, 18.72099605571854], [-70.45955317064332, 18.720999548393205], [-70.45955206552827, 18.72100295390416], [-70.45955061370185, 18.721006239123522], [-70.459548829287, 18.72100937209355], [-70.45936726496602, 18.721293737579924], [-70.45934452536252, 18.721329352203004], [-70.4593424071213, 18.72133232595683], [-70.45933998937504, 18.721335084550603], [-70.45933729603253, 18.721337600704967], [-70.4593343537278, 18.721339849537998], [-70.45933119155693, 18.721341808811314], [-70.45932784079018, 18.721343459149907], [-70.45932433456285, 18.721344784233803], [-70.4593207075475, 18.721345770959424], [-70.45931699561125, 18.721346409569176], [-70.4593132354609, 18.721346693747925], [-70.4593094642801, 18.721346620685463], [-70.45930571936152, 18.7213461911043], [-70.4593020377382, 18.721345409252496], [-70.45886060766956, 18.721229438306832], [-70.4588597637983, 18.72122921660679], [-70.45885894991703, 18.721229523667034], [-70.45871134801916, 18.721285210676534], [-70.45870787032455, 18.721286340366078], [-70.45870429423235, 18.721287144154463], [-70.4587006532976, 18.721287614499598], [-70.45869698168373, 18.72128774698818], [-70.45869331384205, 18.721287540377045], [-70.45868968418851, 18.72128699660484], [-70.45868612678068, 18.721286120773872], [-70.45868267499827, 18.721284921102196], [-70.45867936122988, 18.72128340884651], [-70.4586762165691, 18.72128159819654], [-70.45867327052277, 18.721279506141897], [-70.45867055073407, 18.721277152312634], [-70.45866808272318, 18.7212745587951], [-70.45866588964783, 18.721271749924654], [-70.45866399208593, 18.721268752057355], [-70.4585801742036, 18.721120543335516], [-70.4585427420859, 18.7210543548941], [-70.45854229731047, 18.721053568430264], [-70.45854222244058, 18.72105364213448], [-70.45854118819564, 18.721054009534214], [-70.45853757862508, 18.721055099588927], [-70.45853387297696, 18.721055841308758], [-70.45853010817964, 18.721056227302174], [-70.45852632175098, 18.72105625372255], [-70.45852255142442, 18.72105592030661], [-70.45851883477287, 18.721055230376983], [-70.45851520883441, 18.72105419080912], [-70.45851170974312, 18.72105281196276], [-70.45850837236891, 18.721051107578713], [-70.45850522997021, 18.721049094641913], [-70.45850231386238, 18.72104679321214], [-70.45849965310569, 18.721044226224155], [-70.45849727421572, 18.721041419259095], [-70.45849520089914, 18.721038400289597], [-70.45849345381743, 18.721035199400998], [-70.45849205038098, 18.72103184849154], [-70.45849100457566, 18.721028380954493], [-70.45849032682334, 18.721024831345357], [-70.45849002387807, 18.721021235037522], [-70.4584900987588, 18.72101762786975], [-70.45849055071935, 18.721014045789012], [-70.45849137525563, 18.721010524492293], [-70.45849256415083, 18.721007099070828], [-70.45849410555704, 18.7210038036604], [-70.45849598411347, 18.721000671101198], [-70.4584981810995, 18.720997732610503], [-70.45850004933199, 18.7209956983348], [-70.45850004702402, 18.720995696404348], [-70.45850065208526, 18.7209950396696], [-70.45850128975175, 18.720994411565762], [-70.4585007832974, 18.720993683002092], [-70.4584787444092, 18.72096197878847], [-70.45847737881151, 18.720960014296782], [-70.45847547769854, 18.72095696414535], [-70.45847389958148, 18.720953751100215], [-70.45847265966484, 18.720950406117865], [-70.45847176989476, 18.720946961425938], [-70.45847123884377, 18.72094345021274], [-70.45847107162837, 18.720939906307493], [-70.45847126985959, 18.720936363854367], [-70.45847183162749, 18.720932856983556], [-70.45847275151968, 18.720929419482424], [-70.45847402067328, 18.72092608446999], [-70.45847562686048, 18.72092288407783], [-70.45847755460625, 18.720919849140493], [-70.4584797853375, 18.72091700889844], [-70.45848229756194, 18.720914390716313], [-70.4588556906093, 18.7205616861469], [-70.45885826108832, 18.7205592580823], [-70.45885825148551, 18.720559944691313], [-70.45885826745665, 18.720560380222633], [-70.45885849545388, 18.720562985965234], [-70.45885855539336, 18.72056341800386], [-70.4588590458329, 18.72056599069074], [-70.45885914918297, 18.720566415216318], [-70.458859897501, 18.72056893090721], [-70.45886004329996, 18.72056934396928], [-70.45886104253299, 18.72057177925427], [-70.45886122942406, 18.720572177009068], [-70.45886247027369, 18.720574509226477], [-70.45886269651776, 18.72057488797268], [-70.4588641674372, 18.720577095419934], [-70.45886443092894, 18.720577451633087], [-70.45886611823047, 18.720579513768655], [-70.45886641651798, 18.720579844134004], [-70.45886830450033, 18.720581741768566], [-70.45886863480781, 18.72058204321187], [-70.45887070590227, 18.720583758686885], [-70.45887106515609, 18.72058402840305], [-70.45887330008996, 18.720585545755057], [-70.45887368494704, 18.720585781234224], [-70.458876062923, 18.72058708634342], [-70.45887646980204, 18.720587285394327], [-70.45887896869174, 18.72058836611594], [-70.45887939380647, 18.720588526886303], [-70.45888199035633, 18.720589373163627], [-70.45888242975086, 18.72058949415738], [-70.45888509979852, 18.720590098115327], [-70.45888554938404, 18.720590178206567], [-70.45888826808323, 18.720590534224968], [-70.45888872367604, 18.720590572668396], [-70.45889146572776, 18.7205906774343], [-70.45889169445316, 18.72059068091104], [-70.4590975131544, 18.720589077797467], [-70.459097745747, 18.72058907054378], [-70.45910053293602, 18.72058891830607], [-70.45910099560135, 18.720588871245578], [-70.45910375370848, 18.72058845943768], [-70.4591042093048, 18.720588369394218], [-70.45910691176798, 18.72058770198207], [-70.45910735590765, 18.7205875698228], [-70.45910997670066, 18.72058665323395], [-70.45911040510636, 18.72058648023164], [-70.45911291898952, 18.72058532329336], [-70.4591133275355, 18.72058511111411], [-70.45911571029873, 18.72058372496834], [-70.45911609505045, 18.720583475655562], [-70.45911832374642, 18.72058187365166], [-70.45911868099851, 18.72058158960636], [-70.45912073416369, 18.720579787172504], [-70.45912106047562, 18.720579471130215], [-70.45912291833686, 18.720577485624823], [-70.45912321056608, 18.720577140629192], [-70.4591248552312, 18.72057499117378], [-70.45912511056335, 18.72057462054732], [-70.45912652619332, 18.720572327842337], [-70.45912674216945, 18.720571935154357], [-70.45912791513099, 18.720569521279792], [-70.45912808959493, 18.720569110520284], [-70.45912877819285, 18.720567228743636], [-70.45912942898742, 18.720565449995426], [-70.45913300669118, 18.72055702602489], [-70.45913349501275, 18.720556021092374], [-70.45913792206662, 18.720547971817034], [-70.45913851141464, 18.72054701732924], [-70.45914374518355, 18.720539420267997], [-70.45914442988229, 18.72053852541713], [-70.45915041996211, 18.720531453733773], [-70.4591511934175, 18.720530627137745], [-70.45915788212048, 18.72052414893635], [-70.45915873688372, 18.720523398555745], [-70.45916605979392, 18.720517576224882], [-70.45916698763321, 18.72051690928621], [-70.45917487422705, 18.72051179889802], [-70.45917586620676, 18.720511221824292], [-70.45918424053201, 18.720506872594562], [-70.45918528709895, 18.72050639094327], [-70.45919406850645, 18.720502844757338], [-70.45919592443953, 18.720502195667247], [-70.45919592635445, 18.720502194893943], [-70.45919788765282, 18.7205015089536], [-70.45919831605822, 18.720501335951095], [-70.45920082993948, 18.72050017901175], [-70.45920123848514, 18.720499966832335], [-70.4592036212464, 18.720498580685565], [-70.4592040059978, 18.720498331372625], [-70.45920623469182, 18.72049672936779], [-70.45920659194358, 18.72049644532235], [-70.45920864510678, 18.72049464288764], [-70.45920897141839, 18.720494326845213], [-70.4592108292777, 18.720492341339067], [-70.45921112150657, 18.720491996343323], [-70.45921276616978, 18.72048984688726], [-70.45921302150161, 18.720489476260685], [-70.45921443712973, 18.720487183555154], [-70.45921465310553, 18.720486790867096], [-70.4592158260653, 18.720484376992093], [-70.45921600060512, 18.72048396602435], [-70.45921691960028, 18.72048145422682], [-70.4592170510232, 18.72048102893724], [-70.45921770720335, 18.72047844340718], [-70.45921779424368, 18.720478007891533], [-70.45921818128949, 18.720475373529002], [-70.459218223109, 18.72047493198154], [-70.45921833729298, 18.72047227415689], [-70.45921834110193, 18.720472052448937], [-70.4592163416282, 18.720239029931896], [-70.4592163503715, 18.720238494232692], [-70.45921672786068, 18.72022934108731], [-70.45921682518485, 18.720228274518234], [-70.45921805858463, 18.720219568537868], [-70.45921826154303, 18.720218515555526], [-70.4592203552177, 18.720209960113568], [-70.45922066198376, 18.72020893019443], [-70.45922359709076, 18.720200602287104], [-70.45922400490363, 18.720199604700195], [-70.4592277550278, 18.720191579276033], [-70.4592282602173, 18.720190622999247], [-70.45923279160861, 18.720182972284466], [-70.45923338962818, 18.720182065924025], [-70.45923866150541, 18.720174858772626], [-70.45923934697308, 18.720174010485426], [-70.45924531189097, 18.72016731175941], [-70.45924607863766, 18.72016652917986], [-70.45925268291381, 18.72016039916556], [-70.45925352403913, 18.72015968933653], [-70.45926070823708, 18.72015418320212], [-70.45926161617109, 18.72015355251188], [-70.45926931563537, 18.72014871981076], [-70.45927028220707, 18.72014817393525], [-70.45927842764495, 18.72014405816013], [-70.45927944415537, 18.72014360201214], [-70.4592879622606, 18.720140240203612], [-70.45928901956161, 18.720139877888258], [-70.45929128097399, 18.720139216564018], [-70.45929150279954, 18.72013914594436], [-70.45929414115767, 18.720138236487283], [-70.4592945725043, 18.72013806443436], [-70.4592971040084, 18.72013691176822], [-70.45929751546984, 18.720136700066544], [-70.45929991549588, 18.720135315403347], [-70.45930030306981, 18.720135066112157], [-70.45930254827273, 18.72013346292055], [-70.45930290818923, 18.720133178464692], [-70.45930497672987, 18.72013137233895], [-70.45930530548803, 18.720131055485346], [-70.4593071772457, 18.720129063993685], [-70.45930747164768, 18.72012871782437], [-70.45930912841573, 18.72012656033807], [-70.45930938559789, 18.72012618822023], [-70.45931081126095, 18.720123885725197], [-70.45931102872166, 18.720123491278436], [-70.45931220941229, 18.720121066171085], [-70.4593123850363, 18.720120653232197], [-70.4593133092699, 18.720118129101568], [-70.45931338084293, 18.720117916946815], [-70.45931481751147, 18.72011326781556], [-70.4593152001018, 18.7201122221161], [-70.45931877778823, 18.720103798142887], [-70.45931926610757, 18.720102793210003], [-70.45932369314212, 18.7200947439313], [-70.45932428248767, 18.720093789443048], [-70.45932951623547, 18.720086192377778], [-70.45933020093152, 18.72008529752639], [-70.45933619098861, 18.72007822583837], [-70.45933696444115, 18.72007739924174], [-70.45934365312, 18.7200709210351], [-70.45934450788023, 18.720070170653827], [-70.45935183076517, 18.72006434831719], [-70.45935275860133, 18.720063681377788], [-70.45936064516899, 18.720058570983348], [-70.45936163714548, 18.720057993908835], [-70.4593700114439, 18.720053644672436], [-70.45937105800752, 18.720053163020314], [-70.4593798393878, 18.72004961682736], [-70.45938169531522, 18.720048967735785], [-70.45938169723013, 18.720048966962477], [-70.45938365852251, 18.720048281020567], [-70.45938408692658, 18.720048108017725], [-70.4593866007999, 18.720046951076377], [-70.45938700934425, 18.72004673889663], [-70.45938939209778, 18.720045352747963], [-70.4593897768479, 18.720045103434725], [-70.45939200553437, 18.72004350142813], [-70.4593923627849, 18.720043217382404], [-70.45939441594086, 18.72004141494608], [-70.45939474225129, 18.720041098903398], [-70.45939660010373, 18.72003911339581], [-70.4593968923315, 18.720038768399835], [-70.45939853698827, 18.720036618942494], [-70.45939879231909, 18.72003624831573], [-70.45940020794129, 18.720033955609107], [-70.45940042391615, 18.72003356292089], [-70.45940159687053, 18.720031149044996], [-70.45940177140952, 18.720030738077128], [-70.45940269039991, 18.720028226278924], [-70.45940282182208, 18.720027800989254], [-70.45940347799814, 18.72002521545873], [-70.45940356503786, 18.72002477994302], [-70.45940395208022, 18.720022145580252], [-70.45940399389924, 18.72002170403277], [-70.45940410808053, 18.720019046208098], [-70.45940411188927, 18.720018824500148], [-70.45940288754643, 18.719876152090716], [-70.4594028962892, 18.719875616391523], [-70.45940327376897, 18.719866463246163], [-70.45940337109192, 18.719865396677047], [-70.45940460448084, 18.71985669069596], [-70.4594048074378, 18.719855637713472], [-70.45940690109981, 18.71984708227006], [-70.45940720786423, 18.719846052350697], [-70.45941014295695, 18.719837724441195], [-70.459410550768, 18.71983672685397], [-70.45941430087635, 18.71982870142692], [-70.45941480606386, 18.71982774514974], [-70.45941933743796, 18.719820094431395], [-70.45941993545537, 18.719819188070474], [-70.4594252073142, 18.71981198091486], [-70.45942589277958, 18.719811132627107], [-70.45943185767798, 18.71980443389627], [-70.45943262442226, 18.719803651316095], [-70.45943922867808, 18.71979752129641], [-70.45944006980086, 18.719796811466693], [-70.45944725397779, 18.719791305326375], [-70.45944816190921, 18.719790674635384], [-70.45945586135193, 18.719785841927894], [-70.459456827921, 18.719785296051587], [-70.45946497333702, 18.7197811802697], [-70.45946598984477, 18.71978072412085], [-70.45947450792805, 18.719777362305198], [-70.45947465541659, 18.719777311763654], [-70.45947486523698, 18.719777234458235], [-70.45947735857416, 18.719776250417517], [-70.45947776549805, 18.719776067813985], [-70.45948014975123, 18.71977486307886], [-70.45948053668381, 18.71977464455602], [-70.45948279039547, 18.719773229968716], [-70.45948315385449, 18.7197729774932], [-70.45948525674191, 18.719771365784588], [-70.45948559345636, 18.719771081628597], [-70.45948752659422, 18.71976928730353], [-70.45948783353377, 18.719768974024383], [-70.45948957952444, 18.719767013231234], [-70.45948985392671, 18.719766673648344], [-70.45949139705685, 18.719764564033646], [-70.45949163645231, 18.719764201203155], [-70.45949296283422, 18.71976196175277], [-70.45949316506841, 18.719761578940037], [-70.45949426276508, 18.719759229808318], [-70.45949442601794, 18.719758830458535], [-70.45949528515047, 18.71975639278695], [-70.45949540795276, 18.71975598049414], [-70.45949602078922, 18.719753476220944], [-70.4594961020358, 18.719753054695616], [-70.45949646306089, 18.719750506358494], [-70.45949650202054, 18.71975007939424], [-70.45949660798513, 18.71974750992742], [-70.45949661148282, 18.719747295605526], [-70.4594961602235, 18.719694713115715], [-70.459496168966, 18.719694177416528], [-70.45949654644106, 18.719685024271175], [-70.45949664376342, 18.71968395770204], [-70.45949787714687, 18.719675251720588], [-70.45949808010313, 18.71967419873804], [-70.45950017375883, 18.719665643293897], [-70.45950048052241, 18.71966461337442], [-70.459503415608, 18.719656285463824], [-70.4595038234181, 18.719655287876446], [-70.45950757351856, 18.719647262447946], [-70.45950807870506, 18.71964630617057], [-70.45951261007059, 18.719638655450442], [-70.45951320808692, 18.719637749089287], [-70.45951847993653, 18.71963054193156], [-70.45951916540075, 18.71962969364354], [-70.45952513028945, 18.71962299491029], [-70.4595258970325, 18.719622212329803], [-70.45953250127815, 18.719616082307425], [-70.45953334239968, 18.719615372477357], [-70.45954052656607, 18.719609866334096], [-70.4595414344962, 18.719609235642732], [-70.45954913392816, 18.719604402932056], [-70.4595501004959, 18.719603857055343], [-70.459558245901, 18.71959974127007], [-70.45955926240742, 18.719599285120804], [-70.4595677804797, 18.719595923301586], [-70.45956883777669, 18.719595560984903], [-70.45957109918062, 18.71959489965782], [-70.45957132100536, 18.71959482903788], [-70.45957395935346, 18.719593919577484], [-70.45957439069844, 18.719593747524023], [-70.45957692219251, 18.719592594854717], [-70.45957733365229, 18.71959238315253], [-70.45957973366843, 18.71959099848635], [-70.45958012124073, 18.719590749194683], [-70.45958236643393, 18.719589146000295], [-70.45958272634887, 18.719588861544], [-70.4595847948801, 18.719587055415726], [-70.45958512363674, 18.719586738561713], [-70.4595869953854, 18.71958474706777], [-70.45958728978592, 18.719584400898103], [-70.45958894654545, 18.71958224340981], [-70.45958920372622, 18.719581871291666], [-70.45959062938132, 18.719579568794945], [-70.45959084684075, 18.71957917434793], [-70.45959202752405, 18.7195767492392], [-70.45959220314691, 18.71957633630011], [-70.4595931273739, 18.719573812168452], [-70.45959319894641, 18.719573600013614], [-70.45959463560365, 18.719568950880785], [-70.45959501819122, 18.7195679051809], [-70.45959859585398, 18.719559481203593], [-70.45959908417028, 18.71955847627014], [-70.45960351117886, 18.719550426986242], [-70.4596041005211, 18.71954947249729], [-70.45960933424088, 18.719541875425765], [-70.4596100189334, 18.719540980573555], [-70.45961600896071, 18.719533908878297], [-70.45961678240953, 18.719533082280723], [-70.4596234710571, 18.71952660406592], [-70.45962432581345, 18.719525853683585], [-70.45963164866592, 18.719520031337936], [-70.45963257649807, 18.71951936439739], [-70.45964046303243, 18.719514253993175], [-70.45964145500481, 18.719513676917426], [-70.45964982926937, 18.719509327670586], [-70.45965087582884, 18.719508846017156], [-70.45965965717504, 18.7195052998132], [-70.45966074824254, 18.719504918220704], [-70.45966537130315, 18.719503542549834], [-70.45966559166885, 18.71950347127534], [-70.45966821244198, 18.719502554679927], [-70.45966864084438, 18.71950238167654], [-70.4596711547077, 18.71950122473199], [-70.4596715632504, 18.719501012551717], [-70.45967394599401, 18.719499626400037], [-70.45967433074249, 18.71949937708631], [-70.45967655941926, 18.71949777507691], [-70.4596769166682, 18.719497491030744], [-70.45967896981476, 18.719495688591856], [-70.45967929612364, 18.719495372548767], [-70.45968115396707, 18.71949338703887], [-70.45968144619339, 18.719493042042537], [-70.45968309084162, 18.719490892583188], [-70.45968334617105, 18.719490521956107], [-70.45968476178525, 18.71948822924777], [-70.45968497775884, 18.719487836559292], [-70.45968615070586, 18.719485422682013], [-70.45968632524367, 18.719485011713942], [-70.45968724422742, 18.719482499914683], [-70.45968731541656, 18.719482288806788], [-70.45968868339243, 18.719477861921796], [-70.45968906597926, 18.71947681622174], [-70.45969264363562, 18.719468392243016], [-70.45969313195113, 18.71946738730936], [-70.45969755895304, 18.71945933802363], [-70.45969814829446, 18.71945838353443], [-70.45970338200735, 18.719450786460687], [-70.45970406669902, 18.719449891608175], [-70.45971005671926, 18.71944281991033], [-70.45971083016721, 18.719441993312422], [-70.45971751880762, 18.719435515094684], [-70.45971837356309, 18.719434764711977], [-70.45972569640837, 18.719428942363084], [-70.45972662423966, 18.71942827542212], [-70.45973451076685, 18.719423165014383], [-70.45973550273838, 18.719422587938183], [-70.4597438769959, 18.71941823868757], [-70.45974492355454, 18.719417757033668], [-70.45975370489386, 18.719414210825718], [-70.45975479596056, 18.719413829232728], [-70.45975941901781, 18.719412453559745], [-70.45975963938334, 18.719412382285146], [-70.4597622601545, 18.71941146568854], [-70.45976268855657, 18.71941129268496], [-70.45976520241786, 18.71941013573927], [-70.4597656109602, 18.719409923558814], [-70.45976799370173, 18.71940853740607], [-70.45976837844987, 18.719408288092172], [-70.45977060712454, 18.719406686081776], [-70.45977096437312, 18.719406402035446], [-70.45977301751759, 18.71940459959566], [-70.45977334382613, 18.719404283552418], [-70.45977520166747, 18.719402298041718], [-70.45977549389342, 18.719401953045264], [-70.45977713853962, 18.719399803585205], [-70.4597773938687, 18.71939943295801], [-70.45977880948092, 18.719397140249082], [-70.45977902545418, 18.719396747560516], [-70.45978019839932, 18.719394333682764], [-70.4597803729368, 18.71939392271462], [-70.45978129191873, 18.71939141091501], [-70.45978136310774, 18.719391199807077], [-70.45978273108054, 18.719386772921577], [-70.45978311366662, 18.71938572722137], [-70.4597866913166, 18.71937730324122], [-70.45978717963132, 18.71937629830737], [-70.45979160662655, 18.7193682490198], [-70.45979219596715, 18.719367294530368], [-70.45979742967313, 18.719359697454397], [-70.45979811436395, 18.719358802601597], [-70.45980410437714, 18.719351730901153], [-70.45980487782421, 18.719350904302903], [-70.45981156645747, 18.71934442608224], [-70.45981242121206, 18.719343675699157], [-70.45981974405018, 18.719337853347017], [-70.45982067188056, 18.719337186405642], [-70.45982855840062, 18.719332075994373], [-70.4598295503713, 18.719331498917736], [-70.45983792462177, 18.719327149663343], [-70.45983897117955, 18.719326668008964], [-70.45984775251203, 18.719323121797025], [-70.45984884357792, 18.719322740203538], [-70.45985373838492, 18.719321283663277], [-70.45985395757977, 18.719321212797787], [-70.45985656457185, 18.719320301759605], [-70.45985699077532, 18.719320129895458], [-70.45985949213019, 18.719318981021498], [-70.45985989871808, 18.719318770384028], [-70.45986227060355, 18.71931739462046], [-70.45986265370198, 18.719317147216564], [-70.45986487351938, 18.71931555767128], [-70.4598652294783, 18.719315275858158], [-70.45986727607782, 18.719313487675908], [-70.45986760150575, 18.7193131741386], [-70.45986945538795, 18.719311204356682], [-70.45986974718434, 18.719310862082477], [-70.45987139068596, 18.719308729468445], [-70.45987164607061, 18.71930836171844], [-70.45987306353284, 18.719306086591246], [-70.45987328007254, 18.719305696869263], [-70.4598744579902, 18.71930330090568], [-70.45987463362182, 18.719302892924883], [-70.45987556077205, 18.719300398953], [-70.4598756327087, 18.71930018932448], [-70.45987681609712, 18.719296432793705], [-70.45987722027061, 18.719295352519044], [-70.45988100566971, 18.719286659282734], [-70.45988152283851, 18.71928562367846], [-70.45988621478618, 18.719277341458035], [-70.45988683960789, 18.719276361222025], [-70.45989238963561, 18.719268575573754], [-70.45989311565569, 18.71926766083202], [-70.45989946643093, 18.719260452182514], [-70.45990028614952, 18.71925961238439], [-70.45990737206792, 18.719253055199843], [-70.45990827701723, 18.719252299020546], [-70.45991602488037, 18.719246461037393], [-70.45991700571214, 18.719245796288355], [-70.4599253354837, 18.719240737813553], [-70.45992638206586, 18.71924017136169], [-70.4599352076983, 18.719235944649867], [-70.45993630921944, 18.719235482346708], [-70.45994553954307, 18.719232131060203], [-70.45994668462446, 18.71923177768136], [-70.45995622428892, 18.719229336439337], [-70.45995740110169, 18.719229095635264], [-70.45996715156132, 18.719227589656], [-70.45996834794887, 18.719227463914216], [-70.45997862974322, 18.719226885036996], [-70.45997923182877, 18.719226865754152], [-70.46003439052852, 18.71922643585375], [-70.46003462216161, 18.719226428651247], [-70.46003739788223, 18.71922627756304], [-70.46003785865824, 18.719226230871907], [-70.46004060564428, 18.719225822335815], [-70.46004105943638, 18.719225733010934], [-70.46004375145026, 18.71922507092905], [-70.4600441939241, 18.719224939823615], [-70.46004680525331, 18.71922403051975], [-70.46004723218266, 18.71922385888599], [-70.46004973788533, 18.719222711045287], [-70.4600501451924, 18.71922250052256], [-70.46005252133556, 18.71922112510849], [-70.46005290512998, 18.719220877707574], [-70.46005512901813, 18.719219287857292], [-70.46005548563416, 18.719219005941213], [-70.46005753602601, 18.719217216840015], [-70.46005786205745, 18.719216903101472], [-70.46005971936896, 18.719214931837794], [-70.46006001170174, 18.719214589273424], [-70.46006165819294, 18.719212454675596], [-70.46006191403488, 18.719212086557377], [-70.46006333397948, 18.719209809013808], [-70.46006355088696, 18.719209418857783], [-70.46006473072251, 18.719207020122212], [-70.46006487176079, 18.719206702325746], [-70.4600653715082, 18.719205444380123], [-70.4600654032665, 18.71920536203311], [-70.46006609079838, 18.719203524391354], [-70.46006987618584, 18.719194831151928], [-70.46007039335322, 18.719193795547216], [-70.46007508528913, 18.71918551332279], [-70.4600757101094, 18.719184533086242], [-70.46008126012536, 18.719176747433092], [-70.46008198614402, 18.719175832690706], [-70.46008833690763, 18.719168624035508], [-70.46008915662483, 18.719167784236642], [-70.46009624253183, 18.71916122704565], [-70.46009714747979, 18.71916047086553], [-70.4601048953319, 18.719154632875224], [-70.46010587616234, 18.719153968125283], [-70.46011420592338, 18.719148909642715], [-70.46011525250428, 18.719148343189875], [-70.46012407812674, 18.719144116469757], [-70.46012517964672, 18.719143654165563], [-70.46013440996107, 18.719140302870304], [-70.46013555504138, 18.719139949490376], [-70.46014509469735, 18.71913750823925], [-70.46014627150915, 18.719137267434046], [-70.46015602196114, 18.719135761445397], [-70.46015721834783, 18.719135635702465], [-70.46016750013523, 18.71913505681529], [-70.4601681022204, 18.719135037531874], [-70.46031780968033, 18.719133870545654], [-70.46031804227079, 18.719133863290597], [-70.46032082943357, 18.7191337110364], [-70.46032129209439, 18.719133663973178], [-70.4603240501739, 18.719133252149057], [-70.4603245057655, 18.719133162102924], [-70.46032720819986, 18.71913249467497], [-70.46032765233464, 18.7191323625131], [-70.46033027309795, 18.719131445909024], [-70.46033070149865, 18.719131272904228], [-70.4603332153515, 18.719130115951426], [-70.4603336238924, 18.719129903769815], [-70.460336006625, 18.71912851761039], [-70.4603363913716, 18.719128268295417], [-70.46033862003695, 18.719126666278832], [-70.46033897728394, 18.71912638223151], [-70.46034103041876, 18.719124579786087], [-70.46034135672566, 18.719124263741964], [-70.46034321455714, 18.71912227822623], [-70.46034350678144, 18.719121933228983], [-70.46034515141763, 18.71911978376454], [-70.46034540674505, 18.71911941313669], [-70.46034682234723, 18.719117120424087], [-70.46034703831883, 18.719116727734963], [-70.46034821125397, 18.71911431385426], [-70.46034838571366, 18.719113903093852], [-70.46034907429305, 18.719112021313755], [-70.4603497250701, 18.719110242562294], [-70.46035330268644, 18.719101818573392], [-70.46035379099703, 18.71910081363832], [-70.46035821795824, 18.719092764339447], [-70.4603588072947, 18.719091809848482], [-70.4603640409666, 18.719084212758762], [-70.46036472565328, 18.71908331790415], [-70.46037071563268, 18.71907624618765], [-70.46037148907568, 18.71907541958732], [-70.46037817767578, 18.71906894134844], [-70.46037903242639, 18.719068190963014], [-70.46038635523226, 18.719062368590688], [-70.46038728305881, 18.719061701646737], [-70.46039516954788, 18.71905659121349], [-70.46039616151486, 18.71905601413408], [-70.4604045357359, 18.71905166485614], [-70.46040558229019, 18.719051183198804], [-70.46041436359508, 18.71904763696197], [-70.4604154546577, 18.719047255365382], [-70.46042034945098, 18.71904579881114], [-70.46042056864522, 18.71904572794503], [-70.46042317562953, 18.71904481689943], [-70.46042360183166, 18.719044645034064], [-70.46042610317824, 18.71904349615305], [-70.4604265097647, 18.71904328551443], [-70.46042888164135, 18.719041909744224], [-70.4604292647383, 18.719041662339258], [-70.46043148454648, 18.71904007278782], [-70.46043184050383, 18.719039790973717], [-70.46043388709383, 18.71903800278586], [-70.46043421252017, 18.719037689247656], [-70.46043606639262, 18.719035719460734], [-70.46043635818735, 18.719035377185744], [-70.46043800167908, 18.719033244567346], [-70.4604382570621, 18.719032876816673], [-70.4604396745144, 18.719030601685798], [-70.46043989105246, 18.719030211963258], [-70.46044106896024, 18.719027815996725], [-70.46044124459023, 18.719027408015492], [-70.46044217173073, 18.719024914041402], [-70.46044224366658, 18.71902470441272], [-70.46044342704076, 18.71902094787924], [-70.46044383121001, 18.719019867603617], [-70.46044761657421, 18.719011174358], [-70.46044813373874, 18.719010138752427], [-70.46045282565115, 18.719001856519974], [-70.46045345046853, 18.719000876282337], [-70.460459000461, 18.718993090619435], [-70.46045972647681, 18.718992175875766], [-70.46046607721716, 18.718984967209177], [-70.46046689693155, 18.718984127408834], [-70.46047398281578, 18.718977570204935], [-70.460474887761, 18.718976814023154], [-70.46048263559108, 18.71897097601857], [-70.46048361641891, 18.71897031126681], [-70.46049194615884, 18.718965252768726], [-70.46049299273724, 18.718964686313928], [-70.46050181833978, 18.718960459577215], [-70.4605029198574, 18.71895999727094], [-70.46051215015322, 18.718956645958187], [-70.46051329523137, 18.71895629257608], [-70.46052283487036, 18.71895385130674], [-70.46052401168018, 18.718953610499284], [-70.46053376211694, 18.718952104491887], [-70.46053495850188, 18.71895197874664], [-70.46054524027538, 18.71895139983957], [-70.46054584235976, 18.718951380554977], [-70.46058771536993, 18.718951054080538], [-70.4605879557787, 18.71895104639187], [-70.46059083637215, 18.718950884480574], [-70.4605913144168, 18.718950834329252], [-70.46059334696037, 18.718950520995204], [-70.45998628137652, 18.719456340456187]]]}}, {"type": "Feature", "properties": {"kind": "trail", "label": "Sendero: franja de acceso hasta el mirador"}, "geometry": {"type": "LineString", "coordinates": [[-70.45851689010227, 18.721058933887594], [-70.45585579834825, 18.723699966466878]]}}]}