{"type":"FeatureCollection","source":"IGN-JJHM 1:25k contours via the base-map WMS, TIN-interpolated (scripts/08)","features":[{"type":"Feature","properties":{"level":680.0,"major":false},"geometry":{"type":"MultiLineString","coordinates":[[[-70.448087,18.708365],[-70.448049,18.708402],[-70.448049,18.70842],[-70.447974,18.708493],[-70.447974,18.708511],[-70.447899,18.708602],[-70.447899,18.708638],[-70.447862,18.708692],[-70.447863,18.708837],[-70.447844,18.708855],[-70.447845,18.708945],[-70.447864,18.708963],[-70.447865,18.709036],[-70.447884,18.709054],[-70.447884,18.70909],[-70.447903,18.709108],[-70.447904,18.709162],[-70.447923,18.70918],[-70.447923,18.709216],[-70.447942,18.709234],[-70.447942,18.70927],[-70.447962,18.709288],[-70.447962,18.709342],[-70.447981,18.70936],[-70.447982,18.709432],[-70.448001,18.70945],[-70.448002,18.709541],[-70.448021,18.709558],[-70.448026,18.710191],[-70.448045,18.710209],[-70.448046,18.710263],[-70.448065,18.710281],[-70.448065,18.710317],[-70.448123,18.710371],[-70.448123,18.710407],[-70.448104,18.710425],[-70.448105,18.710534],[-70.448086,18.710552],[-70.448087,18.71066],[-70.448068,18.710679],[-70.448069,18.710805],[-70.448051,18.710823],[-70.448051,18.710932],[-70.448033,18.71095],[-70.448034,18.711058],[-70.448015,18.711077],[-70.448016,18.711185],[-70.447997,18.711203],[-70.447998,18.71133],[-70.447979,18.711348],[-70.44798,18.711456],[-70.447943,18.711511],[-70.447924,18.711511],[-70.447905,18.711529],[-70.447773,18.711584],[-70.447678,18.711657],[-70.447679,18.711748],[-70.447717,18.711784],[-70.447717,18.711802],[-70.447737,18.71182],[-70.447737,18.711856],[-70.447756,18.711874],[-70.447756,18.71191],[-70.447775,18.711928],[-70.447777,18.712072],[-70.447758,18.71209],[-70.447759,18.712217],[-70.447778,18.712235],[-70.447779,18.712289],[-70.447798,18.712307],[-70.447798,18.712325],[-70.447817,18.712325],[-70.447836,18.712343],[-70.447931,18.712342],[-70.447987,18.712306],[-70.448025,18.712305],[-70.448082,18.712269],[-70.448139,18.712268],[-70.448158,18.71225],[-70.448935,18.712244],[-70.448992,18.712298],[-70.449011,18.712298],[-70.449069,18.712351],[-70.449088,18.712351],[-70.449145,18.712405],[-70.449164,18.712405],[-70.449298,18.712512],[-70.449317,18.712512],[-70.449355,18.712548],[-70.449374,18.712548],[-70.449431,18.712602],[-70.44945,18.712601],[-70.449507,18.712655],[-70.449526,18.712655],[-70.449584,18.712709],[-70.449603,18.712709],[-70.44966,18.712762],[-70.449679,18.712762],[-70.449756,18.712834],[-70.449756,18.712852],[-70.449775,18.71287],[-70.449775,18.712942],[-70.449795,18.71296],[-70.449795,18.712996],[-70.449814,18.713014],[-70.449833,18.713068],[-70.449852,18.713068],[-70.449871,18.713086],[-70.449909,18.713086],[-70.449928,18.713068],[-70.449985,18.713067],[-70.450004,18.713049],[-70.450061,18.713049],[-70.450136,18.712994],[-70.450136,18.712958],[-70.450155,18.712939],[-70.450154,18.712867],[-70.450173,18.712849],[-70.450172,18.712795],[-70.450191,18.712776],[-70.450191,18.712722],[-70.45021,18.712704],[-70.450209,18.712632],[-70.450228,18.712614],[-70.450226,18.712415],[-70.450207,18.712397],[-70.450188,18.712343],[-70.45013,18.712289],[-70.450054,18.71229],[-70.450036,18.712308],[-70.450017,18.712308],[-70.449864,18.712183],[-70.449845,18.712183],[-70.449787,18.712129],[-70.449769,18.712129],[-70.449692,18.712057],[-70.449673,18.712058],[-70.449616,18.712004],[-70.449597,18.712004],[-70.449539,18.71195],[-70.44952,18.71195],[-70.449444,18.711879],[-70.449425,18.711879],[-70.449368,18.711825],[-70.449349,18.711825],[-70.449291,18.711771],[-70.44929,18.711627],[-70.449252,18.711591],[-70.449233,18.711591],[-70.449214,18.711573],[-70.449176,18.711574],[-70.449157,18.711556],[-70.449155,18.711321],[-70.449174,18.711302],[-70.449171,18.710959],[-70.449189,18.710941],[-70.449188,18.710724],[-70.449206,18.710706],[-70.449244,18.710706],[-70.449263,18.710687],[-70.449339,18.710687],[-70.449377,18.71065],[-70.449414,18.71056],[-70.449508,18.710469],[-70.449527,18.710468],[-70.44964,18.710359],[-70.449659,18.710359],[-70.449677,18.710341],[-70.449677,18.710305],[-70.449696,18.710286],[-70.449696,18.710268],[-70.449733,18.710232],[-70.449733,18.710214],[-70.449771,18.710177],[-70.449771,18.710159],[-70.449808,18.710123],[-70.449808,18.710105],[-70.449846,18.71005],[-70.449845,18.710014],[-70.449864,18.709996],[-70.449882,18.709906],[-70.44992,18.709851],[-70.449919,18.709761],[-70.449938,18.709742],[-70.449937,18.709652],[-70.449956,18.709634],[-70.449954,18.709417],[-70.449935,18.709399],[-70.449935,18.709363],[-70.449915,18.709345],[-70.449896,18.709255],[-70.449877,18.709237],[-70.449857,18.709183],[-70.4498,18.709129],[-70.449781,18.709129],[-70.449609,18.70904],[-70.449572,18.70904],[-70.449514,18.709005],[-70.449476,18.709005],[-70.449419,18.708969],[-70.449381,18.70897],[-70.449324,18.708934],[-70.449286,18.708934],[-70.449229,18.708899],[-70.449191,18.708899],[-70.449172,18.708881],[-70.449077,18.708864],[-70.44902,18.708828],[-70.448982,18.708828],[-70.448963,18.70881],[-70.448829,18.708757],[-70.448791,18.708721],[-70.448734,18.708704],[-70.448639,18.708632],[-70.448582,18.708614],[-70.448543,18.708579],[-70.448486,18.708561],[-70.448448,18.708525],[-70.448391,18.708507],[-70.448353,18.708472],[-70.448087,18.708365]],[[-70.446282,18.70687],[-70.446479,18.706679],[-70.446479,18.706661],[-70.446629,18.706515],[-70.446686,18.706515],[-70.446762,18.70646],[-70.446819,18.706514],[-70.446839,18.706568],[-70.446877,18.706604],[-70.446877,18.706622],[-70.446915,18.706658],[-70.446915,18.706676],[-70.44703,18.706819],[-70.44705,18.706873],[-70.447088,18.706909],[-70.447088,18.706927],[-70.447126,18.706963],[-70.447127,18.706981],[-70.447242,18.707125],[-70.447261,18.707179],[-70.447299,18.707215],[-70.447299,18.707233],[-70.447338,18.707269],[-70.447338,18.707287],[-70.447453,18.70743],[-70.447453,18.707412],[-70.447395,18.707341],[-70.447376,18.707286],[-70.447299,18.707197],[-70.44728,18.707143],[-70.447241,18.707107],[-70.447241,18.707089],[-70.447184,18.707017],[-70.447164,18.706963],[-70.447088,18.706873],[-70.447068,18.706819],[-70.44703,18.706783],[-70.447011,18.706729],[-70.446972,18.706693],[-70.446953,18.706639],[-70.446915,18.706603],[-70.446915,18.706585],[-70.446876,18.706549],[-70.446857,18.706495],[-70.446799,18.706423],[-70.446799,18.706351],[-70.446818,18.706333],[-70.446816,18.706207],[-70.446967,18.706061],[-70.446967,18.706043],[-70.447174,18.705842],[-70.447174,18.705824],[-70.447362,18.705642],[-70.447362,18.705624],[-70.447568,18.705424],[-70.447568,18.705406],[-70.447775,18.705205],[-70.447775,18.705187],[-70.447963,18.705005],[-70.447963,18.704987],[-70.448104,18.70485]]]}},{"type":"Feature","properties":{"level":685.0,"major":false},"geometry":{"type":"MultiLineString","coordinates":[[[-70.446289,18.70772],[-70.446618,18.707371],[-70.446769,18.707364],[-70.446826,18.70738],[-70.446864,18.707365],[-70.447522,18.708315],[-70.44758,18.708369],[-70.447537,18.708442],[-70.447544,18.708478],[-70.447524,18.708532],[-70.447545,18.708586],[-70.447529,18.708677],[-70.447556,18.708984],[-70.447612,18.709272],[-70.447625,18.709562],[-70.447614,18.70967],[-70.447593,18.709706],[-70.447592,18.709761],[-70.44756,18.709815],[-70.447564,18.709869],[-70.447537,18.70996],[-70.44754,18.709996],[-70.44748,18.710087],[-70.447476,18.710123],[-70.447429,18.710214],[-70.447423,18.710232],[-70.447436,18.710268],[-70.447391,18.710413],[-70.447425,18.710629],[-70.447513,18.710755],[-70.447515,18.710773],[-70.447442,18.711316],[-70.447481,18.711388],[-70.447479,18.711406],[-70.447443,18.711424],[-70.447459,18.71146],[-70.447421,18.711497],[-70.447438,18.711533],[-70.447414,18.711551],[-70.447434,18.711587],[-70.447432,18.711677],[-70.447453,18.711894],[-70.4475,18.71193],[-70.447531,18.711984],[-70.447586,18.712038],[-70.447592,18.712128],[-70.447634,18.712164],[-70.447632,18.712182],[-70.447657,18.712218],[-70.447672,18.712272],[-70.447779,18.712382],[-70.447856,18.712427],[-70.447894,18.712432],[-70.447929,18.712469],[-70.447989,18.712448],[-70.448008,18.712487],[-70.448084,18.712481],[-70.448103,18.712509],[-70.44816,18.712529],[-70.448179,18.712556],[-70.44831,18.71261],[-70.448351,18.712665],[-70.448465,18.712738],[-70.448522,18.712756],[-70.44856,18.712753],[-70.448598,18.712789],[-70.448655,18.712792],[-70.449059,18.713074],[-70.44907,18.713092],[-70.449117,18.713092],[-70.449132,18.713079],[-70.44918,18.713073],[-70.449491,18.712978],[-70.449545,18.71298],[-70.4496,18.713124],[-70.449683,18.713242],[-70.44974,18.713285],[-70.449953,18.713212],[-70.449986,18.713193],[-70.450005,18.713151],[-70.450156,18.713097],[-70.450194,18.713063],[-70.450223,18.712975],[-70.450345,18.712938],[-70.450365,18.712847],[-70.450498,18.712467],[-70.450488,18.712359],[-70.450448,18.712232],[-70.450447,18.71216],[-70.450264,18.711945],[-70.450108,18.711867],[-70.45007,18.711875],[-70.450051,18.711868],[-70.449714,18.711624],[-70.4497,18.711606],[-70.449702,18.711588],[-70.449668,18.711552],[-70.449658,18.711516],[-70.449616,18.71148],[-70.44953,18.711354],[-70.449481,18.711318],[-70.449499,18.71092],[-70.449584,18.710884],[-70.449616,18.710775],[-70.449699,18.710633],[-70.449755,18.710574],[-70.449793,18.710493],[-70.449842,18.710448],[-70.449859,18.710412],[-70.449948,18.710303],[-70.450049,18.710103],[-70.450134,18.709867],[-70.450187,18.709614],[-70.450201,18.709325],[-70.450178,18.709253],[-70.450181,18.709162],[-70.450164,18.709126],[-70.450172,18.709072],[-70.450159,18.709054],[-70.450185,18.708945],[-70.450124,18.70891],[-70.450115,18.708892],[-70.45012,18.708856],[-70.450083,18.708585],[-70.450022,18.708501],[-70.449963,18.708477],[-70.449911,18.708423],[-70.449851,18.7084],[-70.449793,18.708344],[-70.449726,18.708316],[-70.449597,18.708209],[-70.449412,18.708132],[-70.449298,18.708059],[-70.449049,18.707865],[-70.448973,18.707819],[-70.448935,18.707782],[-70.448897,18.70772],[-70.44882,18.707686],[-70.448784,18.707655],[-70.448161,18.706702],[-70.448152,18.706612],[-70.448171,18.706467],[-70.44819,18.706431],[-70.449387,18.705148],[-70.449479,18.705011],[-70.449513,18.704939],[-70.449589,18.704866],[-70.449597,18.704839]],[[-70.453528,18.704808],[-70.453613,18.704889],[-70.453847,18.705068],[-70.454023,18.705175],[-70.454224,18.705277],[-70.454433,18.705359],[-70.454623,18.705402],[-70.454794,18.70541],[-70.454926,18.70539],[-70.455134,18.705323],[-70.455592,18.705566],[-70.455639,18.705578],[-70.455675,18.705487],[-70.455467,18.705001],[-70.455226,18.704955],[-70.455151,18.705013],[-70.454924,18.705105],[-70.454735,18.705137],[-70.454659,18.705139],[-70.454469,18.705108],[-70.454317,18.705058],[-70.454012,18.704877],[-70.453933,18.704805]]]}},{"type":"Feature","properties":{"level":690.0,"major":false},"geometry":{"type":"MultiLineString","coordinates":[[[-70.44637,18.717206],[-70.446379,18.717215],[-70.446417,18.717215],[-70.446436,18.717233],[-70.446512,18.717232],[-70.446531,18.71725],[-70.446569,18.71725],[-70.446588,18.717268],[-70.446683,18.717267],[-70.446702,18.717285],[-70.446835,18.717284],[-70.446854,18.717302],[-70.446987,18.717301],[-70.447006,18.717319],[-70.447025,18.717319],[-70.447044,18.717337],[-70.447063,18.717337],[-70.447082,18.717354],[-70.447101,18.717354],[-70.44731,18.717461],[-70.447348,18.717461],[-70.447406,18.717497],[-70.447444,18.717496],[-70.447463,18.717514],[-70.447501,18.717514],[-70.44752,18.717532],[-70.447577,18.717531],[-70.447596,18.717549],[-70.44771,18.717548],[-70.447728,18.71753],[-70.447823,18.717529],[-70.44788,18.717493],[-70.447918,18.717493],[-70.447993,18.717438],[-70.447993,18.71742],[-70.448068,18.717347],[-70.448068,18.717329],[-70.448087,18.717311],[-70.448144,18.717292],[-70.448238,18.717219],[-70.448294,18.717201],[-70.448332,18.717164],[-70.448389,18.717146],[-70.448483,18.717073],[-70.448502,18.717072],[-70.448577,18.717018],[-70.448634,18.716999],[-70.448728,18.716926],[-70.448747,18.716926],[-70.448766,18.716908],[-70.448956,18.716906],[-70.448975,18.716888],[-70.449013,18.716888],[-70.449031,18.71687],[-70.449031,18.716833],[-70.44905,18.716815],[-70.44905,18.716779],[-70.449068,18.716761],[-70.449068,18.716725],[-70.449087,18.716706],[-70.449086,18.716652],[-70.449105,18.716634],[-70.449104,18.716489],[-70.449085,18.716472],[-70.449084,18.716417],[-70.449065,18.716399],[-70.449065,18.716345],[-70.449046,18.716327],[-70.449046,18.716309],[-70.448988,18.716255],[-70.448969,18.716256],[-70.44876,18.716149],[-70.448589,18.71615],[-70.44857,18.716168],[-70.448513,18.716169],[-70.448494,18.716187],[-70.448362,18.716188],[-70.448343,18.716206],[-70.448229,18.716207],[-70.44821,18.716189],[-70.446788,18.7162],[-70.446769,18.716218],[-70.446693,18.716219],[-70.446674,18.716237],[-70.446617,18.716238],[-70.446598,18.716256],[-70.446542,18.716256],[-70.446523,18.716274],[-70.446485,18.716275],[-70.446466,18.716293],[-70.446428,18.716293],[-70.446409,18.716312],[-70.446371,18.716312],[-70.446362,18.716321]],[[-70.446314,18.710683],[-70.446324,18.710692],[-70.446456,18.710691],[-70.446475,18.710709],[-70.446608,18.710708],[-70.446627,18.710726],[-70.446703,18.710725],[-70.446722,18.710743],[-70.446723,18.710797],[-70.446742,18.710815],[-70.446742,18.710851],[-70.446761,18.710869],[-70.446787,18.710941],[-70.447165,18.711553],[-70.447185,18.711607],[-70.447228,18.71204],[-70.447589,18.71229],[-70.447837,18.712524],[-70.447973,18.71283],[-70.448073,18.71301],[-70.448375,18.713324],[-70.448437,18.713314],[-70.449302,18.713054],[-70.449316,18.713054],[-70.449328,18.713072],[-70.449342,18.713126],[-70.449392,18.713216],[-70.449514,18.71339],[-70.449609,18.713479],[-70.450063,18.71332],[-70.4501,18.713214],[-70.450138,18.713198],[-70.450151,18.713174],[-70.450232,18.713144],[-70.450283,18.713047],[-70.450492,18.713009],[-70.450521,18.712991],[-70.450614,18.712719],[-70.450754,18.712375],[-70.450756,18.712338],[-70.450794,18.712302],[-70.450793,18.71223],[-70.450774,18.712212],[-70.450774,18.712194],[-70.450755,18.712176],[-70.450755,18.71214],[-70.450736,18.712122],[-70.450729,18.712013],[-70.450413,18.711618],[-70.450409,18.7116],[-70.450785,18.711254],[-70.450804,18.711254],[-70.450992,18.711072],[-70.451182,18.71107],[-70.451201,18.711088],[-70.451296,18.711087],[-70.451315,18.711069],[-70.451353,18.711069],[-70.451371,18.711051],[-70.451428,18.71105],[-70.451447,18.711032],[-70.451599,18.711031],[-70.451599,18.711013],[-70.451636,18.710976],[-70.451673,18.710886],[-70.451711,18.710849],[-70.451748,18.710758],[-70.451842,18.710649],[-70.451823,18.710668],[-70.451804,18.710668],[-70.451654,18.710813],[-70.451635,18.710814],[-70.451616,18.710796],[-70.451597,18.710796],[-70.451501,18.710742],[-70.451464,18.710743],[-70.451444,18.710725],[-70.451425,18.710725],[-70.451406,18.710707],[-70.451387,18.710707],[-70.451368,18.710689],[-70.451349,18.710689],[-70.45133,18.710671],[-70.451311,18.710672],[-70.451292,18.710654],[-70.451273,18.710654],[-70.451254,18.710636],[-70.451235,18.710636],[-70.451216,18.710618],[-70.451197,18.710618],[-70.451178,18.7106],[-70.451159,18.7106],[-70.45114,18.710582],[-70.451121,18.710583],[-70.450911,18.710476],[-70.450873,18.710476],[-70.450854,18.710458],[-70.450835,18.710458],[-70.450626,18.710352],[-70.450625,18.710315],[-70.450644,18.710297],[-70.450644,18.710243],[-70.450663,18.710225],[-70.450662,18.710134],[-70.450681,18.710116],[-70.45068,18.710062],[-70.450699,18.710044],[-70.450698,18.709971],[-70.450717,18.709953],[-70.450716,18.709863],[-70.450735,18.709845],[-70.450735,18.709772],[-70.450753,18.709754],[-70.450753,18.709664],[-70.450771,18.709646],[-70.450771,18.709573],[-70.45079,18.709555],[-70.450789,18.709483],[-70.450808,18.709465],[-70.450807,18.70941],[-70.450826,18.709392],[-70.450825,18.709302],[-70.450844,18.709284],[-70.450844,18.709229],[-70.450863,18.709211],[-70.450862,18.709157],[-70.450918,18.709066],[-70.450936,18.708976],[-70.450974,18.708939],[-70.450974,18.708903],[-70.450993,18.708885],[-70.450992,18.708867],[-70.451049,18.708776],[-70.451048,18.70874],[-70.451104,18.708649],[-70.451104,18.708613],[-70.451123,18.708595],[-70.451123,18.708559],[-70.451141,18.70854],[-70.451141,18.708486],[-70.45116,18.708468],[-70.451159,18.708396],[-70.451178,18.708377],[-70.451176,18.708143],[-70.451157,18.708125],[-70.451156,18.708052],[-70.451137,18.708034],[-70.451117,18.707944],[-70.451098,18.707926],[-70.45104,18.7078],[-70.451002,18.707764],[-70.451002,18.707746],[-70.450811,18.707567],[-70.45081,18.707549],[-70.450715,18.707459],[-70.450715,18.707441],[-70.4506,18.707316],[-70.4506,18.707298],[-70.450542,18.707208],[-70.450541,18.707063],[-70.450522,18.707045],[-70.450521,18.707009],[-70.450483,18.706973],[-70.450483,18.706955],[-70.450426,18.706883],[-70.450425,18.706829],[-70.450406,18.706811],[-70.450406,18.706775],[-70.450424,18.706757],[-70.450424,18.706667],[-70.450442,18.706648],[-70.450442,18.706594],[-70.450461,18.706576],[-70.45046,18.706504],[-70.450479,18.706485],[-70.450479,18.706449],[-70.450498,18.706431],[-70.450497,18.706377],[-70.450516,18.706359],[-70.450516,18.706322],[-70.450534,18.706304],[-70.450534,18.70625],[-70.450553,18.706232],[-70.450552,18.706196],[-70.450571,18.706177],[-70.450571,18.706141],[-70.45059,18.706123],[-70.450589,18.706069],[-70.450608,18.706051],[-70.450608,18.706015],[-70.450627,18.705996],[-70.450626,18.70596],[-70.450645,18.705942],[-70.450645,18.705906],[-70.450664,18.705888],[-70.450663,18.705851],[-70.450682,18.705833],[-70.450682,18.705797],[-70.450701,18.705779],[-70.4507,18.705743],[-70.450719,18.705725],[-70.450737,18.705634],[-70.450756,18.705616],[-70.450756,18.705598],[-70.450775,18.70558],[-70.450774,18.705543],[-70.450793,18.705525],[-70.450793,18.705471],[-70.450812,18.705453],[-70.450811,18.705417],[-70.45083,18.705398],[-70.450848,18.705308],[-70.450867,18.70529],[-70.450886,18.705235],[-70.450923,18.705199],[-70.450979,18.705072],[-70.451035,18.705017],[-70.451035,18.704999],[-70.451129,18.704908],[-70.451129,18.70489],[-70.451195,18.704826]],[[-70.453371,18.704809],[-70.453462,18.704898],[-70.453634,18.705025],[-70.4538,18.70514],[-70.453977,18.705242],[-70.454186,18.705346],[-70.454415,18.705434],[-70.454605,18.705484],[-70.454776,18.705502],[-70.45487,18.705488],[-70.455003,18.705441],[-70.456012,18.705977],[-70.456031,18.705973],[-70.45608,18.705882],[-70.456111,18.705791],[-70.455699,18.7048],[-70.455708,18.704791]],[[-70.460022,18.711327],[-70.460022,18.711345],[-70.460023,18.711489],[-70.460042,18.711471],[-70.460041,18.711308],[-70.460022,18.711327]],[[-70.462004,18.704742],[-70.461995,18.704751],[-70.461976,18.704752],[-70.461919,18.704806],[-70.4619,18.704806],[-70.461768,18.704916],[-70.461749,18.704916],[-70.461712,18.704952],[-70.461693,18.704953],[-70.461636,18.705007],[-70.461617,18.705007],[-70.461561,18.705062],[-70.461542,18.705062],[-70.46141,18.705172],[-70.461372,18.705172],[-70.461353,18.705154],[-70.461296,18.705154],[-70.461277,18.705137],[-70.460955,18.705139],[-70.460936,18.705157],[-70.460879,18.705158],[-70.46086,18.705176],[-70.460822,18.705176],[-70.460804,18.705194],[-70.460709,18.705213],[-70.460634,18.705268],[-70.460577,18.705287],[-70.460539,18.705323],[-70.46052,18.705323],[-70.460445,18.705396],[-70.460426,18.705396],[-70.460276,18.705542],[-70.460276,18.70556],[-70.460182,18.705651],[-70.460182,18.705669],[-70.460144,18.705706],[-70.460144,18.705724],[-70.460088,18.705778],[-70.460088,18.705796],[-70.460032,18.705887],[-70.460032,18.705941],[-70.460014,18.70596],[-70.460014,18.70605],[-70.459996,18.706068],[-70.459997,18.706195],[-70.460016,18.706213],[-70.460016,18.706267],[-70.460035,18.706285],[-70.460036,18.706321],[-70.460055,18.706339],[-70.460094,18.706429],[-70.460132,18.706465],[-70.460132,18.706483],[-70.460151,18.706501],[-70.460151,18.706519],[-70.46017,18.706537],[-70.46017,18.706555],[-70.46019,18.706573],[-70.46019,18.706591],[-70.460209,18.706609],[-70.460209,18.706627],[-70.460228,18.706645],[-70.460228,18.706663],[-70.460247,18.706681],[-70.460248,18.706699],[-70.460267,18.706717],[-70.460267,18.706735],[-70.460286,18.706753],[-70.460286,18.706771],[-70.460305,18.706789],[-70.460305,18.706807],[-70.460324,18.706825],[-70.460382,18.706951],[-70.460421,18.706986],[-70.460421,18.707005],[-70.460497,18.707076],[-70.460497,18.707094],[-70.460517,18.707112],[-70.460518,18.707221],[-70.460537,18.707239],[-70.460538,18.707365],[-70.460557,18.707383],[-70.460558,18.707491],[-70.460577,18.707509],[-70.460578,18.707636],[-70.460597,18.707654],[-70.460598,18.707762],[-70.460617,18.70778],[-70.460618,18.707907],[-70.460637,18.707925],[-70.460638,18.708033],[-70.460657,18.708051],[-70.460659,18.708177],[-70.460697,18.708231],[-70.460717,18.708321],[-70.460755,18.708375],[-70.460755,18.708412],[-70.460774,18.708429],[-70.460775,18.708466],[-70.460794,18.708483],[-70.460795,18.708556],[-70.460833,18.708592],[-70.460852,18.708591],[-70.461004,18.708699],[-70.461061,18.708716],[-70.4611,18.708752],[-70.461119,18.708752],[-70.461271,18.708859],[-70.461328,18.708877],[-70.461367,18.708913],[-70.461385,18.708913],[-70.461538,18.70902],[-70.461595,18.709037],[-70.461729,18.709163],[-70.461748,18.709163],[-70.461767,18.709181],[-70.461767,18.709199],[-70.461748,18.709217],[-70.461749,18.709235],[-70.461673,18.709308],[-70.461673,18.709326],[-70.461598,18.709399],[-70.461598,18.709417],[-70.461504,18.709508],[-70.461505,18.709526],[-70.461429,18.709599],[-70.461429,18.709617],[-70.461279,18.709781],[-70.461279,18.709799],[-70.461204,18.709872],[-70.461204,18.70989],[-70.46111,18.709981],[-70.46111,18.709999],[-70.461035,18.710072],[-70.461035,18.71009],[-70.46096,18.710163],[-70.46096,18.710181],[-70.46081,18.710345],[-70.46081,18.710363],[-70.460716,18.710454],[-70.460716,18.710472],[-70.460641,18.710545],[-70.460641,18.710563],[-70.460566,18.710636],[-70.460566,18.710654],[-70.460491,18.710727],[-70.460491,18.710745],[-70.460397,18.710836],[-70.460397,18.710854],[-70.460322,18.710927],[-70.460322,18.710945],[-70.460247,18.711018],[-70.460247,18.711036],[-70.460097,18.7112],[-70.460097,18.711218],[-70.46004,18.711272],[-70.460041,18.711308],[-70.46179,18.709614],[-70.461809,18.709614],[-70.462091,18.709341],[-70.462129,18.709341],[-70.462148,18.709358],[-70.462186,18.709358],[-70.462205,18.709376],[-70.462262,18.709376],[-70.462281,18.709394],[-70.462338,18.709393],[-70.462357,18.709411],[-70.462414,18.709411],[-70.462433,18.709428],[-70.462471,18.709428],[-70.462547,18.709482],[-70.462642,18.709517],[-70.462681,18.709553],[-70.4627,18.709553],[-70.462719,18.709571],[-70.462814,18.709606],[-70.462852,18.709642],[-70.462947,18.709677],[-70.462985,18.709713],[-70.463119,18.709766],[-70.463348,18.709982],[-70.463348,18.71],[-70.463578,18.710215],[-70.463578,18.710233],[-70.463807,18.710448],[-70.463807,18.710466],[-70.46419,18.710842],[-70.464191,18.710915],[-70.464209,18.710896],[-70.464208,18.710734],[-70.464227,18.710716],[-70.464225,18.710535],[-70.464206,18.710517],[-70.464224,18.710426],[-70.464205,18.710409],[-70.464204,18.710318],[-70.464185,18.7103],[-70.464185,18.710228],[-70.464165,18.71021],[-70.464146,18.71012],[-70.464127,18.710102],[-70.464126,18.710084],[-70.464107,18.710066],[-70.464107,18.710048],[-70.464088,18.71003],[-70.46403,18.709904],[-70.463992,18.709868],[-70.463972,18.709814],[-70.463896,18.709742],[-70.463858,18.709743],[-70.463763,18.709689],[-70.463725,18.709689],[-70.46363,18.709636],[-70.463592,18.709636],[-70.463496,18.709583],[-70.463458,18.709583],[-70.463363,18.70953],[-70.463325,18.70953],[-70.46323,18.709476],[-70.463192,18.709477],[-70.463173,18.709459],[-70.463154,18.709459],[-70.463097,18.709423],[-70.463059,18.709424],[-70.46304,18.709406],[-70.463039,18.709351],[-70.46302,18.709334],[-70.46302,18.709297],[-70.463001,18.709279],[-70.463,18.709225],[-70.462981,18.709207],[-70.46298,18.709135],[-70.462961,18.709117],[-70.462961,18.709099],[-70.462942,18.709081],[-70.462942,18.709045],[-70.462923,18.709027],[-70.462922,18.708973],[-70.462903,18.708955],[-70.462903,18.708901],[-70.462883,18.708883],[-70.462883,18.708847],[-70.462864,18.708829],[-70.462864,18.708793],[-70.462845,18.708775],[-70.462844,18.70872],[-70.462825,18.708703],[-70.462825,18.708648],[-70.462805,18.70863],[-70.462805,18.708594],[-70.462786,18.708576],[-70.462786,18.708522],[-70.462766,18.708504],[-70.462766,18.70845],[-70.462747,18.708432],[-70.462746,18.708378],[-70.462727,18.70836],[-70.462727,18.708324],[-70.462708,18.708306],[-70.462707,18.708252],[-70.462688,18.708234],[-70.462688,18.70818],[-70.462669,18.708162],[-70.462668,18.708107],[-70.462649,18.70809],[-70.462648,18.707963],[-70.462629,18.707945],[-70.462628,18.707873],[-70.462609,18.707855],[-70.462609,18.707801],[-70.46259,18.707783],[-70.462589,18.707711],[-70.46257,18.707693],[-70.462569,18.707638],[-70.46255,18.70762],[-70.46255,18.707584],[-70.462531,18.707566],[-70.46253,18.70753],[-70.462511,18.707512],[-70.462511,18.707458],[-70.462492,18.70744],[-70.462491,18.707386],[-70.462472,18.707368],[-70.462472,18.707332],[-70.462453,18.707314],[-70.462452,18.70726],[-70.462433,18.707242],[-70.462433,18.707188],[-70.462414,18.70717],[-70.462413,18.707116],[-70.462394,18.707098],[-70.462392,18.706881],[-70.462411,18.706863],[-70.462408,18.706465],[-70.462426,18.706447],[-70.462423,18.706067],[-70.462461,18.706013],[-70.462457,18.705633],[-70.462476,18.705615],[-70.462473,18.70529],[-70.462492,18.705272],[-70.462492,18.705217],[-70.462453,18.705182],[-70.462434,18.705128],[-70.462396,18.705092],[-70.462396,18.705074],[-70.462357,18.705038],[-70.462338,18.704984],[-70.462261,18.704894],[-70.462242,18.70484],[-70.462204,18.704804],[-70.462184,18.70475],[-70.462176,18.704741]],[[-70.453182,18.70988],[-70.453163,18.709898],[-70.453106,18.709899],[-70.45305,18.709935],[-70.453012,18.709935],[-70.452899,18.710009],[-70.452918,18.710008],[-70.452974,18.709972],[-70.453012,18.709972],[-70.453031,18.709953],[-70.453126,18.709935],[-70.453182,18.709898],[-70.453277,18.709879],[-70.453182,18.70988]]]}},{"type":"Feature","properties":{"level":695.0,"major":false},"geometry":{"type":"MultiLineString","coordinates":[[[-70.467412,18.719293],[-70.467283,18.719348],[-70.467269,18.719402],[-70.467273,18.719438],[-70.467306,18.71951],[-70.467512,18.719834],[-70.467571,18.71996],[-70.467603,18.720068],[-70.467598,18.720086],[-70.467421,18.72025],[-70.467425,18.720323],[-70.467413,18.720395],[-70.467366,18.720504],[-70.467403,18.720615],[-70.467745,18.720626],[-70.467822,18.720572],[-70.467858,18.720518],[-70.467931,18.7203],[-70.467928,18.720156],[-70.467904,18.72003],[-70.467783,18.719741],[-70.467596,18.719436],[-70.467468,18.719285],[-70.467449,18.719278],[-70.467412,18.719293]],[[-70.446371,18.717335],[-70.446551,18.717384],[-70.446969,18.71745],[-70.447426,18.717646],[-70.447578,18.717689],[-70.447692,18.717703],[-70.447862,18.717691],[-70.447938,18.717665],[-70.447976,18.717671],[-70.448052,18.71766],[-70.448127,18.717595],[-70.448165,18.7176],[-70.448712,18.717276],[-70.448826,18.717287],[-70.4493,18.717215],[-70.449319,18.717197],[-70.449388,18.717174],[-70.449498,18.716974],[-70.449427,18.71665],[-70.44943,18.716487],[-70.4494,18.716379],[-70.449314,18.716163],[-70.449281,18.716145],[-70.449258,18.716109],[-70.449157,18.716015],[-70.449095,18.715984],[-70.448756,18.715683],[-70.448699,18.715677],[-70.448623,18.715722],[-70.448566,18.715727],[-70.448321,18.715803],[-70.44815,18.715816],[-70.447846,18.715812],[-70.447562,18.715825],[-70.447448,18.71578],[-70.447068,18.71573],[-70.446916,18.715682],[-70.446859,18.715673],[-70.446802,18.715679],[-70.446707,18.715646],[-70.44665,18.715657],[-70.446593,18.715618],[-70.446555,18.715621],[-70.446517,18.715597],[-70.446422,18.715618],[-70.446356,18.715576]],[[-70.446323,18.711768],[-70.446538,18.711973],[-70.446619,18.711989],[-70.446676,18.712081],[-70.44672,18.712098],[-70.446743,18.712153],[-70.446763,18.712351],[-70.447059,18.712398],[-70.447116,18.712416],[-70.447437,18.712599],[-70.447543,18.712688],[-70.447861,18.713104],[-70.448206,18.713471],[-70.448376,18.713361],[-70.448394,18.713336],[-70.449038,18.713145],[-70.449094,18.713141],[-70.449184,18.713308],[-70.44936,18.71356],[-70.449478,18.713675],[-70.450143,18.713445],[-70.450171,18.713391],[-70.450185,18.713282],[-70.450221,18.713264],[-70.45023,18.713228],[-70.45029,18.713205],[-70.450327,18.713128],[-70.450685,18.713062],[-70.450697,18.713044],[-70.450769,18.71288],[-70.4509,18.712518],[-70.450909,18.712428],[-70.450983,18.712319],[-70.450975,18.712264],[-70.450931,18.712156],[-70.450922,18.712102],[-70.450988,18.711939],[-70.450831,18.711741],[-70.45111,18.711487],[-70.451128,18.711477],[-70.451242,18.711478],[-70.451469,18.711384],[-70.451564,18.711379],[-70.452421,18.711774],[-70.452438,18.711765],[-70.452756,18.711076],[-70.452861,18.710894],[-70.453019,18.710756],[-70.453283,18.710631],[-70.45334,18.710592],[-70.453379,18.710312],[-70.453451,18.710263],[-70.453854,18.710128],[-70.454124,18.710089],[-70.453869,18.70823],[-70.45385,18.708205],[-70.453065,18.70956],[-70.452952,18.70958],[-70.452858,18.709637],[-70.452775,18.709739],[-70.452612,18.709848],[-70.45248,18.709888],[-70.451914,18.710205],[-70.451778,18.71027],[-70.451612,18.710417],[-70.451071,18.710167],[-70.45108,18.710113],[-70.451065,18.710095],[-70.451066,18.710041],[-70.451036,18.710005],[-70.45105,18.709915],[-70.451013,18.709806],[-70.451021,18.70977],[-70.451008,18.709734],[-70.451019,18.709481],[-70.451045,18.709282],[-70.451069,18.709155],[-70.451279,18.708738],[-70.45137,18.708521],[-70.451405,18.708376],[-70.45142,18.708195],[-70.451391,18.708032],[-70.45133,18.70787],[-70.451249,18.707807],[-70.451172,18.707664],[-70.450922,18.707386],[-70.450756,18.707134],[-70.450714,18.706917],[-70.450657,18.706809],[-70.450676,18.706574],[-70.450731,18.706285],[-70.450816,18.705984],[-70.451002,18.705511],[-70.451097,18.705324],[-70.451179,18.705197],[-70.451328,18.705033],[-70.451414,18.704958],[-70.451453,18.704942],[-70.45149,18.704897],[-70.451558,18.704851],[-70.451578,18.704823]],[[-70.453203,18.704811],[-70.453387,18.704971],[-70.453749,18.705209],[-70.45394,18.705314],[-70.454225,18.705446],[-70.454586,18.705564],[-70.454776,18.705594],[-70.45489,18.705569],[-70.456414,18.706372],[-70.456493,18.70624],[-70.456548,18.706095],[-70.456348,18.705609],[-70.456493,18.705409],[-70.45703,18.705225],[-70.457078,18.705151],[-70.457119,18.705115],[-70.457139,18.70506],[-70.457161,18.705051],[-70.45718,18.705015],[-70.457415,18.704778]],[[-70.460517,18.704754],[-70.459552,18.705801],[-70.4595,18.705873],[-70.459468,18.705964],[-70.459463,18.706054],[-70.459479,18.706126],[-70.459,18.706455],[-70.459167,18.706779],[-70.459732,18.707787],[-70.459799,18.707877],[-70.459875,18.7084],[-70.459943,18.70858],[-70.46014,18.709501],[-70.460539,18.709749],[-70.460624,18.709822],[-70.459752,18.710874],[-70.459684,18.711131],[-70.459675,18.711275],[-70.459624,18.711361],[-70.45953,18.711432],[-70.459341,18.711502],[-70.459208,18.711573],[-70.459133,18.711648],[-70.459075,18.711677],[-70.458794,18.711896],[-70.458743,18.712168],[-70.459122,18.712564],[-70.459953,18.712195],[-70.46001,18.712158],[-70.460086,18.712139],[-70.460161,18.712063],[-70.460313,18.71207],[-70.460369,18.712042],[-70.460426,18.712029],[-70.460617,18.711936],[-70.460643,18.711864],[-70.460649,18.711792],[-70.461667,18.710818],[-70.461857,18.710868],[-70.4622,18.711046],[-70.463129,18.711019],[-70.463167,18.711005],[-70.463186,18.711011],[-70.463684,18.711517],[-70.46369,18.711551],[-70.463604,18.712094],[-70.46367,18.71216],[-70.463739,18.712255],[-70.463762,18.712328],[-70.463791,18.712363],[-70.463819,18.712454],[-70.463856,18.712508],[-70.463881,18.71258],[-70.464113,18.712875],[-70.464419,18.71318],[-70.464512,18.713316],[-70.464679,18.713495],[-70.46484,18.713699],[-70.464899,18.713801],[-70.46495,18.713854],[-70.465117,18.714088],[-70.46538,18.714357],[-70.465569,18.714612],[-70.466111,18.714532],[-70.466253,18.714332],[-70.465783,18.714173],[-70.465547,18.71394],[-70.465448,18.713792],[-70.465348,18.713598],[-70.465298,18.71349],[-70.465291,18.713418],[-70.465274,18.713382],[-70.465103,18.713313],[-70.46498,18.713131],[-70.464936,18.713023],[-70.464842,18.712879],[-70.464868,18.712807],[-70.464866,18.712771],[-70.464722,18.712501],[-70.464686,18.712158],[-70.464503,18.71193],[-70.464333,18.711745],[-70.464318,18.711637],[-70.464418,18.711094],[-70.464405,18.710895],[-70.464419,18.710606],[-70.464405,18.710226],[-70.464365,18.710028],[-70.464334,18.709942],[-70.464198,18.709704],[-70.464007,18.709409],[-70.463584,18.709239],[-70.463545,18.709167],[-70.463419,18.708843],[-70.463266,18.708338],[-70.462998,18.708051],[-70.462974,18.707924],[-70.462793,18.707799],[-70.462584,18.707042],[-70.462636,18.706951],[-70.462667,18.70612],[-70.462696,18.706083],[-70.462824,18.705992],[-70.462846,18.70545],[-70.462896,18.705305],[-70.462893,18.705196],[-70.462856,18.705088],[-70.462805,18.704998],[-70.462716,18.7049],[-70.462609,18.704738]],[[-70.453448,18.706372],[-70.45302,18.70651],[-70.452957,18.706665],[-70.452871,18.706781],[-70.452608,18.707119],[-70.452444,18.707265],[-70.452238,18.707683],[-70.452236,18.707719],[-70.452247,18.707737],[-70.452808,18.708233],[-70.453561,18.706859],[-70.453654,18.706732],[-70.453723,18.706659],[-70.45361,18.706606],[-70.453488,18.706372],[-70.453474,18.706364],[-70.453448,18.706372]]]}},{"type":"Feature","properties":{"level":700.0,"major":true},"geometry":{"type":"MultiLineString","coordinates":[[[-70.468612,18.722229],[-70.468593,18.722247],[-70.468574,18.722247],[-70.468575,18.722265],[-70.468518,18.72232],[-70.468518,18.722338],[-70.468481,18.722374],[-70.468481,18.722392],[-70.468443,18.722429],[-70.468443,18.722447],[-70.468406,18.722483],[-70.468406,18.722501],[-70.468368,18.722538],[-70.468368,18.722556],[-70.468331,18.722592],[-70.468331,18.72261],[-70.468275,18.722665],[-70.468275,18.722683],[-70.468237,18.72272],[-70.468237,18.722738],[-70.4682,18.722774],[-70.4682,18.722792],[-70.468162,18.722829],[-70.468162,18.722847],[-70.468125,18.722883],[-70.468125,18.722901],[-70.468068,18.722956],[-70.468069,18.722974],[-70.46805,18.722992],[-70.46805,18.723028],[-70.468127,18.723118],[-70.468146,18.723172],[-70.468223,18.723262],[-70.468242,18.723316],[-70.468319,18.723388],[-70.468319,18.723406],[-70.468376,18.723459],[-70.468376,18.723478],[-70.468396,18.723495],[-70.468509,18.723495],[-70.468528,18.723476],[-70.468642,18.723475],[-70.468661,18.723457],[-70.468775,18.723456],[-70.468793,18.723438],[-70.468907,18.723437],[-70.468926,18.723419],[-70.469021,18.723418],[-70.46904,18.7234],[-70.469153,18.723399],[-70.469172,18.723381],[-70.469267,18.72338],[-70.469305,18.723344],[-70.469304,18.723326],[-70.469342,18.723271],[-70.469341,18.723217],[-70.46936,18.723199],[-70.46936,18.723145],[-70.469341,18.723127],[-70.469338,18.722874],[-70.469357,18.722855],[-70.469357,18.722765],[-70.469261,18.722675],[-70.469261,18.722657],[-70.469242,18.722639],[-70.469241,18.722621],[-70.469222,18.722603],[-70.469164,18.722477],[-70.469145,18.72246],[-70.469126,18.72246],[-70.468954,18.722298],[-70.468935,18.722299],[-70.468897,18.722263],[-70.468878,18.722263],[-70.468821,18.722227],[-70.468612,18.722229]],[[-70.446372,18.717461],[-70.446457,18.717484],[-70.446951,18.717583],[-70.447351,18.717758],[-70.447541,18.71782],[-70.447693,18.717849],[-70.447807,18.717855],[-70.447883,18.717858],[-70.447959,18.717845],[-70.448016,18.717859],[-70.448034,18.717851],[-70.448129,18.717865],[-70.448148,18.717863],[-70.448186,18.717825],[-70.448262,18.717843],[-70.4483,18.717834],[-70.44864,18.717632],[-70.448696,18.717636],[-70.448773,18.717661],[-70.449757,18.717509],[-70.449776,18.717514],[-70.449777,18.717532],[-70.449796,18.71755],[-70.449796,18.717586],[-70.449815,18.717604],[-70.449815,18.717641],[-70.449854,18.717694],[-70.449854,18.717731],[-70.449873,18.717749],[-70.449912,18.717839],[-70.449989,18.717928],[-70.449989,18.717946],[-70.450123,18.718072],[-70.450123,18.71809],[-70.450314,18.718269],[-70.450333,18.718269],[-70.450371,18.718305],[-70.45039,18.718305],[-70.4506,18.718412],[-70.450638,18.718411],[-70.450809,18.7185],[-70.450847,18.7185],[-70.450904,18.718536],[-70.450942,18.718535],[-70.450961,18.718553],[-70.450999,18.718553],[-70.451018,18.718571],[-70.451284,18.718569],[-70.451303,18.718551],[-70.451322,18.718551],[-70.451359,18.718496],[-70.451358,18.718351],[-70.451339,18.718334],[-70.451338,18.718207],[-70.451318,18.718189],[-70.451318,18.718171],[-70.450993,18.717866],[-70.450974,18.717866],[-70.45086,18.717777],[-70.450841,18.717777],[-70.450783,18.717723],[-70.450764,18.717724],[-70.450573,18.717562],[-70.450554,18.717563],[-70.450402,18.717437],[-70.450345,18.71742],[-70.450287,18.717366],[-70.450268,18.717366],[-70.450211,18.71733],[-70.450173,18.717331],[-70.450154,18.717313],[-70.449908,18.717315],[-70.449894,18.717297],[-70.449746,18.716647],[-70.449747,18.716539],[-70.44976,18.716502],[-70.449741,18.71643],[-70.449555,18.715965],[-70.449498,18.715942],[-70.449403,18.715855],[-70.449364,18.715798],[-70.449312,18.715765],[-70.448679,18.715192],[-70.448675,18.715156],[-70.44875,18.715065],[-70.44875,18.715047],[-70.448769,18.715028],[-70.448769,18.714974],[-70.448787,18.714956],[-70.448787,18.714866],[-70.448768,18.714848],[-70.448767,18.714793],[-70.448748,18.714794],[-70.448748,18.71483],[-70.44873,18.714848],[-70.44873,18.714902],[-70.448711,18.71492],[-70.448712,18.714956],[-70.448693,18.714975],[-70.448693,18.715029],[-70.448674,18.715047],[-70.448675,18.715083],[-70.448656,18.715101],[-70.448656,18.715156],[-70.448638,18.715174],[-70.448638,18.71521],[-70.448506,18.7153],[-70.44826,18.715407],[-70.448071,18.715448],[-70.447938,18.71545],[-70.447805,18.715433],[-70.447786,18.715415],[-70.447767,18.715416],[-70.447748,18.715398],[-70.44771,18.715398],[-70.447691,18.71538],[-70.447539,18.715381],[-70.44752,18.715363],[-70.447482,18.715364],[-70.447292,18.715309],[-70.447083,18.715229],[-70.446892,18.715127],[-70.446349,18.714755]],[[-70.446331,18.712681],[-70.446948,18.712767],[-70.447119,18.712821],[-70.447234,18.712875],[-70.447386,18.712986],[-70.447749,18.713295],[-70.44783,18.713373],[-70.448036,18.713614],[-70.448385,18.713369],[-70.448394,18.713341],[-70.448413,18.71335],[-70.448775,18.713239],[-70.448868,18.71322],[-70.448983,18.713411],[-70.449203,18.713724],[-70.449347,18.713872],[-70.450236,18.713563],[-70.450251,18.713553],[-70.450265,18.713481],[-70.450275,18.713354],[-70.450303,18.713318],[-70.450308,18.713282],[-70.450347,18.713267],[-70.450385,18.713202],[-70.450877,18.713114],[-70.450896,18.713114],[-70.450934,18.71315],[-70.451124,18.713149],[-70.451143,18.713131],[-70.451408,18.713128],[-70.451427,18.71311],[-70.451484,18.71311],[-70.451503,18.713092],[-70.451559,18.713091],[-70.451578,18.713073],[-70.451654,18.713072],[-70.451673,18.713054],[-70.45173,18.713054],[-70.451749,18.713035],[-70.451806,18.713035],[-70.451824,18.713017],[-70.451881,18.713016],[-70.4519,18.712998],[-70.451976,18.712998],[-70.451995,18.712979],[-70.452052,18.712979],[-70.452109,18.713033],[-70.452128,18.713033],[-70.452147,18.71305],[-70.452413,18.713048],[-70.452431,18.71303],[-70.452469,18.71303],[-70.452488,18.713012],[-70.452507,18.713012],[-70.452526,18.712993],[-70.452545,18.712993],[-70.452564,18.712975],[-70.452583,18.712975],[-70.452601,18.712957],[-70.452734,18.712901],[-70.45279,18.712847],[-70.452809,18.712847],[-70.452941,18.712719],[-70.45296,18.712719],[-70.453035,18.712646],[-70.453054,18.712646],[-70.453129,18.712591],[-70.453186,18.712591],[-70.453205,18.712609],[-70.453224,18.712608],[-70.453263,18.712644],[-70.45332,18.712662],[-70.453358,18.712698],[-70.453415,18.712715],[-70.453453,18.712751],[-70.45351,18.712769],[-70.453548,18.712805],[-70.453605,18.712822],[-70.453644,18.712858],[-70.453701,18.712876],[-70.453739,18.712912],[-70.453796,18.712929],[-70.453834,18.712965],[-70.453929,18.713],[-70.453968,18.713036],[-70.454025,18.713054],[-70.454063,18.71309],[-70.454082,18.71309],[-70.454158,18.713143],[-70.454215,18.713161],[-70.454215,18.713107],[-70.454234,18.713088],[-70.454232,18.712854],[-70.454212,18.712836],[-70.454211,18.712727],[-70.454192,18.712709],[-70.454173,18.712655],[-70.454135,18.712619],[-70.454154,18.712601],[-70.454209,18.712474],[-70.454247,18.712438],[-70.454303,18.712311],[-70.45434,18.712274],[-70.454396,18.712148],[-70.454434,18.712111],[-70.454434,18.712093],[-70.454452,18.712075],[-70.454508,18.711948],[-70.454546,18.711911],[-70.454602,18.711784],[-70.454639,18.711748],[-70.454695,18.711621],[-70.454733,18.711585],[-70.454789,18.711458],[-70.454826,18.711421],[-70.454882,18.711294],[-70.45492,18.711258],[-70.454938,18.711204],[-70.454976,18.711167],[-70.454995,18.711167],[-70.455014,18.711185],[-70.455013,18.711149],[-70.455032,18.711131],[-70.455032,18.711076],[-70.455051,18.711058],[-70.45505,18.711022],[-70.455069,18.711004],[-70.455069,18.71095],[-70.455087,18.710931],[-70.455087,18.710895],[-70.455106,18.710877],[-70.455106,18.710823],[-70.455124,18.710805],[-70.455124,18.710768],[-70.455143,18.71075],[-70.455142,18.710696],[-70.455161,18.710678],[-70.455161,18.710642],[-70.45518,18.710623],[-70.455179,18.710569],[-70.455198,18.710551],[-70.455198,18.710515],[-70.455217,18.710497],[-70.455216,18.710442],[-70.455235,18.710424],[-70.455235,18.710388],[-70.455253,18.71037],[-70.455253,18.710316],[-70.455309,18.710261],[-70.455366,18.710242],[-70.455404,18.710206],[-70.455423,18.710206],[-70.455441,18.710188],[-70.45546,18.710188],[-70.455479,18.710169],[-70.455498,18.710169],[-70.455517,18.710151],[-70.455536,18.710151],[-70.455555,18.710133],[-70.455574,18.710132],[-70.455593,18.710114],[-70.455612,18.710114],[-70.45563,18.710096],[-70.455649,18.710096],[-70.455668,18.710078],[-70.4558,18.710022],[-70.455838,18.709986],[-70.455857,18.709986],[-70.455876,18.709967],[-70.455895,18.709967],[-70.455914,18.709949],[-70.455932,18.709949],[-70.455951,18.709931],[-70.45597,18.709931],[-70.455989,18.709912],[-70.456008,18.709912],[-70.456027,18.709894],[-70.456046,18.709894],[-70.456065,18.709876],[-70.456197,18.70982],[-70.456235,18.709784],[-70.456253,18.709784],[-70.456272,18.709766],[-70.456291,18.709765],[-70.45631,18.709747],[-70.456329,18.709747],[-70.456348,18.709729],[-70.456367,18.709729],[-70.456386,18.709711],[-70.456405,18.70971],[-70.456423,18.709692],[-70.456442,18.709692],[-70.456461,18.709674],[-70.45648,18.709674],[-70.456499,18.709655],[-70.456631,18.7096],[-70.456669,18.709564],[-70.456688,18.709564],[-70.456707,18.709545],[-70.456726,18.709545],[-70.456744,18.709527],[-70.456763,18.709527],[-70.456782,18.709509],[-70.456801,18.709508],[-70.45682,18.70949],[-70.456839,18.70949],[-70.456858,18.709472],[-70.456877,18.709472],[-70.456895,18.709454],[-70.456914,18.709453],[-70.456933,18.709435],[-70.457066,18.70938],[-70.457103,18.709344],[-70.457122,18.709343],[-70.457141,18.709325],[-70.45716,18.709325],[-70.457179,18.709307],[-70.457198,18.709307],[-70.457216,18.709288],[-70.457235,18.709288],[-70.457254,18.70927],[-70.457273,18.70927],[-70.457292,18.709252],[-70.457311,18.709252],[-70.45733,18.709233],[-70.457462,18.709178],[-70.4575,18.709142],[-70.457519,18.709141],[-70.457537,18.709123],[-70.457556,18.709123],[-70.457575,18.709105],[-70.457594,18.709105],[-70.457613,18.709087],[-70.457632,18.709086],[-70.457651,18.709068],[-70.45767,18.709068],[-70.457689,18.70905],[-70.457707,18.70905],[-70.457726,18.709031],[-70.457745,18.709031],[-70.457764,18.709013],[-70.457896,18.708958],[-70.457935,18.708994],[-70.457973,18.709084],[-70.458012,18.70912],[-70.458012,18.709138],[-70.458069,18.709209],[-70.458069,18.709228],[-70.458165,18.709317],[-70.458165,18.709353],[-70.458184,18.709371],[-70.458185,18.709407],[-70.458204,18.709425],[-70.458204,18.709461],[-70.458223,18.709479],[-70.458224,18.709516],[-70.458243,18.709533],[-70.458243,18.70957],[-70.458262,18.709587],[-70.458262,18.709624],[-70.458282,18.709642],[-70.458282,18.709678],[-70.458301,18.709696],[-70.458321,18.709786],[-70.458359,18.70984],[-70.458359,18.709876],[-70.458378,18.709894],[-70.458379,18.70993],[-70.458398,18.709948],[-70.458398,18.709984],[-70.458417,18.710002],[-70.458418,18.710038],[-70.458437,18.710056],[-70.458437,18.710092],[-70.458456,18.71011],[-70.458457,18.710146],[-70.458476,18.710164],[-70.458476,18.7102],[-70.458495,18.710218],[-70.458495,18.710254],[-70.458514,18.710272],[-70.458515,18.710308],[-70.458534,18.710326],[-70.458534,18.710362],[-70.458553,18.71038],[-70.458554,18.710416],[-70.458573,18.710434],[-70.458573,18.710471],[-70.458592,18.710488],[-70.458593,18.710525],[-70.458612,18.710543],[-70.458612,18.710579],[-70.458631,18.710597],[-70.458632,18.710651],[-70.458594,18.710687],[-70.458613,18.710705],[-70.458613,18.710741],[-70.458632,18.710759],[-70.458633,18.710813],[-70.458652,18.710831],[-70.458652,18.710868],[-70.458671,18.710885],[-70.458672,18.710922],[-70.458691,18.710939],[-70.458691,18.710976],[-70.45871,18.710994],[-70.458711,18.71103],[-70.45873,18.711048],[-70.45873,18.711084],[-70.458749,18.711102],[-70.45875,18.711156],[-70.458769,18.711174],[-70.458769,18.71121],[-70.458788,18.711228],[-70.458808,18.711318],[-70.458799,18.711336],[-70.458657,18.711446],[-70.458638,18.711446],[-70.458582,18.711501],[-70.458563,18.711501],[-70.458525,18.711537],[-70.458506,18.711537],[-70.45845,18.711592],[-70.458431,18.711592],[-70.458318,18.711683],[-70.458299,18.711683],[-70.458224,18.711738],[-70.45817,18.712154],[-70.458134,18.712317],[-70.458135,18.712426],[-70.458116,18.712444],[-70.458117,18.712588],[-70.458098,18.712607],[-70.458099,18.712697],[-70.45808,18.712715],[-70.458081,18.712769],[-70.458062,18.712788],[-70.458062,18.712824],[-70.458025,18.712878],[-70.458025,18.712914],[-70.458006,18.712933],[-70.45795,18.71306],[-70.457913,18.713096],[-70.457913,18.713114],[-70.457876,18.713169],[-70.457876,18.713205],[-70.457857,18.713223],[-70.457857,18.713259],[-70.457839,18.713277],[-70.457839,18.71335],[-70.45782,18.713368],[-70.457823,18.713657],[-70.457842,18.713675],[-70.457845,18.714036],[-70.457864,18.714054],[-70.457864,18.71409],[-70.457922,18.714144],[-70.457941,18.714144],[-70.45796,18.714162],[-70.458017,18.714161],[-70.458036,18.714179],[-70.458358,18.714177],[-70.458377,18.714195],[-70.458434,18.714194],[-70.458453,18.714176],[-70.458548,18.714175],[-70.458567,18.714157],[-70.458605,18.714157],[-70.458623,18.714139],[-70.45868,18.714138],[-70.458699,18.71412],[-70.458737,18.71412],[-70.458794,18.714065],[-70.458793,18.714029],[-70.458812,18.714011],[-70.458907,18.71401],[-70.458926,18.714028],[-70.459267,18.714025],[-70.459286,18.714043],[-70.459647,18.71404],[-70.459666,18.714058],[-70.460007,18.714056],[-70.460026,18.714073],[-70.460368,18.714071],[-70.460387,18.714089],[-70.460747,18.714086],[-70.460766,18.714104],[-70.461108,18.714101],[-70.461127,18.714119],[-70.461468,18.714116],[-70.461487,18.714134],[-70.461848,18.714132],[-70.461867,18.714149],[-70.462208,18.714147],[-70.462227,18.714165],[-70.462303,18.714164],[-70.46236,18.714236],[-70.46238,18.71429],[-70.462457,18.71438],[-70.462476,18.714434],[-70.462553,18.714524],[-70.462553,18.714542],[-70.46261,18.714614],[-70.46263,18.714668],[-70.462706,18.714757],[-70.462726,18.714811],[-70.462802,18.714901],[-70.462822,18.714955],[-70.46286,18.714991],[-70.46288,18.715045],[-70.462956,18.715135],[-70.462976,18.715189],[-70.463014,18.715225],[-70.463033,18.715279],[-70.46311,18.715369],[-70.463129,18.715423],[-70.463168,18.715459],[-70.463168,18.715477],[-70.463206,18.715512],[-70.463206,18.715531],[-70.463302,18.71562],[-70.463302,18.715638],[-70.463321,18.715656],[-70.46334,18.715656],[-70.463378,18.715692],[-70.463397,18.715692],[-70.463455,18.715745],[-70.463455,18.715764],[-70.463493,18.715799],[-70.463493,18.715817],[-70.46355,18.715871],[-70.463551,18.715889],[-70.463589,18.715925],[-70.463589,18.715943],[-70.463627,18.715979],[-70.463627,18.715997],[-70.463685,18.716051],[-70.463685,18.716069],[-70.463723,18.716105],[-70.463723,18.716123],[-70.463781,18.716177],[-70.463781,18.716195],[-70.463819,18.716231],[-70.463819,18.716249],[-70.463857,18.716284],[-70.463858,18.716302],[-70.463915,18.716356],[-70.463915,18.716374],[-70.463992,18.716464],[-70.463992,18.7165],[-70.464011,18.716518],[-70.464031,18.716608],[-70.46405,18.716626],[-70.46405,18.716644],[-70.464069,18.716662],[-70.46407,18.716698],[-70.464127,18.716788],[-70.464128,18.716824],[-70.464166,18.716878],[-70.464166,18.716915],[-70.464185,18.716932],[-70.464186,18.71695],[-70.464242,18.71695],[-70.464262,18.716968],[-70.464413,18.716967],[-70.464432,18.716985],[-70.464565,18.716984],[-70.464584,18.717002],[-70.464736,18.717],[-70.464755,18.717018],[-70.464888,18.717017],[-70.464907,18.717035],[-70.46504,18.717034],[-70.465059,18.717052],[-70.465211,18.717051],[-70.46523,18.717069],[-70.465362,18.717068],[-70.465382,18.717086],[-70.465533,18.717085],[-70.465552,18.717102],[-70.465647,18.717102],[-70.465685,18.717138],[-70.465686,18.717156],[-70.465743,18.717227],[-70.465763,18.717282],[-70.465858,18.717389],[-70.465858,18.717407],[-70.465897,18.717443],[-70.465897,18.717461],[-70.465954,18.717515],[-70.465954,18.717533],[-70.465993,18.717569],[-70.465993,18.717587],[-70.466165,18.717748],[-70.466165,18.717766],[-70.466203,18.717802],[-70.466203,18.71782],[-70.466242,18.717856],[-70.466242,18.717874],[-70.466299,18.717928],[-70.466299,18.717946],[-70.466433,18.718071],[-70.466433,18.718089],[-70.466472,18.718143],[-70.466472,18.71818],[-70.466491,18.718197],[-70.466493,18.718378],[-70.466474,18.718396],[-70.466456,18.718487],[-70.466399,18.71856],[-70.4664,18.718578],[-70.466343,18.718668],[-70.466344,18.718705],[-70.466306,18.718741],[-70.466306,18.718777],[-70.466288,18.718795],[-70.466288,18.718832],[-70.466269,18.71885],[-70.46627,18.718904],[-70.466251,18.718922],[-70.466251,18.718994],[-70.466233,18.719013],[-70.466236,18.719446],[-70.466256,18.719464],[-70.466257,18.719591],[-70.466238,18.719609],[-70.466238,18.719627],[-70.466257,18.719645],[-70.466257,18.719663],[-70.466315,18.719717],[-70.466315,18.719735],[-70.466334,18.719753],[-70.466334,18.719771],[-70.466353,18.719789],[-70.466411,18.719915],[-70.466449,18.719951],[-70.466469,18.720005],[-70.466507,18.720041],[-70.466507,18.720059],[-70.466545,18.720094],[-70.466546,18.720113],[-70.466584,18.720148],[-70.466584,18.720166],[-70.466641,18.72022],[-70.466642,18.720238],[-70.46668,18.720274],[-70.46668,18.720292],[-70.466795,18.7204],[-70.466795,18.720418],[-70.466967,18.720579],[-70.466967,18.720597],[-70.467063,18.720688],[-70.467764,18.720698],[-70.467892,18.720608],[-70.467948,18.720517],[-70.468007,18.7203],[-70.468,18.720155],[-70.467968,18.720011],[-70.467832,18.719709],[-70.467736,18.719545],[-70.467603,18.719345],[-70.467448,18.719183],[-70.467109,18.719313],[-70.467087,18.719349],[-70.46707,18.71944],[-70.467089,18.719548],[-70.467129,18.719632],[-70.467312,18.719926],[-70.467373,18.720088],[-70.467004,18.72043],[-70.466985,18.720434],[-70.466813,18.720273],[-70.466812,18.720255],[-70.466774,18.720219],[-70.466774,18.720201],[-70.466717,18.720147],[-70.466716,18.720129],[-70.466601,18.719986],[-70.466601,18.719968],[-70.466524,18.719842],[-70.466505,18.719751],[-70.466466,18.719698],[-70.466466,18.719643],[-70.466447,18.719625],[-70.466446,18.719535],[-70.466427,18.719517],[-70.466424,18.719264],[-70.466443,18.719246],[-70.466443,18.719174],[-70.466461,18.719155],[-70.466461,18.719119],[-70.46648,18.719101],[-70.46648,18.719065],[-70.466498,18.719047],[-70.466498,18.719011],[-70.466517,18.718992],[-70.466535,18.718938],[-70.466648,18.718829],[-70.466667,18.718829],[-70.466686,18.71881],[-70.466743,18.71881],[-70.466762,18.718792],[-70.466819,18.718791],[-70.466838,18.718773],[-70.466875,18.718773],[-70.466894,18.718754],[-70.466951,18.718754],[-70.46697,18.718736],[-70.467008,18.718736],[-70.467027,18.718717],[-70.467084,18.718717],[-70.467102,18.718699],[-70.467159,18.718698],[-70.467178,18.71868],[-70.467216,18.71868],[-70.467235,18.718661],[-70.467292,18.718661],[-70.467311,18.718643],[-70.467367,18.718642],[-70.467386,18.718624],[-70.467424,18.718624],[-70.467424,18.718606],[-70.467386,18.718552],[-70.467385,18.718516],[-70.467366,18.718498],[-70.467366,18.71848],[-70.467251,18.718282],[-70.46725,18.718246],[-70.467231,18.718228],[-70.467231,18.71821],[-70.467115,18.718012],[-70.467115,18.717976],[-70.467077,18.717922],[-70.467096,18.717904],[-70.467114,18.717813],[-70.467151,18.717777],[-70.467207,18.71765],[-70.467245,18.717613],[-70.467245,18.717595],[-70.467301,18.717504],[-70.4673,18.717468],[-70.467319,18.71745],[-70.467319,18.717414],[-70.467338,18.717396],[-70.467337,18.71736],[-70.467356,18.717341],[-70.467356,18.717287],[-70.467375,18.717269],[-70.467374,18.717179],[-70.467393,18.71716],[-70.46739,18.716907],[-70.467371,18.716889],[-70.467371,18.716817],[-70.467352,18.716799],[-70.467351,18.716763],[-70.467332,18.716745],[-70.467332,18.716727],[-70.467313,18.716709],[-70.467312,18.716673],[-70.467236,18.716547],[-70.467235,18.716511],[-70.467216,18.716493],[-70.467197,18.716439],[-70.467158,18.716403],[-70.467158,18.716385],[-70.467063,18.716277],[-70.467062,18.716259],[-70.466966,18.716097],[-70.466966,18.716061],[-70.466927,18.716007],[-70.466927,18.715971],[-70.466908,18.715953],[-70.466908,18.715917],[-70.466889,18.715899],[-70.466888,18.715863],[-70.466869,18.715845],[-70.467208,18.715517],[-70.467227,18.715517],[-70.467321,18.715426],[-70.46732,18.715354],[-70.467301,18.715336],[-70.4673,18.715209],[-70.467281,18.715191],[-70.46728,18.715137],[-70.467261,18.715119],[-70.467261,18.715083],[-70.467242,18.715065],[-70.467242,18.715047],[-70.467222,18.715029],[-70.467222,18.715011],[-70.467203,18.714993],[-70.467145,18.714867],[-70.467107,18.714831],[-70.467107,18.714813],[-70.46703,18.714687],[-70.46701,18.714597],[-70.466972,18.714543],[-70.466971,18.714507],[-70.466952,18.714489],[-70.46691,18.714399],[-70.465967,18.714081],[-70.465717,18.713848],[-70.465596,18.713687],[-70.465445,18.71341],[-70.465423,18.713236],[-70.465405,18.713217],[-70.465102,18.713112],[-70.465092,18.713094],[-70.465081,18.713004],[-70.465062,18.712986],[-70.465069,18.712715],[-70.464976,18.71183],[-70.464938,18.711776],[-70.464708,18.711543],[-70.464708,18.711525],[-70.46465,18.711435],[-70.464613,18.711255],[-70.464594,18.71111],[-70.464593,18.710893],[-70.464612,18.710152],[-70.464599,18.70999],[-70.464561,18.709846],[-70.464214,18.709234],[-70.464045,18.708964],[-70.463886,18.708636],[-70.463334,18.708048],[-70.463315,18.707958],[-70.462958,18.707726],[-70.462761,18.707004],[-70.462869,18.706841],[-70.462898,18.706172],[-70.46319,18.705953],[-70.463205,18.705591],[-70.463275,18.70541],[-70.463294,18.705283],[-70.463288,18.705193],[-70.463249,18.705049],[-70.463171,18.704869],[-70.463094,18.704746],[-70.463083,18.704734]]]}},{"type":"Feature","properties":{"level":705.0,"major":false},"geometry":{"type":"MultiLineString","coordinates":[[[-70.468679,18.721686],[-70.468646,18.721706],[-70.468627,18.721701],[-70.468551,18.721765],[-70.468513,18.721768],[-70.468342,18.721833],[-70.468342,18.721869],[-70.468462,18.722284],[-70.467999,18.722938],[-70.467993,18.722956],[-70.468017,18.723029],[-70.468243,18.723369],[-70.468415,18.72357],[-70.469173,18.723467],[-70.46923,18.723529],[-70.469668,18.723742],[-70.469684,18.723738],[-70.469723,18.723684],[-70.469849,18.72343],[-70.469874,18.723285],[-70.470012,18.722886],[-70.469984,18.722869],[-70.469983,18.722847],[-70.469947,18.722815],[-70.469941,18.72276],[-70.469913,18.722725],[-70.469919,18.722598],[-70.469859,18.722526],[-70.469796,18.722418],[-70.469747,18.722364],[-70.469593,18.722113],[-70.469536,18.722059],[-70.469484,18.721987],[-70.469463,18.721933],[-70.469414,18.721879],[-70.469398,18.721843],[-70.469352,18.721825],[-70.468679,18.721686]],[[-70.446373,18.717586],[-70.44642,18.717599],[-70.446914,18.71771],[-70.447028,18.717752],[-70.447295,18.717876],[-70.447599,18.717977],[-70.447884,18.718023],[-70.44796,18.718024],[-70.448017,18.718042],[-70.448226,18.718073],[-70.448245,18.718055],[-70.448397,18.718089],[-70.448567,18.717992],[-70.448624,18.717998],[-70.448719,18.718035],[-70.449211,18.717962],[-70.449307,18.718007],[-70.449345,18.718054],[-70.44943,18.718095],[-70.449479,18.718169],[-70.449498,18.71818],[-70.449631,18.718214],[-70.449656,18.718238],[-70.449748,18.718274],[-70.449821,18.718332],[-70.449898,18.718363],[-70.449933,18.718399],[-70.450069,18.718481],[-70.450621,18.718747],[-70.450831,18.718815],[-70.450983,18.718844],[-70.451097,18.718852],[-70.451191,18.718843],[-70.451286,18.718817],[-70.451369,18.718749],[-70.451435,18.718712],[-70.451473,18.718676],[-70.451516,18.718603],[-70.451542,18.718513],[-70.451547,18.71844],[-70.451532,18.718224],[-70.451476,18.718043],[-70.451182,18.717702],[-70.450819,18.717403],[-70.450552,18.717216],[-70.450324,18.717094],[-70.450147,18.717024],[-70.450066,18.716645],[-70.45008,18.716482],[-70.449803,18.715779],[-70.449704,18.715735],[-70.449666,18.715705],[-70.449613,18.715654],[-70.44957,18.715582],[-70.449513,18.715516],[-70.449205,18.715242],[-70.449196,18.715224],[-70.449211,18.715188],[-70.4492,18.715151],[-70.449208,18.715115],[-70.449191,18.715079],[-70.4492,18.715043],[-70.449174,18.714989],[-70.449155,18.714899],[-70.448981,18.714557],[-70.448897,18.714444],[-70.448877,18.714395],[-70.448225,18.713496],[-70.448414,18.713363],[-70.448641,18.713299],[-70.449045,18.713888],[-70.449188,18.714049],[-70.449216,18.714068],[-70.450333,18.713679],[-70.450347,18.713661],[-70.45037,18.713408],[-70.450392,18.713335],[-70.450442,18.713279],[-70.450669,18.713239],[-70.450859,18.713242],[-70.450916,18.713261],[-70.451087,18.713264],[-70.451144,18.713251],[-70.451314,18.713247],[-70.451674,18.713172],[-70.451719,18.713198],[-70.45213,18.713295],[-70.452358,18.713288],[-70.452528,18.713256],[-70.452963,18.71306],[-70.453038,18.712993],[-70.453208,18.712888],[-70.453992,18.713325],[-70.454018,18.713361],[-70.454015,18.713434],[-70.454033,18.713451],[-70.454066,18.713451],[-70.454198,18.713356],[-70.454208,18.71336],[-70.454275,18.713531],[-70.455018,18.71292],[-70.455028,18.712811],[-70.455019,18.712757],[-70.454974,18.712649],[-70.454961,18.712559],[-70.454916,18.712433],[-70.45491,18.712324],[-70.455303,18.711634],[-70.45534,18.711614],[-70.455591,18.711289],[-70.455722,18.710854],[-70.455845,18.71076],[-70.455992,18.710671],[-70.45613,18.710616],[-70.457431,18.709955],[-70.45745,18.709979],[-70.457526,18.709963],[-70.457545,18.70999],[-70.457583,18.709986],[-70.457621,18.710038],[-70.45764,18.710036],[-70.457678,18.710067],[-70.457797,18.710115],[-70.458042,18.710782],[-70.458042,18.710818],[-70.458083,18.710842],[-70.458107,18.710872],[-70.458236,18.711286],[-70.45795,18.711487],[-70.457969,18.711758],[-70.457936,18.711957],[-70.457838,18.712265],[-70.457765,18.712392],[-70.457756,18.712465],[-70.457717,18.712501],[-70.457702,18.712556],[-70.457593,18.712719],[-70.457456,18.712851],[-70.457399,18.712937],[-70.457362,18.712959],[-70.457343,18.712993],[-70.457311,18.71301],[-70.457272,18.713065],[-70.457272,18.713137],[-70.457212,18.713159],[-70.457214,18.713228],[-70.45718,18.713246],[-70.457177,18.713355],[-70.457157,18.713377],[-70.457112,18.713391],[-70.456429,18.714517],[-70.456475,18.714643],[-70.456606,18.714877],[-70.4568,18.715111],[-70.45685,18.71521],[-70.458352,18.715598],[-70.45837,18.715584],[-70.458446,18.715592],[-70.458503,18.715566],[-70.458711,18.715538],[-70.458844,18.715481],[-70.459165,18.71539],[-70.459279,18.715344],[-70.459392,18.715281],[-70.459668,18.715106],[-70.459694,18.71508],[-70.46142,18.715153],[-70.461887,18.715848],[-70.46236,18.71635],[-70.462473,18.71644],[-70.462744,18.716799],[-70.462967,18.71734],[-70.463033,18.717471],[-70.463791,18.717408],[-70.464113,18.717364],[-70.464227,18.717323],[-70.464397,18.717307],[-70.465498,18.717419],[-70.465594,18.717556],[-70.465785,18.717674],[-70.46597,18.717894],[-70.466126,18.718128],[-70.466177,18.718182],[-70.466221,18.71829],[-70.466224,18.718344],[-70.466207,18.718453],[-70.466186,18.718489],[-70.466104,18.718851],[-70.466093,18.719032],[-70.466118,18.719321],[-70.466184,18.719664],[-70.466368,18.719987],[-70.466554,18.720239],[-70.466917,18.720634],[-70.467063,18.720778],[-70.467082,18.720785],[-70.467443,18.720767],[-70.467784,18.72077],[-70.46792,18.72068],[-70.467991,18.720607],[-70.468054,18.720462],[-70.468075,18.720354],[-70.468077,18.720209],[-70.468038,18.720011],[-70.467886,18.719686],[-70.467649,18.719309],[-70.467573,18.719219],[-70.467428,18.719088],[-70.466946,18.719278],[-70.466917,18.719296],[-70.466892,18.719351],[-70.466871,18.719478],[-70.466894,18.719622],[-70.466948,18.719748],[-70.467111,18.720018],[-70.46714,18.72009],[-70.466964,18.72026],[-70.466945,18.720266],[-70.466926,18.720248],[-70.466792,18.720093],[-70.4667,18.719949],[-70.466631,18.719805],[-70.466578,18.719661],[-70.466553,18.719426],[-70.466585,18.719245],[-70.466651,18.719088],[-70.466704,18.719045],[-70.467028,18.718917],[-70.467426,18.718809],[-70.46777,18.719184],[-70.467964,18.719469],[-70.46819,18.719883],[-70.468245,18.720027],[-70.468284,18.720189],[-70.468293,18.720334],[-70.468279,18.720478],[-70.468215,18.720678],[-70.468182,18.720732],[-70.468031,18.720866],[-70.46788,18.720956],[-70.46776,18.721097],[-70.468016,18.721255],[-70.468148,18.721203],[-70.468224,18.721155],[-70.468355,18.72102],[-70.468433,18.720929],[-70.468493,18.72082],[-70.468549,18.720639],[-70.468583,18.720386],[-70.468571,18.720205],[-70.468535,18.720043],[-70.468407,18.719737],[-70.468229,18.719413],[-70.468083,18.719197],[-70.467559,18.718496],[-70.467357,18.718082],[-70.467337,18.71801],[-70.467336,18.717956],[-70.467356,18.717865],[-70.467495,18.717557],[-70.467591,18.717285],[-70.46763,18.717068],[-70.467634,18.716924],[-70.46759,18.716743],[-70.467414,18.716401],[-70.467232,18.716117],[-70.46717,18.715951],[-70.467385,18.715751],[-70.467628,18.715388],[-70.467582,18.715298],[-70.467529,18.715099],[-70.467458,18.714955],[-70.467392,18.71487],[-70.467338,18.71483],[-70.467219,18.714633],[-70.467195,18.714614],[-70.467084,18.71438],[-70.466874,18.714241],[-70.46617,18.714007],[-70.465865,18.713731],[-70.465742,18.713577],[-70.465589,18.713325],[-70.465563,18.713072],[-70.465422,18.713018],[-70.465387,18.712984],[-70.465361,18.712839],[-70.46529,18.712605],[-70.465284,18.712551],[-70.465258,18.712479],[-70.465159,18.712299],[-70.465117,18.711937],[-70.464993,18.711704],[-70.464833,18.711488],[-70.464758,18.71129],[-70.464732,18.711091],[-70.464732,18.710766],[-70.464789,18.710115],[-70.464781,18.710006],[-70.464745,18.709844],[-70.464635,18.709628],[-70.464173,18.708882],[-70.464023,18.708585],[-70.463941,18.708333],[-70.463671,18.708045],[-70.463652,18.707991],[-70.463122,18.707652],[-70.462939,18.706967],[-70.463098,18.706749],[-70.463126,18.706231],[-70.463555,18.705914],[-70.463563,18.705733],[-70.463653,18.705516],[-70.463679,18.705407],[-70.463688,18.705298],[-70.463675,18.705154],[-70.463614,18.704938],[-70.463523,18.70473]],[[-70.446333,18.712891],[-70.446836,18.712945],[-70.447064,18.713008],[-70.447216,18.713087],[-70.447369,18.71319],[-70.447617,18.713401],[-70.447732,18.713516],[-70.447933,18.713788],[-70.448126,18.714112],[-70.448191,18.714201],[-70.448265,18.714345],[-70.448364,18.714616],[-70.448323,18.714706],[-70.448342,18.714761],[-70.448276,18.714985],[-70.448068,18.715106],[-70.44786,18.715137],[-70.447765,18.715107],[-70.447708,18.715114],[-70.447529,18.715092],[-70.447214,18.714997],[-70.446928,18.714846],[-70.446346,18.714482]]]}},{"type":"Feature","properties":{"level":710.0,"major":false},"geometry":{"type":"MultiLineString","coordinates":[[[-70.446412,18.7222],[-70.446517,18.722256],[-70.446555,18.722256],[-70.446574,18.722274],[-70.446726,18.722273],[-70.446744,18.722254],[-70.446763,18.722254],[-70.446895,18.722127],[-70.446895,18.722109],[-70.446932,18.722054],[-70.446932,18.722018],[-70.446969,18.721964],[-70.446969,18.721891],[-70.446988,18.721873],[-70.446987,18.721819],[-70.447006,18.721801],[-70.447005,18.721728],[-70.447024,18.72171],[-70.447023,18.721602],[-70.447042,18.721583],[-70.447041,18.721511],[-70.447022,18.721493],[-70.447022,18.721457],[-70.447003,18.721439],[-70.446964,18.721349],[-70.446926,18.721313],[-70.446926,18.721295],[-70.446888,18.721259],[-70.446887,18.721241],[-70.446868,18.721223],[-70.446849,18.721224],[-70.446773,18.721152],[-70.446754,18.721152],[-70.446658,18.721062],[-70.446639,18.721062],[-70.446401,18.720855]],[[-70.446377,18.718065],[-70.446386,18.718065],[-70.446405,18.718083],[-70.446462,18.718082],[-70.446481,18.7181],[-70.446519,18.7181],[-70.446538,18.718118],[-70.446595,18.718117],[-70.446614,18.718135],[-70.446652,18.718135],[-70.446672,18.718153],[-70.446709,18.718152],[-70.446729,18.71817],[-70.446767,18.71817],[-70.446786,18.718188],[-70.446824,18.718188],[-70.446843,18.718206],[-70.446881,18.718205],[-70.4469,18.718223],[-70.446938,18.718223],[-70.446957,18.718241],[-70.446995,18.718241],[-70.447014,18.718259],[-70.447109,18.718276],[-70.447166,18.718312],[-70.447261,18.718329],[-70.44728,18.718347],[-70.447299,18.718347],[-70.447318,18.718365],[-70.447356,18.718364],[-70.447413,18.7184],[-70.447451,18.7184],[-70.44747,18.718418],[-70.447508,18.718417],[-70.447527,18.718435],[-70.447565,18.718435],[-70.447584,18.718453],[-70.447679,18.71847],[-70.447775,18.718524],[-70.447813,18.718523],[-70.447832,18.718541],[-70.447927,18.718577],[-70.447965,18.718613],[-70.447984,18.718612],[-70.448003,18.71863],[-70.448136,18.718684],[-70.448175,18.718719],[-70.448194,18.718719],[-70.448404,18.718935],[-70.448424,18.718989],[-70.448481,18.71906],[-70.448481,18.719097],[-70.4485,18.719114],[-70.448502,18.719295],[-70.448521,18.719313],[-70.448522,18.719403],[-70.448503,18.719422],[-70.448505,18.719693],[-70.448524,18.719711],[-70.448544,18.719801],[-70.448583,18.719855],[-70.448602,18.719945],[-70.448641,18.719999],[-70.448641,18.720035],[-70.44866,18.720053],[-70.44866,18.720089],[-70.44868,18.720107],[-70.448699,18.720161],[-70.448718,18.720161],[-70.448737,18.720179],[-70.448794,18.720178],[-70.448813,18.720196],[-70.448908,18.720196],[-70.448927,18.720214],[-70.44906,18.720213],[-70.449079,18.72023],[-70.449307,18.720229],[-70.449325,18.72021],[-70.449401,18.72021],[-70.44942,18.720192],[-70.449496,18.720191],[-70.449515,18.720173],[-70.449553,18.720173],[-70.449571,18.720154],[-70.44959,18.720154],[-70.449684,18.720063],[-70.449684,18.720045],[-70.449797,18.719936],[-70.449797,18.719918],[-70.44991,18.719808],[-70.44991,18.71979],[-70.450023,18.719681],[-70.450022,18.719663],[-70.450098,18.719608],[-70.450136,18.719608],[-70.450155,18.71959],[-70.450173,18.719589],[-70.450192,18.719571],[-70.45023,18.719571],[-70.450249,18.719553],[-70.45059,18.71955],[-70.450609,18.719532],[-70.450761,18.719531],[-70.45078,18.719512],[-70.450856,18.719512],[-70.450874,18.719494],[-70.450912,18.719493],[-70.450931,18.719475],[-70.451007,18.719475],[-70.451026,18.719456],[-70.451083,18.719456],[-70.451139,18.719419],[-70.451234,18.719401],[-70.451253,18.719382],[-70.451385,18.719327],[-70.451442,18.719272],[-70.45146,18.719272],[-70.451536,18.719199],[-70.451555,18.719199],[-70.451686,18.719072],[-70.451686,18.719054],[-70.451799,18.718926],[-70.451817,18.718872],[-70.451892,18.718781],[-70.451892,18.718763],[-70.451948,18.718672],[-70.451948,18.718618],[-70.451967,18.7186],[-70.451966,18.718564],[-70.451985,18.718545],[-70.451985,18.718473],[-70.452004,18.718455],[-70.452003,18.718383],[-70.452022,18.718364],[-70.452019,18.718093],[-70.452,18.718075],[-70.451999,18.717967],[-70.45198,18.717949],[-70.45198,18.717877],[-70.45196,18.717859],[-70.45196,18.717787],[-70.451941,18.717769],[-70.45194,18.717733],[-70.451921,18.717715],[-70.451921,18.71766],[-70.451902,18.717642],[-70.451901,18.717606],[-70.451882,18.717588],[-70.451882,18.717534],[-70.451863,18.717516],[-70.451843,18.717426],[-70.451651,18.717102],[-70.45165,18.717048],[-70.451631,18.71703],[-70.451631,18.716976],[-70.451611,18.716958],[-70.451611,18.716904],[-70.451592,18.716886],[-70.451591,18.716832],[-70.451572,18.716814],[-70.451572,18.71676],[-70.451553,18.716742],[-70.451549,18.716272],[-70.45153,18.716254],[-70.451529,18.716182],[-70.45151,18.716164],[-70.451509,18.716037],[-70.45149,18.716019],[-70.451488,18.715875],[-70.451469,18.715857],[-70.451468,18.715694],[-70.451449,18.715676],[-70.451448,18.715568],[-70.451429,18.71555],[-70.451428,18.715459],[-70.451409,18.715442],[-70.451408,18.715387],[-70.451389,18.715369],[-70.451389,18.715315],[-70.45137,18.715297],[-70.451369,18.715207],[-70.45135,18.715189],[-70.451349,18.715135],[-70.45133,18.715117],[-70.451329,18.715008],[-70.45131,18.714991],[-70.45131,18.714918],[-70.45129,18.7149],[-70.451289,18.714792],[-70.45127,18.714774],[-70.45127,18.714684],[-70.45125,18.714666],[-70.451249,18.714539],[-70.45123,18.714521],[-70.451229,18.714323],[-70.451209,18.714305],[-70.451207,18.71407],[-70.451226,18.714051],[-70.451224,18.713762],[-70.451243,18.713744],[-70.451241,18.713563],[-70.45126,18.713545],[-70.451259,18.713473],[-70.451278,18.713455],[-70.451278,18.713401],[-70.451315,18.713354],[-70.452018,18.713524],[-70.452322,18.713522],[-70.452587,18.713475],[-70.452927,18.713332],[-70.453078,18.713301],[-70.453135,18.713253],[-70.453248,18.713185],[-70.453801,18.713489],[-70.453819,18.713507],[-70.45382,18.713553],[-70.45387,18.713579],[-70.453896,18.71358],[-70.454198,18.713377],[-70.454218,18.713522],[-70.454237,18.71354],[-70.454238,18.713576],[-70.454262,18.713648],[-70.454353,18.713792],[-70.454353,18.71381],[-70.454373,18.713828],[-70.454373,18.713846],[-70.454392,18.713864],[-70.454392,18.713882],[-70.454411,18.7139],[-70.454411,18.713918],[-70.454527,18.714116],[-70.454527,18.714152],[-70.454546,18.71417],[-70.454547,18.714206],[-70.454566,18.714224],[-70.454566,18.714261],[-70.454585,18.714278],[-70.454586,18.714333],[-70.454605,18.714351],[-70.454605,18.714405],[-70.454624,18.714423],[-70.454625,18.714459],[-70.454644,18.714477],[-70.454644,18.714531],[-70.454663,18.714549],[-70.454664,18.714585],[-70.454683,18.714603],[-70.454702,18.714693],[-70.454722,18.714711],[-70.454722,18.714729],[-70.454817,18.714819],[-70.454818,18.714873],[-70.45478,18.714927],[-70.454781,18.714964],[-70.454762,18.714982],[-70.454762,18.715],[-70.454743,18.715018],[-70.454743,18.715054],[-70.454706,18.715109],[-70.454688,18.715199],[-70.45465,18.715254],[-70.454651,18.71529],[-70.454613,18.715344],[-70.454595,18.715435],[-70.454557,18.715489],[-70.454558,18.715526],[-70.45452,18.71558],[-70.454521,18.715616],[-70.454502,18.715634],[-70.454502,18.715653],[-70.454483,18.715671],[-70.454331,18.715672],[-70.454313,18.71569],[-70.454237,18.715691],[-70.454218,18.715709],[-70.45418,18.715709],[-70.454142,18.715746],[-70.454048,18.715783],[-70.45401,18.715819],[-70.453916,18.715856],[-70.453878,18.715892],[-70.453859,18.715892],[-70.45384,18.715911],[-70.453708,18.715966],[-70.453671,18.716002],[-70.453652,18.716002],[-70.453463,18.716185],[-70.453444,18.716185],[-70.453445,18.716203],[-70.453388,18.716258],[-70.453388,18.716276],[-70.453351,18.71633],[-70.453352,18.716402],[-70.453333,18.716421],[-70.453334,18.716547],[-70.453353,18.716565],[-70.453372,18.716565],[-70.453429,18.716619],[-70.453448,18.716618],[-70.453582,18.71669],[-70.453619,18.716689],[-70.453639,18.716707],[-70.453695,18.716707],[-70.453715,18.716725],[-70.453847,18.716724],[-70.453866,18.716706],[-70.453923,18.716705],[-70.453942,18.716687],[-70.454037,18.716668],[-70.454055,18.71665],[-70.454074,18.71665],[-70.454093,18.716632],[-70.454112,18.716631],[-70.454131,18.716613],[-70.454263,18.716558],[-70.454395,18.71643],[-70.454414,18.71643],[-70.454433,18.716448],[-70.454509,18.716448],[-70.454528,18.716466],[-70.454585,18.716465],[-70.454604,18.716483],[-70.454661,18.716483],[-70.45468,18.7165],[-70.454737,18.7165],[-70.454756,18.716518],[-70.454813,18.716518],[-70.454832,18.716535],[-70.454889,18.716535],[-70.454908,18.716553],[-70.454984,18.716552],[-70.455003,18.71657],[-70.45506,18.71657],[-70.455079,18.716588],[-70.455136,18.716587],[-70.455155,18.716605],[-70.455212,18.716605],[-70.455231,18.716623],[-70.455288,18.716622],[-70.455307,18.71664],[-70.455364,18.71664],[-70.455383,18.716658],[-70.45544,18.716657],[-70.455459,18.716675],[-70.455535,18.716675],[-70.455554,18.716692],[-70.455611,18.716692],[-70.45563,18.71671],[-70.455687,18.71671],[-70.455706,18.716727],[-70.455763,18.716727],[-70.455782,18.716745],[-70.45582,18.716745],[-70.455839,18.716763],[-70.45584,18.716817],[-70.455859,18.716835],[-70.455859,18.716871],[-70.455955,18.717033],[-70.455955,18.717069],[-70.455994,18.717123],[-70.456014,18.717213],[-70.456033,18.717231],[-70.456033,18.717249],[-70.456052,18.717267],[-70.45611,18.717393],[-70.456282,18.717572],[-70.456301,18.717572],[-70.456416,18.717662],[-70.456511,18.717697],[-70.456568,18.717751],[-70.456587,18.717751],[-70.456625,18.717786],[-70.456644,18.717786],[-70.45674,18.717876],[-70.456759,18.717876],[-70.456912,18.717983],[-70.456969,18.718001],[-70.457064,18.718072],[-70.457159,18.718108],[-70.457217,18.718161],[-70.457274,18.718179],[-70.457331,18.718233],[-70.45735,18.718233],[-70.457465,18.71834],[-70.457484,18.71834],[-70.457656,18.718501],[-70.457656,18.718519],[-70.457675,18.718519],[-70.457808,18.71859],[-70.457846,18.71859],[-70.457865,18.718608],[-70.457979,18.718607],[-70.458036,18.718661],[-70.458037,18.718679],[-70.458075,18.718715],[-70.458075,18.718733],[-70.458113,18.718769],[-70.458113,18.718787],[-70.458171,18.718841],[-70.458171,18.718859],[-70.458209,18.718895],[-70.458209,18.718913],[-70.458247,18.718949],[-70.458248,18.718967],[-70.458286,18.719002],[-70.458286,18.71902],[-70.458343,18.719074],[-70.458344,18.719092],[-70.458382,18.719128],[-70.458382,18.719146],[-70.458439,18.719218],[-70.458421,18.719236],[-70.458421,18.719272],[-70.458402,18.719291],[-70.458404,18.719562],[-70.458424,18.71958],[-70.458424,18.719634],[-70.458443,18.719652],[-70.458444,18.719706],[-70.458463,18.719724],[-70.458463,18.71976],[-70.458521,18.719832],[-70.458767,18.71983],[-70.458786,18.719812],[-70.458824,18.719811],[-70.45888,18.719757],[-70.45888,18.719739],[-70.458918,18.719702],[-70.458918,18.719684],[-70.458955,18.719648],[-70.458955,18.71963],[-70.458993,18.719593],[-70.458993,18.719575],[-70.459011,18.719557],[-70.45903,18.719557],[-70.459087,18.719502],[-70.459106,18.719502],[-70.459162,18.719447],[-70.459181,18.719447],[-70.459238,18.719393],[-70.459256,18.719392],[-70.459313,18.719356],[-70.45937,18.719355],[-70.459389,18.719337],[-70.459427,18.719337],[-70.459446,18.719319],[-70.459502,18.719318],[-70.459521,18.7193],[-70.459597,18.719299],[-70.459616,18.719281],[-70.459673,18.719281],[-70.459692,18.719263],[-70.459711,18.719262],[-70.459767,18.719226],[-70.459805,18.719226],[-70.459824,18.719207],[-70.459843,18.719207],[-70.460051,18.719097],[-70.460088,18.719097],[-70.460126,18.71906],[-70.460258,18.719005],[-70.460296,18.718969],[-70.460315,18.718969],[-70.460353,18.718932],[-70.460372,18.718932],[-70.460522,18.718804],[-70.460541,18.718804],[-70.460654,18.718695],[-70.460673,18.718695],[-70.460729,18.71864],[-70.460748,18.71864],[-70.460824,18.718585],[-70.460918,18.718548],[-70.460956,18.718512],[-70.460975,18.718512],[-70.460994,18.718493],[-70.461032,18.718493],[-70.46105,18.718475],[-70.461069,18.718475],[-70.461088,18.718457],[-70.46122,18.718401],[-70.461258,18.718365],[-70.46139,18.71831],[-70.461428,18.718273],[-70.461447,18.718273],[-70.461617,18.718181],[-70.461655,18.718181],[-70.461692,18.718145],[-70.461711,18.718144],[-70.461881,18.717989],[-70.463397,18.717855],[-70.464041,18.717767],[-70.464268,18.717684],[-70.464571,18.717649],[-70.465349,18.717722],[-70.465426,18.717815],[-70.465464,18.717825],[-70.465778,18.718022],[-70.465923,18.718274],[-70.465962,18.718382],[-70.465969,18.718491],[-70.465951,18.718961],[-70.465988,18.719231],[-70.466045,18.719448],[-70.466139,18.719718],[-70.466203,18.719844],[-70.466296,18.720006],[-70.466445,18.720204],[-70.466717,18.720509],[-70.467083,18.720882],[-70.467808,18.720844],[-70.467579,18.721116],[-70.467577,18.721135],[-70.46809,18.721438],[-70.468345,18.722285],[-70.468342,18.722339],[-70.467948,18.722903],[-70.467962,18.722975],[-70.467993,18.72305],[-70.46822,18.723388],[-70.468435,18.723633],[-70.469077,18.723544],[-70.469194,18.723676],[-70.47007,18.724102],[-70.470092,18.724097],[-70.470368,18.723552],[-70.470386,18.723353],[-70.470669,18.722538],[-70.47072,18.722501],[-70.470834,18.7225],[-70.470852,18.722482],[-70.470871,18.722482],[-70.471078,18.722282],[-70.471078,18.722264],[-70.47119,18.722064],[-70.47119,18.722028],[-70.471209,18.72201],[-70.471208,18.721973],[-70.471227,18.721955],[-70.471226,18.721847],[-70.471245,18.721829],[-70.471243,18.721576],[-70.471224,18.721558],[-70.471223,18.721522],[-70.471204,18.721504],[-70.471204,18.721431],[-70.471185,18.721413],[-70.471165,18.721323],[-70.471049,18.721125],[-70.471049,18.721089],[-70.470953,18.720927],[-70.470952,18.720891],[-70.470933,18.720873],[-70.470895,18.720783],[-70.470799,18.720694],[-70.470799,18.720676],[-70.470703,18.720586],[-70.470703,18.720568],[-70.470646,18.720514],[-70.470627,18.720514],[-70.47057,18.720479],[-70.470532,18.720479],[-70.470512,18.720461],[-70.470418,18.720444],[-70.470398,18.720426],[-70.470285,18.720427],[-70.470266,18.720445],[-70.470247,18.720445],[-70.470228,18.720463],[-70.470096,18.720518],[-70.470021,18.720609],[-70.470021,18.720627],[-70.469983,18.720682],[-70.469965,18.720772],[-70.469909,18.720845],[-70.46989,18.720827],[-70.469795,18.720828],[-70.469776,18.72081],[-70.4697,18.720811],[-70.469681,18.720793],[-70.469605,18.720793],[-70.469586,18.720775],[-70.46951,18.720776],[-70.469491,18.720758],[-70.469415,18.720759],[-70.469396,18.720741],[-70.46932,18.720741],[-70.469301,18.720723],[-70.469225,18.720724],[-70.469206,18.720706],[-70.46913,18.720707],[-70.469111,18.720689],[-70.469016,18.72069],[-70.468997,18.720672],[-70.468921,18.720672],[-70.468902,18.720654],[-70.468826,18.720655],[-70.468807,18.720637],[-70.468731,18.720638],[-70.468712,18.72062],[-70.46873,18.720457],[-70.468725,18.720222],[-70.468683,18.720024],[-70.468644,18.719915],[-70.468492,18.719591],[-70.468357,18.719357],[-70.468199,18.719124],[-70.468014,18.71889],[-70.467856,18.71862],[-70.467689,18.718387],[-70.467629,18.718243],[-70.467629,18.718207],[-70.46761,18.718189],[-70.467609,18.71808],[-70.46759,18.718062],[-70.467589,18.717954],[-70.467607,18.717827],[-70.467807,18.71732],[-70.467811,18.717265],[-70.467825,18.717247],[-70.467863,18.717084],[-70.467871,18.716904],[-70.467856,18.716795],[-70.467817,18.716687],[-70.46768,18.716435],[-70.467456,18.716076],[-70.46793,18.715349],[-70.467839,18.715205],[-70.467834,18.715169],[-70.467794,18.715115],[-70.467764,18.715025],[-70.467689,18.714917],[-70.467657,18.714849],[-70.467561,18.714743],[-70.467453,18.714666],[-70.467376,18.71454],[-70.467343,18.714522],[-70.467297,18.714468],[-70.467239,18.714342],[-70.467045,18.714218],[-70.466988,18.714195],[-70.466835,18.714082],[-70.466359,18.71392],[-70.465959,18.713557],[-70.46573,18.713234],[-70.465699,18.712909],[-70.465656,18.712837],[-70.465494,18.712477],[-70.46536,18.712225],[-70.465311,18.712153],[-70.46509,18.711703],[-70.464997,18.711541],[-70.464896,18.711289],[-70.46487,18.711108],[-70.464872,18.710765],[-70.464908,18.710457],[-70.464962,18.710204],[-70.464964,18.710132],[-70.464959,18.709969],[-70.464901,18.709771],[-70.464728,18.709465],[-70.464411,18.708997],[-70.464217,18.708656],[-70.464121,18.708439],[-70.463995,18.708034],[-70.463289,18.707579],[-70.463232,18.707398],[-70.463117,18.706929],[-70.463332,18.706638],[-70.463345,18.706313],[-70.463363,18.706277],[-70.46392,18.705876],[-70.463976,18.705766],[-70.464068,18.705494],[-70.464078,18.705277],[-70.464061,18.705097],[-70.463967,18.704799],[-70.463939,18.704727]],[[-70.446335,18.713097],[-70.446553,18.7131],[-70.446781,18.713128],[-70.446933,18.713164],[-70.44718,18.713274],[-70.447313,18.713353],[-70.447577,18.713592],[-70.447735,18.713826],[-70.447846,18.714042],[-70.447681,18.714205],[-70.447662,18.714206],[-70.447436,18.714424],[-70.447417,18.714424],[-70.447173,18.714661],[-70.447135,18.714667],[-70.447012,18.714608],[-70.446697,18.71443],[-70.446344,18.714207]]]}},{"type":"Feature","properties":{"level":715.0,"major":false},"geometry":{"type":"MultiLineString","coordinates":[[[-70.4728,18.726949],[-70.472298,18.72735],[-70.472342,18.727458],[-70.472433,18.727589],[-70.472509,18.727663],[-70.472628,18.727745],[-70.472796,18.727904],[-70.472931,18.727978],[-70.473005,18.727999],[-70.473138,18.728013],[-70.47377,18.72761],[-70.473596,18.727376],[-70.473498,18.727286],[-70.473397,18.727238],[-70.473359,18.727198],[-70.473283,18.727152],[-70.473092,18.727054],[-70.472826,18.726936],[-70.4728,18.726949]],[[-70.446414,18.722409],[-70.446519,18.722464],[-70.446708,18.722487],[-70.446803,18.72246],[-70.446918,18.72238],[-70.44705,18.722198],[-70.447143,18.72198],[-70.447233,18.721636],[-70.447277,18.721509],[-70.447271,18.721473],[-70.447291,18.721437],[-70.447279,18.721401],[-70.447288,18.721347],[-70.447276,18.721329],[-70.447289,18.721238],[-70.447282,18.72122],[-70.447303,18.721184],[-70.447291,18.721166],[-70.447312,18.721112],[-70.446903,18.72088],[-70.446703,18.720737],[-70.446566,18.720629],[-70.446397,18.720406]],[[-70.446378,18.718246],[-70.446426,18.718254],[-70.447053,18.718384],[-70.447623,18.718555],[-70.44789,18.718671],[-70.448136,18.71881],[-70.448283,18.718972],[-70.448367,18.719116],[-70.448404,18.719368],[-70.448389,18.719676],[-70.448363,18.71973],[-70.448498,18.720072],[-70.448511,18.720337],[-70.448644,18.720339],[-70.448701,18.720357],[-70.448853,18.72037],[-70.449118,18.72038],[-70.449327,18.720371],[-70.449573,18.720316],[-70.449705,18.720262],[-70.449823,18.720189],[-70.450044,18.719941],[-70.450232,18.719817],[-70.450384,18.719764],[-70.450573,18.719729],[-70.451084,18.719586],[-70.451311,18.719497],[-70.451536,18.719344],[-70.451753,18.719144],[-70.451859,18.719016],[-70.451998,18.718816],[-70.45206,18.718707],[-70.452109,18.718581],[-70.452162,18.718399],[-70.452193,18.71811],[-70.452185,18.717947],[-70.452193,18.717893],[-70.452184,18.717857],[-70.452197,18.717803],[-70.452195,18.71764],[-70.45217,18.717532],[-70.452193,18.717514],[-70.452183,18.717478],[-70.452192,18.717459],[-70.452243,18.717423],[-70.452247,18.717405],[-70.452219,18.717351],[-70.452072,18.716683],[-70.452064,18.716666],[-70.452026,18.716651],[-70.451994,18.716612],[-70.451933,18.716395],[-70.451916,18.716377],[-70.45191,18.716323],[-70.451866,18.716287],[-70.451842,18.716179],[-70.451813,18.716143],[-70.4518,18.716089],[-70.451705,18.715945],[-70.451671,18.715674],[-70.45159,18.715458],[-70.451543,18.715278],[-70.451505,18.715043],[-70.451484,18.714808],[-70.451468,18.714375],[-70.451477,18.714212],[-70.451565,18.713778],[-70.451621,18.71368],[-70.451963,18.713763],[-70.452191,18.713763],[-70.452456,18.713735],[-70.452683,18.713683],[-70.453005,18.713561],[-70.453194,18.713541],[-70.453289,18.713488],[-70.453308,18.713488],[-70.453555,18.713626],[-70.453612,18.713647],[-70.453632,18.713681],[-70.453716,18.713707],[-70.453802,18.713664],[-70.45384,18.713631],[-70.453886,18.713615],[-70.453914,18.713687],[-70.453954,18.713723],[-70.453977,18.713777],[-70.454031,18.713824],[-70.454104,18.713921],[-70.454256,18.714209],[-70.454314,18.714389],[-70.454411,18.714786],[-70.454402,18.714822],[-70.454409,18.714858],[-70.454432,18.714894],[-70.454255,18.715329],[-70.454196,18.715335],[-70.454121,18.715401],[-70.454064,18.715415],[-70.453687,18.715688],[-70.45353,18.715787],[-70.453065,18.716168],[-70.453059,18.716188],[-70.453033,18.716206],[-70.453028,18.716242],[-70.452999,18.716261],[-70.45299,18.716298],[-70.452902,18.716334],[-70.453072,18.716968],[-70.453091,18.716976],[-70.453204,18.716954],[-70.453262,18.716993],[-70.453338,18.716993],[-70.453471,18.717028],[-70.453774,18.717074],[-70.453831,18.717072],[-70.453964,18.717105],[-70.45404,18.717085],[-70.454116,18.717101],[-70.454173,18.717075],[-70.454211,18.717082],[-70.454249,18.717066],[-70.454287,18.717076],[-70.454324,18.717066],[-70.454419,18.717091],[-70.454438,18.717077],[-70.454514,18.717077],[-70.454552,18.717053],[-70.455331,18.717222],[-70.455369,18.717246],[-70.455411,18.717254],[-70.455445,18.717288],[-70.455521,18.717304],[-70.455553,18.717361],[-70.455588,18.717379],[-70.455607,18.717415],[-70.455655,18.717444],[-70.455694,18.717523],[-70.455885,18.717678],[-70.455944,18.717701],[-70.455999,18.717749],[-70.456056,18.71777],[-70.456095,18.7178],[-70.456494,18.717984],[-70.456571,18.718041],[-70.457181,18.71841],[-70.457326,18.718522],[-70.457563,18.718754],[-70.457639,18.718788],[-70.457658,18.718815],[-70.457697,18.718835],[-70.457716,18.718873],[-70.457773,18.718911],[-70.457997,18.719222],[-70.457993,18.719276],[-70.458063,18.719619],[-70.458196,18.719925],[-70.458257,18.719999],[-70.45839,18.72012],[-70.458524,18.720178],[-70.458619,18.720202],[-70.458827,18.720211],[-70.458979,18.720175],[-70.459035,18.720147],[-70.459167,18.720044],[-70.459341,18.719825],[-70.459487,18.719719],[-70.459536,18.719697],[-70.45969,18.719588],[-70.459808,18.719542],[-70.459883,18.719489],[-70.459959,18.71946],[-70.46045,18.719183],[-70.460638,18.719045],[-70.460883,18.718839],[-70.461,18.718764],[-70.461449,18.718548],[-70.46179,18.718422],[-70.461865,18.718413],[-70.461903,18.718384],[-70.461979,18.718354],[-70.462035,18.718337],[-70.462111,18.718341],[-70.462244,18.718371],[-70.463002,18.718301],[-70.463987,18.718167],[-70.46412,18.718104],[-70.46429,18.718049],[-70.464536,18.718013],[-70.464764,18.717993],[-70.465124,18.718029],[-70.465187,18.718027],[-70.465257,18.718071],[-70.465295,18.718076],[-70.465445,18.718169],[-70.465505,18.718191],[-70.465546,18.718223],[-70.465651,18.718367],[-70.465687,18.718439],[-70.465727,18.718601],[-70.465751,18.718818],[-70.465789,18.718944],[-70.46579,18.71898],[-70.465851,18.719196],[-70.465961,18.719503],[-70.466064,18.719737],[-70.466143,18.719881],[-70.466242,18.720038],[-70.466395,18.720238],[-70.467084,18.720973],[-70.467406,18.720961],[-70.467463,18.72097],[-70.467498,18.721009],[-70.467383,18.721154],[-70.467885,18.721457],[-70.467952,18.721511],[-70.468003,18.721583],[-70.468224,18.722286],[-70.468234,18.722376],[-70.4679,18.722849],[-70.467905,18.722885],[-70.467951,18.723029],[-70.468045,18.723191],[-70.468197,18.723407],[-70.468404,18.723658],[-70.468435,18.723695],[-70.468966,18.723619],[-70.468985,18.723628],[-70.469157,18.723822],[-70.470471,18.724461],[-70.470498,18.724455],[-70.470887,18.723675],[-70.4709,18.723422],[-70.471043,18.723005],[-70.471051,18.722932],[-70.471077,18.72286],[-70.471141,18.722841],[-70.471219,18.722642],[-70.471315,18.722551],[-70.471358,18.722442],[-70.4714,18.722261],[-70.471396,18.722225],[-70.471419,18.722171],[-70.471416,18.722116],[-70.471447,18.721917],[-70.471438,18.721737],[-70.471409,18.721556],[-70.471352,18.721394],[-70.471102,18.720836],[-70.471027,18.720692],[-70.470797,18.72041],[-70.470739,18.720358],[-70.470587,18.720276],[-70.470359,18.720205],[-70.470283,18.720205],[-70.470207,18.720221],[-70.469886,18.720346],[-70.469851,18.720376],[-70.46981,18.720389],[-70.469791,18.720421],[-70.469754,18.720425],[-70.469716,18.72049],[-70.46911,18.720382],[-70.469107,18.720364],[-70.469058,18.720328],[-70.469058,18.720237],[-70.46899,18.72013],[-70.468985,18.720093],[-70.468931,18.719985],[-70.46888,18.719841],[-70.468756,18.719571],[-70.468632,18.719337],[-70.468494,18.719121],[-70.468437,18.718977],[-70.468329,18.718816],[-70.468333,18.718779],[-70.468313,18.718743],[-70.468315,18.718707],[-70.468293,18.718671],[-70.468307,18.718635],[-70.468269,18.718581],[-70.468267,18.718563],[-70.468283,18.718545],[-70.468221,18.718437],[-70.468259,18.718382],[-70.468238,18.718238],[-70.468276,18.718183],[-70.468302,18.718075],[-70.468367,18.717957],[-70.468454,18.717839],[-70.468566,18.717603],[-70.468598,18.717494],[-70.46862,18.717241],[-70.468619,18.717133],[-70.468593,18.717042],[-70.468589,18.71688],[-70.468563,18.71679],[-70.468237,18.716086],[-70.468,18.715674],[-70.468232,18.71531],[-70.468028,18.715005],[-70.467994,18.714933],[-70.467865,18.714753],[-70.467744,18.714628],[-70.467585,18.71452],[-70.467536,18.714449],[-70.467429,18.714377],[-70.467391,18.714305],[-70.46712,18.714132],[-70.467006,18.714082],[-70.466796,18.713923],[-70.466558,18.713842],[-70.466131,18.713466],[-70.466032,18.713359],[-70.465879,18.713154],[-70.465856,18.71298],[-70.465748,18.7128],[-70.465588,18.712456],[-70.465376,18.712067],[-70.465121,18.711558],[-70.46505,18.711396],[-70.465011,18.71127],[-70.464988,18.711107],[-70.464988,18.71089],[-70.465005,18.71071],[-70.465047,18.710474],[-70.465127,18.710203],[-70.46514,18.710076],[-70.465123,18.709913],[-70.465094,18.709823],[-70.465004,18.709643],[-70.464838,18.709392],[-70.464515,18.708945],[-70.46432,18.708601],[-70.464206,18.708312],[-70.46408,18.707862],[-70.464069,18.707851],[-70.463974,18.707837],[-70.463441,18.707487],[-70.463295,18.706892],[-70.463565,18.706528],[-70.463572,18.706366],[-70.463582,18.706347],[-70.463865,18.706139],[-70.463976,18.705983],[-70.464076,18.705801],[-70.464166,18.705548],[-70.464196,18.705331],[-70.464191,18.705204],[-70.464172,18.705096],[-70.464122,18.704916],[-70.464056,18.704726]],[[-70.446422,18.713325],[-70.446574,18.71332],[-70.446801,18.713341],[-70.446991,18.713389],[-70.447111,18.713451],[-70.447163,18.713487],[-70.447208,18.71354],[-70.447225,18.713595],[-70.447267,18.71363],[-70.447301,18.713684],[-70.447354,18.713774],[-70.447356,18.71381],[-70.447399,18.713882],[-70.447424,18.713972],[-70.447075,18.714284],[-70.44698,18.714234],[-70.446942,18.714223],[-70.446904,18.71423],[-70.446789,18.714173],[-70.446713,18.714162],[-70.446485,18.71405],[-70.446342,18.713936]]]}},{"type":"Feature","properties":{"level":720.0,"major":false},"geometry":{"type":"MultiLineString","coordinates":[[[-70.472837,18.726659],[-70.472635,18.726839],[-70.4718,18.727481],[-70.471845,18.727643],[-70.472038,18.727931],[-70.472095,18.728002],[-70.472363,18.728253],[-70.472477,18.728325],[-70.472706,18.728431],[-70.472858,18.728466],[-70.473078,18.728482],[-70.473199,18.728409],[-70.473218,18.728409],[-70.473236,18.728391],[-70.473255,18.728391],[-70.473274,18.728372],[-70.473293,18.728372],[-70.473501,18.728262],[-70.473539,18.728262],[-70.473558,18.728244],[-70.473577,18.728244],[-70.473595,18.728225],[-70.473614,18.728225],[-70.473633,18.728207],[-70.473652,18.728207],[-70.473671,18.728189],[-70.47369,18.728189],[-70.473709,18.72817],[-70.473728,18.72817],[-70.473746,18.728152],[-70.473765,18.728152],[-70.473784,18.728134],[-70.473803,18.728133],[-70.473822,18.728115],[-70.473841,18.728115],[-70.47386,18.728097],[-70.473879,18.728097],[-70.473898,18.728078],[-70.473917,18.728078],[-70.473935,18.72806],[-70.473954,18.72806],[-70.473973,18.728042],[-70.473992,18.728042],[-70.474011,18.728023],[-70.47403,18.728023],[-70.474049,18.728005],[-70.474068,18.728005],[-70.474086,18.727987],[-70.474105,18.727986],[-70.474124,18.727968],[-70.474143,18.727968],[-70.474162,18.72795],[-70.474181,18.72795],[-70.4742,18.727931],[-70.474219,18.727931],[-70.474238,18.727913],[-70.474256,18.727913],[-70.474464,18.727803],[-70.474349,18.727695],[-70.474349,18.727677],[-70.474098,18.727336],[-70.47387,18.727067],[-70.473851,18.727067],[-70.473813,18.727031],[-70.473622,18.726944],[-70.473432,18.726871],[-70.473299,18.726836],[-70.472837,18.726659]],[[-70.446416,18.722623],[-70.446425,18.722629],[-70.446615,18.722689],[-70.446786,18.722688],[-70.44688,18.722647],[-70.447054,18.722505],[-70.447123,18.722414],[-70.447218,18.72224],[-70.447311,18.722015],[-70.447333,18.721925],[-70.447432,18.721671],[-70.447558,18.721399],[-70.447777,18.720999],[-70.447758,18.721009],[-70.447072,18.720619],[-70.447034,18.720609],[-70.446977,18.720564],[-70.446843,18.720488],[-70.446713,18.720393],[-70.446603,18.72025],[-70.446563,18.720123],[-70.446559,18.720033],[-70.44657,18.719943],[-70.446539,18.719852],[-70.446499,18.719582],[-70.446461,18.719437],[-70.446387,18.719317]],[[-70.44638,18.718425],[-70.446598,18.718457],[-70.446636,18.718449],[-70.446674,18.718462],[-70.446921,18.718476],[-70.44732,18.718554],[-70.447632,18.718651],[-70.447852,18.718751],[-70.448048,18.718865],[-70.448126,18.718937],[-70.448248,18.719116],[-70.44829,18.719279],[-70.448299,18.719369],[-70.44828,18.719658],[-70.448227,18.719785],[-70.448314,18.720001],[-70.448323,18.720518],[-70.449025,18.720528],[-70.449328,18.720517],[-70.449593,18.720459],[-70.449782,18.720383],[-70.449914,18.720314],[-70.450216,18.720101],[-70.450461,18.719956],[-70.450858,18.719794],[-70.451123,18.719701],[-70.451368,18.719595],[-70.451444,18.719544],[-70.451607,18.719416],[-70.451839,18.719187],[-70.451952,18.719057],[-70.452181,18.718725],[-70.452289,18.718471],[-70.452398,18.717892],[-70.452452,18.717719],[-70.45249,18.717638],[-70.452716,18.717473],[-70.452735,18.717473],[-70.452772,18.717437],[-70.45281,18.717437],[-70.452829,18.717418],[-70.453094,18.717367],[-70.453398,18.717365],[-70.453568,18.71738],[-70.453873,18.717464],[-70.454234,18.717537],[-70.454652,18.717657],[-70.455165,18.717746],[-70.455298,18.717781],[-70.455869,18.718027],[-70.456192,18.718118],[-70.456382,18.718193],[-70.456573,18.718297],[-70.456802,18.718454],[-70.457069,18.718612],[-70.457164,18.718683],[-70.45732,18.718829],[-70.457444,18.718973],[-70.457516,18.719099],[-70.457598,18.719297],[-70.457645,18.719459],[-70.457781,18.71982],[-70.457935,18.720089],[-70.458025,18.720197],[-70.458203,18.720364],[-70.458355,18.720466],[-70.45847,18.720519],[-70.458584,18.720554],[-70.458736,18.720587],[-70.458812,18.720591],[-70.458925,18.720588],[-70.459039,18.720569],[-70.459115,18.720543],[-70.459285,18.720456],[-70.45936,18.720404],[-70.45946,18.720312],[-70.459935,18.719803],[-70.460169,18.719639],[-70.460599,18.719382],[-70.460774,18.719254],[-70.461055,18.719011],[-70.461149,18.718944],[-70.461357,18.718837],[-70.461508,18.718779],[-70.461792,18.718706],[-70.461944,18.718686],[-70.462133,18.718677],[-70.462456,18.7187],[-70.462665,18.718769],[-70.462703,18.718805],[-70.462722,18.718805],[-70.462875,18.718912],[-70.46297,18.718948],[-70.463008,18.718984],[-70.463046,18.718983],[-70.463065,18.719001],[-70.463103,18.719001],[-70.463122,18.719019],[-70.463255,18.719018],[-70.463274,18.719],[-70.46335,18.718999],[-70.463369,18.718981],[-70.463406,18.718981],[-70.463425,18.718962],[-70.463444,18.718962],[-70.463538,18.718871],[-70.463557,18.718871],[-70.46367,18.718762],[-70.463689,18.718761],[-70.463802,18.718652],[-70.463821,18.718652],[-70.463896,18.718579],[-70.464085,18.718491],[-70.464312,18.718417],[-70.464539,18.718377],[-70.46507,18.718335],[-70.465089,18.718353],[-70.465127,18.718353],[-70.465146,18.718371],[-70.465241,18.718388],[-70.465317,18.718428],[-70.465432,18.718549],[-70.465587,18.718927],[-70.465954,18.719699],[-70.466142,18.720007],[-70.466338,18.720263],[-70.467208,18.721192],[-70.467708,18.721495],[-70.467819,18.721584],[-70.467847,18.721638],[-70.467925,18.721733],[-70.468107,18.722305],[-70.468122,18.722413],[-70.467857,18.722795],[-70.467882,18.722939],[-70.467945,18.723083],[-70.468021,18.723209],[-70.468173,18.723425],[-70.468436,18.723746],[-70.468455,18.723756],[-70.468871,18.723698],[-70.46912,18.723969],[-70.470873,18.724822],[-70.470911,18.724831],[-70.470911,18.724867],[-70.47093,18.724885],[-70.470931,18.724939],[-70.47095,18.724957],[-70.47095,18.724993],[-70.470969,18.725011],[-70.470969,18.725047],[-70.470989,18.725065],[-70.470989,18.725102],[-70.471008,18.725119],[-70.471008,18.725156],[-70.471027,18.725173],[-70.471028,18.725192],[-70.471104,18.725263],[-70.471123,18.725263],[-70.471295,18.725424],[-70.471314,18.725424],[-70.471467,18.725568],[-70.471486,18.725567],[-70.471639,18.725711],[-70.471658,18.725711],[-70.47183,18.725872],[-70.471831,18.725926],[-70.471849,18.725926],[-70.471849,18.725872],[-70.471868,18.725854],[-70.471867,18.725799],[-70.471791,18.72571],[-70.471791,18.725692],[-70.471771,18.725674],[-70.471771,18.725637],[-70.471752,18.72562],[-70.471752,18.725565],[-70.471732,18.725547],[-70.471731,18.725349],[-70.471712,18.725331],[-70.47171,18.72515],[-70.471691,18.725132],[-70.47169,18.72506],[-70.471671,18.725042],[-70.471671,18.725006],[-70.471652,18.724988],[-70.471651,18.724952],[-70.471632,18.724934],[-70.471613,18.724844],[-70.471516,18.724682],[-70.471516,18.724609],[-70.471497,18.724592],[-70.471496,18.724501],[-70.471477,18.724483],[-70.471476,18.724411],[-70.471457,18.724393],[-70.471456,18.724321],[-70.471437,18.724303],[-70.471437,18.724231],[-70.471417,18.724213],[-70.471415,18.723598],[-70.471431,18.723327],[-70.471502,18.723001],[-70.471665,18.72253],[-70.471675,18.722422],[-70.471634,18.721789],[-70.471604,18.721627],[-70.471554,18.721483],[-70.471234,18.720744],[-70.471158,18.7206],[-70.471007,18.720385],[-70.470856,18.720223],[-70.470699,18.720116],[-70.470566,18.720046],[-70.470395,18.719994],[-70.470262,18.719993],[-70.470129,18.720015],[-70.46977,18.720116],[-70.469694,18.720088],[-70.469655,18.720052],[-70.469598,18.720034],[-70.46956,18.719999],[-70.469503,18.719981],[-70.469465,18.719945],[-70.469408,18.719927],[-70.46937,18.719892],[-70.469313,18.719874],[-70.469274,18.719838],[-70.469255,18.719838],[-70.469236,18.71982],[-70.469179,18.719803],[-70.469141,18.719767],[-70.469122,18.719767],[-70.468983,18.719461],[-70.468833,18.719191],[-70.468832,18.719155],[-70.468851,18.719137],[-70.46885,18.71901],[-70.468869,18.718992],[-70.468868,18.718884],[-70.468887,18.718865],[-70.468886,18.718739],[-70.468904,18.718721],[-70.468903,18.718594],[-70.468922,18.718576],[-70.468921,18.718486],[-70.469128,18.718231],[-70.469252,18.718049],[-70.469352,18.71785],[-70.469354,18.717814],[-70.46937,18.717795],[-70.46937,18.717759],[-70.469389,18.717723],[-70.469407,18.717614],[-70.469404,18.717271],[-70.469305,18.716874],[-70.468652,18.71547],[-70.468572,18.715326],[-70.468415,18.715092],[-70.468207,18.714823],[-70.468015,18.71459],[-70.467901,18.714489],[-70.467176,18.714036],[-70.467043,18.713981],[-70.466795,18.713797],[-70.466173,18.713248],[-70.466021,18.713069],[-70.465908,18.712907],[-70.465677,18.712421],[-70.46547,18.712043],[-70.465309,18.711719],[-70.465163,18.711377],[-70.465125,18.711251],[-70.465106,18.711088],[-70.465107,18.710926],[-70.465137,18.71069],[-70.465174,18.710527],[-70.465285,18.710237],[-70.465314,18.710093],[-70.465312,18.709984],[-70.465281,18.70984],[-70.465145,18.709588],[-70.464993,18.709372],[-70.464628,18.708905],[-70.464532,18.708756],[-70.464411,18.708528],[-70.464243,18.708023],[-70.464204,18.707879],[-70.464173,18.70768],[-70.463954,18.707644],[-70.463604,18.707413],[-70.463472,18.706854],[-70.463885,18.706309],[-70.464032,18.706091],[-70.464173,18.705837],[-70.464229,18.70571],[-70.464277,18.705547],[-70.464309,18.70533],[-70.464291,18.705131],[-70.464234,18.704897],[-70.464169,18.704725]],[[-70.453196,18.713782],[-70.453348,18.713782],[-70.453557,18.713835],[-70.453691,18.71392],[-70.453882,18.714085],[-70.453997,18.714301],[-70.454035,18.714427],[-70.454093,18.714806],[-70.454059,18.714933],[-70.454019,18.715006],[-70.453919,18.715133],[-70.453816,18.715233],[-70.453326,18.715641],[-70.452987,18.715886],[-70.452704,18.716039],[-70.45259,18.71608],[-70.452477,18.716102],[-70.452458,18.71612],[-70.452401,18.716121],[-70.452211,18.716086],[-70.452173,18.71605],[-70.452154,18.71605],[-70.452115,18.716014],[-70.452096,18.716015],[-70.452041,18.715961],[-70.451889,18.715745],[-70.451808,18.715565],[-70.451704,18.715259],[-70.451677,18.715024],[-70.451677,18.714861],[-70.451705,18.714409],[-70.451722,18.714319],[-70.452023,18.714027],[-70.452042,18.714027],[-70.45206,18.714009],[-70.452326,18.713989],[-70.452591,18.713947],[-70.45278,18.713895],[-70.453007,18.713803],[-70.453196,18.713782]]]}},{"type":"Feature","properties":{"level":725.0,"major":false},"geometry":{"type":"MultiLineString","coordinates":[[[-70.472859,18.726496],[-70.47267,18.726528],[-70.472664,18.726552],[-70.472576,18.726634],[-70.472181,18.726937],[-70.472143,18.726959],[-70.472105,18.726934],[-70.471585,18.727338],[-70.471691,18.727536],[-70.471743,18.72768],[-70.471866,18.72789],[-70.47202,18.72809],[-70.472269,18.728331],[-70.472498,18.728485],[-70.472707,18.728586],[-70.472802,18.728618],[-70.473144,18.728694],[-70.473334,18.728758],[-70.474014,18.728435],[-70.474052,18.728429],[-70.474167,18.728484],[-70.474463,18.728706],[-70.474567,18.728756],[-70.474663,18.728818],[-70.47492,18.728945]],[[-70.474909,18.727667],[-70.474824,18.727565],[-70.474822,18.727543],[-70.474711,18.727349],[-70.474715,18.727331],[-70.474645,18.727241],[-70.474653,18.727223],[-70.474605,18.727169],[-70.473773,18.72678],[-70.473716,18.726774],[-70.473601,18.72672],[-70.473582,18.726726],[-70.47343,18.726676],[-70.473221,18.726628],[-70.472859,18.726496]],[[-70.446417,18.722759],[-70.446502,18.722799],[-70.446635,18.722828],[-70.446787,18.722828],[-70.446882,18.722799],[-70.446957,18.722756],[-70.447033,18.722694],[-70.44715,18.722577],[-70.447228,18.722468],[-70.447336,18.722286],[-70.447539,18.721833],[-70.447777,18.721379],[-70.448038,18.720979],[-70.448193,18.720823],[-70.448325,18.720743],[-70.448438,18.720717],[-70.448817,18.720681],[-70.449329,18.720658],[-70.449481,18.720631],[-70.449745,18.720551],[-70.45001,18.720408],[-70.450274,18.72022],[-70.4505,18.720077],[-70.450746,18.71996],[-70.451105,18.719814],[-70.451388,18.719678],[-70.451488,18.719615],[-70.451652,18.719494],[-70.451832,18.719324],[-70.451999,18.719142],[-70.452263,18.718796],[-70.452378,18.718597],[-70.452448,18.718433],[-70.452551,18.718053],[-70.4526,18.717926],[-70.452633,18.71789],[-70.452668,18.717817],[-70.452775,18.717735],[-70.452907,18.717668],[-70.45304,18.717631],[-70.453229,18.717622],[-70.453514,18.717646],[-70.454122,18.717813],[-70.454598,18.717962],[-70.454845,18.718009],[-70.455167,18.718038],[-70.455357,18.718078],[-70.455871,18.718241],[-70.456118,18.718291],[-70.45627,18.718335],[-70.456365,18.718367],[-70.456594,18.718491],[-70.456861,18.71866],[-70.45707,18.71881],[-70.457204,18.718936],[-70.4573,18.719059],[-70.45742,18.719298],[-70.457577,18.719785],[-70.457689,18.720037],[-70.45784,18.720307],[-70.457957,18.720448],[-70.45811,18.720587],[-70.458262,18.720688],[-70.458415,18.720761],[-70.458643,18.720829],[-70.458719,18.720841],[-70.458947,18.720846],[-70.459098,18.720823],[-70.459231,18.720786],[-70.459363,18.720713],[-70.459495,18.720609],[-70.459551,18.720551],[-70.459834,18.720201],[-70.460088,18.719946],[-70.460394,18.719727],[-70.460906,18.719389],[-70.461208,18.719163],[-70.46151,18.719023],[-70.461775,18.718957],[-70.461965,18.718934],[-70.462135,18.718942],[-70.462363,18.718987],[-70.462478,18.71904],[-70.462813,18.719256],[-70.46284,18.719292],[-70.462878,18.71931],[-70.462898,18.719344],[-70.462943,18.719364],[-70.462993,18.719434],[-70.463012,18.719439],[-70.463637,18.71934],[-70.463656,18.719302],[-70.463726,18.719267],[-70.463843,18.719065],[-70.464088,18.718861],[-70.464258,18.718779],[-70.464391,18.718733],[-70.46458,18.718688],[-70.464978,18.718655],[-70.465168,18.718705],[-70.465244,18.718766],[-70.465284,18.718839],[-70.465343,18.718893],[-70.465413,18.719019],[-70.465562,18.719217],[-70.465983,18.7199],[-70.466301,18.720311],[-70.466779,18.720814],[-70.467239,18.721343],[-70.467507,18.721515],[-70.467684,18.721658],[-70.467716,18.721725],[-70.467851,18.721889],[-70.467989,18.722324],[-70.468007,18.72245],[-70.468006,18.722468],[-70.467813,18.722741],[-70.467811,18.722777],[-70.467843,18.722922],[-70.467893,18.723048],[-70.467998,18.723228],[-70.46815,18.723443],[-70.468455,18.723819],[-70.468777,18.723776],[-70.468969,18.724002],[-70.469084,18.724116],[-70.470409,18.724763],[-70.470473,18.724889],[-70.47056,18.724996],[-70.470438,18.72525],[-70.47044,18.725285],[-70.470499,18.725445],[-70.470658,18.725628],[-70.471247,18.72613],[-70.471302,18.726239],[-70.471536,18.726507],[-70.471551,18.726516],[-70.47157,18.726507],[-70.472124,18.726195],[-70.472078,18.72596],[-70.472097,18.72587],[-70.472097,18.725725],[-70.472045,18.725635],[-70.472035,18.725527],[-70.47204,18.725328],[-70.472059,18.725292],[-70.472079,18.725165],[-70.472102,18.725129],[-70.472131,18.724966],[-70.472128,18.72493],[-70.472151,18.724876],[-70.472126,18.724803],[-70.472206,18.724712],[-70.47215,18.724442],[-70.472144,18.724171],[-70.472156,18.724033],[-70.47218,18.723918],[-70.472751,18.723046],[-70.472743,18.722955],[-70.472765,18.722847],[-70.472762,18.722666],[-70.472783,18.722594],[-70.47278,18.722377],[-70.472042,18.721887],[-70.472023,18.721844],[-70.471985,18.721835],[-70.471965,18.721788],[-70.471927,18.72179],[-70.471869,18.721611],[-70.47182,18.721571],[-70.471807,18.721517],[-70.471735,18.721444],[-70.471653,18.721319],[-70.471557,18.721121],[-70.471309,18.720455],[-70.471253,18.720347],[-70.471238,18.720293],[-70.47121,18.720257],[-70.471206,18.720184],[-70.471083,18.720077],[-70.470771,18.719692],[-70.470676,18.719662],[-70.4706,18.719669],[-70.470468,18.719659],[-70.470297,18.719631],[-70.470202,18.719637],[-70.470164,18.719626],[-70.47005,18.719637],[-70.470012,18.719623],[-70.469879,18.719636],[-70.46956,18.719456],[-70.469515,18.719366],[-70.469409,18.719114],[-70.469399,18.719042],[-70.469448,18.718644],[-70.469494,18.71859],[-70.469522,18.718499],[-70.469571,18.718426],[-70.469582,18.718372],[-70.469651,18.718209],[-70.469674,18.7181],[-70.469719,18.717991],[-70.469735,18.717919],[-70.469766,18.717341],[-70.469753,18.717178],[-70.4697,18.716962],[-70.470055,18.716543],[-70.470054,18.716525],[-70.469569,18.716005],[-70.469431,18.715984],[-70.469106,18.715286],[-70.469026,18.715266],[-70.468893,18.715209],[-70.468865,18.715161],[-70.468702,18.715032],[-70.46864,18.714946],[-70.468434,18.714749],[-70.468356,18.714659],[-70.468128,18.714447],[-70.468013,18.714357],[-70.467632,18.714138],[-70.467423,18.71406],[-70.467241,18.713945],[-70.46708,18.713879],[-70.466902,18.713749],[-70.466241,18.713194],[-70.466086,18.713014],[-70.465949,18.712798],[-70.465748,18.712366],[-70.465396,18.711682],[-70.465311,18.711484],[-70.465235,18.711268],[-70.465222,18.711196],[-70.465216,18.710961],[-70.465248,18.710744],[-70.465304,18.710545],[-70.465488,18.710127],[-70.465496,18.710019],[-70.465482,18.709911],[-70.465417,18.709767],[-70.46533,18.709623],[-70.465164,18.7094],[-70.464761,18.708916],[-70.464664,18.708779],[-70.464562,18.708599],[-70.464503,18.708473],[-70.464379,18.708094],[-70.464324,18.707896],[-70.464296,18.707733],[-70.464296,18.70748],[-70.464311,18.707354],[-70.464388,18.707028],[-70.464427,18.706919],[-70.464591,18.706574],[-70.464781,18.706284],[-70.464849,18.706157],[-70.464926,18.705957],[-70.464985,18.705704],[-70.465016,18.705487],[-70.465007,18.70527],[-70.464956,18.705017],[-70.464893,18.704837],[-70.464836,18.70472]],[[-70.446732,18.718603],[-70.446922,18.718595],[-70.447036,18.718603],[-70.447302,18.718641],[-70.447511,18.718696],[-70.447834,18.718841],[-70.447937,18.718902],[-70.448044,18.718993],[-70.448134,18.719135],[-70.448195,18.71937],[-70.448193,18.719496],[-70.448171,18.719641],[-70.448087,18.719822],[-70.448131,18.719931],[-70.448119,18.719967],[-70.448123,18.720184],[-70.448112,18.720222],[-70.448055,18.72024],[-70.447923,18.72031],[-70.447866,18.720325],[-70.44779,18.720372],[-70.447734,18.720387],[-70.447696,18.720417],[-70.447669,18.720422],[-70.447639,18.72046],[-70.447602,18.720486],[-70.447583,18.720484],[-70.447545,18.720534],[-70.447202,18.72034],[-70.447145,18.720323],[-70.446993,18.720247],[-70.446861,18.720157],[-70.446808,18.720085],[-70.446777,18.720013],[-70.446779,18.719923],[-70.446721,18.719797],[-70.44661,18.719346],[-70.446397,18.718968],[-70.446384,18.718956]],[[-70.446381,18.718611],[-70.446391,18.71861],[-70.446486,18.718625],[-70.446524,18.71861],[-70.4466,18.718615],[-70.446732,18.718603]],[[-70.45318,18.714072],[-70.453294,18.71407],[-70.453427,18.714099],[-70.453494,18.714142],[-70.45362,18.71425],[-70.453704,18.714376],[-70.453767,18.71452],[-70.453815,18.714772],[-70.453801,18.714881],[-70.4537,18.715047],[-70.453531,18.715222],[-70.45338,18.715354],[-70.452891,18.715683],[-70.452701,18.715772],[-70.452588,18.715811],[-70.452436,18.715834],[-70.452322,18.715819],[-70.452227,18.715763],[-70.452119,18.715671],[-70.452073,18.715617],[-70.452026,18.715527],[-70.451979,18.715473],[-70.451908,18.715293],[-70.451875,18.715113],[-70.451877,18.714914],[-70.451916,18.714715],[-70.451973,18.714552],[-70.452026,18.714479],[-70.452193,18.714333],[-70.452272,18.714321],[-70.452328,18.714295],[-70.452499,18.714266],[-70.452726,18.714202],[-70.45299,18.714091],[-70.45318,18.714072]],[[-70.464652,18.704722],[-70.464666,18.704749],[-70.464761,18.705019],[-70.464803,18.705236],[-70.464808,18.705452],[-70.464751,18.70576],[-70.464679,18.705976],[-70.464591,18.706159],[-70.464269,18.706667],[-70.464195,18.706812],[-70.46412,18.707012],[-70.464085,18.707157],[-70.464058,18.707301],[-70.464047,18.707468],[-70.463952,18.70746],[-70.463767,18.70734],[-70.46365,18.706817],[-70.463812,18.706599],[-70.463849,18.70652],[-70.464185,18.706035],[-70.464319,18.705763],[-70.46438,18.705564],[-70.46441,18.705365],[-70.464399,18.705166],[-70.464363,18.704986],[-70.464311,18.704824],[-70.464268,18.704725]]]}},{"type":"Feature","properties":{"level":730.0,"major":false},"geometry":{"type":"MultiLineString","coordinates":[[[-70.446418,18.722901],[-70.446447,18.722917],[-70.446504,18.722943],[-70.446713,18.722971],[-70.446845,18.722957],[-70.44694,18.722918],[-70.447031,18.722867],[-70.447072,18.722831],[-70.447269,18.722612],[-70.447441,18.722357],[-70.44762,18.722013],[-70.447705,18.721886],[-70.447933,18.721476],[-70.448159,18.721177],[-70.448327,18.721023],[-70.448478,18.720925],[-70.448667,18.720869],[-70.448894,18.720828],[-70.449273,18.720806],[-70.449425,18.720787],[-70.449652,18.720728],[-70.449803,18.720673],[-70.449992,18.720578],[-70.450558,18.720186],[-70.450803,18.720058],[-70.451257,18.719845],[-70.451596,18.719649],[-70.451672,18.719598],[-70.451879,18.719401],[-70.452048,18.719222],[-70.452344,18.718868],[-70.452458,18.718704],[-70.452586,18.718468],[-70.452703,18.71816],[-70.452759,18.71807],[-70.452872,18.717966],[-70.453042,18.717887],[-70.453326,18.717889],[-70.453497,18.717919],[-70.454163,18.718134],[-70.454429,18.718237],[-70.454648,18.71829],[-70.454828,18.718315],[-70.455113,18.718317],[-70.455435,18.718343],[-70.455948,18.71846],[-70.456157,18.718484],[-70.456328,18.718532],[-70.456576,18.718648],[-70.456938,18.718906],[-70.457075,18.71903],[-70.457141,18.71912],[-70.457259,18.719336],[-70.457423,18.719858],[-70.457596,18.720291],[-70.457692,18.720471],[-70.457769,18.720579],[-70.45796,18.720766],[-70.45815,18.720902],[-70.458284,18.720969],[-70.458474,18.721043],[-70.458702,18.721095],[-70.458949,18.721102],[-70.4591,18.72109],[-70.459327,18.721031],[-70.459441,18.720977],[-70.459516,18.720925],[-70.459683,18.720763],[-70.459931,18.720399],[-70.460004,18.720312],[-70.460239,18.72009],[-70.460512,18.719875],[-70.461229,18.719395],[-70.46155,18.719252],[-70.461683,18.719211],[-70.461853,18.71919],[-70.462024,18.71919],[-70.462233,18.719261],[-70.462405,18.719368],[-70.462538,18.71947],[-70.462631,18.719583],[-70.462722,18.719745],[-70.46275,18.719817],[-70.462788,18.719871],[-70.462789,18.719907],[-70.462827,18.719961],[-70.462827,18.719997],[-70.462846,18.720015],[-70.462847,18.720051],[-70.462866,18.720069],[-70.462885,18.720123],[-70.462943,18.720177],[-70.462943,18.720195],[-70.463,18.720249],[-70.463,18.720267],[-70.463115,18.720392],[-70.463115,18.72041],[-70.463154,18.720446],[-70.463154,18.720464],[-70.463211,18.720518],[-70.463211,18.720536],[-70.463326,18.720662],[-70.463326,18.72068],[-70.463422,18.720788],[-70.463422,18.720806],[-70.46348,18.720859],[-70.46348,18.720877],[-70.463518,18.720877],[-70.463537,18.720895],[-70.463613,18.720894],[-70.463632,18.720912],[-70.463746,18.720912],[-70.463764,18.720893],[-70.463802,18.720893],[-70.463821,18.720875],[-70.463916,18.720838],[-70.463972,18.720783],[-70.463972,18.720765],[-70.464028,18.720674],[-70.464027,18.720584],[-70.464046,18.720566],[-70.464042,18.72015],[-70.464023,18.720132],[-70.464022,18.71997],[-70.464003,18.719952],[-70.464002,18.719843],[-70.463983,18.719825],[-70.463981,18.719681],[-70.464003,18.719572],[-70.464233,18.719173],[-70.46445,18.719055],[-70.464639,18.718991],[-70.464829,18.718973],[-70.465038,18.718991],[-70.465122,18.719021],[-70.46519,18.719063],[-70.465429,18.71929],[-70.465688,18.719611],[-70.465943,18.719973],[-70.466209,18.720296],[-70.466738,18.720852],[-70.467032,18.721193],[-70.467242,18.721462],[-70.467328,18.721552],[-70.467549,18.721731],[-70.467593,18.721821],[-70.467776,18.722045],[-70.467872,18.722343],[-70.467894,18.722505],[-70.467761,18.722705],[-70.467803,18.722904],[-70.467834,18.722994],[-70.467962,18.723228],[-70.468088,18.723408],[-70.468437,18.723849],[-70.468475,18.72388],[-70.468684,18.723855],[-70.468813,18.724016],[-70.469028,18.724252],[-70.469924,18.724694],[-70.470053,18.724946],[-70.470228,18.725144],[-70.469984,18.72567],[-70.469978,18.725688],[-70.469988,18.725706],[-70.470142,18.725903],[-70.470248,18.726011],[-70.470768,18.726477],[-70.47092,18.726638],[-70.471119,18.72689],[-70.47129,18.727069],[-70.471291,18.727087],[-70.471367,18.727177],[-70.471375,18.727213],[-70.471475,18.727357],[-70.471645,18.727717],[-70.471771,18.727951],[-70.471921,18.728148],[-70.472174,18.728406],[-70.4724,18.728578],[-70.472724,18.728756],[-70.473773,18.729081],[-70.474002,18.729189],[-70.474135,18.729269],[-70.474629,18.729446],[-70.474668,18.729452],[-70.474923,18.729331]],[[-70.474904,18.727072],[-70.473656,18.726489],[-70.473618,18.726517],[-70.473542,18.726481],[-70.473524,18.726499],[-70.473485,18.726485],[-70.473467,18.726497],[-70.473409,18.726476],[-70.473372,18.726482],[-70.473239,18.726459],[-70.473144,18.726434],[-70.472896,18.726337],[-70.472498,18.726398],[-70.47246,18.726373],[-70.47246,18.726355],[-70.472403,18.726283],[-70.472402,18.726247],[-70.472386,18.726229],[-70.472344,18.726085],[-70.472324,18.725976],[-70.47231,18.725796],[-70.472321,18.725579],[-70.472339,18.72547],[-70.472395,18.725343],[-70.472657,18.724971],[-70.47277,18.724871],[-70.472789,18.724871],[-70.472807,18.724852],[-70.472845,18.724852],[-70.472864,18.724834],[-70.472902,18.724833],[-70.472921,18.724815],[-70.472959,18.724815],[-70.472978,18.724797],[-70.472997,18.724797],[-70.473053,18.72476],[-70.473091,18.72476],[-70.473148,18.724723],[-70.473224,18.724723],[-70.473242,18.724704],[-70.473527,18.724702],[-70.473546,18.724684],[-70.473622,18.724683],[-70.473641,18.724701],[-70.473773,18.7247],[-70.47383,18.724664],[-70.473868,18.724663],[-70.473925,18.724627],[-70.473962,18.724626],[-70.473981,18.724608],[-70.474019,18.724608],[-70.474038,18.72459],[-70.474095,18.724571],[-70.474246,18.724461],[-70.474245,18.724389],[-70.474264,18.724371],[-70.474263,18.724244],[-70.474281,18.724226],[-70.474281,18.72419],[-70.4743,18.724172],[-70.4743,18.724136],[-70.474318,18.724118],[-70.474318,18.724063],[-70.474337,18.724045],[-70.474336,18.723991],[-70.474355,18.723973],[-70.474353,18.723738],[-70.474334,18.72372],[-70.474334,18.723684],[-70.474314,18.723666],[-70.474295,18.723576],[-70.474237,18.723486],[-70.474237,18.72345],[-70.474218,18.723432],[-70.474217,18.723414],[-70.474102,18.723216],[-70.474082,18.723126],[-70.474044,18.723072],[-70.474044,18.723035],[-70.474024,18.723018],[-70.474024,18.722981],[-70.473995,18.722927],[-70.473915,18.722693],[-70.473889,18.722549],[-70.473885,18.722278],[-70.473904,18.722259],[-70.473904,18.722205],[-70.473922,18.722187],[-70.473922,18.722151],[-70.473941,18.722133],[-70.473941,18.722115],[-70.473959,18.722096],[-70.474015,18.721969],[-70.474053,18.721933],[-70.474053,18.721915],[-70.474109,18.721824],[-70.474127,18.721734],[-70.474146,18.721715],[-70.474145,18.721661],[-70.474164,18.721643],[-70.474164,18.721571],[-70.474182,18.721553],[-70.474181,18.721354],[-70.474162,18.721336],[-70.474161,18.721318],[-70.474142,18.7213],[-70.474142,18.721264],[-70.474123,18.721246],[-70.474103,18.721192],[-70.474065,18.721156],[-70.474046,18.721102],[-70.473893,18.720958],[-70.473874,18.720959],[-70.473778,18.720887],[-70.473759,18.720887],[-70.47374,18.720869],[-70.473702,18.72087],[-70.473645,18.720834],[-70.473569,18.720835],[-70.47355,18.720817],[-70.473398,18.720818],[-70.47338,18.720836],[-70.473304,18.720837],[-70.473247,18.720873],[-70.473152,18.720892],[-70.473058,18.720947],[-70.471949,18.719908],[-70.47193,18.719908],[-70.471701,18.719693],[-70.471775,18.719566],[-70.471775,18.719529],[-70.471794,18.719511],[-70.471793,18.719457],[-70.471812,18.719439],[-70.471812,18.719403],[-70.471793,18.719385],[-70.471773,18.719331],[-70.471582,18.719151],[-70.471563,18.719152],[-70.471468,18.71908],[-70.471278,18.719082],[-70.471259,18.7191],[-70.47124,18.719082],[-70.471013,18.719084],[-70.470974,18.719048],[-70.470917,18.71903],[-70.470879,18.718994],[-70.47086,18.718994],[-70.470822,18.718959],[-70.470803,18.718959],[-70.47065,18.718852],[-70.470593,18.718834],[-70.470555,18.718798],[-70.470536,18.718798],[-70.470498,18.718762],[-70.470479,18.718763],[-70.470441,18.718727],[-70.470422,18.718727],[-70.470269,18.71862],[-70.470212,18.718602],[-70.470174,18.718566],[-70.470155,18.718566],[-70.470116,18.71853],[-70.470098,18.718531],[-70.470059,18.718495],[-70.47004,18.718495],[-70.470067,18.718224],[-70.470124,18.717265],[-70.47012,18.717193],[-70.470093,18.717103],[-70.470101,18.717031],[-70.470797,18.716212],[-70.470817,18.716176],[-70.470836,18.716176],[-70.470873,18.716139],[-70.470892,18.716139],[-70.470987,18.716084],[-70.471025,18.716084],[-70.471043,18.716066],[-70.471062,18.716065],[-70.471157,18.71601],[-70.471195,18.71601],[-70.471289,18.715955],[-70.471289,18.715937],[-70.471327,18.715901],[-70.471326,18.715883],[-70.471364,18.715846],[-70.471364,18.715828],[-70.47142,18.715773],[-70.47142,18.715755],[-70.471458,18.715719],[-70.471458,18.715701],[-70.471495,18.715664],[-70.471495,18.715646],[-70.471533,18.71561],[-70.471532,18.715592],[-70.47157,18.715555],[-70.47157,18.715537],[-70.471626,18.715483],[-70.471626,18.715428],[-70.471588,18.715393],[-70.471568,18.715339],[-70.471453,18.715231],[-70.471435,18.715231],[-70.471339,18.715178],[-70.471301,18.715178],[-70.471282,18.71516],[-70.471244,18.71516],[-70.471225,18.715142],[-70.471187,18.715143],[-70.471168,18.715125],[-70.471073,18.715126],[-70.471054,18.715108],[-70.470277,18.715114],[-70.470258,18.715132],[-70.46986,18.715135],[-70.46984,18.715117],[-70.469575,18.715097],[-70.469423,18.715066],[-70.469213,18.714989],[-70.469042,18.714904],[-70.468832,18.714773],[-70.46849,18.714495],[-70.468126,18.714227],[-70.467669,18.713978],[-70.467326,18.713861],[-70.467098,18.713766],[-70.466353,18.713184],[-70.466249,18.713085],[-70.466086,18.71287],[-70.465828,18.712329],[-70.465525,18.711736],[-70.465436,18.711537],[-70.465331,18.711231],[-70.465329,18.71096],[-70.465365,18.710761],[-70.465421,18.7106],[-70.465466,18.710507],[-70.465663,18.710162],[-70.465676,18.710018],[-70.465657,18.709873],[-70.465494,18.709603],[-70.46522,18.70928],[-70.465012,18.709065],[-70.464831,18.70885],[-70.464756,18.708742],[-70.464648,18.708544],[-70.464575,18.708364],[-70.464455,18.707967],[-70.464415,18.707769],[-70.464414,18.707534],[-70.464426,18.707407],[-70.464543,18.706972],[-70.464667,18.706682],[-70.46474,18.706555],[-70.464906,18.706319],[-70.464963,18.70621],[-70.465037,18.706029],[-70.46511,18.705649],[-70.465126,18.705486],[-70.465109,18.705251],[-70.465044,18.704981],[-70.464965,18.704782],[-70.464934,18.704719]]]}},{"type":"Feature","properties":{"level":735.0,"major":false},"geometry":{"type":"MultiLineString","coordinates":[[[-70.446419,18.723027],[-70.446486,18.72306],[-70.446657,18.723091],[-70.44677,18.723097],[-70.446865,18.723081],[-70.446979,18.723039],[-70.447125,18.722938],[-70.447224,18.722845],[-70.447448,18.722574],[-70.447649,18.722265],[-70.447761,18.722066],[-70.447864,18.72192],[-70.448123,18.721562],[-70.448348,18.721299],[-70.448537,18.721163],[-70.448612,18.721124],[-70.448745,18.721078],[-70.448972,18.721025],[-70.449256,18.721004],[-70.449446,18.720972],[-70.449597,18.720928],[-70.449824,18.720836],[-70.449975,18.720756],[-70.450122,18.720656],[-70.450257,18.720536],[-70.450616,18.720279],[-70.451276,18.719928],[-70.451541,18.719772],[-70.451745,18.719632],[-70.451936,18.719464],[-70.452441,18.718921],[-70.452913,18.718298],[-70.452988,18.718245],[-70.453082,18.718206],[-70.453196,18.718205],[-70.453348,18.71823],[-70.453481,18.718267],[-70.453862,18.718405],[-70.454185,18.718462],[-70.454242,18.718462],[-70.454356,18.718494],[-70.454412,18.718489],[-70.454507,18.718506],[-70.454716,18.71852],[-70.455038,18.718502],[-70.455418,18.718511],[-70.455931,18.718598],[-70.456102,18.718617],[-70.456273,18.718657],[-70.45652,18.718766],[-70.456656,18.718852],[-70.456872,18.719031],[-70.456962,18.719121],[-70.457017,18.719201],[-70.457092,18.719337],[-70.457171,18.719534],[-70.45746,18.720436],[-70.457582,18.72067],[-70.457809,18.72095],[-70.457962,18.721076],[-70.458153,18.721189],[-70.4584,18.721268],[-70.458723,18.721318],[-70.458989,18.721318],[-70.459195,18.72129],[-70.459386,18.721243],[-70.459537,18.721173],[-70.45965,18.721088],[-70.459801,18.720924],[-70.460119,18.72046],[-70.460439,18.720156],[-70.460948,18.719816],[-70.461325,18.719591],[-70.461401,18.719556],[-70.461628,18.719485],[-70.461704,18.719468],[-70.461874,18.719454],[-70.461988,18.719459],[-70.462121,18.719501],[-70.462293,18.719614],[-70.462397,18.719711],[-70.462546,18.719945],[-70.462765,18.720467],[-70.463061,18.720845],[-70.463142,18.72097],[-70.463195,18.721024],[-70.463463,18.721167],[-70.463767,18.721233],[-70.4639,18.721218],[-70.464013,18.721146],[-70.464088,18.721055],[-70.464126,18.721033],[-70.464215,18.720799],[-70.464248,18.720582],[-70.464244,18.719769],[-70.464274,18.719642],[-70.464397,18.719431],[-70.464491,18.719353],[-70.464661,18.71926],[-70.464755,18.719226],[-70.464869,18.719216],[-70.465002,18.719228],[-70.465192,18.719306],[-70.465314,18.719399],[-70.465516,18.719597],[-70.466194,18.720368],[-70.466724,18.720924],[-70.467068,18.721345],[-70.467245,18.721589],[-70.467318,18.721727],[-70.467431,18.721822],[-70.467465,18.721912],[-70.467702,18.722201],[-70.467754,18.722362],[-70.467779,18.722543],[-70.467778,18.722561],[-70.467718,18.722651],[-70.467763,18.722886],[-70.467808,18.723012],[-70.46788,18.72315],[-70.468111,18.723492],[-70.468475,18.723943],[-70.46857,18.723929],[-70.468589,18.723936],[-70.46874,18.724125],[-70.468991,18.7244],[-70.46944,18.724626],[-70.469632,18.725004],[-70.469901,18.725309],[-70.469779,18.725569],[-70.469786,18.725599],[-70.47001,18.725904],[-70.470144,18.726058],[-70.470663,18.726532],[-70.471139,18.727054],[-70.471396,18.727411],[-70.471566,18.727753],[-70.471689,18.727969],[-70.471859,18.728203],[-70.471984,18.728344],[-70.472119,18.728472],[-70.472366,18.728667],[-70.472652,18.728834],[-70.472919,18.728938],[-70.473166,18.729012],[-70.47368,18.729196],[-70.474232,18.729437],[-70.474859,18.729637],[-70.474926,18.729606]],[[-70.474898,18.726479],[-70.474397,18.726589],[-70.473559,18.726208],[-70.473521,18.726255],[-70.473483,18.726242],[-70.473408,18.726282],[-70.47337,18.726276],[-70.473351,18.726289],[-70.473313,18.72629],[-70.473161,18.726272],[-70.472933,18.726177],[-70.472743,18.726202],[-70.472724,18.726195],[-70.472695,18.726154],[-70.47265,18.726046],[-70.4726,18.725812],[-70.4726,18.725703],[-70.472619,18.725577],[-70.472643,18.725522],[-70.472727,18.725395],[-70.47277,18.725359],[-70.472842,18.725268],[-70.472905,18.725214],[-70.473,18.725182],[-70.473095,18.725168],[-70.473189,18.725131],[-70.473265,18.725123],[-70.473531,18.725152],[-70.473588,18.725212],[-70.473702,18.72517],[-70.47374,18.725199],[-70.474722,18.724722],[-70.474825,18.724656],[-70.474832,18.724638],[-70.474639,18.724332],[-70.474648,18.724097],[-70.47462,18.723826],[-70.474577,18.723664],[-70.474414,18.723267],[-70.47435,18.722979],[-70.474353,18.722925],[-70.474324,18.722853],[-70.474325,18.722762],[-70.474298,18.722618],[-70.474312,18.722401],[-70.474376,18.72222],[-70.474482,18.72202],[-70.474552,18.721839],[-70.474572,18.721604],[-70.474554,18.721369],[-70.474484,18.721225],[-70.474449,18.721099],[-70.474369,18.720973],[-70.474156,18.720709],[-70.473832,18.720495],[-70.47368,18.720428],[-70.473585,18.720424],[-70.473508,18.72034],[-70.47347,18.720348],[-70.473432,18.720315],[-70.473337,18.720292],[-70.473261,18.720314],[-70.473242,18.7203],[-70.472569,18.719668],[-70.472539,18.719632],[-70.472544,18.719596],[-70.472345,18.719435],[-70.472354,18.719416],[-70.472343,18.719404],[-70.472286,18.719375],[-70.472275,18.719363],[-70.472282,18.719327],[-70.472237,18.719309],[-70.472225,18.719273],[-70.472196,18.719255],[-70.472171,18.719211],[-70.472112,18.719165],[-70.471903,18.718913],[-70.471826,18.718859],[-70.471788,18.718799],[-70.471597,18.718658],[-70.471578,18.718646],[-70.471502,18.718637],[-70.47116,18.718633],[-70.471065,18.718611],[-70.470507,18.718274],[-70.470509,18.718202],[-70.47049,18.718184],[-70.470487,18.718094],[-70.470458,18.718022],[-70.470437,18.717914],[-70.470458,18.717425],[-70.470489,18.717226],[-70.470475,18.717172],[-70.470487,18.717118],[-70.470859,18.716679],[-70.470953,18.716589],[-70.471029,18.716543],[-70.471218,18.716475],[-70.47135,18.716442],[-70.471445,18.716466],[-70.471919,18.716393],[-70.471989,18.716329],[-70.472171,18.716075],[-70.472276,18.715984],[-70.47208,18.71529],[-70.471966,18.715242],[-70.471887,18.715155],[-70.471813,18.715102],[-70.471621,18.714922],[-70.471526,18.71485],[-70.471374,18.714759],[-70.471316,18.714743],[-70.471202,18.714676],[-70.470936,18.714609],[-70.470822,18.714597],[-70.470727,18.714552],[-70.470386,18.714614],[-70.470329,18.714649],[-70.470273,18.714654],[-70.470216,18.71468],[-70.470102,18.714699],[-70.470046,18.71473],[-70.469894,18.714744],[-70.469837,18.714765],[-70.469761,18.714761],[-70.469705,18.714782],[-70.46961,18.714776],[-70.469553,18.714792],[-70.469458,18.71479],[-70.469344,18.714766],[-70.469135,18.714698],[-70.468924,18.7146],[-70.468582,18.714369],[-70.468029,18.714036],[-70.467687,18.713874],[-70.467211,18.713702],[-70.467119,18.713657],[-70.466505,18.713209],[-70.466314,18.713033],[-70.466179,18.712869],[-70.466056,18.712635],[-70.465907,18.712293],[-70.465689,18.711861],[-70.465535,18.711519],[-70.465458,18.711266],[-70.465443,18.711176],[-70.465455,18.710923],[-70.465533,18.710651],[-70.465722,18.710342],[-70.465816,18.710222],[-70.46587,18.710106],[-70.465879,18.709962],[-70.465862,18.709872],[-70.465745,18.709674],[-70.465475,18.709387],[-70.465091,18.70901],[-70.464989,18.708899],[-70.464867,18.708741],[-70.464744,18.708525],[-70.464687,18.708381],[-70.464579,18.708056],[-70.464525,18.707804],[-70.464519,18.707551],[-70.46453,18.70746],[-70.464573,18.707261],[-70.464647,18.707026],[-70.464831,18.706699],[-70.464893,18.706608],[-70.465006,18.706481],[-70.465127,18.706281],[-70.465188,18.706064],[-70.465243,18.70563],[-70.465247,18.705521],[-70.465223,18.705286],[-70.465158,18.705016],[-70.465048,18.704746],[-70.465034,18.704719]]]}},{"type":"Feature","properties":{"level":740.0,"major":false},"geometry":{"type":"MultiLineString","coordinates":[[[-70.44642,18.723153],[-70.446468,18.723178],[-70.446639,18.723213],[-70.446772,18.723223],[-70.446866,18.723208],[-70.446999,18.723169],[-70.447112,18.723098],[-70.447331,18.7229],[-70.447548,18.722646],[-70.447919,18.722101],[-70.448426,18.72153],[-70.448501,18.721464],[-70.448709,18.721337],[-70.448822,18.721285],[-70.449012,18.721225],[-70.449201,18.721215],[-70.449391,18.721184],[-70.449674,18.721086],[-70.449901,18.720981],[-70.450165,18.720792],[-70.450391,18.720587],[-70.450673,18.720372],[-70.451466,18.719909],[-70.451795,18.719685],[-70.452017,18.719503],[-70.452539,18.718975],[-70.452764,18.718718],[-70.452953,18.718578],[-70.453066,18.718534],[-70.453161,18.71853],[-70.453256,18.718548],[-70.453446,18.718617],[-70.453599,18.718695],[-70.453713,18.718731],[-70.453865,18.718747],[-70.454585,18.718739],[-70.454813,18.718722],[-70.455059,18.718687],[-70.4554,18.718678],[-70.455761,18.718713],[-70.456217,18.718784],[-70.456502,18.718902],[-70.456598,18.718965],[-70.456832,18.719194],[-70.456942,18.719374],[-70.457096,18.719753],[-70.457179,18.720059],[-70.457255,18.720402],[-70.457373,18.720726],[-70.457686,18.721176],[-70.457946,18.721372],[-70.458098,18.721443],[-70.458231,18.721479],[-70.45844,18.721513],[-70.458763,18.721542],[-70.459104,18.721525],[-70.459331,18.721488],[-70.459426,18.721466],[-70.459634,18.721368],[-70.459747,18.721283],[-70.459897,18.721122],[-70.460047,18.720922],[-70.460234,18.720614],[-70.460516,18.720322],[-70.461063,18.719975],[-70.461252,18.719865],[-70.461403,18.719795],[-70.461611,18.719737],[-70.461839,18.71972],[-70.461953,18.719733],[-70.461972,18.719751],[-70.46201,18.71975],[-70.462029,18.719768],[-70.462081,18.719786],[-70.462253,18.719947],[-70.462311,18.720019],[-70.462369,18.720127],[-70.462509,18.720451],[-70.462631,18.720794],[-70.462702,18.72092],[-70.46278,18.721027],[-70.462892,18.721153],[-70.463028,18.721238],[-70.463466,18.721463],[-70.463656,18.721527],[-70.463789,18.721553],[-70.463922,18.721561],[-70.463998,18.721542],[-70.464111,18.721485],[-70.464261,18.721341],[-70.464317,18.721241],[-70.464373,18.721105],[-70.46444,18.720743],[-70.464463,18.720002],[-70.464497,18.719839],[-70.464535,18.719731],[-70.464645,18.719609],[-70.464795,18.719494],[-70.464833,18.719493],[-70.464852,18.719475],[-70.464928,18.71946],[-70.465099,18.719474],[-70.465213,18.719527],[-70.465431,18.719688],[-70.465726,18.719956],[-70.466663,18.720943],[-70.467006,18.721374],[-70.467179,18.721644],[-70.467262,18.721802],[-70.467338,18.722004],[-70.46734,18.72204],[-70.467359,18.722058],[-70.46736,18.722166],[-70.467379,18.722184],[-70.46738,18.722329],[-70.467399,18.722347],[-70.467401,18.722491],[-70.46742,18.722509],[-70.467421,18.722636],[-70.46744,18.722654],[-70.467441,18.722762],[-70.46746,18.72278],[-70.46746,18.722834],[-70.46748,18.722852],[-70.46748,18.722888],[-70.467499,18.722906],[-70.4675,18.72296],[-70.467538,18.723014],[-70.467538,18.72305],[-70.467557,18.723068],[-70.467557,18.723086],[-70.467577,18.723104],[-70.467635,18.72323],[-70.467673,18.723266],[-70.467692,18.72332],[-70.46775,18.723374],[-70.467769,18.723428],[-70.467865,18.723536],[-70.467865,18.723554],[-70.467903,18.72359],[-70.467903,18.723608],[-70.467942,18.723644],[-70.467942,18.723662],[-70.468018,18.723733],[-70.468018,18.723751],[-70.468057,18.723787],[-70.468057,18.723805],[-70.468095,18.723841],[-70.468095,18.723859],[-70.468191,18.723949],[-70.468191,18.723967],[-70.468248,18.724021],[-70.468249,18.724039],[-70.468306,18.724093],[-70.468306,18.724111],[-70.468383,18.724182],[-70.468383,18.7242],[-70.46844,18.724254],[-70.46844,18.724272],[-70.468536,18.724362],[-70.468536,18.72438],[-70.468708,18.724541],[-70.468708,18.724559],[-70.468995,18.724828],[-70.468995,18.724846],[-70.469206,18.725045],[-70.469225,18.725079],[-70.469569,18.725459],[-70.469818,18.725815],[-70.470064,18.726121],[-70.470183,18.726242],[-70.470604,18.726623],[-70.471075,18.727125],[-70.471262,18.727376],[-70.471545,18.727898],[-70.47181,18.728276],[-70.471909,18.728389],[-70.47213,18.728598],[-70.47231,18.728741],[-70.472539,18.728884],[-70.47271,18.728973],[-70.472882,18.729045],[-70.4733,18.729187],[-70.473928,18.729438],[-70.474111,18.729522],[-70.474385,18.72961],[-70.474803,18.729723],[-70.474927,18.729771]],[[-70.474875,18.723797],[-70.474861,18.723752],[-70.474675,18.723283],[-70.474659,18.723157],[-70.474669,18.722832],[-70.474723,18.722524],[-70.474778,18.722361],[-70.474861,18.722195]],[[-70.474852,18.721086],[-70.474842,18.721077],[-70.474842,18.721059],[-70.474765,18.72097],[-70.474765,18.720952],[-70.474718,18.72088],[-70.474414,18.720466],[-70.474362,18.720418],[-70.474057,18.720198],[-70.473999,18.720144],[-70.473999,18.720126],[-70.473885,18.720019],[-70.473866,18.720019],[-70.473827,18.719983],[-70.47377,18.719966],[-70.473732,18.71993],[-70.473713,18.71993],[-70.473675,18.719894],[-70.473656,18.719894],[-70.473469,18.719715],[-70.47333,18.719535],[-70.47333,18.719517],[-70.473292,18.719481],[-70.473292,18.719463],[-70.473254,18.719427],[-70.473253,18.719409],[-70.473196,18.719356],[-70.473177,18.719356],[-70.473139,18.71932],[-70.47312,18.71932],[-70.473101,18.719302],[-70.473082,18.719302],[-70.473063,18.719284],[-70.473044,18.719285],[-70.472625,18.719088],[-70.472344,18.718874],[-70.472172,18.718641],[-70.472108,18.718515],[-70.472089,18.718497],[-70.472088,18.718479],[-70.472069,18.718461],[-70.472069,18.718425],[-70.472011,18.718335],[-70.472011,18.718299],[-70.47203,18.718281],[-70.472029,18.718226],[-70.472048,18.718208],[-70.472048,18.718136],[-70.472066,18.718118],[-70.472066,18.718045],[-70.472085,18.718027],[-70.472084,18.717955],[-70.472103,18.717937],[-70.472102,18.717864],[-70.472121,18.717846],[-70.47212,18.717792],[-70.472139,18.717774],[-70.472139,18.717701],[-70.472157,18.717683],[-70.472157,18.717611],[-70.472194,18.717556],[-70.472289,18.717519],[-70.472288,18.717483],[-70.472307,18.717465],[-70.472307,18.717429],[-70.472326,18.717411],[-70.472325,18.717375],[-70.472344,18.717356],[-70.472344,18.71732],[-70.472363,18.717302],[-70.472362,18.717248],[-70.472381,18.71723],[-70.472381,18.717193],[-70.4724,18.717175],[-70.472399,18.717139],[-70.472418,18.717121],[-70.472418,18.717085],[-70.472437,18.717067],[-70.472436,18.717012],[-70.472455,18.716994],[-70.472455,18.716958],[-70.472492,18.716922],[-70.472492,18.716903],[-70.472567,18.716831],[-70.472567,18.716813],[-70.472586,18.716805],[-70.472718,18.716668],[-70.472925,18.716502],[-70.473094,18.716339],[-70.473113,18.716338],[-70.473207,18.716247],[-70.473207,18.716229],[-70.473245,18.716193],[-70.473244,18.716175],[-70.47332,18.716102],[-70.473319,18.716084],[-70.473395,18.716011],[-70.473395,18.715993],[-70.473545,18.715829],[-70.473582,18.715738],[-70.47362,18.715702],[-70.473619,18.715684],[-70.473694,18.715557],[-70.473694,18.715521],[-70.473713,18.715502],[-70.473712,18.71543],[-70.473731,18.715412],[-70.47373,18.715358],[-70.473749,18.715339],[-70.473749,18.715303],[-70.473711,18.715249],[-70.473692,18.71525],[-70.473615,18.715196],[-70.473596,18.715196],[-70.473539,18.71516],[-70.473501,18.715161],[-70.473482,18.715143],[-70.473027,18.715146],[-70.473008,18.715165],[-70.472951,18.715165],[-70.472932,18.715147],[-70.472686,18.715149],[-70.472666,18.715131],[-70.472591,18.715132],[-70.472571,18.715114],[-70.472514,18.71511],[-70.472324,18.715042],[-70.472014,18.714829],[-70.471656,18.71447],[-70.471465,18.714327],[-70.471312,18.714238],[-70.471084,18.71413],[-70.470874,18.714007],[-70.470817,18.713989],[-70.470798,18.713971],[-70.470741,18.713972],[-70.470722,18.713954],[-70.470627,18.713936],[-70.470608,18.713918],[-70.470532,18.713919],[-70.470513,18.713937],[-70.470475,18.713938],[-70.470456,18.713956],[-70.470418,18.713956],[-70.4704,18.713974],[-70.470362,18.713975],[-70.470343,18.713993],[-70.470324,18.713993],[-70.470286,18.714029],[-70.470267,18.71403],[-70.469985,18.71428],[-70.469815,18.714374],[-70.469645,18.714446],[-70.469456,18.714503],[-70.469361,18.714506],[-70.469228,18.714488],[-70.469038,18.714435],[-70.468809,18.714327],[-70.468093,18.713938],[-70.467648,18.713746],[-70.467248,18.713601],[-70.467096,18.713531],[-70.466561,18.713154],[-70.466275,18.712871],[-70.466133,18.712616],[-70.465945,18.712166],[-70.465743,18.711752],[-70.465637,18.7115],[-70.465578,18.711283],[-70.465563,18.711175],[-70.465575,18.71094],[-70.465649,18.710696],[-70.465874,18.710378],[-70.466005,18.710232],[-70.466053,18.710159],[-70.466077,18.710087],[-70.466087,18.709996],[-70.466072,18.709888],[-70.46602,18.709762],[-70.465907,18.7096],[-70.465379,18.709152],[-70.465058,18.708848],[-70.464966,18.708722],[-70.464831,18.708488],[-70.464736,18.708236],[-70.464679,18.708056],[-70.464624,18.707785],[-70.464623,18.707604],[-70.464635,18.707478],[-70.464693,18.707242],[-70.464746,18.707097],[-70.464936,18.706807],[-70.465009,18.706716],[-70.465123,18.706606],[-70.465201,18.706497],[-70.465305,18.706334],[-70.465323,18.706262],[-70.465354,18.70599],[-70.465373,18.705538],[-70.465352,18.705358],[-70.465254,18.704997],[-70.465139,18.704727],[-70.465134,18.704718]]]}},{"type":"Feature","properties":{"level":745.0,"major":false},"geometry":{"type":"MultiLineString","coordinates":[[[-70.446421,18.723276],[-70.44645,18.723292],[-70.446754,18.723353],[-70.446886,18.723337],[-70.447038,18.723294],[-70.447302,18.723103],[-70.447441,18.722972],[-70.447665,18.722717],[-70.448048,18.722208],[-70.448184,18.722074],[-70.448373,18.721931],[-70.44841,18.721889],[-70.448467,18.721849],[-70.448543,18.721827],[-70.448618,18.721759],[-70.448675,18.721749],[-70.448807,18.721687],[-70.448883,18.721694],[-70.448977,18.721662],[-70.449053,18.721664],[-70.449319,18.721638],[-70.449527,18.721574],[-70.449645,18.721401],[-70.449666,18.721346],[-70.449752,18.721315],[-70.450035,18.721112],[-70.450185,18.720974],[-70.450317,18.720832],[-70.450636,18.720544],[-70.450957,18.720312],[-70.451504,18.719973],[-70.4519,18.719697],[-70.452089,18.719548],[-70.452575,18.719101],[-70.452804,18.718917],[-70.452842,18.718908],[-70.452936,18.718841],[-70.453012,18.718825],[-70.453087,18.718794],[-70.453201,18.7188],[-70.453315,18.718831],[-70.453601,18.718939],[-70.453848,18.718973],[-70.454246,18.718943],[-70.455117,18.71883],[-70.455288,18.718817],[-70.455515,18.718821],[-70.455762,18.718843],[-70.456142,18.71891],[-70.456275,18.718953],[-70.456408,18.719014],[-70.45652,18.719088],[-70.456643,18.719196],[-70.456717,18.719286],[-70.456849,18.719517],[-70.456967,18.719808],[-70.457037,18.720078],[-70.457096,18.720385],[-70.457199,18.720746],[-70.457307,18.72098],[-70.457515,18.721303],[-70.457566,18.721357],[-70.457796,18.721538],[-70.458005,18.721641],[-70.45829,18.721713],[-70.458727,18.721758],[-70.459049,18.721754],[-70.459428,18.721709],[-70.459579,18.721658],[-70.459693,18.721598],[-70.459862,18.72146],[-70.459954,18.721357],[-70.4602,18.721044],[-70.460409,18.720721],[-70.460669,18.720456],[-70.460858,18.720343],[-70.461198,18.720176],[-70.461349,18.720119],[-70.4615,18.720079],[-70.461709,18.720052],[-70.461899,18.720099],[-70.461994,18.720177],[-70.462042,18.720238],[-70.462106,18.720292],[-70.46223,18.72049],[-70.462372,18.72085],[-70.462459,18.720994],[-70.462679,18.721317],[-70.462706,18.721336],[-70.462744,18.721397],[-70.462859,18.721507],[-70.463096,18.721639],[-70.463202,18.721712],[-70.46345,18.721821],[-70.463598,18.721852],[-70.464021,18.722123],[-70.464059,18.722117],[-70.464078,18.722107],[-70.464412,18.721701],[-70.464407,18.721683],[-70.464435,18.721665],[-70.464413,18.721593],[-70.464451,18.721539],[-70.464452,18.721502],[-70.46449,18.721466],[-70.464494,18.721394],[-70.464527,18.721303],[-70.464575,18.721086],[-70.464614,18.72076],[-70.464637,18.720218],[-70.464703,18.719946],[-70.464739,18.71991],[-70.464783,18.719837],[-70.464892,18.719756],[-70.464987,18.719722],[-70.46512,18.719718],[-70.465234,18.719774],[-70.465272,18.719781],[-70.465482,18.719899],[-70.465656,18.720029],[-70.466021,18.72037],[-70.466356,18.72071],[-70.466612,18.720979],[-70.466744,18.721138],[-70.467021,18.721536],[-70.467179,18.721861],[-70.467217,18.721987],[-70.467289,18.722619],[-70.467336,18.722853],[-70.46739,18.723015],[-70.467463,18.723159],[-70.467694,18.723503],[-70.468001,18.723896],[-70.468366,18.724327],[-70.469149,18.725111],[-70.469456,18.725452],[-70.469839,18.725975],[-70.469993,18.72616],[-70.470108,18.726284],[-70.470552,18.726695],[-70.470834,18.726977],[-70.471007,18.727168],[-70.471151,18.727359],[-70.471485,18.727935],[-70.471721,18.728276],[-70.471852,18.728439],[-70.472082,18.728656],[-70.472254,18.728797],[-70.472483,18.728952],[-70.472825,18.729119],[-70.474062,18.7296],[-70.474671,18.729774],[-70.474928,18.729868]],[[-70.474841,18.719847],[-70.474527,18.71976],[-70.474355,18.71963],[-70.474279,18.719545],[-70.474107,18.71944],[-70.47405,18.719391],[-70.47382,18.7191],[-70.473591,18.718977],[-70.473572,18.718953],[-70.47342,18.718929],[-70.473344,18.718897],[-70.473268,18.71888],[-70.472868,18.718704],[-70.472718,18.718582],[-70.472659,18.71851],[-70.472559,18.718349],[-70.472475,18.718151],[-70.472548,18.71777],[-70.472554,18.717752],[-70.472609,18.717716],[-70.472643,18.717426],[-70.47276,18.717046],[-70.472912,18.71681],[-70.473003,18.716719],[-70.473663,18.715955],[-70.473834,18.715736],[-70.473898,18.715627],[-70.473941,18.715591],[-70.473978,18.715505],[-70.474016,18.715469],[-70.474023,18.715446],[-70.47414,18.715336],[-70.473991,18.71494],[-70.473973,18.714921],[-70.473916,18.714915],[-70.473878,18.714892],[-70.473726,18.714891],[-70.473669,18.714869],[-70.473631,18.714873],[-70.473574,18.714857],[-70.473006,18.714899],[-70.472816,18.714894],[-70.472626,18.714864],[-70.472455,18.714812],[-70.472169,18.714644],[-70.471803,18.714307],[-70.471538,18.714089],[-70.470928,18.713721],[-70.4707,18.713615],[-70.470548,18.713575],[-70.470434,18.713575],[-70.470377,18.713588],[-70.470188,18.713672],[-70.470004,18.713833],[-70.469774,18.714088],[-70.469643,18.714177],[-70.469548,18.71422],[-70.469454,18.714254],[-70.46934,18.714271],[-70.469207,18.714271],[-70.468979,18.714224],[-70.46877,18.714145],[-70.467936,18.713759],[-70.467304,18.713521],[-70.467114,18.713437],[-70.466656,18.713128],[-70.466422,18.712921],[-70.466323,18.712795],[-70.466211,18.712598],[-70.466014,18.712111],[-70.465867,18.711787],[-70.465735,18.711427],[-70.465699,18.711282],[-70.465685,18.711156],[-70.465702,18.710957],[-70.465767,18.710758],[-70.465873,18.710594],[-70.466139,18.710302],[-70.466241,18.710158],[-70.466283,18.710013],[-70.466268,18.709868],[-70.466171,18.70967],[-70.466056,18.709533],[-70.46598,18.709467],[-70.465445,18.70908],[-70.465197,18.708859],[-70.465063,18.708699],[-70.464914,18.708451],[-70.464769,18.708037],[-70.464729,18.70782],[-70.464723,18.707676],[-70.464744,18.707513],[-70.464799,18.707314],[-70.464879,18.707148],[-70.464996,18.706987],[-70.465142,18.70684],[-70.465273,18.706736],[-70.465428,18.706586],[-70.465518,18.706441],[-70.465538,18.706278],[-70.465547,18.705573],[-70.46552,18.705338],[-70.465474,18.705176],[-70.465377,18.704942],[-70.465247,18.704717]]]}},{"type":"Feature","properties":{"level":750.0,"major":true},"geometry":{"type":"MultiLineString","coordinates":[[[-70.446422,18.723397],[-70.446508,18.723429],[-70.446736,18.723483],[-70.446831,18.72348],[-70.44702,18.723443],[-70.447133,18.723384],[-70.447397,18.723188],[-70.447676,18.722916],[-70.448158,18.722334],[-70.448263,18.722243],[-70.448469,18.722116],[-70.448602,18.722079],[-70.448772,18.722064],[-70.449057,18.722091],[-70.449228,18.72209],[-70.449398,18.722068],[-70.449474,18.722053],[-70.449625,18.721997],[-70.4497,18.721942],[-70.449719,18.721942],[-70.449757,18.721906],[-70.449814,18.721887],[-70.44987,18.721833],[-70.449889,18.721833],[-70.449927,18.721796],[-70.449925,18.721597],[-70.449963,18.721543],[-70.449962,18.721507],[-70.449981,18.721488],[-70.450018,18.721398],[-70.45021,18.721198],[-70.450471,18.72087],[-70.450712,18.720633],[-70.451034,18.720378],[-70.451241,18.720248],[-70.451958,18.719748],[-70.452146,18.719605],[-70.45241,18.719376],[-70.452655,18.71919],[-70.452787,18.719113],[-70.452862,18.719082],[-70.452976,18.719056],[-70.453109,18.719052],[-70.453299,18.719082],[-70.453641,18.719181],[-70.453736,18.719197],[-70.453869,18.719198],[-70.454134,18.71916],[-70.455005,18.718992],[-70.455327,18.718956],[-70.455516,18.718957],[-70.455934,18.719003],[-70.456152,18.719055],[-70.456313,18.719126],[-70.456429,18.719199],[-70.456537,18.719287],[-70.456721,18.719575],[-70.456807,18.719755],[-70.45688,18.720025],[-70.456971,18.720531],[-70.457051,18.720819],[-70.457147,18.721091],[-70.457263,18.721305],[-70.457348,18.721431],[-70.457412,18.721503],[-70.457664,18.721715],[-70.457912,18.721841],[-70.45814,18.721911],[-70.45833,18.721945],[-70.458937,18.721983],[-70.459354,18.721958],[-70.459525,18.721929],[-70.459619,18.7219],[-70.459789,18.72181],[-70.459996,18.721627],[-70.460347,18.721173],[-70.460542,18.720882],[-70.460822,18.720594],[-70.461068,18.720481],[-70.461389,18.720388],[-70.461598,18.720386],[-70.461693,18.72044],[-70.461731,18.720439],[-70.46175,18.720457],[-70.461845,18.720493],[-70.461895,18.720528],[-70.461941,18.720582],[-70.461941,18.7206],[-70.461979,18.720636],[-70.461979,18.720654],[-70.462018,18.72069],[-70.462083,18.720852],[-70.462134,18.720942],[-70.462598,18.721679],[-70.462748,18.721823],[-70.462901,18.721948],[-70.46292,18.721948],[-70.462939,18.721966],[-70.463274,18.722126],[-70.463282,18.722144],[-70.463263,18.722162],[-70.463263,18.72218],[-70.463245,18.722198],[-70.463245,18.722217],[-70.463226,18.722235],[-70.463226,18.722253],[-70.463114,18.722453],[-70.463114,18.722489],[-70.463095,18.722507],[-70.463096,18.722525],[-70.463077,18.722543],[-70.463077,18.722561],[-70.463058,18.722579],[-70.463058,18.722598],[-70.463039,18.722616],[-70.46304,18.722634],[-70.463021,18.722652],[-70.463021,18.72267],[-70.463002,18.722688],[-70.463002,18.722706],[-70.462984,18.722725],[-70.462984,18.722743],[-70.462965,18.722761],[-70.462965,18.722779],[-70.462946,18.722797],[-70.462946,18.722815],[-70.462928,18.722833],[-70.462928,18.722852],[-70.462909,18.72287],[-70.462909,18.722888],[-70.462797,18.723087],[-70.462797,18.723124],[-70.462778,18.723142],[-70.462779,18.72316],[-70.46276,18.723178],[-70.46276,18.723196],[-70.462741,18.723214],[-70.462741,18.723232],[-70.462723,18.723251],[-70.462723,18.723269],[-70.462704,18.723287],[-70.462704,18.723305],[-70.462685,18.723323],[-70.462685,18.723341],[-70.462667,18.72336],[-70.462667,18.723378],[-70.462648,18.723396],[-70.462648,18.723414],[-70.462629,18.723432],[-70.462629,18.72345],[-70.462611,18.723468],[-70.462555,18.723595],[-70.462536,18.723614],[-70.462479,18.723614],[-70.46246,18.723596],[-70.462365,18.723597],[-70.462346,18.723579],[-70.462308,18.723579],[-70.462289,18.723597],[-70.462251,18.723598],[-70.462195,18.723634],[-70.462157,18.723635],[-70.462119,18.723671],[-70.4621,18.723671],[-70.461931,18.723835],[-70.461912,18.723835],[-70.461762,18.723981],[-70.461762,18.723999],[-70.461743,18.724017],[-70.461743,18.724053],[-70.461724,18.724072],[-70.461725,18.724126],[-70.461706,18.724144],[-70.461708,18.724343],[-70.461727,18.724361],[-70.461728,18.724451],[-70.461842,18.724559],[-70.461861,18.724559],[-70.461976,18.724648],[-70.462014,18.724648],[-70.462071,18.724683],[-70.462204,18.724682],[-70.462223,18.724664],[-70.462298,18.724664],[-70.462317,18.724645],[-70.462355,18.724645],[-70.462374,18.724627],[-70.462468,18.72459],[-70.462506,18.724554],[-70.462638,18.724498],[-70.462676,18.724462],[-70.462695,18.724462],[-70.462827,18.724334],[-70.462827,18.724316],[-70.462958,18.724189],[-70.462958,18.72417],[-70.462977,18.724152],[-70.462975,18.723954],[-70.462917,18.723864],[-70.46414,18.722679],[-70.464159,18.722679],[-70.464274,18.722769],[-70.464293,18.722769],[-70.464388,18.722822],[-70.464426,18.722822],[-70.464445,18.72284],[-70.464483,18.722839],[-70.464502,18.722857],[-70.46454,18.722857],[-70.464559,18.722875],[-70.464749,18.722873],[-70.464767,18.722855],[-70.464843,18.722855],[-70.464862,18.722836],[-70.4649,18.722836],[-70.464994,18.722745],[-70.464994,18.722727],[-70.465013,18.722709],[-70.465012,18.722673],[-70.465031,18.722654],[-70.465031,18.722582],[-70.465049,18.722564],[-70.465048,18.722437],[-70.465029,18.722419],[-70.465029,18.722365],[-70.46501,18.722347],[-70.46499,18.722257],[-70.464952,18.722203],[-70.464932,18.722113],[-70.464836,18.721951],[-70.464835,18.721915],[-70.464816,18.721897],[-70.464742,18.721681],[-70.464726,18.721554],[-70.464726,18.721446],[-70.464782,18.720903],[-70.464803,18.720361],[-70.464839,18.720198],[-70.464895,18.720089],[-70.464953,18.720035],[-70.465012,18.719998],[-70.465103,18.719964],[-70.465255,18.719961],[-70.465388,18.719998],[-70.465464,18.720032],[-70.465747,18.720227],[-70.465998,18.720448],[-70.466324,18.720765],[-70.466682,18.72116],[-70.466847,18.721393],[-70.466942,18.721555],[-70.467014,18.721699],[-70.467071,18.721861],[-70.467105,18.721988],[-70.467156,18.722584],[-70.467202,18.722836],[-70.467235,18.722962],[-70.467276,18.723052],[-70.467414,18.723286],[-70.46781,18.723816],[-70.468295,18.724382],[-70.468978,18.725048],[-70.46939,18.725494],[-70.469629,18.72581],[-70.469766,18.726015],[-70.470032,18.726324],[-70.470765,18.727019],[-70.470944,18.727216],[-70.47108,18.727396],[-70.47139,18.727917],[-70.471659,18.728313],[-70.471796,18.728488],[-70.472102,18.728777],[-70.472426,18.729017],[-70.472788,18.729199],[-70.473093,18.729331],[-70.473664,18.729565],[-70.474253,18.729751],[-70.474672,18.729865],[-70.474929,18.729961]],[[-70.474828,18.718349],[-70.474799,18.718349],[-70.474781,18.718367],[-70.474743,18.718368],[-70.474724,18.718386],[-70.474667,18.718386],[-70.474648,18.718404],[-70.47461,18.718405],[-70.474591,18.718423],[-70.474535,18.718423],[-70.474516,18.718442],[-70.474459,18.718442],[-70.47444,18.71846],[-70.474402,18.718461],[-70.474383,18.718479],[-70.474326,18.718479],[-70.474308,18.718498],[-70.47427,18.718498],[-70.474251,18.718516],[-70.474194,18.718516],[-70.474175,18.718535],[-70.474099,18.718535],[-70.47408,18.718517],[-70.474004,18.718518],[-70.473985,18.7185],[-70.473473,18.718465],[-70.473359,18.718432],[-70.473149,18.718343],[-70.473073,18.718268],[-70.473025,18.7182],[-70.472977,18.71811],[-70.472938,18.718002],[-70.472922,18.717876],[-70.472936,18.717677],[-70.473009,18.717225],[-70.473122,18.716935],[-70.473297,18.716644],[-70.473499,18.716371],[-70.473962,18.715877],[-70.474113,18.715734],[-70.474527,18.715388],[-70.474527,18.715369],[-70.474546,18.715369],[-70.474734,18.715205],[-70.474753,18.715205],[-70.4748,18.71516]],[[-70.474797,18.714755],[-70.474787,18.714753],[-70.47473,18.714717],[-70.474692,18.714718],[-70.474635,18.714682],[-70.474597,18.714682],[-70.474578,18.714664],[-70.474559,18.714664],[-70.47454,18.714647],[-70.474502,18.714647],[-70.474445,18.714611],[-70.47416,18.714559],[-70.473723,18.714556],[-70.473193,18.714639],[-70.473004,18.714652],[-70.472833,18.714642],[-70.472548,18.714569],[-70.472357,18.714478],[-70.472281,18.714429],[-70.471574,18.713822],[-70.471383,18.713677],[-70.471168,18.713535],[-70.47083,18.713328],[-70.470659,18.713267],[-70.470507,18.713233],[-70.470298,18.713237],[-70.470185,18.713276],[-70.47001,18.713381],[-70.469921,18.713454],[-70.469752,18.713636],[-70.469551,18.713909],[-70.469451,18.713993],[-70.469338,18.714037],[-70.469224,18.714056],[-70.469016,18.714057],[-70.468921,18.71404],[-70.46875,18.713987],[-70.46795,18.713656],[-70.467475,18.713485],[-70.467132,18.713348],[-70.466846,18.71317],[-70.466608,18.712992],[-70.466487,18.712885],[-70.466385,18.712741],[-70.46628,18.712561],[-70.466043,18.711966],[-70.465869,18.711498],[-70.465826,18.711318],[-70.465814,18.711173],[-70.465827,18.710992],[-70.465878,18.710837],[-70.465934,18.71072],[-70.466256,18.710393],[-70.466366,18.710267],[-70.466438,18.710156],[-70.466478,18.710029],[-70.466475,18.709921],[-70.466457,18.709831],[-70.466412,18.709723],[-70.466322,18.709579],[-70.466152,18.709418],[-70.46594,18.709274],[-70.465635,18.709098],[-70.465311,18.708846],[-70.465215,18.708742],[-70.465042,18.70851],[-70.465004,18.708427],[-70.464907,18.70818],[-70.464828,18.707838],[-70.464822,18.707729],[-70.464847,18.707548],[-70.4649,18.707398],[-70.46501,18.707204],[-70.465087,18.707116],[-70.465219,18.70701],[-70.465558,18.706776],[-70.465671,18.706666],[-70.465703,18.70662],[-70.465736,18.706529],[-70.46575,18.706439],[-70.465751,18.706276],[-70.465714,18.705789],[-70.465723,18.705572],[-70.465696,18.705337],[-70.465655,18.705193],[-70.465536,18.704941],[-70.465371,18.704716]]]}},{"type":"Feature","properties":{"level":755.0,"major":false},"geometry":{"type":"MultiLineString","coordinates":[[[-70.446486,18.730928],[-70.446535,18.73084],[-70.446581,18.730695],[-70.446597,18.730568],[-70.446564,18.730388],[-70.446503,18.730244],[-70.44648,18.730208]],[[-70.446423,18.723525],[-70.446433,18.72353],[-70.446585,18.723589],[-70.446756,18.723626],[-70.446889,18.723617],[-70.44704,18.723585],[-70.44721,18.723498],[-70.447512,18.723307],[-70.447794,18.723041],[-70.448095,18.722694],[-70.448168,18.722641],[-70.448208,18.722591],[-70.448264,18.722554],[-70.448302,18.722511],[-70.448453,18.722428],[-70.448491,18.722423],[-70.448585,18.722382],[-70.448756,18.722374],[-70.449211,18.722427],[-70.449439,18.722432],[-70.449477,18.722445],[-70.449515,18.722435],[-70.449591,18.722452],[-70.449667,18.722431],[-70.449762,18.72246],[-70.449781,18.722447],[-70.449813,18.722448],[-70.449856,18.72242],[-70.450313,18.722064],[-70.450302,18.721992],[-70.450347,18.721955],[-70.450278,18.721595],[-70.450282,18.721558],[-70.450342,18.721431],[-70.450362,18.721341],[-70.450409,18.721286],[-70.450424,18.721214],[-70.450517,18.721051],[-70.450652,18.720869],[-70.450884,18.720642],[-70.451114,18.72045],[-70.45209,18.719744],[-70.452435,18.719482],[-70.452732,18.719299],[-70.452845,18.719252],[-70.452958,18.719226],[-70.45311,18.719221],[-70.453281,18.719247],[-70.453604,18.719323],[-70.453718,18.719338],[-70.45387,18.719338],[-70.454305,18.719268],[-70.454722,18.719176],[-70.455082,18.719113],[-70.455347,18.719091],[-70.455575,18.7191],[-70.455726,18.719115],[-70.455935,18.719154],[-70.456088,18.719202],[-70.456316,18.719321],[-70.456371,18.719361],[-70.456438,18.719432],[-70.456588,18.719648],[-70.456665,18.719792],[-70.456735,18.720045],[-70.456842,18.720586],[-70.456923,18.720874],[-70.45702,18.721163],[-70.457119,18.721361],[-70.457226,18.721521],[-70.457284,18.721586],[-70.45757,18.721834],[-70.457685,18.721914],[-70.457856,18.722006],[-70.458066,18.722087],[-70.458332,18.722145],[-70.458844,18.722203],[-70.459034,18.722213],[-70.45947,18.722207],[-70.459679,18.722176],[-70.45983,18.722137],[-70.459981,18.72206],[-70.460163,18.721897],[-70.460263,18.721753],[-70.460339,18.721607],[-70.460647,18.721189],[-70.460698,18.721152],[-70.460769,18.721067],[-70.460826,18.721043],[-70.460939,18.72093],[-70.461128,18.720863],[-70.461185,18.720864],[-70.461317,18.720829],[-70.461355,18.720837],[-70.46145,18.72083],[-70.46164,18.720903],[-70.461756,18.721078],[-70.46188,18.721215],[-70.46235,18.721896],[-70.462475,18.722042],[-70.46249,18.722096],[-70.462529,18.722132],[-70.462524,18.722204],[-70.4626,18.72224],[-70.462638,18.722274],[-70.462638,18.722301],[-70.462681,18.722347],[-70.462285,18.723137],[-70.462266,18.723144],[-70.462171,18.723128],[-70.462021,18.72329],[-70.461831,18.723366],[-70.461757,18.723409],[-70.461474,18.723657],[-70.461415,18.723767],[-70.461392,18.723839],[-70.461412,18.724417],[-70.461425,18.724499],[-70.461479,18.724634],[-70.461538,18.724724],[-70.461617,18.724807],[-70.461652,18.724867],[-70.46168,18.724885],[-70.461756,18.724975],[-70.461885,18.725059],[-70.461999,18.725096],[-70.462075,18.725104],[-70.462207,18.725091],[-70.462397,18.725046],[-70.462512,18.725005],[-70.46285,18.724835],[-70.46302,18.724732],[-70.463321,18.724483],[-70.463421,18.724384],[-70.463445,18.724329],[-70.463522,18.72422],[-70.463572,18.724021],[-70.463583,18.723895],[-70.463571,18.723858],[-70.463584,18.723786],[-70.463611,18.723732],[-70.46422,18.723147],[-70.464296,18.723173],[-70.464315,18.723161],[-70.464353,18.723169],[-70.464391,18.723146],[-70.464448,18.723166],[-70.464486,18.723156],[-70.464505,18.723163],[-70.464542,18.723147],[-70.464789,18.723111],[-70.464959,18.723058],[-70.465129,18.722987],[-70.465167,18.722951],[-70.465223,18.722924],[-70.465353,18.722706],[-70.465307,18.722598],[-70.465309,18.722544],[-70.465268,18.722472],[-70.46522,18.722328],[-70.464959,18.721769],[-70.464921,18.721661],[-70.464899,18.721445],[-70.464951,18.720794],[-70.464998,18.720486],[-70.46504,18.720413],[-70.465066,18.720323],[-70.465124,18.72026],[-70.465219,18.720195],[-70.465332,18.720185],[-70.465542,18.720242],[-70.465656,18.720301],[-70.465808,18.720407],[-70.465999,18.720565],[-70.466293,18.720837],[-70.46642,18.720964],[-70.466631,18.721205],[-70.466739,18.721358],[-70.466829,18.72152],[-70.466894,18.721646],[-70.46697,18.721862],[-70.467008,18.722097],[-70.467008,18.722512],[-70.467023,18.722747],[-70.467046,18.722892],[-70.467069,18.722982],[-70.467223,18.723234],[-70.467345,18.723377],[-70.467532,18.723629],[-70.468176,18.724379],[-70.468909,18.725082],[-70.469282,18.725476],[-70.46957,18.725854],[-70.469707,18.726053],[-70.470052,18.726455],[-70.470784,18.727145],[-70.47101,18.727433],[-70.471205,18.727756],[-70.471605,18.728358],[-70.471772,18.728565],[-70.472045,18.728824],[-70.472351,18.729056],[-70.47256,18.729179],[-70.472732,18.729265],[-70.473341,18.729535],[-70.473627,18.729648],[-70.474254,18.72984],[-70.474615,18.729936],[-70.474863,18.730019],[-70.474929,18.73005]],[[-70.474824,18.717909],[-70.474641,18.717953],[-70.474525,18.718008],[-70.474134,18.718117],[-70.474096,18.718113],[-70.473868,18.718142],[-70.473641,18.71813],[-70.473489,18.71809],[-70.473355,18.718031],[-70.473284,18.717963],[-70.47321,18.717801],[-70.473183,18.717458],[-70.473206,18.717241],[-70.473242,18.717096],[-70.473298,18.716951],[-70.473439,18.716697],[-70.473631,18.716425],[-70.473721,18.716316],[-70.474039,18.715986],[-70.474378,18.715697],[-70.474802,18.715395]],[[-70.474794,18.714451],[-70.474461,18.714333],[-70.474043,18.714217],[-70.473777,18.714224],[-70.473645,18.714271],[-70.47338,18.714341],[-70.473058,18.714397],[-70.472888,18.714397],[-70.472641,18.714347],[-70.472469,18.714276],[-70.472336,18.714207],[-70.472141,18.714069],[-70.471897,18.71388],[-70.47153,18.71355],[-70.471119,18.71321],[-70.471059,18.713138],[-70.47098,18.713088],[-70.470961,18.713058],[-70.470865,18.712985],[-70.470827,18.712942],[-70.470637,18.71288],[-70.470485,18.712891],[-70.470428,18.712914],[-70.47039,18.712912],[-70.470296,18.712937],[-70.470088,18.71304],[-70.469862,18.713195],[-70.469786,18.713261],[-70.469435,18.713657],[-70.469317,18.713768],[-70.469203,18.713819],[-70.468976,18.713852],[-70.46871,18.71381],[-70.468292,18.713685],[-70.467873,18.713526],[-70.467379,18.713357],[-70.46715,18.713264],[-70.466902,18.713114],[-70.46675,18.713005],[-70.466559,18.712838],[-70.466452,18.712704],[-70.4664,18.712614],[-70.466269,18.712308],[-70.466012,18.711551],[-70.465982,18.711407],[-70.465965,18.711226],[-70.465971,18.711063],[-70.465989,18.710973],[-70.466071,18.710792],[-70.466155,18.710682],[-70.466422,18.710391],[-70.466537,18.71021],[-70.466576,18.710101],[-70.466591,18.71001],[-70.46658,18.709848],[-70.46655,18.70974],[-70.466463,18.70956],[-70.466416,18.709488],[-70.466359,18.709429],[-70.46613,18.70926],[-70.465691,18.709013],[-70.46555,18.708916],[-70.465386,18.708777],[-70.465315,18.708701],[-70.465213,18.708579],[-70.465081,18.708342],[-70.464958,18.708017],[-70.464936,18.707855],[-70.464936,18.707656],[-70.464965,18.707565],[-70.465033,18.707436],[-70.46514,18.707275],[-70.465315,18.707137],[-70.465654,18.706928],[-70.465771,18.706836],[-70.46588,18.706733],[-70.465958,18.7066],[-70.465974,18.706473],[-70.465894,18.70595],[-70.465884,18.705769],[-70.465894,18.705516],[-70.46587,18.705299],[-70.465846,18.705191],[-70.465784,18.705029],[-70.465694,18.704882],[-70.46555,18.704715]]]}},{"type":"Feature","properties":{"level":760.0,"major":false},"geometry":{"type":"MultiLineString","coordinates":[[[-70.446489,18.731244],[-70.44661,18.73111],[-70.446761,18.730856],[-70.446829,18.730639],[-70.446829,18.730512],[-70.446794,18.730368],[-70.446749,18.73026],[-70.446477,18.729843]],[[-70.446424,18.723658],[-70.446529,18.723713],[-70.446738,18.723768],[-70.446852,18.723771],[-70.44706,18.723734],[-70.44757,18.723464],[-70.447664,18.723401],[-70.447913,18.723167],[-70.448115,18.722931],[-70.448229,18.722827],[-70.448417,18.722716],[-70.448493,18.722693],[-70.448607,18.722678],[-70.448777,18.72269],[-70.449195,18.722761],[-70.449366,18.722795],[-70.44948,18.722833],[-70.449861,18.722989],[-70.449994,18.723061],[-70.450013,18.72306],[-70.450071,18.723114],[-70.45009,18.723114],[-70.450128,18.72315],[-70.450147,18.72315],[-70.4503,18.723257],[-70.450357,18.723275],[-70.450395,18.72331],[-70.450452,18.723328],[-70.45049,18.723364],[-70.450509,18.723364],[-70.450547,18.7234],[-70.450566,18.723399],[-70.450719,18.723507],[-70.450776,18.723524],[-70.450833,18.723578],[-70.450852,18.723578],[-70.450929,18.72365],[-70.450948,18.72365],[-70.450986,18.723685],[-70.451005,18.723685],[-70.451024,18.723703],[-70.451062,18.723703],[-70.451081,18.723721],[-70.451214,18.72372],[-70.451233,18.723702],[-70.451328,18.723701],[-70.451346,18.723683],[-70.451365,18.723682],[-70.451365,18.723592],[-70.451345,18.723574],[-70.451345,18.723502],[-70.451326,18.723484],[-70.451325,18.723412],[-70.451306,18.723394],[-70.451306,18.723358],[-70.451248,18.723268],[-70.451248,18.723232],[-70.451209,18.723178],[-70.451209,18.723141],[-70.451151,18.723052],[-70.451151,18.722997],[-70.451132,18.722979],[-70.451112,18.722889],[-70.451093,18.722871],[-70.451093,18.722853],[-70.451074,18.722835],[-70.451073,18.722817],[-70.451054,18.722799],[-70.451054,18.722781],[-70.451035,18.722763],[-70.451035,18.722745],[-70.451016,18.722727],[-70.451016,18.722709],[-70.450997,18.722691],[-70.450996,18.722673],[-70.450977,18.722655],[-70.450919,18.722529],[-70.450881,18.722493],[-70.450881,18.722475],[-70.450862,18.722457],[-70.450861,18.722421],[-70.450823,18.722367],[-70.450823,18.722331],[-70.450804,18.722313],[-70.450803,18.722277],[-70.450788,18.722259],[-70.450783,18.722169],[-70.450704,18.72179],[-70.45065,18.721628],[-70.450611,18.721447],[-70.450607,18.721303],[-70.450652,18.72114],[-70.450754,18.720958],[-70.450886,18.72081],[-70.451074,18.720623],[-70.451318,18.720409],[-70.451752,18.72008],[-70.452204,18.719754],[-70.452481,18.719572],[-70.452647,18.71948],[-70.45277,18.71943],[-70.452903,18.719397],[-70.453111,18.719387],[-70.453244,18.719404],[-70.453282,18.719419],[-70.453586,18.719472],[-70.45389,18.719475],[-70.454193,18.719431],[-70.454666,18.71932],[-70.455083,18.719245],[-70.455348,18.719226],[-70.455595,18.71924],[-70.45588,18.719293],[-70.456017,18.719345],[-70.456165,18.719423],[-70.456242,18.719472],[-70.456297,18.719524],[-70.456452,18.719721],[-70.456529,18.719853],[-70.456588,18.720064],[-70.456638,18.720353],[-70.456808,18.720984],[-70.456844,18.72111],[-70.456967,18.721398],[-70.457053,18.721542],[-70.457171,18.72168],[-70.457419,18.721906],[-70.457592,18.722044],[-70.45782,18.722183],[-70.457972,18.722253],[-70.458086,18.722291],[-70.45822,18.722328],[-70.45841,18.722362],[-70.458884,18.722431],[-70.459416,18.722468],[-70.459624,18.722462],[-70.459795,18.722441],[-70.460003,18.722392],[-70.460154,18.722322],[-70.460248,18.722258],[-70.460267,18.722258],[-70.460306,18.722294],[-70.460325,18.722294],[-70.4613,18.72319],[-70.461243,18.723262],[-70.461243,18.72328],[-70.461168,18.723371],[-70.461078,18.723553],[-70.461122,18.724564],[-70.461161,18.724672],[-70.461342,18.725032],[-70.46145,18.725212],[-70.461488,18.725248],[-70.461488,18.725266],[-70.461641,18.725392],[-70.461755,18.725461],[-70.461869,18.725496],[-70.461983,18.725513],[-70.462078,18.725513],[-70.46223,18.725493],[-70.462533,18.725421],[-70.462684,18.72536],[-70.463269,18.725054],[-70.463477,18.724925],[-70.463665,18.724783],[-70.463891,18.724561],[-70.464022,18.724397],[-70.464133,18.724125],[-70.464191,18.723854],[-70.464245,18.723709],[-70.464281,18.723636],[-70.464394,18.723527],[-70.464639,18.723403],[-70.465415,18.723139],[-70.465471,18.723103],[-70.465509,18.723102],[-70.465566,18.723066],[-70.465604,18.723066],[-70.465679,18.723011],[-70.465679,18.722993],[-70.465698,18.722974],[-70.465696,18.722812],[-70.465677,18.722794],[-70.465675,18.722722],[-70.465599,18.72256],[-70.465412,18.72229],[-70.465203,18.721912],[-70.465103,18.72166],[-70.465069,18.721461],[-70.465079,18.721136],[-70.465118,18.720829],[-70.46515,18.720666],[-70.465172,18.720611],[-70.465228,18.720539],[-70.465372,18.720417],[-70.465448,18.720392],[-70.465524,18.720392],[-70.4656,18.720409],[-70.465743,18.72048],[-70.466058,18.720721],[-70.466364,18.721],[-70.466579,18.721251],[-70.466668,18.721377],[-70.466805,18.721665],[-70.466844,18.721773],[-70.466883,18.721935],[-70.466898,18.722188],[-70.466871,18.722495],[-70.466873,18.722857],[-70.466895,18.723001],[-70.467012,18.723181],[-70.467257,18.723447],[-70.467457,18.723702],[-70.468111,18.724437],[-70.468215,18.724519],[-70.468825,18.7251],[-70.469204,18.725495],[-70.469308,18.725621],[-70.469495,18.725872],[-70.469536,18.725944],[-70.469766,18.726243],[-70.470053,18.726568],[-70.470569,18.727032],[-70.470722,18.727186],[-70.470941,18.727469],[-70.471141,18.727793],[-70.471603,18.728476],[-70.471817,18.728723],[-70.471951,18.728842],[-70.472161,18.729012],[-70.472313,18.729118],[-70.472523,18.72925],[-70.472752,18.729367],[-70.473296,18.729619],[-70.473551,18.729718],[-70.474806,18.730085],[-70.47493,18.730141]],[[-70.474821,18.717544],[-70.47466,18.717556],[-70.474395,18.717611],[-70.474035,18.717735],[-70.473941,18.717756],[-70.473884,18.717724],[-70.473865,18.717724],[-70.473826,18.717688],[-70.473769,18.71767],[-70.473731,18.717635],[-70.473636,18.717599],[-70.473598,18.717563],[-70.473541,18.717546],[-70.473503,18.71751],[-70.473445,18.717492],[-70.473407,18.717456],[-70.473399,18.71733],[-70.473408,18.717185],[-70.473479,18.716932],[-70.473649,18.716641],[-70.473827,18.716387],[-70.474078,18.716127],[-70.474352,18.715895],[-70.47453,18.715763],[-70.474719,18.715649],[-70.474804,18.715607]],[[-70.474792,18.714165],[-70.474554,18.714085],[-70.474287,18.713963],[-70.474021,18.713874],[-70.473775,18.713894],[-70.473283,18.714095],[-70.473132,18.714133],[-70.473018,18.714149],[-70.472885,18.714149],[-70.4726,18.714084],[-70.472316,18.713959],[-70.471952,18.713707],[-70.471736,18.713494],[-70.471366,18.713099],[-70.47121,18.712902],[-70.471148,18.712794],[-70.471033,18.71265],[-70.47088,18.712507],[-70.470861,18.712507],[-70.470842,18.712489],[-70.470633,18.712491],[-70.470539,18.712514],[-70.470217,18.712657],[-70.469935,18.712839],[-70.469723,18.713004],[-70.469571,18.71315],[-70.46937,18.713377],[-70.469182,18.713543],[-70.469088,18.713601],[-70.468993,18.713636],[-70.468823,18.713665],[-70.468709,18.71366],[-70.468291,18.71357],[-70.467454,18.713293],[-70.467169,18.713178],[-70.467035,18.713106],[-70.466806,18.712954],[-70.466682,18.712847],[-70.466519,18.712667],[-70.466444,18.712523],[-70.466346,18.712271],[-70.466153,18.711622],[-70.466112,18.711388],[-70.466113,18.711171],[-70.466127,18.711062],[-70.466165,18.710935],[-70.466312,18.710699],[-70.466511,18.710481],[-70.466648,18.710227],[-70.466687,18.710118],[-70.466699,18.710028],[-70.466699,18.709901],[-70.466661,18.709703],[-70.466623,18.709595],[-70.466525,18.709415],[-70.466441,18.709325],[-70.466131,18.709129],[-70.465728,18.708918],[-70.46561,18.708843],[-70.465452,18.7087],[-70.465312,18.708539],[-70.465259,18.708449],[-70.465096,18.708125],[-70.465042,18.707962],[-70.465042,18.707727],[-70.465054,18.707655],[-70.465185,18.707454],[-70.465241,18.707389],[-70.465392,18.707277],[-70.465581,18.707181],[-70.465732,18.707089],[-70.466014,18.706889],[-70.466108,18.706787],[-70.466202,18.706634],[-70.466199,18.706472],[-70.466094,18.706075],[-70.466065,18.705912],[-70.466055,18.70575],[-70.466064,18.705497],[-70.466034,18.70519],[-70.465959,18.704973],[-70.465879,18.704848],[-70.465768,18.704723],[-70.465758,18.704713]]]}},{"type":"Feature","properties":{"level":765.0,"major":false},"geometry":{"type":"MultiLineString","coordinates":[[[-70.44649,18.731423],[-70.446772,18.731163],[-70.446946,18.730963],[-70.44697,18.730916],[-70.447036,18.730836],[-70.447046,18.7308],[-70.447116,18.730691],[-70.447133,18.730564],[-70.447095,18.730384],[-70.446976,18.730168],[-70.446714,18.729813],[-70.446608,18.729592],[-70.446556,18.729322],[-70.446502,18.728852],[-70.446468,18.728752]],[[-70.446426,18.723829],[-70.446512,18.723874],[-70.446721,18.723922],[-70.446853,18.723923],[-70.447118,18.72387],[-70.44778,18.723552],[-70.44793,18.723455],[-70.447968,18.723441],[-70.448006,18.723407],[-70.448138,18.723348],[-70.448176,18.72331],[-70.448214,18.723298],[-70.44827,18.723233],[-70.448327,18.723219],[-70.448402,18.723157],[-70.448459,18.723145],[-70.448516,18.723114],[-70.44861,18.723097],[-70.4488,18.723101],[-70.448952,18.723084],[-70.449009,18.723095],[-70.449065,18.723084],[-70.449122,18.723092],[-70.449217,18.723084],[-70.449369,18.723106],[-70.449407,18.723102],[-70.449521,18.723133],[-70.449654,18.723152],[-70.449749,18.723186],[-70.449939,18.723285],[-70.450854,18.723826],[-70.45095,18.723868],[-70.451064,18.723908],[-70.451197,18.723928],[-70.451424,18.723923],[-70.4515,18.723905],[-70.451568,18.723862],[-70.451609,18.723789],[-70.451624,18.723717],[-70.45161,18.723608],[-70.451514,18.723338],[-70.451247,18.722726],[-70.451077,18.72242],[-70.451031,18.722312],[-70.451007,18.722239],[-70.450921,18.721788],[-70.450827,18.721446],[-70.450818,18.721283],[-70.450834,18.721193],[-70.450933,18.720993],[-70.451118,18.720757],[-70.451451,18.720432],[-70.451677,18.720247],[-70.452243,18.719839],[-70.452488,18.71969],[-70.452715,18.71958],[-70.452847,18.719544],[-70.453056,18.719526],[-70.453587,18.719597],[-70.453891,18.719594],[-70.454213,18.719541],[-70.454705,18.719427],[-70.454951,18.719383],[-70.455197,18.719356],[-70.45533,18.719353],[-70.45552,18.719369],[-70.455748,18.719409],[-70.455995,18.719512],[-70.456166,18.719633],[-70.456297,18.719795],[-70.456377,18.719939],[-70.456518,18.720462],[-70.45672,18.721147],[-70.456853,18.721453],[-70.456943,18.721597],[-70.457064,18.721741],[-70.45723,18.721907],[-70.457516,18.722154],[-70.457726,18.722292],[-70.45805,18.722446],[-70.458468,18.722567],[-70.458867,18.722648],[-70.459664,18.722723],[-70.459797,18.72272],[-70.45993,18.722749],[-70.460044,18.72275],[-70.460082,18.722731],[-70.460158,18.722785],[-70.460196,18.72276],[-70.460208,18.722764],[-70.460766,18.723266],[-70.460764,18.723284],[-70.460701,18.723375],[-70.460713,18.723393],[-70.460708,18.723447],[-70.460727,18.723501],[-70.460711,18.723537],[-70.460739,18.72361],[-70.460789,18.723862],[-70.460816,18.724386],[-70.46096,18.724782],[-70.461076,18.725035],[-70.461112,18.725197],[-70.461171,18.725305],[-70.461194,18.725377],[-70.461245,18.725431],[-70.461326,18.725665],[-70.461432,18.725755],[-70.461469,18.725772],[-70.461608,18.725975],[-70.461646,18.725989],[-70.46212,18.72598],[-70.462177,18.72594],[-70.462252,18.725917],[-70.462303,18.725874],[-70.46246,18.725827],[-70.462571,18.725728],[-70.462668,18.725695],[-70.462943,18.725526],[-70.463366,18.725295],[-70.463724,18.725044],[-70.464074,18.724704],[-70.464213,18.724532],[-70.464343,18.724271],[-70.464419,18.724051],[-70.464503,18.723851],[-70.464553,18.72376],[-70.464623,18.723693],[-70.464755,18.723609],[-70.465133,18.723433],[-70.465416,18.723336],[-70.465757,18.72324],[-70.465889,18.723186],[-70.465955,18.723135],[-70.465999,18.722712],[-70.465936,18.722683],[-70.465884,18.72259],[-70.465846,18.722562],[-70.465589,18.722252],[-70.465384,18.721947],[-70.465313,18.721821],[-70.465269,18.721713],[-70.465239,18.721623],[-70.465212,18.72146],[-70.46522,18.721171],[-70.465275,18.720881],[-70.46533,18.720737],[-70.465357,18.7207],[-70.46545,18.720625],[-70.465583,18.720609],[-70.465678,18.720628],[-70.465792,18.720677],[-70.46604,18.720837],[-70.466326,18.721079],[-70.466531,18.721323],[-70.466686,18.721611],[-70.466743,18.721828],[-70.466762,18.722008],[-70.466762,18.722135],[-70.466744,18.72228],[-70.466695,18.72237],[-70.466689,18.722406],[-70.466662,18.722443],[-70.466657,18.722497],[-70.46662,18.722552],[-70.46662,18.722588],[-70.466596,18.722624],[-70.466635,18.72313],[-70.466673,18.723148],[-70.466686,18.723194],[-70.466781,18.723225],[-70.46724,18.723608],[-70.468042,18.724492],[-70.468202,18.724617],[-70.46856,18.724944],[-70.468808,18.725179],[-70.46908,18.72546],[-70.469264,18.725675],[-70.469679,18.72625],[-70.469863,18.726466],[-70.470073,18.726687],[-70.470589,18.727153],[-70.47079,18.72738],[-70.471545,18.728513],[-70.471713,18.72871],[-70.471901,18.728889],[-70.472123,18.729072],[-70.472485,18.729318],[-70.473019,18.729592],[-70.473248,18.7297],[-70.473514,18.729807],[-70.474636,18.730114],[-70.474845,18.730189],[-70.474931,18.73023]],[[-70.474819,18.717362],[-70.474431,18.717385],[-70.474355,18.717399],[-70.474203,18.717399],[-70.474128,18.717418],[-70.47409,18.717408],[-70.474033,18.717422],[-70.473749,18.717273],[-70.473737,18.717255],[-70.473733,18.717201],[-70.47372,18.717183],[-70.473728,18.717111],[-70.47372,18.717093],[-70.473737,18.71702],[-70.473733,18.716984],[-70.473781,18.716821],[-70.473838,18.716712],[-70.473852,18.71664],[-70.473957,18.716458],[-70.474087,18.716295],[-70.474494,18.715937],[-70.474664,18.715825],[-70.474805,18.715746]],[[-70.47479,18.713938],[-70.474399,18.713759],[-70.474132,18.713551],[-70.474075,18.713535],[-70.473885,18.713526],[-70.473791,18.713543],[-70.473319,18.7138],[-70.473149,18.713868],[-70.472978,18.713907],[-70.472807,18.713903],[-70.472675,18.713878],[-70.472484,18.713824],[-70.472332,18.713755],[-70.472065,18.71358],[-70.471768,18.713295],[-70.471543,18.713044],[-70.47139,18.712828],[-70.471202,18.712486],[-70.471136,18.712414],[-70.47099,18.712096],[-70.470952,18.71207],[-70.47063,18.712079],[-70.470516,18.712105],[-70.470216,18.712454],[-70.470008,18.712562],[-70.469782,18.712727],[-70.469406,18.713074],[-70.469274,18.713216],[-70.469091,18.71337],[-70.46901,18.713422],[-70.468897,18.713472],[-70.468764,18.713496],[-70.468613,18.713497],[-70.468271,18.713448],[-70.467853,18.713332],[-70.467316,18.713149],[-70.467111,18.713056],[-70.4669,18.712917],[-70.466748,18.712782],[-70.466584,18.712595],[-70.466464,18.712343],[-70.466383,18.71209],[-70.46627,18.711603],[-70.46625,18.71135],[-70.466275,18.711115],[-70.466302,18.711007],[-70.466424,18.710771],[-70.466662,18.710425],[-70.466726,18.710298],[-70.466771,18.710172],[-70.466795,18.710045],[-70.466795,18.7099],[-70.466748,18.709648],[-70.466717,18.709558],[-70.466634,18.709396],[-70.466509,18.709257],[-70.466413,18.709182],[-70.466223,18.709066],[-70.465766,18.708822],[-70.46554,18.708627],[-70.465412,18.708466],[-70.465312,18.708286],[-70.465219,18.708069],[-70.465183,18.707943],[-70.465216,18.707708],[-70.465243,18.707656],[-70.465343,18.707526],[-70.465488,18.707404],[-70.466016,18.707082],[-70.466129,18.707001],[-70.466313,18.706796],[-70.466356,18.706705],[-70.46638,18.706615],[-70.466381,18.706542],[-70.466316,18.706254],[-70.466253,18.706055],[-70.466213,18.705803],[-70.466216,18.705297],[-70.466188,18.70508],[-70.466116,18.704882],[-70.466015,18.704728],[-70.465996,18.704711]]]}},{"type":"Feature","properties":{"level":770.0,"major":false},"geometry":{"type":"MultiLineString","coordinates":[[[-70.446492,18.731583],[-70.446762,18.73138],[-70.447255,18.730961],[-70.44733,18.730888],[-70.447404,18.730761],[-70.447433,18.73058],[-70.4474,18.730399],[-70.447363,18.730291],[-70.447228,18.730097],[-70.446945,18.72977],[-70.446817,18.729518],[-70.446753,18.729013],[-70.446742,18.728706],[-70.446645,18.728419],[-70.446607,18.728364],[-70.446549,18.72831],[-70.44653,18.72831],[-70.446511,18.728292],[-70.446464,18.728273]],[[-70.446427,18.724005],[-70.446456,18.724021],[-70.446608,18.724061],[-70.446836,18.724079],[-70.44712,18.724028],[-70.447876,18.723709],[-70.448405,18.723543],[-70.448614,18.72351],[-70.448803,18.723503],[-70.449087,18.723432],[-70.449296,18.723394],[-70.449561,18.723384],[-70.449656,18.723392],[-70.449713,18.723413],[-70.44998,18.72355],[-70.450742,18.723975],[-70.451065,18.7241],[-70.451217,18.724133],[-70.451426,18.724152],[-70.451559,18.724151],[-70.451635,18.724127],[-70.45171,18.724095],[-70.451784,18.724023],[-70.451822,18.723968],[-70.451873,18.723805],[-70.451874,18.723697],[-70.451858,18.723606],[-70.451783,18.723426],[-70.451631,18.723138],[-70.451392,18.72258],[-70.451241,18.72231],[-70.451182,18.722057],[-70.451138,18.721787],[-70.451044,18.721462],[-70.451022,18.721282],[-70.451022,18.721227],[-70.451115,18.720992],[-70.451227,18.720828],[-70.451396,18.720632],[-70.451641,18.720391],[-70.452074,18.720062],[-70.452451,18.719825],[-70.45264,18.719735],[-70.452754,18.719699],[-70.452848,18.719677],[-70.453019,18.719666],[-70.453721,18.719728],[-70.454081,18.719684],[-70.454706,18.719537],[-70.455047,18.719487],[-70.455293,18.719477],[-70.455464,18.719496],[-70.455654,18.719531],[-70.455902,18.719644],[-70.455997,18.719708],[-70.45612,18.719832],[-70.45624,18.720048],[-70.456364,18.720463],[-70.456523,18.720914],[-70.45658,18.72113],[-70.456637,18.721292],[-70.456721,18.721472],[-70.456834,18.721652],[-70.456963,18.721806],[-70.457097,18.721952],[-70.457416,18.722244],[-70.45767,18.722418],[-70.458242,18.72269],[-70.458489,18.722777],[-70.458755,18.722848],[-70.458926,18.722879],[-70.459306,18.72292],[-70.459591,18.722968],[-70.459819,18.723041],[-70.459971,18.723117],[-70.460143,18.723256],[-70.460251,18.72336],[-70.460327,18.723486],[-70.46039,18.72363],[-70.460425,18.723757],[-70.460514,18.724226],[-70.460803,18.725001],[-70.460903,18.725488],[-70.461097,18.726064],[-70.461154,18.726136],[-70.461351,18.726442],[-70.461404,18.726496],[-70.461404,18.726514],[-70.461519,18.726621],[-70.461538,18.726621],[-70.461633,18.726675],[-70.46169,18.726674],[-70.461709,18.726692],[-70.461842,18.726691],[-70.461861,18.726673],[-70.461917,18.726672],[-70.461936,18.726654],[-70.461974,18.726654],[-70.461993,18.726636],[-70.462031,18.726635],[-70.46205,18.726617],[-70.462069,18.726617],[-70.462163,18.726526],[-70.462182,18.726526],[-70.462257,18.726453],[-70.462314,18.726416],[-70.462765,18.725997],[-70.462991,18.725822],[-70.463162,18.725705],[-70.463463,18.72554],[-70.463765,18.72532],[-70.46431,18.724792],[-70.464423,18.724647],[-70.464549,18.724411],[-70.464609,18.724266],[-70.46473,18.72403],[-70.464814,18.723885],[-70.464908,18.723794],[-70.46504,18.723707],[-70.465229,18.723598],[-70.465399,18.723537],[-70.465891,18.723425],[-70.466213,18.723368],[-70.466232,18.72335],[-70.466346,18.723349],[-70.466365,18.723367],[-70.46646,18.723366],[-70.466593,18.723392],[-70.466821,18.723478],[-70.466913,18.723525],[-70.46717,18.723704],[-70.467444,18.723973],[-70.467973,18.724547],[-70.468198,18.724722],[-70.468551,18.72503],[-70.468958,18.725425],[-70.469191,18.725694],[-70.469519,18.726161],[-70.469813,18.72652],[-70.47017,18.726878],[-70.470437,18.727104],[-70.470705,18.727386],[-70.470917,18.727712],[-70.471303,18.728261],[-70.471411,18.728441],[-70.471585,18.728675],[-70.471857,18.728942],[-70.472315,18.729304],[-70.472537,18.729444],[-70.472963,18.729668],[-70.473458,18.72989],[-70.473629,18.729943],[-70.474637,18.730198],[-70.474932,18.730316]],[[-70.465584,18.720824],[-70.465641,18.720806],[-70.465755,18.720805],[-70.46602,18.720948],[-70.466295,18.721163],[-70.466418,18.721306],[-70.466498,18.721432],[-70.466616,18.721684],[-70.466632,18.721973],[-70.466619,18.722136],[-70.466601,18.72219],[-70.466583,18.722209],[-70.466564,18.722263],[-70.46647,18.722365],[-70.466432,18.722372],[-70.466414,18.722391],[-70.466376,18.722391],[-70.466357,18.722409],[-70.466319,18.722409],[-70.4663,18.722428],[-70.466262,18.722428],[-70.466243,18.722446],[-70.466186,18.722447],[-70.466168,18.722465],[-70.466092,18.722447],[-70.466015,18.722412],[-70.46592,18.72234],[-70.465732,18.722161],[-70.465441,18.721766],[-70.465384,18.721622],[-70.465363,18.721531],[-70.465354,18.721333],[-70.465364,18.721188],[-70.465401,18.721025],[-70.465434,18.720953],[-70.465566,18.720825],[-70.465584,18.720824]],[[-70.474818,18.717192],[-70.474353,18.717176],[-70.474218,18.717143],[-70.474182,18.717107],[-70.474143,18.717017],[-70.474105,18.716981],[-70.474105,18.716963],[-70.474008,18.716801],[-70.474026,18.716675],[-70.474145,18.716439],[-70.474197,18.716366],[-70.474447,18.716129],[-70.474586,18.71602],[-70.474807,18.715887]],[[-70.474788,18.713698],[-70.474721,18.713657],[-70.474148,18.713208],[-70.474072,18.713168],[-70.474053,18.713169],[-70.474034,18.713151],[-70.473882,18.713152],[-70.473863,18.71317],[-70.473825,18.71317],[-70.473712,18.713207],[-70.473203,18.713566],[-70.47309,18.713621],[-70.473014,18.713645],[-70.472862,18.713673],[-70.472711,18.713663],[-70.472597,18.713647],[-70.472387,18.713577],[-70.472254,18.713508],[-70.472101,18.713391],[-70.471854,18.71315],[-70.471705,18.71297],[-70.471595,18.712808],[-70.471527,18.712682],[-70.47141,18.712358],[-70.4711,18.711684],[-70.471081,18.711656],[-70.471062,18.711656],[-70.471024,18.71162],[-70.470986,18.71162],[-70.470967,18.711603],[-70.470929,18.711603],[-70.47091,18.711585],[-70.470872,18.711585],[-70.470853,18.711567],[-70.470796,18.711568],[-70.470777,18.711586],[-70.47072,18.711586],[-70.470701,18.711605],[-70.470569,18.71166],[-70.470513,18.711701],[-70.469949,18.712374],[-70.469754,18.712516],[-70.469328,18.712928],[-70.469084,18.713141],[-70.468876,18.713276],[-70.468801,18.713311],[-70.468725,18.713329],[-70.468498,18.713351],[-70.468365,18.713349],[-70.468213,18.713329],[-70.46789,18.713252],[-70.467395,18.713092],[-70.467186,18.712999],[-70.467034,18.712916],[-70.466823,18.712726],[-70.466678,18.712558],[-70.46654,18.712306],[-70.466477,18.712089],[-70.466388,18.711602],[-70.466388,18.711385],[-70.466431,18.711132],[-70.466472,18.710987],[-70.466624,18.710679],[-70.466773,18.710425],[-70.466816,18.710334],[-70.46687,18.710171],[-70.466889,18.710062],[-70.466889,18.7099],[-70.466846,18.709629],[-70.466797,18.709485],[-70.466729,18.709359],[-70.466621,18.709233],[-70.466489,18.709108],[-70.46626,18.70897],[-70.465879,18.708777],[-70.465822,18.708736],[-70.465611,18.708536],[-70.465522,18.70841],[-70.465421,18.708231],[-70.465341,18.707996],[-70.465341,18.707888],[-70.465364,18.707797],[-70.465396,18.707725],[-70.465451,18.707652],[-70.465716,18.707429],[-70.466187,18.707156],[-70.46643,18.706921],[-70.466488,18.706849],[-70.466543,18.706668],[-70.466547,18.706523],[-70.466482,18.706234],[-70.466406,18.706018],[-70.46637,18.705783],[-70.466377,18.705169],[-70.466337,18.704934],[-70.466234,18.704718],[-70.466228,18.704709]]]}},{"type":"Feature","properties":{"level":775.0,"major":false},"geometry":{"type":"MultiLineString","coordinates":[[[-70.446493,18.731741],[-70.446521,18.731717],[-70.446804,18.731509],[-70.447445,18.731073],[-70.447552,18.730977],[-70.447618,18.73094],[-70.447637,18.730904],[-70.447679,18.730867],[-70.447708,18.730785],[-70.447765,18.73074],[-70.447843,18.730504],[-70.447769,18.730379],[-70.447732,18.730343],[-70.447693,18.730253],[-70.447608,18.730144],[-70.447551,18.730098],[-70.447155,18.729679],[-70.447093,18.729589],[-70.447022,18.729445],[-70.446985,18.729282],[-70.446944,18.729012],[-70.446928,18.728686],[-70.446911,18.728578],[-70.446882,18.728452],[-70.446822,18.72829],[-70.446757,18.728194],[-70.446642,18.728114],[-70.446462,18.728063]],[[-70.446429,18.724165],[-70.446514,18.72419],[-70.446761,18.72422],[-70.447045,18.72418],[-70.447216,18.724133],[-70.447423,18.724051],[-70.447802,18.723923],[-70.448048,18.723846],[-70.448218,18.723806],[-70.44854,18.723746],[-70.448768,18.723753],[-70.448843,18.723744],[-70.449355,18.723647],[-70.449563,18.723631],[-70.44962,18.723636],[-70.449734,18.723672],[-70.450648,18.724097],[-70.451029,18.724252],[-70.451314,18.724321],[-70.451542,18.72435],[-70.451618,18.72435],[-70.451769,18.724323],[-70.451864,18.724288],[-70.451958,18.724225],[-70.452051,18.724129],[-70.452091,18.724056],[-70.452081,18.72393],[-70.452101,18.723857],[-70.45207,18.723677],[-70.452009,18.723515],[-70.451758,18.723054],[-70.451416,18.722254],[-70.451356,18.721803],[-70.45125,18.721388],[-70.45124,18.721226],[-70.451259,18.721117],[-70.451284,18.721045],[-70.451361,18.720904],[-70.451453,18.720772],[-70.451623,18.720582],[-70.451812,18.720409],[-70.452132,18.720163],[-70.452369,18.720006],[-70.45266,18.719868],[-70.45285,18.719824],[-70.453001,18.71981],[-70.453514,18.719841],[-70.453741,18.71984],[-70.454158,18.719778],[-70.45482,18.719623],[-70.455181,18.719598],[-70.455427,18.719623],[-70.455617,18.719666],[-70.45577,18.719735],[-70.455875,18.719816],[-70.456045,18.720014],[-70.456116,18.720158],[-70.456517,18.721311],[-70.456589,18.721473],[-70.456662,18.721599],[-70.456824,18.721815],[-70.457003,18.722016],[-70.457213,18.722219],[-70.457446,18.722406],[-70.457633,18.722531],[-70.458224,18.722845],[-70.458509,18.72296],[-70.458757,18.723032],[-70.459365,18.723142],[-70.459574,18.723196],[-70.459821,18.723323],[-70.46001,18.723489],[-70.460123,18.723669],[-70.460189,18.723849],[-70.460282,18.724408],[-70.460356,18.724625],[-70.460381,18.724823],[-70.460412,18.724913],[-70.46043,18.72504],[-70.460422,18.72513],[-70.460435,18.725202],[-70.46053,18.725563],[-70.460677,18.725905],[-70.460767,18.726175],[-70.460814,18.726255],[-70.461074,18.726607],[-70.461269,18.726804],[-70.461388,18.726897],[-70.461484,18.726953],[-70.461655,18.727033],[-70.461899,18.72707],[-70.462034,18.727038],[-70.46211,18.726999],[-70.462185,18.726936],[-70.462225,18.726923],[-70.462354,18.726756],[-70.462655,18.726465],[-70.462832,18.72625],[-70.462927,18.726159],[-70.463182,18.725961],[-70.463597,18.725716],[-70.463748,18.725605],[-70.463902,18.725482],[-70.464275,18.725115],[-70.464645,18.724645],[-70.464726,18.724518],[-70.464942,18.724119],[-70.465025,18.723992],[-70.465288,18.723792],[-70.465363,18.723746],[-70.465533,18.723683],[-70.466006,18.723573],[-70.466158,18.723548],[-70.466385,18.723538],[-70.466632,18.723577],[-70.466823,18.723647],[-70.466899,18.723688],[-70.467073,18.723795],[-70.467185,18.72388],[-70.467338,18.724016],[-70.467904,18.724602],[-70.468462,18.725049],[-70.468901,18.725461],[-70.469134,18.72573],[-70.469455,18.726198],[-70.469746,18.726557],[-70.469988,18.726808],[-70.47048,18.727256],[-70.470669,18.727471],[-70.471346,18.72846],[-70.471547,18.728729],[-70.471963,18.729124],[-70.472305,18.729392],[-70.472468,18.729504],[-70.472716,18.729652],[-70.47304,18.729829],[-70.473326,18.72996],[-70.47363,18.730055],[-70.474428,18.730229],[-70.47479,18.730339],[-70.474933,18.73041]],[[-70.465662,18.721071],[-70.465776,18.721058],[-70.465852,18.721094],[-70.465928,18.721107],[-70.465966,18.72113],[-70.466004,18.72113],[-70.466157,18.721222],[-70.46631,18.721379],[-70.466387,18.721489],[-70.466443,18.721595],[-70.466475,18.721721],[-70.466468,18.721776],[-70.466454,18.721794],[-70.46645,18.721902],[-70.466436,18.721921],[-70.466427,18.721975],[-70.466387,18.722047],[-70.466316,18.722074],[-70.466259,18.722114],[-70.466108,18.722157],[-70.46607,18.722145],[-70.465822,18.721971],[-70.465631,18.721766],[-70.465573,18.721674],[-70.465534,18.721494],[-70.465524,18.721386],[-70.465542,18.721259],[-70.465584,18.72115],[-70.465662,18.721071]],[[-70.474816,18.716998],[-70.474446,18.716931],[-70.474389,18.716905],[-70.474299,18.716745],[-70.474293,18.716691],[-70.474306,18.716618],[-70.474345,18.716527],[-70.474345,18.716491],[-70.474402,18.716382],[-70.474478,18.716283],[-70.474652,18.716146],[-70.474808,18.716047]],[[-70.474786,18.713482],[-70.47468,18.713372],[-70.474421,18.713166],[-70.47426,18.713001],[-70.474165,18.712968],[-70.474051,18.71295],[-70.473861,18.712972],[-70.473672,18.713042],[-70.473106,18.713378],[-70.472898,18.713451],[-70.472785,18.713462],[-70.472652,18.713449],[-70.472481,18.713409],[-70.472348,18.713356],[-70.472182,18.713256],[-70.471889,18.712974],[-70.471764,18.712807],[-70.471647,18.712591],[-70.471503,18.71222],[-70.471277,18.711727],[-70.471253,18.711564],[-70.471232,18.711546],[-70.471227,18.71151],[-70.471192,18.711492],[-70.47116,18.711456],[-70.471115,18.711439],[-70.471099,18.711385],[-70.47107,18.711367],[-70.471029,18.710861],[-70.471017,18.710816],[-70.470979,18.710823],[-70.47096,18.710852],[-70.470624,18.711443],[-70.470492,18.71151],[-70.470404,18.711571],[-70.470301,18.711716],[-70.46983,18.71228],[-70.469558,18.712499],[-70.469057,18.712973],[-70.468931,18.713068],[-70.468743,18.713173],[-70.468553,18.713219],[-70.468364,18.713233],[-70.468099,18.713197],[-70.467699,18.713098],[-70.467376,18.71299],[-70.467096,18.712844],[-70.466894,18.712665],[-70.466815,18.712575],[-70.466685,18.712359],[-70.466616,18.712161],[-70.46654,18.7118],[-70.46651,18.711601],[-70.466511,18.711493],[-70.466539,18.711276],[-70.4666,18.711022],[-70.466724,18.710732],[-70.46689,18.710388],[-70.466959,18.710188],[-70.46698,18.710062],[-70.466979,18.709989],[-70.466966,18.709791],[-70.466933,18.709628],[-70.466906,18.709538],[-70.466813,18.709331],[-70.466736,18.709221],[-70.466664,18.709142],[-70.466494,18.708999],[-70.465935,18.708668],[-70.465818,18.708571],[-70.465725,18.708468],[-70.465652,18.708355],[-70.465564,18.708175],[-70.465524,18.707995],[-70.465526,18.707922],[-70.465549,18.707832],[-70.4656,18.707741],[-70.465728,18.707596],[-70.465849,18.707504],[-70.466264,18.70725],[-70.466415,18.707121],[-70.466613,18.706902],[-70.466668,18.706775],[-70.466695,18.706648],[-70.466689,18.706486],[-70.466655,18.706341],[-70.466552,18.706017],[-70.466515,18.7058],[-70.466524,18.705132],[-70.466492,18.704897],[-70.46646,18.704789],[-70.466421,18.704708]]]}},{"type":"Feature","properties":{"level":780.0,"major":false},"geometry":{"type":"MultiLineString","coordinates":[[[-70.446495,18.731907],[-70.446598,18.731815],[-70.446881,18.731615],[-70.447787,18.731118],[-70.448083,18.730918],[-70.448202,18.730809],[-70.448202,18.730791],[-70.448239,18.730754],[-70.448239,18.730718],[-70.448258,18.7307],[-70.448257,18.730664],[-70.448276,18.730646],[-70.448275,18.730483],[-70.448256,18.730465],[-70.448255,18.730429],[-70.448224,18.730375],[-70.448217,18.730339],[-70.448178,18.730303],[-70.448177,18.730285],[-70.447892,18.730024],[-70.447682,18.729869],[-70.447433,18.729651],[-70.447318,18.729532],[-70.447263,18.729443],[-70.4472,18.729299],[-70.447166,18.729172],[-70.447124,18.72892],[-70.447092,18.728432],[-70.44704,18.728234],[-70.446998,18.728144],[-70.446931,18.728054],[-70.446869,18.727995],[-70.446755,18.727931],[-70.44666,18.727895],[-70.446565,18.727876],[-70.44646,18.727873]],[[-70.44643,18.72432],[-70.446478,18.724331],[-70.446724,18.724354],[-70.446971,18.724328],[-70.447217,18.724274],[-70.447444,18.724194],[-70.447765,18.724103],[-70.448125,18.724022],[-70.448447,18.723976],[-70.448864,18.723991],[-70.449035,18.723971],[-70.449414,18.723896],[-70.449584,18.72388],[-70.449698,18.723895],[-70.449812,18.723933],[-70.450541,18.724213],[-70.450954,18.72439],[-70.45122,18.724479],[-70.451353,18.724514],[-70.451638,18.724552],[-70.45179,18.724541],[-70.45196,18.724509],[-70.452128,18.724417],[-70.452281,18.724308],[-70.452281,18.72429],[-70.452337,18.724217],[-70.452358,18.72409],[-70.452328,18.723874],[-70.452256,18.723621],[-70.452121,18.723366],[-70.451982,18.723154],[-70.451852,18.722902],[-70.451619,18.722325],[-70.451582,18.722072],[-70.451569,18.721801],[-70.451461,18.721369],[-70.45145,18.721242],[-70.451457,18.721098],[-70.451513,18.720934],[-70.451569,18.720847],[-70.451689,18.720698],[-70.451881,18.720516],[-70.452171,18.720279],[-70.452447,18.720096],[-70.452681,18.720004],[-70.452832,18.719967],[-70.452965,18.719954],[-70.453534,18.719963],[-70.45378,18.71995],[-70.454178,18.719881],[-70.454594,18.719776],[-70.454935,18.719722],[-70.455182,18.719721],[-70.45539,18.719749],[-70.455524,18.719783],[-70.455657,18.719836],[-70.455944,18.720141],[-70.456025,18.720357],[-70.456176,18.720702],[-70.45641,18.721365],[-70.456475,18.72151],[-70.456641,18.72176],[-70.456794,18.721951],[-70.457138,18.722305],[-70.457501,18.722585],[-70.457749,18.722742],[-70.458187,18.722991],[-70.458492,18.723135],[-70.458758,18.723225],[-70.459404,18.723372],[-70.459671,18.723528],[-70.459775,18.723617],[-70.459882,18.723779],[-70.459957,18.723959],[-70.459993,18.724176],[-70.460005,18.724374],[-70.46004,18.724591],[-70.46006,18.724808],[-70.46006,18.725042],[-70.460041,18.725223],[-70.460048,18.725314],[-70.460172,18.725674],[-70.460459,18.72634],[-70.460512,18.72643],[-70.460703,18.726664],[-70.46088,18.726843],[-70.461029,18.726987],[-70.461262,18.727165],[-70.461315,18.727219],[-70.461373,18.727345],[-70.461525,18.727346],[-70.46162,18.727377],[-70.461981,18.727447],[-70.462114,18.727448],[-70.462151,18.727412],[-70.46217,18.727411],[-70.462208,18.727375],[-70.462302,18.72732],[-70.462432,18.727192],[-70.462604,18.72692],[-70.463109,18.726302],[-70.463298,18.726156],[-70.463675,18.725932],[-70.463807,18.725839],[-70.464033,18.72565],[-70.464315,18.725371],[-70.464585,18.725007],[-70.464878,18.724661],[-70.465206,18.724135],[-70.465478,18.723899],[-70.46561,18.723843],[-70.4658,18.723789],[-70.466178,18.723717],[-70.466368,18.723708],[-70.466634,18.723747],[-70.466919,18.723857],[-70.467186,18.724029],[-70.467494,18.724316],[-70.467817,18.724641],[-70.468199,18.724947],[-70.468371,18.725068],[-70.468562,18.725229],[-70.46883,18.725483],[-70.469079,18.725767],[-70.469392,18.726234],[-70.469662,18.726576],[-70.469942,18.726868],[-70.47039,18.727275],[-70.470523,18.727418],[-70.470975,18.728029],[-70.471447,18.728712],[-70.471552,18.728833],[-70.471916,18.729178],[-70.472107,18.72934],[-70.472538,18.729661],[-70.473003,18.729936],[-70.47327,18.730066],[-70.473555,18.730151],[-70.47441,18.730311],[-70.474752,18.73041],[-70.474933,18.730499]],[[-70.474814,18.71675],[-70.474804,18.716741],[-70.474803,18.716596],[-70.474784,18.716578],[-70.474783,18.716416],[-70.474764,18.716398],[-70.474762,18.716253],[-70.474777,18.716235],[-70.474809,18.716212]],[[-70.474783,18.713222],[-70.474391,18.712811],[-70.474258,18.712769],[-70.474049,18.712759],[-70.473936,18.712772],[-70.473765,18.71281],[-70.473142,18.713137],[-70.47301,18.713192],[-70.47284,18.713242],[-70.472726,18.713252],[-70.472631,18.713244],[-70.472479,18.713213],[-70.472327,18.713156],[-70.47227,18.713126],[-70.47209,18.712967],[-70.471964,18.712842],[-70.471875,18.712716],[-70.471761,18.7125],[-70.471729,18.71241],[-70.471638,18.71223],[-70.471605,18.712104],[-70.471457,18.711779],[-70.471406,18.7114],[-70.471376,18.711364],[-70.471376,18.711346],[-70.471325,18.711294],[-70.471321,18.71122],[-70.471296,18.711184],[-70.4712,18.710075],[-70.47049,18.711326],[-70.470377,18.711385],[-70.470293,18.711445],[-70.470187,18.711572],[-70.470088,18.711736],[-70.469706,18.712191],[-70.469247,18.712574],[-70.46893,18.712883],[-70.468836,18.712954],[-70.468703,18.713025],[-70.468533,18.713085],[-70.468325,18.713116],[-70.468173,18.713108],[-70.467831,18.713037],[-70.467413,18.712912],[-70.467279,18.712847],[-70.467089,18.71272],[-70.466955,18.712592],[-70.466782,18.712322],[-70.466704,18.712052],[-70.466644,18.711691],[-70.466644,18.711438],[-70.466733,18.711039],[-70.467011,18.710332],[-70.467065,18.710133],[-70.46707,18.710061],[-70.46705,18.709772],[-70.466989,18.709519],[-70.466886,18.709285],[-70.466792,18.709139],[-70.466716,18.709062],[-70.466552,18.708926],[-70.466284,18.708766],[-70.465912,18.708498],[-70.46578,18.7083],[-70.465726,18.708174],[-70.465705,18.708084],[-70.465706,18.707975],[-70.465724,18.707903],[-70.465832,18.707703],[-70.465926,18.707618],[-70.466228,18.707428],[-70.46651,18.707205],[-70.466717,18.706973],[-70.466792,18.706864],[-70.466814,18.70681],[-70.466841,18.706665],[-70.466841,18.706521],[-70.466805,18.706358],[-70.466712,18.706088],[-70.466653,18.705781],[-70.46667,18.705058],[-70.46665,18.704878],[-70.46662,18.704751],[-70.4666,18.704706]],[[-70.471065,18.709795],[-70.471084,18.709813],[-70.471084,18.709831],[-70.471181,18.709993],[-70.47118,18.709938],[-70.471161,18.70992],[-70.471161,18.709866],[-70.471141,18.709848],[-70.471141,18.70983],[-70.471122,18.709812],[-70.471065,18.709795]]]}},{"type":"Feature","properties":{"level":785.0,"major":false},"geometry":{"type":"MultiLineString","coordinates":[[[-70.446652,18.731968],[-70.446694,18.73193],[-70.446901,18.73179],[-70.447487,18.73147],[-70.447959,18.73125],[-70.448035,18.731232],[-70.448129,18.731177],[-70.448375,18.731096],[-70.448413,18.731064],[-70.448573,18.730987],[-70.44859,18.73095],[-70.448639,18.730924],[-70.448755,18.730805],[-70.448782,18.73075],[-70.44881,18.73066],[-70.448816,18.730569],[-70.448807,18.730479],[-70.448782,18.730407],[-70.448633,18.730229],[-70.448576,18.730189],[-70.448518,18.730104],[-70.448366,18.730002],[-70.447813,18.729694],[-70.447566,18.729477],[-70.447486,18.729387],[-70.447392,18.729207],[-70.447303,18.728882],[-70.447222,18.72816],[-70.447205,18.728124],[-70.447201,18.728034],[-70.44718,18.727998],[-70.447176,18.727944],[-70.447095,18.727807],[-70.447,18.727748],[-70.446905,18.727717],[-70.446734,18.727692],[-70.446525,18.727688],[-70.446459,18.727694]],[[-70.446431,18.724444],[-70.446517,18.724462],[-70.446763,18.724467],[-70.446858,18.724456],[-70.447142,18.724399],[-70.447691,18.724251],[-70.447899,18.724206],[-70.448259,18.724154],[-70.448448,18.724139],[-70.448847,18.724179],[-70.449094,18.724179],[-70.449435,18.724145],[-70.449605,18.724139],[-70.449662,18.724145],[-70.449738,18.724171],[-70.449833,18.724181],[-70.45029,18.724315],[-70.450594,18.724422],[-70.450994,18.724591],[-70.451165,18.724648],[-70.451298,18.724676],[-70.451507,18.724704],[-70.451659,18.724709],[-70.451867,18.724687],[-70.452075,18.724638],[-70.452261,18.724543],[-70.452461,18.724397],[-70.452562,18.724251],[-70.452581,18.724107],[-70.452517,18.723836],[-70.452441,18.723638],[-70.452317,18.723404],[-70.452109,18.72308],[-70.452027,18.722918],[-70.451911,18.72263],[-70.451814,18.722306],[-70.451804,18.722071],[-70.451814,18.72189],[-70.451832,18.721799],[-70.451832,18.721673],[-70.451763,18.721149],[-70.451777,18.721023],[-70.451809,18.720932],[-70.451877,18.720823],[-70.452016,18.720659],[-70.452135,18.720544],[-70.452531,18.720255],[-70.452625,18.720203],[-70.45272,18.720168],[-70.452871,18.72013],[-70.453042,18.720106],[-70.453459,18.720096],[-70.4538,18.720059],[-70.454103,18.720005],[-70.454747,18.719865],[-70.454936,18.719847],[-70.455088,18.719851],[-70.45524,18.719873],[-70.455373,18.719905],[-70.455544,18.719972],[-70.455793,18.720225],[-70.45607,18.720773],[-70.456308,18.721421],[-70.456371,18.721547],[-70.456644,18.721943],[-70.456831,18.722158],[-70.456992,18.72232],[-70.457159,18.722464],[-70.457445,18.722673],[-70.457826,18.722921],[-70.45817,18.723125],[-70.458417,18.723255],[-70.458722,18.723386],[-70.459311,18.723573],[-70.459521,18.723702],[-70.459615,18.723781],[-70.4597,18.723943],[-70.459737,18.724069],[-70.459765,18.724232],[-70.459776,18.724448],[-70.459768,18.724557],[-70.459776,18.724611],[-70.459753,18.724774],[-70.459754,18.724864],[-70.459705,18.725045],[-70.459663,18.725118],[-70.459664,18.725172],[-70.459639,18.725208],[-70.459643,18.725226],[-70.459612,18.725281],[-70.459618,18.725299],[-70.459585,18.725353],[-70.459578,18.72539],[-70.459606,18.725498],[-70.459672,18.726003],[-70.45975,18.726093],[-70.459889,18.726417],[-70.460021,18.726633],[-70.460135,18.726755],[-70.460364,18.726916],[-70.460431,18.726991],[-70.460689,18.727221],[-70.460784,18.727265],[-70.461032,18.727429],[-70.461109,18.727534],[-70.461319,18.727613],[-70.461888,18.727705],[-70.462097,18.7277],[-70.462173,18.727687],[-70.462248,18.727659],[-70.462305,18.727614],[-70.462494,18.727538],[-70.462663,18.727389],[-70.462763,18.727334],[-70.462856,18.727225],[-70.463081,18.72688],[-70.46332,18.726587],[-70.463686,18.726333],[-70.464006,18.726132],[-70.464095,18.726023],[-70.464105,18.725987],[-70.464141,18.72595],[-70.464172,18.725878],[-70.464235,18.725805],[-70.464293,18.725696],[-70.464453,18.725496],[-70.464787,18.725024],[-70.464984,18.724769],[-70.465292,18.724296],[-70.465424,18.724158],[-70.465555,18.724056],[-70.465688,18.723983],[-70.46599,18.723896],[-70.466199,18.72386],[-70.466369,18.723856],[-70.466502,18.723867],[-70.466673,18.723905],[-70.466959,18.724024],[-70.467169,18.724165],[-70.467414,18.724389],[-70.46757,18.724559],[-70.467736,18.724711],[-70.467966,18.72489],[-70.468372,18.725171],[-70.468525,18.725292],[-70.46871,18.725463],[-70.468927,18.725696],[-70.469099,18.72593],[-70.469349,18.726303],[-70.469578,18.726594],[-70.46979,18.726823],[-70.470325,18.727329],[-70.47044,18.727452],[-70.470728,18.727813],[-70.471366,18.728713],[-70.471506,18.728874],[-70.471872,18.729233],[-70.472127,18.729462],[-70.472528,18.729798],[-70.472886,18.730056],[-70.473005,18.730136],[-70.473329,18.730318],[-70.473424,18.730337],[-70.473519,18.730341],[-70.473652,18.730328],[-70.474088,18.730361],[-70.474582,18.730454],[-70.474829,18.730538],[-70.474934,18.730593]],[[-70.47478,18.712864],[-70.474685,18.712766],[-70.474657,18.712712],[-70.474579,18.71265],[-70.474465,18.712628],[-70.474162,18.71262],[-70.474048,18.712627],[-70.473916,18.712653],[-70.473708,18.712718],[-70.473387,18.71288],[-70.473084,18.713011],[-70.472819,18.713082],[-70.472744,18.71309],[-70.472611,18.713082],[-70.472478,18.713052],[-70.472383,18.713017],[-70.472173,18.712869],[-70.472059,18.71275],[-70.471964,18.712625],[-70.471878,18.712463],[-70.471756,18.712175],[-70.471711,18.711994],[-70.471631,18.711814],[-70.471612,18.711706],[-70.471581,18.711272],[-70.471566,18.711254],[-70.471559,18.711182],[-70.471542,18.711164],[-70.471533,18.71102],[-70.471521,18.711002],[-70.471451,18.710008],[-70.471431,18.709882],[-70.471401,18.709792],[-70.471339,18.709684],[-70.471272,18.709627],[-70.471145,18.709577],[-70.471006,18.709559],[-70.470911,18.709573],[-70.470826,18.709616],[-70.470874,18.709832],[-70.470995,18.710084],[-70.470358,18.71121],[-70.470262,18.71126],[-70.470168,18.711335],[-70.470017,18.71152],[-70.469874,18.711756],[-70.469587,18.712097],[-70.468862,18.712739],[-70.468683,18.712867],[-70.46857,18.712923],[-70.468381,18.712979],[-70.468267,18.712995],[-70.468172,18.71299],[-70.467963,18.712953],[-70.467583,18.712853],[-70.467412,18.712795],[-70.46724,18.712697],[-70.467087,18.712556],[-70.466973,18.712393],[-70.46689,18.712177],[-70.466851,18.712032],[-70.466783,18.711617],[-70.466791,18.711418],[-70.466868,18.711056],[-70.467104,18.71035],[-70.467156,18.710132],[-70.467137,18.709807],[-70.467075,18.709519],[-70.467002,18.70932],[-70.466846,18.709069],[-70.466696,18.708922],[-70.466276,18.708617],[-70.466033,18.708406],[-70.465926,18.708227],[-70.465894,18.708136],[-70.465884,18.708046],[-70.465889,18.707974],[-70.465915,18.707901],[-70.465984,18.707785],[-70.466064,18.707701],[-70.466413,18.707428],[-70.466587,18.707282],[-70.466697,18.707172],[-70.466812,18.70704],[-70.466898,18.706918],[-70.466942,18.706827],[-70.466963,18.706755],[-70.466985,18.706592],[-70.466978,18.706502],[-70.466937,18.706339],[-70.466842,18.706069],[-70.466786,18.705816],[-70.466785,18.705003],[-70.466769,18.704859],[-70.466736,18.704705]]]}},{"type":"Feature","properties":{"level":790.0,"major":false},"geometry":{"type":"MultiLineString","coordinates":[[[-70.446909,18.731966],[-70.447111,18.731863],[-70.447221,18.731792],[-70.447469,18.731661],[-70.447866,18.731501],[-70.448074,18.731443],[-70.448434,18.731385],[-70.448605,18.731347],[-70.448832,18.731273],[-70.448964,18.731219],[-70.449077,18.731145],[-70.449115,18.731145],[-70.449171,18.731091],[-70.449171,18.731072],[-70.449246,18.730945],[-70.449339,18.730674],[-70.449337,18.730475],[-70.449276,18.730295],[-70.449183,18.730169],[-70.449068,18.730052],[-70.448782,18.729847],[-70.44861,18.729748],[-70.448515,18.729708],[-70.448048,18.729563],[-70.447944,18.72951],[-70.447925,18.72951],[-70.44768,18.729277],[-70.447565,18.729079],[-70.447464,18.728791],[-70.447409,18.728412],[-70.447417,18.727942],[-70.447394,18.727743],[-70.447321,18.727617],[-70.447245,18.727545],[-70.447226,18.727546],[-70.447206,18.727528],[-70.447092,18.727494],[-70.446922,18.727476],[-70.446732,18.727483],[-70.446467,18.727515],[-70.446457,18.727517]],[[-70.446432,18.72457],[-70.446499,18.724579],[-70.446783,18.724578],[-70.447181,18.724498],[-70.447408,18.724436],[-70.447881,18.724342],[-70.448146,18.724309],[-70.44845,18.724302],[-70.448982,18.724378],[-70.449152,18.72439],[-70.449608,18.72439],[-70.449949,18.724437],[-70.450405,18.724543],[-70.450558,18.724595],[-70.4509,18.724749],[-70.45109,18.724812],[-70.451356,18.724857],[-70.451584,18.724867],[-70.451812,18.724854],[-70.452115,18.724796],[-70.452228,18.72476],[-70.452455,18.724632],[-70.452587,18.724543],[-70.452793,18.724304],[-70.45283,18.724213],[-70.452811,18.724195],[-70.452808,18.724087],[-70.45275,18.723907],[-70.452615,18.723619],[-70.452463,18.723349],[-70.452237,18.723007],[-70.452174,18.722881],[-70.452078,18.722629],[-70.452018,18.722394],[-70.452009,18.722268],[-70.452018,18.722159],[-70.452107,18.721725],[-70.45212,18.72158],[-70.452121,18.721454],[-70.452071,18.721075],[-70.452082,18.720984],[-70.452101,18.720966],[-70.4521,18.72093],[-70.452119,18.720912],[-70.452119,18.720876],[-70.452138,18.720839],[-70.452254,18.720694],[-70.45242,18.720579],[-70.452627,18.72041],[-70.452721,18.720348],[-70.452892,18.720292],[-70.4531,18.720253],[-70.453687,18.720193],[-70.45471,18.719988],[-70.454918,18.719974],[-70.455146,18.72],[-70.455336,18.720055],[-70.455412,18.720092],[-70.455644,18.720306],[-70.455699,18.720378],[-70.45595,18.72081],[-70.456199,18.721458],[-70.456322,18.721674],[-70.456586,18.722052],[-70.456778,18.722269],[-70.456911,18.722396],[-70.45716,18.722602],[-70.457751,18.723013],[-70.458014,18.723179],[-70.458361,18.723384],[-70.459237,18.723784],[-70.459292,18.72382],[-70.459447,18.723959],[-70.459502,18.724107],[-70.459538,18.724306],[-70.459525,18.724504],[-70.459473,18.724722],[-70.459342,18.724976],[-70.459155,18.72523],[-70.459059,18.725394],[-70.459177,18.72635],[-70.459184,18.726371],[-70.459372,18.726584],[-70.459551,18.726872],[-70.459912,18.727212],[-70.459912,18.72723],[-70.459931,18.727248],[-70.460026,18.727284],[-70.460064,18.727319],[-70.460197,18.727373],[-70.460236,18.727408],[-70.460255,18.727408],[-70.46035,18.727475],[-70.460579,18.727575],[-70.46096,18.727776],[-70.46134,18.727905],[-70.461606,18.727957],[-70.461891,18.727963],[-70.462004,18.727955],[-70.462213,18.727916],[-70.462704,18.727751],[-70.462723,18.727732],[-70.462818,18.727714],[-70.463044,18.727547],[-70.463176,18.727422],[-70.4634,18.72704],[-70.463456,18.726968],[-70.463607,18.726822],[-70.463626,18.726822],[-70.463663,18.726785],[-70.463758,18.72673],[-70.464003,18.726551],[-70.464229,18.726419],[-70.464267,18.726383],[-70.464286,18.726383],[-70.464342,18.726346],[-70.464342,18.726328],[-70.464361,18.72631],[-70.464361,18.726274],[-70.464379,18.726256],[-70.464379,18.72622],[-70.464398,18.726183],[-70.46449,18.725803],[-70.464566,18.725658],[-70.464901,18.725162],[-70.465006,18.724986],[-70.465201,18.724718],[-70.465332,18.724515],[-70.465413,18.724404],[-70.465501,18.724313],[-70.465557,18.724262],[-70.465746,18.724132],[-70.46601,18.72404],[-70.466238,18.724004],[-70.466465,18.724005],[-70.466636,18.724035],[-70.466903,18.72414],[-70.467132,18.724283],[-70.467315,18.724444],[-70.467457,18.724605],[-70.467552,18.724695],[-70.467801,18.724902],[-70.468335,18.725239],[-70.468533,18.725392],[-70.468621,18.725474],[-70.468851,18.725715],[-70.469034,18.725966],[-70.469299,18.726362],[-70.469494,18.726613],[-70.469738,18.726882],[-70.470346,18.727474],[-70.470665,18.727851],[-70.471227,18.728642],[-70.471502,18.728965],[-70.472491,18.729929],[-70.47272,18.730137],[-70.473198,18.730505],[-70.473255,18.730537],[-70.473312,18.730541],[-70.473331,18.730559],[-70.473388,18.730558],[-70.473729,18.730483],[-70.47407,18.730475],[-70.474412,18.730519],[-70.47464,18.730565],[-70.474801,18.730619],[-70.474935,18.730698]],[[-70.474777,18.712492],[-70.474654,18.712463],[-70.474521,18.712453],[-70.474293,18.712462],[-70.474009,18.712505],[-70.473782,18.712571],[-70.473348,18.712768],[-70.47314,18.712845],[-70.472913,18.712906],[-70.472799,18.712925],[-70.472628,18.712927],[-70.472533,18.712909],[-70.472419,18.71287],[-70.472248,18.712765],[-70.472063,18.712552],[-70.471925,18.712264],[-70.471824,18.711939],[-70.471789,18.711741],[-70.471773,18.71156],[-70.471753,18.710837],[-70.471715,18.710368],[-70.471692,18.709862],[-70.471652,18.709736],[-70.471591,18.70961],[-70.471549,18.709556],[-70.47148,18.709487],[-70.471422,18.709448],[-70.471195,18.70936],[-70.471023,18.709326],[-70.470947,18.709325],[-70.470871,18.709326],[-70.470731,18.709364],[-70.470582,18.709437],[-70.470686,18.709842],[-70.470684,18.70987],[-70.470788,18.710086],[-70.470229,18.711084],[-70.47014,18.711139],[-70.470054,18.711212],[-70.469859,18.711449],[-70.46966,18.711775],[-70.469477,18.711994],[-70.469142,18.712322],[-70.468795,18.712601],[-70.468606,18.712733],[-70.468449,18.712815],[-70.468266,18.712871],[-70.468171,18.712871],[-70.468057,18.712855],[-70.46773,18.712784],[-70.467449,18.712692],[-70.467315,18.712619],[-70.467227,18.712535],[-70.467143,18.712428],[-70.467034,18.712157],[-70.46696,18.711851],[-70.466923,18.711598],[-70.46693,18.711417],[-70.466965,18.711218],[-70.467065,18.71082],[-70.467191,18.710385],[-70.467244,18.71015],[-70.467246,18.710041],[-70.467227,18.709843],[-70.467179,18.709572],[-70.46708,18.709284],[-70.466911,18.709014],[-70.46676,18.708853],[-70.466278,18.708459],[-70.466108,18.708243],[-70.466065,18.708099],[-70.466065,18.708009],[-70.466079,18.707954],[-70.466168,18.707809],[-70.466341,18.707627],[-70.46659,18.707426],[-70.46685,18.707171],[-70.467013,18.706953],[-70.467076,18.706844],[-70.467106,18.706735],[-70.467126,18.706573],[-70.46711,18.706464],[-70.467047,18.706248],[-70.466955,18.705996],[-70.466915,18.705815],[-70.466899,18.704984],[-70.466869,18.704704]]]}},{"type":"Feature","properties":{"level":795.0,"major":false},"geometry":{"type":"MultiLineString","coordinates":[[[-70.44737,18.731963],[-70.447566,18.731857],[-70.447887,18.731719],[-70.448133,18.731649],[-70.448474,18.73159],[-70.448682,18.731568],[-70.448834,18.731535],[-70.448929,18.731533],[-70.448967,18.731519],[-70.449042,18.731525],[-70.449099,18.731501],[-70.449156,18.731504],[-70.449289,18.73148],[-70.449364,18.73145],[-70.449459,18.73139],[-70.449564,18.731268],[-70.449658,18.731105],[-70.449708,18.730942],[-70.449726,18.730833],[-70.449724,18.730761],[-70.449637,18.730454],[-70.449584,18.730328],[-70.449486,18.730156],[-70.449352,18.729989],[-70.449218,18.729846],[-70.448891,18.729611],[-70.448722,18.729516],[-70.44857,18.729448],[-70.44817,18.729329],[-70.448094,18.729295],[-70.447865,18.729139],[-70.447811,18.729077],[-70.447748,18.728969],[-70.447674,18.728789],[-70.447624,18.728591],[-70.447607,18.728464],[-70.447613,18.728175],[-70.447639,18.72803],[-70.447668,18.727958],[-70.447667,18.727886],[-70.447683,18.727831],[-70.447702,18.727813],[-70.447709,18.727759],[-70.447546,18.727341],[-70.447527,18.727316],[-70.44747,18.727322],[-70.447451,18.727303],[-70.447413,18.727305],[-70.447375,18.727275],[-70.447299,18.727282],[-70.447166,18.727265],[-70.446901,18.727265],[-70.446711,18.727286],[-70.446456,18.727343]],[[-70.446433,18.724689],[-70.446443,18.724691],[-70.446708,18.724692],[-70.446879,18.724671],[-70.447806,18.724468],[-70.448053,18.724431],[-70.448318,18.724417],[-70.448565,18.724444],[-70.448945,18.72453],[-70.449154,18.724566],[-70.449552,18.724606],[-70.449818,18.724659],[-70.450085,18.724733],[-70.450142,18.724763],[-70.450291,18.724811],[-70.450504,18.724945],[-70.45058,18.725017],[-70.45096,18.725119],[-70.450979,18.725118],[-70.451017,18.725089],[-70.451055,18.725096],[-70.451074,18.725078],[-70.451131,18.72509],[-70.451225,18.725057],[-70.451301,18.725064],[-70.451339,18.725051],[-70.451453,18.725048],[-70.451794,18.724993],[-70.452154,18.724917],[-70.452324,18.724866],[-70.45255,18.724756],[-70.452747,18.724629],[-70.452965,18.724392],[-70.453032,18.724284],[-70.453051,18.724193],[-70.453005,18.724013],[-70.452788,18.723581],[-70.452728,18.723473],[-70.452489,18.723113],[-70.452377,18.722916],[-70.452302,18.722717],[-70.452264,18.722573],[-70.452241,18.722393],[-70.452242,18.722284],[-70.452384,18.721741],[-70.452428,18.721451],[-70.452439,18.72118],[-70.45243,18.721108],[-70.452491,18.720909],[-70.452799,18.720561],[-70.452931,18.720479],[-70.45312,18.72042],[-70.454048,18.720232],[-70.454578,18.720137],[-70.454787,18.720115],[-70.454995,18.720129],[-70.45509,18.720147],[-70.455205,18.720185],[-70.455338,18.720252],[-70.455518,18.720415],[-70.455644,18.720572],[-70.455814,18.720829],[-70.456097,18.721495],[-70.456249,18.721765],[-70.45651,18.722143],[-70.456703,18.722356],[-70.456857,18.722501],[-70.457027,18.722637],[-70.457686,18.723109],[-70.458134,18.72341],[-70.45842,18.723586],[-70.458872,18.723823],[-70.459068,18.72395],[-70.459205,18.724073],[-70.459241,18.724181],[-70.459268,18.724326],[-70.459252,18.724507],[-70.459189,18.724706],[-70.459083,18.724906],[-70.458844,18.725233],[-70.458677,18.725379],[-70.458606,18.725469],[-70.45857,18.725542],[-70.458627,18.726029],[-70.458605,18.726102],[-70.458595,18.72621],[-70.458638,18.726373],[-70.458696,18.726481],[-70.458971,18.72684],[-70.459095,18.72707],[-70.459134,18.727182],[-70.459236,18.72729],[-70.459276,18.727416],[-70.459359,18.727506],[-70.459382,18.72756],[-70.459708,18.727757],[-70.459727,18.727763],[-70.459916,18.727741],[-70.460107,18.727841],[-70.460221,18.727859],[-70.460411,18.727931],[-70.460507,18.727985],[-70.460716,18.72813],[-70.460849,18.728177],[-70.46102,18.728208],[-70.461115,18.728191],[-70.461324,18.728214],[-70.46176,18.728183],[-70.462101,18.728128],[-70.462366,18.728051],[-70.46263,18.727954],[-70.462952,18.727864],[-70.463084,18.727815],[-70.463179,18.727757],[-70.463254,18.727746],[-70.46333,18.727699],[-70.463424,18.727681],[-70.463462,18.727619],[-70.463536,18.7276],[-70.463575,18.727549],[-70.463783,18.727478],[-70.463896,18.727334],[-70.463941,18.727253],[-70.464102,18.727115],[-70.46414,18.72706],[-70.464233,18.72698],[-70.464276,18.726907],[-70.464328,18.726858],[-70.464361,18.72678],[-70.464451,18.726689],[-70.46446,18.726653],[-70.464532,18.726598],[-70.464543,18.726562],[-70.46458,18.726525],[-70.464623,18.72638],[-70.464685,18.72591],[-70.464737,18.725729],[-70.464854,18.725493],[-70.465184,18.724948],[-70.465415,18.724621],[-70.465552,18.724457],[-70.465634,18.724376],[-70.465766,18.724278],[-70.465993,18.724183],[-70.466258,18.72413],[-70.466447,18.72413],[-70.466618,18.724163],[-70.46679,18.724223],[-70.466975,18.72432],[-70.467133,18.72445],[-70.467439,18.724767],[-70.467592,18.724901],[-70.467802,18.725045],[-70.468152,18.725232],[-70.468412,18.7254],[-70.468603,18.725559],[-70.46876,18.725715],[-70.469025,18.726083],[-70.469328,18.726542],[-70.469574,18.726829],[-70.470136,18.727394],[-70.47054,18.727834],[-70.470771,18.728121],[-70.470983,18.728427],[-70.471248,18.728772],[-70.471536,18.729096],[-70.47211,18.72969],[-70.472397,18.730036],[-70.472443,18.730078],[-70.472577,18.730257],[-70.472637,18.730311],[-70.472654,18.730365],[-70.472723,18.730438],[-70.472762,18.730516],[-70.4728,18.730553],[-70.472938,18.730833],[-70.47305,18.730965],[-70.473107,18.730982],[-70.473467,18.730946],[-70.473509,18.730883],[-70.473542,18.73087],[-70.473581,18.73081],[-70.473641,18.730773],[-70.473674,18.73073],[-70.473996,18.730653],[-70.474261,18.730638],[-70.474584,18.730687],[-70.474736,18.73073],[-70.474878,18.730799],[-70.474936,18.73084]],[[-70.474775,18.712265],[-70.474709,18.712284],[-70.474652,18.712277],[-70.474387,18.712324],[-70.473876,18.71244],[-70.473309,18.71267],[-70.473101,18.712742],[-70.472931,18.71278],[-70.472684,18.712793],[-70.472494,18.712754],[-70.472342,18.712668],[-70.47215,18.712466],[-70.472048,18.712263],[-70.471937,18.711938],[-70.471879,18.711559],[-70.471867,18.711017],[-70.47188,18.710836],[-70.471851,18.710403],[-70.471858,18.710331],[-70.471843,18.709987],[-70.471826,18.709807],[-70.471784,18.709545],[-70.471761,18.709482],[-70.471706,18.709397],[-70.471611,18.70933],[-70.471512,18.709285],[-70.471231,18.709218],[-70.470927,18.709195],[-70.470738,18.709214],[-70.470605,18.709244],[-70.470435,18.709311],[-70.47039,18.709348],[-70.470414,18.709547],[-70.470499,18.709871],[-70.470495,18.709908],[-70.470582,18.710088],[-70.470554,18.71016],[-70.470092,18.710977],[-70.470014,18.711022],[-70.469942,18.711086],[-70.469687,18.711396],[-70.469446,18.711795],[-70.469282,18.711989],[-70.469076,18.712201],[-70.468718,18.71247],[-70.468529,18.71259],[-70.468378,18.712663],[-70.468245,18.7127],[-70.468075,18.712699],[-70.467752,18.71264],[-70.467518,18.712551],[-70.467394,18.71248],[-70.467332,18.712426],[-70.467263,18.712336],[-70.467172,18.71212],[-70.467121,18.711922],[-70.467063,18.711597],[-70.467065,18.711434],[-70.467097,18.711235],[-70.467333,18.710149],[-70.467333,18.710023],[-70.467313,18.709842],[-70.467262,18.709571],[-70.467162,18.709265],[-70.467038,18.709036],[-70.466854,18.708816],[-70.466528,18.708511],[-70.466342,18.708314],[-70.466265,18.708152],[-70.46625,18.708025],[-70.466254,18.707989],[-70.466293,18.707898],[-70.466436,18.707717],[-70.466839,18.707334],[-70.467059,18.707082],[-70.467197,18.706879],[-70.467234,18.706753],[-70.467255,18.70659],[-70.467246,18.706445],[-70.467216,18.706319],[-70.467098,18.706013],[-70.467032,18.705742],[-70.467004,18.705273],[-70.466999,18.704875],[-70.466974,18.704704]]]}},{"type":"Feature","properties":{"level":800.0,"major":true},"geometry":{"type":"MultiLineString","coordinates":[[[-70.44788,18.731959],[-70.448021,18.731899],[-70.448343,18.731822],[-70.448646,18.731793],[-70.448893,18.731797],[-70.449197,18.731837],[-70.449405,18.731828],[-70.449536,18.731793],[-70.449689,18.731719],[-70.449821,18.731607],[-70.44999,18.73141],[-70.44999,18.731391],[-70.450046,18.731319],[-70.450097,18.731192],[-70.450138,18.731029],[-70.450137,18.73083],[-70.450059,18.730614],[-70.449886,18.730308],[-70.449693,18.73002],[-70.449463,18.729733],[-70.449349,18.729625],[-70.449139,18.729464],[-70.44891,18.729324],[-70.448643,18.729198],[-70.448282,18.729092],[-70.44813,18.72902],[-70.447938,18.728841],[-70.447938,18.728823],[-70.4479,18.728787],[-70.447861,18.728715],[-70.447803,18.728499],[-70.447803,18.728318],[-70.447819,18.728228],[-70.447856,18.728119],[-70.447931,18.727974],[-70.448138,18.727773],[-70.448157,18.727773],[-70.448195,18.727737],[-70.448214,18.727737],[-70.448232,18.727718],[-70.448251,18.727718],[-70.448459,18.727608],[-70.448497,18.727608],[-70.448554,18.727571],[-70.44861,18.727571],[-70.448629,18.727553],[-70.448705,18.727552],[-70.448724,18.727534],[-70.448781,18.727534],[-70.4488,18.727515],[-70.448857,18.727515],[-70.448875,18.727497],[-70.448932,18.727496],[-70.448951,18.727478],[-70.449008,18.727478],[-70.449027,18.727459],[-70.449103,18.727459],[-70.449121,18.727441],[-70.449178,18.72744],[-70.449197,18.727422],[-70.449254,18.727421],[-70.449273,18.727403],[-70.44933,18.727403],[-70.449349,18.727385],[-70.449405,18.727366],[-70.449443,18.72733],[-70.449462,18.727329],[-70.449537,18.727257],[-70.449556,18.727256],[-70.449631,18.727184],[-70.44965,18.727183],[-70.449726,18.727111],[-70.449744,18.72711],[-70.44997,18.726892],[-70.44997,18.726874],[-70.450008,18.726837],[-70.450008,18.726819],[-70.450083,18.726746],[-70.450083,18.726728],[-70.45012,18.726692],[-70.45012,18.726674],[-70.450214,18.726583],[-70.450214,18.726565],[-70.450252,18.726528],[-70.450251,18.72651],[-70.450364,18.726401],[-70.450364,18.726383],[-70.450515,18.726237],[-70.450515,18.726219],[-70.45059,18.726146],[-70.450608,18.726092],[-70.450683,18.726001],[-70.450721,18.72591],[-70.450758,18.725874],[-70.450777,18.725819],[-70.450833,18.725765],[-70.450852,18.72571],[-70.450889,18.725674],[-70.450889,18.725656],[-70.450927,18.725619],[-70.450927,18.725601],[-70.451171,18.72537],[-70.451228,18.72533],[-70.45136,18.72526],[-70.451473,18.72522],[-70.451946,18.725088],[-70.45223,18.725031],[-70.452665,18.72488],[-70.452865,18.724755],[-70.453103,18.724518],[-70.45323,18.724337],[-70.453266,18.724228],[-70.453266,18.724119],[-70.453232,18.724011],[-70.453181,18.723903],[-70.453094,18.723777],[-70.452879,18.7234],[-70.452727,18.723202],[-70.452554,18.722898],[-70.45248,18.72268],[-70.452466,18.72259],[-70.452475,18.722318],[-70.45264,18.721847],[-70.452691,18.721666],[-70.452749,18.721395],[-70.452815,18.720997],[-70.4529,18.720815],[-70.45299,18.720688],[-70.453027,18.720652],[-70.453046,18.720651],[-70.453179,18.720581],[-70.453443,18.720488],[-70.453765,18.72041],[-70.453803,18.720393],[-70.454182,18.72032],[-70.454598,18.72026],[-70.454769,18.72025],[-70.455035,18.720295],[-70.45513,18.720328],[-70.455296,18.720435],[-70.455551,18.720686],[-70.455675,18.720848],[-70.455857,18.721226],[-70.455944,18.721442],[-70.456057,18.721658],[-70.456225,18.721937],[-70.456446,18.722251],[-70.456521,18.722341],[-70.45678,18.722586],[-70.456876,18.722662],[-70.458288,18.723683],[-70.458714,18.723951],[-70.458937,18.724148],[-70.458976,18.724238],[-70.458996,18.724382],[-70.458978,18.724509],[-70.458904,18.724708],[-70.458754,18.724926],[-70.458674,18.725017],[-70.458622,18.725072],[-70.458566,18.72509],[-70.458471,18.725163],[-70.458472,18.725181],[-70.458434,18.725218],[-70.458434,18.725236],[-70.458302,18.725356],[-70.458154,18.725545],[-70.458042,18.725781],[-70.458022,18.725853],[-70.458005,18.726089],[-70.458103,18.72639],[-70.45818,18.726539],[-70.458295,18.726713],[-70.458499,18.72697],[-70.458594,18.72715],[-70.458679,18.727384],[-70.458798,18.727799],[-70.458834,18.727871],[-70.458836,18.727907],[-70.458856,18.727925],[-70.458856,18.727961],[-70.458875,18.727979],[-70.458875,18.728033],[-70.458895,18.728051],[-70.458895,18.728088],[-70.458914,18.728105],[-70.458914,18.728123],[-70.458991,18.728195],[-70.45901,18.728195],[-70.459124,18.728284],[-70.459162,18.728284],[-70.459181,18.728302],[-70.459314,18.728301],[-70.459333,18.728283],[-70.459522,18.728281],[-70.459901,18.728242],[-70.459959,18.728278],[-70.459997,18.728278],[-70.460054,18.728313],[-70.460092,18.728313],[-70.460149,18.728349],[-70.460187,18.728349],[-70.460244,18.728384],[-70.460282,18.728384],[-70.460301,18.728402],[-70.460339,18.728402],[-70.460358,18.728419],[-70.460415,18.728437],[-70.460568,18.728562],[-70.460587,18.728562],[-70.460606,18.72858],[-70.460891,18.728593],[-70.461023,18.728577],[-70.461288,18.728521],[-70.462064,18.728333],[-70.462518,18.728172],[-70.462916,18.728058],[-70.463484,18.72798],[-70.463844,18.727957],[-70.463901,18.72794],[-70.464015,18.727939],[-70.464033,18.727921],[-70.464071,18.727921],[-70.464109,18.727884],[-70.464128,18.727884],[-70.464203,18.72783],[-70.464222,18.727829],[-70.464354,18.727702],[-70.464354,18.727683],[-70.464373,18.727665],[-70.464373,18.727647],[-70.464475,18.727466],[-70.464522,18.727393],[-70.464635,18.727266],[-70.464691,18.727175],[-70.464884,18.726414],[-70.464896,18.726306],[-70.464896,18.725962],[-70.464926,18.725745],[-70.465019,18.72551],[-70.465149,18.725256],[-70.465346,18.724929],[-70.465504,18.724715],[-70.465605,18.724602],[-70.465749,18.724456],[-70.465824,18.724401],[-70.466032,18.72431],[-70.466183,18.724272],[-70.466316,18.724257],[-70.46643,18.724257],[-70.466525,18.72427],[-70.466715,18.724324],[-70.466874,18.724393],[-70.467204,18.724697],[-70.467347,18.724859],[-70.467536,18.725029],[-70.467727,18.725141],[-70.468108,18.725318],[-70.468337,18.725447],[-70.468566,18.725629],[-70.468713,18.72577],[-70.468954,18.726111],[-70.469257,18.726594],[-70.469626,18.72701],[-70.469984,18.727368],[-70.47046,18.727871],[-70.470731,18.728191],[-70.470917,18.728463],[-70.471144,18.728751],[-70.472038,18.729756],[-70.472217,18.730007],[-70.472434,18.730385],[-70.472509,18.730655],[-70.472557,18.730926],[-70.472615,18.731096],[-70.472671,18.731214],[-70.47275,18.731304],[-70.472903,18.731447],[-70.472922,18.731447],[-70.472979,18.731501],[-70.473036,18.731501],[-70.473055,18.731519],[-70.473377,18.731516],[-70.473396,18.731498],[-70.473491,18.731461],[-70.473585,18.73137],[-70.473585,18.731352],[-70.473622,18.731315],[-70.473753,18.731097],[-70.473998,18.730861],[-70.474073,18.730825],[-70.4743,18.730789],[-70.474566,18.73082],[-70.474642,18.730848],[-70.474699,18.730855],[-70.474814,18.730908],[-70.474938,18.731004]],[[-70.446434,18.724805],[-70.446576,18.724814],[-70.446747,18.724802],[-70.447523,18.724634],[-70.44811,18.724539],[-70.4483,18.724535],[-70.448547,18.724572],[-70.449155,18.724745],[-70.449421,18.7248],[-70.44963,18.724857],[-70.449971,18.724976],[-70.450106,18.725058],[-70.450221,18.725173],[-70.450292,18.725299],[-70.450298,18.725335],[-70.450317,18.725353],[-70.450318,18.725389],[-70.450337,18.725407],[-70.450338,18.725498],[-70.450319,18.725516],[-70.450319,18.72557],[-70.450301,18.725588],[-70.450301,18.72566],[-70.450282,18.725679],[-70.450283,18.725715],[-70.450226,18.725769],[-70.450226,18.725788],[-70.450189,18.725824],[-70.450189,18.725842],[-70.449907,18.726115],[-70.449888,18.726115],[-70.449737,18.726261],[-70.449718,18.726261],[-70.449605,18.726353],[-70.449549,18.726371],[-70.449511,18.726407],[-70.449379,18.726463],[-70.449341,18.726499],[-70.449322,18.726499],[-70.449152,18.726591],[-70.449114,18.726591],[-70.449095,18.726609],[-70.449057,18.72661],[-70.449039,18.726628],[-70.449001,18.726628],[-70.448982,18.726646],[-70.448944,18.726647],[-70.448925,18.726665],[-70.448887,18.726665],[-70.448868,18.726684],[-70.448811,18.726684],[-70.448793,18.726702],[-70.448755,18.726702],[-70.448736,18.726721],[-70.448698,18.726721],[-70.448679,18.726739],[-70.448641,18.726739],[-70.448622,18.726758],[-70.448566,18.726758],[-70.448547,18.726776],[-70.448528,18.726776],[-70.448471,18.726813],[-70.448433,18.726813],[-70.448377,18.72685],[-70.44832,18.72685],[-70.448301,18.726869],[-70.448263,18.726869],[-70.448244,18.726887],[-70.448187,18.726888],[-70.448169,18.726906],[-70.448131,18.726906],[-70.448112,18.726924],[-70.448036,18.726925],[-70.448017,18.726943],[-70.447922,18.726944],[-70.447903,18.726962],[-70.447809,18.726963],[-70.44779,18.726981],[-70.447657,18.726982],[-70.447335,18.727022],[-70.447013,18.727042],[-70.446672,18.727093],[-70.446454,18.727155]],[[-70.474773,18.71203],[-70.47465,18.712091],[-70.474499,18.712153],[-70.47431,18.712221],[-70.473856,18.712349],[-70.473421,18.712524],[-70.473157,18.712614],[-70.472892,18.712659],[-70.472702,18.712659],[-70.47255,18.712631],[-70.472428,18.712567],[-70.472302,18.712457],[-70.472244,18.712388],[-70.472188,18.712298],[-70.472101,18.7121],[-70.472034,18.711883],[-70.471983,18.711558],[-70.471978,18.711052],[-70.472004,18.710835],[-70.471984,18.710474],[-70.471999,18.710329],[-70.471995,18.710149],[-70.471968,18.709806],[-70.471876,18.709252],[-70.471723,18.709163],[-70.471609,18.709122],[-70.471305,18.709077],[-70.470869,18.709065],[-70.47068,18.709077],[-70.470452,18.709129],[-70.470263,18.709205],[-70.470192,18.709277],[-70.470249,18.709548],[-70.470243,18.709638],[-70.470314,18.709909],[-70.470305,18.709945],[-70.470376,18.710089],[-70.470356,18.710144],[-70.469963,18.710851],[-70.469831,18.710961],[-70.469523,18.711334],[-70.469224,18.71183],[-70.469058,18.712033],[-70.468905,18.712161],[-70.468641,18.712339],[-70.468401,18.712472],[-70.468244,18.712526],[-70.467997,18.712532],[-70.467846,18.712509],[-70.467636,18.712435],[-70.467465,18.712335],[-70.467395,18.712263],[-70.467311,18.712083],[-70.467233,18.711758],[-70.467204,18.711542],[-70.467211,18.711379],[-70.46723,18.711252],[-70.46742,18.710185],[-70.467418,18.70995],[-70.467346,18.709553],[-70.467268,18.7093],[-70.467121,18.708994],[-70.466864,18.708683],[-70.466627,18.708438],[-70.466539,18.708328],[-70.466467,18.708222],[-70.466445,18.708114],[-70.466441,18.70797],[-70.46646,18.707915],[-70.466589,18.707733],[-70.466929,18.707392],[-70.467146,18.707151],[-70.467333,18.706878],[-70.467377,18.706697],[-70.467381,18.706444],[-70.467353,18.706264],[-70.467336,18.706246],[-70.467336,18.70621],[-70.467298,18.706156],[-70.467242,18.70603],[-70.467149,18.705687],[-70.467108,18.705218],[-70.467096,18.704802],[-70.467083,18.704703]]]}},{"type":"Feature","properties":{"level":805.0,"major":false},"geometry":{"type":"MultiLineString","coordinates":[[[-70.449815,18.731944],[-70.449937,18.73185],[-70.450139,18.731643],[-70.450262,18.731498],[-70.45035,18.731334],[-70.450382,18.731226],[-70.450405,18.731045],[-70.450395,18.730937],[-70.450377,18.730828],[-70.450332,18.73072],[-70.450142,18.730378],[-70.449861,18.729965],[-70.449595,18.729635],[-70.449423,18.729456],[-70.449251,18.729304],[-70.449041,18.729141],[-70.448927,18.729074],[-70.448806,18.728961],[-70.448755,18.728937],[-70.448735,18.728907],[-70.448678,18.728871],[-70.448621,18.728854],[-70.448602,18.728817],[-70.448507,18.728776],[-70.448389,18.728657],[-70.448334,18.728459],[-70.448359,18.728296],[-70.448407,18.728187],[-70.448539,18.728059],[-70.448727,18.72795],[-70.448803,18.727926],[-70.448916,18.727875],[-70.448968,18.727839],[-70.449294,18.727698],[-70.449369,18.727637],[-70.449464,18.727586],[-70.449878,18.727216],[-70.450073,18.727018],[-70.450423,18.726584],[-70.450705,18.726262],[-70.451112,18.72569],[-70.451314,18.72549],[-70.451418,18.725422],[-70.451702,18.725295],[-70.451928,18.725216],[-70.452269,18.725142],[-70.45244,18.725093],[-70.452818,18.724957],[-70.452969,18.724863],[-70.453289,18.724627],[-70.453454,18.724461],[-70.453512,18.724371],[-70.453553,18.724244],[-70.453558,18.724153],[-70.453521,18.724009],[-70.45348,18.723919],[-70.453399,18.723793],[-70.453309,18.723685],[-70.452878,18.723092],[-70.452739,18.722822],[-70.452715,18.722714],[-70.452696,18.72257],[-70.452712,18.722371],[-70.452844,18.721864],[-70.452984,18.721176],[-70.453025,18.721031],[-70.453143,18.720826],[-70.453228,18.720758],[-70.453426,18.720652],[-70.453653,18.720555],[-70.453955,18.72047],[-70.454467,18.720403],[-70.454713,18.720394],[-70.454846,18.720413],[-70.455036,18.720469],[-70.455208,18.720576],[-70.455425,18.720796],[-70.455538,18.720939],[-70.455653,18.721137],[-70.455963,18.721731],[-70.456246,18.722194],[-70.456333,18.722325],[-70.456419,18.722428],[-70.456518,18.722522],[-70.456867,18.722808],[-70.457851,18.723543],[-70.458386,18.723987],[-70.458417,18.724025],[-70.458462,18.724051],[-70.458579,18.724187],[-70.458596,18.724241],[-70.458634,18.724295],[-70.458647,18.724349],[-70.458646,18.724439],[-70.458614,18.724566],[-70.4584,18.724893],[-70.458242,18.724992],[-70.458194,18.725057],[-70.457979,18.725285],[-70.457874,18.725421],[-70.457799,18.725548],[-70.457737,18.725693],[-70.457708,18.725856],[-70.457714,18.726055],[-70.457768,18.726235],[-70.457879,18.726523],[-70.458012,18.726775],[-70.458216,18.727099],[-70.458269,18.727225],[-70.458345,18.727532],[-70.458387,18.727857],[-70.458423,18.728001],[-70.458427,18.728272],[-70.458506,18.728452],[-70.458786,18.728632],[-70.459147,18.728778],[-70.459223,18.728773],[-70.459299,18.7288],[-70.459356,18.728798],[-70.459394,18.728823],[-70.459489,18.728812],[-70.459546,18.72885],[-70.459641,18.72886],[-70.459984,18.728998],[-70.460117,18.729101],[-70.460516,18.729106],[-70.460629,18.729037],[-70.460667,18.729032],[-70.460723,18.72899],[-70.460761,18.728985],[-70.460818,18.72894],[-70.460856,18.72894],[-70.460931,18.7289],[-70.460969,18.728898],[-70.46146,18.728674],[-70.461687,18.728589],[-70.462179,18.728434],[-70.462519,18.728308],[-70.462822,18.728221],[-70.463068,18.728179],[-70.463466,18.728146],[-70.463846,18.728155],[-70.463998,18.728175],[-70.464036,18.728169],[-70.464131,18.728189],[-70.464187,18.728159],[-70.464244,18.728178],[-70.464339,18.728185],[-70.464471,18.728126],[-70.464641,18.727949],[-70.464727,18.727644],[-70.464733,18.72759],[-70.46477,18.727521],[-70.464782,18.727463],[-70.464815,18.727427],[-70.464825,18.727373],[-70.464861,18.727318],[-70.464917,18.727065],[-70.465031,18.726431],[-70.46504,18.726341],[-70.465036,18.725961],[-70.465053,18.725781],[-70.46515,18.725527],[-70.465281,18.725268],[-70.465472,18.724964],[-70.465581,18.724822],[-70.4657,18.724691],[-70.465887,18.724527],[-70.466033,18.724456],[-70.466203,18.724411],[-70.466412,18.7244],[-70.466526,18.724418],[-70.466678,18.724464],[-70.466773,18.724506],[-70.466816,18.724538],[-70.467041,18.72475],[-70.467328,18.725057],[-70.4675,18.72519],[-70.467652,18.725275],[-70.468052,18.725419],[-70.46828,18.725532],[-70.468433,18.725633],[-70.468669,18.725861],[-70.468826,18.726076],[-70.469172,18.726616],[-70.469296,18.726772],[-70.469565,18.727081],[-70.47056,18.728123],[-70.471025,18.728715],[-70.471506,18.729254],[-70.471943,18.729793],[-70.472113,18.730062],[-70.472248,18.730332],[-70.472323,18.730567],[-70.472402,18.731],[-70.472459,18.731162],[-70.47256,18.731341],[-70.472702,18.731485],[-70.472847,18.731599],[-70.47298,18.731657],[-70.473113,18.731688],[-70.473417,18.731703],[-70.473455,18.731689],[-70.473531,18.731684],[-70.473757,18.731605],[-70.473793,18.731567],[-70.473839,18.731549],[-70.47387,18.731504],[-70.473965,18.731469],[-70.473995,18.731439],[-70.474021,18.73143],[-70.474134,18.731319],[-70.474191,18.731293],[-70.474305,18.731276],[-70.474456,18.731276],[-70.474589,18.731289],[-70.474703,18.731338],[-70.47476,18.731335],[-70.474818,18.731374],[-70.474941,18.731415]],[[-70.446435,18.724936],[-70.446521,18.724943],[-70.446805,18.724915],[-70.447373,18.724778],[-70.447922,18.72467],[-70.448168,18.724647],[-70.448396,18.724665],[-70.448548,18.7247],[-70.448643,18.724735],[-70.449157,18.724961],[-70.449347,18.72502],[-70.449595,18.725117],[-70.44969,18.725171],[-70.449709,18.725195],[-70.449747,18.725208],[-70.449868,18.725302],[-70.449935,18.72541],[-70.44996,18.725482],[-70.449961,18.725518],[-70.449936,18.725627],[-70.449908,18.725663],[-70.449898,18.725718],[-70.449807,18.725845],[-70.449508,18.726114],[-70.449036,18.726339],[-70.448601,18.726495],[-70.44828,18.726634],[-70.447939,18.726736],[-70.447561,18.726813],[-70.447333,18.726842],[-70.446784,18.72686],[-70.446556,18.726898],[-70.446452,18.726932]],[[-70.474772,18.711879],[-70.474555,18.712002],[-70.474385,18.712081],[-70.474271,18.712127],[-70.473799,18.712275],[-70.473458,18.712414],[-70.47325,18.71248],[-70.473061,18.712523],[-70.472891,18.712542],[-70.472701,18.712528],[-70.472511,18.712465],[-70.472415,18.712389],[-70.472336,18.712297],[-70.472185,18.712045],[-70.472125,18.711846],[-70.47209,18.711612],[-70.47209,18.711124],[-70.472129,18.710834],[-70.472116,18.710545],[-70.472141,18.710346],[-70.472107,18.709786],[-70.472029,18.709299],[-70.472075,18.709118],[-70.471969,18.70905],[-70.471798,18.708991],[-70.471684,18.708971],[-70.471399,18.708957],[-70.471001,18.708961],[-70.470811,18.708953],[-70.470546,18.708968],[-70.470376,18.709001],[-70.470243,18.709048],[-70.470111,18.709132],[-70.470048,18.70926],[-70.470042,18.709405],[-70.470086,18.709622],[-70.470073,18.70973],[-70.470124,18.709929],[-70.470116,18.709983],[-70.470167,18.710091],[-70.470143,18.710163],[-70.469835,18.710726],[-70.469719,18.710835],[-70.469359,18.711272],[-70.469009,18.711835],[-70.468903,18.711951],[-70.468677,18.712114],[-70.468526,18.712202],[-70.46828,18.712308],[-70.468166,18.712322],[-70.468015,18.712322],[-70.467901,18.712303],[-70.467775,18.71226],[-70.467615,18.712153],[-70.467522,18.712027],[-70.467486,18.711901],[-70.467425,18.711775],[-70.467383,18.711594],[-70.467369,18.711468],[-70.467402,18.71107],[-70.467511,18.71022],[-70.467505,18.709931],[-70.467431,18.709552],[-70.467347,18.709264],[-70.467246,18.709029],[-70.467154,18.708886],[-70.466978,18.708648],[-70.46674,18.708365],[-70.466661,18.708239],[-70.466634,18.708167],[-70.466619,18.708077],[-70.46662,18.708004],[-70.466652,18.707914],[-70.466744,18.707768],[-70.466943,18.707532],[-70.467231,18.707219],[-70.46728,18.70715],[-70.467413,18.706914],[-70.467472,18.706678],[-70.467483,18.70657],[-70.467478,18.706425],[-70.467459,18.706299],[-70.467302,18.70583],[-70.467261,18.70565],[-70.467203,18.705163],[-70.46718,18.704702]]]}},{"type":"Feature","properties":{"level":810.0,"major":false},"geometry":{"type":"MultiLineString","coordinates":[[[-70.450204,18.731941],[-70.450316,18.731839],[-70.450523,18.731604],[-70.450597,18.731477],[-70.450651,18.731332],[-70.450671,18.731224],[-70.450669,18.731007],[-70.450649,18.730898],[-70.450584,18.730736],[-70.450458,18.73052],[-70.450151,18.730071],[-70.449668,18.72946],[-70.449478,18.729253],[-70.449129,18.728922],[-70.448961,18.728707],[-70.448905,18.728599],[-70.448903,18.728545],[-70.448922,18.728526],[-70.448922,18.72849],[-70.448941,18.728472],[-70.44894,18.728436],[-70.448959,18.728418],[-70.448959,18.728382],[-70.448978,18.728363],[-70.448977,18.728309],[-70.449015,18.728255],[-70.449203,18.72811],[-70.449297,18.728054],[-70.449431,18.727944],[-70.449653,18.727707],[-70.449836,18.727489],[-70.450294,18.72701],[-70.450503,18.726743],[-70.450838,18.726348],[-70.451251,18.725817],[-70.451439,18.725621],[-70.451665,18.725469],[-70.451967,18.725328],[-70.452289,18.725256],[-70.452592,18.725173],[-70.452876,18.725083],[-70.452951,18.725048],[-70.453083,18.724963],[-70.453423,18.724787],[-70.453573,18.724677],[-70.453726,18.724532],[-70.453797,18.724404],[-70.453836,18.724296],[-70.453847,18.724151],[-70.453815,18.723989],[-70.453776,18.723899],[-70.453678,18.723755],[-70.45324,18.72327],[-70.453105,18.723105],[-70.453015,18.722965],[-70.452956,18.722839],[-70.452939,18.722767],[-70.45293,18.722514],[-70.452983,18.72226],[-70.453044,18.721844],[-70.453139,18.721337],[-70.453206,18.721138],[-70.453314,18.720939],[-70.453465,18.720815],[-70.453748,18.720646],[-70.453994,18.720573],[-70.454278,18.720539],[-70.454487,18.720529],[-70.454752,18.720548],[-70.454962,18.720619],[-70.455114,18.720712],[-70.455362,18.720977],[-70.455526,18.721211],[-70.455845,18.721768],[-70.456013,18.722038],[-70.456116,18.722236],[-70.45622,18.722398],[-70.456306,18.722506],[-70.456458,18.722648],[-70.456726,18.722846],[-70.45707,18.723132],[-70.457432,18.723382],[-70.457761,18.723651],[-70.458063,18.723956],[-70.458235,18.724153],[-70.458292,18.724279],[-70.458297,18.724351],[-70.458294,18.724406],[-70.458275,18.724424],[-70.458276,18.72446],[-70.458257,18.724478],[-70.458239,18.724569],[-70.458164,18.72466],[-70.458164,18.724678],[-70.458088,18.724733],[-70.458089,18.724751],[-70.458032,18.724805],[-70.458032,18.724823],[-70.458013,18.724825],[-70.457943,18.724896],[-70.4576,18.725278],[-70.457469,18.725516],[-70.457432,18.725605],[-70.457414,18.725696],[-70.457408,18.725876],[-70.457436,18.726111],[-70.457708,18.726778],[-70.457834,18.727011],[-70.457915,18.727192],[-70.457959,18.727372],[-70.457984,18.727625],[-70.457984,18.728004],[-70.45793,18.728402],[-70.457931,18.728493],[-70.45795,18.72851],[-70.457951,18.728583],[-70.45797,18.728601],[-70.45797,18.728619],[-70.458027,18.728673],[-70.458028,18.728691],[-70.4582,18.728852],[-70.458581,18.729048],[-70.458866,18.729146],[-70.459209,18.729302],[-70.459705,18.729671],[-70.459724,18.729671],[-70.459819,18.729725],[-70.459914,18.729742],[-70.459933,18.72976],[-70.46018,18.729758],[-70.460199,18.72974],[-70.460256,18.729739],[-70.460275,18.729721],[-70.460369,18.729702],[-70.460577,18.729588],[-70.460822,18.72941],[-70.460954,18.72929],[-70.461312,18.729015],[-70.461462,18.728904],[-70.461613,18.728812],[-70.462048,18.728616],[-70.462577,18.728423],[-70.462729,18.72838],[-70.463032,18.728328],[-70.46343,18.728307],[-70.463829,18.728357],[-70.464342,18.728515],[-70.464551,18.728513],[-70.464569,18.728495],[-70.464607,18.728495],[-70.464683,18.72844],[-70.464702,18.72844],[-70.464871,18.728276],[-70.464927,18.728203],[-70.465001,18.727931],[-70.465036,18.727624],[-70.46504,18.727479],[-70.465107,18.727081],[-70.465181,18.726376],[-70.465173,18.725978],[-70.465184,18.725816],[-70.46521,18.725707],[-70.465267,18.725562],[-70.465433,18.725246],[-70.465583,18.725017],[-70.465739,18.724835],[-70.465879,18.724708],[-70.465978,18.724634],[-70.466091,18.72458],[-70.466261,18.724544],[-70.466413,18.724545],[-70.466508,18.724561],[-70.466622,18.724597],[-70.466718,18.724652],[-70.466903,18.724826],[-70.467234,18.725184],[-70.467425,18.725331],[-70.467578,18.725409],[-70.467996,18.725523],[-70.468243,18.72563],[-70.468396,18.725718],[-70.468631,18.725951],[-70.469111,18.72667],[-70.46944,18.727083],[-70.469751,18.727406],[-70.46997,18.727658],[-70.470459,18.728142],[-70.470906,18.728686],[-70.471447,18.72929],[-70.471752,18.729686],[-70.471885,18.729883],[-70.471999,18.730099],[-70.472095,18.730315],[-70.472174,18.730622],[-70.472195,18.730821],[-70.472236,18.731037],[-70.472316,18.731253],[-70.472467,18.731486],[-70.472733,18.731702],[-70.472827,18.731755],[-70.472852,18.731764]],[[-70.474458,18.731752],[-70.474764,18.731729],[-70.474919,18.731748]],[[-70.447999,18.724774],[-70.448131,18.724764],[-70.448302,18.724772],[-70.448473,18.724807],[-70.448587,18.72486],[-70.449064,18.725143],[-70.449292,18.725253],[-70.449298,18.725939],[-70.448523,18.72627],[-70.448183,18.726435],[-70.447767,18.726575],[-70.447502,18.72664],[-70.447351,18.726659],[-70.446706,18.726655],[-70.446498,18.726684],[-70.44645,18.726701]],[[-70.446436,18.725069],[-70.446503,18.725074],[-70.446825,18.725034],[-70.447696,18.724817],[-70.447999,18.724774]],[[-70.47477,18.711723],[-70.474572,18.711856],[-70.474308,18.712002],[-70.47376,18.712194],[-70.473458,18.712319],[-70.473136,18.712406],[-70.472965,18.712424],[-70.472738,18.712402],[-70.472566,18.712344],[-70.472528,18.712321],[-70.472424,18.712205],[-70.472279,18.712008],[-70.472213,18.711792],[-70.472192,18.711611],[-70.472192,18.711304],[-70.472253,18.710833],[-70.472249,18.710617],[-70.472281,18.710363],[-70.472282,18.710237],[-70.472247,18.709767],[-70.472178,18.709334],[-70.472272,18.708972],[-70.472233,18.708936],[-70.472043,18.708847],[-70.471834,18.708813],[-70.471379,18.708832],[-70.47119,18.70885],[-70.470507,18.708841],[-70.470336,18.708861],[-70.470267,18.708879],[-70.470166,18.70892],[-70.470028,18.709008],[-70.469906,18.709262],[-70.469898,18.709352],[-70.469892,18.709533],[-70.469921,18.709677],[-70.469904,18.709822],[-70.469939,18.709966],[-70.469929,18.710035],[-70.469956,18.710111],[-70.469898,18.710256],[-70.469697,18.710619],[-70.469607,18.71071],[-70.469187,18.711219],[-70.468876,18.711727],[-70.46875,18.711855],[-70.468524,18.712001],[-70.468354,18.712075],[-70.46824,18.712106],[-70.468051,18.712108],[-70.467956,18.712096],[-70.467822,18.712023],[-70.467708,18.711911],[-70.467592,18.71167],[-70.467553,18.711557],[-70.467527,18.711395],[-70.467537,18.711069],[-70.467602,18.710237],[-70.467602,18.710021],[-70.467575,18.709804],[-70.467475,18.709371],[-70.467352,18.709029],[-70.467079,18.708597],[-70.46688,18.708328],[-70.466824,18.70822],[-70.466803,18.708129],[-70.466802,18.708021],[-70.466821,18.70793],[-70.466894,18.707785],[-70.466983,18.707658],[-70.467326,18.707277],[-70.467377,18.707203],[-70.46745,18.707058],[-70.467502,18.706913],[-70.467568,18.70666],[-70.467579,18.706497],[-70.467563,18.706316],[-70.467412,18.705793],[-70.46731,18.70527],[-70.467271,18.704701]]]}},{"type":"Feature","properties":{"level":815.0,"major":false},"geometry":{"type":"MultiLineString","coordinates":[[[-70.450429,18.731939],[-70.450597,18.731766],[-70.450728,18.731603],[-70.450758,18.731548],[-70.450814,18.731367],[-70.450836,18.731204],[-70.450836,18.731078],[-70.450799,18.730879],[-70.450749,18.730735],[-70.450702,18.730645],[-70.450166,18.729834],[-70.449385,18.728866],[-70.449376,18.72883],[-70.44933,18.728776],[-70.44931,18.728704],[-70.449249,18.728614],[-70.449239,18.728578],[-70.449249,18.728524],[-70.449296,18.728379],[-70.449364,18.728324],[-70.449373,18.728288],[-70.449432,18.728215],[-70.449479,18.728179],[-70.449979,18.727524],[-70.45037,18.727087],[-70.450931,18.726415],[-70.451346,18.725889],[-70.451531,18.725705],[-70.451798,18.725522],[-70.451912,18.725468],[-70.452063,18.725415],[-70.452612,18.725281],[-70.452912,18.725188],[-70.453122,18.725087],[-70.4535,18.72493],[-70.453614,18.724867],[-70.453825,18.724711],[-70.453943,18.724566],[-70.454037,18.724366],[-70.454071,18.72424],[-70.454076,18.724095],[-70.454051,18.723987],[-70.453967,18.723807],[-70.453838,18.723627],[-70.453524,18.723286],[-70.453284,18.722981],[-70.453217,18.722856],[-70.453183,18.722747],[-70.453165,18.72262],[-70.453166,18.722494],[-70.453224,18.721698],[-70.4533,18.721354],[-70.453394,18.721137],[-70.453467,18.721025],[-70.453561,18.720944],[-70.453752,18.720809],[-70.453882,18.720748],[-70.454147,18.720694],[-70.454488,18.720685],[-70.454678,18.720712],[-70.454849,18.720766],[-70.454989,18.720853],[-70.455224,18.721086],[-70.455461,18.721396],[-70.455819,18.721985],[-70.45595,18.722255],[-70.456043,18.722417],[-70.456135,18.722541],[-70.456392,18.722794],[-70.456919,18.723242],[-70.45726,18.723474],[-70.457568,18.723729],[-70.457664,18.723832],[-70.457813,18.724066],[-70.45783,18.72412],[-70.457865,18.724174],[-70.457861,18.72421],[-70.457914,18.724318],[-70.457914,18.724354],[-70.457876,18.724463],[-70.457838,18.724536],[-70.457673,18.724772],[-70.457428,18.725072],[-70.457339,18.725208],[-70.457235,18.725444],[-70.457213,18.725534],[-70.457201,18.725661],[-70.457221,18.725932],[-70.457266,18.726148],[-70.457473,18.726743],[-70.457511,18.726888],[-70.457605,18.727104],[-70.457679,18.727392],[-70.457699,18.727609],[-70.457699,18.72797],[-70.45762,18.728477],[-70.457625,18.728567],[-70.457647,18.728657],[-70.457738,18.728801],[-70.45784,18.728897],[-70.457992,18.72901],[-70.458335,18.729188],[-70.458906,18.729412],[-70.459078,18.729494],[-70.459383,18.729709],[-70.459701,18.729979],[-70.459765,18.730006],[-70.459803,18.730037],[-70.459917,18.730085],[-70.459993,18.730089],[-70.460182,18.730036],[-70.460409,18.729929],[-70.460671,18.729754],[-70.461389,18.729152],[-70.461653,18.728954],[-70.462087,18.728721],[-70.462616,18.728523],[-70.462824,18.728472],[-70.463014,18.728443],[-70.463393,18.728428],[-70.463583,18.72845],[-70.463754,18.728485],[-70.463982,18.728552],[-70.464344,18.728689],[-70.464495,18.728703],[-70.464666,18.728671],[-70.464798,18.728583],[-70.464973,18.728347],[-70.465028,18.728256],[-70.465083,18.728111],[-70.465128,18.727948],[-70.465258,18.727044],[-70.465315,18.726411],[-70.465306,18.726013],[-70.465315,18.725887],[-70.465323,18.725815],[-70.465365,18.72567],[-70.465467,18.725452],[-70.46561,18.725198],[-70.465735,18.72504],[-70.465866,18.724915],[-70.46596,18.724839],[-70.466112,18.724764],[-70.466282,18.724732],[-70.466377,18.724734],[-70.466525,18.724775],[-70.466682,18.724885],[-70.466758,18.724948],[-70.46693,18.725133],[-70.467095,18.725331],[-70.467332,18.725521],[-70.467522,18.725597],[-70.46775,18.725626],[-70.468054,18.725692],[-70.468321,18.725823],[-70.468456,18.725935],[-70.468531,18.726013],[-70.468639,18.72615],[-70.468996,18.726671],[-70.469294,18.727066],[-70.469886,18.727712],[-70.470381,18.728196],[-70.470716,18.728586],[-70.471078,18.728968],[-70.471405,18.729352],[-70.471665,18.729704],[-70.47177,18.729866],[-70.471854,18.730028],[-70.471941,18.730226],[-70.472003,18.730406],[-70.472052,18.730641],[-70.472075,18.730894],[-70.4721,18.731038],[-70.472185,18.731309],[-70.472284,18.73147],[-70.472353,18.731548],[-70.472518,18.731685],[-70.472633,18.731766]],[[-70.447829,18.724936],[-70.448038,18.724921],[-70.448266,18.724938],[-70.448437,18.725004],[-70.448761,18.725207],[-70.448845,18.725274],[-70.448863,18.72531],[-70.448908,18.725346],[-70.448923,18.725382],[-70.448981,18.725418],[-70.448983,18.725779],[-70.448918,18.725809],[-70.448899,18.725834],[-70.448842,18.725855],[-70.448808,18.725889],[-70.448691,18.725956],[-70.448646,18.725999],[-70.448184,18.726255],[-70.447955,18.726352],[-70.447728,18.726427],[-70.447482,18.72648],[-70.447293,18.726497],[-70.447084,18.726488],[-70.446666,18.726431],[-70.446514,18.726435],[-70.446448,18.726451]],[[-70.446438,18.725226],[-70.446447,18.725226],[-70.446618,18.725211],[-70.446977,18.725135],[-70.447413,18.725016],[-70.447829,18.724936]],[[-70.474769,18.711607],[-70.474421,18.711835],[-70.47427,18.711914],[-70.473532,18.712194],[-70.473268,18.712278],[-70.473059,18.712308],[-70.472926,18.712308],[-70.472831,18.712295],[-70.472622,18.712218],[-70.472565,18.712184],[-70.472414,18.712007],[-70.472322,18.711773],[-70.472296,18.71161],[-70.472296,18.711321],[-70.472378,18.710832],[-70.472382,18.710688],[-70.472425,18.71029],[-70.472386,18.709748],[-70.472327,18.709369],[-70.472408,18.709079],[-70.472381,18.708863],[-70.472365,18.708827],[-70.472327,18.708796],[-70.472175,18.708705],[-70.472118,18.708685],[-70.471985,18.708665],[-70.471871,18.708667],[-70.471454,18.70872],[-70.471132,18.708746],[-70.470582,18.708728],[-70.470316,18.708738],[-70.470127,18.708785],[-70.470033,18.70882],[-70.469959,18.708864],[-70.469905,18.708918],[-70.469845,18.709009],[-70.469818,18.709136],[-70.469763,18.709263],[-70.469742,18.709606],[-70.469756,18.709751],[-70.469735,18.709932],[-70.469749,18.709986],[-70.469737,18.710058],[-70.46975,18.710112],[-70.469687,18.710275],[-70.469569,18.710493],[-70.469047,18.71112],[-70.468803,18.711433],[-70.468634,18.711606],[-70.468427,18.711715],[-70.468237,18.711765],[-70.468086,18.71176],[-70.467971,18.711706],[-70.46788,18.711627],[-70.467827,18.711519],[-70.467787,18.711483],[-70.46777,18.711429],[-70.46774,18.711393],[-70.46772,18.711303],[-70.467696,18.710887],[-70.467719,18.710273],[-70.467698,18.710002],[-70.467649,18.709713],[-70.467561,18.709316],[-70.467441,18.708974],[-70.467032,18.70829],[-70.466985,18.708164],[-70.466975,18.708092],[-70.466989,18.707947],[-70.467046,18.707814],[-70.467095,18.707729],[-70.467403,18.707336],[-70.467529,18.707112],[-70.467619,18.706858],[-70.467652,18.706713],[-70.467672,18.706532],[-70.467649,18.706279],[-70.467521,18.705793],[-70.467408,18.705233],[-70.467383,18.705017],[-70.467364,18.7047]]]}},{"type":"Feature","properties":{"level":820.0,"major":false},"geometry":{"type":"MultiLineString","coordinates":[[[-70.450642,18.731938],[-70.450733,18.731848],[-70.450902,18.731655],[-70.450976,18.731403],[-70.450994,18.731239],[-70.450992,18.73104],[-70.450972,18.730932],[-70.450892,18.730698],[-70.450849,18.730608],[-70.45051,18.730104],[-70.45051,18.730086],[-70.450298,18.729748],[-70.449953,18.729332],[-70.449785,18.729098],[-70.449647,18.728882],[-70.449593,18.72872],[-70.449573,18.728594],[-70.449577,18.728521],[-70.449606,18.728395],[-70.449754,18.728086],[-70.450173,18.727487],[-70.451029,18.726473],[-70.451425,18.725977],[-70.451649,18.725765],[-70.451754,18.725685],[-70.45195,18.725565],[-70.452291,18.725464],[-70.45284,18.725332],[-70.453161,18.72521],[-70.453617,18.725056],[-70.453728,18.725001],[-70.453974,18.724836],[-70.454064,18.724746],[-70.454145,18.724619],[-70.454229,18.724455],[-70.454308,18.72422],[-70.454307,18.724093],[-70.454287,18.723967],[-70.454188,18.723769],[-70.454055,18.723571],[-70.45392,18.72341],[-70.453697,18.723176],[-70.453542,18.722979],[-70.453488,18.722889],[-70.45345,18.722799],[-70.453407,18.722618],[-70.453383,18.722348],[-70.453374,18.72204],[-70.453374,18.721733],[-70.453396,18.721607],[-70.45347,18.721352],[-70.453544,18.721208],[-70.453596,18.721135],[-70.453711,18.721026],[-70.453845,18.720926],[-70.453921,18.72088],[-70.454091,18.720842],[-70.454395,18.720836],[-70.45449,18.720846],[-70.45468,18.720893],[-70.454775,18.720932],[-70.454832,18.720972],[-70.455004,18.72112],[-70.455216,18.721339],[-70.455424,18.721609],[-70.455668,18.722005],[-70.455811,18.722329],[-70.45589,18.722473],[-70.455976,18.722598],[-70.456596,18.723204],[-70.456882,18.72344],[-70.457207,18.723655],[-70.457414,18.723834],[-70.457494,18.723942],[-70.457533,18.724068],[-70.457546,18.724195],[-70.457535,18.724339],[-70.457512,18.72443],[-70.457478,18.72452],[-70.457417,18.724629],[-70.457289,18.724829],[-70.457147,18.725011],[-70.457068,18.725174],[-70.457008,18.725355],[-70.456979,18.725591],[-70.457037,18.72597],[-70.457193,18.726492],[-70.457361,18.727178],[-70.457408,18.727449],[-70.457413,18.727954],[-70.457395,18.728081],[-70.457323,18.728389],[-70.457311,18.728497],[-70.457312,18.72857],[-70.457345,18.728732],[-70.457392,18.72884],[-70.457449,18.728912],[-70.457747,18.729163],[-70.458223,18.72939],[-70.458889,18.729647],[-70.459175,18.729823],[-70.459317,18.729946],[-70.45952,18.730179],[-70.45973,18.730358],[-70.459749,18.730358],[-70.459806,18.730394],[-70.459882,18.730411],[-70.459996,18.73041],[-70.460091,18.730388],[-70.460204,18.730336],[-70.460581,18.73008],[-70.460694,18.729989],[-70.461014,18.729685],[-70.461692,18.7291],[-70.462107,18.728834],[-70.462277,18.728754],[-70.462579,18.728645],[-70.462825,18.728583],[-70.463053,18.728549],[-70.463337,18.728549],[-70.463451,18.728559],[-70.463565,18.728576],[-70.463774,18.728632],[-70.464326,18.728856],[-70.464497,18.728881],[-70.46463,18.728874],[-70.464705,18.72885],[-70.464888,18.728727],[-70.464968,18.728636],[-70.465127,18.72831],[-70.465245,18.728002],[-70.465285,18.727839],[-70.465391,18.727187],[-70.465448,18.726428],[-70.465439,18.72603],[-70.465457,18.725843],[-70.465491,18.725705],[-70.465643,18.725396],[-70.465736,18.725233],[-70.465804,18.72516],[-70.465981,18.725014],[-70.466075,18.724959],[-70.466322,18.724921],[-70.466379,18.724957],[-70.466417,18.724957],[-70.466436,18.724975],[-70.466493,18.724995],[-70.466642,18.725099],[-70.466774,18.725243],[-70.466937,18.725459],[-70.467143,18.725646],[-70.467258,18.725723],[-70.467391,18.725771],[-70.467486,18.725791],[-70.46779,18.725795],[-70.468036,18.725834],[-70.468227,18.725918],[-70.468341,18.72599],[-70.468434,18.726079],[-70.468628,18.726313],[-70.468906,18.726708],[-70.469262,18.727185],[-70.469802,18.727767],[-70.470302,18.728251],[-70.470544,18.728525],[-70.471021,18.729005],[-70.471253,18.729269],[-70.471459,18.729543],[-70.471637,18.729807],[-70.471688,18.729903],[-70.471758,18.730047],[-70.471859,18.730317],[-70.471888,18.730407],[-70.471928,18.730624],[-70.47195,18.730931],[-70.471973,18.731093],[-70.472011,18.731256],[-70.472071,18.7314],[-70.472167,18.731544],[-70.472423,18.731768]],[[-70.447812,18.725083],[-70.448001,18.725076],[-70.448191,18.725098],[-70.448363,18.725191],[-70.44849,18.725277],[-70.448498,18.725476],[-70.448517,18.725494],[-70.448519,18.72571],[-70.448538,18.725728],[-70.448538,18.725801],[-70.448486,18.725855],[-70.44835,18.725966],[-70.447992,18.726169],[-70.447765,18.726255],[-70.447538,18.726312],[-70.447405,18.726329],[-70.447215,18.726326],[-70.447063,18.7263],[-70.446721,18.726212],[-70.446683,18.726158],[-70.446681,18.725996],[-70.446662,18.725978],[-70.446661,18.725815],[-70.446642,18.725797],[-70.44664,18.725635],[-70.446621,18.725617],[-70.44662,18.725454],[-70.446601,18.725436],[-70.4466,18.725364],[-70.446752,18.725336],[-70.447452,18.72514],[-70.447812,18.725083]],[[-70.474768,18.711495],[-70.474344,18.711773],[-70.474231,18.711827],[-70.473513,18.712107],[-70.473248,18.712181],[-70.473115,18.7122],[-70.47302,18.712199],[-70.472887,18.712184],[-70.472754,18.712134],[-70.47259,18.712042],[-70.472525,18.71197],[-70.472431,18.711754],[-70.472401,18.711573],[-70.472401,18.711356],[-70.472412,18.711248],[-70.472512,18.710795],[-70.472569,18.710325],[-70.472527,18.709747],[-70.472478,18.709422],[-70.472542,18.709169],[-70.472528,18.709006],[-70.472479,18.708717],[-70.472325,18.708579],[-70.472211,18.708525],[-70.472097,18.708503],[-70.471926,18.70851],[-70.471491,18.708597],[-70.471131,18.708642],[-70.47096,18.708643],[-70.470562,18.708616],[-70.470296,18.708617],[-70.470088,18.70865],[-70.469886,18.70872],[-70.469808,18.708793],[-70.469655,18.709011],[-70.469604,18.709372],[-70.469586,18.70986],[-70.46955,18.710078],[-70.46951,18.710204],[-70.46942,18.710404],[-70.46912,18.710786],[-70.46898,18.710931],[-70.468839,18.711107],[-70.468726,18.711214],[-70.468499,18.711369],[-70.468405,18.711402],[-70.468348,18.711406],[-70.468329,18.711388],[-70.46831,18.711388],[-70.468195,18.711299],[-70.468176,18.711299],[-70.468138,18.711263],[-70.468119,18.711263],[-70.468081,18.711228],[-70.468062,18.711228],[-70.468024,18.711192],[-70.468005,18.711192],[-70.467967,18.711156],[-70.467948,18.711156],[-70.467909,18.711121],[-70.46789,18.711121],[-70.467871,18.711071],[-70.46783,18.71076],[-70.467838,18.710272],[-70.46779,18.709965],[-70.467651,18.709279],[-70.4676,18.709099],[-70.467545,18.708955],[-70.467186,18.708271],[-70.467147,18.708072],[-70.467163,18.707928],[-70.467223,18.707783],[-70.467479,18.707401],[-70.467616,18.707147],[-70.467715,18.706857],[-70.467752,18.706676],[-70.467762,18.706532],[-70.467752,18.706351],[-70.467714,18.706134],[-70.46762,18.705756],[-70.467588,18.705539],[-70.467499,18.705178],[-70.467458,18.7047]]]}},{"type":"Feature","properties":{"level":825.0,"major":false},"geometry":{"type":"MultiLineString","coordinates":[[[-70.450815,18.731936],[-70.450971,18.731745],[-70.451006,18.731691],[-70.451059,18.731564],[-70.451099,18.731401],[-70.451121,18.73122],[-70.451112,18.731021],[-70.451094,18.730913],[-70.45102,18.730679],[-70.450969,18.730571],[-70.45069,18.730139],[-70.450449,18.7297],[-70.450102,18.729258],[-70.449845,18.728863],[-70.44977,18.728646],[-70.449769,18.728538],[-70.449798,18.728375],[-70.449887,18.728157],[-70.449957,18.72803],[-70.450315,18.727486],[-70.450575,18.727158],[-70.451399,18.726176],[-70.451518,18.72604],[-70.451703,18.725866],[-70.451845,18.725757],[-70.452027,18.725657],[-70.4525,18.725511],[-70.452841,18.725435],[-70.453541,18.725222],[-70.453796,18.725127],[-70.454107,18.724952],[-70.454188,18.724889],[-70.454345,18.724707],[-70.454407,18.724617],[-70.454486,18.724453],[-70.454568,18.7242],[-70.454573,18.724019],[-70.454548,18.723893],[-70.454469,18.723731],[-70.454342,18.723551],[-70.454246,18.723438],[-70.453806,18.723],[-70.453672,18.722786],[-70.453616,18.722617],[-70.453579,18.722436],[-70.45353,18.721913],[-70.453537,18.721714],[-70.453585,18.721518],[-70.453703,18.721279],[-70.45382,18.721151],[-70.453923,18.721077],[-70.454017,18.721037],[-70.454206,18.721009],[-70.454415,18.721024],[-70.454586,18.721069],[-70.454758,18.721155],[-70.454977,18.721323],[-70.455225,18.72161],[-70.455354,18.721808],[-70.455494,18.72206],[-70.455639,18.722438],[-70.455748,18.722636],[-70.455824,18.722744],[-70.456178,18.723175],[-70.456434,18.72339],[-70.456966,18.723783],[-70.457043,18.723855],[-70.457191,18.724071],[-70.457215,18.724215],[-70.457199,18.72436],[-70.457167,18.724487],[-70.457066,18.724704],[-70.45682,18.725122],[-70.456771,18.725267],[-70.456755,18.725393],[-70.456768,18.725606],[-70.456847,18.725899],[-70.456996,18.726349],[-70.457042,18.72653],[-70.45712,18.726927],[-70.457154,18.727179],[-70.457177,18.727432],[-70.457167,18.727758],[-70.457139,18.728047],[-70.457092,18.728228],[-70.457059,18.728427],[-70.457071,18.728608],[-70.457129,18.728788],[-70.457232,18.72895],[-70.457291,18.729021],[-70.457539,18.729251],[-70.457657,18.729326],[-70.458092,18.729512],[-70.458796,18.729786],[-70.45905,18.729948],[-70.459184,18.730073],[-70.459388,18.730327],[-70.459599,18.730559],[-70.459656,18.730603],[-70.459789,18.730652],[-70.459922,18.730655],[-70.459998,18.730638],[-70.460055,18.730606],[-70.460111,18.730591],[-70.460243,18.730515],[-70.460583,18.730265],[-70.460771,18.7301],[-70.46126,18.729637],[-70.461995,18.729024],[-70.462153,18.72893],[-70.462315,18.72885],[-70.462599,18.72874],[-70.462807,18.728688],[-70.462997,18.728657],[-70.4633,18.728653],[-70.463433,18.728668],[-70.463547,18.728687],[-70.463718,18.728742],[-70.464232,18.728962],[-70.464441,18.729021],[-70.464593,18.729025],[-70.464669,18.72901],[-70.464858,18.72891],[-70.464952,18.728818],[-70.465036,18.728708],[-70.465172,18.728436],[-70.46535,18.727983],[-70.465454,18.727585],[-70.465528,18.727186],[-70.46559,18.726427],[-70.465591,18.725975],[-70.465636,18.725758],[-70.465754,18.725558],[-70.46582,18.725485],[-70.465936,18.725322],[-70.466002,18.725279],[-70.466153,18.725222],[-70.466267,18.725213],[-70.466419,18.725267],[-70.466496,18.72532],[-70.466591,18.725422],[-70.466745,18.725628],[-70.466821,18.725709],[-70.466984,18.725856],[-70.467165,18.725963],[-70.467298,18.726006],[-70.46745,18.726025],[-70.467753,18.726007],[-70.467924,18.726025],[-70.468057,18.726057],[-70.468172,18.726105],[-70.468248,18.726153],[-70.468439,18.726325],[-70.468526,18.726422],[-70.468746,18.726686],[-70.469137,18.727194],[-70.469636,18.727732],[-70.470961,18.729041],[-70.471196,18.72931],[-70.471384,18.729562],[-70.471584,18.729886],[-70.471672,18.730084],[-70.471784,18.730426],[-70.47182,18.730697],[-70.471842,18.731131],[-70.471891,18.731347],[-70.47197,18.731509],[-70.47207,18.731632],[-70.472245,18.731769]],[[-70.447624,18.725319],[-70.447719,18.725311],[-70.447871,18.725321],[-70.447985,18.725346],[-70.448084,18.725388],[-70.448112,18.725424],[-70.448166,18.72546],[-70.448173,18.725478],[-70.448195,18.725731],[-70.448181,18.725749],[-70.448046,18.725869],[-70.447876,18.725982],[-70.447649,18.726075],[-70.447536,18.726099],[-70.447403,18.726111],[-70.447308,18.726103],[-70.447232,18.726083],[-70.44694,18.725939],[-70.446928,18.725921],[-70.446882,18.725506],[-70.447415,18.725343],[-70.447624,18.725319]],[[-70.474768,18.711386],[-70.474626,18.711484],[-70.474287,18.7117],[-70.474173,18.711751],[-70.47355,18.711996],[-70.473266,18.712073],[-70.473095,18.712088],[-70.473038,18.712084],[-70.472905,18.712058],[-70.472813,18.712022],[-70.472715,18.711964],[-70.472638,18.711889],[-70.472554,18.711717],[-70.472514,18.711518],[-70.472514,18.711355],[-70.472531,18.711229],[-70.472664,18.710686],[-70.472712,18.710342],[-70.472666,18.709728],[-70.472627,18.709457],[-70.472675,18.709258],[-70.472653,18.709023],[-70.472603,18.708716],[-70.472565,18.70859],[-70.472419,18.708427],[-70.472247,18.70833],[-70.472152,18.708311],[-70.472001,18.708325],[-70.471528,18.708462],[-70.47113,18.708538],[-70.470808,18.708535],[-70.470333,18.708504],[-70.470106,18.708517],[-70.469954,18.708543],[-70.469765,18.708616],[-70.469578,18.708841],[-70.469502,18.708869],[-70.469485,18.708885],[-70.469464,18.708958],[-70.469446,18.708967],[-70.468776,18.709144],[-70.468766,18.709162],[-70.469419,18.70932],[-70.469385,18.709844],[-70.469366,18.709989],[-70.46933,18.710115],[-70.46918,18.710424],[-70.469024,18.710614],[-70.468873,18.710744],[-70.468733,18.710843],[-70.46861,18.710958],[-70.468478,18.711031],[-70.46844,18.71102],[-70.468402,18.71103],[-70.468154,18.71088],[-70.468116,18.710867],[-70.468074,18.710722],[-70.468033,18.710686],[-70.468027,18.710614],[-70.467991,18.71056],[-70.467962,18.710488],[-70.467966,18.710325],[-70.467846,18.709802],[-70.467722,18.709152],[-70.467644,18.708926],[-70.467548,18.708738],[-70.467371,18.708324],[-70.467321,18.708125],[-70.467327,18.707945],[-70.467356,18.707854],[-70.467462,18.707636],[-70.467656,18.707309],[-70.467753,18.707074],[-70.467825,18.706802],[-70.467852,18.706567],[-70.467829,18.70626],[-70.467588,18.705141],[-70.467551,18.704699]]]}},{"type":"Feature","properties":{"level":830.0,"major":false},"geometry":{"type":"MultiLineString","coordinates":[[[-70.450962,18.731935],[-70.451145,18.731672],[-70.451221,18.7314],[-70.451239,18.731255],[-70.451238,18.731075],[-70.451218,18.730912],[-70.451179,18.73075],[-70.451099,18.730552],[-70.450812,18.730084],[-70.450582,18.729622],[-70.450294,18.729226],[-70.450252,18.729185],[-70.450082,18.728914],[-70.449986,18.728724],[-70.44996,18.728627],[-70.44997,18.72841],[-70.449984,18.728337],[-70.450038,18.728183],[-70.450094,18.728066],[-70.450409,18.727539],[-70.450645,18.72723],[-70.451031,18.726763],[-70.451276,18.726494],[-70.45152,18.726201],[-70.451768,18.725956],[-70.451971,18.72581],[-70.452274,18.725684],[-70.45252,18.725607],[-70.452861,18.725532],[-70.45358,18.725345],[-70.453901,18.725235],[-70.454279,18.725051],[-70.454561,18.724796],[-70.454618,18.724723],[-70.454711,18.724542],[-70.454812,18.72427],[-70.454833,18.724198],[-70.454839,18.724035],[-70.454858,18.724017],[-70.454877,18.724017],[-70.454934,18.72398],[-70.454972,18.72398],[-70.45499,18.723961],[-70.455009,18.723961],[-70.455028,18.723943],[-70.455047,18.723943],[-70.455066,18.723925],[-70.455085,18.723925],[-70.455104,18.723906],[-70.455123,18.723906],[-70.455141,18.723888],[-70.45516,18.723888],[-70.455368,18.723778],[-70.455406,18.723778],[-70.455425,18.723759],[-70.455444,18.723759],[-70.455463,18.723741],[-70.455482,18.723741],[-70.4555,18.723723],[-70.455519,18.723722],[-70.455538,18.723704],[-70.455557,18.723704],[-70.455576,18.723686],[-70.455595,18.723686],[-70.455803,18.723576],[-70.455841,18.723575],[-70.455859,18.723557],[-70.455878,18.723557],[-70.456086,18.723447],[-70.456334,18.723621],[-70.456544,18.723751],[-70.45662,18.723822],[-70.456621,18.723858],[-70.45664,18.723876],[-70.45664,18.723894],[-70.456659,18.723912],[-70.456659,18.72393],[-70.456678,18.723948],[-70.456678,18.723966],[-70.456697,18.723984],[-70.456698,18.724002],[-70.456717,18.72402],[-70.456717,18.724038],[-70.456736,18.724056],[-70.456736,18.724074],[-70.456755,18.724092],[-70.456755,18.72411],[-70.456871,18.724308],[-70.456871,18.724453],[-70.456853,18.724471],[-70.456854,18.724525],[-70.456835,18.72458],[-70.456756,18.724761],[-70.456575,18.725052],[-70.456525,18.725215],[-70.456513,18.725341],[-70.456521,18.725504],[-70.456541,18.725594],[-70.45675,18.726098],[-70.456851,18.726387],[-70.456909,18.726657],[-70.456949,18.726946],[-70.45695,18.727398],[-70.456937,18.727579],[-70.456882,18.728049],[-70.456832,18.728194],[-70.45681,18.728303],[-70.456805,18.728429],[-70.456813,18.728574],[-70.456892,18.728808],[-70.456987,18.728952],[-70.457156,18.729149],[-70.457408,18.729395],[-70.457465,18.729434],[-70.45777,18.729578],[-70.458055,18.729671],[-70.458607,18.729879],[-70.458721,18.729932],[-70.458835,18.730004],[-70.458931,18.730076],[-70.459053,18.730201],[-70.459468,18.730768],[-70.459621,18.730865],[-70.459716,18.7309],[-70.459924,18.730898],[-70.460038,18.730862],[-70.460151,18.730797],[-70.460321,18.730679],[-70.460603,18.730451],[-70.460903,18.73015],[-70.461404,18.729676],[-70.461788,18.729366],[-70.462078,18.729093],[-70.462393,18.728928],[-70.462619,18.728835],[-70.462827,18.728781],[-70.462997,18.728756],[-70.463282,18.728758],[-70.46351,18.728792],[-70.463872,18.728935],[-70.46429,18.729127],[-70.464404,18.729158],[-70.464499,18.729168],[-70.46467,18.72916],[-70.464727,18.729137],[-70.464924,18.729016],[-70.464972,18.728965],[-70.465112,18.728762],[-70.465251,18.72849],[-70.465385,18.728163],[-70.465586,18.727565],[-70.465641,18.727348],[-70.465686,18.727041],[-70.465736,18.726426],[-70.465744,18.726137],[-70.465763,18.726118],[-70.465801,18.726118],[-70.46582,18.7261],[-70.465858,18.7261],[-70.465876,18.726081],[-70.465914,18.726081],[-70.465933,18.726063],[-70.466028,18.726044],[-70.466084,18.726007],[-70.466122,18.726007],[-70.466141,18.725989],[-70.466179,18.725989],[-70.466198,18.72597],[-70.466236,18.72597],[-70.466255,18.725952],[-70.466292,18.725952],[-70.466311,18.725933],[-70.466349,18.725933],[-70.466368,18.725915],[-70.466406,18.725915],[-70.466425,18.725896],[-70.466463,18.725896],[-70.466482,18.725878],[-70.466519,18.725877],[-70.466538,18.725859],[-70.466595,18.725852],[-70.466786,18.726035],[-70.46692,18.726127],[-70.467053,18.726196],[-70.467205,18.726249],[-70.467338,18.726267],[-70.467717,18.726231],[-70.46785,18.726228],[-70.467983,18.726247],[-70.468116,18.726286],[-70.468307,18.726424],[-70.468409,18.726513],[-70.468651,18.726761],[-70.469169,18.727384],[-70.469661,18.727895],[-70.470967,18.72915],[-70.471082,18.729277],[-70.471351,18.729641],[-70.471451,18.729814],[-70.471575,18.730085],[-70.47168,18.730445],[-70.471708,18.730716],[-70.471709,18.731168],[-70.471748,18.731366],[-70.471787,18.731474],[-70.471841,18.731564],[-70.471976,18.731722],[-70.472038,18.731771]],[[-70.454113,18.721202],[-70.454189,18.721185],[-70.454265,18.721184],[-70.454493,18.721237],[-70.454721,18.721346],[-70.454868,18.721451],[-70.455104,18.721724],[-70.455254,18.721972],[-70.455316,18.722103],[-70.455457,18.72253],[-70.455499,18.72262],[-70.45563,18.722836],[-70.455626,18.722854],[-70.455607,18.722854],[-70.45555,18.722909],[-70.455531,18.722909],[-70.455475,18.722964],[-70.455456,18.722964],[-70.4554,18.723019],[-70.455381,18.723019],[-70.455324,18.723073],[-70.455305,18.723074],[-70.455173,18.723183],[-70.455154,18.723183],[-70.455117,18.72322],[-70.455098,18.72322],[-70.455041,18.723274],[-70.455022,18.723275],[-70.454966,18.723329],[-70.454947,18.723329],[-70.454891,18.723384],[-70.454872,18.723384],[-70.454815,18.723439],[-70.454796,18.723439],[-70.454664,18.723548],[-70.454663,18.72353],[-70.454645,18.723528],[-70.454513,18.723369],[-70.454052,18.722966],[-70.45394,18.722849],[-70.453843,18.722651],[-70.453764,18.722399],[-70.453723,18.7222],[-70.453693,18.721875],[-70.4537,18.721713],[-70.453737,18.721586],[-70.453853,18.721368],[-70.453933,18.721277],[-70.454019,18.721223],[-70.454113,18.721202]],[[-70.474767,18.711274],[-70.474512,18.711456],[-70.474229,18.711625],[-70.473946,18.711751],[-70.473643,18.711867],[-70.473454,18.71193],[-70.473322,18.711959],[-70.473246,18.711975],[-70.473113,18.711975],[-70.47297,18.711948],[-70.472885,18.711913],[-70.4728,18.711859],[-70.47271,18.711751],[-70.472673,18.711679],[-70.472639,18.711571],[-70.472629,18.711463],[-70.472651,18.711185],[-70.472804,18.710648],[-70.472855,18.710377],[-70.472813,18.709799],[-70.472776,18.709492],[-70.472808,18.709365],[-70.472801,18.709257],[-70.47273,18.708733],[-70.472659,18.708481],[-70.472589,18.708355],[-70.47248,18.708247],[-70.472283,18.708123],[-70.472226,18.708123],[-70.472207,18.708105],[-70.471999,18.708141],[-70.471545,18.708327],[-70.4713,18.7084],[-70.471129,18.708433],[-70.470826,18.708435],[-70.470351,18.708391],[-70.470067,18.708393],[-70.469896,18.708416],[-70.469669,18.708491],[-70.469519,18.708657],[-70.469328,18.708724],[-70.469293,18.708799],[-70.467889,18.709169],[-70.46786,18.709187],[-70.469208,18.709502],[-70.469193,18.709809],[-70.469161,18.710008],[-70.468969,18.710407],[-70.468909,18.710466],[-70.468758,18.710566],[-70.468683,18.710608],[-70.468664,18.710609],[-70.468644,18.710591],[-70.468607,18.710591],[-70.468587,18.710573],[-70.468549,18.710573],[-70.46853,18.710555],[-70.468492,18.710556],[-70.468473,18.710538],[-70.468435,18.710538],[-70.468416,18.71052],[-70.468378,18.71052],[-70.468359,18.710503],[-70.468321,18.710503],[-70.468302,18.710485],[-70.468264,18.710485],[-70.468245,18.710467],[-70.468188,18.710468],[-70.468169,18.71045],[-70.46815,18.71045],[-70.468073,18.710252],[-70.467936,18.709783],[-70.467851,18.709242],[-70.467812,18.709079],[-70.467752,18.708899],[-70.46768,18.708755],[-70.467546,18.708395],[-70.467488,18.708124],[-70.467489,18.707961],[-70.467558,18.707734],[-70.467755,18.707363],[-70.467859,18.707091],[-70.467911,18.706874],[-70.467943,18.706584],[-70.467933,18.706368],[-70.467905,18.706187],[-70.467677,18.705123],[-70.467649,18.704852],[-70.467642,18.704698]]]}},{"type":"Feature","properties":{"level":835.0,"major":false},"geometry":{"type":"MultiLineString","coordinates":[[[-70.451091,18.731934],[-70.451209,18.731761],[-70.451286,18.731598],[-70.451348,18.731291],[-70.451349,18.731074],[-70.451324,18.730857],[-70.45129,18.730713],[-70.451209,18.730496],[-70.45094,18.730011],[-70.450849,18.729776],[-70.450696,18.729452],[-70.4506,18.72929],[-70.450252,18.728789],[-70.450182,18.728643],[-70.450158,18.728535],[-70.450158,18.728445],[-70.450183,18.728264],[-70.450248,18.728082],[-70.450339,18.727898],[-70.450532,18.727556],[-70.450999,18.726956],[-70.451609,18.726265],[-70.451829,18.726046],[-70.451935,18.725969],[-70.452162,18.725853],[-70.452407,18.725763],[-70.453145,18.725567],[-70.453448,18.725509],[-70.453747,18.725435],[-70.453978,18.725364],[-70.454356,18.7252],[-70.454498,18.725122],[-70.454791,18.724903],[-70.454814,18.724866],[-70.454874,18.724812],[-70.454915,18.724739],[-70.455059,18.724593],[-70.455078,18.724539],[-70.455141,18.724502],[-70.455146,18.724446],[-70.455807,18.724146],[-70.456122,18.724332],[-70.456275,18.72462],[-70.456258,18.724729],[-70.45623,18.724801],[-70.456235,18.724819],[-70.456207,18.724874],[-70.456223,18.724892],[-70.456189,18.724946],[-70.456182,18.724982],[-70.456197,18.725036],[-70.456187,18.725073],[-70.456228,18.725181],[-70.456215,18.725235],[-70.456237,18.725271],[-70.456262,18.725379],[-70.456356,18.725632],[-70.456467,18.725829],[-70.456655,18.726262],[-70.456745,18.726568],[-70.456778,18.726749],[-70.456798,18.726983],[-70.456763,18.727508],[-70.456565,18.728286],[-70.456568,18.728431],[-70.456594,18.728503],[-70.456608,18.728593],[-70.456715,18.728827],[-70.456755,18.728899],[-70.456855,18.729032],[-70.457053,18.729258],[-70.457275,18.72946],[-70.457428,18.729569],[-70.457581,18.729657],[-70.457771,18.72974],[-70.458304,18.729931],[-70.458532,18.730024],[-70.458665,18.730088],[-70.458818,18.730202],[-70.458983,18.730382],[-70.459138,18.730598],[-70.459224,18.730741],[-70.459335,18.730975],[-70.459372,18.730993],[-70.459388,18.731029],[-70.45949,18.731115],[-70.459623,18.731145],[-70.459793,18.731131],[-70.459907,18.731104],[-70.460134,18.730987],[-70.460511,18.730701],[-70.460676,18.730549],[-70.461056,18.730159],[-70.461376,18.72986],[-70.461705,18.729584],[-70.462091,18.729236],[-70.46228,18.729108],[-70.462469,18.729009],[-70.462658,18.728931],[-70.462828,18.728888],[-70.462998,18.728861],[-70.463226,18.728861],[-70.46353,18.728922],[-70.464235,18.729241],[-70.464349,18.729278],[-70.464539,18.729308],[-70.464633,18.729308],[-70.464709,18.729291],[-70.464826,18.729234],[-70.464917,18.729167],[-70.464964,18.729106],[-70.464993,18.729088],[-70.465193,18.728797],[-70.465474,18.728163],[-70.465738,18.727474],[-70.465797,18.727275],[-70.465916,18.726732],[-70.465979,18.726623],[-70.465989,18.726568],[-70.466033,18.726514],[-70.46604,18.726369],[-70.466484,18.726221],[-70.466618,18.726309],[-70.466732,18.72634],[-70.466789,18.726376],[-70.466942,18.726437],[-70.467151,18.726497],[-70.467284,18.726515],[-70.467378,18.726515],[-70.46772,18.726484],[-70.467871,18.726488],[-70.468004,18.72651],[-70.468214,18.726615],[-70.46852,18.726874],[-70.469747,18.728111],[-70.470852,18.729132],[-70.471033,18.72933],[-70.471212,18.729563],[-70.471368,18.729815],[-70.471484,18.730085],[-70.471543,18.730284],[-70.47159,18.730536],[-70.471599,18.730753],[-70.471571,18.731115],[-70.471571,18.731259],[-70.471589,18.731386],[-70.471616,18.731476],[-70.471711,18.731656],[-70.471839,18.731772]],[[-70.454172,18.721474],[-70.454286,18.721467],[-70.454438,18.721487],[-70.454571,18.721528],[-70.454705,18.721605],[-70.454923,18.72183],[-70.454992,18.721922],[-70.455023,18.721973],[-70.455105,18.72219],[-70.455166,18.72246],[-70.455179,18.722623],[-70.455204,18.722677],[-70.455197,18.722695],[-70.455227,18.722749],[-70.454736,18.723098],[-70.454679,18.723041],[-70.45466,18.723042],[-70.454584,18.722984],[-70.454546,18.722973],[-70.454431,18.722899],[-70.454393,18.722887],[-70.45424,18.722763],[-70.45418,18.722703],[-70.454129,18.722631],[-70.454022,18.722433],[-70.453986,18.722289],[-70.453963,18.722108],[-70.453952,18.721928],[-70.45396,18.721747],[-70.453997,18.721638],[-70.45406,18.721547],[-70.454097,18.721505],[-70.454172,18.721474]],[[-70.474766,18.711153],[-70.474568,18.711303],[-70.474379,18.71143],[-70.47419,18.711535],[-70.473907,18.711657],[-70.473415,18.711832],[-70.473245,18.711859],[-70.473131,18.711859],[-70.473036,18.711838],[-70.472932,18.711768],[-70.472826,18.711635],[-70.472786,18.711534],[-70.472761,18.71139],[-70.47278,18.711191],[-70.472934,18.710665],[-70.472989,18.710358],[-70.472989,18.710213],[-70.472925,18.709527],[-70.472941,18.709455],[-70.472932,18.709328],[-70.472902,18.709039],[-70.472855,18.708732],[-70.472781,18.708444],[-70.47271,18.708282],[-70.472605,18.708138],[-70.472453,18.707998],[-70.472402,18.707923],[-70.4723,18.707869],[-70.472148,18.707853],[-70.47211,18.70786],[-70.471997,18.707925],[-70.471865,18.707982],[-70.47179,18.708043],[-70.471657,18.708114],[-70.471355,18.708248],[-70.471109,18.70832],[-70.470711,18.708324],[-70.47035,18.708288],[-70.470066,18.708274],[-70.469895,18.708283],[-70.469744,18.708308],[-70.469574,18.708367],[-70.469526,18.708397],[-70.469442,18.70848],[-70.469163,18.708581],[-70.469121,18.708635],[-70.468035,18.708915],[-70.468012,18.708879],[-70.467957,18.708717],[-70.467812,18.708612],[-70.467792,18.708573],[-70.467706,18.708357],[-70.467663,18.708123],[-70.467663,18.707996],[-70.467698,18.707815],[-70.467764,18.707634],[-70.467867,18.707416],[-70.467959,18.707126],[-70.467995,18.706927],[-70.468033,18.706584],[-70.468018,18.706331],[-70.467987,18.70615],[-70.467762,18.705122],[-70.467736,18.704698]],[[-70.468332,18.709534],[-70.468997,18.709687],[-70.468994,18.709847],[-70.46898,18.709937],[-70.468887,18.710132],[-70.468868,18.710149],[-70.468793,18.710173],[-70.468698,18.710241],[-70.468604,18.710268],[-70.468338,18.710186],[-70.46831,18.710123],[-70.46828,18.710094],[-70.468239,18.709998],[-70.468193,18.709835],[-70.468153,18.709601],[-70.468162,18.70959],[-70.468317,18.709581],[-70.46832,18.709545],[-70.468332,18.709534]]]}},{"type":"Feature","properties":{"level":840.0,"major":false},"geometry":{"type":"MultiLineString","coordinates":[[[-70.451223,18.731933],[-70.451298,18.731815],[-70.451393,18.731615],[-70.451457,18.731326],[-70.451457,18.731001],[-70.451437,18.73082],[-70.45138,18.730604],[-70.451308,18.730423],[-70.451099,18.730009],[-70.451005,18.729721],[-70.450835,18.729289],[-70.450646,18.728965],[-70.450441,18.728695],[-70.450383,18.728569],[-70.450351,18.728443],[-70.450349,18.728317],[-70.450361,18.728226],[-70.450396,18.728099],[-70.450547,18.727755],[-70.450644,18.727591],[-70.450846,18.727309],[-70.451353,18.726692],[-70.451691,18.726335],[-70.451898,18.72613],[-70.451974,18.726078],[-70.4522,18.725966],[-70.452541,18.725844],[-70.453165,18.725675],[-70.45343,18.725635],[-70.453847,18.72555],[-70.454036,18.725501],[-70.454244,18.725425],[-70.454471,18.725331],[-70.454792,18.725172],[-70.455,18.725038],[-70.455112,18.724936],[-70.455245,18.724867],[-70.45532,18.724842],[-70.455377,18.724844],[-70.455511,18.724915],[-70.455549,18.724915],[-70.455682,18.724986],[-70.45572,18.724986],[-70.455796,18.72504],[-70.45607,18.725525],[-70.456258,18.725787],[-70.456335,18.725921],[-70.456473,18.726209],[-70.456571,18.726461],[-70.456636,18.726768],[-70.456646,18.727003],[-70.45663,18.727184],[-70.456579,18.727491],[-70.45639,18.727981],[-70.456317,18.728252],[-70.456318,18.728361],[-70.45634,18.728451],[-70.456416,18.728649],[-70.456515,18.728829],[-70.456725,18.729116],[-70.456951,18.729368],[-70.457187,18.729565],[-70.45743,18.729736],[-70.457601,18.729832],[-70.457753,18.7299],[-70.458381,18.730134],[-70.458572,18.730222],[-70.458686,18.730312],[-70.458854,18.730491],[-70.458993,18.730689],[-70.459049,18.730815],[-70.459152,18.731158],[-70.459188,18.731248],[-70.459207,18.731266],[-70.459207,18.731302],[-70.459226,18.73132],[-70.459264,18.731319],[-70.459321,18.731355],[-70.459416,18.731388],[-70.459568,18.731396],[-70.459682,18.731388],[-70.459815,18.731351],[-70.459947,18.731296],[-70.460098,18.731204],[-70.460553,18.730839],[-70.460708,18.730694],[-70.460907,18.73047],[-70.46119,18.730184],[-70.461547,18.729864],[-70.461735,18.729712],[-70.462074,18.729393],[-70.46229,18.729236],[-70.462432,18.729148],[-70.462677,18.729034],[-70.46281,18.728997],[-70.463037,18.728963],[-70.463189,18.728965],[-70.463341,18.728992],[-70.46355,18.729053],[-70.464179,18.729354],[-70.46435,18.729414],[-70.46454,18.729453],[-70.464691,18.72944],[-70.46488,18.729357],[-70.464952,18.729305],[-70.464993,18.729254],[-70.465225,18.728924],[-70.465263,18.728851],[-70.465492,18.728307],[-70.465851,18.727521],[-70.465938,18.727292],[-70.466054,18.726929],[-70.466092,18.726857],[-70.466261,18.726675],[-70.46628,18.726674],[-70.466299,18.726656],[-70.466337,18.726656],[-70.466431,18.726601],[-70.466526,18.7266],[-70.46664,18.726617],[-70.466868,18.726688],[-70.467172,18.726757],[-70.4674,18.726762],[-70.467741,18.726735],[-70.46795,18.726754],[-70.468121,18.726808],[-70.468288,18.726912],[-70.468544,18.727127],[-70.468657,18.727198],[-70.468951,18.727449],[-70.469267,18.727774],[-70.469899,18.728381],[-70.47072,18.729096],[-70.470987,18.729384],[-70.471141,18.729581],[-70.471309,18.72987],[-70.471402,18.730104],[-70.471471,18.730393],[-70.47149,18.730519],[-70.47149,18.730718],[-70.471424,18.731224],[-70.471424,18.731333],[-70.471454,18.731495],[-70.471562,18.731729],[-70.471615,18.731774]],[[-70.474764,18.711033],[-70.47451,18.711233],[-70.474227,18.71141],[-70.473871,18.711562],[-70.473577,18.711672],[-70.473396,18.711728],[-70.473225,18.711729],[-70.473206,18.711711],[-70.473187,18.711712],[-70.473168,18.711694],[-70.473034,18.71164],[-70.472961,18.711551],[-70.472919,18.711461],[-70.472896,18.711352],[-70.4729,18.711244],[-70.472917,18.711172],[-70.473064,18.710682],[-70.473121,18.710357],[-70.473121,18.710031],[-70.473072,18.709454],[-70.473031,18.709038],[-70.472969,18.708641],[-70.472906,18.708407],[-70.47281,18.708155],[-70.472507,18.707711],[-70.472412,18.707638],[-70.472393,18.707634],[-70.472297,18.707544],[-70.472278,18.707544],[-70.472259,18.707526],[-70.472183,18.707527],[-70.472089,18.7076],[-70.47207,18.707602],[-70.471938,18.707685],[-70.471656,18.707921],[-70.471297,18.708126],[-70.471108,18.708203],[-70.470957,18.70822],[-70.47071,18.70822],[-70.470065,18.708157],[-70.469799,18.70816],[-70.469629,18.708179],[-70.469515,18.708223],[-70.469383,18.708296],[-70.469005,18.708428],[-70.468949,18.708472],[-70.468248,18.708656],[-70.46821,18.708638],[-70.468195,18.708624],[-70.468152,18.708519],[-70.467868,18.70832],[-70.467847,18.708193],[-70.46784,18.708013],[-70.467864,18.707832],[-70.467899,18.707687],[-70.467989,18.707451],[-70.468062,18.707162],[-70.468123,18.706529],[-70.468112,18.706366],[-70.468073,18.706114],[-70.46799,18.705771],[-70.467924,18.705428],[-70.467857,18.705175],[-70.467829,18.704941],[-70.467818,18.704697]]]}},{"type":"Feature","properties":{"level":845.0,"major":false},"geometry":{"type":"MultiLineString","coordinates":[[[-70.451347,18.731932],[-70.451384,18.731869],[-70.4515,18.731597],[-70.451553,18.731289],[-70.451553,18.730982],[-70.451521,18.730675],[-70.451491,18.730549],[-70.451309,18.73008],[-70.451252,18.729882],[-70.451148,18.729311],[-70.451087,18.729142],[-70.451023,18.729034],[-70.450947,18.728926],[-70.450655,18.728585],[-70.45061,18.728509],[-70.45057,18.728387],[-70.450563,18.728243],[-70.450573,18.728134],[-70.450607,18.727989],[-70.45075,18.727663],[-70.45088,18.727463],[-70.451218,18.727027],[-70.45143,18.726772],[-70.451635,18.726554],[-70.451924,18.72628],[-70.452051,18.726188],[-70.452334,18.726051],[-70.452939,18.725861],[-70.453223,18.725796],[-70.453962,18.725675],[-70.454586,18.725513],[-70.4547,18.725459],[-70.454908,18.725391],[-70.45504,18.725326],[-70.455154,18.725302],[-70.455248,18.725237],[-70.455342,18.72522],[-70.45559,18.725319],[-70.455628,18.725347],[-70.455686,18.725432],[-70.455762,18.725477],[-70.455814,18.725545],[-70.455858,18.725573],[-70.456057,18.725815],[-70.456184,18.72599],[-70.456338,18.726282],[-70.456392,18.726408],[-70.456453,18.726607],[-70.45648,18.726769],[-70.456485,18.726968],[-70.456444,18.727221],[-70.456391,18.727438],[-70.456184,18.727928],[-70.456093,18.728236],[-70.456096,18.728362],[-70.456135,18.728488],[-70.456259,18.728722],[-70.456465,18.72901],[-70.456743,18.729333],[-70.457011,18.729577],[-70.457412,18.729894],[-70.457698,18.730073],[-70.457888,18.730162],[-70.458174,18.730263],[-70.458424,18.730368],[-70.458555,18.730456],[-70.458708,18.730587],[-70.458792,18.730691],[-70.458837,18.730781],[-70.45897,18.73134],[-70.459012,18.731466],[-70.459048,18.731538],[-70.459134,18.731606],[-70.459286,18.731644],[-70.459475,18.731631],[-70.459778,18.731538],[-70.460042,18.731407],[-70.460269,18.731235],[-70.460625,18.730929],[-70.461021,18.730502],[-70.461265,18.730256],[-70.461717,18.729873],[-70.462131,18.7295],[-70.462433,18.729284],[-70.462565,18.729208],[-70.46266,18.729168],[-70.462792,18.729123],[-70.463038,18.729081],[-70.463152,18.729081],[-70.463285,18.729099],[-70.463494,18.729165],[-70.464046,18.729429],[-70.464294,18.729526],[-70.464389,18.729552],[-70.46456,18.729587],[-70.464674,18.729587],[-70.464825,18.729553],[-70.464901,18.729519],[-70.465034,18.729395],[-70.465178,18.729177],[-70.465332,18.728885],[-70.465567,18.728325],[-70.466018,18.727436],[-70.46606,18.727381],[-70.46608,18.727327],[-70.466195,18.727127],[-70.466245,18.727076],[-70.466283,18.727011],[-70.466339,18.72696],[-70.466415,18.726914],[-70.466509,18.726874],[-70.466623,18.72687],[-70.467212,18.726994],[-70.467478,18.727017],[-70.467743,18.727013],[-70.467876,18.727028],[-70.467952,18.727043],[-70.468104,18.727098],[-70.468238,18.727177],[-70.468314,18.727199],[-70.468371,18.727247],[-70.468523,18.727317],[-70.468676,18.727407],[-70.468924,18.727593],[-70.469823,18.72843],[-70.470224,18.728757],[-70.470594,18.72908],[-70.470855,18.729342],[-70.471043,18.729565],[-70.471143,18.72972],[-70.471232,18.729888],[-70.471315,18.730105],[-70.471352,18.730249],[-70.471386,18.730484],[-70.47139,18.730682],[-70.471357,18.730881],[-70.471284,18.731189],[-70.471254,18.731442],[-70.471292,18.731659],[-70.471363,18.731776]],[[-70.474763,18.710913],[-70.474452,18.711137],[-70.474245,18.711257],[-70.473924,18.711385],[-70.47364,18.711468],[-70.473583,18.711472],[-70.473469,18.711504],[-70.473356,18.711509],[-70.473203,18.711442],[-70.473145,18.71135],[-70.47314,18.71126],[-70.473122,18.711206],[-70.47323,18.710663],[-70.473254,18.710428],[-70.473245,18.710121],[-70.473164,18.709507],[-70.473121,18.709038],[-70.473046,18.708514],[-70.473,18.708334],[-70.472916,18.708081],[-70.472882,18.708027],[-70.472792,18.707811],[-70.472723,18.707703],[-70.472677,18.707556],[-70.47258,18.70747],[-70.472428,18.7073],[-70.472314,18.707233],[-70.472218,18.707205],[-70.472143,18.707201],[-70.472086,18.707213],[-70.472015,18.707257],[-70.471766,18.707522],[-70.471672,18.707601],[-70.47156,18.707757],[-70.471503,18.707809],[-70.471201,18.708005],[-70.471069,18.70806],[-70.470918,18.70809],[-70.470728,18.708099],[-70.470481,18.70809],[-70.470235,18.708059],[-70.470007,18.708046],[-70.469798,18.708041],[-70.469609,18.708052],[-70.469457,18.708084],[-70.469344,18.708133],[-70.46906,18.70821],[-70.468776,18.708308],[-70.468436,18.708397],[-70.468394,18.708388],[-70.468359,18.708329],[-70.468172,18.708209],[-70.468146,18.708173],[-70.468108,18.708047],[-70.468108,18.707956],[-70.46809,18.707902],[-70.468099,18.707848],[-70.46808,18.707794],[-70.468099,18.707722],[-70.468091,18.707667],[-70.46811,18.707613],[-70.468159,18.707324],[-70.46818,18.707089],[-70.468213,18.7066],[-70.468203,18.706347],[-70.468141,18.705986],[-70.46808,18.70577],[-70.468041,18.705554],[-70.467946,18.705175],[-70.467914,18.704922],[-70.467911,18.704696]]]}},{"type":"Feature","properties":{"level":850.0,"major":true},"geometry":{"type":"MultiLineString","coordinates":[[[-70.451468,18.731931],[-70.451474,18.731922],[-70.4516,18.731596],[-70.451638,18.731397],[-70.451648,18.73127],[-70.451648,18.730818],[-70.451637,18.730674],[-70.45161,18.73053],[-70.451458,18.729989],[-70.451439,18.729862],[-70.451412,18.729194],[-70.451388,18.729104],[-70.451291,18.728906],[-70.450818,18.728403],[-70.450781,18.728295],[-70.450759,18.728151],[-70.450778,18.727952],[-70.450831,18.727788],[-70.450981,18.727532],[-70.45142,18.726953],[-70.451716,18.726625],[-70.452006,18.72637],[-70.452129,18.726297],[-70.452392,18.726168],[-70.453111,18.725945],[-70.4533,18.725909],[-70.453944,18.725831],[-70.454323,18.725758],[-70.454512,18.725736],[-70.45508,18.725589],[-70.455156,18.725585],[-70.455289,18.725586],[-70.455479,18.725627],[-70.455631,18.725689],[-70.455725,18.725745],[-70.455813,18.725816],[-70.455975,18.725994],[-70.456088,18.726158],[-70.456244,18.726446],[-70.4563,18.726626],[-70.456324,18.726806],[-70.456323,18.726987],[-70.456306,18.72706],[-70.456158,18.727494],[-70.455935,18.727974],[-70.45588,18.728183],[-70.455882,18.728364],[-70.455901,18.728454],[-70.455963,18.728598],[-70.456237,18.728958],[-70.456573,18.729342],[-70.456764,18.729522],[-70.457452,18.73012],[-70.457757,18.730319],[-70.457928,18.73039],[-70.45829,18.730516],[-70.458557,18.730692],[-70.458557,18.73071],[-70.458653,18.730818],[-70.458672,18.73089],[-70.458712,18.731107],[-70.458741,18.731378],[-70.458795,18.731594],[-70.458869,18.731756],[-70.458908,18.73181],[-70.458908,18.731828],[-70.458946,18.731864],[-70.459003,18.731864],[-70.459016,18.731872]],[[-70.45948,18.731869],[-70.459515,18.73186],[-70.459874,18.731676],[-70.460063,18.731562],[-70.460418,18.731274],[-70.460646,18.731067],[-70.460849,18.730855],[-70.461173,18.730489],[-70.461511,18.730176],[-70.461784,18.729962],[-70.462076,18.729695],[-70.462223,18.72958],[-70.46251,18.729375],[-70.462585,18.72933],[-70.462717,18.729275],[-70.46285,18.729231],[-70.463039,18.729198],[-70.463229,18.72921],[-70.463419,18.729269],[-70.46399,18.729535],[-70.46439,18.729682],[-70.464561,18.729721],[-70.464694,18.729727],[-70.464845,18.729701],[-70.464959,18.729667],[-70.465093,18.729521],[-70.465214,18.729339],[-70.465463,18.728781],[-70.465635,18.72836],[-70.465783,18.72807],[-70.465855,18.727966],[-70.466079,18.727577],[-70.466361,18.727246],[-70.466455,18.727187],[-70.466587,18.727132],[-70.466682,18.727121],[-70.466872,18.727142],[-70.467252,18.727242],[-70.467499,18.727279],[-70.467878,18.727313],[-70.468449,18.727474],[-70.468677,18.727577],[-70.46895,18.727756],[-70.469766,18.728498],[-70.470167,18.728808],[-70.470435,18.729032],[-70.470731,18.729314],[-70.47099,18.729605],[-70.471086,18.729763],[-70.471183,18.729979],[-70.471234,18.730123],[-70.471279,18.73034],[-70.47129,18.73043],[-70.471288,18.730665],[-70.47124,18.730882],[-70.471141,18.731172],[-70.471081,18.731408],[-70.471074,18.731606],[-70.471088,18.731715],[-70.471119,18.731778]],[[-70.474762,18.710792],[-70.47464,18.710873],[-70.474583,18.71092],[-70.474376,18.711052],[-70.474232,18.711125],[-70.474036,18.7112],[-70.473847,18.711255],[-70.473771,18.711266],[-70.473714,18.71122],[-70.473695,18.71122],[-70.473484,18.711041],[-70.473465,18.711041],[-70.473389,18.710969],[-70.47337,18.710969],[-70.47336,18.710933],[-70.473386,18.710716],[-70.473383,18.710319],[-70.47336,18.710102],[-70.473283,18.709687],[-70.473283,18.709633],[-70.473265,18.709579],[-70.473159,18.708585],[-70.473098,18.708261],[-70.472924,18.70765],[-70.472827,18.707375],[-70.47252,18.707033],[-70.472444,18.706985],[-70.472292,18.706915],[-70.472216,18.706894],[-70.472064,18.706889],[-70.471988,18.706901],[-70.471932,18.706933],[-70.471913,18.706933],[-70.471781,18.707047],[-70.47171,18.707133],[-70.471612,18.707297],[-70.471593,18.707351],[-70.471347,18.707696],[-70.471105,18.707878],[-70.470973,18.707934],[-70.470841,18.707969],[-70.470765,18.707977],[-70.47048,18.707978],[-70.469892,18.707925],[-70.469551,18.707928],[-70.46938,18.707947],[-70.469002,18.708056],[-70.468718,18.708121],[-70.468642,18.708115],[-70.468585,18.708079],[-70.468547,18.70808],[-70.46849,18.708044],[-70.468452,18.708044],[-70.468433,18.708026],[-70.468414,18.708026],[-70.468321,18.707828],[-70.468278,18.707666],[-70.468275,18.707395],[-70.468292,18.707088],[-70.468284,18.706871],[-70.468303,18.706618],[-70.468302,18.706419],[-70.468283,18.70622],[-70.468243,18.706004],[-70.468168,18.705751],[-70.468133,18.705553],[-70.468021,18.705102],[-70.468,18.704885],[-70.468,18.704695]]]}},{"type":"Feature","properties":{"level":855.0,"major":false},"geometry":{"type":"MultiLineString","coordinates":[[[-70.451572,18.73193],[-70.451606,18.731867],[-70.451639,18.731776],[-70.451695,18.731613],[-70.451732,18.731414],[-70.451747,18.731269],[-70.451761,18.730799],[-70.451736,18.73051],[-70.451653,18.730132],[-70.451624,18.729915],[-70.451624,18.729716],[-70.451681,18.729192],[-70.451649,18.729011],[-70.451534,18.728741],[-70.45138,18.728562],[-70.451135,18.72831],[-70.451069,18.728221],[-70.451032,18.728022],[-70.451046,18.727859],[-70.451085,18.727733],[-70.451176,18.727551],[-70.45159,18.72697],[-70.451681,18.726861],[-70.451855,18.726678],[-70.452053,18.726514],[-70.452318,18.726361],[-70.45245,18.726297],[-70.452601,18.726247],[-70.45315,18.726096],[-70.453737,18.726021],[-70.454173,18.725953],[-70.454571,18.725918],[-70.45512,18.725819],[-70.455291,18.725835],[-70.455519,18.725905],[-70.455614,18.725963],[-70.455786,18.726107],[-70.45592,18.726261],[-70.455998,18.726393],[-70.456063,18.726519],[-70.45612,18.726718],[-70.456133,18.726808],[-70.456134,18.726934],[-70.456111,18.727043],[-70.456032,18.727279],[-70.455944,18.727496],[-70.455745,18.727887],[-70.455663,18.728131],[-70.45566,18.728366],[-70.455698,18.728492],[-70.455763,18.728618],[-70.455875,18.72878],[-70.456372,18.729318],[-70.457024,18.729909],[-70.457416,18.730333],[-70.457645,18.730527],[-70.457893,18.730671],[-70.45795,18.730691],[-70.45814,18.730792],[-70.458292,18.730911],[-70.458348,18.730983],[-70.458401,18.731109],[-70.458427,18.731217],[-70.458488,18.73138],[-70.458536,18.731578],[-70.458608,18.731776],[-70.458665,18.731875]],[[-70.459821,18.731866],[-70.459964,18.731784],[-70.460196,18.731617],[-70.460629,18.731237],[-70.46084,18.731018],[-70.461155,18.730657],[-70.461418,18.730395],[-70.462285,18.729684],[-70.462557,18.729505],[-70.462757,18.729412],[-70.462984,18.729354],[-70.463078,18.729345],[-70.46323,18.729361],[-70.463363,18.729397],[-70.463877,18.729619],[-70.464163,18.729726],[-70.464543,18.729843],[-70.464714,18.72987],[-70.464847,18.72987],[-70.465063,18.729828],[-70.465147,18.729755],[-70.46518,18.729665],[-70.465261,18.72952],[-70.465416,18.729085],[-70.465691,18.728414],[-70.465849,18.728124],[-70.465978,18.727924],[-70.466218,18.727597],[-70.466325,18.727486],[-70.466362,18.727469],[-70.466419,18.727419],[-70.466494,18.727372],[-70.466646,18.727327],[-70.466817,18.727339],[-70.466969,18.727379],[-70.467273,18.727493],[-70.467615,18.727561],[-70.468052,18.727611],[-70.468147,18.727633],[-70.468261,18.727637],[-70.468565,18.727712],[-70.468717,18.727774],[-70.468946,18.727919],[-70.46971,18.72856],[-70.470226,18.728952],[-70.470478,18.729172],[-70.470822,18.729512],[-70.471015,18.729782],[-70.471075,18.729908],[-70.471155,18.730142],[-70.471191,18.730377],[-70.471196,18.730503],[-70.471183,18.730666],[-70.471133,18.730865],[-70.470955,18.731372],[-70.470907,18.731644],[-70.470902,18.73177],[-70.470907,18.731779]],[[-70.474761,18.710676],[-70.474752,18.710682],[-70.474374,18.710888],[-70.474185,18.710955],[-70.474053,18.710983],[-70.474015,18.710977],[-70.47392,18.710995],[-70.473882,18.710979],[-70.473844,18.710987],[-70.473825,18.710974],[-70.473634,18.710823],[-70.473634,18.710768],[-70.473615,18.71075],[-70.473609,18.710678],[-70.473583,18.710642],[-70.473581,18.710606],[-70.473539,18.71048],[-70.473491,18.710173],[-70.47342,18.709885],[-70.473344,18.709488],[-70.473224,18.708368],[-70.473079,18.707683],[-70.47307,18.707592],[-70.472957,18.707232],[-70.472906,18.70716],[-70.472671,18.706909],[-70.4725,18.706807],[-70.472328,18.706725],[-70.472176,18.706678],[-70.471967,18.706658],[-70.471816,18.706688],[-70.471751,18.706717],[-70.471588,18.706899],[-70.471355,18.707371],[-70.471217,18.70757],[-70.471025,18.707735],[-70.470858,18.70782],[-70.470707,18.707846],[-70.470479,18.707861],[-70.46991,18.707821],[-70.469569,18.707816],[-70.469152,18.707843],[-70.469076,18.707861],[-70.469019,18.707853],[-70.468962,18.70787],[-70.468924,18.707857],[-70.468773,18.707869],[-70.468621,18.707817],[-70.468583,18.707754],[-70.468558,18.707682],[-70.468541,18.707501],[-70.468405,18.707322],[-70.468414,18.707087],[-70.468384,18.70687],[-70.468398,18.706671],[-70.468398,18.706436],[-70.468383,18.70622],[-70.468318,18.705877],[-70.468109,18.705083],[-70.468085,18.704848],[-70.468086,18.704695]]]}},{"type":"Feature","properties":{"level":860.0,"major":false},"geometry":{"type":"MultiLineString","coordinates":[[[-70.451681,18.731929],[-70.451703,18.731884],[-70.45181,18.73154],[-70.451847,18.731287],[-70.451875,18.730618],[-70.451856,18.730401],[-70.4518,18.73004],[-70.451801,18.729914],[-70.451819,18.729751],[-70.451906,18.729407],[-70.451941,18.72919],[-70.451939,18.729099],[-70.451903,18.728883],[-70.451823,18.728667],[-70.451726,18.728505],[-70.451346,18.728092],[-70.451288,18.727948],[-70.45128,18.727839],[-70.451289,18.727749],[-70.451379,18.727531],[-70.451619,18.727204],[-70.451716,18.727041],[-70.451849,18.726877],[-70.451995,18.726732],[-70.452121,18.72664],[-70.4523,18.72653],[-70.452524,18.72642],[-70.452905,18.72631],[-70.453151,18.726254],[-70.45372,18.726192],[-70.454004,18.726138],[-70.454174,18.726118],[-70.454497,18.726115],[-70.455027,18.726057],[-70.455198,18.726066],[-70.455369,18.72611],[-70.455483,18.726167],[-70.455636,18.72627],[-70.45577,18.726395],[-70.455825,18.726485],[-70.455885,18.726611],[-70.455944,18.726827],[-70.455927,18.72699],[-70.455777,18.727389],[-70.45572,18.727516],[-70.455544,18.727824],[-70.455446,18.72806],[-70.455426,18.728331],[-70.45551,18.728566],[-70.455682,18.728817],[-70.45583,18.72898],[-70.456365,18.729487],[-70.456575,18.72966],[-70.456868,18.729928],[-70.457009,18.73009],[-70.457207,18.730378],[-70.45743,18.730647],[-70.457736,18.730898],[-70.457972,18.731065],[-70.458041,18.73113],[-70.458141,18.731274],[-70.458241,18.731472],[-70.458359,18.731814],[-70.458393,18.731877]],[[-70.46008,18.731864],[-70.460197,18.731779],[-70.460593,18.731428],[-70.460916,18.73109],[-70.461226,18.730726],[-70.461486,18.730471],[-70.461853,18.730185],[-70.462116,18.729955],[-70.462286,18.729832],[-70.462607,18.729631],[-70.462815,18.729544],[-70.463004,18.729502],[-70.463175,18.7295],[-70.46327,18.729518],[-70.463726,18.729694],[-70.464392,18.729926],[-70.464696,18.730012],[-70.464886,18.730034],[-70.464981,18.730033],[-70.465114,18.730007],[-70.465208,18.729972],[-70.465283,18.729898],[-70.465334,18.729772],[-70.465495,18.72912],[-70.465638,18.728722],[-70.465745,18.728464],[-70.465891,18.728214],[-70.46612,18.727894],[-70.466364,18.727632],[-70.466572,18.72754],[-70.466685,18.72753],[-70.466761,18.727538],[-70.466971,18.727601],[-70.467199,18.727715],[-70.467389,18.727783],[-70.467617,18.727839],[-70.467845,18.727857],[-70.468395,18.727869],[-70.468623,18.727904],[-70.468757,18.727956],[-70.468928,18.728057],[-70.469127,18.728224],[-70.469463,18.72848],[-70.470131,18.728969],[-70.470449,18.729244],[-70.470761,18.729549],[-70.470973,18.729854],[-70.47107,18.730143],[-70.471101,18.730377],[-70.47109,18.730594],[-70.471053,18.730757],[-70.470996,18.730938],[-70.47082,18.731374],[-70.470724,18.7317],[-70.470712,18.731781]],[[-70.47476,18.710556],[-70.474558,18.710671],[-70.474335,18.71075],[-70.474165,18.710779],[-70.474032,18.710765],[-70.473975,18.710748],[-70.473918,18.710712],[-70.473789,18.710586],[-70.473688,18.710425],[-70.473482,18.709721],[-70.473425,18.709433],[-70.473397,18.709216],[-70.473329,18.708403],[-70.473255,18.707916],[-70.473215,18.707537],[-70.473062,18.707032],[-70.472919,18.706871],[-70.472803,18.706768],[-70.472555,18.706625],[-70.472326,18.706514],[-70.472098,18.706443],[-70.472003,18.706427],[-70.47187,18.706425],[-70.4717,18.706452],[-70.471568,18.70652],[-70.471511,18.706574],[-70.471362,18.706811],[-70.471232,18.707173],[-70.471097,18.707427],[-70.470901,18.707627],[-70.470819,18.707676],[-70.470762,18.707695],[-70.470573,18.707733],[-70.47044,18.707744],[-70.469928,18.707718],[-70.46934,18.707708],[-70.469018,18.707678],[-70.468827,18.707619],[-70.468536,18.707248],[-70.468535,18.707086],[-70.46851,18.706996],[-70.468484,18.706761],[-70.468493,18.706707],[-70.468493,18.706309],[-70.468473,18.70611],[-70.46837,18.705659],[-70.468199,18.705082],[-70.46818,18.704974],[-70.468172,18.704757],[-70.468175,18.704694]]]}},{"type":"Feature","properties":{"level":865.0,"major":false},"geometry":{"type":"MultiLineString","coordinates":[[[-70.451785,18.731929],[-70.451789,18.73192],[-70.451883,18.731648],[-70.451946,18.731304],[-70.451961,18.731015],[-70.451998,18.730671],[-70.451985,18.730021],[-70.452024,18.729785],[-70.452123,18.729441],[-70.452169,18.729188],[-70.452174,18.729079],[-70.45215,18.728863],[-70.452099,18.728664],[-70.452042,18.72852],[-70.451917,18.728326],[-70.451633,18.727963],[-70.451597,18.727873],[-70.451591,18.727819],[-70.451632,18.727638],[-70.451677,18.727565],[-70.451718,18.727457],[-70.451953,18.727075],[-70.452132,18.726857],[-70.452415,18.726673],[-70.452604,18.726583],[-70.452982,18.726475],[-70.453153,18.726447],[-70.453702,18.726397],[-70.454233,18.726313],[-70.454517,18.726322],[-70.454878,18.726313],[-70.455124,18.72634],[-70.455258,18.726377],[-70.4553,18.726399],[-70.45545,18.726506],[-70.455497,18.72656],[-70.455588,18.726704],[-70.455633,18.72683],[-70.455636,18.727011],[-70.455524,18.727355],[-70.455297,18.727844],[-70.455232,18.728044],[-70.455205,18.728243],[-70.455205,18.728351],[-70.455241,18.728495],[-70.455307,18.728639],[-70.455451,18.728819],[-70.455758,18.729124],[-70.456543,18.729805],[-70.456749,18.730004],[-70.456883,18.730169],[-70.45709,18.730487],[-70.457287,18.73075],[-70.457369,18.730846],[-70.457835,18.731276],[-70.457906,18.731366],[-70.458034,18.731582],[-70.45816,18.731879]],[[-70.460302,18.731862],[-70.460516,18.731671],[-70.4608,18.73138],[-70.461339,18.730761],[-70.461552,18.730555],[-70.462005,18.730199],[-70.462325,18.729981],[-70.462678,18.729775],[-70.462873,18.729702],[-70.4631,18.729668],[-70.463271,18.729683],[-70.464774,18.730167],[-70.464945,18.730211],[-70.465267,18.730225],[-70.465286,18.730215],[-70.465456,18.730103],[-70.465471,18.730078],[-70.465475,18.730024],[-70.465494,18.730006],[-70.465478,18.729916],[-70.465499,18.729843],[-70.465496,18.72968],[-70.46551,18.729626],[-70.46552,18.729445],[-70.465581,18.72912],[-70.4657,18.728757],[-70.465776,18.728576],[-70.465869,18.728394],[-70.466009,18.728177],[-70.466121,18.72804],[-70.466283,18.727867],[-70.466347,18.727823],[-70.466384,18.72778],[-70.466516,18.727721],[-70.466592,18.727702],[-70.466744,18.727699],[-70.466953,18.727764],[-70.467372,18.727949],[-70.467581,18.728013],[-70.467809,18.728055],[-70.468018,18.728073],[-70.46834,18.728065],[-70.468549,18.728079],[-70.468701,18.728116],[-70.468834,18.728175],[-70.469217,18.728422],[-70.470132,18.72907],[-70.470393,18.729299],[-70.470705,18.729603],[-70.470821,18.729759],[-70.470898,18.729891],[-70.470987,18.730161],[-70.471011,18.730378],[-70.471001,18.730541],[-70.470939,18.730812],[-70.470736,18.731302],[-70.470655,18.731537],[-70.470591,18.731782]],[[-70.474759,18.710443],[-70.47458,18.710525],[-70.474353,18.710588],[-70.474239,18.710597],[-70.474068,18.710569],[-70.473992,18.710521],[-70.473922,18.710459],[-70.473823,18.710333],[-70.473612,18.709847],[-70.473512,18.709432],[-70.473458,18.708999],[-70.47343,18.708493],[-70.473373,18.707897],[-70.473354,18.707464],[-70.473277,18.707193],[-70.47326,18.707067],[-70.473254,18.706886],[-70.473068,18.70675],[-70.472953,18.706633],[-70.472382,18.706379],[-70.472002,18.706257],[-70.471869,18.706239],[-70.471812,18.706219],[-70.471622,18.706215],[-70.471565,18.706194],[-70.471527,18.706208],[-70.471489,18.706204],[-70.471217,18.706432],[-70.471209,18.70645],[-70.471227,18.706486],[-70.471214,18.706559],[-70.471195,18.706613],[-70.471148,18.706686],[-70.471107,18.706813],[-70.471092,18.707011],[-70.471027,18.707175],[-70.470875,18.707429],[-70.470799,18.707504],[-70.470667,18.707567],[-70.470458,18.707605],[-70.470155,18.707614],[-70.4697,18.70761],[-70.469396,18.707592],[-70.469244,18.707569],[-70.469035,18.707524],[-70.468931,18.70748],[-70.468825,18.707376],[-70.468672,18.707185],[-70.468668,18.707121],[-70.468619,18.706959],[-70.468592,18.70676],[-70.468597,18.706362],[-70.468583,18.706091],[-70.468545,18.705857],[-70.468493,18.70564],[-70.468446,18.705478],[-70.468361,18.705262],[-70.468317,18.705045],[-70.468304,18.704955],[-70.468298,18.704738],[-70.468301,18.704693]]]}},{"type":"Feature","properties":{"level":870.0,"major":false},"geometry":{"type":"MultiLineString","coordinates":[[[-70.451882,18.731928],[-70.451946,18.731774],[-70.451983,18.731647],[-70.452038,18.731376],[-70.452056,18.731122],[-70.452122,18.73067],[-70.452151,18.730218],[-70.45218,18.730001],[-70.452228,18.72982],[-70.452291,18.729657],[-70.452344,18.729476],[-70.452399,18.729204],[-70.452406,18.728969],[-70.452396,18.728825],[-70.452338,18.728572],[-70.452278,18.72841],[-70.45222,18.728305],[-70.451932,18.727871],[-70.451932,18.727816],[-70.451913,18.727798],[-70.451911,18.727654],[-70.451972,18.727473],[-70.452081,18.727273],[-70.452229,18.727037],[-70.452296,18.726964],[-70.452341,18.726933],[-70.452605,18.726781],[-70.452832,18.726689],[-70.452908,18.72667],[-70.453155,18.72664],[-70.453344,18.726638],[-70.453666,18.726608],[-70.454159,18.726516],[-70.454253,18.726511],[-70.454405,18.726514],[-70.454785,18.726547],[-70.454956,18.726582],[-70.455067,18.726617],[-70.455089,18.726635],[-70.455147,18.726761],[-70.455185,18.726797],[-70.455185,18.726815],[-70.455205,18.726833],[-70.455243,18.726923],[-70.455282,18.726959],[-70.455339,18.727085],[-70.455192,18.727552],[-70.455122,18.727701],[-70.45505,18.727901],[-70.454996,18.728118],[-70.454986,18.728226],[-70.454991,18.728443],[-70.45501,18.728533],[-70.455068,18.728659],[-70.455197,18.728821],[-70.455585,18.729179],[-70.456311,18.729769],[-70.456566,18.730003],[-70.456751,18.73024],[-70.456844,18.73038],[-70.45691,18.730506],[-70.457232,18.730971],[-70.457781,18.731602],[-70.457926,18.731881]],[[-70.460504,18.731861],[-70.460614,18.731754],[-70.460873,18.731469],[-70.461465,18.730778],[-70.461629,18.730631],[-70.461836,18.730462],[-70.462083,18.730285],[-70.462666,18.729956],[-70.462855,18.729882],[-70.463045,18.729844],[-70.463253,18.729843],[-70.463348,18.72986],[-70.464109,18.730071],[-70.464375,18.730162],[-70.464946,18.730386],[-70.465136,18.730442],[-70.465345,18.730477],[-70.465535,18.730475],[-70.465554,18.730457],[-70.46561,18.730439],[-70.465667,18.730366],[-70.465666,18.73033],[-70.465685,18.730311],[-70.465685,18.730257],[-70.465704,18.730234],[-70.465712,18.730185],[-70.465711,18.730058],[-70.465656,18.729806],[-70.465629,18.729553],[-70.465638,18.7293],[-70.465697,18.72901],[-70.465804,18.728689],[-70.465938,18.72843],[-70.466068,18.72823],[-70.466329,18.727967],[-70.466423,18.727909],[-70.466556,18.727866],[-70.466688,18.727857],[-70.466745,18.727866],[-70.467012,18.727957],[-70.467411,18.728144],[-70.467564,18.728199],[-70.467773,18.72825],[-70.468039,18.72828],[-70.468361,18.728262],[-70.468532,18.728265],[-70.468664,18.728282],[-70.468836,18.728335],[-70.468988,18.728407],[-70.469357,18.728638],[-70.470091,18.729138],[-70.470266,18.729287],[-70.470649,18.729658],[-70.470762,18.729802],[-70.470814,18.72991],[-70.4709,18.730161],[-70.470921,18.730343],[-70.470903,18.73056],[-70.470864,18.730741],[-70.470781,18.730976],[-70.470644,18.731261],[-70.470556,18.731484],[-70.470476,18.731738],[-70.470466,18.731783]],[[-70.474758,18.710333],[-70.47473,18.710347],[-70.474598,18.710399],[-70.474465,18.710421],[-70.474257,18.71042],[-70.474142,18.710383],[-70.474047,18.710324],[-70.473932,18.710208],[-70.473701,18.70981],[-70.473624,18.70954],[-70.473569,18.709269],[-70.473529,18.708854],[-70.473519,18.708456],[-70.473502,18.708312],[-70.473491,18.708095],[-70.473491,18.707372],[-70.473455,18.707101],[-70.473442,18.706722],[-70.473078,18.706472],[-70.472647,18.706329],[-70.472152,18.706136],[-70.471696,18.705974],[-70.471448,18.705852],[-70.471429,18.705852],[-70.47141,18.705834],[-70.471391,18.705834],[-70.471372,18.705817],[-70.471353,18.705817],[-70.471315,18.705781],[-70.471258,18.705763],[-70.47122,18.705727],[-70.471201,18.705728],[-70.471162,18.705692],[-70.471143,18.705692],[-70.471105,18.705656],[-70.471086,18.705656],[-70.471048,18.70562],[-70.471029,18.70562],[-70.470991,18.705585],[-70.470972,18.705585],[-70.470934,18.705549],[-70.470915,18.705549],[-70.470876,18.705513],[-70.470857,18.705513],[-70.470781,18.70546],[-70.470725,18.705496],[-70.470725,18.705514],[-70.470631,18.705606],[-70.470612,18.70566],[-70.470575,18.705696],[-70.470576,18.705823],[-70.470595,18.705841],[-70.470595,18.705877],[-70.470614,18.705895],[-70.470672,18.706021],[-70.470787,18.706165],[-70.470787,18.706183],[-70.470845,18.706272],[-70.470845,18.706309],[-70.470864,18.706327],[-70.47094,18.706561],[-70.470911,18.706977],[-70.470855,18.707122],[-70.470703,18.707376],[-70.47059,18.707434],[-70.470476,18.707466],[-70.470021,18.7075],[-70.469775,18.707501],[-70.469433,18.707474],[-70.4693,18.707448],[-70.469072,18.707371],[-70.468933,18.707245],[-70.468785,18.707084],[-70.468727,18.706922],[-70.468706,18.706777],[-70.468694,18.706072],[-70.468674,18.70591],[-70.468587,18.705513],[-70.468467,18.705225],[-70.468427,18.704936],[-70.468428,18.704692]]]}},{"type":"Feature","properties":{"level":875.0,"major":false},"geometry":{"type":"MultiLineString","coordinates":[[[-70.451994,18.731927],[-70.452074,18.731701],[-70.452138,18.731375],[-70.452172,18.731049],[-70.452252,18.730651],[-70.452308,18.730271],[-70.452396,18.729909],[-70.452479,18.72971],[-70.452552,18.729456],[-70.452613,18.729166],[-70.452639,18.728913],[-70.452622,18.72866],[-70.452533,18.728372],[-70.452286,18.727814],[-70.452269,18.727705],[-70.452299,18.727579],[-70.452428,18.727325],[-70.45253,18.727197],[-70.452722,18.72707],[-70.452873,18.727],[-70.453062,18.726942],[-70.453479,18.726907],[-70.453972,18.726821],[-70.454218,18.726789],[-70.454408,18.726814],[-70.454484,18.726833],[-70.454522,18.726854],[-70.454617,18.726864],[-70.454655,18.726888],[-70.454755,18.726909],[-70.454823,18.726963],[-70.454949,18.727178],[-70.454931,18.727269],[-70.454943,18.727323],[-70.454923,18.727396],[-70.454917,18.727522],[-70.454735,18.728084],[-70.454676,18.728428],[-70.454678,18.7285],[-70.454715,18.728608],[-70.454784,18.728713],[-70.454887,18.728787],[-70.455033,18.728929],[-70.455319,18.729143],[-70.456073,18.729754],[-70.456442,18.730094],[-70.456678,18.730418],[-70.456771,18.73058],[-70.457062,18.730993],[-70.457253,18.73123],[-70.457474,18.731478],[-70.457617,18.731667],[-70.457731,18.731882]],[[-70.460724,18.731859],[-70.461224,18.731214],[-70.461406,18.730995],[-70.461687,18.73072],[-70.461913,18.730545],[-70.46212,18.730413],[-70.462687,18.730156],[-70.462952,18.730068],[-70.463122,18.730041],[-70.463236,18.730037],[-70.463426,18.730059],[-70.463958,18.730156],[-70.464205,18.73022],[-70.464376,18.730277],[-70.464928,18.730507],[-70.465252,18.730618],[-70.465632,18.730693],[-70.465688,18.730677],[-70.465802,18.730692],[-70.465979,18.730363],[-70.465942,18.730309],[-70.465955,18.730273],[-70.465915,18.730219],[-70.465921,18.730165],[-70.465899,18.730129],[-70.465894,18.730075],[-70.465852,18.729985],[-70.465772,18.729732],[-70.465733,18.72948],[-70.465733,18.729317],[-70.465752,18.729154],[-70.465776,18.729028],[-70.465842,18.72881],[-70.465892,18.728683],[-70.466015,18.728448],[-70.466157,18.728266],[-70.466267,18.728156],[-70.466349,18.728088],[-70.466443,18.728033],[-70.466576,18.728002],[-70.466727,18.728006],[-70.466975,18.72809],[-70.467527,18.728333],[-70.467755,18.728402],[-70.468078,18.728451],[-70.468211,18.728456],[-70.468438,18.728442],[-70.468647,18.728458],[-70.468742,18.728475],[-70.468932,18.72854],[-70.469313,18.72874],[-70.470019,18.729196],[-70.470229,18.729363],[-70.470504,18.729623],[-70.470629,18.729767],[-70.470712,18.729893],[-70.470801,18.730109],[-70.470831,18.730343],[-70.470821,18.730506],[-70.470771,18.730741],[-70.470705,18.730923],[-70.470549,18.73125],[-70.470419,18.731575],[-70.470353,18.731784]],[[-70.474757,18.710205],[-70.474691,18.710233],[-70.474559,18.710264],[-70.474445,18.710272],[-70.474274,18.710252],[-70.47416,18.710201],[-70.474068,18.710132],[-70.473966,18.710025],[-70.47384,18.709845],[-70.47378,18.709719],[-70.473722,18.709539],[-70.473653,18.70925],[-70.473615,18.708853],[-70.473596,18.708112],[-70.47361,18.707696],[-70.47364,18.707371],[-70.473665,18.707244],[-70.473648,18.707118],[-70.473626,18.706558],[-70.473444,18.706433],[-70.473349,18.706346],[-70.472931,18.706259],[-70.472684,18.706192],[-70.47217,18.706007],[-70.471789,18.705838],[-70.471427,18.70563],[-70.470931,18.705285],[-70.470741,18.705172],[-70.470703,18.70516],[-70.470646,18.705172],[-70.470494,18.705165],[-70.470383,18.70521],[-70.470263,18.705337],[-70.470125,18.705555],[-70.470148,18.70579],[-70.470194,18.705844],[-70.470197,18.705871],[-70.470254,18.705924],[-70.470345,18.706041],[-70.4704,18.706131],[-70.470503,18.706221],[-70.470657,18.706421],[-70.470736,18.706617],[-70.470745,18.706725],[-70.470719,18.706978],[-70.470694,18.707051],[-70.470588,18.707232],[-70.470512,18.707273],[-70.470342,18.707326],[-70.47002,18.707358],[-70.469773,18.707363],[-70.469603,18.707352],[-70.469375,18.707311],[-70.469235,18.707261],[-70.469165,18.707218],[-70.469067,18.707118],[-70.469034,18.707064],[-70.468999,18.706919],[-70.468872,18.706541],[-70.468852,18.705891],[-70.468831,18.705746],[-70.468791,18.705584],[-70.468666,18.705278],[-70.468623,18.705133],[-70.468597,18.704917],[-70.468609,18.704691]]]}},{"type":"Feature","properties":{"level":880.0,"major":false},"geometry":{"type":"MultiLineString","coordinates":[[[-70.452099,18.731926],[-70.452171,18.731736],[-70.452227,18.731464],[-70.452281,18.731048],[-70.452428,18.730451],[-70.452557,18.730016],[-70.452694,18.72969],[-70.452792,18.72931],[-70.452881,18.728875],[-70.452873,18.72864],[-70.452887,18.728622],[-70.452982,18.728621],[-70.453001,18.728603],[-70.453228,18.728601],[-70.453247,18.728583],[-70.453494,18.728581],[-70.453512,18.728563],[-70.45374,18.728561],[-70.453759,18.728543],[-70.454005,18.728541],[-70.454024,18.728523],[-70.454252,18.728521],[-70.454271,18.728503],[-70.454346,18.728502],[-70.454366,18.728593],[-70.454384,18.728611],[-70.454411,18.728683],[-70.454446,18.728737],[-70.454577,18.72888],[-70.454904,18.729058],[-70.455454,18.729434],[-70.456049,18.729917],[-70.456316,18.730186],[-70.456929,18.731067],[-70.457387,18.731623],[-70.457541,18.731875],[-70.457546,18.731884]],[[-70.460903,18.731858],[-70.461358,18.731213],[-70.4615,18.731041],[-70.461741,18.730812],[-70.461988,18.730629],[-70.462159,18.730538],[-70.46267,18.730358],[-70.462878,18.730298],[-70.463124,18.730243],[-70.463238,18.730229],[-70.463579,18.730238],[-70.463997,18.730283],[-70.464358,18.730383],[-70.465177,18.730747],[-70.465557,18.730891],[-70.465957,18.730978],[-70.466317,18.730975],[-70.466336,18.730993],[-70.466355,18.730975],[-70.466412,18.730974],[-70.466449,18.730938],[-70.466449,18.730902],[-70.466486,18.730847],[-70.466485,18.730649],[-70.466466,18.730631],[-70.466446,18.730577],[-70.466389,18.730523],[-70.466389,18.730505],[-70.466331,18.730433],[-70.466312,18.730379],[-70.466065,18.730037],[-70.465957,18.729839],[-70.465869,18.729623],[-70.465838,18.729461],[-70.465829,18.729316],[-70.465838,18.72919],[-70.465847,18.729099],[-70.465901,18.728882],[-70.465986,18.728665],[-70.466087,18.728476],[-70.466256,18.728297],[-70.466388,18.728188],[-70.466482,18.728155],[-70.466615,18.728136],[-70.466767,18.728157],[-70.466957,18.728223],[-70.467528,18.728487],[-70.467814,18.728577],[-70.468117,18.728629],[-70.468516,18.728627],[-70.468743,18.728643],[-70.46901,18.728714],[-70.469257,18.728838],[-70.469476,18.728963],[-70.47002,18.729306],[-70.470192,18.72944],[-70.470507,18.72975],[-70.470634,18.729929],[-70.470711,18.730091],[-70.470739,18.730272],[-70.470731,18.730507],[-70.470683,18.730724],[-70.470622,18.730887],[-70.470417,18.731312],[-70.470241,18.731785]],[[-70.474756,18.710085],[-70.47469,18.710106],[-70.474595,18.710125],[-70.474482,18.710126],[-70.474311,18.710091],[-70.474254,18.710069],[-70.474005,18.70989],[-70.47393,18.70979],[-70.473861,18.709646],[-70.473794,18.709466],[-70.473739,18.70925],[-70.473701,18.708907],[-70.4737,18.708057],[-70.473711,18.707894],[-70.473758,18.707551],[-70.473852,18.707116],[-70.473823,18.706412],[-70.473785,18.706358],[-70.473632,18.706224],[-70.473309,18.706145],[-70.473006,18.706108],[-70.472702,18.706052],[-70.472416,18.705964],[-70.472169,18.705865],[-70.47175,18.705624],[-70.471425,18.705399],[-70.471043,18.705097],[-70.470814,18.704935],[-70.470662,18.70487],[-70.470434,18.70482],[-70.470282,18.704819],[-70.470207,18.704832],[-70.470188,18.70485],[-70.47015,18.70485],[-70.470038,18.704923],[-70.469973,18.704978],[-70.469887,18.705087],[-70.469868,18.705087],[-70.469848,18.70507],[-70.469811,18.70507],[-70.469791,18.705052],[-70.469753,18.705052],[-70.469734,18.705034],[-70.469677,18.705035],[-70.469658,18.705017],[-70.46962,18.705017],[-70.469601,18.704999],[-70.469563,18.704999],[-70.469544,18.704982],[-70.469487,18.704982],[-70.469468,18.704964],[-70.46943,18.704964],[-70.469411,18.704946],[-70.469373,18.704947],[-70.469354,18.704929],[-70.469297,18.704929],[-70.469278,18.704911],[-70.46924,18.704912],[-70.469221,18.704894],[-70.469183,18.704894],[-70.469164,18.704876],[-70.469107,18.704877],[-70.469088,18.704859],[-70.46905,18.704859],[-70.469031,18.704841],[-70.468993,18.704841],[-70.468974,18.704823],[-70.468917,18.704824],[-70.468898,18.704806],[-70.468803,18.704789],[-70.468784,18.704771],[-70.468791,18.704689]]]}},{"type":"Feature","properties":{"level":885.0,"major":false},"geometry":{"type":"MultiLineString","coordinates":[[[-70.452221,18.731925],[-70.452297,18.731735],[-70.452358,18.731445],[-70.452423,18.731011],[-70.452651,18.730287],[-70.452728,18.730087],[-70.452882,18.729815],[-70.452926,18.72976],[-70.45294,18.729706],[-70.453114,18.729361],[-70.453174,18.729198],[-70.453232,18.729144],[-70.453242,18.729107],[-70.453274,18.729071],[-70.453274,18.729017],[-70.453305,18.72898],[-70.453311,18.728926],[-70.454065,18.72886],[-70.45416,18.7289],[-70.454179,18.728922],[-70.454255,18.728937],[-70.454446,18.729048],[-70.454655,18.729123],[-70.454827,18.729204],[-70.455075,18.729346],[-70.455322,18.729513],[-70.455532,18.729675],[-70.455899,18.72999],[-70.456202,18.730313],[-70.45665,18.730942],[-70.456901,18.731265],[-70.45709,18.731481],[-70.457247,18.731697],[-70.457352,18.731885]],[[-70.461107,18.731856],[-70.461287,18.731502],[-70.461431,18.731284],[-70.461507,18.731193],[-70.461689,18.731],[-70.461877,18.73084],[-70.462085,18.730711],[-70.462369,18.730608],[-70.462898,18.730463],[-70.463258,18.730384],[-70.46341,18.730373],[-70.46377,18.730373],[-70.463922,18.730387],[-70.46415,18.730427],[-70.464416,18.730511],[-70.464759,18.730662],[-70.46493,18.730758],[-70.465292,18.730928],[-70.465616,18.731044],[-70.465901,18.731112],[-70.466091,18.731136],[-70.466356,18.73115],[-70.46647,18.731145],[-70.466603,18.731118],[-70.46664,18.731093],[-70.466734,18.730982],[-70.466752,18.730918],[-70.466755,18.730809],[-70.466738,18.730737],[-70.466703,18.730683],[-70.4667,18.730629],[-70.466612,18.730485],[-70.466475,18.730305],[-70.466188,18.729982],[-70.466027,18.72973],[-70.465979,18.729622],[-70.465956,18.729532],[-70.465937,18.729424],[-70.465932,18.729279],[-70.465932,18.729171],[-70.465967,18.728954],[-70.466015,18.728809],[-70.466088,18.72865],[-70.466209,18.728482],[-70.466295,18.728391],[-70.466427,18.728302],[-70.466597,18.728272],[-70.466711,18.728278],[-70.466901,18.728334],[-70.467491,18.728605],[-70.467777,18.728709],[-70.467891,18.72874],[-70.468195,18.728792],[-70.468707,18.728821],[-70.468916,18.72886],[-70.469049,18.728905],[-70.469297,18.729013],[-70.469487,18.729112],[-70.46993,18.729375],[-70.470177,18.729553],[-70.470435,18.729804],[-70.470541,18.729966],[-70.470612,18.730128],[-70.470636,18.730291],[-70.470636,18.730435],[-70.470619,18.730562],[-70.470592,18.730689],[-70.470515,18.730906],[-70.470322,18.731305],[-70.470132,18.731786]],[[-70.474755,18.709974],[-70.474632,18.709995],[-70.474499,18.709999],[-70.474309,18.709951],[-70.474157,18.709853],[-70.47404,18.709735],[-70.473934,18.709573],[-70.473912,18.709519],[-70.473831,18.709249],[-70.47379,18.708888],[-70.473804,18.708183],[-70.473839,18.707839],[-70.473874,18.70764],[-70.473956,18.707296],[-70.474042,18.707079],[-70.474065,18.706988],[-70.474051,18.706645],[-70.474065,18.706536],[-70.474048,18.70641],[-70.474036,18.706356],[-70.474008,18.706302],[-70.473897,18.706164],[-70.473802,18.706082],[-70.473631,18.70603],[-70.473402,18.705981],[-70.473061,18.70596],[-70.472795,18.705926],[-70.472548,18.705868],[-70.472263,18.705765],[-70.471977,18.70561],[-70.471653,18.7054],[-70.470851,18.70479],[-70.470699,18.704703],[-70.470633,18.704675]]]}},{"type":"Feature","properties":{"level":890.0,"major":false},"geometry":{"type":"MultiLineString","coordinates":[[[-70.452358,18.731924],[-70.452393,18.731825],[-70.452474,18.731535],[-70.452549,18.731046],[-70.452715,18.730575],[-70.452863,18.730231],[-70.45305,18.729961],[-70.453275,18.729685],[-70.453448,18.729449],[-70.453595,18.729317],[-70.453689,18.729249],[-70.453764,18.729215],[-70.453859,18.729197],[-70.454106,18.729196],[-70.454334,18.729226],[-70.454581,18.729286],[-70.454714,18.729332],[-70.454904,18.729418],[-70.455247,18.729634],[-70.455438,18.729779],[-70.45575,18.730064],[-70.456086,18.730441],[-70.456401,18.730872],[-70.457028,18.731644],[-70.457176,18.731887]],[[-70.461274,18.731855],[-70.461339,18.731665],[-70.461398,18.731538],[-70.461521,18.731338],[-70.461766,18.731067],[-70.461841,18.730998],[-70.461954,18.73092],[-70.462048,18.730864],[-70.462199,18.730798],[-70.46237,18.730749],[-70.46273,18.730677],[-70.463241,18.730547],[-70.463544,18.730508],[-70.463771,18.730493],[-70.463904,18.730498],[-70.464189,18.730542],[-70.464436,18.730622],[-70.464703,18.730746],[-70.465008,18.730923],[-70.465274,18.731056],[-70.465541,18.731162],[-70.465788,18.731232],[-70.46613,18.731284],[-70.466471,18.731306],[-70.466699,18.731297],[-70.466831,18.731255],[-70.466888,18.731224],[-70.466963,18.731151],[-70.466963,18.731133],[-70.467001,18.731078],[-70.467016,18.731006],[-70.467018,18.730861],[-70.466978,18.730699],[-70.466881,18.730537],[-70.466767,18.73038],[-70.466614,18.730211],[-70.466381,18.729999],[-70.466173,18.729747],[-70.466083,18.729604],[-70.466038,18.729417],[-70.466027,18.72917],[-70.466038,18.729044],[-70.466069,18.728899],[-70.466131,18.728754],[-70.466352,18.72847],[-70.466447,18.728426],[-70.466541,18.728407],[-70.466617,18.728406],[-70.466693,18.728406],[-70.46694,18.72848],[-70.467531,18.728757],[-70.46774,18.728843],[-70.467987,18.728919],[-70.468272,18.728971],[-70.468747,18.729006],[-70.468937,18.729035],[-70.46926,18.729149],[-70.469527,18.729269],[-70.46996,18.729519],[-70.470137,18.72964],[-70.470377,18.729877],[-70.470473,18.730057],[-70.470518,18.730201],[-70.470531,18.730328],[-70.470522,18.730545],[-70.470486,18.730708],[-70.470432,18.730871],[-70.470229,18.731288],[-70.470022,18.731776],[-70.470019,18.731786]],[[-70.474754,18.709868],[-70.474726,18.709873],[-70.474517,18.709872],[-70.474441,18.709858],[-70.474308,18.70981],[-70.474232,18.709756],[-70.474098,18.709612],[-70.473999,18.709482],[-70.47392,18.70923],[-70.47389,18.709013],[-70.47388,18.708833],[-70.4739,18.708309],[-70.473971,18.707802],[-70.474025,18.707567],[-70.474097,18.707349],[-70.474209,18.707095],[-70.474259,18.70695],[-70.474299,18.706751],[-70.474294,18.706516],[-70.47424,18.706264],[-70.474064,18.70603],[-70.474009,18.705974],[-70.473933,18.705923],[-70.473819,18.705884],[-70.473572,18.705824],[-70.472946,18.705802],[-70.472566,18.705735],[-70.472395,18.705682],[-70.472186,18.705589],[-70.4719,18.70541],[-70.471232,18.704924],[-70.470919,18.704673]]]}},{"type":"Feature","properties":{"level":895.0,"major":false},"geometry":{"type":"MultiLineString","coordinates":[[[-70.452526,18.731923],[-70.452581,18.731787],[-70.452624,18.731624],[-70.452701,18.731063],[-70.452757,18.7309],[-70.452904,18.730563],[-70.453053,18.730292],[-70.4535,18.729738],[-70.453616,18.729609],[-70.453728,18.729519],[-70.453823,18.729459],[-70.45388,18.729434],[-70.453994,18.729412],[-70.454202,18.729395],[-70.45443,18.729418],[-70.454563,18.729446],[-70.454696,18.729486],[-70.454886,18.729564],[-70.455113,18.729707],[-70.455302,18.72985],[-70.455555,18.730085],[-70.455831,18.730388],[-70.456252,18.730945],[-70.456823,18.731664],[-70.456944,18.731862],[-70.456957,18.731889]],[[-70.461401,18.731854],[-70.461486,18.731627],[-70.461574,18.731464],[-70.461748,18.731236],[-70.461917,18.731083],[-70.462029,18.731009],[-70.462144,18.730952],[-70.462371,18.730879],[-70.46292,18.73077],[-70.463374,18.730663],[-70.463696,18.730617],[-70.463905,18.730606],[-70.464152,18.730637],[-70.464399,18.730716],[-70.464647,18.730836],[-70.465085,18.731087],[-70.465294,18.731189],[-70.465569,18.731288],[-70.465732,18.731327],[-70.465865,18.731352],[-70.466359,18.731411],[-70.466738,18.731415],[-70.466871,18.731393],[-70.466946,18.731362],[-70.467083,18.731258],[-70.467125,18.731204],[-70.467149,18.731131],[-70.467165,18.730987],[-70.467135,18.73077],[-70.467075,18.730608],[-70.46697,18.730428],[-70.466853,18.730266],[-70.466375,18.7298],[-70.466259,18.729656],[-70.46621,18.729577],[-70.466145,18.72935],[-70.466133,18.729133],[-70.466187,18.728916],[-70.466245,18.728771],[-70.466355,18.728626],[-70.466467,18.728578],[-70.466637,18.728554],[-70.466827,18.728587],[-70.466979,18.728634],[-70.467475,18.728864],[-70.467926,18.729047],[-70.468331,18.729147],[-70.4689,18.72923],[-70.469243,18.729329],[-70.469718,18.72953],[-70.469909,18.72963],[-70.470062,18.729727],[-70.470244,18.729896],[-70.47033,18.73003],[-70.470399,18.73022],[-70.470418,18.730365],[-70.470402,18.730582],[-70.4703,18.730936],[-70.470072,18.731416],[-70.469914,18.731787]],[[-70.474753,18.70975],[-70.474687,18.709757],[-70.474573,18.709752],[-70.474478,18.709734],[-70.474383,18.7097],[-70.474307,18.709648],[-70.474192,18.70954],[-70.474119,18.709445],[-70.474043,18.709265],[-70.473989,18.708958],[-70.47398,18.70876],[-70.474018,18.708235],[-70.474079,18.707892],[-70.474163,18.707584],[-70.474265,18.707294],[-70.474391,18.707004],[-70.474432,18.706841],[-70.474444,18.706732],[-70.474438,18.706515],[-70.474382,18.706227],[-70.474333,18.706121],[-70.474183,18.705921],[-70.474084,18.705827],[-70.474007,18.705778],[-70.473836,18.705704],[-70.473665,18.705662],[-70.473514,18.705642],[-70.473229,18.705656],[-70.472888,18.705646],[-70.472565,18.705597],[-70.472432,18.705558],[-70.472165,18.705438],[-70.471841,18.705229],[-70.471307,18.704837],[-70.471107,18.704671]]]}},{"type":"Feature","properties":{"level":900.0,"major":true},"geometry":{"type":"MultiLineString","coordinates":[[[-70.452705,18.731922],[-70.452719,18.731894],[-70.452786,18.731659],[-70.452827,18.731207],[-70.452851,18.73108],[-70.452888,18.730971],[-70.453075,18.730609],[-70.453206,18.730409],[-70.453656,18.729881],[-70.453807,18.729755],[-70.453939,18.729674],[-70.454053,18.729626],[-70.454204,18.729588],[-70.454375,18.729582],[-70.454545,18.729604],[-70.454833,18.729691],[-70.455174,18.729922],[-70.455365,18.730103],[-70.455633,18.730404],[-70.455934,18.730821],[-70.456224,18.731162],[-70.456477,18.731485],[-70.456669,18.731755],[-70.456736,18.73189]],[[-70.461529,18.731853],[-70.461583,18.731699],[-70.461675,18.731517],[-70.461835,18.731299],[-70.461956,18.731194],[-70.462107,18.731098],[-70.462296,18.73103],[-70.462448,18.730991],[-70.462997,18.730892],[-70.463659,18.730743],[-70.463906,18.730715],[-70.464096,18.730726],[-70.464358,18.73081],[-70.464648,18.730955],[-70.464953,18.73114],[-70.4652,18.731273],[-70.46541,18.731354],[-70.465619,18.731414],[-70.466397,18.73152],[-70.46653,18.731532],[-70.466853,18.731532],[-70.466966,18.731512],[-70.467023,18.731486],[-70.467216,18.731348],[-70.467287,18.731257],[-70.467305,18.731184],[-70.467306,18.730985],[-70.467259,18.730715],[-70.467164,18.730499],[-70.467082,18.730355],[-70.466956,18.730175],[-70.4664,18.729644],[-70.466329,18.729529],[-70.466288,18.729421],[-70.466284,18.729349],[-70.466265,18.729331],[-70.466244,18.729132],[-70.466263,18.729114],[-70.466302,18.728951],[-70.466337,18.728879],[-70.466468,18.728751],[-70.466487,18.728751],[-70.466544,18.728718],[-70.466639,18.728711],[-70.466753,18.728713],[-70.467019,18.728783],[-70.467857,18.729172],[-70.468123,18.729259],[-70.468446,18.729346],[-70.469168,18.72949],[-70.469697,18.729666],[-70.469945,18.72979],[-70.470044,18.729858],[-70.470142,18.729951],[-70.470236,18.730107],[-70.470293,18.730293],[-70.470303,18.730438],[-70.470291,18.730583],[-70.470207,18.730908],[-70.469801,18.731788]],[[-70.474752,18.709638],[-70.474629,18.709637],[-70.474534,18.709621],[-70.474343,18.709516],[-70.474281,18.709462],[-70.474219,18.709372],[-70.474133,18.709156],[-70.474089,18.708903],[-70.47408,18.708741],[-70.474089,18.708578],[-70.474144,18.708162],[-70.474237,18.707782],[-70.4744,18.707318],[-70.474512,18.707079],[-70.474549,18.706948],[-70.474581,18.706767],[-70.474582,18.706532],[-70.474543,18.706262],[-70.474485,18.706094],[-70.474426,18.705973],[-70.474314,18.70583],[-70.474178,18.7057],[-70.474025,18.705602],[-70.473873,18.70553],[-70.473721,18.705492],[-70.473531,18.705471],[-70.473171,18.705498],[-70.472849,18.705497],[-70.472583,18.705463],[-70.472355,18.70539],[-70.472202,18.705322],[-70.471897,18.705129],[-70.471281,18.70467]]]}},{"type":"Feature","properties":{"level":905.0,"major":false},"geometry":{"type":"MultiLineString","coordinates":[[[-70.452958,18.73192],[-70.452978,18.731874],[-70.45301,18.731766],[-70.453026,18.731639],[-70.453023,18.731386],[-70.453043,18.731169],[-70.453079,18.731042],[-70.4532,18.730788],[-70.453365,18.730516],[-70.453659,18.730152],[-70.453866,18.729939],[-70.454035,18.729827],[-70.454128,18.729787],[-70.454281,18.72975],[-70.454509,18.729758],[-70.454623,18.729778],[-70.454794,18.729839],[-70.454985,18.729963],[-70.455092,18.730051],[-70.455286,18.730248],[-70.455565,18.730589],[-70.45579,18.730926],[-70.456175,18.731434],[-70.456461,18.73184],[-70.456494,18.731892]],[[-70.461654,18.731852],[-70.461665,18.731807],[-70.461773,18.731589],[-70.461901,18.73141],[-70.461958,18.731353],[-70.462071,18.731266],[-70.462222,18.731193],[-70.462316,18.731158],[-70.462562,18.731098],[-70.463017,18.73102],[-70.463699,18.730874],[-70.46385,18.730854],[-70.464059,18.730854],[-70.464306,18.73092],[-70.464458,18.730985],[-70.464897,18.731232],[-70.465278,18.731422],[-70.465601,18.731515],[-70.465886,18.731559],[-70.466094,18.731572],[-70.466512,18.731625],[-70.466873,18.731644],[-70.467024,18.731631],[-70.467194,18.731556],[-70.46727,18.731494],[-70.467326,18.731439],[-70.467375,18.731364],[-70.467408,18.731274],[-70.467421,18.731165],[-70.46742,18.730985],[-70.467406,18.730876],[-70.467353,18.730642],[-70.467314,18.730534],[-70.467202,18.730291],[-70.467068,18.730076],[-70.466915,18.729908],[-70.466647,18.729653],[-70.46653,18.72951],[-70.466475,18.729366],[-70.466456,18.729275],[-70.466465,18.729185],[-70.466509,18.729079],[-70.466641,18.728974],[-70.46683,18.728952],[-70.466925,18.728959],[-70.467039,18.728985],[-70.467249,18.729061],[-70.467915,18.729358],[-70.468428,18.729499],[-70.469322,18.729697],[-70.469607,18.729791],[-70.469765,18.729864],[-70.469931,18.72996],[-70.470026,18.730055],[-70.470116,18.730222],[-70.470164,18.730421],[-70.470157,18.730602],[-70.470135,18.730728],[-70.470055,18.731],[-70.469839,18.731454],[-70.469693,18.731789]],[[-70.474751,18.709519],[-70.474723,18.709518],[-70.474559,18.709478],[-70.474437,18.709412],[-70.474388,18.709371],[-70.474338,18.709299],[-70.474234,18.709047],[-70.474203,18.708884],[-70.474198,18.708613],[-70.474262,18.708161],[-70.474332,18.70789],[-70.474512,18.707364],[-70.474614,18.707128],[-70.474688,18.706875],[-70.474705,18.706748],[-70.474705,18.706531],[-70.474664,18.706261],[-70.474581,18.706008],[-70.474502,18.705864],[-70.474413,18.705738],[-70.474253,18.705578],[-70.474119,18.705476],[-70.473967,18.705393],[-70.473852,18.705347],[-70.473586,18.7053],[-70.47334,18.705314],[-70.473132,18.705341],[-70.472809,18.705341],[-70.472562,18.705314],[-70.472315,18.705238],[-70.472144,18.705154],[-70.471877,18.704987],[-70.471458,18.704677],[-70.471447,18.704668]]]}},{"type":"Feature","properties":{"level":910.0,"major":false},"geometry":{"type":"MultiLineString","coordinates":[[[-70.453219,18.731918],[-70.453251,18.731818],[-70.453262,18.731673],[-70.453243,18.731366],[-70.453251,18.731185],[-70.453287,18.731059],[-70.45338,18.730859],[-70.453532,18.730623],[-70.453777,18.730296],[-70.45401,18.730059],[-70.45415,18.729971],[-70.454245,18.729933],[-70.454321,18.729918],[-70.454605,18.729928],[-70.4547,18.729963],[-70.454834,18.730035],[-70.454929,18.730104],[-70.455063,18.730232],[-70.455312,18.730527],[-70.455484,18.730771],[-70.455738,18.731184],[-70.455965,18.731495],[-70.456164,18.731813],[-70.456224,18.731894]],[[-70.461779,18.731851],[-70.461798,18.731788],[-70.461876,18.731642],[-70.461987,18.731497],[-70.462066,18.731424],[-70.462147,18.73137],[-70.462355,18.73128],[-70.462582,18.731222],[-70.463151,18.731126],[-70.463775,18.730995],[-70.464098,18.730992],[-70.464288,18.731045],[-70.464421,18.731096],[-70.465088,18.731455],[-70.465279,18.731543],[-70.465545,18.731613],[-70.465868,18.731656],[-70.466095,18.731667],[-70.466741,18.731746],[-70.466968,18.731755],[-70.467082,18.731746],[-70.467177,18.731723],[-70.46729,18.731674],[-70.467328,18.731644],[-70.467403,18.731568],[-70.467459,18.73149],[-70.467499,18.7314],[-70.467524,18.731291],[-70.467535,18.731002],[-70.467507,18.730803],[-70.467399,18.730406],[-70.467276,18.730118],[-70.467161,18.729938],[-70.467368,18.72972],[-70.467368,18.729702],[-70.467481,18.729593],[-70.467481,18.729575],[-70.467594,18.729465],[-70.467593,18.729447],[-70.467631,18.729411],[-70.46765,18.729406],[-70.467879,18.729513],[-70.468202,18.729605],[-70.469,18.729794],[-70.469304,18.72985],[-70.469418,18.729885],[-70.469646,18.729973],[-70.46978,18.730045],[-70.469875,18.730116],[-70.469923,18.730188],[-70.469991,18.730327],[-70.470028,18.730458],[-70.470028,18.730621],[-70.469995,18.73082],[-70.46994,18.731001],[-70.469624,18.73169],[-70.469583,18.73179]],[[-70.47475,18.70939],[-70.474703,18.709381],[-70.47455,18.709321],[-70.474482,18.709262],[-70.474397,18.709118],[-70.474358,18.709028],[-70.474319,18.708884],[-70.474309,18.708613],[-70.474335,18.708396],[-70.474401,18.70807],[-70.474506,18.707744],[-70.474731,18.707131]],[[-70.474721,18.706057],[-70.474688,18.705953],[-70.474574,18.705737],[-70.474464,18.705593],[-70.474202,18.705343],[-70.473984,18.705221],[-70.473832,18.705165],[-70.473623,18.70513],[-70.473528,18.705131],[-70.473282,18.705151],[-70.473092,18.705183],[-70.472827,18.705194],[-70.472561,18.705174],[-70.472352,18.705121],[-70.472181,18.705048],[-70.471895,18.704876],[-70.471613,18.704667]]]}},{"type":"Feature","properties":{"level":915.0,"major":false},"geometry":{"type":"MultiLineString","coordinates":[[[-70.453673,18.731914],[-70.453654,18.731869],[-70.453668,18.731815],[-70.453616,18.731689],[-70.45362,18.731634],[-70.453583,18.731526],[-70.453545,18.73131],[-70.453545,18.731201],[-70.453565,18.731093],[-70.453657,18.730875],[-70.453845,18.730584],[-70.454055,18.73033],[-70.454134,18.730255],[-70.454228,18.730197],[-70.454304,18.730167],[-70.454379,18.730154],[-70.454588,18.730165],[-70.454779,18.730253],[-70.454937,18.730377],[-70.455046,18.730495],[-70.455175,18.730664],[-70.455439,18.731096],[-70.455527,18.731262],[-70.455854,18.731785],[-70.45595,18.731896]],[[-70.461906,18.73185],[-70.461914,18.731823],[-70.46198,18.731697],[-70.462111,18.731557],[-70.462205,18.731486],[-70.462394,18.731394],[-70.462735,18.731307],[-70.463322,18.731226],[-70.463777,18.73115],[-70.464061,18.731142],[-70.46427,18.731183],[-70.464422,18.731234],[-70.464556,18.731292],[-70.465139,18.731599],[-70.465242,18.731644],[-70.465432,18.731697],[-70.465641,18.731733],[-70.466229,18.73177],[-70.466587,18.731813]],[[-70.467319,18.731808],[-70.467367,18.731791],[-70.46748,18.731712],[-70.467578,18.731562],[-70.467619,18.731435],[-70.467649,18.731182],[-70.46763,18.730838],[-70.467577,18.730495],[-70.467519,18.730243],[-70.467523,18.730189],[-70.467507,18.730153],[-70.467504,18.730062],[-70.467469,18.730008],[-70.467729,18.729718],[-70.467747,18.729713],[-70.467843,18.729758],[-70.467899,18.72974],[-70.467937,18.729752],[-70.467975,18.729745],[-70.468317,18.729789],[-70.469287,18.730036],[-70.469534,18.730125],[-70.469648,18.730181],[-70.469731,18.730244],[-70.469802,18.730351],[-70.469846,18.730478],[-70.469872,18.730604],[-70.469859,18.730821],[-70.469831,18.730948],[-70.469699,18.731292],[-70.469524,18.731655],[-70.469466,18.731791]],[[-70.474749,18.70924],[-70.474644,18.709189],[-70.474606,18.709157],[-70.474522,18.709027],[-70.474452,18.708846],[-70.474435,18.708684],[-70.474445,18.708467],[-70.474496,18.708159],[-70.474573,18.707888],[-70.474733,18.707439]],[[-70.474719,18.705767],[-70.474672,18.705682],[-70.474498,18.705449],[-70.474307,18.705256],[-70.47423,18.705201],[-70.474002,18.70508],[-70.47385,18.705028],[-70.473584,18.704995],[-70.473299,18.705015],[-70.47294,18.705063],[-70.472807,18.705063],[-70.472522,18.705038],[-70.472427,18.705017],[-70.472237,18.704948],[-70.47197,18.704804],[-70.471773,18.704666]]]}},{"type":"Feature","properties":{"level":920.0,"major":false},"geometry":{"type":"MultiLineString","coordinates":[[[-70.45441,18.731908],[-70.454489,18.731863],[-70.454527,18.731862],[-70.454621,18.731807],[-70.454659,18.731807],[-70.454754,18.731752],[-70.454791,18.731752],[-70.454924,18.731678],[-70.454962,18.731678],[-70.455056,18.731623],[-70.455094,18.731623],[-70.455188,18.731568],[-70.455226,18.731568],[-70.455321,18.731513],[-70.455358,18.731512],[-70.455377,18.731494],[-70.455396,18.731494],[-70.455454,18.731584],[-70.45554,18.731764],[-70.455631,18.731899]],[[-70.462035,18.731849],[-70.462066,18.731785],[-70.462188,18.731664],[-70.46232,18.73156],[-70.462433,18.731505],[-70.462603,18.731451],[-70.462887,18.731396],[-70.463456,18.731343],[-70.463816,18.731297],[-70.464138,18.7313],[-70.464328,18.731335],[-70.464481,18.731389],[-70.464671,18.731475],[-70.465109,18.731707],[-70.465243,18.731761],[-70.465395,18.7318],[-70.465551,18.731821]],[[-70.4676,18.731805],[-70.467688,18.731651],[-70.467744,18.73147],[-70.467763,18.731271],[-70.467762,18.731108],[-70.467708,18.730422],[-70.467718,18.730187],[-70.46777,18.730078],[-70.467845,18.730008],[-70.467977,18.729954],[-70.46811,18.729933],[-70.468243,18.729935],[-70.46849,18.729986],[-70.469212,18.730203],[-70.469517,18.730319],[-70.469589,18.730371],[-70.469651,18.730461],[-70.469709,18.730623],[-70.469724,18.730732],[-70.469724,18.730822],[-70.469693,18.731003],[-70.469616,18.73122],[-70.469344,18.731783],[-70.469339,18.731792]],[[-70.474747,18.709062],[-70.474746,18.709061],[-70.4747,18.709017],[-70.474643,18.708935],[-70.474584,18.708797],[-70.474563,18.708683],[-70.474563,18.708448],[-70.47462,18.70814],[-70.47469,18.707887],[-70.474736,18.707756]],[[-70.474717,18.705549],[-70.474611,18.705392],[-70.474526,18.705286],[-70.474382,18.705149],[-70.474191,18.705018],[-70.474039,18.704949],[-70.473867,18.704893],[-70.47364,18.704861],[-70.473564,18.704861],[-70.473298,18.70488],[-70.473033,18.704922],[-70.472787,18.704933],[-70.472483,18.704904],[-70.472255,18.704835],[-70.472065,18.704745],[-70.471938,18.704665]]]}},{"type":"Feature","properties":{"level":925.0,"major":false},"geometry":{"type":"MultiLineString","coordinates":[[[-70.462193,18.731848],[-70.462275,18.731748],[-70.462378,18.731673],[-70.462474,18.73162],[-70.462661,18.73155],[-70.46285,18.731509],[-70.463154,18.731469],[-70.463817,18.73141],[-70.464045,18.731411],[-70.464268,18.731443],[-70.464387,18.731477],[-70.464615,18.731575],[-70.465053,18.731809],[-70.465092,18.731825]],[[-70.467807,18.731804],[-70.467847,18.731704],[-70.467886,18.731523],[-70.46789,18.73127],[-70.467876,18.730836],[-70.46789,18.730529],[-70.467914,18.730312],[-70.467968,18.730221],[-70.468017,18.730193],[-70.468244,18.730144],[-70.46832,18.730152],[-70.468358,18.730145],[-70.468624,18.730194],[-70.468814,18.730249],[-70.469119,18.730358],[-70.469423,18.73051],[-70.46946,18.730553],[-70.469508,18.730661],[-70.469534,18.730769],[-70.469546,18.730896],[-70.469527,18.731022],[-70.469481,18.731167],[-70.469314,18.731548],[-70.469191,18.731793]],[[-70.474745,18.708749],[-70.474721,18.7087],[-70.474691,18.708519],[-70.474697,18.708393],[-70.474732,18.708157],[-70.474739,18.708132]],[[-70.474715,18.705357],[-70.474609,18.705213],[-70.474399,18.705007],[-70.474266,18.704917],[-70.474132,18.704849],[-70.474009,18.704802],[-70.473847,18.704762],[-70.473657,18.704739],[-70.473563,18.704739],[-70.473354,18.704754],[-70.473013,18.704806],[-70.472786,18.704816],[-70.47252,18.704792],[-70.472368,18.704757],[-70.472197,18.704696],[-70.472139,18.704663]]]}},{"type":"Feature","properties":{"level":930.0,"major":false},"geometry":{"type":"MultiLineString","coordinates":[[[-70.462361,18.731846],[-70.462379,18.731819],[-70.462624,18.731684],[-70.46287,18.731617],[-70.463268,18.73156],[-70.463534,18.731549],[-70.463799,18.731523],[-70.464027,18.731524],[-70.46414,18.731536],[-70.46435,18.731587],[-70.464631,18.731711],[-70.464838,18.731827]],[[-70.468284,18.730362],[-70.46836,18.730345],[-70.468512,18.730344],[-70.468702,18.730383],[-70.468892,18.730451],[-70.469216,18.730627],[-70.469311,18.730717],[-70.46935,18.730825],[-70.46937,18.730897],[-70.469371,18.731023],[-70.469297,18.731277],[-70.469186,18.731513],[-70.469031,18.731794]],[[-70.468007,18.731802],[-70.468003,18.731793],[-70.468028,18.731594],[-70.468027,18.731377],[-70.46801,18.731197],[-70.46801,18.73089],[-70.468034,18.730691],[-70.468077,18.730528],[-70.468115,18.730491],[-70.468134,18.730491],[-70.468265,18.730364],[-70.468284,18.730362]],[[-70.474714,18.705172],[-70.474676,18.705122],[-70.474474,18.704912],[-70.474371,18.704835],[-70.474207,18.704743],[-70.474074,18.704689],[-70.47396,18.704658],[-70.473901,18.704649]],[[-70.473224,18.704654],[-70.472917,18.704698],[-70.472766,18.704699],[-70.472481,18.704671],[-70.472446,18.704661]]]}},{"type":"Feature","properties":{"level":935.0,"major":false},"geometry":{"type":"MultiLineString","coordinates":[[[-70.462575,18.731845],[-70.462682,18.731787],[-70.462871,18.731727],[-70.463231,18.731671],[-70.4638,18.73164],[-70.464066,18.731649],[-70.46418,18.731667],[-70.46437,18.73172],[-70.464548,18.731802],[-70.464595,18.731829]],[[-70.4684,18.730614],[-70.46859,18.730604],[-70.468685,18.730618],[-70.468856,18.73068],[-70.468932,18.730721],[-70.469024,18.730791],[-70.469069,18.730845],[-70.469098,18.730917],[-70.469109,18.731044],[-70.469087,18.73117],[-70.469051,18.731286],[-70.468918,18.731569],[-70.468829,18.731714],[-70.468757,18.731796]],[[-70.468736,18.731796],[-70.468312,18.731646],[-70.468299,18.731628],[-70.468303,18.731574],[-70.468275,18.731556],[-70.468269,18.73152],[-70.468232,18.731466],[-70.4682,18.731268],[-70.46819,18.730924],[-70.468231,18.730761],[-70.468259,18.730743],[-70.468273,18.730707],[-70.468362,18.730627],[-70.4684,18.730614]],[[-70.474712,18.704993],[-70.474685,18.704959],[-70.474454,18.704749],[-70.474359,18.704688],[-70.474275,18.704646]]]}},{"type":"Feature","properties":{"level":940.0,"major":false},"geometry":{"type":"MultiLineString","coordinates":[[[-70.462879,18.731842],[-70.462891,18.731838],[-70.462967,18.731817],[-70.463251,18.731776],[-70.463649,18.731757],[-70.463953,18.731758],[-70.464181,18.731789],[-70.464333,18.73183],[-70.464334,18.731831]]]}}]}