{
"type": "FeatureCollection",
"name": "contours_5m_Parcela_2",
"crs": { "type": "name", "properties": { "name": "urn:ogc:def:crs:OGC:1.3:CRS84" } },
"features": [
{ "type": "Feature", "properties": { "level": 715.0, "major": false }, "geometry": { "type": "MultiLineString", "coordinates": [ [ [ -70.459084716718465, 18.720103643416103 ], [ -70.459068297386821, 18.720115743667925 ], [ -70.459064394671501, 18.720117977875351 ], [ -70.459036837931919, 18.720133288069199 ], [ -70.459007901362526, 18.720148536619206 ], [ -70.459005369889027, 18.720149832232611 ], [ -70.458973893962636, 18.720165458217874 ], [ -70.458942368267458, 18.720175283603716 ], [ -70.458929138175733, 18.72017926879662 ], [ -70.458910837720282, 18.720184543863539 ], [ -70.45887930368967, 18.720193398498811 ], [ -70.458847724108935, 18.720196943660632 ], [ -70.458816143820215, 18.720200406483819 ], [ -70.458784562849672, 18.720203790012601 ], [ -70.458752943122107, 18.720202655432832 ], [ -70.458721323625312, 18.720201547750243 ], [ -70.458689704330368, 18.720200463592363 ], [ -70.458658055376276, 18.720195921536821 ], [ -70.458626406983598, 18.720191444781094 ], [ -70.458594759096172, 18.720187026779861 ], [ -70.458576769873176, 18.720182012873252 ], [ -70.458563073363052, 18.720178195993238 ], [ -70.458531387437375, 18.720169342408731 ], [ -70.458499701266817, 18.720160459921829 ], [ -70.458482772289244, 18.720152626047529 ], [ -70.458467964571824, 18.720145685776263 ], [ -70.458436224543561, 18.720130522338728 ], [ -70.458420758098143, 18.720122990161244 ], [ -70.458404481079441, 18.720114957620812 ], [ -70.458373543885358, 18.720093239028856 ], [ -70.458372679308582, 18.720092593032234 ], [ -70.458340859490391, 18.720068122917311 ], [ -70.458334945356057, 18.720063420808419 ], [ -70.458309027329051, 18.720042212326224 ], [ -70.458300198507885, 18.720033572593611 ], [ -70.458277145079904, 18.720010459399258 ], [ -70.458270818246049, 18.720003972806357 ] ] ] } },
{ "type": "Feature", "properties": { "level": 720.0, "major": false }, "geometry": { "type": "MultiLineString", "coordinates": [ [ [ -70.459393305179987, 18.720338763753862 ], [ -70.459386369866252, 18.720345625855668 ], [ -70.459375707018495, 18.720356502452706 ], [ -70.459355011477044, 18.720374948037872 ], [ -70.459338108429179, 18.720386914088657 ], [ -70.459323593928787, 18.720397377485998 ], [ -70.459296545993112, 18.720417356598212 ], [ -70.459292183513455, 18.720420639158075 ], [ -70.459260780640207, 18.720444780782486 ], [ -70.459255754617914, 18.72044779309255 ], [ -70.459229315049186, 18.720461614312494 ], [ -70.459197988872759, 18.720478361810002 ], [ -70.459197849361288, 18.720478437307214 ], [ -70.45916638720837, 18.720495673039469 ], [ -70.459134886158523, 18.7205083762023 ], [ -70.459133384524847, 18.720508983781382 ], [ -70.459103385800262, 18.720521160548927 ], [ -70.459071886140336, 18.72053402687569 ], [ -70.459050440394549, 18.720539748585637 ], [ -70.459040345206589, 18.720542083129125 ], [ -70.459008797566028, 18.720549358040682 ], [ -70.458977249703935, 18.720556607482212 ], [ -70.458945671597675, 18.720560331950015 ], [ -70.4589140932449, 18.720564027882954 ], [ -70.458882514694906, 18.720567701028667 ], [ -70.458850906084479, 18.720567870235797 ], [ -70.458819297511269, 18.720568043829431 ], [ -70.458787688910306, 18.720568214238085 ], [ -70.458756050807153, 18.720564945407869 ], [ -70.458724413058476, 18.720561717799754 ], [ -70.458692775656189, 18.720558530476598 ], [ -70.458661111407807, 18.720552213202087 ], [ -70.458629448353008, 18.720546034849658 ], [ -70.458614404716442, 18.720543144464802 ], [ -70.458597782758247, 18.72053956013221 ], [ -70.458566085399553, 18.720529381728642 ], [ -70.45853439030391, 18.72051946677848 ], [ -70.458515863843274, 18.72051379304731 ], [ -70.458502697447528, 18.720509812528618 ], [ -70.458470975214155, 18.720496732518438 ], [ -70.458439986839636, 18.720484265117179 ], [ -70.458439255747649, 18.720483974597062 ], [ -70.458407538985256, 18.720471531468647 ], [ -70.458375790760527, 18.720455419058442 ], [ -70.458374275885802, 18.720454658006091 ], [ -70.458344031068606, 18.720437968769598 ], [ -70.458320092339122, 18.720424961126504 ], [ -70.45831227336771, 18.720420749926042 ], [ -70.458280477350769, 18.720399062075288 ], [ -70.458274757885761, 18.720395195339609 ], [ -70.45824868414671, 18.720377701333202 ], [ -70.458230189289694, 18.720365423578649 ], [ -70.458216885243104, 18.72035567498197 ], [ -70.458194316062304, 18.720335584116317 ], [ -70.458185032821959, 18.720327406225071 ], [ -70.458160149033716, 18.720305731364522 ], [ -70.45815318547713, 18.720299728270387 ], [ -70.458125213668126, 18.720275884586577 ], [ -70.45812134013805, 18.720272283037115 ], [ -70.458096975252801, 18.720245985672044 ], [ -70.458089436003732, 18.720237979150109 ], [ -70.458068526344405, 18.720216088391016 ], [ -70.45805754125162, 18.720204768042827 ], [ -70.458039260081136, 18.720186197467029 ], [ -70.458025639834815, 18.720170778104514 ], [ -70.458014854188775, 18.720156268706766 ], [ -70.457993664963382, 18.720128218820239 ], [ -70.457992218895029, 18.720126326161363 ], [ -70.45798144743469, 18.720112397512544 ] ] ] } },
{ "type": "Feature", "properties": { "level": 725.0, "major": true }, "geometry": { "type": "MultiLineString", "coordinates": [ [ [ -70.459547622984417, 18.720545569971801 ], [ -70.45954615044208, 18.720547255984012 ], [ -70.459527230844216, 18.72056615285339 ], [ -70.459514807294696, 18.720578354703484 ], [ -70.459496010960407, 18.72059651481986 ], [ -70.459483455494961, 18.720608446586393 ], [ -70.459463723815034, 18.720626885097236 ], [ -70.459452095271061, 18.720637558164746 ], [ -70.459426628367538, 18.720657292832581 ], [ -70.459420693460572, 18.72066182517165 ], [ -70.459389285753659, 18.720685406147552 ], [ -70.459386146255383, 18.720687726947119 ], [ -70.459357872426978, 18.720708333289277 ], [ -70.459341205748316, 18.72071819578845 ], [ -70.45932641963374, 18.720726662366047 ], [ -70.459294960365312, 18.720744237686336 ], [ -70.459286732359118, 18.720748738886755 ], [ -70.459263496204301, 18.720761243626722 ], [ -70.459231994775223, 18.720773907187198 ], [ -70.459218021313362, 18.720779392885319 ], [ -70.459200489850801, 18.720786163975969 ], [ -70.459168981601223, 18.720798033807139 ], [ -70.459137442623401, 18.720806322952086 ], [ -70.459122226954207, 18.720810257833417 ], [ -70.459105901538706, 18.720814366942747 ], [ -70.459074358623269, 18.720822197946774 ], [ -70.459042790651452, 18.720827108937304 ], [ -70.459011222227915, 18.720831967531545 ], [ -70.458979653383196, 18.720836777284173 ], [ -70.458948061633251, 18.720838917446446 ], [ -70.458916469779183, 18.720841045606402 ], [ -70.458900753471994, 18.720842101634521 ], [ -70.458884877852284, 18.720843165410908 ], [ -70.458853264157426, 18.720842747906257 ], [ -70.458840016528612, 18.72084257467727 ], [ -70.458821650501449, 18.720842334956409 ], [ -70.458790036858176, 18.720841923509973 ], [ -70.458758399213707, 18.720838714140118 ], [ -70.458726761551844, 18.720835502645727 ], [ -70.458695123840982, 18.720832285340041 ], [ -70.458663460121628, 18.720826035783993 ], [ -70.458631796124038, 18.720819753560203 ], [ -70.458604396411758, 18.720814290872372 ], [ -70.458600131818926, 18.720813435248171 ], [ -70.45856844501094, 18.720804493074485 ], [ -70.458536757854745, 18.720795509951248 ], [ -70.458505070374855, 18.720786488730486 ], [ -70.45850078076478, 18.720784978974041 ], [ -70.458473364256704, 18.720775293960525 ], [ -70.458441657409821, 18.720764013769358 ], [ -70.458417900978205, 18.720755505569109 ], [ -70.458409949824613, 18.720752647029492 ], [ -70.458378220040117, 18.720738691250258 ], [ -70.458349612872681, 18.720725918521754 ], [ -70.458346488204057, 18.720724495663362 ], [ -70.458314753309622, 18.720709942848664 ], [ -70.458289891461774, 18.720696264754441 ], [ -70.458282993078285, 18.720692434783043 ], [ -70.45825123005946, 18.720674600909611 ], [ -70.458237093244193, 18.720666557070203 ], [ -70.458219464180402, 18.720656432727949 ], [ -70.458189763873705, 18.72063680679673 ], [ -70.45818767372549, 18.720635397681729 ], [ -70.458155877828631, 18.720613727070635 ], [ -70.458146176715189, 18.720607027379234 ], [ -70.458124078089725, 18.720591607440593 ], [ -70.458105810213794, 18.720577222880333 ], [ -70.458092251848882, 18.720566395929101 ], [ -70.45806884466046, 18.720547391898837 ], [ -70.458060417335872, 18.720540218514842 ], [ -70.458034172524634, 18.720517543057667 ], [ -70.458028570793005, 18.720512636850557 ], [ -70.458002794828104, 18.720487668566594 ], [ -70.457996695166898, 18.720481661753112 ], [ -70.457972822384363, 18.720457783131788 ], [ -70.457964808119755, 18.720449353124838 ], [ -70.457944671614356, 18.720427883512837 ], [ -70.457932904767503, 18.720415141172953 ], [ -70.457918515619312, 18.720397968363358 ], [ -70.457900963833595, 18.720376543915204 ], [ -70.457894116379819, 18.720368039536744 ], [ -70.45787101525994, 18.720338100603264 ], [ -70.457869001439832, 18.720335441640447 ], [ -70.457848680626185, 18.72030815570098 ], [ -70.457837019991004, 18.720292114692565 ], [ -70.457827889509474, 18.720278198782871 ], [ -70.45780899698147, 18.720248227086156 ], [ -70.457804977983074, 18.720241721225285 ], [ -70.457801030003836, 18.720235224497902 ] ] ] } },
{ "type": "Feature", "properties": { "level": 730.0, "major": false }, "geometry": { "type": "MultiLineString", "coordinates": [ [ [ -70.459667337786485, 18.720757250463489 ], [ -70.459651911684773, 18.720776012281295 ], [ -70.459643036701607, 18.720786804907089 ], [ -70.459624159075631, 18.720806347250541 ], [ -70.459611696901149, 18.720818296140028 ], [ -70.459592538128717, 18.72083671235924 ], [ -70.459580345710933, 18.720848461699326 ], [ -70.459561075484856, 18.720867076229677 ], [ -70.45954899575942, 18.720878772873309 ], [ -70.459525616385321, 18.720897471235457 ], [ -70.459517597179754, 18.720903419470673 ], [ -70.459486186498964, 18.720926657157598 ], [ -70.459484488730467, 18.720927910402935 ], [ -70.459454774982675, 18.720949798507082 ], [ -70.4594398511897, 18.720958376909369 ], [ -70.459423319432219, 18.72096780994703 ], [ -70.459391861663306, 18.720985563683676 ], [ -70.45938586915689, 18.720988916210992 ], [ -70.459360391984873, 18.721001930441734 ], [ -70.459328883504128, 18.721013776356244 ], [ -70.459313287625747, 18.721019600404269 ], [ -70.459297374105418, 18.72102551584226 ], [ -70.459265863786158, 18.721037148596984 ], [ -70.459234326629542, 18.721045654371036 ], [ -70.459216376535537, 18.721050474107226 ], [ -70.459202789061521, 18.721054112608702 ], [ -70.4591712511168, 18.721062527346341 ], [ -70.459139692274547, 18.721068507016948 ], [ -70.459108133205575, 18.721074460564541 ], [ -70.459076573860273, 18.721080382203681 ], [ -70.45906435056807, 18.721081777087822 ], [ -70.459044993446938, 18.721083848640031 ], [ -70.459013412218312, 18.721087220246019 ], [ -70.45898183089534, 18.721090581038776 ], [ -70.458950232317918, 18.721091930870646 ], [ -70.458918633708038, 18.721093277017292 ], [ -70.458887035072394, 18.721094620261006 ], [ -70.458855420530398, 18.721094109465774 ], [ -70.458823805978398, 18.721093597523993 ], [ -70.458792191416379, 18.721093084433075 ], [ -70.458760558460256, 18.72109042709549 ], [ -70.458728925381948, 18.721087755441399 ], [ -70.458697292214012, 18.721085073263353 ], [ -70.458694623982751, 18.721084656710655 ], [ -70.458665637250377, 18.721079850040965 ], [ -70.458633981737819, 18.721074562635895 ], [ -70.458602325894788, 18.721069236513703 ], [ -70.458570649511998, 18.721061515494 ], [ -70.458546988281, 18.721055687651592 ], [ -70.458538972335532, 18.721053701638713 ], [ -70.458507294363983, 18.721045794781272 ], [ -70.458475599647855, 18.721035935256996 ], [ -70.458445247367891, 18.721026361133447 ], [ -70.458443903722269, 18.721025934317051 ], [ -70.458412206597401, 18.721015793140271 ], [ -70.458380496677194, 18.721004159564998 ], [ -70.458360995547835, 18.720996898393427 ], [ -70.458348784462459, 18.720992257960724 ], [ -70.458317069768682, 18.720980066792322 ], [ -70.458288397638256, 18.720967344884542 ], [ -70.458285338741604, 18.720965970460568 ], [ -70.458253604594788, 18.720951509740125 ], [ -70.458224096256544, 18.72093772675786 ], [ -70.458221867221013, 18.720936672100063 ], [ -70.458190106568651, 18.720919119088663 ], [ -70.45817051191689, 18.720908025179313 ], [ -70.458158341395631, 18.720901038123202 ], [ -70.458126571674114, 18.72088242592422 ], [ -70.458120433963643, 18.72087829628914 ], [ -70.458094776243883, 18.72086081457558 ], [ -70.458077036258913, 18.720848515384475 ], [ -70.458062976003689, 18.720838641309189 ], [ -70.458035089763186, 18.720818723172663 ], [ -70.458031171088365, 18.720815921812626 ], [ -70.457999343970286, 18.720790611689733 ], [ -70.457997218029305, 18.720788899233781 ], [ -70.457967511515164, 18.720764677965118 ], [ -70.457960721326373, 18.720759064583792 ], [ -70.457935673583876, 18.720738104360251 ], [ -70.45792616146079, 18.720729214850845 ], [ -70.457903806106486, 18.720708083206038 ], [ -70.457894646028365, 18.720699341415518 ], [ -70.457871933452907, 18.72067745694763 ], [ -70.457863714561071, 18.720669463429161 ], [ -70.457840055655183, 18.720646229275125 ], [ -70.457833915937442, 18.720639576620272 ], [ -70.457808137308618, 18.720610270088443 ], [ -70.457807609243517, 18.720609662629567 ], [ -70.457781905003174, 18.720579743945926 ], [ -70.457776207888472, 18.720573017503408 ], [ -70.457756785865854, 18.720549820704665 ], [ -70.457744258749472, 18.720533462884049 ], [ -70.457735004625931, 18.720519871483223 ], [ -70.457714981424473, 18.720489908577491 ], [ -70.457712239655692, 18.720485745465794 ], [ -70.4576954609648, 18.720459941756769 ], [ -70.45768018933417, 18.720434382711328 ], [ -70.457677580543177, 18.720429962170957 ], [ -70.457660132734858, 18.720399979216474 ], [ -70.457648103471058, 18.720378871062579 ], [ -70.457646732426483, 18.720376202982834 ] ] ] } },
{ "type": "Feature", "properties": { "level": 735.0, "major": false }, "geometry": { "type": "MultiLineString", "coordinates": [ [ [ -70.459765148681001, 18.720959894733223 ], [ -70.45974259561217, 18.720986136547396 ], [ -70.459739607154361, 18.720989529256254 ], [ -70.4597133631584, 18.721016483062911 ], [ -70.459708272588486, 18.721021632125034 ], [ -70.45968298589608, 18.721046838495674 ], [ -70.45967692985873, 18.721052785265705 ], [ -70.459651694335122, 18.721077201048864 ], [ -70.45964557795709, 18.72108287118381 ], [ -70.459614335509741, 18.721107610876377 ], [ -70.459614181184861, 18.721107730734392 ], [ -70.459582776413498, 18.721131659404424 ], [ -70.459574195775829, 18.721138042366704 ], [ -70.459551364120045, 18.72115471271977 ], [ -70.459527906818494, 18.721168521764135 ], [ -70.459519911012379, 18.721173011686954 ], [ -70.45948844941023, 18.721190321732355 ], [ -70.459472148521627, 18.721199074933764 ], [ -70.459456983156301, 18.721207090540592 ], [ -70.459425484141875, 18.721220042860548 ], [ -70.459401401840765, 18.721229744868378 ], [ -70.459393982591664, 18.721232700300824 ], [ -70.459362478645886, 18.721245079176647 ], [ -70.459330948061336, 18.721254354489631 ], [ -70.459309519701776, 18.721260579442699 ], [ -70.459299415950838, 18.7212634524241 ], [ -70.459267881764873, 18.721272308931088 ], [ -70.459236328246845, 18.721278913011353 ], [ -70.459204774040501, 18.721285437202319 ], [ -70.459173875463833, 18.721291754892945 ], [ -70.45917321920426, 18.721291888306538 ], [ -70.459141650168561, 18.721296684901908 ], [ -70.45911008093077, 18.721301458189831 ], [ -70.459078511492393, 18.721306208348835 ], [ -70.459046927066609, 18.72130921198525 ], [ -70.459015342658134, 18.721312217808777 ], [ -70.458983758269014, 18.721315226060153 ], [ -70.458952159655439, 18.721316576526124 ], [ -70.45892056109173, 18.721317932906214 ], [ -70.458888962571336, 18.721319294434224 ], [ -70.458857351155231, 18.721319152882835 ], [ -70.458825739710036, 18.721319007978764 ], [ -70.458794128265268, 18.721318863156203 ], [ -70.458762501256615, 18.721316904059393 ], [ -70.458730874171835, 18.721314936045626 ], [ -70.458699246978256, 18.721312955302 ], [ -70.458667606084205, 18.7213093773208 ], [ -70.458635964843708, 18.721305758835872 ], [ -70.458604323265163, 18.721302100824097 ], [ -70.458572670481345, 18.721297136302223 ], [ -70.458568463411979, 18.721296470175062 ], [ -70.458541016966606, 18.721292086387646 ], [ -70.458509362679777, 18.721286946273668 ], [ -70.458477697135677, 18.72128049343824 ], [ -70.458446030295221, 18.721273889208518 ], [ -70.458416253374139, 18.721267536643232 ], [ -70.458414362029856, 18.721267118586333 ], [ -70.458382681972097, 18.721258972686226 ], [ -70.458350999934424, 18.721250595600626 ], [ -70.458319315826429, 18.721241976773818 ], [ -70.458307432596968, 18.721238265181483 ], [ -70.458287619963215, 18.721231986827885 ], [ -70.458255921566362, 18.721221701030998 ], [ -70.458224220526617, 18.721211106618426 ], [ -70.458218509006883, 18.721208838754883 ], [ -70.458192501038056, 18.72119836031402 ], [ -70.45816077828961, 18.721185233317286 ], [ -70.458146697168786, 18.721179279076026 ], [ -70.458129050606445, 18.721171530275551 ], [ -70.458097295064547, 18.721154577615362 ], [ -70.458088172055909, 18.721149615940416 ], [ -70.458065535240891, 18.721137124864356 ], [ -70.458035091458186, 18.721119910405029 ], [ -70.458033770969905, 18.721119152681627 ], [ -70.458001979454039, 18.721098002057271 ], [ -70.457990372415495, 18.721090139769117 ], [ -70.457970180243606, 18.721075953058325 ], [ -70.457948396725925, 18.721060347768503 ], [ -70.457938373798868, 18.721053059306616 ], [ -70.457910884888506, 18.72103052101393 ], [ -70.457906539373695, 18.721026900870626 ], [ -70.457875619378157, 18.72100067676752 ], [ -70.457874697554317, 18.720999878800022 ], [ -70.457842847257623, 18.720971866693652 ], [ -70.457841792564736, 18.720970821316335 ], [ -70.457812143851825, 18.720940933341094 ], [ -70.457810961537774, 18.72093972123356 ], [ -70.457783429133144, 18.720911038091529 ], [ -70.457779066667882, 18.720906506973257 ], [ -70.457754948593887, 18.720881141014374 ], [ -70.457747167946948, 18.720872841997547 ], [ -70.457728658865847, 18.720851226882669 ], [ -70.457715236700579, 18.720835381149499 ], [ -70.457703416866664, 18.720821304593048 ], [ -70.457683302771116, 18.720797605615882 ], [ -70.457678081264618, 18.720791383027819 ], [ -70.457653312747013, 18.720761457045558 ], [ -70.457651362355861, 18.720759071732022 ], [ -70.457630715976308, 18.720731514159482 ], [ -70.457619381477357, 18.72071581538416 ], [ -70.457609274584357, 18.720701562279412 ], [ -70.457588578605794, 18.720671604595921 ], [ -70.457587377249624, 18.720669832923935 ], [ -70.457568588379658, 18.720641641417902 ], [ -70.457555339391874, 18.720619924659005 ], [ -70.457550717131653, 18.720611661748936 ], [ -70.457534297045683, 18.720581670786071 ], [ -70.457523223149352, 18.72056086848648 ], [ -70.457518409418114, 18.720551675678237 ], [ -70.45750387661306, 18.720521670026798 ], [ -70.457502319735497, 18.72051836616113 ] ] ] } },
{ "type": "Feature", "properties": { "level": 740.0, "major": false }, "geometry": { "type": "MultiLineString", "coordinates": [ [ [ -70.459855188758553, 18.721163468252858 ], [ -70.459853045514038, 18.72116598799693 ], [ -70.459836116435142, 18.721185099290526 ], [ -70.45982525733406, 18.72119632327373 ], [ -70.45980478175008, 18.721217189904426 ], [ -70.45979534856319, 18.721226675073673 ], [ -70.459773439496061, 18.72124840016329 ], [ -70.459764615063662, 18.721257033296748 ], [ -70.459742085099649, 18.721278197242327 ], [ -70.459730611670324, 18.721287416998113 ], [ -70.459710689136983, 18.721303153287899 ], [ -70.459691702361553, 18.721317838925525 ], [ -70.459679286060236, 18.721327281637869 ], [ -70.4596510809547, 18.72134827418752 ], [ -70.459647876112882, 18.721350610604954 ], [ -70.459616426936634, 18.721369370297882 ], [ -70.459600328378684, 18.721378788388641 ], [ -70.459584973691534, 18.721387656776706 ], [ -70.459553516531201, 18.721405487912968 ], [ -70.459545015786702, 18.72140933810957 ], [ -70.459522027660896, 18.721419625300211 ], [ -70.45949053587924, 18.721433424119759 ], [ -70.459475262074562, 18.721440000338546 ], [ -70.459459042917274, 18.721447086041969 ], [ -70.459427521617783, 18.721457446761285 ], [ -70.459395998074584, 18.721467546525798 ], [ -70.459385611440752, 18.721470817568093 ], [ -70.459364472337484, 18.721477391125006 ], [ -70.459332922958779, 18.721484481344653 ], [ -70.459301372285125, 18.721491421014299 ], [ -70.459269820353867, 18.721498214473126 ], [ -70.459246584112222, 18.721502019438578 ], [ -70.459238254386321, 18.721503372579118 ], [ -70.459206687732475, 18.721508450972667 ], [ -70.459175120373814, 18.721513447488078 ], [ -70.459143543757989, 18.72151736542823 ], [ -70.459111966742938, 18.721521237053334 ], [ -70.459080389336179, 18.721525063234012 ], [ -70.459048803192957, 18.721527871408835 ], [ -70.459017216922021, 18.721530664859703 ], [ -70.458985630563305, 18.721533448241207 ], [ -70.458969381154901, 18.721534297531779 ], [ -70.458954034539445, 18.721535105264781 ], [ -70.458922438544676, 18.721536765791456 ], [ -70.458890842520688, 18.721538423025461 ], [ -70.458859233332319, 18.721538545897449 ], [ -70.458827624149009, 18.721538669407131 ], [ -70.458796014965671, 18.72153879295913 ], [ -70.458764391980253, 18.721537307646127 ], [ -70.458738594273882, 18.721536095025513 ], [ -70.458732768972382, 18.72153581969388 ], [ -70.458701145875466, 18.72153432133754 ], [ -70.458669514546457, 18.721531863276994 ], [ -70.458637882992775, 18.721529378960483 ], [ -70.45860625120153, 18.721526866880165 ], [ -70.458574613217934, 18.721523632792945 ], [ -70.458542974811991, 18.721520349366006 ], [ -70.45851133599821, 18.721517018287329 ], [ -70.458479688788444, 18.721512708193195 ], [ -70.458448041065168, 18.721508338075704 ], [ -70.458447365239195, 18.721508244151337 ], [ -70.458416392842608, 18.721503909593611 ], [ -70.458384737249105, 18.721498621504079 ], [ -70.458353081206027, 18.721493280801219 ], [ -70.458321424685565, 18.721487884240972 ], [ -70.458289758324028, 18.721481339931618 ], [ -70.458280533462798, 18.721479424369367 ], [ -70.458258091551372, 18.721474747438009 ], [ -70.458226424360859, 18.721468105967009 ], [ -70.458194740386702, 18.721459507001409 ], [ -70.458163055850676, 18.721450842174814 ], [ -70.458160853050273, 18.721450237376615 ], [ -70.458131365708013, 18.721441523155757 ], [ -70.458099649895331, 18.721429210024155 ], [ -70.458078184277099, 18.721420762196502 ], [ -70.458067932353146, 18.721416694683956 ], [ -70.458036213047805, 18.721403973198861 ], [ -70.458011083414547, 18.721391165798227 ], [ -70.458004463884862, 18.72138776884001 ], [ -70.4579727127594, 18.721371334904717 ], [ -70.457953901410562, 18.721361492169486 ], [ -70.457940955840442, 18.721354224545699 ], [ -70.457909163165908, 18.721332942935202 ], [ -70.457907361898009, 18.72133173568735 ], [ -70.457877370086521, 18.721311613190345 ], [ -70.457863009267442, 18.721301962171701 ], [ -70.457845576581605, 18.721290232899914 ], [ -70.457821582369036, 18.721272165873756 ], [ -70.457813758187868, 18.721265948456992 ], [ -70.457784176512632, 18.721242338271054 ], [ -70.457781930157864, 18.721240538890335 ], [ -70.457750100577201, 18.7212149473295 ], [ -70.457747420426983, 18.721212505603138 ], [ -70.457718239052014, 18.721185628131515 ], [ -70.457715029119299, 18.721182638959014 ], [ -70.4576863473023, 18.721152781683962 ], [ -70.457686311393175, 18.721152743720108 ], [ -70.457658456088026, 18.721122841764721 ], [ -70.457654442906957, 18.721118458521943 ], [ -70.457634178862875, 18.721092911960387 ], [ -70.457622481455473, 18.721077477403263 ], [ -70.4576115143322, 18.721062969602741 ], [ -70.457590507891524, 18.721035081310756 ], [ -70.457588963945966, 18.721033026353535 ], [ -70.457566530180088, 18.721003082193576 ], [ -70.457558533093803, 18.72099253936252 ], [ -70.45754502036813, 18.720973130840747 ], [ -70.457526528263756, 18.720946491525595 ], [ -70.457524229706465, 18.720943173889026 ], [ -70.457503513241235, 18.720913216357136 ], [ -70.457494520642285, 18.720900115904168 ], [ -70.457483012314029, 18.720883257145317 ], [ -70.457462736034543, 18.720853296182774 ], [ -70.45746250630755, 18.720852954880215 ], [ -70.45744449225522, 18.720823319403127 ], [ -70.45743043247667, 18.720798849589233 ], [ -70.457427295763409, 18.720793334472635 ], [ -70.457410446387556, 18.720763346839355 ], [ -70.45739833001862, 18.720741401448699 ], [ -70.457393932443821, 18.72073335659428 ], [ -70.457379233559195, 18.720703352225488 ], [ -70.457366159003215, 18.720675950835663 ], [ -70.45736505193311, 18.720673343830718 ], [ -70.457359155833402, 18.720659299672992 ] ] ] } },
{ "type": "Feature", "properties": { "level": 745.0, "major": false }, "geometry": { "type": "MultiLineString", "coordinates": [ [ [ -70.45994408829344, 18.721364462522438 ], [ -70.459933944170686, 18.721376188398953 ], [ -70.459932600604304, 18.721377716906485 ], [ -70.459905333232271, 18.72140653010101 ], [ -70.459901273984201, 18.721410748498606 ], [ -70.45987573216614, 18.721436879516244 ], [ -70.459869939022539, 18.721442809848675 ], [ -70.459845546285663, 18.721467233485278 ], [ -70.459838596865211, 18.721474034378364 ], [ -70.459811137791519, 18.721497620359592 ], [ -70.459807217531392, 18.721500929657655 ], [ -70.459775830452159, 18.72152692384017 ], [ -70.459774477393196, 18.721528024778369 ], [ -70.459744439221325, 18.72155243551866 ], [ -70.459735664417792, 18.721558445966263 ], [ -70.459713011942981, 18.721573748978322 ], [ -70.459690099913416, 18.721588919761846 ], [ -70.459681579688336, 18.721594483651117 ], [ -70.459650142673823, 18.721614664718921 ], [ -70.459640976945863, 18.721619421277559 ], [ -70.459618671196338, 18.721630831693997 ], [ -70.459587195462049, 18.721646503461059 ], [ -70.45958000626365, 18.721650015104604 ], [ -70.459555715636412, 18.721661699266839 ], [ -70.459524201849987, 18.721672939035329 ], [ -70.459501803906633, 18.721680743183967 ], [ -70.459492685474501, 18.721683877668504 ], [ -70.459461166614858, 18.721694527371891 ], [ -70.459429618556626, 18.721701775471409 ], [ -70.459398069232876, 18.721708876465225 ], [ -70.459385011133932, 18.721711771911259 ], [ -70.459366518521804, 18.721715816154987 ], [ -70.459334950025053, 18.721720683735146 ], [ -70.459303381018003, 18.721725492103502 ], [ -70.459271811462301, 18.721730236786801 ], [ -70.459240231812359, 18.721733805425522 ], [ -70.459208651863378, 18.721737339409632 ], [ -70.459177071608067, 18.721740837890746 ], [ -70.459145485092236, 18.721743606974194 ], [ -70.459143600365081, 18.721743771404288 ], [ -70.459113898378703, 18.721746353177121 ], [ -70.459082311514962, 18.721749082032488 ], [ -70.459050719691916, 18.721751233063195 ], [ -70.459019127745009, 18.721753369791497 ], [ -70.458987535698384, 18.721755495029324 ], [ -70.458955935338906, 18.721756651511892 ], [ -70.458924334912751, 18.721757800313043 ], [ -70.458892734427636, 18.72175894233272 ], [ -70.458861121245192, 18.721758604429755 ], [ -70.458829508080882, 18.721758268669145 ], [ -70.458797894953349, 18.721757937220509 ], [ -70.458766271898327, 18.721756448565984 ], [ -70.45873464884248, 18.721754959791301 ], [ -70.458703025818053, 18.721753474657138 ], [ -70.458671396836905, 18.721751295088051 ], [ -70.458639767911023, 18.721749121906353 ], [ -70.45862111763519, 18.721747840902115 ], [ -70.45860813899786, 18.721746950156842 ], [ -70.45857650608346, 18.721744311873987 ], [ -70.45854487322147, 18.721741679626017 ], [ -70.458513240382288, 18.721739049966594 ], [ -70.458481601551298, 18.721735721639956 ], [ -70.458449962605471, 18.721732379818253 ], [ -70.45841832356696, 18.721729027088244 ], [ -70.458386675671406, 18.721724641528013 ], [ -70.458355027522231, 18.72172022624569 ], [ -70.458352104186332, 18.721719816898794 ], [ -70.458323378804124, 18.721715744471222 ], [ -70.458291719366329, 18.721710012555 ], [ -70.458260059727991, 18.721704257043317 ], [ -70.458228399910837, 18.721698480468444 ], [ -70.458196726785332, 18.72169115173628 ], [ -70.458195710223649, 18.721690915785107 ], [ -70.458165053258881, 18.721683775967762 ], [ -70.458133379292079, 18.721676348560219 ], [ -70.458101688167844, 18.721666919930495 ], [ -70.458084175694324, 18.721661665335571 ], [ -70.458069996152503, 18.721657387003201 ], [ -70.458038303195352, 18.721647743855598 ], [ -70.458006589323816, 18.721635661077681 ], [ -70.457997634906903, 18.721632220267423 ], [ -70.457974872147872, 18.721623192405747 ], [ -70.457943152255993, 18.721610406450246 ], [ -70.457927191727876, 18.721602649860426 ], [ -70.457911408892386, 18.72159488227404 ], [ -70.457879662098733, 18.721578957368607 ], [ -70.457867976342698, 18.721572992036489 ], [ -70.457847911742661, 18.721562616263704 ], [ -70.457816321733119, 18.721543275347091 ], [ -70.457816134634029, 18.721543153896114 ], [ -70.457784345257821, 18.721522259702979 ], [ -70.457771262446698, 18.721513507312594 ], [ -70.457752551312197, 18.721500831589115 ], [ -70.457729949383889, 18.72148371011118 ], [ -70.457720734118368, 18.721476690559196 ], [ -70.457691010445743, 18.721453894423536 ], [ -70.457688914279728, 18.721452239951699 ], [ -70.457657087818845, 18.721427015739351 ], [ -70.45765364179131, 18.721424066506785 ], [ -70.457625242353132, 18.721399573285527 ], [ -70.457619084027584, 18.721394216707662 ], [ -70.457593393151342, 18.721371693765398 ], [ -70.457585099738438, 18.721364362438717 ], [ -70.457561527294942, 18.721341869972807 ], [ -70.457554707231807, 18.721334480213251 ], [ -70.457529614966504, 18.721306622951854 ], [ -70.457527804128318, 18.72130457082978 ], [ -70.457501966718951, 18.721274653149376 ], [ -70.457497683063892, 18.721269090580645 ], [ -70.457479216913072, 18.721244711439844 ], [ -70.457465707477013, 18.721226459618979 ], [ -70.457457727757259, 18.721214759917896 ], [ -70.457437467782668, 18.721184798828851 ], [ -70.457433690236499, 18.721178966624382 ], [ -70.457418132385854, 18.721154830543203 ], [ -70.457401652347841, 18.721129062202756 ], [ -70.457398978001549, 18.721124860846661 ], [ -70.457380003699427, 18.721094889746535 ], [ -70.457369607770914, 18.721078375078619 ], [ -70.457361656282913, 18.721064913766561 ], [ -70.457344206443793, 18.72103493080089 ], [ -70.457337525489677, 18.721023285998641 ], [ -70.457327107954583, 18.721004945099558 ], [ -70.457310567977558, 18.720974955050927 ], [ -70.457305419695302, 18.720965450611814 ], [ -70.457294470770933, 18.720944961555645 ], [ -70.45727880189277, 18.720914964726177 ], [ -70.457273283527371, 18.720904068135958 ], [ -70.457264463878047, 18.720884957541099 ], [ -70.457250917116326, 18.720854944198791 ], [ -70.457241060792626, 18.720832580731521 ], [ -70.457237732748922, 18.720824928035817 ], [ -70.457225779837728, 18.720794902291335 ], [ -70.457224573789688, 18.720791784726085 ] ] ] } },
{ "type": "Feature", "properties": { "level": 750.0, "major": true }, "geometry": { "type": "MultiLineString", "coordinates": [ [ [ -70.460041353200566, 18.721584369533456 ], [ -70.460039857235657, 18.72158619376647 ], [ -70.460029326888375, 18.721598506359051 ], [ -70.460013196247061, 18.721616520285689 ], [ -70.459998020948063, 18.721633948597841 ], [ -70.459986281079836, 18.721646848782825 ], [ -70.459966697268186, 18.721667326149788 ], [ -70.459956812594498, 18.721677197178394 ], [ -70.459935347260355, 18.721697638552531 ], [ -70.459924252352565, 18.721707569668034 ], [ -70.45990398421074, 18.721726433172918 ], [ -70.459891023492986, 18.721737947363934 ], [ -70.459872607380589, 18.721753623869564 ], [ -70.45985444253742, 18.721768351180724 ], [ -70.459841211952778, 18.721778649435684 ], [ -70.45981234334937, 18.7217987979989 ], [ -70.45980979030881, 18.721800622299877 ], [ -70.459778364410766, 18.721822100583168 ], [ -70.459767288023826, 18.721829267847177 ], [ -70.459746924416024, 18.721841937688858 ], [ -70.459715452815516, 18.721858093849459 ], [ -70.459711957886071, 18.721859817759867 ], [ -70.459683971788863, 18.721873152640804 ], [ -70.459652482297273, 18.721887225972377 ], [ -70.45964329421065, 18.721890471564521 ], [ -70.459620968245858, 18.721898438740148 ], [ -70.459589450449911, 18.721909215782318 ], [ -70.459557928275615, 18.721919483228685 ], [ -70.459550391706742, 18.721921314225604 ], [ -70.459526382860659, 18.721927043462323 ], [ -70.45949483519891, 18.721934342288797 ], [ -70.45946328538956, 18.721941391250411 ], [ -70.459431717283096, 18.72194630868232 ], [ -70.459400148211884, 18.721951113959268 ], [ -70.45938967486336, 18.721952685233802 ], [ -70.459368578248288, 18.721955815502859 ], [ -70.459336996206147, 18.721959109879581 ], [ -70.459305413746392, 18.721962355777627 ], [ -70.459273830854016, 18.721965551443827 ], [ -70.459242240009402, 18.721967820623252 ], [ -70.459210648921825, 18.721970061630167 ], [ -70.459179057596572, 18.721972275075863 ], [ -70.459147461046271, 18.721973879749012 ], [ -70.459115864351631, 18.721975467712589 ], [ -70.459084267483561, 18.72197703557573 ], [ -70.459052666789844, 18.721978157688689 ], [ -70.459021065987756, 18.721979267263102 ], [ -70.458989465115877, 18.721980368791094 ], [ -70.458957856134163, 18.721980525194262 ], [ -70.458926247174375, 18.721980684199281 ], [ -70.45889463820258, 18.72198084185419 ], [ -70.458863018969296, 18.72197980348496 ], [ -70.458831399794434, 18.721978771920941 ], [ -70.458799780711701, 18.721977751094087 ], [ -70.458768153228021, 18.721975750991081 ], [ -70.45873652589178, 18.721973768026796 ], [ -70.458704898701242, 18.721971802005715 ], [ -70.458673264938952, 18.721969069838156 ], [ -70.458641631396702, 18.72196636324815 ], [ -70.458609998071708, 18.721963681907475 ], [ -70.458578362242619, 18.721960708557678 ], [ -70.45856154849794, 18.72195913579376 ], [ -70.458546726571271, 18.721957753511116 ], [ -70.458515091056171, 18.721954816594689 ], [ -70.458483454701678, 18.721951781724385 ], [ -70.45845181834504, 18.721948746514109 ], [ -70.45842018203092, 18.721945716171106 ], [ -70.458388539591994, 18.721941971599847 ], [ -70.458356897152996, 18.721938226898317 ], [ -70.458325254683501, 18.721934478518772 ], [ -70.458304311959111, 18.721931020033303 ], [ -70.458293599575072, 18.721929256252487 ], [ -70.45826194471222, 18.721924062433764 ], [ -70.458230290137138, 18.721918901987248 ], [ -70.45819862050439, 18.721911985437956 ], [ -70.458166951583053, 18.721905151587741 ], [ -70.458152597706885, 18.721902082460371 ], [ -70.458135281829286, 18.721898220402355 ], [ -70.458103593236658, 18.721889091957454 ], [ -70.458071905517613, 18.721880065029993 ], [ -70.458046118467138, 18.721872792641602 ], [ -70.458040218656734, 18.721871137831943 ], [ -70.458008512696196, 18.721859982718026 ], [ -70.45797680833104, 18.721849013225299 ], [ -70.457960212771653, 18.721843342619081 ], [ -70.457945105506255, 18.721838222949994 ], [ -70.457913381756157, 18.721824991587916 ], [ -70.457886014298722, 18.721813801432774 ], [ -70.457881659136106, 18.721811891488883 ], [ -70.457849930300114, 18.721798065814589 ], [ -70.457823842702069, 18.721784166609044 ], [ -70.457818175274937, 18.721781184754022 ], [ -70.457786423863553, 18.721764724521076 ], [ -70.457766290126543, 18.721754495814341 ], [ -70.457754675912923, 18.721748667293163 ], [ -70.457722899015835, 18.721729232725348 ], [ -70.457715477660713, 18.721724772545656 ], [ -70.457691110819539, 18.72170847922412 ], [ -70.457670657124083, 18.721695002631236 ], [ -70.457659321648578, 18.721687611133113 ], [ -70.457630251883501, 18.721665198345033 ], [ -70.457627501416127, 18.721663118506978 ], [ -70.457595689205803, 18.721639560708514 ], [ -70.457589933249906, 18.721635393375191 ], [ -70.45756386356193, 18.721614434657393 ], [ -70.45755414115348, 18.721605553171962 ], [ -70.457532008352175, 18.721585858110874 ], [ -70.457520270474419, 18.721575698009659 ], [ -70.457500165611648, 18.721558735115313 ], [ -70.457484460754131, 18.721545857928575 ], [ -70.457468319249273, 18.721531188363603 ], [ -70.457453717909928, 18.721515978414189 ], [ -70.457436426489764, 18.721498226942629 ], [ -70.45742444324253, 18.721486087470296 ], [ -70.457404541857528, 18.721466212350037 ], [ -70.457394382778816, 18.721456202635174 ], [ -70.457372630253374, 18.721431049199111 ], [ -70.457369085924753, 18.721426280730942 ], [ -70.45734664628948, 18.72139633659226 ], [ -70.457340654620012, 18.721388413231569 ], [ -70.457323883858166, 18.72136639496177 ], [ -70.457308660478589, 18.721343615670001 ], [ -70.457303820848367, 18.721336432325938 ], [ -70.457283430801738, 18.721306472231802 ], [ -70.457276647467339, 18.721296614141831 ], [ -70.457264304857446, 18.721276502300267 ], [ -70.457247455165046, 18.72124651465737 ], [ -70.457244564237058, 18.721241416349045 ], [ -70.457230341369538, 18.721216529067167 ], [ -70.45721295525469, 18.72118654559349 ], [ -70.457212476107514, 18.72118564428246 ], [ -70.457196987017483, 18.721156551087279 ], [ -70.457180971786855, 18.721126556944863 ], [ -70.457180349622007, 18.721125393508657 ], [ -70.457166937470731, 18.721096547390378 ], [ -70.457154204544295, 18.721066527710551 ], [ -70.457148111757505, 18.721052141693384 ], [ -70.457141497138878, 18.721036507830959 ], [ -70.457128813888588, 18.721006487762249 ], [ -70.45711697729547, 18.720976461106112 ], [ -70.457115828038539, 18.720973534912016 ], [ -70.457105220867973, 18.720946433825272 ], [ -70.457094772650535, 18.720919563093307 ] ] ] } },
{ "type": "Feature", "properties": { "level": 755.0, "major": false }, "geometry": { "type": "MultiLineString", "coordinates": [ [ [ -70.460170420344028, 18.721874978303717 ], [ -70.460161304967272, 18.721886434049686 ], [ -70.460158270720839, 18.721889984865392 ], [ -70.460134861664372, 18.721916758889861 ], [ -70.460126965796135, 18.72192554780198 ], [ -70.460105261271025, 18.72194710833751 ], [ -70.460095620955016, 18.721956463533957 ], [ -70.460073458524377, 18.721977474948847 ], [ -70.460064261062399, 18.72198562763748 ], [ -70.460038481343943, 18.722007866300238 ], [ -70.460032882175071, 18.722012580760335 ], [ -70.460001468461058, 18.722035478848181 ], [ -70.459997474809526, 18.72203830464364 ], [ -70.459970044759942, 18.72205721473599 ], [ -70.459952655167726, 18.722068772700538 ], [ -70.459938607848215, 18.72207741289882 ], [ -70.459907132849139, 18.722093175723884 ], [ -70.459894376058784, 18.722099345655199 ], [ -70.459875651357819, 18.722108183055106 ], [ -70.45984416377128, 18.722122481090587 ], [ -70.459822686572195, 18.722130023112889 ], [ -70.459812647739639, 18.722133466420892 ], [ -70.459781127450711, 18.722143956348958 ], [ -70.459749603148367, 18.722153979253967 ], [ -70.459721438745333, 18.72216093090686 ], [ -70.459718059299263, 18.722161725632411 ], [ -70.459686511528275, 18.722169015512598 ], [ -70.459654961876495, 18.722176086645298 ], [ -70.45962339882864, 18.722181597514517 ], [ -70.459591834722588, 18.722186985383956 ], [ -70.459560269580905, 18.722192252873523 ], [ -70.459559787003954, 18.722192309358238 ], [ -70.459528690662694, 18.722195915599592 ], [ -70.45949711115486, 18.722199509828492 ], [ -70.459465531110908, 18.722203041791648 ], [ -70.459433936860464, 18.722204918718518 ], [ -70.459402342326257, 18.722206762704801 ], [ -70.459370747516772, 18.722208574738371 ], [ -70.459339143325636, 18.722209293745511 ], [ -70.459307539022618, 18.72220999978618 ], [ -70.459275934662784, 18.722210699279099 ], [ -70.459244324529138, 18.7222107260352 ], [ -70.459212714418726, 18.722210755542914 ], [ -70.459181104344324, 18.722210789289448 ], [ -70.459149489614575, 18.722210280567364 ], [ -70.459117874990312, 18.722209784157897 ], [ -70.459086260491986, 18.722209302445609 ], [ -70.459054642727452, 18.722208440101426 ], [ -70.459023025109985, 18.722207594900325 ], [ -70.458991407657066, 18.722206768882383 ], [ -70.458959785721035, 18.722205420364137 ], [ -70.458928163965879, 18.722204092909351 ], [ -70.458896542399728, 18.722202787466919 ], [ -70.458864914367112, 18.722200728293199 ], [ -70.458833286545769, 18.722198693697102 ], [ -70.45882316868574, 18.722198048042483 ], [ -70.458801658935144, 18.722196683614836 ], [ -70.458770022895891, 18.72219369100134 ], [ -70.458738387121898, 18.72219072922173 ], [ -70.458706751599934, 18.722187796730918 ], [ -70.458675109398158, 18.722184085470218 ], [ -70.45864346749967, 18.722180409442029 ], [ -70.458611825886535, 18.722176766564104 ], [ -70.458580182109543, 18.722172871302394 ], [ -70.458556683493455, 18.722170004687946 ], [ -70.458548538696078, 18.72216901829561 ], [ -70.458516895703951, 18.722165214283084 ], [ -70.458485252073999, 18.722161335782445 ], [ -70.458453608897415, 18.72215751001265 ], [ -70.458421966181461, 18.722153737824637 ], [ -70.458390318796944, 18.722149421176937 ], [ -70.458358671898992, 18.722145161113797 ], [ -70.458332171042997, 18.722141634154639 ], [ -70.458327025453372, 18.722140953650957 ], [ -70.458295365941737, 18.722135222499507 ], [ -70.458263706908355, 18.722129546906007 ], [ -70.45823204838787, 18.722123930912613 ], [ -70.458200373410833, 18.722116395695785 ], [ -70.458184585564794, 18.722112664473364 ], [ -70.458168699000609, 18.72210892628507 ], [ -70.458137025162657, 18.722101523327371 ], [ -70.45810533435511, 18.722092141103982 ], [ -70.458075587704442, 18.722083394288127 ], [ -70.458073644032083, 18.722082815018044 ], [ -70.458041953129296, 18.722073420945517 ], [ -70.45801024284529, 18.722061766129414 ], [ -70.457988794628577, 18.722053951193953 ], [ -70.457978533597625, 18.722050231708415 ], [ -70.457946825370641, 18.722038815864579 ], [ -70.457915096711602, 18.722025016468766 ], [ -70.457913710717932, 18.722024416917421 ], [ -70.457883369284914, 18.722011360239996 ], [ -70.457851643083387, 18.721997846355247 ], [ -70.457845776107803, 18.721994826963929 ], [ -70.457819891423014, 18.721981362319372 ], [ -70.457788460480359, 18.721965154336971 ], [ -70.457788140728368, 18.721964990242331 ], [ -70.45775639136707, 18.721948773012151 ], [ -70.457734497256894, 18.721935455600413 ], [ -70.457724615523674, 18.721929465944459 ], [ -70.457692840885443, 18.721910298643884 ], [ -70.457685218497602, 18.721905720390595 ], [ -70.457661065740496, 18.72189107141865 ], [ -70.457639644060322, 18.721875956339012 ], [ -70.457629263304469, 18.721868659633429 ], [ -70.457597462345035, 18.721846419147628 ], [ -70.457597102815555, 18.721846168671181 ], [ -70.457565662845525, 18.721824348025823 ], [ -70.457555418476545, 18.721816374324504 ], [ -70.457533834767588, 18.721798941800163 ], [ -70.457518386949147, 18.721786543761784 ], [ -70.457502006110985, 18.721773466960386 ], [ -70.457480891691603, 18.721756716799273 ], [ -70.457470179800396, 18.721748264729438 ], [ -70.45744510560246, 18.721726876529189 ], [ -70.457438333923861, 18.721720778547756 ], [ -70.457411712334022, 18.72169701763314 ], [ -70.457406480296399, 18.721692386805753 ], [ -70.457377725311488, 18.721667163350158 ], [ -70.45737463076334, 18.721664471562118 ], [ -70.457345722467849, 18.721637293622255 ], [ -70.45734276187865, 18.721634297082531 ], [ -70.457316164103659, 18.721607404869211 ], [ -70.457310875364513, 18.721602064167651 ], [ -70.457286536873667, 18.721577516646562 ], [ -70.457278989570725, 18.721569913885535 ], [ -70.457258837182607, 18.721547613422217 ], [ -70.457247061756462, 18.721532858745284 ], [ -70.457234974157785, 18.721517680344288 ], [ -70.457215107028077, 18.721492661221692 ], [ -70.457211212690709, 18.721487746472619 ], [ -70.457187549788003, 18.721457811830557 ], [ -70.457183143505802, 18.721451435668911 ], [ -70.457167990389721, 18.721427845261729 ], [ -70.45715110532646, 18.721401495764244 ], [ -70.457148788838495, 18.721397875906526 ], [ -70.457129638535974, 18.721367906150178 ], [ -70.457119048172473, 18.721349339176829 ], [ -70.457112543873535, 18.721337920400206 ], [ -70.457095496852205, 18.721307934277611 ], [ -70.457086954131995, 18.721292875315147 ], [ -70.457079168690242, 18.721277942561031 ], [ -70.457065011161276, 18.721247933957489 ], [ -70.457054771325758, 18.721226049068541 ], [ -70.457050987948605, 18.721217924307663 ], [ -70.457037099536947, 18.721187913607825 ], [ -70.457024611984281, 18.721157892009789 ], [ -70.457022534189861, 18.721152878748143 ], [ -70.457012202164776, 18.721127869805915 ], [ -70.456999871834626, 18.721097846982559 ], [ -70.456990230310424, 18.721071914961399 ], [ -70.456988791051984, 18.721067814438548 ], [ -70.456978284021048, 18.721037777430706 ], [ -70.456977366583601, 18.721035139315859 ] ] ] } },
{ "type": "Feature", "properties": { "level": 760.0, "major": false }, "geometry": { "type": "MultiLineString", "coordinates": [ [ [ -70.460371610560756, 18.722266819252283 ], [ -70.46035119874081, 18.722270308753274 ], [ -70.460319617900808, 18.72227374635936 ], [ -70.460313107841941, 18.722276793644824 ], [ -70.460288116273134, 18.722286407917828 ], [ -70.460256582061106, 18.722295275742827 ], [ -70.460225028190877, 18.722301854818976 ], [ -70.46021314287367, 18.72230769170233 ], [ -70.460193543553558, 18.722316496452166 ], [ -70.460162039285564, 18.722328852691497 ], [ -70.460133675335626, 18.722338429918576 ], [ -70.460130519682153, 18.722339423601454 ], [ -70.460099031051968, 18.722353602086084 ], [ -70.46006753306051, 18.722366690997703 ], [ -70.460061426825476, 18.72236911182846 ], [ -70.460036026727863, 18.722378809065312 ], [ -70.460004509649423, 18.722389676175766 ], [ -70.459973078870519, 18.72239991920501 ], [ -70.459972987457007, 18.722399948179078 ], [ -70.459941460602437, 18.722409677656479 ], [ -70.45990991047502, 18.722416696937678 ], [ -70.459878357737352, 18.722423412533701 ], [ -70.459846802561145, 18.722429844421065 ], [ -70.459838420398228, 18.722431087497132 ], [ -70.459815232014719, 18.722434486301957 ], [ -70.459783660102076, 18.722438969280685 ], [ -70.459752086881764, 18.722443300170358 ], [ -70.459720505014261, 18.722446623997506 ], [ -70.459688922366936, 18.722449857165142 ], [ -70.459657338947636, 18.722453000587073 ], [ -70.459625746917155, 18.722455141021896 ], [ -70.459594154403035, 18.722457225247947 ], [ -70.459562561397107, 18.722459252310841 ], [ -70.459530957510339, 18.722460011855102 ], [ -70.459499353473987, 18.722460754044477 ], [ -70.459467749346601, 18.722461485701821 ], [ -70.459436133714902, 18.722460877060257 ], [ -70.459404518198909, 18.722460281917193 ], [ -70.459372902846269, 18.722459705820349 ], [ -70.45934127816021, 18.722458042230883 ], [ -70.459309653738146, 18.722456409371659 ], [ -70.459278029573767, 18.722454806506651 ], [ -70.459246400483877, 18.722452629665856 ], [ -70.459214771661692, 18.722450483969151 ], [ -70.459183143140464, 18.722448373290298 ], [ -70.459151514092042, 18.722446201125948 ], [ -70.45911988520966, 18.722444048257213 ], [ -70.459088256539033, 18.722441920014326 ], [ -70.459056628106609, 18.722439819479494 ], [ -70.459024999828458, 18.722437736875246 ], [ -70.459020762553806, 18.722437458635579 ], [ -70.458993371422991, 18.722435639383889 ], [ -70.458961738597878, 18.722433026738528 ], [ -70.458930105986383, 18.722430438919833 ], [ -70.458898473577435, 18.722427874636313 ], [ -70.458866832439583, 18.722424292876148 ], [ -70.458835191799125, 18.722420768976647 ], [ -70.458803551620022, 18.722417298742602 ], [ -70.458771902365214, 18.722412770498071 ], [ -70.458748391960896, 18.722409461425041 ], [ -70.458740253834947, 18.722408326555627 ], [ -70.458708606004137, 18.722403963996268 ], [ -70.458676952237354, 18.722398909322202 ], [ -70.45864529928366, 18.722393949253114 ], [ -70.458613647145114, 18.72238908403758 ], [ -70.458581991815393, 18.722383846625039 ], [ -70.45856318989739, 18.722380785026189 ], [ -70.458550337378185, 18.722378713077223 ], [ -70.45851868381439, 18.722373681170538 ], [ -70.458487026098041, 18.722368164955224 ], [ -70.458455369514567, 18.722362780619445 ], [ -70.458423714066114, 18.722357528423959 ], [ -70.458394355025305, 18.722351980999747 ], [ -70.45839205229521, 18.722351538877767 ], [ -70.458360390432702, 18.722345538429931 ], [ -70.458328729751898, 18.722339675546923 ], [ -70.458297057283502, 18.722332437988428 ], [ -70.4582653863026, 18.72232537360377 ], [ -70.458254349638707, 18.722322952364223 ], [ -70.458233716792165, 18.722318480419474 ], [ -70.458202032558887, 18.722309870142599 ], [ -70.458170350134139, 18.722301470427748 ], [ -70.458140411140377, 18.722293720692036 ], [ -70.458138669466663, 18.722293275307528 ], [ -70.458106973094857, 18.72228324846629 ], [ -70.458075279270176, 18.722273518272626 ], [ -70.458044528267934, 18.72226434839526 ], [ -70.458043587716929, 18.722264052592489 ], [ -70.458011868841623, 18.722251400087025 ], [ -70.457980152699776, 18.722239065861533 ], [ -70.45796904184715, 18.72223481728107 ], [ -70.45794843917345, 18.722227036184091 ], [ -70.457916704414487, 18.722212529578353 ], [ -70.457900384005526, 18.722205232983352 ], [ -70.457884973257592, 18.722198442505043 ], [ -70.457853245573858, 18.722184759953425 ], [ -70.457835291149507, 18.722175620911489 ], [ -70.457821493032924, 18.722168177459025 ], [ -70.457789738209769, 18.722151328061734 ], [ -70.457779419863172, 18.722145937044083 ], [ -70.457757986710604, 18.722134865690212 ], [ -70.457727133557611, 18.722116225257832 ], [ -70.457726211822475, 18.722115674318143 ], [ -70.457694440402875, 18.722096886745764 ], [ -70.457676582460351, 18.722086499951608 ], [ -70.457662668074192, 18.722077992325236 ], [ -70.457632641893511, 18.722056723186189 ], [ -70.457630864690344, 18.72205547428894 ], [ -70.457599064376851, 18.722033313474583 ], [ -70.457589823300722, 18.722026937678269 ], [ -70.45756726702156, 18.722011496821278 ], [ -70.45754868043511, 18.721997139119505 ], [ -70.457535443363994, 18.721986610662022 ], [ -70.457510922458411, 18.72196731421117 ], [ -70.457503618806271, 18.721961618405626 ], [ -70.457472351133291, 18.721937495623244 ], [ -70.457471798085493, 18.72193707272638 ], [ -70.457439960575527, 18.721910567131832 ], [ -70.457436427151492, 18.721907656427231 ], [ -70.457408120457487, 18.721883756080082 ], [ -70.457401019472712, 18.721877813206167 ], [ -70.457376283181773, 18.721857275499712 ], [ -70.457365863083751, 18.721847968022345 ], [ -70.457344430589984, 18.721829006660709 ], [ -70.457331992238906, 18.721818112828903 ], [ -70.457312575414107, 18.721800435063507 ], [ -70.457299071022021, 18.721788250240106 ], [ -70.457280720005969, 18.721771835110523 ], [ -70.45726688942365, 18.721758381890385 ], [ -70.457248845247875, 18.721740975960049 ], [ -70.457235811636394, 18.721728504946753 ], [ -70.457216963368012, 18.721709284389227 ], [ -70.457206440188216, 18.721698614722239 ], [ -70.457185077161682, 18.721677086541561 ], [ -70.45717750061533, 18.72166872113257 ], [ -70.457153166532819, 18.721642037200997 ], [ -70.457150210732081, 18.721638814704001 ], [ -70.457125416335131, 18.721608888857567 ], [ -70.457121229126656, 18.721603861358073 ], [ -70.457100401900433, 18.721578964718951 ], [ -70.457089292365538, 18.721565759085912 ], [ -70.457076320510652, 18.721549033318173 ], [ -70.45705729847711, 18.721520987955788 ], [ -70.457055994707346, 18.721519072699255 ], [ -70.457035519792939, 18.721489113237528 ], [ -70.4570252875194, 18.721474222644336 ], [ -70.457014895556952, 18.721459154934557 ], [ -70.456997206335288, 18.721429173798541 ], [ -70.456993233552367, 18.721422435468622 ], [ -70.456980583617693, 18.721399184364596 ], [ -70.456964205795842, 18.72136919302384 ], [ -70.456961111361309, 18.721362683103532 ], [ -70.456949948304526, 18.721339185188643 ], [ -70.456935704339273, 18.721309177246759 ], [ -70.456928920160863, 18.721294873271464 ], [ -70.456921476239373, 18.721279169179997 ], [ -70.456908734988048, 18.721249149546981 ], [ -70.45689667373837, 18.721220614628219 ], [ -70.456896075573326, 18.721219129276211 ], [ -70.456883978493039, 18.72118910463044 ], [ -70.456873009751334, 18.721159071207524 ], [ -70.456867318301974, 18.721143472228039 ] ] ] } },
{ "type": "Feature", "properties": { "level": 765.0, "major": false }, "geometry": { "type": "MultiLineString", "coordinates": [ [ [ -70.460764222653765, 18.723741866148956 ], [ -70.460760282330654, 18.72371900375666 ], [ -70.460755003658193, 18.723688926240367 ], [ -70.460749832683021, 18.72365884788374 ], [ -70.460744535367041, 18.723628770512157 ], [ -70.460742075455258, 18.723615046464847 ], [ -70.460739108147052, 18.723598694153381 ], [ -70.46073552573408, 18.723568603406019 ], [ -70.460731796541907, 18.723538513803195 ], [ -70.460727910627753, 18.723508425422441 ], [ -70.460726926021778, 18.723478314413466 ], [ -70.460725890152474, 18.723448203804193 ], [ -70.460724802328841, 18.723418093599996 ], [ -70.460724644462729, 18.723387976142764 ], [ -70.460724495704625, 18.72335785861441 ], [ -70.460724360085564, 18.723327740983478 ], [ -70.460717223369315, 18.723297677954999 ], [ -70.460709434901574, 18.723267620009054 ], [ -70.460707416841799, 18.723260251811357 ], [ -70.460700897158418, 18.723237567906146 ], [ -70.460678978078562, 18.723207620162555 ], [ -70.460675312369531, 18.723202755282596 ], [ -70.460655928731853, 18.72317768123051 ], [ -70.460643351558787, 18.723161979643805 ], [ -70.460631650979394, 18.723147751874908 ], [ -70.460611452531126, 18.723128394473559 ], [ -70.460600406515582, 18.723117876845123 ], [ -70.460579582302714, 18.7230981604799 ], [ -70.460568798167728, 18.723088004647018 ], [ -70.460547714919556, 18.72306825639718 ], [ -70.460536848462979, 18.723058135104743 ], [ -70.460515854125205, 18.723039118075882 ], [ -70.460503853982274, 18.723028273703296 ], [ -70.460483996408797, 18.723010336821858 ], [ -70.460470789378803, 18.722998412842031 ], [ -70.460452138962495, 18.722981585759527 ], [ -70.460437683010213, 18.722968552299804 ], [ -70.46042028192727, 18.722952881300898 ], [ -70.46040406315069, 18.722938695754777 ], [ -70.460388432556243, 18.722925067940459 ], [ -70.460369761341909, 18.722908844520145 ], [ -70.460356584715001, 18.722897431487791 ], [ -70.460335226486947, 18.722878995095456 ], [ -70.460324738441756, 18.722869976402887 ], [ -70.460295636298213, 18.722849185078619 ], [ -70.460292933123597, 18.722847288907161 ], [ -70.460261134813535, 18.722825416473949 ], [ -70.460252194530852, 18.722819405081221 ], [ -70.460229343083839, 18.722804309353755 ], [ -70.4601976233632, 18.722791586599875 ], [ -70.460192797640886, 18.722789749461782 ], [ -70.460165913364605, 18.722779995456765 ], [ -70.460134211698573, 18.722769374191699 ], [ -70.46010255143787, 18.722763574364716 ], [ -70.460084012321474, 18.722760478838538 ], [ -70.460070896626689, 18.722758408964189 ], [ -70.460039246449981, 18.722753783111511 ], [ -70.460007605867958, 18.722750274520898 ], [ -70.4599759680289, 18.722747085280819 ], [ -70.459944332636383, 18.722744180886828 ], [ -70.459912695273573, 18.722741046925428 ], [ -70.459881059871378, 18.722738141229897 ], [ -70.459849426208805, 18.722735438070806 ], [ -70.459817792110698, 18.722732684105871 ], [ -70.459815082963203, 18.722732456397104 ], [ -70.459786159478682, 18.722730100834003 ], [ -70.45975452819107, 18.722727674090727 ], [ -70.459722898268851, 18.722725406332874 ], [ -70.459691269339771, 18.722723254206681 ], [ -70.459659641331456, 18.722721209288849 ], [ -70.459628008628684, 18.722718617449829 ], [ -70.459596376802125, 18.722716127617662 ], [ -70.459564745813623, 18.722713735347902 ], [ -70.459533110050032, 18.722710786713595 ], [ -70.459501475055291, 18.722707927566439 ], [ -70.459469840797524, 18.722705154198255 ], [ -70.459468587035644, 18.722705037997226 ], [ -70.459438205435816, 18.722702252132233 ], [ -70.459406570595547, 18.72269941073375 ], [ -70.459374936261653, 18.722696628254134 ], [ -70.459343300049923, 18.722693626895261 ], [ -70.459311664088105, 18.722690654567224 ], [ -70.459280028398453, 18.722687713864779 ], [ -70.459248390313689, 18.722684493986847 ], [ -70.459216752411464, 18.722681295281554 ], [ -70.459185114690115, 18.722678117555386 ], [ -70.459175829555193, 18.722677200298211 ], [ -70.45915347750153, 18.722675001814363 ], [ -70.459121840555071, 18.722671914198258 ], [ -70.459090203842223, 18.722668853712094 ], [ -70.459058568230589, 18.722665921468082 ], [ -70.459026932866024, 18.722663017931183 ], [ -70.45899529774519, 18.722660142714087 ], [ -70.458963657748697, 18.72265669917196 ], [ -70.458932018015815, 18.722653286244689 ], [ -70.458900378506911, 18.722649899314955 ], [ -70.458896095818602, 18.722649260691675 ], [ -70.458868727717373, 18.722645197471287 ], [ -70.458837077258181, 18.722640533968359 ], [ -70.458805427147936, 18.722635910975423 ], [ -70.458773764991037, 18.722629883639208 ], [ -70.45874210342609, 18.722623925080832 ], [ -70.458723669191798, 18.722620484959336 ], [ -70.458710442384259, 18.722618027282625 ], [ -70.458678773401161, 18.722611203553928 ], [ -70.458647105331522, 18.722604486053186 ], [ -70.458615438136093, 18.722597870208524 ], [ -70.458587578853226, 18.722591426099356 ], [ -70.458583764928818, 18.722590553272447 ], [ -70.458552093046123, 18.722583390474949 ], [ -70.458520422436948, 18.722576375873999 ], [ -70.458488744130619, 18.722568463634783 ], [ -70.458463373694286, 18.722562274590114 ], [ -70.458457067582856, 18.722560756115136 ], [ -70.458425392735222, 18.72255324651881 ], [ -70.458393707207094, 18.722544491363127 ], [ -70.458362023889762, 18.722535993632548 ], [ -70.458350757716303, 18.722533032760346 ], [ -70.458330342806633, 18.722527756074168 ], [ -70.458298648897468, 18.722518022670389 ], [ -70.45826695778095, 18.722508614509735 ], [ -70.458249974085803, 18.722503698738098 ], [ -70.458235269292302, 18.722499512404418 ], [ -70.458203566951951, 18.722488794710848 ], [ -70.458171868023086, 18.722478474404316 ], [ -70.458158673403616, 18.722474290833325 ], [ -70.458140172334296, 18.722468531523617 ], [ -70.458108460613587, 18.722456718658144 ], [ -70.458076752610708, 18.72244533888443 ], [ -70.45807528224546, 18.722444821308844 ], [ -70.458045044740189, 18.722433974085451 ], [ -70.458013317187465, 18.72242031340387 ], [ -70.458001379890547, 18.722415277881918 ], [ -70.457981593072716, 18.722407053117969 ], [ -70.457949872249529, 18.722394176180718 ], [ -70.457931589425883, 18.722385702417583 ], [ -70.457918136212513, 18.722379524293419 ], [ -70.457886402496541, 18.722365142513148 ], [ -70.457866133058218, 18.722356093191024 ], [ -70.45785466902116, 18.722350788199048 ], [ -70.457822918664775, 18.722334464286472 ], [ -70.457807164519537, 18.722326433443925 ], [ -70.457791169902208, 18.722318325598316 ], [ -70.457759422690629, 18.722302367151801 ], [ -70.45774956521177, 18.722296763020317 ], [ -70.457727657732477, 18.722284337931175 ], [ -70.457697061258301, 18.722267052922529 ], [ -70.457695893226017, 18.722266360640013 ], [ -70.457664122305573, 18.722247634377091 ], [ -70.457648498481802, 18.722237312137214 ], [ -70.457632332151164, 18.722226663559312 ], [ -70.457603184104073, 18.722207546058836 ], [ -70.457600543086315, 18.722205818952212 ], [ -70.457568755078583, 18.722185096780883 ], [ -70.457558689022051, 18.722177773592808 ], [ -70.457536940626682, 18.722161288633853 ], [ -70.457519300995344, 18.72214796137402 ], [ -70.457505124452936, 18.722137278578646 ], [ -70.457479658696627, 18.722118151124604 ], [ -70.457473309368282, 18.722113394548511 ], [ -70.457442710042741, 18.722088319906092 ], [ -70.457441475142261, 18.722087276219685 ], [ -70.457409635979971, 18.722060580815096 ], [ -70.457407107380135, 18.722058478206261 ], [ -70.457377800338378, 18.722034295034728 ], [ -70.457371376044492, 18.722028637499989 ], [ -70.457345950887984, 18.722006396894152 ], [ -70.457337186568708, 18.721998784789452 ], [ -70.457314099796591, 18.721978306057988 ], [ -70.457303447084371, 18.721968928570739 ], [ -70.457282250298462, 18.721950399904561 ], [ -70.457270131955468, 18.72193906904355 ], [ -70.457250385467702, 18.721920703385944 ], [ -70.457237952512102, 18.721909200673956 ], [ -70.457218518941318, 18.721890807698824 ], [ -70.457206323588693, 18.721879328015088 ], [ -70.457186652416297, 18.721860910856481 ], [ -70.457175304275268, 18.721849450607539 ], [ -70.457154766522336, 18.721828752406868 ], [ -70.457145631283879, 18.721819562720366 ], [ -70.457122874551629, 18.721795883377808 ], [ -70.457116878166858, 18.721789667671747 ], [ -70.457090981934002, 18.721762937398804 ], [ -70.457088116467474, 18.721759772684766 ], [ -70.457061007098986, 18.721729864839137 ], [ -70.457059068718607, 18.721727586091617 ], [ -70.457035507921589, 18.721699944463424 ], [ -70.457027137654862, 18.721690150162587 ], [ -70.457009901271007, 18.721670024919604 ], [ -70.456995208307688, 18.721652912904254 ], [ -70.456984840954064, 18.721640101121949 ], [ -70.456963235183096, 18.721610564549696 ], [ -70.456962934402966, 18.721610152788863 ], [ -70.456941089035141, 18.721580203976753 ], [ -70.456931248968729, 18.721566686488863 ], [ -70.45691930404854, 18.721550254691888 ], [ -70.45690016658034, 18.721520284811277 ], [ -70.456899228581008, 18.721518817742918 ], [ -70.456881960862134, 18.721490307681069 ], [ -70.456867164750179, 18.721465876024503 ], [ -70.456863806468036, 18.721460330149419 ], [ -70.456848178361284, 18.721430332966609 ], [ -70.456835034505829, 18.721405179719188 ], [ -70.456832499631119, 18.721400336175801 ], [ -70.456816771004569, 18.721370339771337 ], [ -70.45680320237507, 18.721340326565716 ], [ -70.456802862238888, 18.721339575349983 ], [ -70.456790041827489, 18.721310310184894 ], [ -70.456776858376784, 18.721280293980904 ], [ -70.456770607082404, 18.721264292071627 ], [ -70.45676512670083, 18.721250266484756 ], [ -70.456763377903087, 18.721245792285409 ] ] ] } },
{ "type": "Feature", "properties": { "level": 770.0, "major": false }, "geometry": { "type": "MultiLineString", "coordinates": [ [ [ -70.460516913515363, 18.724200482683568 ], [ -70.460511348873993, 18.724172725484603 ], [ -70.460505219671063, 18.724142654593521 ], [ -70.460499916168743, 18.724112577262989 ], [ -70.460494503583163, 18.724082500782767 ], [ -70.460493141826333, 18.724075038189508 ], [ -70.460488970555758, 18.724052425241407 ], [ -70.460483702756676, 18.724022347631394 ], [ -70.460478356431778, 18.723992270633371 ], [ -70.460472927694241, 18.723962194277654 ], [ -70.460467461882345, 18.723932118210676 ], [ -70.46046192704722, 18.723902042681576 ], [ -70.460459953767923, 18.72389140427099 ], [ -70.46045632557329, 18.723871967671755 ], [ -70.460450152831896, 18.723841897116227 ], [ -70.460443874987305, 18.723811827379855 ], [ -70.46043749351378, 18.723781758451121 ], [ -70.460429834470574, 18.723751699484122 ], [ -70.46042705088432, 18.72374096115837 ], [ -70.460422427837571, 18.723721638548326 ], [ -70.460415009916488, 18.723691577700023 ], [ -70.460405954839445, 18.72366152961704 ], [ -70.460396435442405, 18.723631485153888 ], [ -70.460394447664171, 18.723625398811791 ], [ -70.460386419752737, 18.723601444559776 ], [ -70.460374895090268, 18.723571415730888 ], [ -70.460362562851401, 18.723541393197873 ], [ -70.460362106323359, 18.723540321089999 ], [ -70.460349332779188, 18.723511377664316 ], [ -70.460334911663267, 18.723481371416192 ], [ -70.460329905200837, 18.723471565202225 ], [ -70.460319899439625, 18.723451369775461 ], [ -70.46030370985433, 18.723421377312953 ], [ -70.460297780430466, 18.723411696158756 ], [ -70.460284558075244, 18.723391407944394 ], [ -70.460265771577554, 18.723365321549252 ], [ -70.460262799138278, 18.723361458900666 ], [ -70.460237848909486, 18.723331534735021 ], [ -70.460233834149221, 18.723327261578223 ], [ -70.460210680094789, 18.723301627862462 ], [ -70.460201925803489, 18.723292586391072 ], [ -70.460180436337296, 18.723271744958325 ], [ -70.460170055242301, 18.723262309543504 ], [ -70.46014603115232, 18.723241894491313 ], [ -70.460138212655735, 18.723235288984828 ], [ -70.460112078778579, 18.723212040487098 ], [ -70.460106361125199, 18.723207225712422 ], [ -70.460074778708915, 18.723182212573413 ], [ -70.460074534218251, 18.723182028742524 ], [ -70.460042728305297, 18.723159275587285 ], [ -70.460033070959568, 18.723152419011146 ], [ -70.460010923011765, 18.723136593591832 ], [ -70.459989813008178, 18.723122637522721 ], [ -70.459979135304664, 18.72311595878373 ], [ -70.459947365826622, 18.723097446148039 ], [ -70.459938999540711, 18.723092914917867 ], [ -70.459915612594415, 18.723080824849607 ], [ -70.459883871856007, 18.723065658013425 ], [ -70.459878600879549, 18.723063267010655 ], [ -70.459852137561114, 18.723051241045447 ], [ -70.459820412492917, 18.723037898166314 ], [ -70.459809884775055, 18.72303368391043 ], [ -70.459788695574716, 18.723025504037466 ], [ -70.45975698598356, 18.723013962866812 ], [ -70.459726583941332, 18.723004214453368 ], [ -70.459725288339229, 18.723003812837206 ], [ -70.459693596290265, 18.722994314185556 ], [ -70.459661909370098, 18.722985412605556 ], [ -70.459630232291133, 18.722977657091178 ], [ -70.459618702814595, 18.722974936516653 ], [ -70.459598557410146, 18.72297015733109 ], [ -70.459566884791258, 18.722962920809739 ], [ -70.459535217957111, 18.722956357929622 ], [ -70.459503552962261, 18.722950009083767 ], [ -70.459482391266974, 18.722945880058788 ], [ -70.45947188971887, 18.722943864056358 ], [ -70.459440232829962, 18.722938459142153 ], [ -70.459408577091722, 18.722933188094707 ], [ -70.459376922449621, 18.722928044574076 ], [ -70.45934527371584, 18.722923589273165 ], [ -70.459313625771131, 18.722919225761249 ], [ -70.459298671704644, 18.722917192879958 ], [ -70.459281978548901, 18.722914946283179 ], [ -70.459250333208587, 18.722910885943318 ], [ -70.459218688473811, 18.722906896029023 ], [ -70.459187044348297, 18.722902976978354 ], [ -70.459155400298982, 18.722899066676522 ], [ -70.459123756836888, 18.72289522467528 ], [ -70.459092113916924, 18.722891445725683 ], [ -70.459070833925509, 18.722888849211039 ], [ -70.459060469810595, 18.722887528396043 ], [ -70.459028825008616, 18.722883529868714 ], [ -70.458997180694581, 18.722879588073173 ], [ -70.458965529440789, 18.722874837351021 ], [ -70.458933878984141, 18.722870179369718 ], [ -70.458902229259252, 18.722865606512745 ], [ -70.458874106773806, 18.722860262938184 ], [ -70.458870567215911, 18.722859597744876 ], [ -70.458838906314526, 18.722853721859575 ], [ -70.458807246486217, 18.722847970831889 ], [ -70.458775574348948, 18.7228407848554 ], [ -70.458743903531087, 18.722833752399549 ], [ -70.458732455532029, 18.722831247511827 ], [ -70.458712234003642, 18.722826870097176 ], [ -70.458680554538574, 18.722818829122197 ], [ -70.458648876605039, 18.722810966366204 ], [ -70.458617200171389, 18.722803278154402 ], [ -70.458612946010788, 18.722802059543341 ], [ -70.45858550881735, 18.722793850287218 ], [ -70.458553819018917, 18.722784603396811 ], [ -70.458522131266989, 18.722775594725277 ], [ -70.458513512555143, 18.722772715161433 ], [ -70.458490431030725, 18.722765130228368 ], [ -70.458458733702869, 18.722755004392361 ], [ -70.458427039149754, 18.722745201654615 ], [ -70.458421764770179, 18.722743310878943 ], [ -70.458395332569665, 18.722733996284436 ], [ -70.45836362921456, 18.722723166476328 ], [ -70.458335521994002, 18.722713863686504 ], [ -70.458331928514951, 18.722712645852464 ], [ -70.458300208177093, 18.722699834999055 ], [ -70.458268491759824, 18.722687480768574 ], [ -70.458260221670486, 18.722684331257216 ], [ -70.458236779066382, 18.722675560249403 ], [ -70.458205047978794, 18.722661494354281 ], [ -70.458189402642674, 18.722654763907364 ], [ -70.458173321638498, 18.72264798145881 ], [ -70.458141599770713, 18.722634989557935 ], [ -70.458120626435118, 18.722625180625776 ], [ -70.458109862432977, 18.722620193090908 ], [ -70.458078129348735, 18.72260589204414 ], [ -70.45805440630771, 18.722595577419195 ], [ -70.458046401206076, 18.722592166696082 ], [ -70.45801466208988, 18.722577161010918 ], [ -70.457990390748265, 18.72256595702672 ], [ -70.457982926424435, 18.722562557151928 ], [ -70.457951194053734, 18.722548336945707 ], [ -70.457926118405936, 18.722536338609686 ], [ -70.457919453082454, 18.722533113057032 ], [ -70.45788771220073, 18.722517898978474 ], [ -70.457864037747512, 18.722506703109953 ], [ -70.457855973329828, 18.722502918804182 ], [ -70.45782422518792, 18.722486856642977 ], [ -70.457804607188038, 18.722477046961814 ], [ -70.457792479036556, 18.722471025990885 ], [ -70.457760734833627, 18.722455421952695 ], [ -70.457746069616547, 18.722447383843374 ], [ -70.457728973019513, 18.722437762971811 ], [ -70.457697210909288, 18.72242006870276 ], [ -70.457692889598022, 18.7224176790094 ], [ -70.457665450762292, 18.722402602705674 ], [ -70.457641812322095, 18.722387957794787 ], [ -70.457633671927411, 18.722382955936226 ], [ -70.457601895830891, 18.722363627782624 ], [ -70.457592910795597, 18.722358219633175 ], [ -70.457570114481896, 18.722343686050692 ], [ -70.457548830942955, 18.722328443936174 ], [ -70.457538309355371, 18.722320969512033 ], [ -70.457506559933151, 18.722298654152045 ], [ -70.457506507361728, 18.722298617496495 ], [ -70.457474708426943, 18.722276621392133 ], [ -70.457464584066727, 18.722268862060766 ], [ -70.457442880515501, 18.722251243603395 ], [ -70.457427709333217, 18.722239030266358 ], [ -70.457411051320207, 18.722225714921731 ], [ -70.457390221635251, 18.72220920323327 ], [ -70.457379225236991, 18.722200548240494 ], [ -70.457354060497266, 18.72217936587014 ], [ -70.457347383009008, 18.722173496707676 ], [ -70.457319857840758, 18.722149513261083 ], [ -70.457315535063259, 18.72214577683399 ], [ -70.457285059294222, 18.722119665281216 ], [ -70.457283690944848, 18.722118502342418 ], [ -70.457251851865067, 18.722089804914873 ], [ -70.45725183450368, 18.722089788749724 ], [ -70.457219971437112, 18.722060300778427 ], [ -70.457219576252328, 18.722059937292308 ], [ -70.457188111463608, 18.722031172452475 ], [ -70.457186978844902, 18.722030072166909 ], [ -70.457156236837136, 18.722000332911591 ], [ -70.457156092361075, 18.722000193724689 ], [ -70.457125883278906, 18.721970310006807 ], [ -70.457124356324826, 18.721968805144662 ], [ -70.457095457463282, 18.721940427969351 ], [ -70.457092477845904, 18.721937513285834 ], [ -70.457066546672337, 18.72191053414064 ], [ -70.45706058146456, 18.721904130761395 ], [ -70.457038654810901, 18.721880632380543 ], [ -70.457028678350369, 18.721869960988087 ], [ -70.457010671147088, 18.721850731329727 ], [ -70.456996776363255, 18.721835921242313 ], [ -70.456983301674413, 18.721820825496462 ], [ -70.456964853326184, 18.72179942319184 ], [ -70.456957509028186, 18.721790907393178 ], [ -70.45693292598861, 18.721762421580404 ], [ -70.456931689388938, 18.721760989495657 ], [ -70.456905841357298, 18.721731071814787 ], [ -70.456900995749862, 18.721725079697872 ], [ -70.456882579298011, 18.721701134015838 ], [ -70.456869029036682, 18.72168347881626 ], [ -70.456859613496846, 18.721671193909142 ], [ -70.45683706089487, 18.721641709305612 ], [ -70.456836712615058, 18.721641253294109 ], [ -70.456816149327281, 18.721611294494657 ], [ -70.456805051064251, 18.721595071715988 ], [ -70.456796002369074, 18.72158133245437 ], [ -70.45677627783715, 18.721551367126011 ], [ -70.456773018731695, 18.721545805365768 ], [ -70.45675869976256, 18.721521385101322 ], [ -70.456741099485683, 18.721491403247196 ], [ -70.456740940097916, 18.721491131905776 ], [ -70.456723477883671, 18.721461421556789 ], [ -70.456708828947825, 18.721432660117667 ], [ -70.456708217095581, 18.721431421504125 ], [ -70.456693399013147, 18.721401418006899 ], [ -70.456678590084096, 18.721371414436906 ], [ -70.456676655291488, 18.721366888733812 ], [ -70.456665900878392, 18.721341749569731 ] ] ] } },
{ "type": "Feature", "properties": { "level": 775.0, "major": true }, "geometry": { "type": "MultiLineString", "coordinates": [ [ [ -70.456574761279612, 18.721431468095595 ], [ -70.45657523144591, 18.721432455692458 ], [ -70.456582517045817, 18.721447730727704 ], [ -70.456589552861061, 18.721462463062341 ], [ -70.45660614159911, 18.721492452798866 ], [ -70.456614641785166, 18.721507793488264 ], [ -70.456622994443734, 18.721522440479614 ], [ -70.456640101103176, 18.721552426184552 ], [ -70.456646723234513, 18.721562799798942 ], [ -70.456659237298382, 18.721582396104104 ], [ -70.456678387240871, 18.7216123659143 ], [ -70.45667876314161, 18.721612954067229 ], [ -70.456697548283856, 18.721642335635703 ], [ -70.456710785477043, 18.721661054831696 ], [ -70.456718968647877, 18.721672287783498 ], [ -70.456740838891534, 18.72170223642944 ], [ -70.456742771183045, 18.721704877619846 ], [ -70.456762781919878, 18.721732184506191 ], [ -70.456774746130222, 18.721747442564229 ], [ -70.456786291153065, 18.721762120398541 ], [ -70.456806703576646, 18.72178796280884 ], [ -70.456810062676212, 18.721792054247331 ], [ -70.456834675100069, 18.721821981552097 ], [ -70.456838645309105, 18.721826647059647 ], [ -70.456860198954317, 18.721851901763905 ], [ -70.456870575782602, 18.721864015436072 ], [ -70.456885874537988, 18.721881820791424 ], [ -70.456902503879107, 18.721901104707083 ], [ -70.456911997177329, 18.721911736337454 ], [ -70.456934415307515, 18.721936246923566 ], [ -70.456939360109757, 18.721941642231627 ], [ -70.456966323347828, 18.721970992148524 ], [ -70.456966834329464, 18.721971547255468 ], [ -70.456994418754491, 18.722001451417334 ], [ -70.456998229105977, 18.722005469480102 ], [ -70.457023760733392, 18.722031341902557 ], [ -70.457030116290312, 18.722037777614553 ], [ -70.457053294465055, 18.722061230890809 ], [ -70.457062003064493, 18.722070036455563 ], [ -70.457082868050648, 18.72209111956364 ], [ -70.457093887660349, 18.722102039660022 ], [ -70.457113863208974, 18.722120997172023 ], [ -70.457125757179583, 18.722132282050129 ], [ -70.457145354384465, 18.722150870915701 ], [ -70.457157626587872, 18.722162510164239 ], [ -70.457176857517268, 18.722180744560287 ], [ -70.457189492210389, 18.722192295181308 ], [ -70.457210527158082, 18.722210601343392 ], [ -70.457221340172367, 18.722220018097531 ], [ -70.457244788277762, 18.722240453517809 ], [ -70.457253188470332, 18.722247779007532 ], [ -70.457279003031928, 18.722270306045882 ], [ -70.457285035087196, 18.722275342550169 ], [ -70.457315730623222, 18.722300139015516 ], [ -70.457316865869998, 18.722301057356734 ], [ -70.45734869726229, 18.722326842160527 ], [ -70.457352554383803, 18.722329971228813 ], [ -70.457380529265421, 18.722352697113372 ], [ -70.457389764080474, 18.722359800431015 ], [ -70.457412342983403, 18.722376417564512 ], [ -70.4574302357112, 18.722389604243066 ], [ -70.457444154447202, 18.722399873997084 ], [ -70.457470593565702, 18.722419408930772 ], [ -70.457475966370851, 18.722423383068193 ], [ -70.457507762527158, 18.72244505163307 ], [ -70.457513796195641, 18.72244919147164 ], [ -70.457539555174264, 18.722466309879565 ], [ -70.457558490192838, 18.722478962395776 ], [ -70.457571348000798, 18.722487588147722 ], [ -70.457603124542771, 18.722506965804115 ], [ -70.457605963283413, 18.7225087116807 ], [ -70.45763490372893, 18.722526651091389 ], [ -70.457653727765475, 18.722538458684738 ], [ -70.457666684183977, 18.722546483559121 ], [ -70.457698445584924, 18.722564092548719 ], [ -70.45770572324632, 18.722568172746616 ], [ -70.457730209795812, 18.72258202856386 ], [ -70.457757810172467, 18.722597886081132 ], [ -70.457761976908756, 18.722600302327745 ], [ -70.457793727391476, 18.722616635559351 ], [ -70.457814706666483, 18.722627561965339 ], [ -70.457825479474792, 18.722633154796185 ], [ -70.457857233531641, 18.722649903523749 ], [ -70.457872024267161, 18.722657234553193 ], [ -70.457888979667274, 18.722665727679114 ], [ -70.457920728731025, 18.722681892676174 ], [ -70.457930425809693, 18.722686898684771 ], [ -70.457952480801296, 18.722698407641015 ], [ -70.457984229596278, 18.722714539933289 ], [ -70.457988167362615, 18.722716567934381 ], [ -70.458015982454469, 18.722731145410979 ], [ -70.458044220183737, 18.722746250311062 ], [ -70.458047738778845, 18.722748154415413 ], [ -70.458079487917047, 18.722764324678295 ], [ -70.458101837714338, 18.72277592048848 ], [ -70.458111240126684, 18.722780852436536 ], [ -70.458142995509206, 18.722797749496699 ], [ -70.458159329248943, 18.722805591627768 ], [ -70.458174736418286, 18.722812958117203 ], [ -70.458206479120719, 18.722828375219311 ], [ -70.458220387031659, 18.722835234982675 ], [ -70.458238224701475, 18.722844127303294 ], [ -70.458269952593653, 18.722857816225019 ], [ -70.458285928951184, 18.722864843402938 ], [ -70.45830168355424, 18.722871862352129 ], [ -70.458333417684727, 18.722886277498489 ], [ -70.458353897520155, 18.722894432904038 ], [ -70.45836513634498, 18.722898888324664 ], [ -70.458396856569138, 18.722911680972018 ], [ -70.458426608453095, 18.722923985451377 ], [ -70.458428579694043, 18.722924811287697 ], [ -70.45846028813483, 18.722936229114396 ], [ -70.458491998541419, 18.722947875656931 ], [ -70.458507029874895, 18.722953477925934 ], [ -70.458523710976223, 18.72295975817616 ], [ -70.458555408002084, 18.722969843878474 ], [ -70.458587106443545, 18.722980094202612 ], [ -70.458595710560843, 18.722982906043857 ], [ -70.458618805614137, 18.722990429112901 ], [ -70.458650492878974, 18.722999375762459 ], [ -70.458682181205361, 18.723008445801966 ], [ -70.458695340745564, 18.72301224884102 ], [ -70.458713870612286, 18.72301764143651 ], [ -70.458745549399666, 18.723025598876117 ], [ -70.45877722896067, 18.723033646178624 ], [ -70.458807766743377, 18.723041491918995 ], [ -70.458808909328013, 18.723041787155896 ], [ -70.458840579080984, 18.72304869066906 ], [ -70.458872249605776, 18.723055683877568 ], [ -70.458903920931931, 18.723062770221329 ], [ -70.458935581755199, 18.723068632221803 ], [ -70.458945759047779, 18.723070535777989 ], [ -70.458967243196298, 18.723074566013128 ], [ -70.458998905223311, 18.723080567868514 ], [ -70.459030560131851, 18.723085739925221 ], [ -70.459062215715093, 18.723090990426421 ], [ -70.45909387201398, 18.723096324134996 ], [ -70.459112198141213, 18.723099357920383 ], [ -70.459125527677202, 18.723101583577851 ], [ -70.459157184117871, 18.723106933428042 ], [ -70.459188841384034, 18.723112379275246 ], [ -70.459220499333014, 18.723117904491197 ], [ -70.459252158167743, 18.723123532713391 ], [ -70.459277915372212, 18.723128185535536 ], [ -70.459283817867473, 18.723129261520643 ], [ -70.459315479955436, 18.723135268385487 ], [ -70.459347143033767, 18.723141390417389 ], [ -70.459378807113964, 18.723147628954582 ], [ -70.459410481270226, 18.723155041196801 ], [ -70.459419560840786, 18.723157200572526 ], [ -70.459442158291992, 18.723162787002671 ], [ -70.459473838141889, 18.723170861994923 ], [ -70.459505535865745, 18.723181018988743 ], [ -70.459522159963115, 18.723186519779748 ], [ -70.459537237371464, 18.723191616155624 ], [ -70.459568942865673, 18.723202677536619 ], [ -70.459600664872724, 18.723215662088403 ], [ -70.459601521315363, 18.72321602002496 ], [ -70.459632391544545, 18.723229189506558 ], [ -70.459664123130949, 18.723243288849925 ], [ -70.459668972110748, 18.723245613060104 ], [ -70.459695871279791, 18.72325931687557 ], [ -70.45972623410492, 18.723275285479382 ], [ -70.459727625319118, 18.723276030364641 ], [ -70.459759384675849, 18.723293362519321 ], [ -70.459778505337823, 18.723304996778456 ], [ -70.459791162685818, 18.72331286660474 ], [ -70.459822948190336, 18.723333242781301 ], [ -70.459825245712665, 18.723334751171361 ], [ -70.459854750524556, 18.723355578260605 ], [ -70.459866131811822, 18.723364551183337 ], [ -70.459886579653173, 18.723381033478447 ], [ -70.459902722522514, 18.723394384667191 ], [ -70.459918418882552, 18.723407663982076 ], [ -70.459937520941878, 18.723424232113942 ], [ -70.45995027817689, 18.723436630151209 ], [ -70.45996697554618, 18.723454121209411 ], [ -70.459982179828586, 18.723470527991203 ], [ -70.459994368461139, 18.723484026371089 ], [ -70.460014099816789, 18.723506559749996 ], [ -70.460020403714495, 18.723513942111701 ], [ -70.460042020778445, 18.72354389229055 ], [ -70.460046080648297, 18.723549675376894 ], [ -70.460062087887479, 18.723573854549372 ], [ -70.460078114216714, 18.72359893035156 ], [ -70.460081176862744, 18.723603824430889 ], [ -70.460097082538539, 18.723633819126768 ], [ -70.460110244891936, 18.723659491025707 ], [ -70.460112424052014, 18.723663818219087 ], [ -70.460127237069997, 18.72369382142994 ], [ -70.460139406370686, 18.723723845250142 ], [ -70.460142474506853, 18.723731569967583 ], [ -70.460150993739504, 18.723753873606096 ], [ -70.460162171478402, 18.723783905154608 ], [ -70.460170996535865, 18.723813955044548 ], [ -70.460174909236386, 18.723827529520612 ], [ -70.460179598922551, 18.72384400666984 ], [ -70.460187987130311, 18.723874059964309 ], [ -70.460194412248541, 18.723904128563447 ], [ -70.460200736409845, 18.723934197949262 ], [ -70.460206959736027, 18.723964268120813 ], [ -70.460207731685983, 18.723968630043625 ], [ -70.460212273397858, 18.723994345384288 ], [ -70.460217565530428, 18.724024422815269 ], [ -70.460222836271015, 18.724054500412677 ], [ -70.460227852058708, 18.724084579997552 ], [ -70.460232903780295, 18.724114659301929 ], [ -70.46023798986171, 18.724144738338072 ], [ -70.460241015658866, 18.724163460652161 ], [ -70.460242885978502, 18.724174818855005 ], [ -70.460247899538913, 18.724204898455916 ], [ -70.460252995897775, 18.724234977410923 ], [ -70.46025825480659, 18.724265055098183 ], [ -70.460263633024738, 18.724295131854834 ], [ -70.460269141643181, 18.72432520759439 ], [ -70.460274221562869, 18.724349190836776 ], [ -70.460275528145871, 18.724355276488584 ], [ -70.460282091020531, 18.724385344007132 ], [ -70.460288837992692, 18.724415410089765 ], [ -70.460296960137796, 18.724445465449318 ], [ -70.460305292811597, 18.724475519166692 ], [ -70.460306968479614, 18.724481472270561 ], [ -70.460313840629155, 18.724505571205853 ], [ -70.460319909452394, 18.724526941706216 ] ] ] } },
{ "type": "Feature", "properties": { "level": 780.0, "major": false }, "geometry": { "type": "MultiLineString", "coordinates": [ [ [ -70.456488858896208, 18.721516030944287 ], [ -70.456492843498239, 18.721523452569265 ], [ -70.456508958771352, 18.721553445996523 ], [ -70.456520363752077, 18.721572327573945 ], [ -70.456527240858136, 18.721583422572536 ], [ -70.456545834351928, 18.721613396724713 ], [ -70.456552416634992, 18.721624000679 ], [ -70.456564447601622, 18.721643370720923 ], [ -70.456584444778187, 18.721672783204628 ], [ -70.45658481818819, 18.721673331048926 ], [ -70.456605293136107, 18.721703290562612 ], [ -70.456616455753533, 18.721719559309964 ], [ -70.456626104489501, 18.721733247457404 ], [ -70.456648438997107, 18.721763095933618 ], [ -70.456648511122239, 18.721763191943115 ], [ -70.4566710934089, 18.721793135059528 ], [ -70.456680411878366, 18.721805420941383 ], [ -70.456693856810062, 18.721823076764096 ], [ -70.456712376557022, 18.721846786528285 ], [ -70.456717390334774, 18.721853012475879 ], [ -70.456741666183817, 18.721882942410776 ], [ -70.456744324510694, 18.721886197952902 ], [ -70.456766234196991, 18.721912870069609 ], [ -70.456776265580615, 18.721924804090385 ], [ -70.456791498172052, 18.721942792311644 ], [ -70.456808197431755, 18.721962332447404 ], [ -70.4568173036904, 18.721972710337614 ], [ -70.456840118248508, 18.721998571181263 ], [ -70.456843709132684, 18.722002623693193 ], [ -70.456870715914462, 18.722032532367102 ], [ -70.456872031976729, 18.722033980936637 ], [ -70.456898039108026, 18.722062438575325 ], [ -70.45690394110332, 18.722068852036948 ], [ -70.456926171113011, 18.722092338487577 ], [ -70.45693583879725, 18.722102387248373 ], [ -70.456955042608016, 18.722122232642725 ], [ -70.456967730838514, 18.7221352612526 ], [ -70.456984249278747, 18.722152124185452 ], [ -70.456999619294805, 18.722167715408894 ], [ -70.457014037538499, 18.722182011198768 ], [ -70.457031497116446, 18.722198927021338 ], [ -70.457044946028262, 18.722211889492225 ], [ -70.457063369925649, 18.722229552296138 ], [ -70.457076176749567, 18.722241765273093 ], [ -70.45709523991269, 18.722259846882373 ], [ -70.457108138686053, 18.722271635359522 ], [ -70.457127093595929, 18.722288237545481 ], [ -70.457142285376932, 18.722301488443062 ], [ -70.45715894155289, 18.722315958746332 ], [ -70.457176721898421, 18.722331339264723 ], [ -70.457190787632683, 18.722343459688759 ], [ -70.457212024500734, 18.722361183341057 ], [ -70.457222623045396, 18.722369714710744 ], [ -70.457249157566011, 18.722391013168401 ], [ -70.457254452325543, 18.72239525301142 ], [ -70.457286280585109, 18.722420671117447 ], [ -70.457286499305482, 18.722420841363913 ], [ -70.457318102980764, 18.722445403922219 ], [ -70.457324880400037, 18.722450661464187 ], [ -70.45734991933891, 18.722469431216343 ], [ -70.457364675748963, 18.722480470551485 ], [ -70.457381733578018, 18.722493210234301 ], [ -70.457405571543774, 18.72251027106666 ], [ -70.457413539155198, 18.722515977625076 ], [ -70.457445345026059, 18.722538778299388 ], [ -70.457447140397107, 18.722540066334613 ], [ -70.457477145762397, 18.722560978965458 ], [ -70.457490656271759, 18.722569846441374 ], [ -70.457508935676586, 18.722581916128878 ], [ -70.457535513232386, 18.722599616100847 ], [ -70.457540727797948, 18.722603109887054 ], [ -70.457572522150059, 18.72262456297419 ], [ -70.457580207929396, 18.722629387011288 ], [ -70.457604301440014, 18.722644258057823 ], [ -70.457628086858037, 18.722659133129106 ], [ -70.457636082661168, 18.722664177582786 ], [ -70.45766786693477, 18.72268445233092 ], [ -70.457675517760393, 18.722688882720401 ], [ -70.457699636469002, 18.722703006899483 ], [ -70.457725806452473, 18.72271861005661 ], [ -70.457731409188739, 18.722721932258487 ], [ -70.457763183281799, 18.722741017000974 ], [ -70.457776619203003, 18.72274833329929 ], [ -70.457794943358337, 18.722758466053499 ], [ -70.457826708186118, 18.722776468540495 ], [ -70.457829435878281, 18.722778040929459 ], [ -70.457858477991479, 18.722795050824235 ], [ -70.457881458548385, 18.722807754723885 ], [ -70.457890238891594, 18.722812593688484 ], [ -70.457922002096282, 18.722830404593807 ], [ -70.457934350291978, 18.722837461737726 ], [ -70.457953769583384, 18.722848714188061 ], [ -70.457985531797732, 18.72286640808073 ], [ -70.45798688401436, 18.722867171522381 ], [ -70.458017298026192, 18.722884569359156 ], [ -70.458038378483337, 18.722896889381339 ], [ -70.458049066881301, 18.72290303618415 ], [ -70.458080824245087, 18.722920162160474 ], [ -70.458092534551227, 18.722926586504506 ], [ -70.458112585376782, 18.722937726802471 ], [ -70.458144350440421, 18.722955749210083 ], [ -70.458145410484974, 18.722956293576956 ], [ -70.458176102479882, 18.722972252139169 ], [ -70.458201909454175, 18.722985972425878 ], [ -70.45820785724672, 18.722989072400207 ], [ -70.458239611726498, 18.72300585848534 ], [ -70.458260298766959, 18.723015636538452 ], [ -70.458271351590568, 18.723020939678261 ], [ -70.458303095427709, 18.723036483492411 ], [ -70.458320651624405, 18.723045285342881 ], [ -70.458334843414676, 18.723052510505532 ], [ -70.458366577255276, 18.723066887498433 ], [ -70.458383877690451, 18.723074911754047 ], [ -70.458398312637684, 18.723081443653697 ], [ -70.458430048886683, 18.723096100238791 ], [ -70.45845127215226, 18.723104505683395 ], [ -70.458461767652224, 18.723108717927484 ], [ -70.45849348935873, 18.723121677960673 ], [ -70.458523032245068, 18.723134065590344 ], [ -70.458525214114999, 18.723134993001452 ], [ -70.458556922317499, 18.723146377720195 ], [ -70.458588633204158, 18.723158074881621 ], [ -70.458603207775482, 18.723163559930786 ], [ -70.458620344607752, 18.723169831827821 ], [ -70.458652042817633, 18.723180050328203 ], [ -70.458683744349614, 18.723190655665757 ], [ -70.458690588681662, 18.723192998117909 ], [ -70.458715449395697, 18.72320167018929 ], [ -70.458747139699511, 18.723210965906588 ], [ -70.458778832123016, 18.723220508322306 ], [ -70.458784959187952, 18.72322238182204 ], [ -70.458810526723894, 18.723230304142881 ], [ -70.458842205568928, 18.723238263190392 ], [ -70.458873885414135, 18.723246338502271 ], [ -70.458894464768676, 18.723251647584451 ], [ -70.458905565752346, 18.723254470957784 ], [ -70.458937236346173, 18.723261467439883 ], [ -70.458968908462111, 18.723268641048538 ], [ -70.459000582179144, 18.723276000975041 ], [ -70.4590224122949, 18.723280769617425 ], [ -70.459032252361851, 18.723282948739108 ], [ -70.459063924201118, 18.723290089288763 ], [ -70.459095597787112, 18.723297433115754 ], [ -70.459127270448477, 18.723304668916736 ], [ -70.45914969319297, 18.723309896753712 ], [ -70.459158944613549, 18.723312079662456 ], [ -70.459190620303104, 18.723319667764784 ], [ -70.459222296275883, 18.723327288576826 ], [ -70.459253973724486, 18.723335081058181 ], [ -70.45926994978889, 18.72333907853001 ], [ -70.459285653621592, 18.723343158532092 ], [ -70.459317344488056, 18.723352513773861 ], [ -70.459349038839818, 18.723362274721723 ], [ -70.459368353156236, 18.723368430506788 ], [ -70.45938073687411, 18.723372464330758 ], [ -70.459412458047879, 18.723385349421402 ], [ -70.459442151630597, 18.723397974161134 ], [ -70.459444184589628, 18.723398859371031 ], [ -70.459475916905404, 18.723413041444932 ], [ -70.459504071109507, 18.723427610354406 ], [ -70.459507669243621, 18.723429555509078 ], [ -70.459539430522341, 18.723447110410792 ], [ -70.459557325694831, 18.723457314051352 ], [ -70.459571197995359, 18.723465386165838 ], [ -70.459602977365535, 18.723485047050438 ], [ -70.459606140708601, 18.72348705233069 ], [ -70.459634764478409, 18.723505609027249 ], [ -70.459651505196419, 18.723516817487905 ], [ -70.459666563007417, 18.723527499935063 ], [ -70.459690900319814, 18.723546629156758 ], [ -70.459698390344272, 18.723552745501834 ], [ -70.459726208680451, 18.723576472668373 ], [ -70.459730235332728, 18.723580046023507 ], [ -70.459758650262344, 18.7236063385165 ], [ -70.459762103071057, 18.723609995186688 ], [ -70.459784816759736, 18.723636253267976 ], [ -70.459794035105006, 18.723647431793488 ], [ -70.459808935891417, 18.723666183973144 ], [ -70.45982600059456, 18.723688763340075 ], [ -70.459831371756962, 18.723696127794877 ], [ -70.459849898096522, 18.72372610208674 ], [ -70.45985804982999, 18.723739846754583 ], [ -70.459867564295692, 18.723756083080865 ], [ -70.459884530104631, 18.723786069532288 ], [ -70.459890160212325, 18.723798049315622 ], [ -70.459898463102988, 18.723816079622299 ], [ -70.459911846806719, 18.723846093992648 ], [ -70.459922393930526, 18.723870613140637 ], [ -70.459924713538541, 18.723876112391501 ], [ -70.45993453885464, 18.723906154497445 ], [ -70.459944067241082, 18.723936198917212 ], [ -70.459953306312826, 18.723966245591484 ], [ -70.45995488647209, 18.723973315817172 ], [ -70.459960045250781, 18.723996311754373 ], [ -70.45996669494366, 18.724026378612496 ], [ -70.459973240935724, 18.724056446278535 ], [ -70.459978070376209, 18.724086527325422 ], [ -70.459982873219957, 18.72411660857933 ], [ -70.459987643721632, 18.724146690085039 ], [ -70.459988011504549, 18.724149670303234 ], [ -70.459991355562437, 18.72417677984329 ], [ -70.459995063506597, 18.724206869631676 ], [ -70.459998767528305, 18.724236959450391 ], [ -70.460001889352782, 18.72426705380747 ], [ -70.460005034976746, 18.724297147978806 ], [ -70.460008198601457, 18.724327242009601 ], [ -70.46001129226147, 18.724357336585612 ], [ -70.460014434564769, 18.724387430782208 ], [ -70.460017627196351, 18.72441752458624 ], [ -70.460021358828968, 18.724447614188112 ], [ -70.460022240960114, 18.724454626042277 ], [ -70.460025180263557, 18.724477703089658 ], [ -70.460029097933017, 18.724507791240711 ], [ -70.460033147497654, 18.724537878363272 ], [ -70.460037327039217, 18.724567964472282 ], [ -70.460041643358807, 18.724598049514693 ], [ -70.460044711470857, 18.724628144287859 ], [ -70.460047877957706, 18.724658238293877 ], [ -70.460051142328879, 18.72468833153658 ], [ -70.460053068649728, 18.724718435210612 ], [ -70.460055043908724, 18.724748538502965 ], [ -70.460056571933151, 18.724771383962107 ], [ -70.460057076017932, 18.72477864135195 ], [ -70.460058317506736, 18.724808750364566 ], [ -70.460059583901412, 18.724838859182896 ], [ -70.460060542815398, 18.724861341803646 ] ] ] } },
{ "type": "Feature", "properties": { "level": 785.0, "major": false }, "geometry": { "type": "MultiLineString", "coordinates": [ [ [ -70.456407001240379, 18.721596612027568 ], [ -70.456417535411973, 18.721614394364551 ], [ -70.456426015261229, 18.721628643750844 ], [ -70.456435489209866, 18.721644373502556 ], [ -70.456454908818628, 18.721674341240551 ], [ -70.456458058338285, 18.721679173820416 ], [ -70.456474518886594, 18.721704307495038 ], [ -70.456490085883331, 18.721727888193545 ], [ -70.456494321133832, 18.721734272252576 ], [ -70.456515134961904, 18.721764229141321 ], [ -70.456522092312397, 18.721774135093352 ], [ -70.456536448328805, 18.721794182142688 ], [ -70.456554083521596, 18.721818603043531 ], [ -70.456558099592755, 18.721824132513461 ], [ -70.456580053547469, 18.721854080527301 ], [ -70.456586067270251, 18.721862198014367 ], [ -70.456602373629195, 18.72188402569077 ], [ -70.456618042109724, 18.721904750961158 ], [ -70.456625182594053, 18.721913967049083 ], [ -70.456648696415797, 18.721943902922433 ], [ -70.456650001913317, 18.721945546746266 ], [ -70.456672704911341, 18.721973834945143 ], [ -70.45668195192269, 18.721985197378643 ], [ -70.456697222213037, 18.722003763007088 ], [ -70.456713890448938, 18.722023505792482 ], [ -70.456722644216924, 18.722033684029036 ], [ -70.456745816780213, 18.722060388993476 ], [ -70.456748623545934, 18.722063600712321 ], [ -70.456774973457598, 18.722093514509105 ], [ -70.456777737493894, 18.722096614834566 ], [ -70.456801835744798, 18.722123424316372 ], [ -70.456809651324377, 18.722132035632352 ], [ -70.456829346078052, 18.722153329078655 ], [ -70.456841556263441, 18.722166417048637 ], [ -70.456857361139427, 18.722183229910396 ], [ -70.456873454059675, 18.722199963249395 ], [ -70.456886224683615, 18.722213124137532 ], [ -70.456905344383657, 18.722232635846318 ], [ -70.456915735959029, 18.722243013321169 ], [ -70.456937226270455, 18.722264322278015 ], [ -70.456945932512937, 18.722272897168921 ], [ -70.456969097970983, 18.72229481848791 ], [ -70.456977575120348, 18.722302769762528 ], [ -70.457000962805594, 18.722324512058584 ], [ -70.457009857118123, 18.72233263737623 ], [ -70.457032821404056, 18.722353476549923 ], [ -70.457042834058811, 18.722362499577503 ], [ -70.457064671430032, 18.722381439355036 ], [ -70.457077351118741, 18.72239234979105 ], [ -70.457096515617991, 18.722408719655458 ], [ -70.457112704424105, 18.722422193491795 ], [ -70.457128352618497, 18.722435160026698 ], [ -70.457148816381448, 18.722452031282891 ], [ -70.457160185628155, 18.722461133543536 ], [ -70.457186264109239, 18.72248185867392 ], [ -70.457192012571767, 18.722486398087234 ], [ -70.457223833279429, 18.722510933881672 ], [ -70.457224802021457, 18.722511677574726 ], [ -70.457255652207806, 18.722535260999898 ], [ -70.457263845679719, 18.722541492531789 ], [ -70.45728746480539, 18.722558848378423 ], [ -70.457304687779242, 18.722571293486777 ], [ -70.457319271990841, 18.722581803258603 ], [ -70.457346130264725, 18.722601089760374 ], [ -70.457351078111557, 18.722604632921907 ], [ -70.457382883156626, 18.722627336103553 ], [ -70.457387962117863, 18.722630882994121 ], [ -70.457414681865117, 18.722649299014652 ], [ -70.457431188819029, 18.722660665363769 ], [ -70.457446479941353, 18.722671187220676 ], [ -70.457474494193093, 18.722690447110214 ], [ -70.457478277778009, 18.722693046536033 ], [ -70.45751006962081, 18.722714205653805 ], [ -70.457519053590488, 18.722720219087048 ], [ -70.457541863206558, 18.722735567198875 ], [ -70.457563307589467, 18.722749993428863 ], [ -70.457573657028703, 18.722756955406894 ], [ -70.45760544252721, 18.722777371710553 ], [ -70.457609134190932, 18.722779755520683 ], [ -70.457637229715885, 18.722797984303323 ], [ -70.457654884812499, 18.722809518191543 ], [ -70.457669019613078, 18.722818911963202 ], [ -70.457700799868832, 18.722838714085512 ], [ -70.45770169105468, 18.722839272634424 ], [ -70.457732582093556, 18.722858745037282 ], [ -70.45774875076674, 18.72286902509174 ], [ -70.457764366345117, 18.72287901154569 ], [ -70.457796140822808, 18.722898137180735 ], [ -70.457797175209691, 18.722898766913918 ], [ -70.457827918598511, 18.722917646672943 ], [ -70.457845486223874, 18.722928509605346 ], [ -70.457859697944102, 18.722937338434317 ], [ -70.457891469599716, 18.722956132472781 ], [ -70.45789500378585, 18.722958242891515 ], [ -70.457923244068454, 18.722975253803025 ], [ -70.45794408745158, 18.722987979540978 ], [ -70.457955021231072, 18.722994688496975 ], [ -70.457986792476191, 18.72301343225309 ], [ -70.457993986476652, 18.723017709829303 ], [ -70.458018565804437, 18.723032418146886 ], [ -70.458043426894292, 18.723047443673327 ], [ -70.458050341245922, 18.72305164967613 ], [ -70.458082108882081, 18.723069970177114 ], [ -70.458094439358945, 18.723077165264712 ], [ -70.458113878403296, 18.72308850972053 ], [ -70.458145171142277, 18.723106889026226 ], [ -70.458145648973627, 18.723107170817482 ], [ -70.458177408007003, 18.7231244858385 ], [ -70.458199332369134, 18.723136586072535 ], [ -70.458209169226549, 18.723142055049252 ], [ -70.458240932683609, 18.723159884414613 ], [ -70.458253258338999, 18.723166284933619 ], [ -70.45827268544916, 18.723176466413872 ], [ -70.458304440046106, 18.723193261251382 ], [ -70.458309520234266, 18.72319596558992 ], [ -70.45833619627372, 18.723210245509403 ], [ -70.458367938601285, 18.723225608437275 ], [ -70.458367981023258, 18.723225629106253 ], [ -70.458399682728981, 18.723241180599409 ], [ -70.458428054872755, 18.723255280042302 ], [ -70.458431428721525, 18.723256969528254 ], [ -70.458463157640423, 18.723270767305166 ], [ -70.458494887990611, 18.723284731372523 ], [ -70.458495214173524, 18.723284875781673 ], [ -70.458526619781438, 18.723298862809937 ], [ -70.458558341782279, 18.723311852398162 ], [ -70.458564603585955, 18.723314454128175 ], [ -70.45859006654419, 18.723325163317135 ], [ -70.458621794133279, 18.723338803251558 ], [ -70.458634987716721, 18.723344024700523 ], [ -70.458653513537939, 18.723351488591639 ], [ -70.458685235161568, 18.723364432063466 ], [ -70.458707350366041, 18.723373579835322 ], [ -70.458716958601755, 18.723377586746548 ], [ -70.458748663329175, 18.723388559747857 ], [ -70.458780370115363, 18.723399772270444 ], [ -70.458789533910803, 18.723403058447193 ], [ -70.458812079026998, 18.723411232067857 ], [ -70.458843772521917, 18.72342089456561 ], [ -70.458875468238773, 18.723430815642246 ], [ -70.458880662902573, 18.723432467342082 ], [ -70.458907167351072, 18.723441132048759 ], [ -70.458938860294225, 18.723450729070624 ], [ -70.458970555786394, 18.723460622777125 ], [ -70.458974436902167, 18.723461855586336 ], [ -70.459002253971633, 18.72347082993458 ], [ -70.459033949922883, 18.723480776344356 ], [ -70.45906564864562, 18.72349104532913 ], [ -70.45906629663989, 18.723491258694377 ], [ -70.459097350265452, 18.723501651502627 ], [ -70.459129048744828, 18.723511891299424 ], [ -70.459155517655418, 18.723520682313243 ], [ -70.459160750453833, 18.723522507020615 ], [ -70.459192457669346, 18.723533763949177 ], [ -70.459224169348289, 18.723545540503974 ], [ -70.459236330882575, 18.723550171395406 ], [ -70.459255884795951, 18.72355775569946 ], [ -70.459287604241752, 18.723570436239584 ], [ -70.459307580749254, 18.723579734955891 ], [ -70.459319342612162, 18.723585321210269 ], [ -70.459351086273756, 18.723600822033831 ], [ -70.459368072362054, 18.72360938231655 ], [ -70.459382838205755, 18.723617285772431 ], [ -70.45941461494246, 18.723636638673554 ], [ -70.459418602814736, 18.723639107276956 ], [ -70.459446396621757, 18.72365656657518 ], [ -70.459465545660137, 18.723668860179266 ], [ -70.459478183464469, 18.723677095158518 ], [ -70.459507890643053, 18.723698648899017 ], [ -70.459509993662522, 18.723700343674668 ], [ -70.459541832662381, 18.723726946412928 ], [ -70.459543614091132, 18.723728489209964 ], [ -70.459573688089634, 18.723755461631576 ], [ -70.459576475505003, 18.723758351817654 ], [ -70.45960411275901, 18.723788255132558 ], [ -70.459605597937212, 18.723790314918396 ], [ -70.459625103757304, 18.723818210240228 ], [ -70.459637609019438, 18.72383695898376 ], [ -70.459644870887033, 18.723848174883344 ], [ -70.459663520043222, 18.723878148237013 ], [ -70.459669687526784, 18.723891454755154 ], [ -70.459677070422146, 18.723908161327156 ], [ -70.45969008756164, 18.723938178571942 ], [ -70.459701939545809, 18.723966158504243 ], [ -70.459702793189336, 18.723968198243355 ], [ -70.459712042172754, 18.723998244854659 ], [ -70.459721119811064, 18.724028292800703 ], [ -70.459730027736626, 18.724058342068769 ], [ -70.459734522587752, 18.724079414870385 ], [ -70.459736427150887, 18.724088410887909 ], [ -70.459742732101944, 18.724118480442858 ], [ -70.459748944752889, 18.724148550716784 ], [ -70.459753261903245, 18.724178635764364 ], [ -70.459757550828428, 18.724208721031648 ], [ -70.459761806622481, 18.724238806556897 ], [ -70.459764306379185, 18.724268905769083 ], [ -70.459766809810219, 18.724299004952464 ], [ -70.459768157608011, 18.724315191441182 ], [ -70.459769310989429, 18.72432910415321 ], [ -70.45977048258294, 18.724359213717158 ], [ -70.459771669907767, 18.72438932315837 ], [ -70.459772867898266, 18.724419432516331 ], [ -70.459773266224829, 18.724449548107131 ], [ -70.459773665319972, 18.724479663691856 ], [ -70.459774071306697, 18.724509779222743 ], [ -70.45977357479137, 18.724539901788113 ], [ -70.459773053715224, 18.724570024544843 ], [ -70.459772500725094, 18.724600147550252 ], [ -70.459770825758511, 18.724625951650935 ], [ -70.459770534726346, 18.724630281569329 ], [ -70.459768460100676, 18.724660416435036 ], [ -70.459766286795627, 18.724690552069827 ], [ -70.459763158186504, 18.724720695150701 ], [ -70.459759878142052, 18.724750839411872 ], [ -70.459756436274432, 18.724780984934284 ], [ -70.459752503934482, 18.724811134279616 ], [ -70.459748355598848, 18.724841285308436 ], [ -70.459743970836712, 18.724871438179985 ], [ -70.459741429775761, 18.724883913789622 ], [ -70.459737736835791, 18.724901605465256 ], [ -70.459731185410291, 18.724931775224501 ], [ -70.459724295109922, 18.724961947624905 ], [ -70.459715475553324, 18.724992135062454 ], [ -70.459710879499255, 18.725007441345355 ], [ -70.459706327972626, 18.725022325056425 ], [ -70.459696836343227, 18.725052517731658 ], [ -70.459687699782734, 18.725081409126386 ] ] ] } },
{ "type": "Feature", "properties": { "level": 790.0, "major": false }, "geometry": { "type": "MultiLineString", "coordinates": [ [ [ -70.456326980544603, 18.721675384694436 ], [ -70.456331649069469, 18.721682900608911 ], [ -70.456345615204341, 18.721705309792128 ], [ -70.456363696634313, 18.721733956491342 ], [ -70.456364539206646, 18.721735281393308 ], [ -70.45638420583856, 18.721765247217803 ], [ -70.456395722972985, 18.721782531701656 ], [ -70.456404253121718, 18.721795210079971 ], [ -70.456424690845836, 18.721825169903518 ], [ -70.456427736583194, 18.721829618580898 ], [ -70.456445298706072, 18.721855128401366 ], [ -70.456459742651973, 18.72187582283345 ], [ -70.456466264793988, 18.72188508411088 ], [ -70.456487610919339, 18.72191503686232 ], [ -70.4564917385417, 18.721920836586076 ], [ -70.45650908663626, 18.72194498860306 ], [ -70.45652372800761, 18.721965098339066 ], [ -70.456531040154729, 18.721974936625259 ], [ -70.456553639622058, 18.722004879621164 ], [ -70.456555702047126, 18.722007557147151 ], [ -70.456576977968311, 18.722034816867826 ], [ -70.456587661057938, 18.722048259574013 ], [ -70.456600941868743, 18.722064749246254 ], [ -70.456619607724051, 18.722087519070442 ], [ -70.456625595978366, 18.72209467625337 ], [ -70.456651083901264, 18.722124596772073 ], [ -70.456651540254086, 18.722125126625528 ], [ -70.456677126903713, 18.722154512969738 ], [ -70.456683463894251, 18.722161694760427 ], [ -70.456703743122489, 18.722184424705073 ], [ -70.456715378673024, 18.722197226877487 ], [ -70.456730946246878, 18.722214331871346 ], [ -70.456747287596201, 18.722232073906241 ], [ -70.456758605731309, 18.722244235483611 ], [ -70.456779189418484, 18.722266090540359 ], [ -70.45678684483012, 18.722274134583007 ], [ -70.456811078699516, 18.722298641833017 ], [ -70.456816486248243, 18.722304022770309 ], [ -70.456842958459134, 18.722330080357711 ], [ -70.456846884633052, 18.722333905064435 ], [ -70.456874832396721, 18.722360837972371 ], [ -70.4568779198583, 18.722363782399366 ], [ -70.456906694288833, 18.722390188369488 ], [ -70.456910525064544, 18.722393647516366 ], [ -70.456938549041993, 18.722418704288206 ], [ -70.456943975315113, 18.722423506053598 ], [ -70.456970399027711, 18.722446662561705 ], [ -70.45697812086334, 18.722453359175429 ], [ -70.457002240690102, 18.722473648240168 ], [ -70.457013687744691, 18.722483201233608 ], [ -70.457034077708329, 18.722500090756654 ], [ -70.457049840942574, 18.722513038723079 ], [ -70.457065911372439, 18.722526140700193 ], [ -70.45708660855135, 18.722542871424924 ], [ -70.457097740127892, 18.722551616686037 ], [ -70.457125137688593, 18.722572690414562 ], [ -70.457129560100256, 18.722576066631827 ], [ -70.457161376965459, 18.722600152940835 ], [ -70.457164506400829, 18.722602502863555 ], [ -70.457193190801448, 18.722623884734677 ], [ -70.457204714214015, 18.722632308775044 ], [ -70.457224998378294, 18.722646885149675 ], [ -70.457246320241751, 18.722662103798349 ], [ -70.457256803065903, 18.722669547449314 ], [ -70.457288489486004, 18.722691894429278 ], [ -70.457288605758649, 18.722691976010651 ], [ -70.457320407266351, 18.72271426533991 ], [ -70.45733104552005, 18.722721682040181 ], [ -70.457352209926114, 18.722736688130837 ], [ -70.457373205966647, 18.7227514727185 ], [ -70.457384012008532, 18.722759042596273 ], [ -70.457415811657441, 18.722781112185462 ], [ -70.457416022999794, 18.722781258277248 ], [ -70.457447609825152, 18.722803008019639 ], [ -70.457459336490828, 18.722811039961996 ], [ -70.457479409982156, 18.72282513499254 ], [ -70.457502133181706, 18.72284082565734 ], [ -70.457511208589494, 18.722847080231119 ], [ -70.457543006474793, 18.722868940295392 ], [ -70.457545436508141, 18.722870607399255 ], [ -70.457574803642188, 18.72289071567473 ], [ -70.457589331272857, 18.72290038452741 ], [ -70.457606598302803, 18.722912197695187 ], [ -70.457632863979711, 18.722930164461971 ], [ -70.457638395266386, 18.722933947439142 ], [ -70.45767019217223, 18.722955689515036 ], [ -70.457676717223151, 18.722959941890736 ], [ -70.457701980477168, 18.722976427400905 ], [ -70.457722292830184, 18.722989705903039 ], [ -70.457733770252545, 18.722997335918663 ], [ -70.457765561860555, 18.723018457301702 ], [ -70.457767172681571, 18.723019475318438 ], [ -70.457797345000188, 18.72303859004916 ], [ -70.457814079801295, 18.723049228942759 ], [ -70.457829128966509, 18.723058818362894 ], [ -70.457860664997355, 18.72307898506001 ], [ -70.45786091380738, 18.723079147812943 ], [ -70.457892696698849, 18.723099249038757 ], [ -70.457907655711537, 18.72310873800803 ], [ -70.457924480297905, 18.723119431931035 ], [ -70.457954377272074, 18.723138493038341 ], [ -70.457956264624784, 18.72313969884604 ], [ -70.457988043230046, 18.723159297633345 ], [ -70.458002478271283, 18.723168237317573 ], [ -70.458019824861324, 18.723179248477273 ], [ -70.458049311962171, 18.723197991449126 ], [ -70.458051608673017, 18.723199452744694 ], [ -70.458083384120286, 18.723218680746527 ], [ -70.45809829216627, 18.723227728857061 ], [ -70.458115160243267, 18.723237986727344 ], [ -70.458146937030065, 18.723257369295798 ], [ -70.458147108399032, 18.723257467527628 ], [ -70.45817870912299, 18.723276203709233 ], [ -70.45819720456727, 18.723287196219204 ], [ -70.458210481748509, 18.723295099426441 ], [ -70.458242254881185, 18.723314053478376 ], [ -70.458247432808719, 18.723316923867905 ], [ -70.45827401672922, 18.723331690966802 ], [ -70.45830081204187, 18.723346626967658 ], [ -70.458305779980861, 18.723349491366328 ], [ -70.458337547878983, 18.723367832755876 ], [ -70.458353849716985, 18.723376332710515 ], [ -70.458369300619637, 18.723384406170471 ], [ -70.458401053951405, 18.72340104780654 ], [ -70.458410497879356, 18.72340601032289 ], [ -70.458432807883327, 18.723417758712504 ], [ -70.458464547679824, 18.723432820988752 ], [ -70.458470502123376, 18.723435661782489 ], [ -70.458496292891979, 18.723448513990352 ], [ -70.458528039929817, 18.723464419168042 ], [ -70.458529946367946, 18.723465317582484 ], [ -70.458559779182792, 18.723479416172058 ], [ -70.458591519156229, 18.723494496538855 ], [ -70.458592469492388, 18.72349494938446 ], [ -70.458623259874386, 18.723509663088667 ], [ -70.45865499240476, 18.72352387459344 ], [ -70.458656534926106, 18.723524569152332 ], [ -70.458686730927681, 18.72353878402016 ], [ -70.458718470727064, 18.723553841612414 ], [ -70.458719326718438, 18.72355419881665 ], [ -70.458750195807681, 18.723567182992845 ], [ -70.458781922736136, 18.723580739198834 ], [ -70.458788960220687, 18.723583775169057 ], [ -70.458813651536971, 18.723594513080396 ], [ -70.458845369414007, 18.723607013222669 ], [ -70.458861102185267, 18.723613331954809 ], [ -70.458877092901702, 18.723620166765361 ], [ -70.458908822450141, 18.723634026113356 ], [ -70.45892974071559, 18.723642916001861 ], [ -70.458940549386355, 18.723647580455527 ], [ -70.45897227998968, 18.723661561601293 ], [ -70.45899646728256, 18.723672514916533 ], [ -70.459004014407853, 18.723675986741753 ], [ -70.459035745153784, 18.723689983344418 ], [ -70.459062542977705, 18.723702118876481 ], [ -70.459067480647747, 18.723704532663533 ], [ -70.459099226686476, 18.723720310148469 ], [ -70.459122686884413, 18.723731769024841 ], [ -70.459130971030717, 18.723735889523883 ], [ -70.45916272038744, 18.723752052322595 ], [ -70.459180626222874, 18.723761436328495 ], [ -70.459194475044754, 18.723768832073628 ], [ -70.45922623905075, 18.72378670041256 ], [ -70.459233948399444, 18.723791139586979 ], [ -70.459258022597979, 18.723806844857162 ], [ -70.45927884363303, 18.723820908488815 ], [ -70.459289819197735, 18.723828509232057 ], [ -70.459319515573668, 18.723850710286158 ], [ -70.459321634300025, 18.72385232841221 ], [ -70.459353458479498, 18.723877204124506 ], [ -70.459357611789429, 18.723880532143941 ], [ -70.459385346265421, 18.723909489215941 ], [ -70.459386125321188, 18.723910428663778 ], [ -70.459410084408702, 18.723940360668539 ], [ -70.459417302899936, 18.723949793872954 ], [ -70.459432485217818, 18.723970304812514 ], [ -70.459447704571133, 18.724000304915506 ], [ -70.459449376300398, 18.724003699837894 ], [ -70.459462140248263, 18.724030311123798 ], [ -70.45947584559319, 18.72406032302187 ], [ -70.459481632342332, 18.724078880316661 ], [ -70.45948494996361, 18.724090370773187 ], [ -70.459493548486165, 18.724120422465784 ], [ -70.459502041515492, 18.724150474979819 ], [ -70.459507613550215, 18.724180550256445 ], [ -70.45951315299375, 18.724210625786682 ], [ -70.459514433905269, 18.724217606361744 ], [ -70.459518659384941, 18.724240701574129 ], [ -70.459521209556257, 18.724270800399271 ], [ -70.459523757506446, 18.724300899241555 ], [ -70.459526309495814, 18.724330998052174 ], [ -70.459525811294071, 18.72436112063318 ], [ -70.459525306676937, 18.724391243264115 ], [ -70.459524791132836, 18.72442136598012 ], [ -70.459521828639069, 18.724451507765487 ], [ -70.459518806197821, 18.724481650017971 ], [ -70.459516864220021, 18.724500716843178 ], [ -70.459515724605936, 18.724511792731342 ], [ -70.459510728904036, 18.72454195036153 ], [ -70.459505600365773, 18.724572109026809 ], [ -70.459500333889181, 18.724602268766937 ], [ -70.459493232233456, 18.724632442808602 ], [ -70.459486617892111, 18.724659665614961 ], [ -70.459485890353861, 18.724662618722128 ], [ -70.459478327398998, 18.724692796358273 ], [ -70.459468686685668, 18.724722990186077 ], [ -70.459458589224425, 18.724753187572905 ], [ -70.459455877474426, 18.724761061643324 ], [ -70.459448002657666, 18.724783388770835 ], [ -70.459435240277216, 18.724813606924023 ], [ -70.459424917090033, 18.724836836381204 ], [ -70.45942171649483, 18.724843831009952 ], [ -70.459407367821044, 18.724874061523217 ], [ -70.459393846836861, 18.724899814659853 ], [ -70.459391558608303, 18.724904303417009 ], [ -70.459375617465412, 18.724934546337789 ], [ -70.459362733391956, 18.724957763644458 ], [ -70.459358712596341, 18.724964796767253 ], [ -70.459340939129376, 18.724995053963909 ], [ -70.459331572551534, 18.725010193314947 ], [ -70.459321875231907, 18.725025321214567 ], [ -70.459301377396841, 18.725055599637106 ], [ -70.459300364733664, 18.725057152076609 ], [ -70.459282524542971, 18.725085865239908 ], [ -70.459269174108485, 18.725106115824772 ], [ -70.459262310179284, 18.725116141450012 ], [ -70.459240468974912, 18.725146430334444 ], [ -70.45923794308591, 18.725150374959508 ], [ -70.459220499099786, 18.725176704635704 ], [ -70.45920672737293, 18.725196419655539 ], [ -70.459199964836955, 18.725206983332711 ], [ -70.459190973641441, 18.725220395327963 ] ] ] } },
{ "type": "Feature", "properties": { "level": 795.0, "major": false }, "geometry": { "type": "MultiLineString", "coordinates": [ [ [ -70.456246042926466, 18.721755059878625 ], [ -70.456252985146932, 18.72176626746964 ], [ -70.456269365463584, 18.721792311797753 ], [ -70.456271857806442, 18.721796239479762 ], [ -70.456291071258207, 18.72182620883784 ], [ -70.456301402236932, 18.721842107013387 ], [ -70.456310618948322, 18.72185617559472 ], [ -70.45633048687499, 18.721886139859151 ], [ -70.456333427299995, 18.721890532626855 ], [ -70.456350674831569, 18.72191610163264 ], [ -70.456365443265952, 18.72193789385506 ], [ -70.456371021381628, 18.721946062170293 ], [ -70.45639168118241, 18.721976020269516 ], [ -70.456397451113176, 18.721984305010128 ], [ -70.456412661618273, 18.722005975872779 ], [ -70.45642945023198, 18.72202969497571 ], [ -70.456433923383585, 18.722035929285592 ], [ -70.456455717898024, 18.722065878552836 ], [ -70.456461436845061, 18.722073622827068 ], [ -70.456478027905987, 18.722095823808477 ], [ -70.456493410901828, 18.722116082763584 ], [ -70.456500880972399, 18.722125764837983 ], [ -70.456524480773879, 18.722155700057268 ], [ -70.45652537012765, 18.7221568093406 ], [ -70.45654914001382, 18.722185627034307 ], [ -70.456557310397145, 18.722195321074235 ], [ -70.456574619785954, 18.722215547626526 ], [ -70.456589237628648, 18.722232309032918 ], [ -70.45660088769489, 18.722245462085493 ], [ -70.456621153058848, 18.722267917692076 ], [ -70.456627885898229, 18.722275370860693 ], [ -70.456653057749975, 18.722302271151015 ], [ -70.456655903375619, 18.722305271704361 ], [ -70.456684683336277, 18.722335166613149 ], [ -70.456684952324991, 18.72233544221902 ], [ -70.456714257270676, 18.72236505534174 ], [ -70.456716837885239, 18.722367559534753 ], [ -70.456744878519032, 18.722394935919375 ], [ -70.45674871451547, 18.72239863307254 ], [ -70.456776216384412, 18.722424810917595 ], [ -70.456780584386564, 18.722428916291335 ], [ -70.45680834640423, 18.72245467974847 ], [ -70.456812447152657, 18.722458368881657 ], [ -70.456841914315362, 18.722484537388965 ], [ -70.456844299710994, 18.72248662875494 ], [ -70.456876146139294, 18.722514171928012 ], [ -70.456876399085758, 18.722514387891 ], [ -70.456907986635954, 18.722541021603348 ], [ -70.456911814322623, 18.722544231148206 ], [ -70.456939820917313, 18.722567144723879 ], [ -70.45694838330968, 18.722574065423164 ], [ -70.456971650128253, 18.722592674958811 ], [ -70.45698584893826, 18.722603892715181 ], [ -70.457003474798086, 18.722617674121292 ], [ -70.457023994351488, 18.722633714710675 ], [ -70.457035297389197, 18.722642429607806 ], [ -70.457063059769979, 18.722663529540419 ], [ -70.457067114766957, 18.722666575635362 ], [ -70.457098927373451, 18.722690163831842 ], [ -70.457103259226969, 18.722693335538736 ], [ -70.457130736128093, 18.722713301525857 ], [ -70.457144402893533, 18.722723134181685 ], [ -70.457162544881257, 18.722736438050482 ], [ -70.457185304359669, 18.722752934698956 ], [ -70.457194352432296, 18.722759433305551 ], [ -70.457226157787474, 18.72278217134577 ], [ -70.457226943048042, 18.722782729470538 ], [ -70.457257960922405, 18.722804649343537 ], [ -70.457269183645749, 18.7228125195487 ], [ -70.457289767214363, 18.722827494738855 ], [ -70.457310240257101, 18.722842318828675 ], [ -70.457321574506878, 18.722850455888654 ], [ -70.457352076140154, 18.722872112035173 ], [ -70.457353378480647, 18.722873028840642 ], [ -70.457385179191078, 18.722895220083146 ], [ -70.457394740915021, 18.722901898781544 ], [ -70.457416983977495, 18.722917885912757 ], [ -70.457436381583847, 18.722931693486245 ], [ -70.457448787983694, 18.722940459743917 ], [ -70.457478831952869, 18.722961481879871 ], [ -70.457480589159957, 18.722962702453817 ], [ -70.457512390727032, 18.72298498980015 ], [ -70.457521379945405, 18.722991269503176 ], [ -70.457544195391236, 18.723007637493915 ], [ -70.457563052755717, 18.723021063926634 ], [ -70.45757599958327, 18.723030229133915 ], [ -70.457605578382228, 18.723050851702887 ], [ -70.457607800151379, 18.72305239706154 ], [ -70.457639599798938, 18.723074456654469 ], [ -70.457648535399926, 18.72308063611111 ], [ -70.457671402934437, 18.723096922162199 ], [ -70.457691158366046, 18.723110423108373 ], [ -70.457703199613476, 18.723118633592186 ], [ -70.457734925678352, 18.723140201188333 ], [ -70.457734995473231, 18.723140248528612 ], [ -70.45776679050401, 18.723161765848321 ], [ -70.457779336072733, 18.723169974251689 ], [ -70.4577985836588, 18.723183063437371 ], [ -70.457823208721848, 18.723199751489087 ], [ -70.457830378856485, 18.723204598385504 ], [ -70.457862173131772, 18.723226024832925 ], [ -70.457867497096373, 18.72322952547923 ], [ -70.457893962868482, 18.723246921034985 ], [ -70.457912793427596, 18.723259291611804 ], [ -70.45792575544553, 18.723268147599683 ], [ -70.457956477740808, 18.723289070280924 ], [ -70.457957551680906, 18.723289799901661 ], [ -70.457989342329029, 18.723310799689116 ], [ -70.458001511855713, 18.723318838431137 ], [ -70.458021132984385, 18.723331799424113 ], [ -70.458046574042569, 18.723348606350925 ], [ -70.458052925442999, 18.72335300854591 ], [ -70.458084716430108, 18.723374045167795 ], [ -70.458091278510508, 18.723378377043716 ], [ -70.458116506706773, 18.72339499804389 ], [ -70.458136518014769, 18.723408143559343 ], [ -70.458148296257704, 18.723415865398842 ], [ -70.458180075621129, 18.723435543959045 ], [ -70.458183870968469, 18.723437893608438 ], [ -70.458211862039391, 18.723456044283864 ], [ -70.458229861668343, 18.723467654250829 ], [ -70.45824364820983, 18.723476514841696 ], [ -70.458275423499259, 18.723495715840034 ], [ -70.458278204597448, 18.723497396566032 ], [ -70.458307198834191, 18.723514921327887 ], [ -70.45832739929395, 18.723527132235397 ], [ -70.458338977363837, 18.723534498478667 ], [ -70.458370746894886, 18.723553025664202 ], [ -70.458377327115798, 18.723556862182075 ], [ -70.458402516367585, 18.72357154526464 ], [ -70.458428327394572, 18.723586583763066 ], [ -70.45843428575877, 18.723590054578146 ], [ -70.458466041395141, 18.723606959571494 ], [ -70.458483464006093, 18.723616273118161 ], [ -70.458497801773106, 18.723624416616719 ], [ -70.458529567177223, 18.72364245884982 ], [ -70.458536147309644, 18.723645981561145 ], [ -70.458561323899289, 18.723659488234563 ], [ -70.458591377444094, 18.723675670153646 ], [ -70.458593081243208, 18.723676589395531 ], [ -70.458624839190463, 18.723693760164842 ], [ -70.458647534240939, 18.723705351511562 ], [ -70.458656591193872, 18.723710237372551 ], [ -70.458688349148716, 18.723727407600599 ], [ -70.458702437622449, 18.72373504261359 ], [ -70.458720107601607, 18.723744635157257 ], [ -70.458751858824868, 18.723761019329562 ], [ -70.45875894474338, 18.723764721207026 ], [ -70.458783612940294, 18.723777739910055 ], [ -70.458814632743881, 18.723794406162352 ], [ -70.458815370333326, 18.723794841797751 ], [ -70.458847139174225, 18.723813277194743 ], [ -70.458865426475512, 18.723824129223406 ], [ -70.458878912606153, 18.723832246878757 ], [ -70.458910690824808, 18.723851773616676 ], [ -70.458914216860592, 18.723853867874965 ], [ -70.458942465459643, 18.72387088186667 ], [ -70.458963139049104, 18.723883605485941 ], [ -70.458974251251178, 18.723891289482548 ], [ -70.45900572131697, 18.72391339247234 ], [ -70.459006053624663, 18.723913628605171 ], [ -70.459037854295886, 18.723935768401418 ], [ -70.459048214509153, 18.723943180142001 ], [ -70.459069663040907, 18.723958848084997 ], [ -70.459088500857419, 18.723972984993807 ], [ -70.459101498462587, 18.723985035322787 ], [ -70.459119629917041, 18.724002861179166 ], [ -70.459133382712665, 18.724016911109395 ], [ -70.459148355529095, 18.724032756083883 ], [ -70.459165289444357, 18.724051405079742 ], [ -70.459175172818519, 18.72406266585153 ], [ -70.459192705195093, 18.724092647956077 ], [ -70.459197324615459, 18.724100863088598 ], [ -70.459208800549263, 18.724122641254873 ], [ -70.459223913448966, 18.724152642206601 ], [ -70.459229545748002, 18.724171986222295 ], [ -70.45923261893337, 18.724182693080213 ], [ -70.459241083485949, 18.724212745830382 ], [ -70.459249314198246, 18.724242800401882 ], [ -70.459252844345414, 18.724272891597955 ], [ -70.459256333787735, 18.724302983110956 ], [ -70.459259786704649, 18.724333074908316 ], [ -70.459258951688483, 18.724363200115818 ], [ -70.459258122369803, 18.724393325278868 ], [ -70.459257293960476, 18.724423450434749 ], [ -70.459253084005638, 18.724453601938606 ], [ -70.459248849539605, 18.724483753633358 ], [ -70.459244586370573, 18.724513905551646 ], [ -70.459237294856777, 18.724544081065698 ], [ -70.459232893799381, 18.724562080898114 ], [ -70.459229894910123, 18.724574257424397 ], [ -70.459222388548255, 18.724604434612015 ], [ -70.459211908082352, 18.724634634972322 ], [ -70.459202143188406, 18.72466230568487 ], [ -70.459201238651218, 18.724664836804504 ], [ -70.459190375104512, 18.72469504014866 ], [ -70.45917676645908, 18.724725264880494 ], [ -70.459171178171061, 18.724737552409898 ], [ -70.459162959453465, 18.72475549115704 ], [ -70.45914894259198, 18.724785719067818 ], [ -70.459140117460464, 18.724801652068113 ], [ -70.459132104313582, 18.72481596895997 ], [ -70.459114906938623, 18.724846221648647 ], [ -70.459108977375919, 18.724856505603672 ], [ -70.459097181471677, 18.724876478450398 ], [ -70.459077787251218, 18.724905530559013 ], [ -70.459076963518285, 18.724906754669572 ], [ -70.459056420747487, 18.724937033417493 ], [ -70.45904656991172, 18.724951386330524 ], [ -70.45903554870371, 18.72496731472879 ], [ -70.459015335195261, 18.724995219111715 ], [ -70.45901358792679, 18.724997604520027 ], [ -70.458991365271459, 18.725027896349239 ], [ -70.458984089672455, 18.725037794459141 ], [ -70.458969076744481, 18.72505818868936 ], [ -70.458952842966966, 18.72508023375919 ], [ -70.458946739404468, 18.725088481407486 ], [ -70.458924175210996, 18.725118775890564 ], [ -70.45892159238845, 18.725122223488793 ], [ -70.458900689301984, 18.725149077551553 ], [ -70.458890325142477, 18.725162272611755 ], [ -70.458876655880204, 18.725179383475112 ], [ -70.458859046155169, 18.725200955097115 ], [ -70.458851786886257, 18.725209695904976 ], [ -70.458828484290322, 18.725237162196862 ] ] ] } },
{ "type": "Feature", "properties": { "level": 800.0, "major": true }, "geometry": { "type": "MultiLineString", "coordinates": [ [ [ -70.456163141786348, 18.721836667849704 ], [ -70.456175080209604, 18.721856036814948 ], [ -70.456175817047225, 18.721857223640825 ], [ -70.456194567667382, 18.721887196607454 ], [ -70.456207127204436, 18.721907027153101 ], [ -70.456213596851683, 18.721917167406001 ], [ -70.456232689855312, 18.721947137705946 ], [ -70.456239166941785, 18.721957167700431 ], [ -70.456252188499718, 18.721977104849667 ], [ -70.456271193601879, 18.722005778961677 ], [ -70.456272056473409, 18.722007069119346 ], [ -70.456291789193955, 18.722037034438003 ], [ -70.45630321743694, 18.722054058142675 ], [ -70.456312010508057, 18.722066995955181 ], [ -70.456332737092936, 18.722096953541037 ], [ -70.45633522668993, 18.722100632504731 ], [ -70.456353148114857, 18.722126913577689 ], [ -70.456367234662636, 18.722147055265097 ], [ -70.4563742122604, 18.722156868533219 ], [ -70.456395985665793, 18.72218681797089 ], [ -70.456399223635813, 18.722191257618604 ], [ -70.456418202814902, 18.722216763955025 ], [ -70.456431197849952, 18.722233734819465 ], [ -70.456441368367521, 18.722246702561264 ], [ -70.456463150668611, 18.722273712190152 ], [ -70.456465556654379, 18.72227663321123 ], [ -70.45649107456137, 18.72230655351807 ], [ -70.456495081589836, 18.722311131309247 ], [ -70.456517772850304, 18.722336464641753 ], [ -70.456526994816684, 18.722346483049652 ], [ -70.456545438450391, 18.722366368238667 ], [ -70.456558894449216, 18.722380246197673 ], [ -70.456574734184514, 18.722396259153797 ], [ -70.456590778007211, 18.722412131335023 ], [ -70.456605232064121, 18.722426140714738 ], [ -70.456622650043272, 18.722442670044746 ], [ -70.456636381118685, 18.722456017205758 ], [ -70.456654521436548, 18.722473132376113 ], [ -70.456668260641621, 18.722485888009857 ], [ -70.456686383005916, 18.722502446623654 ], [ -70.456701183950628, 18.722515750689816 ], [ -70.45671823669538, 18.722530839784607 ], [ -70.456734683612751, 18.722545608880576 ], [ -70.456750089124071, 18.722559084538279 ], [ -70.456769122032767, 18.722575459763082 ], [ -70.456781932876311, 18.722586315325149 ], [ -70.456804721221189, 18.722605301610006 ], [ -70.456813769630898, 18.722612728164677 ], [ -70.456841258895295, 18.722635136149613 ], [ -70.456845602071894, 18.7226386363876 ], [ -70.4568774293774, 18.722663944102816 ], [ -70.456878727166355, 18.722664963442668 ], [ -70.456909251635054, 18.722688661580186 ], [ -70.456917136307197, 18.722694783408684 ], [ -70.45694107175764, 18.722713128806799 ], [ -70.456956275140556, 18.722724597689766 ], [ -70.456972890143945, 18.722737392342435 ], [ -70.45699533218324, 18.72275441259799 ], [ -70.457004706645733, 18.722761434899251 ], [ -70.457035182669756, 18.722784221324741 ], [ -70.457036520854118, 18.722785208776223 ], [ -70.457068329801317, 18.722808367660477 ], [ -70.45707622072733, 18.722814020803362 ], [ -70.457100143966784, 18.722832134490623 ], [ -70.457115542410904, 18.72284383362495 ], [ -70.457131960290681, 18.722856152167303 ], [ -70.457155636013923, 18.722873640431867 ], [ -70.45716377153083, 18.722879575588752 ], [ -70.457195577851223, 18.722902423927071 ], [ -70.457196984736768, 18.7229034374642 ], [ -70.457227393063263, 18.722926308795863 ], [ -70.457236790018612, 18.722933246495032 ], [ -70.457259202789871, 18.722949552587181 ], [ -70.457278098146304, 18.722963043823381 ], [ -70.457291006797817, 18.722972128131108 ], [ -70.457320281747656, 18.722992834329702 ], [ -70.457322810665175, 18.722994686300151 ], [ -70.457354617943366, 18.723017641453168 ], [ -70.457361647439924, 18.723022631189767 ], [ -70.457386419963441, 18.723039982150368 ], [ -70.457403805611676, 18.723052421873177 ], [ -70.457418224642197, 18.72306263207015 ], [ -70.457446257505879, 18.72308221026049 ], [ -70.457450026379675, 18.723084937872379 ], [ -70.457481832068666, 18.723107703709957 ], [ -70.457487682500712, 18.723112006628316 ], [ -70.457513641881874, 18.723130949694198 ], [ -70.457528672295695, 18.723141806372745 ], [ -70.457545448560865, 18.723153829051526 ], [ -70.457570500210693, 18.723171599584767 ], [ -70.457577254336286, 18.723176602019251 ], [ -70.45760906678538, 18.723200152500407 ], [ -70.457610769319274, 18.723201404917877 ], [ -70.457640876834787, 18.72322342204642 ], [ -70.457651602734614, 18.723231205849533 ], [ -70.457672684515657, 18.723246414307397 ], [ -70.457693530338929, 18.723260998255313 ], [ -70.457704488855853, 18.723269015911992 ], [ -70.457734466258543, 18.723290798369181 ], [ -70.457736297528299, 18.723292121861693 ], [ -70.457768104071988, 18.723314978521206 ], [ -70.457776120691946, 18.723320592880651 ], [ -70.457799905019357, 18.723337181471127 ], [ -70.457818929926134, 18.723350378393302 ], [ -70.457831708866948, 18.723359721727103 ], [ -70.457859776292992, 18.723380179173922 ], [ -70.457863518192369, 18.723382899894112 ], [ -70.457895323988382, 18.723405665435706 ], [ -70.457901364108466, 18.723409974173141 ], [ -70.457927128683025, 18.723428301552083 ], [ -70.457943304628955, 18.723439766416575 ], [ -70.457958939629719, 18.723451665822182 ], [ -70.457983182401989, 18.723469574707256 ], [ -70.457990751484317, 18.723475134964751 ], [ -70.458022561077513, 18.723498339377869 ], [ -70.458023990080264, 18.723499375749377 ], [ -70.458054368464857, 18.723521285559883 ], [ -70.458065878131322, 18.723529168370902 ], [ -70.458086175306903, 18.72354416716664 ], [ -70.458106393763615, 18.723558971666737 ], [ -70.458117985152143, 18.723567397986375 ], [ -70.458147659457438, 18.723588769113238 ], [ -70.458149792135089, 18.723590294045021 ], [ -70.458181586947163, 18.72361176996003 ], [ -70.458191724710431, 18.723618544753048 ], [ -70.458213391685788, 18.723634402395188 ], [ -70.458232651649411, 18.723648344816322 ], [ -70.458245199160146, 18.723657352835708 ], [ -70.458275909294656, 18.723678126722323 ], [ -70.458276994200787, 18.723678852584175 ], [ -70.458308785252569, 18.723699886340661 ], [ -70.458321070158064, 18.723707893797975 ], [ -70.458340584839263, 18.723721914278066 ], [ -70.458363956771564, 18.723737678570625 ], [ -70.458372378935493, 18.723743301156176 ], [ -70.458404169340511, 18.723764256782815 ], [ -70.458409064350505, 18.723767446037893 ], [ -70.458435956138715, 18.723784791027857 ], [ -70.458456518694035, 18.723797195218477 ], [ -70.458467737492185, 18.723804689655843 ], [ -70.458499527737715, 18.723825624037982 ], [ -70.45850158405058, 18.723826962990135 ], [ -70.458531314229191, 18.723846119901911 ], [ -70.458548637236703, 18.723856715269207 ], [ -70.458563090912946, 18.723865471601492 ], [ -70.458594864483288, 18.723884459555688 ], [ -70.458598226966089, 18.723886447780753 ], [ -70.458626661742343, 18.723906207986026 ], [ -70.458640921894045, 18.723916233976588 ], [ -70.458658464027522, 18.72392854134435 ], [ -70.458683446189113, 18.723946021490658 ], [ -70.458690265533676, 18.723950782939983 ], [ -70.458722066235964, 18.723972929886664 ], [ -70.458726123819687, 18.723975807799789 ], [ -70.458753912063017, 18.724000335378076 ], [ -70.458759995669837, 18.724005662685897 ], [ -70.458785760594935, 18.72402805493315 ], [ -70.458794411310024, 18.724035513329429 ], [ -70.458817605615749, 18.724055364063027 ], [ -70.458829220783215, 18.724065360898116 ], [ -70.458849500883474, 18.724088528096932 ], [ -70.458855418196578, 18.724095275542997 ], [ -70.458881423419385, 18.724124868595602 ], [ -70.458881705913669, 18.724125189480123 ], [ -70.458908088878232, 18.724155102670963 ], [ -70.458913374153823, 18.724164493749718 ], [ -70.458924170620193, 18.724185096102769 ], [ -70.458939580237981, 18.724215094768578 ], [ -70.458945519968296, 18.724226851327806 ], [ -70.458954631961106, 18.724245096220713 ], [ -70.458961381548434, 18.724275162345787 ], [ -70.458968010970253, 18.72430522940649 ], [ -70.458974529765968, 18.724335297328523 ], [ -70.458974446579532, 18.724365416680911 ], [ -70.458974363707256, 18.724395536030766 ], [ -70.458974288864084, 18.724425655317983 ], [ -70.45896914649515, 18.724455814082191 ], [ -70.4589640556445, 18.724485972444946 ], [ -70.458959015038616, 18.724516130416156 ], [ -70.458949960179154, 18.724546319658824 ], [ -70.458948308792799, 18.724551851206115 ], [ -70.45894097744798, 18.724576508339279 ], [ -70.458932065316702, 18.724606696469422 ], [ -70.458919560356634, 18.724636912587393 ], [ -70.458917471249606, 18.724641964929106 ], [ -70.45890604397438, 18.724667136583616 ], [ -70.458892241106952, 18.724697362810744 ], [ -70.458886420320198, 18.724707214243569 ], [ -70.458874374165035, 18.724727620695358 ], [ -70.458856536225483, 18.724757878352655 ], [ -70.458855262775572, 18.724760041082323 ], [ -70.458838735456325, 18.724788135718985 ], [ -70.458824078338722, 18.724809735960687 ], [ -70.458817775087851, 18.724818417695694 ], [ -70.458796016746888, 18.724848705886146 ], [ -70.458792840161095, 18.724853169620829 ], [ -70.458774614094267, 18.724878991303889 ], [ -70.458761596893083, 18.724896011815403 ], [ -70.458751521125919, 18.724909289885744 ], [ -70.458730341988243, 18.72493749951559 ], [ -70.458728654956673, 18.7249395866986 ], [ -70.458704098764358, 18.72496989667259 ], [ -70.458699057634334, 18.724975556591723 ], [ -70.458676964246095, 18.72500022672595 ], [ -70.458667746183778, 18.725010457024272 ], [ -70.458649538806299, 18.72503055904177 ], [ -70.458636431142551, 18.725044940418403 ], [ -70.458619543141836, 18.725060911372378 ], [ -70.458605068849906, 18.725073917683861 ], [ -70.458585762127214, 18.725091293180483 ], [ -70.458573700276631, 18.72510216411499 ], [ -70.458552082564339, 18.725121674193002 ], [ -70.458542332332399, 18.725130485085309 ], [ -70.458516966952601, 18.725152066384087 ], [ -70.458510950718974, 18.725157213909046 ], [ -70.45848218730552, 18.725182455952805 ], [ -70.458479576452987, 18.725184800367316 ], [ -70.458478023179907, 18.725186230071099 ] ] ] } },
{ "type": "Feature", "properties": { "level": 805.0, "major": false }, "geometry": { "type": "MultiLineString", "coordinates": [ [ [ -70.456077611428782, 18.721920863909798 ], [ -70.456080851441328, 18.721926366796232 ], [ -70.45609387287125, 18.721948216913361 ], [ -70.456112117710518, 18.721978193820171 ], [ -70.456112916688042, 18.72197949002549 ], [ -70.456130813769491, 18.722008167216863 ], [ -70.456144973390295, 18.72203161301702 ], [ -70.456148900983493, 18.722038145344531 ], [ -70.456167237279445, 18.722068121533521 ], [ -70.456177030564817, 18.722083788759168 ], [ -70.45618610119503, 18.72209809361825 ], [ -70.45620443936032, 18.722128069788095 ], [ -70.456209083782397, 18.722135500052431 ], [ -70.456223422419768, 18.722158040941792 ], [ -70.456241118593596, 18.722185059694208 ], [ -70.456243059049044, 18.722188007011678 ], [ -70.45626243155499, 18.722217975132544 ], [ -70.456273149035539, 18.722234106893318 ], [ -70.456282504557052, 18.722247937804507 ], [ -70.456303317308993, 18.722277894722108 ], [ -70.456305156661941, 18.722280487858448 ], [ -70.4563249974955, 18.722307844892288 ], [ -70.456337140172494, 18.722324050967288 ], [ -70.456347697918218, 18.722337787126627 ], [ -70.456369099287087, 18.722364763718687 ], [ -70.456371500858992, 18.722367720784924 ], [ -70.456397317625033, 18.722397638780659 ], [ -70.4564010271489, 18.722401825762333 ], [ -70.456424358931486, 18.722427547250305 ], [ -70.456432936674901, 18.722436745430908 ], [ -70.456452735113331, 18.722457445335344 ], [ -70.456464826865201, 18.722469406140217 ], [ -70.45648333263172, 18.722487326141803 ], [ -70.45649669927181, 18.722499989241982 ], [ -70.45651526070408, 18.722517196595604 ], [ -70.456528560479427, 18.722529263598769 ], [ -70.456548000023602, 18.722547060734456 ], [ -70.456560418137144, 18.722558122256892 ], [ -70.456581950489223, 18.722576915447991 ], [ -70.456592265244623, 18.722585748047383 ], [ -70.45661731819483, 18.722606759132717 ], [ -70.456624103545764, 18.722612344626427 ], [ -70.456652408781409, 18.722636604965135 ], [ -70.456655947671692, 18.722639619986772 ], [ -70.456687785048445, 18.722666106332696 ], [ -70.456688201493364, 18.722666445329441 ], [ -70.456719612955638, 18.722691486181105 ], [ -70.456725482119865, 18.72269627411368 ], [ -70.456751443099307, 18.722717125976096 ], [ -70.456762822869706, 18.722726102421987 ], [ -70.456783272409808, 18.722742667410149 ], [ -70.456800038842815, 18.722755931692468 ], [ -70.456815096585046, 18.722767608356417 ], [ -70.456838182056586, 18.722785753742404 ], [ -70.456846920613685, 18.722792531112361 ], [ -70.456877108089813, 18.72281556969455 ], [ -70.456878739848221, 18.722816893258454 ], [ -70.456910566756278, 18.722842149923586 ], [ -70.456914661609318, 18.722845396313996 ], [ -70.456942390914847, 18.722867084609849 ], [ -70.456952959696281, 18.722875217133137 ], [ -70.456974209351543, 18.722891350444904 ], [ -70.456992524530691, 18.7229050280894 ], [ -70.457006028840738, 18.722915738062284 ], [ -70.457030111360567, 18.722934854423876 ], [ -70.457037855057848, 18.722940909764354 ], [ -70.457068797570187, 18.722964672197275 ], [ -70.457069674896317, 18.722965336011796 ], [ -70.457101488639211, 18.72298904988774 ], [ -70.457108792570992, 18.722994479779722 ], [ -70.457133309192344, 18.723013557432839 ], [ -70.457147431080756, 18.723024297906129 ], [ -70.457165124979952, 18.723037507836313 ], [ -70.457187876597757, 18.723054101964813 ], [ -70.457196933317377, 18.723060587878049 ], [ -70.457228738672399, 18.723083318932289 ], [ -70.457229559978302, 18.723083896382715 ], [ -70.457260547539988, 18.723106458854058 ], [ -70.457270747196901, 18.723113694650834 ], [ -70.457292348860449, 18.72312871719998 ], [ -70.457313138036639, 18.723143483543694 ], [ -70.457324152093037, 18.723151197686164 ], [ -70.457355949971443, 18.723173052523553 ], [ -70.457356265977197, 18.723173266690491 ], [ -70.457387751546534, 18.723195337713634 ], [ -70.457398257347933, 18.723203058670411 ], [ -70.457419561146651, 18.723218558197722 ], [ -70.457439468097576, 18.723232856714404 ], [ -70.457451366813189, 18.723241318774019 ], [ -70.457481754069704, 18.723262646381169 ], [ -70.457483169176058, 18.72326369296362 ], [ -70.457514991395428, 18.723288382619355 ], [ -70.457520314054946, 18.723292465033222 ], [ -70.457546809482793, 18.723312589183244 ], [ -70.457559718322813, 18.723322277105993 ], [ -70.457578623574818, 18.723336328633664 ], [ -70.457599664634728, 18.723352084951092 ], [ -70.457610442558718, 18.723360637698665 ], [ -70.457637651696785, 18.723381908035005 ], [ -70.457642266040082, 18.723385470330786 ], [ -70.457674084262294, 18.723409688434433 ], [ -70.457676796879696, 18.723411722096742 ], [ -70.45770589831902, 18.723433419620456 ], [ -70.457716850678139, 18.723441529077494 ], [ -70.457737719930961, 18.723458031018797 ], [ -70.457754759795932, 18.723471352741566 ], [ -70.457769542926016, 18.723482802673708 ], [ -70.457793224472184, 18.723501172072833 ], [ -70.457801365091868, 18.723507476542917 ], [ -70.45783178632243, 18.723530990638913 ], [ -70.457833187446624, 18.72353217137826 ], [ -70.457865026621263, 18.723558826822323 ], [ -70.457867460663977, 18.723560831672508 ], [ -70.457896861515877, 18.723584981945372 ], [ -70.457903804871478, 18.723590667484089 ], [ -70.457928695172228, 18.723610991521504 ], [ -70.457940378434103, 18.723620501502353 ], [ -70.457960542069785, 18.723638544164974 ], [ -70.457974428463075, 18.723650355157311 ], [ -70.4579923842483, 18.723665545279157 ], [ -70.458009810708489, 18.723680198434245 ], [ -70.458024223921726, 18.723692253089354 ], [ -70.458045617202274, 18.723710038400874 ], [ -70.458056068269102, 18.723719504774866 ], [ -70.458080090387796, 18.723739888739864 ], [ -70.458087910280383, 18.723746482862143 ], [ -70.458115672068232, 18.723769730441621 ], [ -70.458119749408567, 18.72377312358687 ], [ -70.458151585730306, 18.72379943590833 ], [ -70.458151756591391, 18.723799568220834 ], [ -70.458183425040019, 18.72382609548972 ], [ -70.458187401749058, 18.723829409413053 ], [ -70.458215262343316, 18.723852519963632 ], [ -70.458223416102271, 18.723859247723077 ], [ -70.458247097528456, 18.723878696320533 ], [ -70.458260626436967, 18.723889076713164 ], [ -70.458278930103162, 18.723904567181076 ], [ -70.458295916498017, 18.723918920647016 ], [ -70.458310771414673, 18.72393145554733 ], [ -70.458331312411701, 18.723948763749139 ], [ -70.458342612118074, 18.723958271843827 ], [ -70.458368514932715, 18.723978592776021 ], [ -70.458374443553112, 18.723984006422036 ], [ -70.458401128704082, 18.724008457527276 ], [ -70.45840630480717, 18.724013216253145 ], [ -70.458433521323016, 18.724038323994233 ], [ -70.458438167777672, 18.72404262490576 ], [ -70.458467439475655, 18.724068178574896 ], [ -70.45847002296199, 18.724071124581151 ], [ -70.458493439431081, 18.724098094811946 ], [ -70.458501950149, 18.724108016653432 ], [ -70.458518937775096, 18.724128014951123 ], [ -70.458533885267215, 18.72414583162945 ], [ -70.458544425259078, 18.724157935170773 ], [ -70.458562641683372, 18.724187912012948 ], [ -70.458565903214421, 18.7241933001532 ], [ -70.458580741692501, 18.724217889759519 ], [ -70.458597971197719, 18.724246598993357 ], [ -70.458598730549355, 18.724247868369531 ], [ -70.458609244837874, 18.724277905190988 ], [ -70.458619717563579, 18.724307942335251 ], [ -70.458630153330077, 18.72433797976645 ], [ -70.45863039441484, 18.724341302249513 ], [ -70.458632346127374, 18.724368081396189 ], [ -70.458634514606032, 18.724398183215168 ], [ -70.458636664621977, 18.72442828517778 ], [ -70.45863138645187, 18.724456935777702 ], [ -70.458631105067042, 18.724458447185526 ], [ -70.458625449310404, 18.724488609942401 ], [ -70.458619728422889, 18.724518773206384 ], [ -70.458607342873819, 18.7245489883767 ], [ -70.458600701771843, 18.724564886135969 ], [ -70.458594642303879, 18.72457920599982 ], [ -70.458581608322447, 18.724609426218937 ], [ -70.458569647361401, 18.724629742893836 ], [ -70.458563736319704, 18.724639684116351 ], [ -70.458545506082501, 18.724669944802294 ], [ -70.458538480090311, 18.72468144639188 ], [ -70.458526914369656, 18.724700208301897 ], [ -70.458507276005619, 18.724728860665714 ], [ -70.458506157380711, 18.724730488662747 ], [ -70.458485298893237, 18.724760769812107 ], [ -70.458476053615769, 18.724774143033834 ], [ -70.458464334725463, 18.724791051782482 ], [ -70.458444796582754, 18.724815388793566 ], [ -70.458439868936807, 18.724821361019767 ], [ -70.458414118200096, 18.724851680260649 ], [ -70.458413503097105, 18.724852386770745 ], [ -70.458387068928189, 18.724882009610464 ], [ -70.458382184499243, 18.724886458768495 ], [ -70.458353048144218, 18.724912393244605 ], [ -70.458350812796127, 18.724914341168752 ], [ -70.458319432647599, 18.724941240178083 ], [ -70.458317620211687, 18.724942787830511 ], [ -70.458288050801215, 18.724967942405499 ], [ -70.458281862636014, 18.724973184977216 ], [ -70.458256677593369, 18.724995652932424 ], [ -70.458248168165753, 18.725003566053328 ], [ -70.45822531966374, 18.725025145941927 ], [ -70.458216162005726, 18.725033933978207 ], [ -70.458193969702933, 18.725055569320279 ], [ -70.458185159596113, 18.725064294082777 ], [ -70.458162637793649, 18.725088098708778 ], [ -70.458156480249201, 18.725094636095253 ], [ -70.458131312658466, 18.725121419322349 ], [ -70.458127976497224, 18.725124976736687 ], [ -70.458122880309872, 18.725130423770064 ] ] ] } },
{ "type": "Feature", "properties": { "level": 810.0, "major": false }, "geometry": { "type": "MultiLineString", "coordinates": [ [ [ -70.455985289888844, 18.72201174507634 ], [ -70.455986774902883, 18.722014484855734 ], [ -70.456000462307031, 18.722039299288582 ], [ -70.456017545918769, 18.722069285231534 ], [ -70.456018874082588, 18.722071572127604 ], [ -70.456035252025771, 18.722099266333384 ], [ -70.456050963022165, 18.722127460875306 ], [ -70.456051931484353, 18.722129255414043 ], [ -70.456068477220299, 18.722159245532314 ], [ -70.456083063388164, 18.722184681425258 ], [ -70.456085727859247, 18.722189230168777 ], [ -70.456102902814095, 18.722219215391565 ], [ -70.456115146462949, 18.722239880096257 ], [ -70.456120778773766, 18.722249195162579 ], [ -70.456139400231763, 18.722279169135682 ], [ -70.456147199365788, 18.722291552894244 ], [ -70.45615809506991, 18.722309142535948 ], [ -70.456177313373971, 18.722339111864169 ], [ -70.456179242204826, 18.722342048153138 ], [ -70.456197399193442, 18.722369074445282 ], [ -70.456211247760734, 18.722388187586517 ], [ -70.456219281658619, 18.722399023055221 ], [ -70.456242200570657, 18.722428963603768 ], [ -70.456243218512768, 18.722430261009933 ], [ -70.456265985258085, 18.722458897417482 ], [ -70.456275164400097, 18.722469429251024 ], [ -70.456292435598627, 18.722488810501613 ], [ -70.456307077863784, 18.72250480993327 ], [ -70.456320096151842, 18.722518714171528 ], [ -70.456338975692901, 18.722538363586672 ], [ -70.456349034124187, 18.722548607904081 ], [ -70.456370857208157, 18.722570011027248 ], [ -70.456379688891005, 18.722578488282181 ], [ -70.456402725528747, 18.722600116567222 ], [ -70.456411699148148, 18.722608358114403 ], [ -70.456434582759925, 18.722628926100235 ], [ -70.456445184346478, 18.72263821647114 ], [ -70.456466433288682, 18.722656951885913 ], [ -70.456479344011257, 18.722668069576265 ], [ -70.456498275637188, 18.722684021449396 ], [ -70.456515162307213, 18.722697909776063 ], [ -70.456530108161473, 18.722709942943339 ], [ -70.45655208483592, 18.722727741380908 ], [ -70.45656194261386, 18.722736088392328 ], [ -70.456588016581023, 18.722757580682789 ], [ -70.456593776937368, 18.722762217660591 ], [ -70.456625600955959, 18.72278714286594 ], [ -70.456625922605653, 18.7227874046228 ], [ -70.456657427299746, 18.72281233841381 ], [ -70.456663813673543, 18.722817228670557 ], [ -70.456689260872409, 18.722838376677966 ], [ -70.456700006303549, 18.722847065919368 ], [ -70.456721088463638, 18.722863715628094 ], [ -70.456737086563933, 18.722876896256597 ], [ -70.456752920550528, 18.722889578221668 ], [ -70.456775046064195, 18.722906719746934 ], [ -70.456784748502372, 18.722914957051902 ], [ -70.456810930776854, 18.722936559366662 ], [ -70.456816583065716, 18.722941106453145 ], [ -70.456847071260398, 18.722966396989186 ], [ -70.456848419584617, 18.722967482955511 ], [ -70.456880243245934, 18.722992357687509 ], [ -70.456885348600395, 18.722996217982249 ], [ -70.456912076127566, 18.723018307432003 ], [ -70.456921175752058, 18.723026058025997 ], [ -70.456943914102609, 18.723044850479472 ], [ -70.456957741383704, 18.72305589231744 ], [ -70.45697573885721, 18.723069849501996 ], [ -70.456996924963406, 18.72308570623542 ], [ -70.457007558574773, 18.72309425961943 ], [ -70.457033481683652, 18.723115540579631 ], [ -70.457039391799654, 18.723120244953254 ], [ -70.457071211811552, 18.723144687267677 ], [ -70.457072113348829, 18.723145358773614 ], [ -70.457103019742917, 18.723167718821035 ], [ -70.457113264947964, 18.723175157354085 ], [ -70.457134834530706, 18.723191549456324 ], [ -70.4571531204504, 18.723204966008247 ], [ -70.457166642780209, 18.723214616130214 ], [ -70.457195906260011, 18.723234751854374 ], [ -70.457198440467636, 18.723236449383553 ], [ -70.45723023757408, 18.723258213912022 ], [ -70.457239773888887, 18.723264529272594 ], [ -70.45726203602068, 18.723280133872738 ], [ -70.45728281990985, 18.723294313072262 ], [ -70.457293831258283, 18.723301678480951 ], [ -70.457325332914749, 18.72332410100843 ], [ -70.45732563583914, 18.723324312275299 ], [ -70.457357432706374, 18.723346045141525 ], [ -70.457369209283812, 18.723353878325277 ], [ -70.457389235143324, 18.723368426884999 ], [ -70.457408428776148, 18.723383691868257 ], [ -70.45742106108375, 18.72339354970434 ], [ -70.457447228249052, 18.723413508670561 ], [ -70.457452879033511, 18.723417739224537 ], [ -70.457484689445067, 18.723441048293864 ], [ -70.457487595608569, 18.723443313262738 ], [ -70.457516530493123, 18.723467930323963 ], [ -70.457522829118176, 18.723473157797585 ], [ -70.457548363634515, 18.72349388883671 ], [ -70.457559860360632, 18.723502988334413 ], [ -70.457580187240779, 18.723518733931652 ], [ -70.457597952702741, 18.72353281060499 ], [ -70.457612022858669, 18.723544979095806 ], [ -70.457632869770947, 18.723562657579276 ], [ -70.457643863559056, 18.723571815973084 ], [ -70.457669190471123, 18.723592493621837 ], [ -70.457675696211581, 18.723597712949566 ], [ -70.457705350355255, 18.723622330908135 ], [ -70.457707535619519, 18.723624396759469 ], [ -70.457737321770168, 18.723652200786884 ], [ -70.457739401075216, 18.723654117565975 ], [ -70.457770106172873, 18.723682064331495 ], [ -70.457771260226039, 18.723683101698203 ], [ -70.457802460309168, 18.723711931218649 ], [ -70.457803124271578, 18.72371265544465 ], [ -70.457830437734543, 18.723741832167178 ], [ -70.457835026133409, 18.72374661839817 ], [ -70.457859613164473, 18.723771723785543 ], [ -70.457866914515805, 18.723779007781708 ], [ -70.457889983682421, 18.723801606095854 ], [ -70.457898805004035, 18.72381164132635 ], [ -70.457916856041805, 18.723831515631442 ], [ -70.457930711989306, 18.723846197336819 ], [ -70.457945564258608, 18.723861410871251 ], [ -70.457962597308253, 18.723878225119339 ], [ -70.457976161222376, 18.723891291402662 ], [ -70.457994498245412, 18.723912072817228 ], [ -70.45800283894728, 18.723921202439023 ], [ -70.458026399655807, 18.723945974201346 ], [ -70.458031451709971, 18.723951098406658 ], [ -70.458058278719307, 18.723977268206919 ], [ -70.458062102333528, 18.72398097850412 ], [ -70.458086863637106, 18.724010904446168 ], [ -70.458090211188249, 18.724014788309717 ], [ -70.458113497560575, 18.724040815805104 ], [ -70.458122124212395, 18.724050039381904 ], [ -70.458142225824545, 18.724070710853812 ], [ -70.458154052106195, 18.724087022720681 ], [ -70.458163758987553, 18.724100661916928 ], [ -70.458186002934582, 18.724130607442937 ], [ -70.458186037012197, 18.724130651980456 ], [ -70.458209617032708, 18.7241605422977 ], [ -70.458218048074556, 18.724177329000465 ], [ -70.458224789819809, 18.724190542874172 ], [ -70.4582404506817, 18.724220539648741 ], [ -70.458250185262841, 18.724238709334994 ], [ -70.458256230815593, 18.724250535492889 ], [ -70.458262643774333, 18.724280604271698 ], [ -70.458269326142982, 18.724310670952327 ], [ -70.458276292364346, 18.724340735422274 ], [ -70.45827471287835, 18.724370866432682 ], [ -70.458273046142622, 18.72440099812238 ], [ -70.458271285792762, 18.724431130540943 ], [ -70.45826177580453, 18.724461323301508 ], [ -70.458252347131676, 18.724490766579436 ], [ -70.458252100360497, 18.724491517350017 ], [ -70.45824203459604, 18.724521714437294 ], [ -70.458226165475921, 18.72455195671068 ], [ -70.458221339804425, 18.724561127549347 ], [ -70.458210226173307, 18.724582199529422 ], [ -70.458194212770721, 18.724612442924016 ], [ -70.458190221234517, 18.724618520913136 ], [ -70.458174336810785, 18.724642716391457 ], [ -70.458159018096794, 18.724666056193144 ], [ -70.458154126958775, 18.724672992456771 ], [ -70.458132248815204, 18.72470328150926 ], [ -70.458127768331664, 18.724708156684663 ], [ -70.458104288488016, 18.724733617913561 ], [ -70.458096448483644, 18.724742087118823 ], [ -70.458076135081484, 18.724763955817423 ], [ -70.458065126434789, 18.724775762364082 ], [ -70.45804835548563, 18.724794290807296 ], [ -70.458033792743066, 18.724808081404532 ], [ -70.458016622629387, 18.724824656570657 ], [ -70.45800244369714, 18.724838611383326 ], [ -70.457986090105436, 18.724855012984555 ], [ -70.457971104909035, 18.724870338846095 ], [ -70.457957509518721, 18.724885354198321 ], [ -70.457939784894748, 18.724904256947546 ], [ -70.457929148949091, 18.724915693695458 ], [ -70.457908464534157, 18.724938136100828 ], [ -70.457901248585287, 18.724946029606265 ], [ -70.457877149485881, 18.724972636209589 ], [ -70.457873893109536, 18.724976361271725 ], [ -70.457846726143302, 18.725006691466252 ], [ -70.457845839081813, 18.725007679386913 ], [ -70.457819432650879, 18.72503702264224 ], [ -70.457814526418602, 18.725042460582713 ], [ -70.457792016003353, 18.725067354773401 ], [ -70.45778325493842, 18.725077055179195 ] ] ] } },
{ "type": "Feature", "properties": { "level": 815.0, "major": false }, "geometry": { "type": "MultiLineString", "coordinates": [ [ [ -70.455880144204173, 18.722115250142689 ], [ -70.455887603901715, 18.72213053278972 ], [ -70.455893030798521, 18.722141441350512 ], [ -70.455902664113552, 18.722160534471247 ], [ -70.455918154368376, 18.722190532808387 ], [ -70.455925179303151, 18.722204289815998 ], [ -70.45593359865552, 18.72222053150114 ], [ -70.455949516286182, 18.72225052651277 ], [ -70.455957308503926, 18.722264880843625 ], [ -70.455965725831518, 18.722280519253452 ], [ -70.455982477626236, 18.722310507777127 ], [ -70.455989413818699, 18.722322679466686 ], [ -70.455999712599805, 18.722340492542834 ], [ -70.456017454930063, 18.722370473362457 ], [ -70.456021488840776, 18.722376937699561 ], [ -70.456036449762365, 18.722400444443238 ], [ -70.456053522879074, 18.722426407290129 ], [ -70.456056152417446, 18.722430410019044 ], [ -70.456076286444102, 18.722460372238768 ], [ -70.456085530050984, 18.722472737201404 ], [ -70.456098991870959, 18.722490314465329 ], [ -70.456117491015505, 18.722513669108857 ], [ -70.456122832536025, 18.722520247862885 ], [ -70.456147892854432, 18.722550171774671 ], [ -70.456149428548613, 18.722551863020485 ], [ -70.456175027506532, 18.722580079555375 ], [ -70.456181338879205, 18.722586878786565 ], [ -70.456203214513209, 18.722609979149667 ], [ -70.456213235791054, 18.722620326124616 ], [ -70.456232554438557, 18.722639869775161 ], [ -70.456245121993618, 18.722652521515549 ], [ -70.456262284371476, 18.722669757363004 ], [ -70.456277004287386, 18.722684259089295 ], [ -70.456292903790285, 18.722699638029404 ], [ -70.45630887632484, 18.722714797742309 ], [ -70.456324669924527, 18.722729509773821 ], [ -70.456340745156666, 18.722744960775081 ], [ -70.456356226772044, 18.722759383139412 ], [ -70.456372607566422, 18.722774372684462 ], [ -70.456389161761891, 18.722789245782753 ], [ -70.456404461152431, 18.72280275312233 ], [ -70.456423324664541, 18.722819098871238 ], [ -70.456436313232814, 18.722830956542449 ], [ -70.456456696464016, 18.72284895810445 ], [ -70.456468163467278, 18.722858943224203 ], [ -70.456491323365285, 18.722878807570758 ], [ -70.45650000705902, 18.722886153196445 ], [ -70.456527014583571, 18.722908648753059 ], [ -70.45653184693883, 18.722912928649674 ], [ -70.456561148572789, 18.722938502037969 ], [ -70.45656369536691, 18.722940700836645 ], [ -70.456595538672275, 18.722967873813669 ], [ -70.456596101627454, 18.722968348945983 ], [ -70.456627377018549, 18.722994466723691 ], [ -70.456631846040551, 18.722998189692088 ], [ -70.456659225633317, 18.723022257103864 ], [ -70.456665890989456, 18.723028043647911 ], [ -70.45669107087771, 18.723049652858805 ], [ -70.456700792026723, 18.723057890938438 ], [ -70.45672291078354, 18.723076424283491 ], [ -70.456736401301484, 18.723087732713111 ], [ -70.456754754725495, 18.723103665640949 ], [ -70.456770986539183, 18.723117582445102 ], [ -70.456786597883962, 18.723130814363426 ], [ -70.456806448853854, 18.723147425347829 ], [ -70.456818435743045, 18.723157343383864 ], [ -70.456842651968174, 18.723177262480768 ], [ -70.456850271331803, 18.723183606273629 ], [ -70.456878955511499, 18.723207098824648 ], [ -70.456882104976827, 18.723209641167198 ], [ -70.456913932306932, 18.723234937937058 ], [ -70.456916460770131, 18.723236925812735 ], [ -70.456945753841168, 18.723259557204688 ], [ -70.456955251991786, 18.723266742788905 ], [ -70.456977569769251, 18.723283521159559 ], [ -70.456995233994022, 18.723296550492751 ], [ -70.457009380101212, 18.723306831019091 ], [ -70.457036548365096, 18.723326347822006 ], [ -70.457041186074832, 18.72332963127316 ], [ -70.457072986498915, 18.723351782951454 ], [ -70.457079340669267, 18.723356133643289 ], [ -70.457104785362205, 18.723373751548301 ], [ -70.457122458164633, 18.723385916923821 ], [ -70.457136582754629, 18.723395547570213 ], [ -70.457166518659534, 18.723415692856697 ], [ -70.457168376621738, 18.723416931303206 ], [ -70.457200167047816, 18.723437912613424 ], [ -70.457211230605751, 18.723445463709609 ], [ -70.45723196884947, 18.723460220328565 ], [ -70.457253146834645, 18.723475256303395 ], [ -70.457263772880424, 18.723482787191578 ], [ -70.45729525218745, 18.723505047415262 ], [ -70.457295576252278, 18.723505276187684 ], [ -70.45732739387708, 18.723529427131162 ], [ -70.457334570324974, 18.723534860204399 ], [ -70.45735922124436, 18.723554713679686 ], [ -70.457371672520949, 18.723564690227374 ], [ -70.457391049887917, 18.723580148028333 ], [ -70.457408271129225, 18.723594524160813 ], [ -70.457422887662972, 18.72360664658834 ], [ -70.457444405626816, 18.723624361697816 ], [ -70.457454727684734, 18.723633406099289 ], [ -70.457478651831082, 18.723654213921609 ], [ -70.457486575372172, 18.723661058708991 ], [ -70.457512389338476, 18.723684070097068 ], [ -70.457518429376378, 18.723689446996207 ], [ -70.457545968839867, 18.723713927495297 ], [ -70.457550287651486, 18.723718332255352 ], [ -70.457575189682288, 18.723743818807986 ], [ -70.457582178353832, 18.723750998883766 ], [ -70.457603665785783, 18.723773715911459 ], [ -70.457614078693041, 18.723784788183135 ], [ -70.457631692717541, 18.723803616505723 ], [ -70.457646014795387, 18.723822747554703 ], [ -70.457654101942055, 18.723833560817525 ], [ -70.457676467245946, 18.723863505467911 ], [ -70.457677992432991, 18.723865549964064 ], [ -70.457699425930059, 18.723893445496657 ], [ -70.457709990865993, 18.723910775989118 ], [ -70.457717819123403, 18.723923421056742 ], [ -70.457736786769019, 18.723953392143336 ], [ -70.457742036655574, 18.7239615234339 ], [ -70.457756360329753, 18.723983358511337 ], [ -70.457771975611081, 18.724013355686658 ], [ -70.457774126292293, 18.724017382571393 ], [ -70.457789177552399, 18.724043340510111 ], [ -70.45780620214191, 18.72407163113974 ], [ -70.457807238915109, 18.72407331864191 ], [ -70.457820621392656, 18.724103333191689 ], [ -70.457834601114754, 18.724133343091175 ], [ -70.457838410192281, 18.724141295372789 ], [ -70.457849214306293, 18.724163348058237 ], [ -70.457859035824129, 18.724193390323023 ], [ -70.457869290292933, 18.724223429216799 ], [ -70.457870761245843, 18.724227633881934 ], [ -70.457880257134079, 18.724253462564388 ], [ -70.45788443733197, 18.724283548740658 ], [ -70.457888691863928, 18.724313634338017 ], [ -70.45789303231156, 18.72434371926629 ], [ -70.457887529954348, 18.724373880814746 ], [ -70.457881946904138, 18.724404042991214 ], [ -70.457876287229041, 18.724434205764016 ], [ -70.457872601723125, 18.724442275610912 ], [ -70.457862570499614, 18.724464431255264 ], [ -70.457848830410143, 18.724494656927561 ], [ -70.457841576413301, 18.724510557357362 ], [ -70.45783502590966, 18.724524883100425 ], [ -70.45781644186664, 18.724555146476845 ], [ -70.457810431798805, 18.724564927761733 ], [ -70.457797840875315, 18.72458540998365 ], [ -70.457779255696479, 18.724615628006319 ], [ -70.45777922861943, 18.724615673576597 ], [ -70.4577583976764, 18.724645954437822 ], [ -70.457748034448926, 18.724661065016281 ], [ -70.45773765036563, 18.724676234646111 ], [ -70.457716986200566, 18.724706514205284 ], [ -70.457716815250393, 18.724706742892121 ], [ -70.457694372472389, 18.724736808936932 ], [ -70.45768556354561, 18.724748631292698 ], [ -70.457672217198791, 18.724767100097921 ], [ -70.457654323753417, 18.724791910891959 ], [ -70.457650378092026, 18.724797388795849 ], [ -70.457626897818201, 18.72482769026508 ], [ -70.457623062074163, 18.724832639398066 ], [ -70.457603413134464, 18.7248579917661 ], [ -70.457591797051307, 18.724872979604402 ], [ -70.457580253577234, 18.72488829073415 ], [ -70.457560527719153, 18.724912818846267 ], [ -70.457555879747574, 18.724918599150193 ], [ -70.45753151289172, 18.724948907509212 ], [ -70.457529250349637, 18.724951722230117 ], [ -70.457507153334291, 18.724979215808698 ], [ -70.457497970406749, 18.7249903270693 ], [ -70.457482637825109, 18.72500952531913 ], [ -70.457468361743238, 18.725027572404976 ] ] ] } },
{ "type": "Feature", "properties": { "level": 820.0, "major": false }, "geometry": { "type": "MultiLineString", "coordinates": [ [ [ -70.455759456996844, 18.722234054014447 ], [ -70.455767530743799, 18.722251414191103 ], [ -70.455767766318871, 18.722251939218651 ], [ -70.45578151732677, 18.722281951085741 ], [ -70.455795709983391, 18.722311959518727 ], [ -70.455799730139361, 18.722320209312326 ], [ -70.455810587508182, 18.72234196262707 ], [ -70.455826201662532, 18.722371960008243 ], [ -70.455831873616546, 18.722382469951384 ], [ -70.455842629000273, 18.722401951067003 ], [ -70.455859829816063, 18.72243193611175 ], [ -70.455863967584378, 18.722438945162313 ], [ -70.455877049800947, 18.722461921005454 ], [ -70.455895333627097, 18.722491897627794 ], [ -70.455896041026861, 18.722493020533271 ], [ -70.455914806254086, 18.722521865007099 ], [ -70.455928064024022, 18.722541201868886 ], [ -70.455935592062886, 18.722551822176104 ], [ -70.455958490170445, 18.722581762922431 ], [ -70.45596003850504, 18.722583714912425 ], [ -70.455982027010563, 18.722611698700135 ], [ -70.455991991404545, 18.722623705641631 ], [ -70.456007498034239, 18.722641619438477 ], [ -70.456023915318653, 18.72266030959462 ], [ -70.456034132416931, 18.722671531128913 ], [ -70.456055817460594, 18.722694369373638 ], [ -70.456062290793085, 18.722701430967312 ], [ -70.456087716176839, 18.722728027599814 ], [ -70.456090990477804, 18.722731326592541 ], [ -70.456118433523386, 18.722761231982247 ], [ -70.456119621705284, 18.722762479821565 ], [ -70.456147912243026, 18.722791121540855 ], [ -70.456151507445583, 18.722794619829834 ], [ -70.456177477013824, 18.722821010425076 ], [ -70.456183401185811, 18.722827692556681 ], [ -70.456204828803649, 18.722850916509547 ], [ -70.456215303456489, 18.722861759882363 ], [ -70.45623448033011, 18.722880804708844 ], [ -70.456247180445246, 18.722892873708879 ], [ -70.45626539995051, 18.722910683043036 ], [ -70.456279070726936, 18.722925538246141 ], [ -70.456293548613303, 18.7229405829166 ], [ -70.456310957574345, 18.722957800361943 ], [ -70.45632437263329, 18.722970461982918 ], [ -70.456342818798603, 18.722987069439011 ], [ -70.456357129844079, 18.723000326011469 ], [ -70.456374695534905, 18.723018148285743 ], [ -70.456387097629658, 18.723030211723803 ], [ -70.456406564633298, 18.723048334046087 ], [ -70.456419748922329, 18.723060076563453 ], [ -70.45643841229159, 18.723076015432508 ], [ -70.456453845774504, 18.723089930155574 ], [ -70.456470278689679, 18.723105883355373 ], [ -70.456485150557043, 18.723119805453081 ], [ -70.456502139881408, 18.723135142172069 ], [ -70.456518841789475, 18.723149662186053 ], [ -70.456533983702059, 18.723162371843209 ], [ -70.456553402697566, 18.723179512148821 ], [ -70.456565839551047, 18.723191004455472 ], [ -70.456586405667011, 18.723209374220524 ], [ -70.456597691093421, 18.723219133093792 ], [ -70.456621755765781, 18.723239218031484 ], [ -70.456629527587893, 18.723245503964254 ], [ -70.456657231222636, 18.723269060859963 ], [ -70.456661370976207, 18.723272678385104 ], [ -70.456692269457292, 18.723298907081421 ], [ -70.456693212955017, 18.723299687095938 ], [ -70.456725043120159, 18.723325315722754 ], [ -70.456729176670351, 18.723328738758912 ], [ -70.456756874261998, 18.723351057232833 ], [ -70.456766497238462, 18.72335856721315 ], [ -70.456788700839851, 18.723376264936757 ], [ -70.456804372798388, 18.723388391342201 ], [ -70.456820519774496, 18.723400579481275 ], [ -70.456843957827218, 18.723418202165657 ], [ -70.456852333934108, 18.723424335678537 ], [ -70.456884137657553, 18.723446872865594 ], [ -70.456885765830464, 18.723447995687945 ], [ -70.456915944696178, 18.72346979598235 ], [ -70.456926872965568, 18.723477794651931 ], [ -70.456947751821261, 18.723492728203425 ], [ -70.456969161739735, 18.723507584413753 ], [ -70.456979550143245, 18.723514632116842 ], [ -70.457011340233706, 18.723535574494413 ], [ -70.457013990417494, 18.723537354406066 ], [ -70.457043148903338, 18.7235586840618 ], [ -70.457054991406309, 18.723567154164737 ], [ -70.457074952369524, 18.723581185434856 ], [ -70.457097892450619, 18.723596939131255 ], [ -70.457106749260049, 18.723602918532972 ], [ -70.457138551873811, 18.723625318523723 ], [ -70.457140584098482, 18.723626725716063 ], [ -70.457170377946568, 18.723650454832562 ], [ -70.457178175597178, 18.723656551971136 ], [ -70.457202199408087, 18.723675052006296 ], [ -70.457215849112615, 18.723686377579629 ], [ -70.457234033385319, 18.723701108426127 ], [ -70.457253197560973, 18.723716205708921 ], [ -70.457265874025467, 18.723727941113559 ], [ -70.457285976010866, 18.723746069388877 ], [ -70.457297728636249, 18.723756402624119 ], [ -70.457318268092237, 18.72377593684681 ], [ -70.457329596285902, 18.723786384132602 ], [ -70.457351316911641, 18.723805798409963 ], [ -70.457361471874222, 18.723817290505195 ], [ -70.457378042029859, 18.723835709174327 ], [ -70.457393383555086, 18.723852406234208 ], [ -70.457404102212521, 18.723865625108498 ], [ -70.457425327218587, 18.723891251546615 ], [ -70.457428946365567, 18.723895550501261 ], [ -70.457446249047905, 18.723925534577013 ], [ -70.457457394545273, 18.723944521507583 ], [ -70.457463916794381, 18.723955515809791 ], [ -70.457481965759669, 18.723985494073759 ], [ -70.45748953525387, 18.724006349432951 ], [ -70.457492535752337, 18.724015530538146 ], [ -70.457502595395098, 18.724045570973281 ], [ -70.457513032370855, 18.72407560847105 ], [ -70.457518633026496, 18.724105683605796 ], [ -70.457522154761961, 18.724124027617425 ], [ -70.457524450710551, 18.724135757051165 ], [ -70.45753050170768, 18.724165828680405 ], [ -70.457532232185073, 18.724195933933405 ], [ -70.457534025338234, 18.72422603869849 ], [ -70.457535883635416, 18.724256142956452 ], [ -70.457533171768588, 18.724286282781449 ], [ -70.457530351366529, 18.724316423451054 ], [ -70.457527416369189, 18.724346565012411 ], [ -70.457524169047161, 18.724358996782513 ], [ -70.457519506167486, 18.724376745292904 ], [ -70.457511505740229, 18.724406926275314 ], [ -70.457503411095786, 18.724437107990695 ], [ -70.457493435727741, 18.724461355221344 ], [ -70.457491091556022, 18.724467322585269 ], [ -70.457479240563558, 18.724497533532855 ], [ -70.457467425296159, 18.724527744201822 ], [ -70.457462476292051, 18.724537340073489 ], [ -70.457451844828213, 18.724557984171518 ], [ -70.457436317735429, 18.724588223724794 ], [ -70.457431384174043, 18.724597849672634 ], [ -70.457420834735458, 18.724618462933886 ], [ -70.457402466771697, 18.724648724592448 ], [ -70.457400240897968, 18.724652393683144 ], [ -70.457384715234753, 18.724678981452584 ], [ -70.457369087321823, 18.724705738303964 ], [ -70.457367043691036, 18.724709237688849 ], [ -70.457347183237474, 18.724739510957033 ], [ -70.457337886927817, 18.7247536231997 ], [ -70.45732721048239, 18.724769785097322 ], [ -70.457307128446089, 18.724800060086181 ], [ -70.457306679418124, 18.724800679917728 ], [ -70.457285946422004, 18.724830343632604 ], [ -70.457275450868167, 18.724845283870792 ], [ -70.457264635371715, 18.724860628180974 ], [ -70.45724421857561, 18.724889453028066 ], [ -70.457243180265195, 18.724890913848203 ], [ -70.457221445719057, 18.724921201687668 ], [ -70.457212981294177, 18.724933041961538 ], [ -70.457200530328166, 18.724951483151195 ], [ -70.457181768220821, 18.724979457153939 ], [ -70.457180230137524, 18.724981759825983 ], [ -70.457161901870236, 18.725012021155909 ], [ -70.457150598468814, 18.725030928828893 ], [ -70.457143865549824, 18.725042280212808 ], [ -70.457126111026966, 18.725072537075715 ], [ -70.457119455387286, 18.725085514469828 ], [ -70.457111005462565, 18.725102773327034 ], [ -70.457096242159267, 18.72513300691443 ], [ -70.457093358032026, 18.725138928552653 ] ] ] } },
{ "type": "Feature", "properties": { "level": 825.0, "major": true }, "geometry": { "type": "MultiLineString", "coordinates": [ [ [ -70.455616042042266, 18.7223752306612 ], [ -70.455628433169693, 18.722403615838676 ], [ -70.455641958956107, 18.722433629466657 ], [ -70.455642662097674, 18.722435163753481 ], [ -70.455655925820295, 18.722463639665307 ], [ -70.455671328531551, 18.722493638703305 ], [ -70.455674830433722, 18.722500331793235 ], [ -70.455687161490516, 18.722523634395742 ], [ -70.45570343903735, 18.72255362663104 ], [ -70.455706948605055, 18.722559637121346 ], [ -70.45572114796235, 18.722583607739558 ], [ -70.455739015944943, 18.722613002306172 ], [ -70.455739375276394, 18.722613584816866 ], [ -70.455758149109499, 18.722643557644165 ], [ -70.455771053308737, 18.722662863754135 ], [ -70.455778445722018, 18.722673518633258 ], [ -70.455799800551773, 18.722703471394492 ], [ -70.455803049586507, 18.722707924089303 ], [ -70.45582203830763, 18.722733417289959 ], [ -70.455835027394471, 18.722750825168738 ], [ -70.455844594655048, 18.722763360705834 ], [ -70.455866988633559, 18.722791789163981 ], [ -70.455868225567414, 18.72279329576579 ], [ -70.455893204583262, 18.72282322034312 ], [ -70.455898930861579, 18.722830530991708 ], [ -70.455916874141224, 18.722853155095343 ], [ -70.455930883857988, 18.722870528704142 ], [ -70.455941136716504, 18.722883085234177 ], [ -70.455962825624695, 18.722909213155862 ], [ -70.455966067366077, 18.722913010175915 ], [ -70.455989858664267, 18.722942943970743 ], [ -70.455994777401528, 18.722949064878804 ], [ -70.456014090328367, 18.722972874338598 ], [ -70.456026723539281, 18.722988256282441 ], [ -70.456038781127376, 18.723002801133397 ], [ -70.456058676580582, 18.723028252104633 ], [ -70.456062317440299, 18.723032736899476 ], [ -70.45608695464179, 18.723062664103374 ], [ -70.45609061940138, 18.723067052636981 ], [ -70.456112206640256, 18.723092586523702 ], [ -70.45612255465943, 18.723104968318534 ], [ -70.456137529706496, 18.72312250838748 ], [ -70.456154481008383, 18.723141842003532 ], [ -70.456164457132104, 18.723152417773708 ], [ -70.45618637620619, 18.723175076657117 ], [ -70.456193535248048, 18.72318231043398 ], [ -70.456218250980641, 18.723205925147877 ], [ -70.456224962403425, 18.723212184825037 ], [ -70.456250111358102, 18.723235091285336 ], [ -70.456257953550391, 18.723242047049592 ], [ -70.456281961491797, 18.723263060108504 ], [ -70.456292204007397, 18.723271899475815 ], [ -70.456313800755481, 18.723289758583203 ], [ -70.456328475395409, 18.723301736180851 ], [ -70.456345632514228, 18.723315579677983 ], [ -70.456365017641431, 18.723331570771833 ], [ -70.456377467123374, 18.723341732434093 ], [ -70.456401868780816, 18.72336140295284 ], [ -70.456409295247596, 18.723367126959385 ], [ -70.456441052639491, 18.723391216985778 ], [ -70.456441112591691, 18.723391261867729 ], [ -70.456472932150078, 18.723415654232081 ], [ -70.456480028176543, 18.723421032629613 ], [ -70.456504747849365, 18.723439595038414 ], [ -70.456519897567432, 18.723450841313138 ], [ -70.456536557975781, 18.723462884254694 ], [ -70.456560144466664, 18.72348064705136 ], [ -70.45656837347623, 18.723486799796085 ], [ -70.456600186048078, 18.723510372445283 ], [ -70.456600296237298, 18.723510453519822 ], [ -70.456631995776974, 18.723533612226859 ], [ -70.45664080627796, 18.723540257192308 ], [ -70.456663810786793, 18.72355746742133 ], [ -70.456680793847113, 18.723570064918679 ], [ -70.456695622960609, 18.723580990561274 ], [ -70.456721469217555, 18.723599867285937 ], [ -70.456727432393876, 18.723604192811251 ], [ -70.45675924206013, 18.723627421253529 ], [ -70.45676233379227, 18.723629668171757 ], [ -70.456791056893763, 18.723651251801456 ], [ -70.45680203840891, 18.723659478070235 ], [ -70.456822871450456, 18.723675048997592 ], [ -70.456841751276173, 18.723689287895194 ], [ -70.456854688134726, 18.723699093472142 ], [ -70.456880916272738, 18.723719101972552 ], [ -70.456886510938276, 18.723723851062207 ], [ -70.456915863224438, 18.723748948852919 ], [ -70.456918355049368, 18.723751094240139 ], [ -70.456950166983276, 18.723778800729431 ], [ -70.456950203415772, 18.723778832823044 ], [ -70.456982057368748, 18.723807222137303 ], [ -70.456983650215605, 18.723808658982012 ], [ -70.457011413071768, 18.723838561729654 ], [ -70.457013960342522, 18.72384133068411 ], [ -70.457039289123855, 18.723868463591881 ], [ -70.457045864485508, 18.72387557415507 ], [ -70.45706677120522, 18.723898368514295 ], [ -70.457077798372211, 18.723913286879974 ], [ -70.45708887120945, 18.723928315304441 ], [ -70.457109782232791, 18.723956829192879 ], [ -70.457110857905363, 18.723958262972968 ], [ -70.457133123913167, 18.723988208465244 ], [ -70.457141803113799, 18.724004689209139 ], [ -70.457148814380631, 18.724018205114199 ], [ -70.457164042584225, 18.724048205358027 ], [ -70.457173958338814, 18.724068222383611 ], [ -70.457178834216634, 18.724078208996932 ], [ -70.457186356284026, 18.724108269195604 ], [ -70.457193679007233, 18.724138330944744 ], [ -70.457200810580431, 18.724168394180619 ], [ -70.457202011236831, 18.724198503562544 ], [ -70.457203195907738, 18.724228613068714 ], [ -70.457204363938061, 18.724258722704246 ], [ -70.457200919026405, 18.724288868231572 ], [ -70.457197530704903, 18.724319013318521 ], [ -70.457194190243754, 18.724349158032997 ], [ -70.45718713165077, 18.7243793316769 ], [ -70.457180179082002, 18.724409504495672 ], [ -70.457177002746946, 18.724423441503387 ], [ -70.457173330249418, 18.72443967650711 ], [ -70.457163212630846, 18.724469873951346 ], [ -70.457153207152416, 18.724500070522652 ], [ -70.457146230924224, 18.724521333261045 ], [ -70.457143316605212, 18.724530266199316 ], [ -70.457130030912296, 18.724560488291242 ], [ -70.45711687129203, 18.724590709401525 ], [ -70.457115246810844, 18.72459445828726 ], [ -70.457104088495726, 18.724620927579267 ], [ -70.457088347208867, 18.724651168774052 ], [ -70.457084190835531, 18.724659201074459 ], [ -70.457072753931683, 18.724681408816206 ], [ -70.457057305777084, 18.724711647728252 ], [ -70.457053090049939, 18.724718717722769 ], [ -70.457039312164795, 18.724741906442905 ], [ -70.457021930281016, 18.72477135412532 ], [ -70.457021467184433, 18.724772163999777 ], [ -70.45700432000973, 18.72480241612643 ], [ -70.456990777298714, 18.724824784611116 ], [ -70.456986034435332, 18.72483267710825 ], [ -70.456968020206034, 18.724862935977619 ], [ -70.456959615643413, 18.724877205207331 ], [ -70.456950268032898, 18.724893192806856 ], [ -70.456932770312989, 18.72492344765519 ], [ -70.456928465126282, 18.724930927706673 ], [ -70.456915374301786, 18.724953701710938 ], [ -70.456898052736065, 18.724983955186215 ], [ -70.456897320322028, 18.724985319071354 ], [ -70.456881819306162, 18.725014200195297 ], [ -70.456866206426454, 18.725043319650648 ], [ -70.456865603273855, 18.725044445067894 ], [ -70.45684939965227, 18.725074689842796 ], [ -70.456835609540818, 18.725104915841801 ], [ -70.456835132333197, 18.725105967536344 ], [ -70.456821928736716, 18.72513514098971 ], [ -70.456808556056899, 18.72516536373994 ], [ -70.45680414786591, 18.725179077530839 ], [ -70.456798920080928, 18.725195557422147 ], [ -70.456789537623806, 18.725225749131894 ], [ -70.456780397495308, 18.725255938956252 ], [ -70.456778154816831, 18.725268991205724 ] ] ] } },
{ "type": "Feature", "properties": { "level": 830.0, "major": false }, "geometry": { "type": "MultiLineString", "coordinates": [ [ [ -70.454845569998071, 18.724176401519504 ], [ -70.454850931288377, 18.724156544270372 ], [ -70.454860133114224, 18.7241263540406 ], [ -70.454866705194092, 18.724106935329466 ], [ -70.454870603609024, 18.724096153955234 ], [ -70.45487968941282, 18.724065964626011 ], [ -70.45489055736779, 18.724035761452228 ], [ -70.454897563430436, 18.724018992419786 ], [ -70.454903788889723, 18.724005539917041 ], [ -70.454911134280934, 18.723975364106703 ], [ -70.454920168622266, 18.723945175175739 ], [ -70.454928350015138, 18.723922679557042 ], [ -70.45493679105104, 18.723914927296825 ], [ -70.454946815347256, 18.723884730674435 ], [ -70.454959420104004, 18.723859500552987 ], [ -70.454962633817729, 18.723854489039223 ], [ -70.454990730287207, 18.723824380884874 ], [ -70.454991030514392, 18.723824149686621 ], [ -70.454996424785648, 18.723793989031474 ], [ -70.45500498237908, 18.723763803801084 ], [ -70.455020262991738, 18.723733566340428 ], [ -70.455020809560665, 18.723703443345716 ], [ -70.455021209383389, 18.723692145708853 ], [ -70.455026692694403, 18.723673278891987 ], [ -70.455052428893453, 18.723646435441214 ], [ -70.455064252371074, 18.723642868344228 ], [ -70.455052343927321, 18.723636506843597 ], [ -70.455020650002339, 18.723626778679616 ], [ -70.455012428093113, 18.723613152213474 ], [ -70.454988817514888, 18.723600857869389 ], [ -70.454957165016282, 18.723595969719753 ], [ -70.454925538460031, 18.72359411312722 ], [ -70.454917749911289, 18.723583768971672 ], [ -70.454893716918491, 18.723569469200154 ], [ -70.45486204726474, 18.723562575251744 ], [ -70.454830409323861, 18.723559387388274 ], [ -70.454826067807147, 18.72355436240716 ], [ -70.454798645690687, 18.723541509190113 ], [ -70.45476695627957, 18.723532305110588 ], [ -70.454738426971929, 18.723526861131557 ] ], [ [ -70.455451720986076, 18.722536986718314 ], [ -70.455453916208313, 18.722542271602975 ], [ -70.455459618267398, 18.722555521466035 ], [ -70.455473206684118, 18.72258553462013 ], [ -70.455486124139085, 18.722612070800256 ], [ -70.455487712535955, 18.722615540643528 ], [ -70.455501988144206, 18.722645548454633 ], [ -70.455514515435752, 18.722675569850626 ], [ -70.455518351723981, 18.722684162743967 ], [ -70.455528456546148, 18.722705580258371 ], [ -70.455544076271451, 18.722735577619687 ], [ -70.455550592906619, 18.722757839749555 ], [ -70.455553098872514, 18.722765626247948 ], [ -70.455564118946782, 18.722795659352307 ], [ -70.455577904010539, 18.722825670967588 ], [ -70.455581238508259, 18.722855763798659 ], [ -70.455583159482615, 18.722869524492477 ], [ -70.455585352034376, 18.722885850575238 ], [ -70.455590720144201, 18.722915927601424 ], [ -70.455590201961755, 18.72294605037332 ], [ -70.455589224804825, 18.722976176712113 ], [ -70.455587265465127, 18.723006310683971 ], [ -70.455586257686022, 18.723036437260596 ], [ -70.455584795767464, 18.723060667818675 ], [ -70.455583856875876, 18.723066574663267 ], [ -70.455573186137812, 18.723096776336387 ], [ -70.455571856463237, 18.723126905414489 ], [ -70.455568293590417, 18.723157051847984 ], [ -70.455554256968625, 18.72318586786232 ], [ -70.455552409731027, 18.723187294034265 ], [ -70.455551817567539, 18.723217417380642 ], [ -70.455548764014409, 18.72324755985564 ], [ -70.455533970160332, 18.723277793569817 ], [ -70.455539496055493, 18.723307869369883 ], [ -70.455539753867669, 18.723337986110455 ], [ -70.45555568703125, 18.723352921657479 ], [ -70.455587360000791, 18.72336020519198 ], [ -70.455591939958481, 18.723367699283546 ], [ -70.455619084538029, 18.723373512068818 ], [ -70.455650721703293, 18.723376612711732 ], [ -70.455682340247648, 18.723377538251444 ], [ -70.455711858611835, 18.723396886007233 ], [ -70.455714122809397, 18.723397621377472 ], [ -70.455745788989788, 18.72340411036798 ], [ -70.455777425801386, 18.723407168929032 ], [ -70.455806224863622, 18.723426271270387 ], [ -70.455809208811559, 18.723427302561792 ], [ -70.45584087957576, 18.723434325948535 ], [ -70.455872520096833, 18.723437816998015 ], [ -70.455904258629587, 18.723452754378922 ], [ -70.455914819409699, 18.723455545880434 ], [ -70.455935924820835, 18.723459242820489 ], [ -70.455967571439288, 18.723463445281965 ], [ -70.455999319058378, 18.723479442320951 ], [ -70.456013020562821, 18.723484901224264 ], [ -70.456031029553046, 18.723491103452499 ], [ -70.456062716119362, 18.723499969912186 ], [ -70.456085968640593, 18.723514452845141 ], [ -70.45609449123711, 18.723519176242352 ], [ -70.456126233517637, 18.723534547419369 ], [ -70.456149710747013, 18.723544076010874 ], [ -70.456157960104974, 18.723548085531409 ], [ -70.456189782369037, 18.723572794564781 ], [ -70.456191298736911, 18.723573871403996 ], [ -70.456221572496702, 18.723593750282564 ], [ -70.456238421956812, 18.723603623748879 ], [ -70.456253337279506, 18.723611745903124 ], [ -70.456285124512277, 18.72363236190284 ], [ -70.456286818891599, 18.723633366176955 ], [ -70.456316936018922, 18.723655811043947 ], [ -70.45632782697885, 18.723663166045778 ], [ -70.456348722115763, 18.723676292597521 ], [ -70.456371677849461, 18.723692943799058 ], [ -70.456380525778869, 18.723698824079129 ], [ -70.456412299383217, 18.723717845412867 ], [ -70.456421242627528, 18.72372267710794 ], [ -70.456444092131946, 18.723739100878966 ], [ -70.456459438557445, 18.723752498813187 ], [ -70.456475931446676, 18.723765791478577 ], [ -70.456498458937986, 18.723782314098194 ], [ -70.456507737796031, 18.723788632677977 ], [ -70.456539517862254, 18.723808404782453 ], [ -70.456544431626298, 18.723812075306085 ], [ -70.456571274551465, 18.723841985277975 ], [ -70.45657141750138, 18.723842133835458 ], [ -70.456602241171623, 18.723871863174008 ], [ -70.456603290922786, 18.723872801062484 ], [ -70.456635128025326, 18.723899227626635 ], [ -70.456637780147375, 18.723901705502531 ], [ -70.456657348342333, 18.723931672039434 ], [ -70.456667132702947, 18.723945212744461 ], [ -70.456679897201226, 18.723961615390831 ], [ -70.456699074894914, 18.723983902500965 ], [ -70.456706187090063, 18.723991529641467 ], [ -70.456723890591434, 18.724021510673282 ], [ -70.45673111028006, 18.724033467686453 ], [ -70.45674005250963, 18.724051503693619 ], [ -70.456756583730822, 18.724081493839591 ], [ -70.45676326619882, 18.724097098481256 ], [ -70.45676950615713, 18.724111512054073 ], [ -70.456782706295854, 18.72414152810714 ], [ -70.456795501842279, 18.724170030983835 ], [ -70.456796187750342, 18.724171541970687 ], [ -70.456805935348271, 18.724201584876912 ], [ -70.456815049480241, 18.724231632709817 ], [ -70.456823592669309, 18.724261684983166 ], [ -70.456828148421465, 18.724290919060724 ], [ -70.456828245477794, 18.724291767517993 ], [ -70.456831564252781, 18.724321860429612 ], [ -70.456834660529196, 18.724351955071761 ], [ -70.456833707116175, 18.724382081215317 ], [ -70.456832851806311, 18.724412206595684 ], [ -70.456832076341044, 18.724442331354872 ], [ -70.456829566433925, 18.724456409795124 ], [ -70.456826048116852, 18.724472496973966 ], [ -70.4568198744509, 18.724502663724266 ], [ -70.456814203004697, 18.724532826567771 ], [ -70.456803405434925, 18.724563029285594 ], [ -70.456798982090902, 18.724576206131641 ], [ -70.456793505616815, 18.724593225019674 ], [ -70.45678439865469, 18.724623414586056 ], [ -70.456771104674218, 18.724653636720966 ], [ -70.456768096607192, 18.724660860993943 ], [ -70.456758924586666, 18.724683850190736 ], [ -70.456747719536779, 18.724714056075644 ], [ -70.456737129278451, 18.724735966900237 ], [ -70.456732353494345, 18.724744294325713 ], [ -70.456715888234868, 18.724774541124781 ], [ -70.456706014977243, 18.724793922143171 ], [ -70.456700697459439, 18.724804778009464 ], [ -70.456682595800558, 18.724835037534362 ], [ -70.456674873689877, 18.724848730036562 ], [ -70.456665896262848, 18.724865286152063 ], [ -70.456650449161955, 18.724895525027137 ], [ -70.456643765470147, 18.724907399726053 ], [ -70.456632147587527, 18.724925786102933 ], [ -70.456614317741696, 18.724956043508239 ], [ -70.456612597547633, 18.724959103307352 ], [ -70.456597930343207, 18.724986289693202 ], [ -70.456583633369846, 18.725016519618396 ], [ -70.456581518869868, 18.725021225800404 ], [ -70.45657053424398, 18.725046740226361 ], [ -70.456558490938718, 18.725076952621915 ], [ -70.456550618767793, 18.725104194786471 ], [ -70.456549728775016, 18.725107139497808 ], [ -70.456541070036366, 18.725137325569001 ], [ -70.456533175193442, 18.725167505698749 ], [ -70.456528445058893, 18.725197661214999 ], [ -70.456524050072005, 18.725227814124565 ], [ -70.456520302703524, 18.725255338904301 ], [ -70.456519957553297, 18.72525796468161 ], [ -70.456518977151944, 18.7252880910344 ], [ -70.456518055306532, 18.725318216931722 ], [ -70.456517698691329, 18.725330675867266 ] ] ] } },
{ "type": "Feature", "properties": { "level": 835.0, "major": false }, "geometry": { "type": "MultiLineString", "coordinates": [ [ [ -70.455118125929658, 18.724515286084468 ], [ -70.455123033913367, 18.724509181872605 ], [ -70.455148684181012, 18.72448553726117 ], [ -70.455154398827815, 18.724480448340611 ], [ -70.45518390259474, 18.72445514487346 ], [ -70.455185779272881, 18.724453530605427 ], [ -70.455217169119734, 18.724427712495057 ], [ -70.455222251271749, 18.724424728157135 ], [ -70.455248624314905, 18.724409530324444 ], [ -70.455276106185323, 18.724394190943965 ], [ -70.455280085173712, 18.724392010648589 ], [ -70.455311551366322, 18.724375114894638 ], [ -70.455335798997268, 18.724363608351609 ], [ -70.455343034280318, 18.72436017337948 ], [ -70.455374517398724, 18.724345256422122 ], [ -70.455400507291529, 18.72433298676571 ], [ -70.455406001005741, 18.724330397218651 ], [ -70.455437487163493, 18.724315836660789 ], [ -70.455466566908797, 18.724302354657045 ], [ -70.45546897298658, 18.724301237668662 ], [ -70.455500458473637, 18.724286600087321 ], [ -70.455531949524072, 18.724272613032383 ], [ -70.455533957212992, 18.724271712184592 ], [ -70.455563439601008, 18.724258512901276 ], [ -70.455594928550369, 18.724244281704465 ], [ -70.455603830594868, 18.724241050390425 ], [ -70.455626439887936, 18.724232666175411 ], [ -70.455657946817738, 18.724220536352671 ], [ -70.455683457639267, 18.724210312760963 ], [ -70.455689449040193, 18.72420785727715 ], [ -70.45572100745855, 18.724201742247864 ], [ -70.455752561249469, 18.724195087069518 ], [ -70.455784109685283, 18.724187806789043 ], [ -70.455815754007716, 18.724191725330691 ], [ -70.455847401396269, 18.724196001822744 ], [ -70.455879052352628, 18.724200694828959 ], [ -70.455897429358515, 18.724208649531622 ], [ -70.45591078180027, 18.724214553950667 ], [ -70.455942516560938, 18.724229032945154 ], [ -70.455962051575398, 18.7242382659038 ], [ -70.455974256913564, 18.724244164342831 ], [ -70.456006036683718, 18.724263898007006 ], [ -70.456012476965213, 18.724267992623627 ], [ -70.456037832093756, 18.724285457102592 ], [ -70.456054917756148, 18.72429778140571 ], [ -70.456069642656857, 18.724308784657211 ], [ -70.456089421668224, 18.724327631884726 ], [ -70.456101518607454, 18.72433974615571 ], [ -70.456118476608111, 18.724357524722027 ], [ -70.456133440882439, 18.724376115215222 ], [ -70.456142194027308, 18.724387459053773 ], [ -70.456164047885366, 18.724417407871488 ], [ -70.456165422174607, 18.724419373440803 ], [ -70.456182646283381, 18.724447381998328 ], [ -70.456197521177401, 18.724476373144004 ], [ -70.456198027690178, 18.724477381136243 ], [ -70.456212785080965, 18.724507385124511 ], [ -70.456226961030012, 18.72453739363225 ], [ -70.456229737155951, 18.724547027482934 ], [ -70.456235432599414, 18.724567446493769 ], [ -70.456243388122587, 18.724597503367242 ], [ -70.456250859707254, 18.724627564003093 ], [ -70.456250296878267, 18.724657687112099 ], [ -70.45624979281709, 18.724687809764056 ], [ -70.456249343658129, 18.724717931989034 ], [ -70.456243245538616, 18.724748098138839 ], [ -70.456237565981255, 18.724778261033865 ], [ -70.456232268314864, 18.72480842095927 ], [ -70.456231985500295, 18.724809526232949 ], [ -70.45622482330937, 18.724838597581574 ], [ -70.456217914210058, 18.724868770036636 ], [ -70.456211490813416, 18.724898938714855 ], [ -70.456206527356841, 18.724929096040992 ], [ -70.456201968274002, 18.724959250222764 ], [ -70.456201674392887, 18.72496127873956 ], [ -70.456197759415005, 18.724989401681242 ], [ -70.456199000824128, 18.725019510760621 ], [ -70.45620017077502, 18.725049620395513 ], [ -70.456201271706576, 18.725079730566939 ], [ -70.456202753089158, 18.725087218684578 ], [ -70.456207073899705, 18.725109804182846 ], [ -70.456212504230521, 18.725139880689852 ], [ -70.45621760503677, 18.725169959758798 ], [ -70.456224531724729, 18.725200024629732 ], [ -70.456231013387011, 18.725230092960622 ], [ -70.456235788677247, 18.725253544897736 ], [ -70.456237094836368, 18.725260164403064 ], [ -70.456245351213369, 18.725290218932994 ], [ -70.456253099785755, 18.725320277410979 ], [ -70.456254696743002, 18.725326864980889 ] ] ] } },
{ "type": "Feature", "properties": { "level": 840.0, "major": false }, "geometry": { "type": "MultiLineString", "coordinates": [ [ [ -70.45544540365664, 18.724855030504031 ], [ -70.455473740671891, 18.724858168325543 ], [ -70.455505387894519, 18.724862411341331 ], [ -70.455537070484269, 18.724870785320046 ], [ -70.455547925398221, 18.724873978432559 ], [ -70.455568765877558, 18.724880654475701 ], [ -70.455600477798754, 18.724892453714389 ], [ -70.455618304968596, 18.724903550163241 ], [ -70.455632244610911, 18.724910663658651 ], [ -70.455664009259891, 18.724928620180254 ], [ -70.455671504349809, 18.724933255403954 ], [ -70.455695798834384, 18.724949487071544 ], [ -70.45570829615815, 18.724963088164365 ], [ -70.455727720366468, 18.724985764448352 ], [ -70.455733586812997, 18.724993010316652 ], [ -70.455759598255241, 18.725016943211319 ], [ -70.455765565658396, 18.725022880475823 ], [ -70.455791500051021, 18.725050912575867 ], [ -70.455792756077088, 18.725052787851361 ], [ -70.455811798242934, 18.725082758563307 ], [ -70.455823525496598, 18.725099320491907 ], [ -70.455832588203904, 18.725112715686041 ], [ -70.455851615733422, 18.725142686506707 ], [ -70.455855563911456, 18.725149240739821 ], [ -70.455869101985243, 18.725172669306669 ], [ -70.455887628338203, 18.725202196267535 ], [ -70.455887885482127, 18.725202642019763 ], [ -70.455903426692913, 18.725230253934313 ] ] ] } }
]
}
