{"type":"FeatureCollection","features":[{"type":"Feature","properties":{"highway":"motorway"},"geometry":{"type":"LineString","coordinates":[[-70.8555,19.5503],[-70.8529,19.5484],[-70.85,19.5478],[-70.8418,19.5503],[-70.8344,19.5491],[-70.8222,19.5532],[-70.815,19.5511],[-70.7874,19.5354],[-70.7819,19.5337],[-70.7703,19.5248],[-70.7518,19.5046],[-70.7241,19.4906],[-70.7198,19.4896]]}},{"type":"Feature","properties":{"highway":"motorway"},"geometry":{"type":"LineString","coordinates":[[-70.7195,19.4897],[-70.724,19.4907],[-70.7522,19.505],[-70.7702,19.5249],[-70.7818,19.5338],[-70.7873,19.5355],[-70.8155,19.5514],[-70.8222,19.5533],[-70.8345,19.5492],[-70.8415,19.5504],[-70.85,19.5479],[-70.8526,19.5483],[-70.8555,19.5503]]}},{"type":"Feature","properties":{"highway":"motorway"},"geometry":{"type":"LineString","coordinates":[[-70.6466,19.4125],[-70.6414,19.4163],[-70.636,19.428],[-70.6267,19.4389],[-70.6261,19.4415],[-70.627,19.446],[-70.625,19.4599],[-70.6263,19.47],[-70.6381,19.4774],[-70.6407,19.4893],[-70.642,19.4914],[-70.6446,19.4924],[-70.6508,19.4919],[-70.6535,19.4927],[-70.6609,19.5036],[-70.6743,19.5105],[-70.6963,19.5152],[-70.7104,19.5219],[-70.7334,19.5201],[-70.7492,19.5212],[-70.7602,19.5196],[-70.7689,19.5122],[-70.7693,19.5097],[-70.7674,19.5035],[-70.7564,19.4938],[-70.7471,19.4898]]}},{"type":"Feature","properties":{"highway":"motorway"},"geometry":{"type":"LineString","coordinates":[[-70.747,19.4899],[-70.7565,19.4941],[-70.766,19.5018],[-70.7675,19.5039],[-70.7692,19.5097],[-70.7688,19.5122],[-70.7601,19.5195],[-70.7499,19.5211],[-70.7324,19.5201],[-70.7104,19.5218],[-70.6973,19.5154],[-70.6748,19.5106],[-70.6616,19.504],[-70.6538,19.4928],[-70.6509,19.4918],[-70.6446,19.4923],[-70.6423,19.4915],[-70.6409,19.4894],[-70.6382,19.4774],[-70.6264,19.4699],[-70.6251,19.4597],[-70.6271,19.4461],[-70.6262,19.4418],[-70.6268,19.4389],[-70.6364,19.4276],[-70.642,19.4156],[-70.6468,19.4129]]}},{"type":"Feature","properties":{"highway":"motorway"},"geometry":{"type":"LineString","coordinates":[[-70.6904,19.4502],[-70.6776,19.4484],[-70.6722,19.445],[-70.6563,19.4305],[-70.635,19.4036],[-70.6053,19.3747],[-70.6008,19.3535],[-70.5995,19.3403],[-70.5882,19.323],[-70.5842,19.3023],[-70.5785,19.2959],[-70.5702,19.2787],[-70.5706,19.2613],[-70.5695,19.2585],[-70.5561,19.2505],[-70.543,19.2463],[-70.5323,19.2459],[-70.5104,19.2372],[-70.5036,19.2337],[-70.5007,19.2307],[-70.4964,19.2162],[-70.4963,19.2016],[-70.4983,19.1922],[-70.4977,19.1811],[-70.4861,19.1646],[-70.482,19.1551],[-70.4674,19.1402],[-70.4605,19.1357],[-70.4578,19.1325],[-70.4524,19.1232],[-70.4474,19.1171],[-70.4441,19.1058],[-70.4383,19.0957],[-70.438,19.0891],[-70.4439,19.0825],[-70.4457,19.0778],[-70.4465,19.0526],[-70.4453,19.0427],[-70.4459,19.0211],[-70.4437,19.0094],[-70.4209,18.9728],[-70.408,18.9642],[-70.4047,18.9575],[-70.4006,18.9534],[-70.3934,18.9427],[-70.3898,18.935],[-70.382,18.9263],[-70.3802,18.9169],[-70.3695,18.8973],[-70.3671,18.8879],[-70.3671,18.8775],[-70.366,18.8746],[-70.3502,18.8609],[-70.3292,18.8527],[-70.3224,18.8463],[-70.3175,18.8451],[-70.305,18.839],[-70.2961,18.8311],[-70.29,18.821],[-70.2857,18.8172],[-70.2787,18.8065],[-70.2773,18.8013],[-70.2744,18.7983],[-70.269,18.7895],[-70.2565,18.7795],[-70.2488,18.7777],[-70.2422,18.7727],[-70.2391,18.7671],[-70.2376,18.7588],[-70.231,18.7408],[-70.2303,18.7313],[-70.2324,18.7269],[-70.2305,18.7185],[-70.2248,18.7153],[-70.2164,18.7085],[-70.208,18.7088],[-70.1986,18.7076],[-70.1854,18.6931],[-70.1793,18.6913],[-70.1719,18.686],[-70.1658,18.6739],[-70.1652,18.6708],[-70.1664,18.6641],[-70.1662,18.6527],[-70.169,18.6452],[-70.1674,18.6317],[-70.1556,18.6113],[-70.1517,18.6063],[-70.1466,18.6034],[-70.1458,18.5966],[-70.1419,18.5948],[-70.1379,18.5951],[-70.1283,18.5915],[-70.1243,18.5882],[-70.1194,18.5863],[-70.1138,18.5822],[-70.1073,18.5797],[-70.103,18.5728],[-70.0979,18.5717],[-70.0901,18.5674],[-70.0609,18.5604],[-70.053,18.5507],[-70.0427,18.548],[-70.0326,18.5404],[-70.0172,18.5366],[-70.0137,18.5347],[-70.0117,18.5318],[-70.0091,18.5133],[-70.0072,18.5094],[-69.9835,18.4912],[-69.9749,18.4831]]}},{"type":"Feature","properties":{"highway":"motorway"},"geometry":{"type":"LineString","coordinates":[[-69.9749,18.4833],[-69.9835,18.4913],[-70.0072,18.5096],[-70.009,18.5135],[-70.0116,18.5317],[-70.0133,18.5346],[-70.0175,18.5368],[-70.033,18.5407],[-70.0424,18.548],[-70.0529,18.5507],[-70.0606,18.5604],[-70.0901,18.5675],[-70.0976,18.5717],[-70.1029,18.5729],[-70.1072,18.5798],[-70.1135,18.5822],[-70.1193,18.5864],[-70.1241,18.5883],[-70.1274,18.5912],[-70.1371,18.6047],[-70.1443,18.6068],[-70.1534,18.6132],[-70.1618,18.6237],[-70.1635,18.6349],[-70.1629,18.6421],[-70.1664,18.6563],[-70.1652,18.6723],[-70.1713,18.6854],[-70.1788,18.6912],[-70.1853,18.6933],[-70.1984,18.7077],[-70.2086,18.709],[-70.216,18.7087],[-70.2259,18.7167],[-70.2272,18.7196],[-70.2275,18.7259],[-70.23,18.7327],[-70.2312,18.7419],[-70.234,18.7512],[-70.2372,18.7582],[-70.239,18.7674],[-70.2417,18.7725],[-70.2487,18.7779],[-70.2566,18.7798],[-70.2686,18.7894],[-70.27,18.7916],[-70.2707,18.7972],[-70.2726,18.8021],[-70.2812,18.8123],[-70.2832,18.8153],[-70.2847,18.8209],[-70.2915,18.8245],[-70.2961,18.8314],[-70.3045,18.8388],[-70.3172,18.8451],[-70.3222,18.8465],[-70.3293,18.8529],[-70.344,18.8584],[-70.3501,18.8616],[-70.3658,18.8747],[-70.3669,18.8774],[-70.3669,18.8882],[-70.3693,18.8973],[-70.3801,18.9172],[-70.3821,18.927],[-70.3895,18.9349],[-70.3932,18.9427],[-70.4045,18.9581],[-70.4075,18.964],[-70.4207,18.9729],[-70.4436,19.0096],[-70.4457,19.0207],[-70.4451,19.0427],[-70.4463,19.0527],[-70.4456,19.077],[-70.4431,19.0825],[-70.4384,19.0858],[-70.4367,19.0893],[-70.4381,19.0983],[-70.4435,19.106],[-70.4444,19.1119],[-70.4476,19.12],[-70.4589,19.1344],[-70.4666,19.1398],[-70.4819,19.1552],[-70.486,19.1648],[-70.4974,19.1809],[-70.4983,19.1841],[-70.4981,19.193],[-70.4961,19.2026],[-70.4961,19.2161],[-70.5006,19.2309],[-70.5027,19.2333],[-70.5099,19.2372],[-70.5217,19.2412],[-70.5321,19.2461],[-70.542,19.2462],[-70.5569,19.251],[-70.5696,19.2589],[-70.5704,19.261],[-70.5701,19.279],[-70.5783,19.296],[-70.5841,19.3026],[-70.5881,19.3231],[-70.5994,19.3405],[-70.6008,19.3547],[-70.605,19.3746],[-70.6353,19.4043],[-70.6556,19.43],[-70.6632,19.4372],[-70.6761,19.448],[-70.6904,19.4504]]}},{"type":"Feature","properties":{"highway":"motorway"},"geometry":{"type":"LineString","coordinates":[[-70.2109,18.2768],[-70.2057,18.2767],[-70.2028,18.2791],[-70.2001,18.2871],[-70.1881,18.3103],[-70.183,18.3229],[-70.1497,18.3913],[-70.1403,18.4],[-70.1357,18.4099],[-70.1302,18.4168],[-70.1261,18.4254],[-70.1124,18.4314],[-70.1057,18.4315],[-70.1002,18.4305],[-70.0798,18.4342],[-70.0586,18.4308],[-70.0409,18.4316],[-70.0342,18.434],[-70.0282,18.4346],[-70.0235,18.4374],[-70.0136,18.4378],[-70.0048,18.4402],[-69.9992,18.4452],[-69.9931,18.4488],[-69.9881,18.4497],[-69.9808,18.4549]]}},{"type":"Feature","properties":{"highway":"motorway"},"geometry":{"type":"LineString","coordinates":[[-69.9809,18.455],[-69.9878,18.4499],[-69.9928,18.4491],[-69.9973,18.4464],[-70.0049,18.4403],[-70.0129,18.438],[-70.0236,18.4375],[-70.0289,18.4345],[-70.0341,18.4342],[-70.0408,18.4317],[-70.0584,18.4309],[-70.0797,18.4343],[-70.1003,18.4306],[-70.1057,18.4317],[-70.1125,18.4315],[-70.1261,18.4256],[-70.1302,18.4171],[-70.1359,18.4098],[-70.1401,18.4011],[-70.15,18.391],[-70.1835,18.3223],[-70.1885,18.3097],[-70.2004,18.2868],[-70.203,18.2792],[-70.2058,18.2769],[-70.2109,18.2769]]}},{"type":"Feature","properties":{"highway":"motorway"},"geometry":{"type":"LineString","coordinates":[[-68.3898,18.5594],[-68.4404,18.5674],[-68.4676,18.5727],[-68.4789,18.573],[-68.4871,18.5714],[-68.502,18.5653],[-68.5103,18.563],[-68.5427,18.5597],[-68.5849,18.5515],[-68.5981,18.5517],[-68.6237,18.5457],[-68.6355,18.5408],[-68.659,18.5339],[-68.6887,18.5353],[-68.6989,18.5384],[-68.7058,18.5376],[-68.7137,18.5354],[-68.7618,18.5353],[-68.794,18.5277],[-68.8009,18.5247],[-68.8188,18.5134],[-68.822,18.5105],[-68.8239,18.5071],[-68.8248,18.5027],[-68.8251,18.4327],[-68.8261,18.4295],[-68.828,18.427],[-68.8314,18.425],[-68.8342,18.4246],[-68.8508,18.4248],[-68.8705,18.4369],[-68.8806,18.4404],[-68.8929,18.4414],[-68.9005,18.4432],[-68.9377,18.4437],[-68.9519,18.4458],[-68.9608,18.4502],[-68.9678,18.451],[-68.9787,18.4506],[-69.008,18.4648],[-69.0115,18.4656],[-69.0268,18.4661],[-69.0304,18.4651],[-69.0465,18.4482],[-69.0495,18.4433],[-69.0543,18.4421],[-69.0634,18.4428],[-69.0749,18.4466],[-69.0861,18.4462],[-69.0933,18.4448],[-69.1368,18.4521],[-69.1539,18.4473],[-69.188,18.4536],[-69.2061,18.4605],[-69.2298,18.4577],[-69.2494,18.4572],[-69.2532,18.4598],[-69.2578,18.4726],[-69.2625,18.4787],[-69.2678,18.4818],[-69.2834,18.4869],[-69.2922,18.4939],[-69.2989,18.5009],[-69.3026,18.5019],[-69.3115,18.5013],[-69.3284,18.5033],[-69.3424,18.4988],[-69.3444,18.4969],[-69.3452,18.4941],[-69.3333,18.462],[-69.3334,18.4546],[-69.3351,18.4527],[-69.3431,18.4479],[-69.3502,18.4374],[-69.3592,18.4303],[-69.362,18.4297],[-69.3666,18.4314],[-69.3732,18.4318],[-69.3964,18.4439],[-69.4201,18.4465],[-69.4402,18.437],[-69.4518,18.4342],[-69.4688,18.4258],[-69.4863,18.4125],[-69.5015,18.4092],[-69.5129,18.4048],[-69.5261,18.4048],[-69.546,18.4097],[-69.5567,18.4181],[-69.5728,18.4368],[-69.5784,18.4388],[-69.5826,18.4426],[-69.6019,18.4543],[-69.62,18.455],[-69.637,18.4477],[-69.6851,18.451],[-69.6989,18.4553],[-69.7139,18.4564],[-69.7376,18.4628],[-69.7444,18.4636],[-69.7668,18.4643],[-69.7853,18.4662],[-69.7944,18.4663],[-69.8093,18.4645],[-69.8181,18.4651],[-69.8284,18.4686],[-69.8319,18.4718],[-69.8388,18.481],[-69.8468,18.4823],[-69.8496,18.4854],[-69.8587,18.4845],[-69.8889,18.4868],[-69.8959,18.4825],[-69.8993,18.479],[-69.907,18.4758],[-69.9149,18.4759],[-69.924,18.4688],[-69.9396,18.4609],[-69.9641,18.451]]}},{"type":"Feature","properties":{"highway":"motorway"},"geometry":{"type":"LineString","coordinates":[[-69.964,18.4509],[-69.9409,18.4601],[-69.9237,18.4689],[-69.9148,18.4758],[-69.9055,18.4762],[-69.8989,18.4791],[-69.8957,18.4824],[-69.893,18.4828],[-69.8871,18.4866],[-69.8756,18.4857]]}},{"type":"Feature","properties":{"highway":"motorway"},"geometry":{"type":"LineString","coordinates":[[-69.8858,18.4865],[-69.8756,18.4857]]}},{"type":"Feature","properties":{"highway":"motorway"},"geometry":{"type":"LineString","coordinates":[[-69.8756,18.4857],[-69.8591,18.4844],[-69.8522,18.485],[-69.8469,18.4822],[-69.8398,18.4814],[-69.8291,18.469],[-69.8251,18.4668],[-69.8181,18.465],[-69.8093,18.4644],[-69.7944,18.4662],[-69.7842,18.4661],[-69.765,18.464],[-69.7436,18.4634],[-69.7376,18.4626],[-69.715,18.4561],[-69.6984,18.455],[-69.6852,18.4507],[-69.6377,18.4476],[-69.6344,18.4481],[-69.6194,18.4547],[-69.6021,18.4542],[-69.5828,18.4425],[-69.578,18.4383],[-69.5733,18.437],[-69.556,18.4172],[-69.5467,18.4099],[-69.5334,18.4059],[-69.5245,18.4045],[-69.5129,18.4046],[-69.5016,18.409],[-69.4869,18.4121],[-69.4683,18.4258],[-69.4521,18.4339],[-69.4407,18.4367],[-69.4194,18.4464],[-69.3958,18.4435],[-69.3734,18.4317],[-69.3667,18.4312],[-69.362,18.4296],[-69.3594,18.43],[-69.3499,18.4376],[-69.3429,18.4479],[-69.3349,18.4526],[-69.3332,18.4547],[-69.333,18.4618],[-69.345,18.4946],[-69.344,18.4972],[-69.3421,18.4988],[-69.3288,18.5032],[-69.3115,18.5012],[-69.3027,18.5019],[-69.299,18.5008],[-69.2926,18.4941],[-69.2835,18.4868],[-69.2677,18.4817],[-69.2625,18.4786],[-69.2576,18.472],[-69.2532,18.4596],[-69.2493,18.4571],[-69.23,18.4575],[-69.2066,18.4604],[-69.1881,18.4534],[-69.1537,18.4471],[-69.1368,18.4519],[-69.0937,18.4447],[-69.0753,18.4466],[-69.0607,18.4417],[-69.0526,18.4423],[-69.0501,18.4416],[-69.049,18.4422],[-69.0469,18.4476],[-69.0308,18.4648],[-69.0267,18.466],[-69.0111,18.4655],[-68.9785,18.4504],[-68.9615,18.4502],[-68.9519,18.4457],[-68.9375,18.4435],[-68.9003,18.443],[-68.8929,18.4412],[-68.8806,18.4402],[-68.8705,18.4368],[-68.8518,18.425],[-68.8478,18.4242],[-68.8342,18.4244],[-68.8279,18.4269],[-68.825,18.4326],[-68.8246,18.5027],[-68.8238,18.507],[-68.8218,18.5104],[-68.8187,18.5133],[-68.8008,18.5246],[-68.794,18.5276],[-68.7618,18.5352],[-68.7137,18.5353],[-68.7057,18.5375],[-68.6989,18.5382],[-68.6887,18.5351],[-68.659,18.5337],[-68.6354,18.5407],[-68.6231,18.5457],[-68.5973,18.5517],[-68.585,18.5513],[-68.5428,18.5595],[-68.5103,18.5629],[-68.5019,18.5651],[-68.4884,18.5707],[-68.4752,18.5727],[-68.4672,18.5725],[-68.3897,18.5584]]}},{"type":"Feature","properties":{"highway":"motorway"},"geometry":{"type":"LineString","coordinates":[[-69.7675,18.5612],[-69.773,18.5653],[-69.7829,18.5748],[-69.8047,18.5857],[-69.8298,18.6082],[-69.8366,18.611],[-69.8437,18.6118],[-69.8938,18.6035],[-69.9077,18.605],[-69.915,18.6044],[-69.9261,18.5997],[-69.9374,18.5905],[-69.9478,18.5881],[-69.9563,18.5891],[-69.967,18.5933],[-69.9766,18.5946],[-69.9839,18.594],[-69.9941,18.5906],[-69.9999,18.5897],[-70.0245,18.593],[-70.0386,18.5911],[-70.052,18.586],[-70.0605,18.5788],[-70.0672,18.5679],[-70.0714,18.5563],[-70.0784,18.548],[-70.0793,18.5438],[-70.0777,18.5396],[-70.0659,18.5247],[-70.0573,18.5071],[-70.0537,18.4803],[-70.0491,18.4716],[-70.054,18.461],[-70.0527,18.4475],[-70.0474,18.438],[-70.0409,18.4295],[-70.0402,18.424],[-70.0409,18.4298],[-70.0472,18.4379],[-70.0526,18.4475],[-70.0539,18.461],[-70.049,18.4716],[-70.0537,18.4803],[-70.0558,18.4919],[-70.057,18.5066],[-70.0659,18.5248],[-70.0778,18.5398],[-70.0792,18.5438],[-70.0779,18.5487],[-70.0712,18.5563],[-70.067,18.5681],[-70.0621,18.5766],[-70.0571,18.5821],[-70.05,18.5868],[-70.0385,18.5911],[-70.0313,18.5926],[-70.0212,18.5927],[-70.0062,18.5897],[-70.0013,18.5895],[-69.9783,18.5945],[-69.9686,18.5936],[-69.9564,18.589],[-69.947,18.5881],[-69.9369,18.5906],[-69.926,18.5997],[-69.9157,18.6041],[-69.9082,18.6048],[-69.8935,18.6034],[-69.847,18.6113],[-69.8402,18.6115],[-69.8347,18.6102],[-69.8283,18.607],[-69.8047,18.5856],[-69.7842,18.5754],[-69.7733,18.5653],[-69.7674,18.5611]]}},{"type":"Feature","properties":{"highway":"primary"},"geometry":{"type":"LineString","coordinates":[[-71.8511,18.495],[-71.8798,18.491]]}},{"type":"Feature","properties":{"highway":"primary"},"geometry":{"type":"LineString","coordinates":[[-71.8511,18.495],[-71.8445,18.4959],[-71.8405,18.4987],[-71.8396,18.5004],[-71.8427,18.5086],[-71.8422,18.512],[-71.8474,18.5171],[-71.8482,18.524],[-71.8506,18.5289],[-71.8487,18.5391],[-71.8512,18.5457],[-71.8542,18.5496],[-71.8524,18.5553],[-71.8386,18.5553],[-71.8341,18.5563],[-71.8318,18.5556],[-71.8297,18.5526],[-71.8269,18.5513],[-71.8118,18.5484],[-71.8093,18.5466],[-71.7867,18.5385],[-71.7852,18.5336],[-71.7798,18.5256],[-71.7702,18.525],[-71.767,18.5222],[-71.761,18.5206],[-71.7521,18.5234],[-71.7463,18.5263],[-71.7437,18.5291],[-71.7406,18.5365],[-71.7378,18.5479],[-71.7385,18.5532],[-71.7365,18.5657],[-71.7351,18.5689],[-71.731,18.5686],[-71.7257,18.5698],[-71.7183,18.5678],[-71.7133,18.5685],[-71.7064,18.566],[-71.702,18.5669],[-71.6976,18.5652],[-71.697,18.5623],[-71.6958,18.5617],[-71.6788,18.5584],[-71.675,18.5585],[-71.6723,18.5598],[-71.6654,18.5554],[-71.659,18.556],[-71.6488,18.5514],[-71.6435,18.5503],[-71.6368,18.5453],[-71.6296,18.5355],[-71.6265,18.5341],[-71.6091,18.5323],[-71.5902,18.5201],[-71.5851,18.5191],[-71.5776,18.5202],[-71.5697,18.5167],[-71.5667,18.5139],[-71.5594,18.5109],[-71.5556,18.5044],[-71.5494,18.5021],[-71.5471,18.5001],[-71.5006,18.4911],[-71.4905,18.4913],[-71.4809,18.4882],[-71.4702,18.4815],[-71.4665,18.4805],[-71.4615,18.484],[-71.4165,18.4793],[-71.4068,18.4807],[-71.399,18.4837],[-71.3961,18.4871],[-71.3831,18.4914],[-71.3743,18.4906],[-71.3598,18.4942],[-71.3558,18.4981],[-71.3399,18.5038],[-71.3353,18.4915],[-71.3267,18.4849],[-71.2773,18.4392],[-71.2677,18.4385],[-71.2664,18.4321],[-71.2569,18.4316],[-71.2567,18.3931],[-71.2249,18.3931],[-71.2227,18.3914],[-71.2149,18.3889],[-71.207,18.3937],[-71.2011,18.3951],[-71.1964,18.3999],[-71.1886,18.4015],[-71.1871,18.4008],[-71.1852,18.3947],[-71.1831,18.3921],[-71.1809,18.3846],[-71.1709,18.3874]]}},{"type":"Feature","properties":{"highway":"primary"},"geometry":{"type":"LineString","coordinates":[[-71.1314,18.232],[-71.1337,18.2312],[-71.1381,18.233],[-71.1475,18.2339],[-71.1517,18.2319],[-71.1553,18.2338],[-71.1663,18.2367],[-71.168,18.2406],[-71.1706,18.2429],[-71.178,18.2433],[-71.1865,18.2481],[-71.1894,18.2476],[-71.2036,18.2494],[-71.2228,18.2476],[-71.2424,18.2471],[-71.2608,18.2504],[-71.2802,18.2571],[-71.2903,18.2572],[-71.2927,18.2593],[-71.2971,18.2673],[-71.3093,18.2848],[-71.3457,18.3176],[-71.4515,18.3707],[-71.4609,18.3719],[-71.4794,18.3683],[-71.4833,18.3685],[-71.5209,18.3775],[-71.5277,18.3799],[-71.5328,18.3802],[-71.54,18.3858],[-71.5486,18.3876],[-71.554,18.3929],[-71.5636,18.3943],[-71.5684,18.3972],[-71.5732,18.3978],[-71.5856,18.4024],[-71.5916,18.4026],[-71.5936,18.4016],[-71.6011,18.4025],[-71.6066,18.407],[-71.609,18.4075],[-71.6119,18.4066],[-71.6175,18.4022],[-71.6236,18.3998],[-71.6275,18.4015],[-71.6303,18.4069],[-71.639,18.4121],[-71.6423,18.4126],[-71.6505,18.4118],[-71.659,18.4137],[-71.664,18.4134],[-71.6687,18.4158],[-71.6767,18.4168],[-71.6837,18.4205],[-71.6976,18.4195],[-71.699,18.4163],[-71.7022,18.4155],[-71.7132,18.4171],[-71.7177,18.4187],[-71.7223,18.4179],[-71.7318,18.4212],[-71.7471,18.4247],[-71.7666,18.4243],[-71.7799,18.4331],[-71.799,18.4424],[-71.8031,18.4435],[-71.8046,18.446],[-71.8086,18.4489],[-71.8108,18.4486],[-71.8115,18.4517],[-71.8091,18.4523],[-71.8075,18.4545],[-71.8194,18.4625],[-71.8226,18.4658],[-71.8246,18.4703],[-71.8311,18.4751],[-71.8402,18.4783],[-71.8437,18.4856],[-71.8504,18.4904],[-71.8511,18.495]]}},{"type":"Feature","properties":{"highway":"primary"},"geometry":{"type":"LineString","coordinates":[[-71.7455,18.0369],[-71.7564,18.0415]]}},{"type":"Feature","properties":{"highway":"primary"},"geometry":{"type":"LineString","coordinates":[[-71.7397,18.168],[-71.7467,18.1631],[-71.7493,18.1589],[-71.7516,18.1579],[-71.7542,18.1533]]}},{"type":"Feature","properties":{"highway":"primary"},"geometry":{"type":"LineString","coordinates":[[-71.7542,18.1533],[-71.7608,18.154],[-71.7613,18.157],[-71.7636,18.1594],[-71.7638,18.1619],[-71.762,18.1652],[-71.7634,18.1667],[-71.7631,18.168],[-71.7655,18.1681],[-71.7653,18.1697],[-71.7663,18.169],[-71.768,18.1695],[-71.771,18.1719],[-71.7732,18.1761],[-71.7735,18.1787],[-71.7747,18.1797],[-71.7742,18.1825],[-71.7755,18.1852],[-71.7745,18.1868],[-71.7729,18.1868],[-71.7734,18.1883],[-71.7722,18.1885],[-71.7657,18.1959],[-71.7659,18.1971],[-71.7649,18.1981],[-71.7636,18.1976],[-71.764,18.1987],[-71.76,18.2032],[-71.7632,18.2032],[-71.7636,18.2057],[-71.7653,18.2065],[-71.7628,18.2072],[-71.7614,18.2066],[-71.7593,18.2077],[-71.7604,18.2098],[-71.757,18.2109],[-71.7581,18.2141],[-71.7561,18.2144],[-71.7567,18.2167],[-71.7547,18.2175],[-71.7569,18.2211],[-71.7528,18.2252],[-71.7513,18.2249],[-71.75,18.2269],[-71.75,18.2303],[-71.7522,18.2304],[-71.7556,18.2328],[-71.7546,18.2349],[-71.752,18.2364],[-71.7533,18.2373],[-71.7522,18.2419],[-71.7513,18.2415],[-71.7494,18.2438],[-71.7507,18.2442],[-71.7505,18.2461],[-71.7518,18.2477],[-71.7493,18.248],[-71.7499,18.25],[-71.7464,18.2492],[-71.7477,18.2516],[-71.7452,18.2531],[-71.7464,18.2553],[-71.7444,18.2556],[-71.7448,18.2578],[-71.7429,18.2599],[-71.7417,18.259],[-71.7404,18.2602],[-71.7352,18.2608],[-71.7351,18.2666],[-71.736,18.2675],[-71.7303,18.2682],[-71.7288,18.2671],[-71.7261,18.2694],[-71.7251,18.2743],[-71.7258,18.2766],[-71.7281,18.2779],[-71.7285,18.2792],[-71.7239,18.278],[-71.7181,18.2791],[-71.7143,18.2807],[-71.713,18.2818],[-71.7137,18.2827],[-71.7107,18.2841],[-71.7127,18.2876],[-71.7161,18.2871],[-71.717,18.2878],[-71.7186,18.2917],[-71.72,18.2922],[-71.7154,18.293],[-71.7123,18.2916],[-71.7072,18.2909],[-71.6984,18.2918],[-71.698,18.2923],[-71.7012,18.2957],[-71.6999,18.2974],[-71.701,18.2989],[-71.6989,18.3003],[-71.6984,18.302],[-71.6968,18.3027],[-71.6936,18.3021],[-71.6888,18.2994],[-71.6935,18.3047],[-71.6964,18.3055],[-71.6979,18.3082],[-71.7034,18.3075],[-71.7093,18.3088],[-71.7094,18.3119],[-71.7058,18.3123],[-71.7043,18.3135],[-71.7045,18.3147],[-71.7034,18.3146],[-71.704,18.3154],[-71.7094,18.3152],[-71.7083,18.3172],[-71.6996,18.3203],[-71.696,18.3235],[-71.6933,18.324],[-71.6953,18.3255],[-71.6966,18.3255],[-71.6963,18.3272],[-71.6984,18.3275],[-71.7002,18.33],[-71.6908,18.3256],[-71.689,18.3259],[-71.6883,18.3249],[-71.6859,18.3282],[-71.683,18.3281],[-71.6775,18.3244],[-71.6774,18.3231],[-71.6786,18.3224],[-71.6764,18.3223],[-71.6739,18.3254],[-71.677,18.3292],[-71.6767,18.3314],[-71.6733,18.3341],[-71.6715,18.334],[-71.6691,18.3322],[-71.6659,18.3337],[-71.6628,18.333],[-71.6572,18.3349],[-71.655,18.3383],[-71.6561,18.3429],[-71.6494,18.3522],[-71.6461,18.3548],[-71.6378,18.3538],[-71.6341,18.3517],[-71.6319,18.3515],[-71.6164,18.3539],[-71.6122,18.353],[-71.6091,18.3496],[-71.5986,18.3482],[-71.5945,18.346],[-71.5872,18.345],[-71.584,18.3404],[-71.5837,18.3294],[-71.5828,18.3275],[-71.5739,18.3246],[-71.5719,18.3225]]}},{"type":"Feature","properties":{"highway":"primary"},"geometry":{"type":"LineString","coordinates":[[-71.7542,18.1533],[-71.7534,18.1488],[-71.7494,18.151],[-71.7474,18.1544],[-71.7482,18.1512],[-71.7467,18.1492],[-71.7446,18.1496],[-71.7422,18.1485],[-71.741,18.1496],[-71.7387,18.1492],[-71.7377,18.1505],[-71.7355,18.1494],[-71.7356,18.148],[-71.7336,18.149],[-71.7322,18.1472],[-71.7307,18.1471],[-71.7319,18.1396],[-71.7357,18.133],[-71.7337,18.1308],[-71.7331,18.1267],[-71.7312,18.1243],[-71.7301,18.1205],[-71.7287,18.1219],[-71.7287,18.1235],[-71.7277,18.1236],[-71.729,18.1254],[-71.7278,18.1257],[-71.7246,18.124],[-71.723,18.1142],[-71.7208,18.1107]]}},{"type":"Feature","properties":{"highway":"primary"},"geometry":{"type":"LineString","coordinates":[[-71.7208,18.1107],[-71.7224,18.1088],[-71.7228,18.1058],[-71.727,18.0963],[-71.7331,18.0905],[-71.7344,18.0906],[-71.7352,18.0888],[-71.7342,18.0834],[-71.7348,18.0736],[-71.7382,18.0682],[-71.7418,18.0535],[-71.7434,18.0512],[-71.7429,18.0468],[-71.7455,18.0369]]}},{"type":"Feature","properties":{"highway":"primary"},"geometry":{"type":"LineString","coordinates":[[-71.2338,17.8974],[-71.2368,17.8956],[-71.2394,17.8922],[-71.2489,17.8881],[-71.2582,17.8775],[-71.265,17.8722],[-71.2687,17.8711],[-71.2942,17.8573],[-71.2973,17.8536],[-71.3068,17.8575],[-71.3314,17.8519],[-71.3434,17.8447],[-71.3446,17.8429],[-71.3477,17.8209],[-71.3527,17.8185],[-71.359,17.8109],[-71.3628,17.8033],[-71.3667,17.7997],[-71.3799,17.8007],[-71.4012,17.7997],[-71.4066,17.8058],[-71.4351,17.8232],[-71.4534,17.8393],[-71.5013,17.8919],[-71.5011,17.915],[-71.5016,17.9164],[-71.5041,17.9182],[-71.5088,17.9198],[-71.5107,17.922],[-71.5148,17.9224],[-71.5174,17.9245],[-71.5192,17.9245],[-71.5205,17.9258],[-71.521,17.9288],[-71.525,17.9285],[-71.5272,17.9294],[-71.5292,17.932],[-71.5333,17.9338],[-71.535,17.9338],[-71.5415,17.9286],[-71.5555,17.9324],[-71.5649,17.9321],[-71.5702,17.9329],[-71.5727,17.9353],[-71.5786,17.9366],[-71.5802,17.9452],[-71.5842,17.9499],[-71.5869,17.9509],[-71.5898,17.9544],[-71.6045,17.9547],[-71.6066,17.956],[-71.6067,17.9578],[-71.6115,17.9595],[-71.615,17.959],[-71.6174,17.9623],[-71.6207,17.964],[-71.626,17.9608],[-71.6327,17.9661],[-71.636,17.9662],[-71.6375,17.9648],[-71.6418,17.9655],[-71.6457,17.9682],[-71.6494,17.9755],[-71.6494,17.9788],[-71.6544,17.9808],[-71.6919,18.0095],[-71.7065,18.0268],[-71.7459,18.0349],[-71.7455,18.0369]]}},{"type":"Feature","properties":{"highway":"primary"},"geometry":{"type":"LineString","coordinates":[[-71.7397,18.168],[-71.7375,18.1679],[-71.7341,18.1696],[-71.7249,18.1679],[-71.7265,18.167],[-71.7236,18.1664],[-71.7248,18.1649],[-71.7239,18.164],[-71.7213,18.1659],[-71.717,18.1659]]}},{"type":"Feature","properties":{"highway":"primary"},"geometry":{"type":"LineString","coordinates":[[-71.7264,18.1892],[-71.728,18.1862],[-71.7279,18.182],[-71.7296,18.1794],[-71.73,18.1753],[-71.7325,18.1745],[-71.7347,18.1763],[-71.7376,18.1772],[-71.7361,18.1754],[-71.7375,18.1731],[-71.7378,18.1747],[-71.7411,18.1775],[-71.7425,18.1776],[-71.7417,18.1718],[-71.7397,18.168]]}},{"type":"Feature","properties":{"highway":"primary"},"geometry":{"type":"LineString","coordinates":[[-71.5158,18.8733],[-71.5181,18.8726],[-71.5301,18.8747],[-71.5521,18.8826],[-71.5566,18.8807],[-71.5581,18.8818],[-71.5982,18.8909],[-71.6006,18.8937],[-71.6069,18.8939],[-71.6143,18.8918],[-71.6225,18.8863],[-71.6277,18.8811],[-71.6399,18.8746],[-71.6447,18.8754],[-71.6529,18.8741],[-71.6569,18.8769],[-71.6612,18.8775],[-71.6688,18.8767],[-71.6714,18.8756],[-71.6944,18.8736],[-71.7099,18.8804],[-71.7231,18.8804]]}},{"type":"Feature","properties":{"highway":"primary"},"geometry":{"type":"LineString","coordinates":[[-71.7208,18.1107],[-71.7182,18.1149],[-71.7191,18.1182],[-71.7187,18.1214],[-71.7177,18.1219],[-71.7162,18.1199],[-71.7099,18.129],[-71.7077,18.1288],[-71.7053,18.1302],[-71.7008,18.1349],[-71.7021,18.1367],[-71.7027,18.1418],[-71.6959,18.1535],[-71.6954,18.1562],[-71.6973,18.1567],[-71.6974,18.1587],[-71.6962,18.1604],[-71.7018,18.166],[-71.7028,18.165],[-71.7053,18.1657],[-71.7061,18.1637],[-71.7075,18.1644],[-71.7148,18.1638],[-71.7168,18.1657]]}},{"type":"Feature","properties":{"highway":"primary"},"geometry":{"type":"LineString","coordinates":[[-71.7068,19.5517],[-71.7037,19.5761],[-71.6977,19.6001],[-71.6954,19.6158],[-71.6929,19.6221],[-71.6894,19.6254],[-71.6877,19.6285],[-71.686,19.6342],[-71.6883,19.6458],[-71.6856,19.6636],[-71.6837,19.6719],[-71.68,19.6773],[-71.6799,19.6844],[-71.6768,19.688],[-71.6787,19.6942],[-71.6503,19.8228]]}},{"type":"Feature","properties":{"highway":"primary"},"geometry":{"type":"LineString","coordinates":[[-71.6258,19.4783],[-71.6272,19.4805],[-71.6364,19.4831],[-71.6389,19.4857],[-71.6394,19.487],[-71.6382,19.4895],[-71.639,19.4925],[-71.642,19.4966],[-71.6455,19.4993],[-71.6473,19.5067],[-71.6499,19.5103],[-71.6513,19.5108],[-71.6574,19.5095],[-71.6609,19.5102],[-71.6785,19.5223],[-71.6934,19.5371],[-71.7027,19.5482],[-71.7068,19.5482],[-71.7068,19.5498]]}},{"type":"Feature","properties":{"highway":"primary"},"geometry":{"type":"LineString","coordinates":[[-71.7055,18.0258],[-71.6931,18.0397],[-71.685,18.044],[-71.6839,18.0476],[-71.6789,18.0547],[-71.6794,18.0582],[-71.6775,18.061],[-71.6769,18.0665],[-71.6774,18.0709],[-71.6745,18.075],[-71.6752,18.0765],[-71.6723,18.0791],[-71.6722,18.0815],[-71.6707,18.0835],[-71.6671,18.0846],[-71.6654,18.0875]]}},{"type":"Feature","properties":{"highway":"primary"},"geometry":{"type":"LineString","coordinates":[[-71.5869,18.8882],[-71.5901,18.9181],[-71.5876,18.9233],[-71.5953,18.9315],[-71.5961,18.937],[-71.5941,18.9405],[-71.5942,18.9432],[-71.5993,18.9521],[-71.599,18.9576],[-71.6004,18.96],[-71.617,18.9751],[-71.6175,18.9772],[-71.6194,18.9786],[-71.6227,18.9841],[-71.6276,18.9866],[-71.6276,18.9912],[-71.6301,18.9939],[-71.6324,18.9996],[-71.6362,19.0031],[-71.6357,19.0054],[-71.6367,19.0093],[-71.6428,19.0127],[-71.6448,19.0154],[-71.65,19.0168],[-71.6589,19.0212],[-71.6607,19.0241],[-71.6631,19.0236],[-71.6669,19.0246],[-71.6694,19.0267],[-71.6739,19.0279],[-71.6809,19.0277],[-71.6923,19.0366],[-71.7018,19.0409],[-71.7028,19.0459],[-71.7014,19.0509],[-71.701,19.0579],[-71.7033,19.0644],[-71.7022,19.0673],[-71.7037,19.0698],[-71.7006,19.072],[-71.7002,19.0804],[-71.6936,19.0859],[-71.6957,19.089],[-71.6956,19.0933],[-71.697,19.0935],[-71.6975,19.0949],[-71.6975,19.1041],[-71.6964,19.1059],[-71.6919,19.1053]]}},{"type":"Feature","properties":{"highway":"primary"},"geometry":{"type":"LineString","coordinates":[[-71.6809,19.2371],[-71.6854,19.2368],[-71.6808,19.2384],[-71.6802,19.2404],[-71.6808,19.2412],[-71.6842,19.2409],[-71.6851,19.2439],[-71.6874,19.2456],[-71.6888,19.2484],[-71.688,19.2499],[-71.6881,19.2531],[-71.6862,19.2564],[-71.6882,19.2592],[-71.6901,19.2596],[-71.6885,19.2607],[-71.69,19.262],[-71.692,19.2667],[-71.6951,19.2669],[-71.6994,19.2703],[-71.7002,19.272],[-71.6999,19.2733],[-71.6988,19.2731],[-71.6982,19.2759],[-71.6972,19.2761],[-71.6973,19.2779],[-71.6957,19.2775],[-71.6957,19.2791],[-71.6968,19.2807],[-71.6997,19.2804],[-71.7005,19.2813],[-71.702,19.2803],[-71.7027,19.2821],[-71.7019,19.2838],[-71.7035,19.2858],[-71.7039,19.2888],[-71.7067,19.2901],[-71.7069,19.2938],[-71.706,19.2951],[-71.7082,19.2971],[-71.7054,19.2989],[-71.7067,19.3002],[-71.7079,19.3044],[-71.7072,19.3065],[-71.7047,19.308],[-71.7019,19.314],[-71.6997,19.3134],[-71.6987,19.3144],[-71.6896,19.3158],[-71.6834,19.3142],[-71.683,19.3133],[-71.681,19.3148],[-71.6783,19.3151],[-71.6788,19.3188],[-71.6762,19.322],[-71.6758,19.3269],[-71.6683,19.333],[-71.6676,19.3366],[-71.6662,19.3377],[-71.6672,19.3402],[-71.6659,19.3449],[-71.6639,19.3463],[-71.6602,19.3436],[-71.6497,19.344],[-71.6477,19.3448],[-71.6326,19.3416],[-71.6311,19.3427],[-71.6274,19.3425],[-71.6238,19.3465],[-71.6239,19.3489],[-71.6225,19.3494],[-71.6227,19.3517],[-71.6212,19.3531],[-71.6238,19.3572],[-71.6206,19.3604],[-71.6216,19.3613],[-71.6206,19.3661],[-71.6186,19.3694],[-71.6198,19.3719],[-71.6226,19.3736],[-71.6218,19.3763],[-71.6201,19.3772],[-71.6207,19.378],[-71.6201,19.3786],[-71.6245,19.3809],[-71.6241,19.3834],[-71.6256,19.3876],[-71.6221,19.3861],[-71.622,19.3874],[-71.6206,19.388],[-71.6193,19.3872],[-71.6171,19.3875],[-71.6188,19.3902],[-71.618,19.392],[-71.6184,19.3945],[-71.6171,19.3953],[-71.6178,19.3983],[-71.6138,19.4013],[-71.6132,19.405],[-71.6119,19.4063],[-71.6133,19.4199],[-71.6183,19.4218],[-71.6208,19.4308],[-71.6221,19.4328],[-71.6212,19.4355],[-71.6172,19.4392],[-71.6159,19.4438],[-71.6177,19.4449],[-71.6185,19.4474],[-71.6246,19.4505],[-71.6274,19.4593],[-71.6311,19.4616],[-71.6325,19.4636],[-71.6326,19.4678],[-71.6315,19.4713],[-71.6271,19.4747],[-71.6258,19.4783]]}},{"type":"Feature","properties":{"highway":"primary"},"geometry":{"type":"LineString","coordinates":[[-71.6654,18.0875],[-71.664,18.0866],[-71.6577,18.0869],[-71.6552,18.0859],[-71.6528,18.0794]]}},{"type":"Feature","properties":{"highway":"primary"},"geometry":{"type":"LineString","coordinates":[[-71.6547,17.9229],[-71.6512,17.9323],[-71.6431,17.9404]]}},{"type":"Feature","properties":{"highway":"primary"},"geometry":{"type":"LineString","coordinates":[[-71.6546,17.923],[-71.6427,17.9154]]}},{"type":"Feature","properties":{"highway":"primary"},"geometry":{"type":"LineString","coordinates":[[-71.6544,17.9248],[-71.6547,17.9228],[-71.6536,17.9217],[-71.6395,17.9137]]}},{"type":"Feature","properties":{"highway":"primary"},"geometry":{"type":"LineString","coordinates":[[-71.6477,19.8272],[-71.6476,19.8335],[-71.6451,19.844],[-71.6458,19.847]]}},{"type":"Feature","properties":{"highway":"primary"},"geometry":{"type":"LineString","coordinates":[[-71.4441,19.7363],[-71.4687,19.7444],[-71.4916,19.7619],[-71.4951,19.7635],[-71.4964,19.7668],[-71.5092,19.7763],[-71.5158,19.7786],[-71.5316,19.787],[-71.5353,19.788],[-71.5508,19.8011],[-71.5783,19.812],[-71.5892,19.8148],[-71.5918,19.819],[-71.5948,19.8214],[-71.6008,19.8217],[-71.6092,19.8197],[-71.6128,19.8205],[-71.6208,19.8337],[-71.6335,19.8485],[-71.6462,19.8486]]}},{"type":"Feature","properties":{"highway":"primary"},"geometry":{"type":"LineString","coordinates":[[-71.6258,19.4783],[-71.6216,19.4773],[-71.6182,19.4776],[-71.6152,19.4802],[-71.6106,19.4823],[-71.6072,19.4871],[-71.608,19.492],[-71.6039,19.4939],[-71.6012,19.4939],[-71.5929,19.5002],[-71.5899,19.5015],[-71.5794,19.5002],[-71.5754,19.5019],[-71.5721,19.5022],[-71.5683,19.5],[-71.5638,19.5026],[-71.5581,19.5027],[-71.5549,19.5039],[-71.5493,19.502],[-71.5479,19.5004],[-71.547,19.4935],[-71.5345,19.4853],[-71.532,19.481],[-71.5304,19.4754],[-71.5225,19.4719],[-71.5168,19.4722],[-71.5119,19.4742],[-71.506,19.4719],[-71.4983,19.4653],[-71.4956,19.4614],[-71.4905,19.4597],[-71.4899,19.4567],[-71.4842,19.4468],[-71.4829,19.4402],[-71.473,19.434],[-71.47,19.4301],[-71.4688,19.4247],[-71.4611,19.4219],[-71.4546,19.4125],[-71.4466,19.4118],[-71.4448,19.4102],[-71.4405,19.4089],[-71.435,19.4139],[-71.426,19.4158],[-71.4162,19.4232],[-71.4105,19.4251],[-71.4066,19.4291],[-71.3979,19.4308],[-71.3904,19.4358],[-71.3795,19.437],[-71.3751,19.4414],[-71.3704,19.4423],[-71.3681,19.4475],[-71.3679,19.453],[-71.3655,19.4567],[-71.36,19.4612],[-71.3565,19.4676],[-71.3461,19.475]]}},{"type":"Feature","properties":{"highway":"primary"},"geometry":{"type":"LineString","coordinates":[[-71.5238,18.3784],[-71.5261,18.3738],[-71.5337,18.3689],[-71.5329,18.366],[-71.5359,18.3651],[-71.5318,18.3629],[-71.5339,18.3586],[-71.5321,18.3584],[-71.5304,18.3563],[-71.5336,18.3561],[-71.5347,18.3551],[-71.535,18.3535],[-71.5334,18.35],[-71.5337,18.3461],[-71.5348,18.3435],[-71.537,18.3414],[-71.5381,18.3378],[-71.5433,18.3365],[-71.5458,18.3388],[-71.5559,18.3395],[-71.5571,18.3382],[-71.5562,18.3345],[-71.5577,18.3296],[-71.5652,18.3273],[-71.5719,18.3225]]}},{"type":"Feature","properties":{"highway":"primary"},"geometry":{"type":"LineString","coordinates":[[-71.5707,18.3186],[-71.571,18.311],[-71.5718,18.3082],[-71.5733,18.3072],[-71.5719,18.3053],[-71.5701,18.3073],[-71.5694,18.3067],[-71.5722,18.3026],[-71.5713,18.3],[-71.569,18.2979],[-71.5699,18.2955],[-71.5719,18.2959],[-71.5732,18.2938],[-71.5701,18.2911],[-71.5698,18.2899],[-71.5723,18.2897],[-71.5644,18.2821],[-71.5643,18.2809],[-71.5655,18.2803],[-71.5649,18.2787],[-71.5638,18.2776],[-71.5558,18.2752],[-71.5502,18.2719],[-71.5475,18.2715],[-71.5437,18.2652],[-71.5338,18.2617],[-71.528,18.2585],[-71.517,18.2484],[-71.513,18.2474],[-71.509,18.2424],[-71.5026,18.2378],[-71.4987,18.2363],[-71.4979,18.2353],[-71.4998,18.2346],[-71.4985,18.2319],[-71.4993,18.2299],[-71.499,18.2283],[-71.4964,18.2268],[-71.4926,18.2212],[-71.4993,18.2212],[-71.5065,18.2236],[-71.5097,18.2225],[-71.5116,18.2148],[-71.5116,18.2112],[-71.5144,18.207],[-71.5176,18.2074],[-71.5196,18.2032],[-71.5207,18.2027],[-71.5244,18.2034],[-71.5275,18.2058],[-71.5328,18.2072],[-71.5337,18.2091],[-71.5351,18.2079],[-71.5393,18.209],[-71.5428,18.2087],[-71.5438,18.2054],[-71.546,18.2042],[-71.5532,18.2055],[-71.5571,18.2091],[-71.5594,18.2084],[-71.5605,18.207],[-71.5707,18.2163],[-71.5741,18.216],[-71.5727,18.2123],[-71.5731,18.2074],[-71.5764,18.201],[-71.5725,18.1945],[-71.5713,18.1895],[-71.5751,18.187],[-71.5742,18.1848],[-71.5745,18.178],[-71.5727,18.1721],[-71.5747,18.1645],[-71.5687,18.161],[-71.569,18.1565],[-71.5606,18.156],[-71.5551,18.158],[-71.552,18.1565],[-71.548,18.1445],[-71.5455,18.1434],[-71.5437,18.1385],[-71.5457,18.1344],[-71.548,18.1331],[-71.5495,18.1309],[-71.554,18.1296]]}},{"type":"Feature","properties":{"highway":"primary"},"geometry":{"type":"LineString","coordinates":[[-71.5043,18.878],[-71.5158,18.8733]]}},{"type":"Feature","properties":{"highway":"primary"},"geometry":{"type":"LineString","coordinates":[[-71.254,18.8108],[-71.4396,18.8563],[-71.4441,18.8586],[-71.4586,18.8718],[-71.4736,18.8757],[-71.4824,18.8821],[-71.4906,18.8834],[-71.503,18.8785]]}},{"type":"Feature","properties":{"highway":"primary"},"geometry":{"type":"LineString","coordinates":[[-70.8624,19.556],[-70.8676,19.5589],[-70.882,19.5635],[-70.8943,19.5637],[-70.8989,19.5686],[-70.9067,19.573],[-70.929,19.5917],[-70.952,19.6021],[-70.978,19.6065],[-70.988,19.6253],[-70.9892,19.6262],[-71.0485,19.6442],[-71.067,19.6463],[-71.0802,19.6461],[-71.0924,19.6492],[-71.1109,19.6491],[-71.1252,19.6544],[-71.1402,19.662],[-71.1652,19.667],[-71.1702,19.6673],[-71.1909,19.6613],[-71.2132,19.6681],[-71.2163,19.6679],[-71.2194,19.6699],[-71.2311,19.6739],[-71.2511,19.6796],[-71.2546,19.6799],[-71.2615,19.683],[-71.2661,19.6835],[-71.2779,19.6898],[-71.2819,19.6891],[-71.3002,19.6952],[-71.307,19.6937],[-71.3187,19.6947],[-71.3221,19.6937],[-71.3308,19.6973],[-71.3347,19.6958],[-71.346,19.702],[-71.4009,19.7218],[-71.4122,19.7282],[-71.4181,19.7332],[-71.4303,19.7355],[-71.434,19.735],[-71.4377,19.7331],[-71.4436,19.7361]]}},{"type":"Feature","properties":{"highway":"primary"},"geometry":{"type":"LineString","coordinates":[[-71.3297,19.4812],[-71.3289,19.4891],[-71.3222,19.4991],[-71.3198,19.51],[-71.3278,19.5223],[-71.3249,19.5462],[-71.3255,19.5479],[-71.3322,19.5499],[-71.3363,19.5465],[-71.3399,19.5461],[-71.3445,19.5479],[-71.3479,19.5472],[-71.356,19.55],[-71.3579,19.5489],[-71.3596,19.5491],[-71.3721,19.5574],[-71.3735,19.5623],[-71.378,19.565],[-71.3866,19.5735],[-71.3884,19.5801],[-71.3904,19.5831],[-71.3954,19.5856],[-71.3985,19.5888],[-71.3995,19.5911],[-71.3981,19.5974],[-71.392,19.6028],[-71.3909,19.6096],[-71.3994,19.6229],[-71.3997,19.6263],[-71.3944,19.6313],[-71.3948,19.638],[-71.3927,19.6403],[-71.3921,19.6439],[-71.3948,19.652],[-71.399,19.6553],[-71.4003,19.6592],[-71.3972,19.665],[-71.3967,19.6713],[-71.3909,19.6814],[-71.3903,19.6857],[-71.3938,19.6921],[-71.3995,19.6943],[-71.4031,19.6982],[-71.4071,19.6995],[-71.4132,19.7077],[-71.4155,19.7169],[-71.4142,19.7199],[-71.4107,19.722],[-71.4041,19.7238]]}},{"type":"Feature","properties":{"highway":"primary"},"geometry":{"type":"LineString","coordinates":[[-71.3455,19.4756],[-71.3457,19.477],[-71.3397,19.4777],[-71.3342,19.4797]]}},{"type":"Feature","properties":{"highway":"primary"},"geometry":{"type":"LineString","coordinates":[[-71.333,19.4801],[-71.33,19.4812],[-71.3279,19.4806],[-71.3244,19.4812],[-71.3201,19.4801],[-71.3143,19.4802],[-71.3071,19.4829],[-71.2973,19.4841],[-71.2867,19.4935],[-71.2751,19.4986],[-71.2716,19.4981],[-71.2685,19.499],[-71.2642,19.4968],[-71.2573,19.4968],[-71.2514,19.4984],[-71.248,19.5011],[-71.2387,19.5046],[-71.2369,19.5042],[-71.2348,19.5013],[-71.231,19.4992],[-71.2206,19.4982],[-71.2126,19.4912],[-71.2093,19.4845],[-71.2077,19.4836],[-71.2024,19.4842],[-71.1988,19.4864],[-71.1983,19.4905],[-71.1914,19.4988],[-71.1884,19.5069],[-71.1864,19.5084],[-71.1812,19.5074],[-71.1777,19.5039],[-71.1623,19.4993]]}},{"type":"Feature","properties":{"highway":"primary"},"geometry":{"type":"LineString","coordinates":[[-71.2373,18.8091],[-71.2507,18.8104]]}},{"type":"Feature","properties":{"highway":"primary"},"geometry":{"type":"LineString","coordinates":[[-71.2349,18.8084],[-71.2359,18.8017],[-71.2375,18.7984],[-71.2364,18.7972],[-71.2316,18.7966]]}},{"type":"Feature","properties":{"highway":"primary"},"geometry":{"type":"LineString","coordinates":[[-71.2314,18.7966],[-71.2259,18.7958],[-71.2189,18.7966],[-71.2156,18.8027],[-71.2184,18.8093],[-71.2216,18.8132],[-71.2262,18.8167],[-71.2338,18.8141],[-71.2348,18.8092]]}},{"type":"Feature","properties":{"highway":"primary"},"geometry":{"type":"LineString","coordinates":[[-71.234,18.8066],[-71.234,18.806],[-71.2251,18.8062]]}},{"type":"Feature","properties":{"highway":"primary"},"geometry":{"type":"LineString","coordinates":[[-71.0873,18.1959],[-71.0858,18.1918],[-71.0746,18.181],[-71.0697,18.1663],[-71.0622,18.1621],[-71.0603,18.156],[-71.0608,18.152],[-71.064,18.1518],[-71.0627,18.1494],[-71.0669,18.1398],[-71.0698,18.138],[-71.0682,18.1349],[-71.0701,18.1215],[-71.0715,18.1196],[-71.0744,18.1088],[-71.0791,18.0989],[-71.0833,18.0944],[-71.0848,18.0879],[-71.0882,18.0842],[-71.0894,18.0814],[-71.0928,18.0776],[-71.0966,18.0772],[-71.0961,18.0739],[-71.0982,18.0702],[-71.1039,18.0693],[-71.1059,18.0705],[-71.1087,18.0682],[-71.1124,18.0595],[-71.1195,18.0497],[-71.1197,18.0461],[-71.1213,18.0447],[-71.1215,18.0429],[-71.1282,18.0346],[-71.1362,18.0306],[-71.1396,18.0312],[-71.1412,18.0303],[-71.1388,18.0289],[-71.142,18.0218],[-71.1416,18.0204],[-71.1426,18.0183],[-71.1419,18.0161],[-71.1446,18.0154],[-71.1442,18.0098],[-71.1506,18.0029],[-71.1527,17.9986],[-71.1582,17.9962],[-71.165,17.9978],[-71.1675,17.9971],[-71.1701,17.9866],[-71.1695,17.9807],[-71.1739,17.9719],[-71.1767,17.9686],[-71.1781,17.9642],[-71.1827,17.9602],[-71.1854,17.9539],[-71.1901,17.9471],[-71.1945,17.9435],[-71.1972,17.9442],[-71.1996,17.9412],[-71.2022,17.9403],[-71.203,17.9376],[-71.2063,17.9378],[-71.2056,17.9355],[-71.2079,17.9328],[-71.2061,17.9271],[-71.208,17.9275],[-71.2084,17.9257],[-71.2188,17.9126],[-71.2234,17.9084],[-71.2241,17.9053],[-71.2295,17.9046],[-71.2272,17.9017],[-71.2292,17.8998],[-71.231,17.9],[-71.2323,17.8982]]}},{"type":"Feature","properties":{"highway":"primary"},"geometry":{"type":"LineString","coordinates":[[-71.2316,18.7968],[-71.2367,18.7975],[-71.2375,18.7988],[-71.2357,18.8017],[-71.2338,18.8139],[-71.2302,18.8157],[-71.2262,18.8166],[-71.2217,18.8131],[-71.2184,18.8091],[-71.2159,18.8032]]}},{"type":"Feature","properties":{"highway":"primary"},"geometry":{"type":"LineString","coordinates":[[-71.216,18.8021],[-71.219,18.7966],[-71.2259,18.7959],[-71.2314,18.7967]]}},{"type":"Feature","properties":{"highway":"primary"},"geometry":{"type":"LineString","coordinates":[[-71.216,18.8021],[-71.2217,18.8059],[-71.2261,18.8062]]}},{"type":"Feature","properties":{"highway":"primary"},"geometry":{"type":"LineString","coordinates":[[-70.8674,18.4627],[-70.8679,18.4641],[-70.8642,18.4679],[-70.8627,18.4794],[-70.8589,18.4836],[-70.859,18.4935],[-70.8634,18.5039],[-70.8616,18.5124],[-70.8632,18.5202],[-70.8631,18.5256],[-70.8696,18.5354],[-70.871,18.5422],[-70.8991,18.5571],[-70.9096,18.5596],[-70.9155,18.5637],[-70.9182,18.57],[-70.9255,18.5749],[-70.9368,18.5759],[-70.9712,18.5924],[-70.9735,18.592],[-70.9817,18.5852],[-70.9853,18.5854],[-70.9969,18.5957],[-70.9974,18.5979],[-70.9957,18.6021],[-70.9961,18.6046],[-71.0099,18.6222],[-71.0191,18.6371],[-71.024,18.6395],[-71.0301,18.6447],[-71.0349,18.653],[-71.0386,18.655],[-71.0398,18.6642],[-71.0366,18.6718],[-71.0408,18.6755],[-71.0436,18.6818],[-71.0458,18.6828],[-71.0584,18.6824],[-71.0617,18.6898],[-71.0663,18.6936],[-71.0666,18.6955],[-71.0652,18.6987],[-71.0664,18.7054],[-71.0724,18.71],[-71.0832,18.7112],[-71.0878,18.7128],[-71.0894,18.7148],[-71.0903,18.7194],[-71.0928,18.7215],[-71.099,18.7229],[-71.1028,18.7257],[-71.1105,18.7285],[-71.112,18.7315],[-71.1111,18.7365],[-71.112,18.7382],[-71.1166,18.7403],[-71.125,18.742],[-71.1377,18.7485],[-71.216,18.8021]]}},{"type":"Feature","properties":{"highway":"primary"},"geometry":{"type":"LineString","coordinates":[[-71.1623,19.4993],[-71.1627,19.4923],[-71.1592,19.4878],[-71.1595,19.4839],[-71.1562,19.4799],[-71.1518,19.4715],[-71.1476,19.4683],[-71.1471,19.4643],[-71.1459,19.4624],[-71.1482,19.4599],[-71.1478,19.4549],[-71.1517,19.4497],[-71.1506,19.445],[-71.1567,19.4409],[-71.1571,19.437],[-71.1591,19.4347],[-71.1582,19.4336],[-71.1591,19.4303],[-71.1612,19.4299],[-71.1645,19.425],[-71.1635,19.4188],[-71.165,19.415],[-71.1628,19.4126],[-71.1486,19.4104],[-71.1489,19.418],[-71.1475,19.4209],[-71.144,19.4242],[-71.1341,19.4281],[-71.1245,19.4279],[-71.1184,19.4262],[-71.1138,19.4209],[-71.1007,19.4183],[-71.0841,19.4195],[-71.0829,19.4218],[-71.0793,19.4221],[-71.076,19.4174],[-71.0731,19.4165],[-71.0687,19.4191],[-71.0708,19.4215],[-71.0672,19.4201],[-71.0668,19.419],[-71.0646,19.4202],[-71.0624,19.4164],[-71.0601,19.4157],[-71.0558,19.4169],[-71.0533,19.4138],[-71.0546,19.411],[-71.0574,19.409],[-71.0609,19.4009],[-71.0618,19.3977],[-71.0609,19.3966],[-71.0632,19.3978],[-71.0656,19.3968],[-71.068,19.394],[-71.0682,19.3921],[-71.072,19.3888],[-71.0735,19.3851],[-71.0766,19.3842],[-71.0772,19.3815],[-71.0745,19.3737],[-71.0707,19.3715],[-71.0702,19.3702],[-71.0683,19.3692],[-71.0666,19.3701],[-71.0632,19.3695],[-71.0613,19.3673],[-71.0583,19.3669],[-71.0587,19.3653],[-71.0606,19.3642],[-71.0589,19.3622],[-71.0546,19.3614],[-71.0545,19.3602],[-71.0517,19.36],[-71.0507,19.3581],[-71.0483,19.3574],[-71.043,19.3536],[-71.0331,19.3579],[-71.0313,19.3564],[-71.0266,19.3556],[-71.025,19.3544],[-71.0251,19.3555],[-71.0233,19.3559],[-71.0224,19.3579],[-71.0155,19.3583],[-71.0121,19.3613],[-71.0102,19.3614],[-71.0072,19.36],[-71.0037,19.3598],[-71.002,19.3576],[-70.9987,19.3556],[-70.9928,19.3555],[-70.9921,19.351],[-70.989,19.349],[-70.9859,19.3452],[-70.9819,19.3445],[-70.9783,19.3453],[-70.9721,19.3432],[-70.9592,19.3409],[-70.9484,19.3414],[-70.9414,19.3379],[-70.9355,19.338],[-70.9353,19.3357]]}},{"type":"Feature","properties":{"highway":"primary"},"geometry":{"type":"LineString","coordinates":[[-71.0798,19.5578],[-71.0852,19.5611],[-71.0943,19.563],[-71.1148,19.5634],[-71.1183,19.5622],[-71.1239,19.5559],[-71.1304,19.5545],[-71.1311,19.5531],[-71.1311,19.5456],[-71.1377,19.5359],[-71.1358,19.5301],[-71.137,19.5247],[-71.1356,19.5186],[-71.1362,19.5162],[-71.1401,19.5109],[-71.1469,19.5075],[-71.1568,19.4986],[-71.1586,19.4982],[-71.1623,19.4993]]}},{"type":"Feature","properties":{"highway":"primary"},"geometry":{"type":"LineString","coordinates":[[-71.1602,18.3872],[-71.1558,18.3855],[-71.151,18.3852],[-71.1432,18.382],[-71.1343,18.3805]]}},{"type":"Feature","properties":{"highway":"primary"},"geometry":{"type":"LineString","coordinates":[[-71.1343,18.3805],[-71.1384,18.3777],[-71.1451,18.3759],[-71.1465,18.37],[-71.1548,18.361],[-71.1589,18.3524],[-71.1597,18.3482],[-71.1562,18.3308],[-71.1615,18.3216],[-71.1606,18.3109],[-71.1693,18.2968],[-71.1698,18.2945],[-71.1687,18.2913],[-71.1383,18.2501],[-71.1352,18.2417]]}},{"type":"Feature","properties":{"highway":"primary"},"geometry":{"type":"LineString","coordinates":[[-70.8674,18.4627],[-70.8812,18.4686],[-70.8926,18.4718],[-70.902,18.4695],[-70.912,18.4632],[-70.9188,18.4629],[-70.9225,18.4609],[-70.9494,18.4598],[-70.9631,18.4651],[-70.9737,18.4654],[-70.9815,18.4679],[-70.9924,18.469],[-71.0034,18.4742],[-71.0176,18.4785],[-71.0384,18.4803],[-71.0482,18.474],[-71.0565,18.4727],[-71.061,18.4709],[-71.0663,18.4712],[-71.0728,18.465],[-71.0746,18.4617],[-71.0798,18.4564],[-71.0879,18.4498],[-71.0928,18.4479],[-71.1012,18.4421],[-71.106,18.4362],[-71.1079,18.4302],[-71.1125,18.426],[-71.1124,18.4245],[-71.1098,18.4223],[-71.1089,18.4194],[-71.1091,18.4112],[-71.1146,18.4082],[-71.1234,18.4],[-71.1255,18.3921],[-71.1343,18.3805]]}},{"type":"Feature","properties":{"highway":"primary"},"geometry":{"type":"LineString","coordinates":[[-71.1338,18.2366],[-71.1309,18.2313],[-71.1168,18.2168]]}},{"type":"Feature","properties":{"highway":"primary"},"geometry":{"type":"LineString","coordinates":[[-71.1168,18.2168],[-71.1042,18.2176],[-71.1004,18.2159]]}},{"type":"Feature","properties":{"highway":"primary"},"geometry":{"type":"LineString","coordinates":[[-71.1168,18.2168],[-71.1063,18.2097],[-71.1007,18.2086]]}},{"type":"Feature","properties":{"highway":"primary"},"geometry":{"type":"LineString","coordinates":[[-71.0926,18.2076],[-71.0921,18.2118],[-71.0987,18.2158],[-71.1004,18.2159]]}},{"type":"Feature","properties":{"highway":"primary"},"geometry":{"type":"LineString","coordinates":[[-71.0926,18.2076],[-71.0892,18.2019],[-71.0873,18.1959]]}},{"type":"Feature","properties":{"highway":"primary"},"geometry":{"type":"LineString","coordinates":[[-71.0873,18.1959],[-71.0892,18.202],[-71.0926,18.2076]]}},{"type":"Feature","properties":{"highway":"primary"},"geometry":{"type":"LineString","coordinates":[[-71.074,19.5725],[-71.0679,19.5857],[-71.0581,19.5901],[-71.0501,19.5899],[-71.0137,19.5817],[-71.0097,19.5819],[-70.9899,19.5775],[-70.9887,19.5811],[-70.9801,19.5913],[-70.9811,19.5988],[-70.9797,19.6051],[-70.9782,19.6066]]}},{"type":"Feature","properties":{"highway":"primary"},"geometry":{"type":"LineString","coordinates":[[-70.9307,19.3356],[-70.9246,19.3356],[-70.9225,19.3371],[-70.9131,19.3394],[-70.9018,19.339],[-70.898,19.3372],[-70.8961,19.3378],[-70.8904,19.3324],[-70.8888,19.332],[-70.8848,19.3337],[-70.8809,19.333],[-70.8765,19.3338],[-70.8744,19.3323],[-70.8719,19.3332],[-70.8691,19.3325],[-70.8662,19.3337],[-70.8619,19.3332],[-70.8534,19.3363],[-70.8512,19.3337],[-70.8465,19.3342],[-70.846,19.3313],[-70.8381,19.3341],[-70.8361,19.3339],[-70.8269,19.3269],[-70.8168,19.3251],[-70.8155,19.3269],[-70.8163,19.3278],[-70.8159,19.3301],[-70.8167,19.3305],[-70.8159,19.3315],[-70.8168,19.3321],[-70.8163,19.3364],[-70.8079,19.3363],[-70.8075,19.3375],[-70.8034,19.3394],[-70.8021,19.3444],[-70.7991,19.3448],[-70.7983,19.3466],[-70.7936,19.3485],[-70.7929,19.3498],[-70.7897,19.3509],[-70.7879,19.3504],[-70.7852,19.3543],[-70.7827,19.3525],[-70.7801,19.3558],[-70.7774,19.3556],[-70.7724,19.3611],[-70.7723,19.3628],[-70.7687,19.366],[-70.7692,19.3681],[-70.7672,19.368],[-70.7675,19.3704],[-70.7644,19.3689],[-70.7615,19.3726],[-70.7602,19.3825],[-70.7559,19.3876],[-70.7521,19.3892],[-70.7491,19.3923],[-70.747,19.3931],[-70.7427,19.398],[-70.7341,19.3996],[-70.7289,19.3994],[-70.7189,19.4087],[-70.7179,19.4124]]}},{"type":"Feature","properties":{"highway":"primary"},"geometry":{"type":"LineString","coordinates":[[-70.8006,18.4494],[-70.8353,18.4558],[-70.844,18.4557],[-70.861,18.46],[-70.8674,18.4627]]}},{"type":"Feature","properties":{"highway":"primary"},"geometry":{"type":"LineString","coordinates":[[-70.7741,19.8254],[-70.7794,19.8169],[-70.7789,19.8044],[-70.7821,19.7997],[-70.8112,19.7916],[-70.8159,19.7892],[-70.8204,19.7853],[-70.8231,19.7849],[-70.828,19.7863],[-70.8355,19.7859],[-70.8438,19.7806],[-70.8439,19.7735],[-70.8368,19.7684],[-70.833,19.7631],[-70.8344,19.7582],[-70.8403,19.7517],[-70.84,19.7454],[-70.8349,19.7354],[-70.8302,19.732],[-70.8287,19.7284],[-70.8292,19.7264],[-70.8331,19.7222],[-70.8372,19.7065],[-70.8413,19.6961],[-70.8395,19.6918],[-70.8409,19.685],[-70.8377,19.6816],[-70.8353,19.6734],[-70.8302,19.6667],[-70.8291,19.6548],[-70.8322,19.6506],[-70.8314,19.6438],[-70.8327,19.6389],[-70.8367,19.6348],[-70.8401,19.6337],[-70.8469,19.6243],[-70.8466,19.621],[-70.8409,19.6158],[-70.8408,19.6119],[-70.8391,19.6091],[-70.8373,19.6022],[-70.839,19.5992],[-70.8435,19.5962],[-70.8464,19.5873],[-70.8454,19.5806],[-70.8532,19.574],[-70.8552,19.5709],[-70.8602,19.5557]]}},{"type":"Feature","properties":{"highway":"primary"},"geometry":{"type":"LineString","coordinates":[[-70.8006,18.4494],[-70.7912,18.4476],[-70.7849,18.4485],[-70.7777,18.4468],[-70.7661,18.4532],[-70.7396,18.4533]]}},{"type":"Feature","properties":{"highway":"primary"},"geometry":{"type":"LineString","coordinates":[[-70.7741,19.8254],[-70.7678,19.8303],[-70.7629,19.8298],[-70.7586,19.827],[-70.7515,19.8278],[-70.7487,19.8269],[-70.7397,19.8211],[-70.7349,19.8196],[-70.7288,19.8066],[-70.7208,19.8025],[-70.7133,19.7943],[-70.7015,19.7908],[-70.6965,19.7878],[-70.6932,19.7878],[-70.6735,19.7826]]}},{"type":"Feature","properties":{"highway":"primary"},"geometry":{"type":"LineString","coordinates":[[-70.6735,19.7833],[-70.6964,19.7879],[-70.7015,19.7909],[-70.7132,19.7943],[-70.7208,19.8026],[-70.7289,19.8068],[-70.7324,19.816],[-70.7347,19.8196],[-70.7396,19.8211],[-70.749,19.8272],[-70.7516,19.8279],[-70.7585,19.8271],[-70.7627,19.8301],[-70.768,19.8305],[-70.7741,19.8254]]}},{"type":"Feature","properties":{"highway":"primary"},"geometry":{"type":"LineString","coordinates":[[-70.7299,18.4531],[-70.7303,18.4551],[-70.7396,18.4533]]}},{"type":"Feature","properties":{"highway":"primary"},"geometry":{"type":"LineString","coordinates":[[-70.7396,18.4533],[-70.7299,18.4531]]}},{"type":"Feature","properties":{"highway":"primary"},"geometry":{"type":"LineString","coordinates":[[-70.7376,19.4927],[-70.7229,19.4757],[-70.7173,19.471]]}},{"type":"Feature","properties":{"highway":"primary"},"geometry":{"type":"LineString","coordinates":[[-70.7173,19.471],[-70.7229,19.4757],[-70.7372,19.4928]]}},{"type":"Feature","properties":{"highway":"primary"},"geometry":{"type":"LineString","coordinates":[[-70.736,19.4207],[-70.728,19.4136],[-70.7039,19.4155],[-70.6929,19.4317]]}},{"type":"Feature","properties":{"highway":"primary"},"geometry":{"type":"LineString","coordinates":[[-70.6852,19.4526],[-70.6884,19.4474],[-70.6874,19.4409],[-70.7032,19.4159],[-70.7279,19.4137],[-70.7359,19.4208]]}},{"type":"Feature","properties":{"highway":"primary"},"geometry":{"type":"LineString","coordinates":[[-70.727,18.4512],[-70.7187,18.4447]]}},{"type":"Feature","properties":{"highway":"primary"},"geometry":{"type":"LineString","coordinates":[[-70.7187,18.4447],[-70.727,18.4512]]}},{"type":"Feature","properties":{"highway":"primary"},"geometry":{"type":"LineString","coordinates":[[-70.7188,19.4895],[-70.719,19.4832],[-70.7139,19.4722],[-70.7091,19.4585],[-70.7053,19.4559],[-70.7032,19.4557]]}},{"type":"Feature","properties":{"highway":"primary"},"geometry":{"type":"LineString","coordinates":[[-70.686,19.4608],[-70.6895,19.4608],[-70.7036,19.4557],[-70.7087,19.4581],[-70.7138,19.4722],[-70.719,19.4833],[-70.7187,19.4895]]}},{"type":"Feature","properties":{"highway":"primary"},"geometry":{"type":"LineString","coordinates":[[-70.7173,19.471],[-70.7141,19.4679],[-70.7128,19.464],[-70.7148,19.4583],[-70.7152,19.4528],[-70.7131,19.4495],[-70.7102,19.4485]]}},{"type":"Feature","properties":{"highway":"primary"},"geometry":{"type":"LineString","coordinates":[[-70.7033,19.4548],[-70.7149,19.4572]]}},{"type":"Feature","properties":{"highway":"primary"},"geometry":{"type":"LineString","coordinates":[[-70.704,18.4398],[-70.6192,18.4431],[-70.594,18.4232],[-70.5832,18.4097],[-70.5536,18.4],[-70.5301,18.3999],[-70.5286,18.395],[-70.523,18.391],[-70.5053,18.3589],[-70.4954,18.3579],[-70.4841,18.352],[-70.4614,18.3532],[-70.4597,18.3518],[-70.4499,18.3353],[-70.4306,18.3263]]}},{"type":"Feature","properties":{"highway":"primary"},"geometry":{"type":"LineString","coordinates":[[-70.7032,19.4557],[-70.6893,19.4607],[-70.6827,19.4607],[-70.6736,19.4634]]}},{"type":"Feature","properties":{"highway":"primary"},"geometry":{"type":"LineString","coordinates":[[-70.6949,19.4329],[-70.6987,19.4379],[-70.7029,19.4411],[-70.7029,19.4455]]}},{"type":"Feature","properties":{"highway":"primary"},"geometry":{"type":"LineString","coordinates":[[-70.7025,19.4545],[-70.6925,19.4523],[-70.6908,19.4504]]}},{"type":"Feature","properties":{"highway":"primary"},"geometry":{"type":"LineString","coordinates":[[-70.6904,19.4505],[-70.6922,19.4523],[-70.7025,19.4546]]}},{"type":"Feature","properties":{"highway":"primary"},"geometry":{"type":"LineString","coordinates":[[-70.6659,19.4565],[-70.6705,19.4585],[-70.6826,19.4591],[-70.6927,19.4569],[-70.6976,19.4533]]}},{"type":"Feature","properties":{"highway":"primary"},"geometry":{"type":"LineString","coordinates":[[-70.6929,19.4317],[-70.6873,19.4409],[-70.6884,19.4473],[-70.685,19.4528]]}},{"type":"Feature","properties":{"highway":"primary"},"geometry":{"type":"LineString","coordinates":[[-70.6808,19.449],[-70.6906,19.4508]]}},{"type":"Feature","properties":{"highway":"primary"},"geometry":{"type":"LineString","coordinates":[[-70.6891,19.458],[-70.6824,19.459],[-70.6712,19.4584],[-70.6659,19.4565]]}},{"type":"Feature","properties":{"highway":"primary"},"geometry":{"type":"LineString","coordinates":[[-70.6736,19.4634],[-70.6827,19.4608],[-70.686,19.4608]]}},{"type":"Feature","properties":{"highway":"primary"},"geometry":{"type":"LineString","coordinates":[[-70.6468,19.4129],[-70.6517,19.414],[-70.6664,19.4244],[-70.6711,19.4258],[-70.684,19.4259]]}},{"type":"Feature","properties":{"highway":"primary"},"geometry":{"type":"LineString","coordinates":[[-70.6838,19.4258],[-70.6712,19.4257],[-70.6664,19.4243],[-70.6518,19.4139],[-70.6466,19.4125]]}},{"type":"Feature","properties":{"highway":"primary"},"geometry":{"type":"LineString","coordinates":[[-70.5318,19.3871],[-70.5394,19.382],[-70.543,19.3711],[-70.5474,19.3659],[-70.5568,19.3662],[-70.5629,19.3675],[-70.5686,19.3643],[-70.5761,19.3621],[-70.5841,19.3577],[-70.5871,19.3516],[-70.5955,19.3453],[-70.6047,19.3454],[-70.6025,19.3507],[-70.6056,19.3602],[-70.6052,19.3667],[-70.6066,19.3681],[-70.6087,19.3757],[-70.6132,19.3795],[-70.6364,19.3891],[-70.6429,19.3927],[-70.6481,19.3957],[-70.6498,19.3989],[-70.6521,19.4007],[-70.6649,19.4064],[-70.6699,19.4073],[-70.6824,19.4205],[-70.6831,19.424]]}},{"type":"Feature","properties":{"highway":"primary"},"geometry":{"type":"LineString","coordinates":[[-70.5332,19.4515],[-70.5369,19.4549],[-70.5477,19.4588],[-70.5615,19.4597],[-70.568,19.4622],[-70.5791,19.4739],[-70.5837,19.4755],[-70.5968,19.4772],[-70.614,19.4882],[-70.6214,19.4861],[-70.625,19.4834],[-70.6304,19.4834],[-70.6369,19.481],[-70.6418,19.4767],[-70.6465,19.4705],[-70.6528,19.4694],[-70.6591,19.4669],[-70.6671,19.4659],[-70.6736,19.4634]]}},{"type":"Feature","properties":{"highway":"primary"},"geometry":{"type":"LineString","coordinates":[[-69.8517,19.3676],[-69.8546,19.3765],[-69.8515,19.3841],[-69.8496,19.3974],[-69.862,19.4161],[-69.8729,19.4404],[-69.8764,19.4509],[-69.8798,19.455],[-69.8835,19.4569],[-69.8852,19.4606],[-69.8923,19.4676],[-69.9051,19.4755],[-69.9094,19.4797],[-69.9185,19.4824],[-69.9247,19.4811],[-69.93,19.4817],[-69.9344,19.4969],[-69.941,19.5021],[-69.9424,19.5053],[-69.937,19.5232],[-69.933,19.5286],[-69.9306,19.5404],[-69.9242,19.5433],[-69.9211,19.5475],[-69.9182,19.5491],[-69.916,19.5521],[-69.906,19.5586],[-69.903,19.5733],[-69.9032,19.579],[-69.8993,19.5828],[-69.9009,19.5916],[-69.8982,19.6012],[-69.902,19.6315],[-69.9128,19.6457],[-69.9158,19.6468],[-69.9202,19.6458],[-69.9231,19.6478],[-69.9282,19.6488],[-69.9332,19.6521],[-69.9344,19.6548],[-69.9374,19.6573],[-69.9385,19.6602],[-69.941,19.6629],[-69.9541,19.6703],[-69.963,19.6718],[-69.9792,19.6768],[-69.9897,19.6759],[-69.9977,19.6766],[-70.0017,19.6733],[-70.0062,19.6756],[-70.0125,19.6741],[-70.018,19.6761],[-70.0529,19.6712],[-70.0602,19.6666],[-70.0718,19.6498],[-70.074,19.6444],[-70.0743,19.6392],[-70.0772,19.6267],[-70.0865,19.6191],[-70.0918,19.6174],[-70.1196,19.6193],[-70.1268,19.6149],[-70.1485,19.6159],[-70.1527,19.6139],[-70.1718,19.6101],[-70.1912,19.6242],[-70.195,19.625],[-70.2001,19.628],[-70.207,19.6273],[-70.2105,19.633],[-70.2122,19.6341],[-70.2197,19.6342],[-70.2292,19.6379],[-70.2352,19.6368],[-70.2453,19.6398],[-70.2507,19.6392],[-70.2597,19.6412],[-70.2702,19.6393],[-70.2733,19.6339],[-70.2731,19.6293],[-70.2716,19.6254],[-70.2756,19.6238],[-70.2792,19.6269],[-70.2809,19.6312],[-70.3081,19.6538],[-70.3169,19.651],[-70.3218,19.6516],[-70.3262,19.648],[-70.3306,19.6463],[-70.3345,19.6481],[-70.34,19.6489],[-70.3442,19.6471],[-70.3492,19.6491],[-70.3525,19.6494],[-70.3599,19.6534],[-70.3682,19.6687],[-70.3726,19.672],[-70.3737,19.675],[-70.3729,19.6808],[-70.3804,19.6919],[-70.3835,19.7032],[-70.3892,19.7345],[-70.3951,19.7455],[-70.4021,19.7507],[-70.4108,19.7493],[-70.414,19.7501],[-70.416,19.7518],[-70.4219,19.7622],[-70.4426,19.7735],[-70.452,19.7764],[-70.4623,19.7743],[-70.4763,19.7784],[-70.484,19.7783],[-70.5041,19.7695],[-70.5086,19.7659],[-70.5159,19.7626],[-70.5155,19.7571],[-70.5168,19.754],[-70.5205,19.7515],[-70.5201,19.7462],[-70.5225,19.7446],[-70.5266,19.7445],[-70.5284,19.7456],[-70.5468,19.7492],[-70.5799,19.7504],[-70.5882,19.7474],[-70.5964,19.748],[-70.5996,19.7454],[-70.609,19.7252],[-70.6123,19.7228],[-70.6191,19.7201],[-70.6202,19.7206],[-70.6543,19.7717],[-70.6608,19.7768],[-70.6666,19.7773],[-70.6717,19.7812]]}},{"type":"Feature","properties":{"highway":"primary"},"geometry":{"type":"LineString","coordinates":[[-70.6575,19.453],[-70.6012,19.4305],[-70.5929,19.4262],[-70.5906,19.4234],[-70.587,19.4218],[-70.5718,19.4204],[-70.5597,19.4208],[-70.5517,19.4174],[-70.5269,19.4104]]}},{"type":"Feature","properties":{"highway":"primary"},"geometry":{"type":"LineString","coordinates":[[-70.5005,19.2011],[-70.5138,19.2192],[-70.5276,19.2297],[-70.5328,19.2358],[-70.5554,19.2496],[-70.5335,19.2362]]}},{"type":"Feature","properties":{"highway":"primary"},"geometry":{"type":"LineString","coordinates":[[-70.5335,19.2362],[-70.5276,19.2297],[-70.5128,19.2181],[-70.5006,19.201]]}},{"type":"Feature","properties":{"highway":"primary"},"geometry":{"type":"LineString","coordinates":[[-70.5215,19.3917],[-70.5169,19.3891],[-70.5158,19.3875],[-70.5133,19.3779],[-70.5143,19.3723],[-70.512,19.3627],[-70.5137,19.3588],[-70.5224,19.3475],[-70.523,19.3441],[-70.526,19.3386],[-70.53,19.3349],[-70.5372,19.3194],[-70.5399,19.3157],[-70.5406,19.3131],[-70.5401,19.3099],[-70.5432,19.3019],[-70.542,19.2993],[-70.5429,19.2843],[-70.5355,19.2688],[-70.5355,19.2654],[-70.5379,19.2604],[-70.5367,19.2548],[-70.5391,19.248],[-70.5334,19.2364]]}},{"type":"Feature","properties":{"highway":"primary"},"geometry":{"type":"LineString","coordinates":[[-70.3737,19.675],[-70.3779,19.6753],[-70.3958,19.6693],[-70.4022,19.6708],[-70.4057,19.6703],[-70.4124,19.6652],[-70.4169,19.6656],[-70.4232,19.6633],[-70.4248,19.6612],[-70.4311,19.6608],[-70.4348,19.6569],[-70.4413,19.657],[-70.4447,19.653],[-70.4501,19.6526],[-70.4506,19.6512],[-70.4472,19.6459],[-70.4477,19.6428],[-70.4505,19.6422],[-70.4493,19.6399],[-70.447,19.6391],[-70.4471,19.6346],[-70.4487,19.6314],[-70.4487,19.6295],[-70.4499,19.6285],[-70.4481,19.6259],[-70.4478,19.6229],[-70.4444,19.6208],[-70.4463,19.6177],[-70.4456,19.6153],[-70.4463,19.6123],[-70.4446,19.6096],[-70.4464,19.6074],[-70.4522,19.6063],[-70.4545,19.6015],[-70.4591,19.5993],[-70.4614,19.5924],[-70.4658,19.5899],[-70.4652,19.5878],[-70.4676,19.585],[-70.4665,19.5804],[-70.4671,19.5788],[-70.4693,19.5772],[-70.4705,19.5703],[-70.4725,19.5693],[-70.4722,19.5656],[-70.4734,19.5626],[-70.4764,19.5575],[-70.4783,19.5561],[-70.4817,19.549],[-70.4832,19.5475],[-70.4866,19.5472],[-70.4892,19.5455],[-70.4914,19.5423],[-70.4918,19.5391],[-70.4946,19.5368],[-70.4954,19.5331],[-70.4932,19.5268],[-70.5003,19.5261],[-70.5017,19.5227],[-70.5033,19.5216],[-70.5034,19.5115],[-70.5075,19.5069],[-70.5086,19.5029],[-70.5105,19.5007],[-70.5074,19.4984],[-70.5119,19.4984],[-70.5075,19.4962],[-70.5087,19.4962],[-70.5077,19.4951],[-70.5077,19.493],[-70.5108,19.492],[-70.5106,19.4897],[-70.5131,19.4851],[-70.5122,19.4796],[-70.5143,19.4782],[-70.5153,19.4787],[-70.5197,19.4752],[-70.5202,19.4713],[-70.5217,19.4716],[-70.5221,19.4705],[-70.5268,19.4679],[-70.525,19.4661],[-70.5277,19.4607],[-70.5312,19.4565],[-70.5306,19.4548],[-70.5332,19.4515]]}},{"type":"Feature","properties":{"highway":"primary"},"geometry":{"type":"LineString","coordinates":[[-70.5269,19.4104],[-70.5286,19.4154],[-70.5284,19.4318],[-70.5298,19.436],[-70.53,19.4435],[-70.5332,19.4515]]}},{"type":"Feature","properties":{"highway":"primary"},"geometry":{"type":"LineString","coordinates":[[-70.5215,19.3917],[-70.5263,19.3903],[-70.5305,19.3879]]}},{"type":"Feature","properties":{"highway":"primary"},"geometry":{"type":"LineString","coordinates":[[-70.5241,19.3995],[-70.5268,19.3988],[-70.5288,19.4014],[-70.5269,19.4104]]}},{"type":"Feature","properties":{"highway":"primary"},"geometry":{"type":"LineString","coordinates":[[-70.5241,19.3995],[-70.5246,19.401],[-70.5204,19.4069],[-70.5191,19.4101],[-70.5195,19.4137],[-70.5181,19.4155],[-70.4929,19.4207],[-70.4814,19.4218],[-70.4726,19.4243],[-70.4596,19.4193],[-70.4567,19.4143],[-70.4516,19.4117],[-70.4486,19.4081],[-70.4435,19.4066],[-70.4359,19.4004],[-70.4308,19.3945],[-70.4308,19.3873],[-70.4253,19.3821],[-70.4218,19.3813]]}},{"type":"Feature","properties":{"highway":"primary"},"geometry":{"type":"LineString","coordinates":[[-70.4238,19.3006],[-70.4268,19.3004],[-70.4295,19.3024],[-70.4368,19.3052],[-70.4395,19.3075],[-70.4459,19.3087],[-70.4484,19.3129],[-70.4491,19.3173],[-70.453,19.3216],[-70.4546,19.327],[-70.4563,19.3297],[-70.4586,19.3305],[-70.46,19.3348],[-70.4613,19.3358],[-70.4665,19.3382],[-70.474,19.34],[-70.4794,19.3443],[-70.4988,19.3452],[-70.5149,19.3576]]}},{"type":"Feature","properties":{"highway":"primary"},"geometry":{"type":"LineString","coordinates":[[-70.5078,18.5415],[-70.5076,18.5469],[-70.509,18.547],[-70.5078,18.5415]]}},{"type":"Feature","properties":{"highway":"primary"},"geometry":{"type":"LineString","coordinates":[[-70.5078,18.5415],[-70.5058,18.5347],[-70.506,18.5268],[-70.5074,18.5214],[-70.5067,18.5154],[-70.5076,18.5021],[-70.5088,18.501],[-70.5119,18.5013],[-70.5123,18.4993],[-70.5093,18.4957],[-70.5064,18.4941],[-70.5044,18.4953],[-70.5017,18.4949],[-70.5033,18.4929],[-70.5036,18.4892],[-70.4969,18.4855],[-70.4955,18.4835],[-70.4933,18.4828],[-70.495,18.476],[-70.4922,18.4712],[-70.4909,18.4702],[-70.4872,18.47],[-70.4846,18.471],[-70.4825,18.4681],[-70.4796,18.4674],[-70.4778,18.4631],[-70.4785,18.4575],[-70.4765,18.4551],[-70.4768,18.4525],[-70.4733,18.4503],[-70.4708,18.4445],[-70.4713,18.44],[-70.4738,18.4376],[-70.4797,18.4228],[-70.4789,18.4216],[-70.4742,18.4206],[-70.4677,18.4125],[-70.4665,18.4083],[-70.4651,18.3971],[-70.4655,18.3862],[-70.4711,18.3806],[-70.4676,18.3694],[-70.4706,18.3572],[-70.4707,18.3535]]}},{"type":"Feature","properties":{"highway":"primary"},"geometry":{"type":"LineString","coordinates":[[-70.4812,19.1554],[-70.4689,19.1533],[-70.4648,19.151],[-70.4527,19.1487],[-70.4426,19.1444],[-70.4313,19.1429],[-70.4294,19.1412],[-70.4279,19.1369],[-70.4228,19.1323],[-70.4204,19.1282],[-70.416,19.1231],[-70.4104,19.1195],[-70.4081,19.1161],[-70.4035,19.1189],[-70.3967,19.1271],[-70.3851,19.13],[-70.384,19.1312]]}},{"type":"Feature","properties":{"highway":"primary"},"geometry":{"type":"LineString","coordinates":[[-70.4577,19.1306],[-70.4584,19.1313],[-70.4584,19.1377],[-70.4563,19.1437],[-70.45,19.1515],[-70.4223,19.1624],[-70.4001,19.1685],[-70.3846,19.1803],[-70.3726,19.1825],[-70.3119,19.2503],[-70.306,19.2592],[-70.2872,19.2767],[-70.282,19.2833],[-70.2627,19.2897]]}},{"type":"Feature","properties":{"highway":"primary"},"geometry":{"type":"LineString","coordinates":[[-70.3992,18.3137],[-70.4081,18.3191],[-70.4275,18.3249]]}},{"type":"Feature","properties":{"highway":"primary"},"geometry":{"type":"LineString","coordinates":[[-70.2666,19.3065],[-70.2757,19.3067],[-70.2876,19.3087],[-70.2939,19.3082],[-70.304,19.3029],[-70.3089,19.3024],[-70.3134,19.2988],[-70.3237,19.2983],[-70.3271,19.2991],[-70.3311,19.2982],[-70.345,19.2984],[-70.3479,19.2994],[-70.3525,19.2993],[-70.3593,19.3018],[-70.3661,19.2998],[-70.3787,19.3026],[-70.3807,19.3014],[-70.3857,19.3012],[-70.398,19.2925],[-70.4068,19.2942],[-70.4218,19.2998]]}},{"type":"Feature","properties":{"highway":"primary"},"geometry":{"type":"LineString","coordinates":[[-70.419,19.3731],[-70.4225,19.3538],[-70.4218,19.302]]}},{"type":"Feature","properties":{"highway":"primary"},"geometry":{"type":"LineString","coordinates":[[-70.2752,19.3252],[-70.2812,19.3279],[-70.2815,19.3387],[-70.2847,19.3428],[-70.2865,19.3481],[-70.2896,19.3515],[-70.2914,19.3571],[-70.2945,19.3595],[-70.2999,19.3597],[-70.3066,19.3635],[-70.3079,19.3695],[-70.3104,19.3725],[-70.3219,19.3719],[-70.3272,19.373],[-70.3359,19.3709],[-70.3398,19.3715],[-70.344,19.3709],[-70.3526,19.3724],[-70.3558,19.3709],[-70.3641,19.3714],[-70.375,19.3703],[-70.3857,19.3719],[-70.3903,19.3717],[-70.399,19.3743],[-70.4055,19.3737],[-70.4095,19.3763],[-70.4146,19.3778]]}},{"type":"Feature","properties":{"highway":"primary"},"geometry":{"type":"LineString","coordinates":[[-70.3992,18.3137],[-70.397,18.3112],[-70.3958,18.3116],[-70.3677,18.2943],[-70.3579,18.285],[-70.3498,18.2802],[-70.3475,18.2796],[-70.3374,18.2803]]}},{"type":"Feature","properties":{"highway":"primary"},"geometry":{"type":"LineString","coordinates":[[-70.3822,19.1324],[-70.338,19.1296],[-70.3269,19.1254],[-70.319,19.1236],[-70.3158,19.1233],[-70.3079,19.1249],[-70.3032,19.1233]]}},{"type":"Feature","properties":{"highway":"primary"},"geometry":{"type":"LineString","coordinates":[[-70.3265,18.2791],[-70.3269,18.281],[-70.3374,18.2803]]}},{"type":"Feature","properties":{"highway":"primary"},"geometry":{"type":"LineString","coordinates":[[-70.3374,18.2803],[-70.3374,18.2787],[-70.3265,18.2791]]}},{"type":"Feature","properties":{"highway":"primary"},"geometry":{"type":"LineString","coordinates":[[-70.3265,18.2791],[-70.3187,18.2793],[-70.3138,18.2776],[-70.3036,18.2638],[-70.301,18.2623],[-70.2858,18.258]]}},{"type":"Feature","properties":{"highway":"primary"},"geometry":{"type":"LineString","coordinates":[[-70.3154,18.8441],[-70.3167,18.8464],[-70.3159,18.8489],[-70.3123,18.8535],[-70.3082,18.8555],[-70.308,18.8598],[-70.3109,18.8652],[-70.3113,18.8712],[-70.3083,18.8748],[-70.3061,18.8796],[-70.3029,18.8836],[-70.2998,18.8829],[-70.2983,18.8887],[-70.2947,18.8955],[-70.2875,18.8969],[-70.2817,18.9013],[-70.2782,18.9069],[-70.2741,18.9057]]}},{"type":"Feature","properties":{"highway":"primary"},"geometry":{"type":"LineString","coordinates":[[-70.1568,19.0915],[-70.1736,19.104],[-70.1776,19.1058],[-70.1821,19.1106],[-70.2033,19.1251],[-70.2079,19.1273],[-70.2483,19.1374],[-70.2525,19.1429],[-70.2542,19.1435],[-70.2584,19.1413],[-70.2628,19.1408],[-70.2687,19.1383],[-70.2857,19.1342],[-70.2949,19.1261],[-70.2991,19.1244]]}},{"type":"Feature","properties":{"highway":"primary"},"geometry":{"type":"LineString","coordinates":[[-70.2752,19.3252],[-70.2724,19.3227],[-70.2688,19.3147],[-70.2632,19.3106],[-70.2604,19.3061],[-70.248,19.2932],[-70.2429,19.2847],[-70.2414,19.2798]]}},{"type":"Feature","properties":{"highway":"primary"},"geometry":{"type":"LineString","coordinates":[[-70.2521,19.2976],[-70.2603,19.3061],[-70.2633,19.3109],[-70.2688,19.3148],[-70.2724,19.3228],[-70.2752,19.3252]]}},{"type":"Feature","properties":{"highway":"primary"},"geometry":{"type":"LineString","coordinates":[[-70.2741,18.9057],[-70.2671,18.9027],[-70.2558,18.9007],[-70.2536,18.8993],[-70.2492,18.8992],[-70.2428,18.9027],[-70.2331,18.9029],[-70.2246,18.906],[-70.2222,18.9056],[-70.2158,18.9068],[-70.209,18.9043],[-70.204,18.9054],[-70.2015,18.9063],[-70.1941,18.9144],[-70.1903,18.9165],[-70.1774,18.9155],[-70.1743,18.9163],[-70.1711,18.9156],[-70.1674,18.9179],[-70.1618,18.9181],[-70.1523,18.9163],[-70.1479,18.9223],[-70.148,18.9259],[-70.1451,18.9297],[-70.1441,18.9331],[-70.1383,18.9364],[-70.1334,18.9379],[-70.1295,18.9441],[-70.1285,18.9507],[-70.1257,18.9581],[-70.1272,18.9814],[-70.1344,18.9924],[-70.1382,18.9966],[-70.1402,19.0009],[-70.1405,19.0058],[-70.1455,19.0078],[-70.1489,19.0108],[-70.15,19.0148],[-70.1505,19.0308],[-70.149,19.0331],[-70.1489,19.0434],[-70.1518,19.0507]]}},{"type":"Feature","properties":{"highway":"primary"},"geometry":{"type":"LineString","coordinates":[[-70.261,19.3006],[-70.262,19.3042],[-70.2663,19.3062],[-70.2669,19.3111],[-70.2686,19.3147]]}},{"type":"Feature","properties":{"highway":"primary"},"geometry":{"type":"LineString","coordinates":[[-70.2446,19.2868],[-70.2471,19.2921],[-70.2521,19.2976]]}},{"type":"Feature","properties":{"highway":"primary"},"geometry":{"type":"LineString","coordinates":[[-70.252,19.2928],[-70.2446,19.2868]]}},{"type":"Feature","properties":{"highway":"primary"},"geometry":{"type":"LineString","coordinates":[[-70.2414,19.2798],[-70.2328,19.2724],[-70.2215,19.2672]]}},{"type":"Feature","properties":{"highway":"primary"},"geometry":{"type":"LineString","coordinates":[[-70.2215,19.2672],[-70.2218,19.2498],[-70.2228,19.2485],[-70.2232,19.2395],[-70.2226,19.2318],[-70.2249,19.2188],[-70.2225,19.2116],[-70.2123,19.1968],[-70.2102,19.1964],[-70.2037,19.1727],[-70.2031,19.1571],[-70.2038,19.1549],[-70.2023,19.1479],[-70.2067,19.1421],[-70.2091,19.1276]]}},{"type":"Feature","properties":{"highway":"primary"},"geometry":{"type":"LineString","coordinates":[[-70.2215,19.2672],[-70.2162,19.2635],[-70.2052,19.2612],[-70.1981,19.2619],[-70.1926,19.2604],[-70.1893,19.2611],[-70.1854,19.264],[-70.1695,19.2601],[-70.1274,19.2244],[-70.1088,19.1926],[-70.1072,19.1914],[-70.1034,19.1916],[-70.0996,19.1935],[-70.0941,19.208],[-70.0918,19.2102],[-70.0877,19.2176],[-70.0727,19.2187],[-70.0669,19.2162],[-70.0471,19.2141],[-70.0317,19.209],[-70.0243,19.2101],[-70.021,19.2096],[-70.0164,19.206],[-70.0094,19.205],[-70.0012,19.1998],[-69.9958,19.2001],[-69.9884,19.1951],[-69.9801,19.1947],[-69.9698,19.1905],[-69.9647,19.19],[-69.9611,19.1917],[-69.9533,19.192],[-69.9503,19.1912],[-69.9403,19.1933],[-69.9373,19.1928],[-69.9334,19.1957],[-69.9308,19.2121],[-69.9212,19.2243],[-69.9187,19.2297],[-69.9216,19.2384],[-69.9191,19.2419],[-69.9172,19.2527],[-69.9148,19.2543],[-69.9095,19.2534],[-69.9018,19.2539],[-69.8965,19.2563],[-69.8918,19.2606],[-69.8919,19.2627],[-69.8996,19.2748],[-69.8976,19.2805],[-69.8929,19.2861],[-69.8935,19.2924],[-69.889,19.3098],[-69.892,19.3149],[-69.8909,19.3201],[-69.8853,19.3232],[-69.8768,19.326],[-69.8749,19.3359],[-69.8722,19.3395],[-69.8605,19.3423]]}},{"type":"Feature","properties":{"highway":"primary"},"geometry":{"type":"LineString","coordinates":[[-70.1078,19.1756],[-70.1177,19.1694],[-70.1203,19.1639],[-70.1303,19.1573],[-70.1302,19.1549],[-70.1259,19.1517],[-70.1257,19.1503],[-70.138,19.1376],[-70.1414,19.1283],[-70.147,19.1187],[-70.1474,19.113],[-70.1556,19.099],[-70.1568,19.0915]]}},{"type":"Feature","properties":{"highway":"primary"},"geometry":{"type":"LineString","coordinates":[[-70.1508,19.0608],[-70.1498,19.0659],[-70.1528,19.0736],[-70.1523,19.0777],[-70.1556,19.0856],[-70.1555,19.0897],[-70.1568,19.0915]]}},{"type":"Feature","properties":{"highway":"primary"},"geometry":{"type":"LineString","coordinates":[[-70.1508,19.0608],[-70.1536,19.0582],[-70.1518,19.0507]]}},{"type":"Feature","properties":{"highway":"primary"},"geometry":{"type":"LineString","coordinates":[[-70.1078,19.1756],[-70.1001,19.1629],[-70.0939,19.1583],[-70.0933,19.1509],[-70.0898,19.1422],[-70.0994,19.1285],[-70.098,19.126],[-70.0984,19.1172],[-70.0969,19.1144],[-70.0973,19.1126],[-70.0956,19.1059],[-70.0975,19.1035],[-70.1067,19.0973],[-70.1142,19.0903],[-70.118,19.0883],[-70.119,19.0869],[-70.1191,19.0839],[-70.1223,19.0784],[-70.1286,19.0754],[-70.1312,19.0703],[-70.1351,19.0695],[-70.151,19.0596]]}},{"type":"Feature","properties":{"highway":"primary"},"geometry":{"type":"LineString","coordinates":[[-69.7917,18.944],[-69.7937,18.9423],[-69.7998,18.9426],[-69.807,18.9463],[-69.8111,18.9501],[-69.8141,18.9546],[-69.8176,18.9574],[-69.8213,18.9572],[-69.8245,18.9602],[-69.8388,18.9658],[-69.8416,18.964],[-69.8421,18.9616],[-69.8442,18.9595],[-69.847,18.9576],[-69.8513,18.9564],[-69.8538,18.9576],[-69.86,18.9642],[-69.8667,18.9668],[-69.8715,18.9664],[-69.875,18.967],[-69.8776,18.9661],[-69.8788,18.9631],[-69.8801,18.9627],[-69.8851,18.9692],[-69.8919,18.9732],[-69.9024,18.971],[-69.9078,18.9648],[-69.9096,18.9608],[-69.9146,18.9572],[-69.9223,18.9572],[-69.9241,18.9592],[-69.9244,18.9631],[-69.9259,18.9639],[-69.9312,18.9636],[-69.9344,18.9606],[-69.9368,18.9599],[-69.9388,18.9629],[-69.9424,18.9728],[-69.9469,18.9768],[-69.9466,18.9803],[-69.9519,18.9845],[-69.9578,18.9874],[-69.9554,18.9922],[-69.9558,19.0001],[-69.9577,19.0013],[-69.9625,19.0],[-69.9724,19.0075],[-69.9744,19.0072],[-69.9769,19.0052],[-69.9897,19.0101],[-69.9913,19.0113],[-69.996,19.0215],[-70.0003,19.0254],[-70.0057,19.0261],[-70.0105,19.0251],[-70.0176,19.0295],[-70.0228,19.034],[-70.032,19.0356],[-70.035,19.0353],[-70.0376,19.0324],[-70.0433,19.0303],[-70.0448,19.0284],[-70.048,19.0268],[-70.0502,19.0273],[-70.0526,19.0303],[-70.0572,19.0325],[-70.064,19.0384],[-70.0683,19.0363],[-70.0743,19.0391],[-70.0774,19.0392],[-70.0898,19.0431],[-70.1089,19.0394],[-70.1146,19.04],[-70.1173,19.0424],[-70.1218,19.0423],[-70.1312,19.0449],[-70.148,19.052]]}},{"type":"Feature","properties":{"highway":"primary"},"geometry":{"type":"LineString","coordinates":[[-70.1142,18.4149],[-70.1285,18.41],[-70.1386,18.4019]]}},{"type":"Feature","properties":{"highway":"primary"},"geometry":{"type":"LineString","coordinates":[[-70.1122,19.1985],[-70.109,19.1777],[-70.1078,19.1756]]}},{"type":"Feature","properties":{"highway":"primary"},"geometry":{"type":"LineString","coordinates":[[-70.0281,18.4301],[-70.0382,18.4257],[-70.0497,18.4283],[-70.0555,18.4263],[-70.0613,18.4276],[-70.0667,18.4265],[-70.0701,18.4248],[-70.0802,18.428],[-70.0893,18.4294],[-70.0927,18.4277],[-70.0961,18.4228],[-70.1066,18.4173]]}},{"type":"Feature","properties":{"highway":"primary"},"geometry":{"type":"LineString","coordinates":[[-70.0109,18.5265],[-70.0097,18.5168]]}},{"type":"Feature","properties":{"highway":"primary"},"geometry":{"type":"LineString","coordinates":[[-70.0096,18.517],[-70.0109,18.5265]]}},{"type":"Feature","properties":{"highway":"primary"},"geometry":{"type":"LineString","coordinates":[[-69.9758,18.4489],[-69.9787,18.441],[-69.9845,18.4341],[-69.9902,18.4291],[-69.9893,18.4259]]}},{"type":"Feature","properties":{"highway":"primary"},"geometry":{"type":"LineString","coordinates":[[-69.9893,18.4261],[-69.9902,18.429],[-69.9841,18.4342],[-69.9785,18.4409],[-69.9747,18.4486]]}},{"type":"Feature","properties":{"highway":"primary"},"geometry":{"type":"LineString","coordinates":[[-69.9814,18.4554],[-69.9855,18.4592],[-69.9921,18.4613],[-69.9947,18.466],[-69.9945,18.474],[-69.9974,18.4783],[-69.9972,18.4831],[-70.0003,18.4871],[-69.999,18.5058],[-69.9959,18.5079],[-69.9804,18.5059],[-69.971,18.5073],[-69.9663,18.509],[-69.9602,18.507],[-69.9581,18.5049],[-69.96,18.4884]]}},{"type":"Feature","properties":{"highway":"primary"},"geometry":{"type":"LineString","coordinates":[[-69.9611,18.5075],[-69.9657,18.5093],[-69.971,18.5074],[-69.9804,18.506],[-69.9959,18.508],[-69.9992,18.5055],[-69.9987,18.5035],[-70.0004,18.4871],[-69.9973,18.483],[-69.9976,18.4783],[-69.9946,18.4737],[-69.9948,18.4657],[-69.9922,18.4611],[-69.9849,18.4586],[-69.9812,18.4549],[-69.98,18.4514],[-69.9771,18.4504]]}},{"type":"Feature","properties":{"highway":"primary"},"geometry":{"type":"LineString","coordinates":[[-69.96,18.4884],[-69.9644,18.4881],[-69.967,18.4849],[-69.9691,18.4624],[-69.9722,18.454],[-69.9751,18.4512]]}},{"type":"Feature","properties":{"highway":"primary"},"geometry":{"type":"LineString","coordinates":[[-69.9742,18.4507],[-69.9715,18.455],[-69.9689,18.462],[-69.9669,18.4848],[-69.9643,18.488],[-69.96,18.488]]}},{"type":"Feature","properties":{"highway":"primary"},"geometry":{"type":"LineString","coordinates":[[-69.9719,18.4802],[-69.9683,18.4788],[-69.9596,18.4806]]}},{"type":"Feature","properties":{"highway":"primary"},"geometry":{"type":"LineString","coordinates":[[-69.9595,18.4807],[-69.968,18.4791],[-69.9711,18.4798]]}},{"type":"Feature","properties":{"highway":"primary"},"geometry":{"type":"LineString","coordinates":[[-69.8776,18.4858],[-69.878,18.4764],[-69.8749,18.4699],[-69.8762,18.4673],[-69.8755,18.4659],[-69.8588,18.4694],[-69.8471,18.4684],[-69.8309,18.4688],[-69.8235,18.4972],[-69.8238,18.4994],[-69.8388,18.5261],[-69.8454,18.5316],[-69.8477,18.5353],[-69.8556,18.541],[-69.8584,18.5427],[-69.8627,18.5431],[-69.8667,18.5457],[-69.8736,18.5449],[-69.8857,18.5487],[-69.8961,18.5455],[-69.9016,18.5456],[-69.9073,18.5474],[-69.9143,18.5462],[-69.9208,18.5473],[-69.9261,18.5526],[-69.9336,18.5556],[-69.9399,18.5565],[-69.9428,18.5558],[-69.9452,18.5527],[-69.9533,18.5459],[-69.9559,18.5342],[-69.9543,18.5299],[-69.9518,18.527],[-69.9512,18.524],[-69.9525,18.5183],[-69.9548,18.5138],[-69.9604,18.5091],[-69.9611,18.5075]]}},{"type":"Feature","properties":{"highway":"primary"},"geometry":{"type":"LineString","coordinates":[[-69.961,18.5074],[-69.9602,18.5091],[-69.9547,18.5137],[-69.9523,18.5186],[-69.9511,18.524],[-69.9518,18.5271],[-69.9543,18.5302],[-69.9558,18.5342],[-69.9531,18.546],[-69.9454,18.5524],[-69.9428,18.5557],[-69.9399,18.5564],[-69.9336,18.5555],[-69.9263,18.5525],[-69.9208,18.5472],[-69.9154,18.5462],[-69.9072,18.5473],[-69.9017,18.5456],[-69.8961,18.5453],[-69.8857,18.5485],[-69.8736,18.5448],[-69.8666,18.5456],[-69.8628,18.543],[-69.8587,18.5427],[-69.8563,18.5413],[-69.8478,18.5352],[-69.8456,18.5316],[-69.8387,18.5257],[-69.8239,18.4994],[-69.8236,18.4973],[-69.8309,18.4689],[-69.8446,18.4685],[-69.8589,18.4695],[-69.8754,18.466],[-69.8761,18.4671],[-69.8748,18.47],[-69.8779,18.4764],[-69.877,18.4857]]}},{"type":"Feature","properties":{"highway":"primary"},"geometry":{"type":"LineString","coordinates":[[-69.9594,18.4884],[-69.958,18.505],[-69.9586,18.5063],[-69.961,18.5074]]}},{"type":"Feature","properties":{"highway":"primary"},"geometry":{"type":"LineString","coordinates":[[-69.9594,18.488],[-69.9474,18.4894],[-69.9426,18.4874],[-69.9406,18.484]]}},{"type":"Feature","properties":{"highway":"primary"},"geometry":{"type":"LineString","coordinates":[[-69.9404,18.4841],[-69.9426,18.4875],[-69.9475,18.4895],[-69.9593,18.4884]]}},{"type":"Feature","properties":{"highway":"primary"},"geometry":{"type":"LineString","coordinates":[[-69.9457,18.4585],[-69.9566,18.4539]]}},{"type":"Feature","properties":{"highway":"primary"},"geometry":{"type":"LineString","coordinates":[[-69.9565,18.4538],[-69.9454,18.4585]]}},{"type":"Feature","properties":{"highway":"primary"},"geometry":{"type":"LineString","coordinates":[[-69.9467,18.4821],[-69.9362,18.4627]]}},{"type":"Feature","properties":{"highway":"primary"},"geometry":{"type":"LineString","coordinates":[[-69.936,18.4628],[-69.9455,18.4798],[-69.9455,18.4823]]}},{"type":"Feature","properties":{"highway":"primary"},"geometry":{"type":"LineString","coordinates":[[-69.9446,18.437],[-69.9463,18.4423],[-69.9495,18.4456],[-69.9572,18.4598],[-69.9626,18.4802],[-69.9573,18.4598],[-69.9498,18.4459],[-69.9464,18.4423],[-69.9447,18.437]]}},{"type":"Feature","properties":{"highway":"primary"},"geometry":{"type":"LineString","coordinates":[[-69.9361,18.4625],[-69.9325,18.4587],[-69.9264,18.449]]}},{"type":"Feature","properties":{"highway":"primary"},"geometry":{"type":"LineString","coordinates":[[-69.9218,18.4705],[-69.936,18.4628]]}},{"type":"Feature","properties":{"highway":"primary"},"geometry":{"type":"LineString","coordinates":[[-69.9359,18.4626],[-69.9219,18.4703]]}},{"type":"Feature","properties":{"highway":"primary"},"geometry":{"type":"LineString","coordinates":[[-69.9261,18.4492],[-69.9323,18.4588],[-69.9359,18.4626]]}},{"type":"Feature","properties":{"highway":"primary"},"geometry":{"type":"LineString","coordinates":[[-69.9142,18.482],[-69.9157,18.5055],[-69.9146,18.5185],[-69.9173,18.5233],[-69.9154,18.5266],[-69.9097,18.5282],[-69.9073,18.5309],[-69.9068,18.5355],[-69.9035,18.5428],[-69.9003,18.5443],[-69.9015,18.548],[-69.901,18.5514],[-69.9042,18.5554],[-69.9062,18.5632],[-69.9116,18.5689],[-69.9146,18.5704],[-69.9162,18.5736],[-69.9192,18.5753],[-69.9204,18.5845],[-69.9259,18.5866],[-69.9312,18.5912],[-69.9316,18.5929],[-69.933,18.5927],[-69.9351,18.5941]]}},{"type":"Feature","properties":{"highway":"primary"},"geometry":{"type":"LineString","coordinates":[[-69.9071,18.4758],[-69.9051,18.4808],[-69.9145,18.4846]]}},{"type":"Feature","properties":{"highway":"primary"},"geometry":{"type":"LineString","coordinates":[[-69.9011,18.5516],[-69.9016,18.548],[-69.9004,18.5444],[-69.9037,18.5427],[-69.907,18.5353],[-69.9074,18.531],[-69.9099,18.5283],[-69.9154,18.5267],[-69.9174,18.5232],[-69.9148,18.5186],[-69.9158,18.5052],[-69.9143,18.482]]}},{"type":"Feature","properties":{"highway":"primary"},"geometry":{"type":"LineString","coordinates":[[-69.9135,18.4761],[-69.9109,18.4665],[-69.9069,18.4588]]}},{"type":"Feature","properties":{"highway":"primary"},"geometry":{"type":"LineString","coordinates":[[-69.9068,18.4588],[-69.9108,18.4666],[-69.9134,18.4761]]}},{"type":"Feature","properties":{"highway":"primary"},"geometry":{"type":"LineString","coordinates":[[-69.8567,18.5051],[-69.8616,18.5098],[-69.8751,18.51],[-69.9033,18.4906],[-69.9044,18.4888],[-69.9048,18.4839],[-69.9062,18.4818],[-69.908,18.4816]]}},{"type":"Feature","properties":{"highway":"primary"},"geometry":{"type":"LineString","coordinates":[[-69.9072,18.4756],[-69.8989,18.4791],[-69.8957,18.4823],[-69.8929,18.4828],[-69.8877,18.4863],[-69.8858,18.4865]]}},{"type":"Feature","properties":{"highway":"primary"},"geometry":{"type":"LineString","coordinates":[[-69.8862,18.4868],[-69.8892,18.4866],[-69.896,18.4825],[-69.899,18.4792],[-69.9071,18.4758]]}},{"type":"Feature","properties":{"highway":"primary"},"geometry":{"type":"LineString","coordinates":[[-69.9071,18.4758],[-69.9054,18.4803],[-69.9083,18.4815],[-69.9062,18.4816],[-69.9046,18.4839],[-69.9035,18.4901],[-69.8753,18.5099],[-69.8617,18.5097],[-69.8569,18.505]]}},{"type":"Feature","properties":{"highway":"primary"},"geometry":{"type":"LineString","coordinates":[[-69.8933,18.465],[-69.8894,18.4679],[-69.8823,18.4706],[-69.8812,18.4719],[-69.8819,18.4743]]}},{"type":"Feature","properties":{"highway":"primary"},"geometry":{"type":"LineString","coordinates":[[-69.8839,18.4879],[-69.8819,18.4743]]}},{"type":"Feature","properties":{"highway":"primary"},"geometry":{"type":"LineString","coordinates":[[-69.8819,18.4743],[-69.8838,18.4879]]}},{"type":"Feature","properties":{"highway":"primary"},"geometry":{"type":"LineString","coordinates":[[-69.8469,18.4824],[-69.8496,18.4855],[-69.8584,18.4846],[-69.8784,18.4862]]}},{"type":"Feature","properties":{"highway":"primary"},"geometry":{"type":"LineString","coordinates":[[-69.8776,18.4858],[-69.855,18.4837],[-69.8522,18.4848],[-69.8446,18.4818]]}},{"type":"Feature","properties":{"highway":"primary"},"geometry":{"type":"LineString","coordinates":[[-69.8702,18.4852],[-69.869,18.5007],[-69.8765,18.51]]}},{"type":"Feature","properties":{"highway":"primary"},"geometry":{"type":"LineString","coordinates":[[-69.8587,19.3442],[-69.8557,19.3514],[-69.8523,19.3565],[-69.8511,19.3661],[-69.8517,19.3676]]}},{"type":"Feature","properties":{"highway":"primary"},"geometry":{"type":"LineString","coordinates":[[-69.8568,18.505],[-69.8531,18.5009],[-69.8501,18.4905],[-69.8546,18.4837],[-69.8547,18.481]]}},{"type":"Feature","properties":{"highway":"primary"},"geometry":{"type":"LineString","coordinates":[[-69.8271,18.5245],[-69.8515,18.5094],[-69.8567,18.5051]]}},{"type":"Feature","properties":{"highway":"primary"},"geometry":{"type":"LineString","coordinates":[[-69.8567,18.505],[-69.8517,18.5092],[-69.8271,18.5245]]}},{"type":"Feature","properties":{"highway":"primary"},"geometry":{"type":"LineString","coordinates":[[-69.8546,18.481],[-69.8545,18.4837],[-69.8499,18.4905],[-69.8529,18.5008],[-69.8567,18.505]]}},{"type":"Feature","properties":{"highway":"primary"},"geometry":{"type":"LineString","coordinates":[[-69.7785,18.5016],[-69.8378,18.4861],[-69.8553,18.4836]]}},{"type":"Feature","properties":{"highway":"primary"},"geometry":{"type":"LineString","coordinates":[[-69.8552,18.4835],[-69.8377,18.486],[-69.7785,18.5015]]}},{"type":"Feature","properties":{"highway":"primary"},"geometry":{"type":"LineString","coordinates":[[-69.7271,19.256],[-69.7336,19.2566],[-69.7806,19.2528],[-69.7832,19.2599],[-69.7866,19.2634],[-69.7879,19.2667],[-69.7867,19.2714],[-69.7841,19.2745],[-69.786,19.2825],[-69.7817,19.2922],[-69.7815,19.2971],[-69.7825,19.2994],[-69.7888,19.3047],[-69.79,19.3068],[-69.7903,19.3104],[-69.7976,19.3176],[-69.8032,19.3264],[-69.8059,19.3288],[-69.8085,19.3364],[-69.8149,19.3403],[-69.8172,19.3511],[-69.8233,19.3513],[-69.8268,19.3564],[-69.8432,19.3703],[-69.8488,19.3694],[-69.8504,19.3675]]}},{"type":"Feature","properties":{"highway":"primary"},"geometry":{"type":"LineString","coordinates":[[-69.6489,18.4292],[-69.6513,18.4339],[-69.6534,18.446],[-69.653,18.4549],[-69.6536,18.457],[-69.681,18.484],[-69.6855,18.4864],[-69.7003,18.4871],[-69.7325,18.4857],[-69.7433,18.4844],[-69.7686,18.4841],[-69.7829,18.483],[-69.8119,18.4829],[-69.8165,18.4842],[-69.8231,18.483],[-69.843,18.4843],[-69.8467,18.4853]]}},{"type":"Feature","properties":{"highway":"primary"},"geometry":{"type":"LineString","coordinates":[[-69.8461,18.4849],[-69.8231,18.4829],[-69.8165,18.484],[-69.8119,18.4827],[-69.7855,18.4828],[-69.7686,18.4839],[-69.7487,18.4837],[-69.7299,18.4856],[-69.6955,18.4871],[-69.6856,18.4862],[-69.6805,18.483],[-69.6539,18.4569],[-69.6536,18.4463],[-69.6514,18.4338],[-69.6492,18.429]]}},{"type":"Feature","properties":{"highway":"primary"},"geometry":{"type":"LineString","coordinates":[[-69.35,18.4973],[-69.3854,18.483],[-69.4198,18.4777],[-69.4441,18.4834],[-69.4647,18.486],[-69.4833,18.4819],[-69.5028,18.4814],[-69.5143,18.4749],[-69.5365,18.4745],[-69.5604,18.4767],[-69.5666,18.4808],[-69.5741,18.483],[-69.5877,18.4896],[-69.5939,18.4952],[-69.6096,18.5016],[-69.613,18.505],[-69.6353,18.5103],[-69.6413,18.5171],[-69.6761,18.5251],[-69.6894,18.5211],[-69.7091,18.5132],[-69.7274,18.5158],[-69.7367,18.5201],[-69.7449,18.5276],[-69.755,18.5266],[-69.7759,18.5269],[-69.7948,18.533],[-69.8155,18.5332],[-69.8271,18.5245]]}},{"type":"Feature","properties":{"highway":"primary"},"geometry":{"type":"LineString","coordinates":[[-69.7917,18.944],[-69.7923,18.9458],[-69.7916,18.9468],[-69.7854,18.9518],[-69.7793,18.9552],[-69.7763,18.9557],[-69.7707,18.962],[-69.7655,18.9632],[-69.7635,18.9623]]}},{"type":"Feature","properties":{"highway":"primary"},"geometry":{"type":"LineString","coordinates":[[-69.7917,18.944],[-69.7895,18.9417],[-69.7883,18.9387],[-69.7889,18.9333],[-69.7849,18.9268],[-69.777,18.9209],[-69.7758,18.9189],[-69.7762,18.9164],[-69.7751,18.9139],[-69.7703,18.9097],[-69.7688,18.9045],[-69.7684,18.8978],[-69.7618,18.8884],[-69.7616,18.8855],[-69.7592,18.8823],[-69.7597,18.8788],[-69.7583,18.8747],[-69.7589,18.873],[-69.7569,18.8639],[-69.7583,18.8549],[-69.7641,18.8504],[-69.7654,18.8485],[-69.7743,18.8475],[-69.7897,18.8376],[-69.7915,18.8357],[-69.7912,18.8296],[-69.7946,18.8214],[-69.7939,18.8185],[-69.7919,18.8162],[-69.7868,18.8123],[-69.7842,18.8119],[-69.7843,18.8077],[-69.7824,18.8055],[-69.7802,18.7994],[-69.7774,18.7961],[-69.7767,18.7911],[-69.7737,18.788],[-69.7713,18.7872],[-69.7716,18.7835],[-69.7663,18.7729],[-69.7618,18.7677],[-69.7493,18.7683],[-69.7442,18.7705],[-69.7347,18.7769],[-69.7178,18.778],[-69.7108,18.7712],[-69.7073,18.7696],[-69.7014,18.7699],[-69.6947,18.7672],[-69.6929,18.7645],[-69.6794,18.7651],[-69.6637,18.7595],[-69.6556,18.7624],[-69.6459,18.76],[-69.64,18.7572],[-69.6382,18.7577],[-69.6361,18.7519]]}},{"type":"Feature","properties":{"highway":"primary"},"geometry":{"type":"LineString","coordinates":[[-69.7782,18.4767],[-69.7789,18.4757],[-69.7789,18.4656]]}},{"type":"Feature","properties":{"highway":"primary"},"geometry":{"type":"LineString","coordinates":[[-69.7787,18.4656],[-69.7775,18.4758]]}},{"type":"Feature","properties":{"highway":"primary"},"geometry":{"type":"LineString","coordinates":[[-69.7785,18.5015],[-69.7813,18.5159],[-69.7851,18.5193],[-69.7932,18.5204],[-69.7943,18.5299],[-69.7958,18.533],[-69.7944,18.5299],[-69.7934,18.5205],[-69.7846,18.5189],[-69.7811,18.5149],[-69.7776,18.4925],[-69.7784,18.4871],[-69.7782,18.4767]]}},{"type":"Feature","properties":{"highway":"primary"},"geometry":{"type":"LineString","coordinates":[[-69.7781,18.4758],[-69.7783,18.4872],[-69.7775,18.4918],[-69.7785,18.5015]]}},{"type":"Feature","properties":{"highway":"primary"},"geometry":{"type":"LineString","coordinates":[[-69.7428,18.5262],[-69.7351,18.5328],[-69.7277,18.5349],[-69.722,18.5382],[-69.7184,18.5431],[-69.7145,18.5459],[-69.7122,18.5497],[-69.7026,18.557]]}},{"type":"Feature","properties":{"highway":"primary"},"geometry":{"type":"LineString","coordinates":[[-69.3434,19.2046],[-69.3545,19.2081],[-69.3557,19.2127],[-69.3571,19.2134],[-69.363,19.2086],[-69.3654,19.2034],[-69.3689,19.2002],[-69.3763,19.1967],[-69.3835,19.1965],[-69.4167,19.2006],[-69.4248,19.2001],[-69.4341,19.2039],[-69.4416,19.2018],[-69.4464,19.2019],[-69.4504,19.204],[-69.4547,19.2098],[-69.4593,19.2111],[-69.4666,19.2112],[-69.4725,19.2137],[-69.479,19.214],[-69.488,19.2192],[-69.4909,19.2182],[-69.4969,19.2188],[-69.5061,19.2222],[-69.5123,19.2223],[-69.515,19.2215],[-69.518,19.2184],[-69.5208,19.2179],[-69.5348,19.2232],[-69.5434,19.2251],[-69.552,19.2249],[-69.5563,19.2267],[-69.5886,19.2275],[-69.5947,19.2308],[-69.6008,19.2316],[-69.6075,19.2346],[-69.6125,19.2333],[-69.6151,19.2343],[-69.6168,19.2335],[-69.6255,19.2338],[-69.6309,19.2355],[-69.6385,19.2399],[-69.6503,19.2408],[-69.6603,19.2434],[-69.6631,19.2432],[-69.6721,19.2472],[-69.6785,19.2516],[-69.6883,19.2518],[-69.6923,19.2549],[-69.6977,19.253],[-69.725,19.2558]]}},{"type":"Feature","properties":{"highway":"primary"},"geometry":{"type":"LineString","coordinates":[[-69.6975,18.5599],[-69.6919,18.5725],[-69.6892,18.5746],[-69.6875,18.5778],[-69.6873,18.5951],[-69.6863,18.5987],[-69.6795,18.6093],[-69.6775,18.612],[-69.6562,18.6289],[-69.6511,18.6298],[-69.6491,18.6315],[-69.634,18.6587],[-69.6323,18.6689],[-69.6278,18.6829],[-69.6333,18.6925],[-69.632,18.7076],[-69.6291,18.7125],[-69.6277,18.7267],[-69.6316,18.7381],[-69.6301,18.7433],[-69.6361,18.7519]]}},{"type":"Feature","properties":{"highway":"primary"},"geometry":{"type":"LineString","coordinates":[[-69.6816,18.4472],[-69.6814,18.4373],[-69.6793,18.4289]]}},{"type":"Feature","properties":{"highway":"primary"},"geometry":{"type":"LineString","coordinates":[[-69.6802,18.4318],[-69.6815,18.4397],[-69.6805,18.4475]]}},{"type":"Feature","properties":{"highway":"primary"},"geometry":{"type":"LineString","coordinates":[[-69.2525,18.7638],[-69.2548,18.763],[-69.2558,18.7657],[-69.274,18.7864],[-69.2814,18.7916],[-69.2806,18.794],[-69.2826,18.803],[-69.2864,18.8068],[-69.291,18.8082],[-69.2927,18.8073],[-69.2967,18.8121],[-69.2969,18.8151],[-69.299,18.82],[-69.3009,18.8216],[-69.2983,18.8246],[-69.3013,18.8257],[-69.3009,18.8271],[-69.2993,18.8279],[-69.3024,18.8312],[-69.3021,18.8336],[-69.3081,18.8369],[-69.3084,18.842],[-69.3095,18.8439],[-69.3121,18.846],[-69.3149,18.8467],[-69.3169,18.8495],[-69.3251,18.8539],[-69.3274,18.8602],[-69.332,18.8623],[-69.3321,18.8664],[-69.3342,18.869],[-69.3351,18.8747],[-69.337,18.8767],[-69.3374,18.8833],[-69.3364,18.8857],[-69.3384,18.8857],[-69.3403,18.8873],[-69.3413,18.8862],[-69.352,18.8869],[-69.3524,18.8881],[-69.3509,18.8885],[-69.3528,18.8917],[-69.3554,18.8906],[-69.3585,18.8907],[-69.361,18.8914],[-69.3637,18.8938],[-69.3639,18.8954],[-69.3626,18.8971],[-69.3649,18.8987],[-69.3656,18.9007],[-69.3646,18.9059],[-69.366,18.9086],[-69.3655,18.9131],[-69.3662,18.9154],[-69.3683,18.9179],[-69.3717,18.9191],[-69.3724,18.9203],[-69.3747,18.9205],[-69.3764,18.9253],[-69.3752,18.933],[-69.3763,18.9419],[-69.3777,18.9455],[-69.375,18.9524],[-69.3771,18.9568],[-69.3756,18.9605],[-69.3758,18.965],[-69.3748,18.9679],[-69.3769,18.9722],[-69.3792,18.981],[-69.3827,18.9855],[-69.3834,18.9894],[-69.3856,18.9925],[-69.3876,18.9935],[-69.3896,18.9994],[-69.3882,19.0061],[-69.3875,19.0073],[-69.3851,19.008],[-69.3833,19.0111],[-69.382,19.0168],[-69.3824,19.0195],[-69.3793,19.024],[-69.3853,19.0314],[-69.3859,19.0348],[-69.3901,19.0404],[-69.3887,19.0467]]}},{"type":"Feature","properties":{"highway":"primary"},"geometry":{"type":"LineString","coordinates":[[-69.0495,18.9842],[-69.0527,18.9849],[-69.0613,18.9838],[-69.0683,18.984],[-69.0714,18.9835],[-69.0747,18.9813],[-69.0833,18.9821],[-69.0922,18.9873],[-69.0999,18.9863],[-69.1072,18.987],[-69.1141,18.99],[-69.1266,18.9886],[-69.156,18.9917],[-69.1666,18.997],[-69.1722,18.9961],[-69.1816,18.9913],[-69.1849,18.9914],[-69.1902,18.9866],[-69.1969,18.9884],[-69.2015,18.9862],[-69.2073,18.986],[-69.2159,18.9886],[-69.2242,18.9891],[-69.2271,18.9913],[-69.2312,18.9972],[-69.2549,19.0064],[-69.262,19.0139],[-69.2653,19.0152],[-69.2676,19.0194],[-69.2763,19.0234],[-69.2779,19.0261],[-69.281,19.0276],[-69.288,19.027],[-69.3014,19.0325],[-69.3049,19.0323],[-69.3101,19.0297],[-69.3269,19.0337],[-69.3358,19.0347],[-69.3441,19.0307],[-69.3613,19.0383],[-69.3776,19.05],[-69.388,19.0533]]}},{"type":"Feature","properties":{"highway":"primary"},"geometry":{"type":"LineString","coordinates":[[-69.3355,18.5031],[-69.3397,18.5039],[-69.3455,18.4995]]}},{"type":"Feature","properties":{"highway":"primary"},"geometry":{"type":"LineString","coordinates":[[-69.326,19.2022],[-69.3286,19.202],[-69.334,19.2038],[-69.3372,19.2027]]}},{"type":"Feature","properties":{"highway":"primary"},"geometry":{"type":"LineString","coordinates":[[-69.3371,19.2024],[-69.3341,19.2037],[-69.3286,19.2019],[-69.326,19.202]]}},{"type":"Feature","properties":{"highway":"primary"},"geometry":{"type":"LineString","coordinates":[[-69.3155,18.4602],[-69.3182,18.4511],[-69.3196,18.4496],[-69.3304,18.4538]]}},{"type":"Feature","properties":{"highway":"primary"},"geometry":{"type":"LineString","coordinates":[[-69.3302,18.4536],[-69.3214,18.4496],[-69.3195,18.4496],[-69.3182,18.4509],[-69.3164,18.4586],[-69.3154,18.4599]]}},{"type":"Feature","properties":{"highway":"primary"},"geometry":{"type":"LineString","coordinates":[[-69.3051,18.4627],[-69.3151,18.4604]]}},{"type":"Feature","properties":{"highway":"primary"},"geometry":{"type":"LineString","coordinates":[[-69.315,18.4601],[-69.3051,18.4627]]}},{"type":"Feature","properties":{"highway":"primary"},"geometry":{"type":"LineString","coordinates":[[-69.3051,18.4627],[-69.3019,18.4632],[-69.2993,18.4653],[-69.2969,18.4651],[-69.296,18.4641]]}},{"type":"Feature","properties":{"highway":"primary"},"geometry":{"type":"LineString","coordinates":[[-69.296,18.4641],[-69.2968,18.4651],[-69.2994,18.4654],[-69.3018,18.4633],[-69.3051,18.4627]]}},{"type":"Feature","properties":{"highway":"primary"},"geometry":{"type":"LineString","coordinates":[[-69.3051,18.4627],[-69.3047,18.4664],[-69.3076,18.4734],[-69.3071,18.4784],[-69.3045,18.4848],[-69.303,18.5096],[-69.3045,18.5167],[-69.298,18.5258],[-69.2918,18.5569],[-69.2796,18.5646],[-69.2779,18.5725],[-69.2764,18.5747],[-69.2676,18.5792],[-69.2612,18.5951],[-69.2601,18.6101],[-69.2646,18.6171],[-69.265,18.6215],[-69.2675,18.6244],[-69.2675,18.6302],[-69.2697,18.6357],[-69.2676,18.6501],[-69.2631,18.6598],[-69.2676,18.6794],[-69.2649,18.6909],[-69.2599,18.6981],[-69.2565,18.708],[-69.2491,18.7178],[-69.2437,18.7313],[-69.2422,18.7395],[-69.2388,18.746],[-69.2422,18.7562],[-69.2511,18.7609],[-69.2525,18.7638]]}},{"type":"Feature","properties":{"highway":"primary"},"geometry":{"type":"LineString","coordinates":[[-69.254,18.4566],[-69.2608,18.4571],[-69.2796,18.4607],[-69.2916,18.4572],[-69.296,18.4641]]}},{"type":"Feature","properties":{"highway":"primary"},"geometry":{"type":"LineString","coordinates":[[-69.049,18.7675],[-69.0655,18.7707],[-69.0686,18.7698],[-69.0826,18.7702],[-69.1392,18.7675],[-69.1549,18.7698],[-69.1837,18.7686],[-69.209,18.7734],[-69.2139,18.7752],[-69.2282,18.776],[-69.2371,18.7744],[-69.2455,18.7696],[-69.2502,18.7649],[-69.2523,18.7642]]}},{"type":"Feature","properties":{"highway":"primary"},"geometry":{"type":"LineString","coordinates":[[-69.0392,18.7682],[-69.049,18.7675]]}},{"type":"Feature","properties":{"highway":"primary"},"geometry":{"type":"LineString","coordinates":[[-69.049,18.7675],[-69.0391,18.7681]]}},{"type":"Feature","properties":{"highway":"primary"},"geometry":{"type":"LineString","coordinates":[[-68.9942,18.4324],[-69.0258,18.4432],[-69.0464,18.4434]]}},{"type":"Feature","properties":{"highway":"primary"},"geometry":{"type":"LineString","coordinates":[[-68.8884,18.9658],[-68.8959,18.9682],[-68.8981,18.9665],[-68.9007,18.9666],[-68.9065,18.9704],[-68.9082,18.9743],[-68.9139,18.9706],[-68.9305,18.9755],[-68.9347,18.9711],[-68.9375,18.9727],[-68.9452,18.9703],[-68.9546,18.9712],[-68.9565,18.9702],[-68.961,18.9646],[-68.968,18.9613],[-68.9711,18.9622],[-68.9743,18.9598],[-68.9805,18.9623],[-68.9894,18.9561],[-69.0036,18.9557],[-69.0056,18.9569],[-69.0089,18.9639],[-69.011,18.9646],[-69.0196,18.9642],[-69.0225,18.9685],[-69.031,18.9722],[-69.0351,18.9768],[-69.0415,18.9799],[-69.0452,18.9839]]}},{"type":"Feature","properties":{"highway":"primary"},"geometry":{"type":"LineString","coordinates":[[-69.039,18.7681],[-69.0372,18.7661],[-69.0363,18.7609],[-69.0323,18.7562]]}},{"type":"Feature","properties":{"highway":"primary"},"geometry":{"type":"LineString","coordinates":[[-69.0323,18.7562],[-69.0362,18.761],[-69.0371,18.7662],[-69.0389,18.7682]]}},{"type":"Feature","properties":{"highway":"primary"},"geometry":{"type":"LineString","coordinates":[[-68.7235,18.6182],[-68.7297,18.6235],[-68.7374,18.6269],[-68.7451,18.6257],[-68.7624,18.6304],[-68.7688,18.6297],[-68.7748,18.6308],[-68.7789,18.6305],[-68.7856,18.6266],[-68.7908,18.6263],[-68.8026,18.6229],[-68.807,18.6232],[-68.8178,18.6321],[-68.8321,18.6378],[-68.8415,18.6479],[-68.8441,18.6488],[-68.854,18.6566],[-68.8696,18.6668],[-68.8809,18.6727],[-68.8883,18.6724],[-68.8932,18.6664],[-68.8963,18.666],[-68.9224,18.6788],[-68.9296,18.6808],[-68.941,18.6821],[-68.9435,18.6848],[-68.9449,18.6893],[-68.9484,18.6937],[-68.9531,18.7033],[-68.9634,18.7131],[-68.9655,18.7176],[-68.9703,18.7207],[-68.9778,18.7324],[-68.9961,18.7529],[-69.004,18.7561],[-69.01,18.7566],[-69.02,18.7534],[-69.027,18.7532],[-69.0323,18.7562]]}},{"type":"Feature","properties":{"highway":"primary"},"geometry":{"type":"LineString","coordinates":[[-68.992,18.4323],[-68.9909,18.4206],[-68.9834,18.4203],[-68.979,18.4161],[-68.9748,18.4161]]}},{"type":"Feature","properties":{"highway":"primary"},"geometry":{"type":"LineString","coordinates":[[-68.9748,18.4161],[-68.9789,18.4162],[-68.9834,18.4204],[-68.9909,18.4207],[-68.9919,18.4322]]}},{"type":"Feature","properties":{"highway":"primary"},"geometry":{"type":"LineString","coordinates":[[-68.9898,18.4324],[-68.9869,18.4322],[-68.9786,18.4294],[-68.9702,18.4331]]}},{"type":"Feature","properties":{"highway":"primary"},"geometry":{"type":"LineString","coordinates":[[-68.9699,18.4175],[-68.9697,18.4308],[-68.9707,18.4328]]}},{"type":"Feature","properties":{"highway":"primary"},"geometry":{"type":"LineString","coordinates":[[-68.9693,18.4344],[-68.9685,18.4368],[-68.9694,18.4442],[-68.98,18.4604],[-68.9832,18.4635],[-68.9859,18.4733],[-68.9859,18.4776],[-68.9962,18.4847],[-69.0009,18.4892],[-69.0014,18.4971],[-69.0027,18.5007],[-69.0123,18.5011],[-69.0134,18.5018],[-69.0142,18.5051],[-69.0148,18.5365],[-68.9799,18.5862],[-68.9782,18.587],[-68.965,18.5875],[-68.9633,18.5894],[-68.9649,18.6426],[-68.971,18.6538],[-68.9722,18.6594],[-68.9702,18.6622],[-68.9718,18.6679],[-68.9711,18.6731],[-68.9697,18.676],[-68.9629,18.6776],[-68.9594,18.6817],[-68.9553,18.689],[-68.9544,18.697],[-68.952,18.7004]]}},{"type":"Feature","properties":{"highway":"primary"},"geometry":{"type":"LineString","coordinates":[[-68.969,18.4332],[-68.9687,18.418]]}},{"type":"Feature","properties":{"highway":"primary"},"geometry":{"type":"LineString","coordinates":[[-68.94,18.445],[-68.9487,18.4272],[-68.9491,18.4221],[-68.9538,18.4207]]}},{"type":"Feature","properties":{"highway":"primary"},"geometry":{"type":"LineString","coordinates":[[-68.8827,18.9652],[-68.8761,18.9667],[-68.8644,18.962],[-68.8594,18.9622],[-68.8471,18.9596],[-68.8335,18.9588],[-68.8294,18.9555],[-68.8219,18.9544],[-68.8125,18.9507],[-68.8036,18.9502],[-68.7992,18.9452],[-68.7969,18.944],[-68.7812,18.9441],[-68.7722,18.9406],[-68.7671,18.9402],[-68.7614,18.9423],[-68.7484,18.9376],[-68.7429,18.9329]]}},{"type":"Feature","properties":{"highway":"primary"},"geometry":{"type":"LineString","coordinates":[[-68.7404,18.9311],[-68.7317,18.9274],[-68.7209,18.9202],[-68.7162,18.9158],[-68.692,18.8828],[-68.6873,18.8676]]}},{"type":"Feature","properties":{"highway":"primary"},"geometry":{"type":"LineString","coordinates":[[-68.7179,18.5902],[-68.7225,18.5776]]}},{"type":"Feature","properties":{"highway":"primary"},"geometry":{"type":"LineString","coordinates":[[-68.7221,18.5767],[-68.7172,18.565],[-68.7154,18.5546],[-68.7198,18.5432]]}},{"type":"Feature","properties":{"highway":"primary"},"geometry":{"type":"LineString","coordinates":[[-68.722,18.5776],[-68.7179,18.5902]]}},{"type":"Feature","properties":{"highway":"primary"},"geometry":{"type":"LineString","coordinates":[[-68.7217,18.6169],[-68.7152,18.6124],[-68.7143,18.6055]]}},{"type":"Feature","properties":{"highway":"primary"},"geometry":{"type":"LineString","coordinates":[[-68.715,18.6033],[-68.7179,18.5902]]}},{"type":"Feature","properties":{"highway":"primary"},"geometry":{"type":"LineString","coordinates":[[-68.6834,18.8655],[-68.6812,18.8634],[-68.6749,18.8502],[-68.6637,18.8425],[-68.6627,18.8312],[-68.6679,18.8259],[-68.6696,18.8194],[-68.6567,18.7987],[-68.6327,18.7857],[-68.6195,18.7774],[-68.614,18.775],[-68.6053,18.7737],[-68.5785,18.775]]}},{"type":"Feature","properties":{"highway":"primary"},"geometry":{"type":"LineString","coordinates":[[-68.5714,18.7736],[-68.5513,18.7615]]}},{"type":"Feature","properties":{"highway":"primary"},"geometry":{"type":"LineString","coordinates":[[-68.5464,18.7583],[-68.5404,18.7547],[-68.5297,18.7509]]}},{"type":"Feature","properties":{"highway":"primary"},"geometry":{"type":"LineString","coordinates":[[-68.5277,18.7501],[-68.5221,18.7465],[-68.506,18.7328],[-68.4949,18.7264]]}},{"type":"Feature","properties":{"highway":"primary"},"geometry":{"type":"LineString","coordinates":[[-68.4121,18.4797],[-68.4095,18.4841],[-68.4093,18.4907],[-68.402,18.5017],[-68.3936,18.5092],[-68.3893,18.5097],[-68.3855,18.5082]]}},{"type":"Feature","properties":{"highway":"primary"},"geometry":{"type":"LineString","coordinates":[[-68.3855,18.5083],[-68.3893,18.5098],[-68.3937,18.5093],[-68.4013,18.5027],[-68.4094,18.4908],[-68.4103,18.4834],[-68.4088,18.4823]]}},{"type":"Feature","properties":{"highway":"primary"},"geometry":{"type":"LineString","coordinates":[[-68.388,18.5584],[-68.3727,18.56]]}},{"type":"Feature","properties":{"highway":"primary"},"geometry":{"type":"LineString","coordinates":[[-68.3727,18.5602],[-68.3879,18.5593]]}},{"type":"Feature","properties":{"highway":"trunk"},"geometry":{"type":"LineString","coordinates":[[-71.6589,17.9026],[-71.6475,17.9096],[-71.6451,17.9136],[-71.6437,17.9189],[-71.6362,17.922],[-71.6345,17.9246],[-71.6348,17.9265],[-71.6403,17.9363],[-71.6506,17.9614],[-71.6509,17.9752]]}},{"type":"Feature","properties":{"highway":"trunk"},"geometry":{"type":"LineString","coordinates":[[-71.6509,17.9752],[-71.6499,17.9915],[-71.6463,18.0006],[-71.6477,18.0294],[-71.6431,18.0365],[-71.6378,18.0505],[-71.6387,18.0595],[-71.6536,18.0742],[-71.6539,18.0775],[-71.6528,18.0794],[-71.6454,18.0906],[-71.6432,18.0922],[-71.6329,18.1051],[-71.6283,18.1066],[-71.6233,18.1049],[-71.6227,18.1062],[-71.6235,18.1076],[-71.62,18.1069],[-71.6214,18.1123],[-71.6198,18.1134],[-71.6115,18.1115],[-71.6163,18.1172],[-71.6179,18.1218],[-71.6164,18.1221],[-71.6145,18.1204],[-71.6045,18.1203],[-71.5993,18.1222],[-71.597,18.121],[-71.5903,18.1225],[-71.5709,18.1206],[-71.5673,18.1224],[-71.5634,18.126],[-71.5599,18.1266],[-71.554,18.1296]]}},{"type":"Feature","properties":{"highway":"trunk"},"geometry":{"type":"LineString","coordinates":[[-71.6509,17.9752],[-71.6513,17.9627],[-71.6406,17.9366],[-71.6363,17.929],[-71.6357,17.9235],[-71.6367,17.922],[-71.6432,17.9195],[-71.6477,17.9097],[-71.6551,17.9056],[-71.6598,17.9012],[-71.6585,17.8992],[-71.6489,17.8999],[-71.6457,17.8977],[-71.6434,17.8898],[-71.643,17.8791],[-71.6444,17.8759]]}},{"type":"Feature","properties":{"highway":"trunk"},"geometry":{"type":"LineString","coordinates":[[-70.704,18.4398],[-70.713,18.4374],[-70.7154,18.4342],[-70.7161,18.4286],[-70.7183,18.4246],[-70.7231,18.4213],[-70.7274,18.4206],[-70.7524,18.4235],[-70.7667,18.4291],[-70.7758,18.4384],[-70.7966,18.4432],[-70.7991,18.4448],[-70.8024,18.4493],[-70.8074,18.4507]]}},{"type":"Feature","properties":{"highway":"trunk"},"geometry":{"type":"LineString","coordinates":[[-70.7198,19.4896],[-70.7156,19.4887],[-70.7091,19.4831],[-70.6953,19.4751],[-70.6917,19.4712],[-70.6876,19.4695],[-70.6851,19.4528]]}},{"type":"Feature","properties":{"highway":"trunk"},"geometry":{"type":"LineString","coordinates":[[-70.685,19.4528],[-70.6874,19.4694],[-70.6916,19.4713],[-70.6953,19.4753],[-70.709,19.4831],[-70.7156,19.4888],[-70.7195,19.4897]]}},{"type":"Feature","properties":{"highway":"trunk"},"geometry":{"type":"LineString","coordinates":[[-70.2683,18.2564],[-70.2733,18.2531],[-70.3041,18.25],[-70.3131,18.2434],[-70.3155,18.2427],[-70.3321,18.2425],[-70.3535,18.2491],[-70.3754,18.254],[-70.3772,18.2557],[-70.3797,18.2612],[-70.3947,18.3074],[-70.3972,18.3121],[-70.3992,18.3137]]}},{"type":"Feature","properties":{"highway":"trunk"},"geometry":{"type":"LineString","coordinates":[[-70.2653,18.2587],[-70.2611,18.2649],[-70.2587,18.2664],[-70.2146,18.2768],[-70.2109,18.2768]]}},{"type":"Feature","properties":{"highway":"trunk"},"geometry":{"type":"LineString","coordinates":[[-70.2109,18.2769],[-70.2147,18.2769],[-70.2591,18.2664],[-70.2614,18.2647],[-70.2649,18.2593],[-70.2675,18.2578],[-70.2798,18.2566],[-70.2858,18.258],[-70.2801,18.2565],[-70.2692,18.2574],[-70.2668,18.2568],[-70.2653,18.2587]]}},{"type":"Feature","properties":{"highway":"trunk"},"geometry":{"type":"LineString","coordinates":[[-70.0345,18.5086],[-70.0548,18.516],[-70.0611,18.5161]]}},{"type":"Feature","properties":{"highway":"trunk"},"geometry":{"type":"LineString","coordinates":[[-70.061,18.516],[-70.0548,18.5159],[-70.0346,18.5084]]}},{"type":"Feature","properties":{"highway":"trunk"},"geometry":{"type":"LineString","coordinates":[[-70.0343,18.5082],[-70.0268,18.5092],[-70.0189,18.5168],[-70.0154,18.5178]]}},{"type":"Feature","properties":{"highway":"trunk"},"geometry":{"type":"LineString","coordinates":[[-70.0154,18.5179],[-70.019,18.5169],[-70.0267,18.5095],[-70.0325,18.5081],[-70.0342,18.5085]]}},{"type":"Feature","properties":{"highway":"trunk"},"geometry":{"type":"LineString","coordinates":[[-69.9649,18.5802],[-69.9789,18.5689]]}},{"type":"Feature","properties":{"highway":"trunk"},"geometry":{"type":"LineString","coordinates":[[-69.9788,18.5688],[-69.9647,18.5801]]}},{"type":"Feature","properties":{"highway":"trunk"},"geometry":{"type":"LineString","coordinates":[[-69.908,18.4816],[-69.9338,18.483],[-69.9398,18.4844],[-69.9468,18.4825],[-69.9547,18.4819],[-69.9684,18.479],[-69.9711,18.4798],[-69.9749,18.4833]]}},{"type":"Feature","properties":{"highway":"trunk"},"geometry":{"type":"LineString","coordinates":[[-69.9749,18.4831],[-69.9713,18.4798],[-69.9683,18.4789],[-69.9545,18.4818],[-69.9456,18.4824],[-69.9395,18.4843],[-69.9336,18.4829],[-69.9083,18.4815]]}},{"type":"Feature","properties":{"highway":"trunk"},"geometry":{"type":"LineString","coordinates":[[-69.9744,18.4488],[-69.973,18.4497],[-69.964,18.4509]]}},{"type":"Feature","properties":{"highway":"trunk"},"geometry":{"type":"LineString","coordinates":[[-69.9641,18.451],[-69.9688,18.4499],[-69.9742,18.4507]]}},{"type":"Feature","properties":{"highway":"trunk"},"geometry":{"type":"LineString","coordinates":[[-69.9567,18.5885],[-69.9647,18.5804]]}},{"type":"Feature","properties":{"highway":"trunk"},"geometry":{"type":"LineString","coordinates":[[-69.9645,18.5802],[-69.9566,18.5884]]}},{"type":"Feature","properties":{"highway":"trunk"},"geometry":{"type":"LineString","coordinates":[[-69.894,18.4646],[-69.8989,18.4617],[-69.9164,18.4556],[-69.9209,18.4531],[-69.9262,18.4447],[-69.9341,18.439],[-69.9476,18.434],[-69.9708,18.4272],[-69.9804,18.4268],[-69.9871,18.4245],[-69.9914,18.4245],[-70.0147,18.436],[-70.0191,18.4354],[-70.0281,18.4301],[-70.019,18.4353],[-70.0151,18.4359],[-69.9915,18.4244],[-69.9869,18.4244],[-69.9805,18.4266],[-69.9708,18.4271],[-69.9463,18.4342],[-69.9344,18.4388],[-69.9258,18.4449],[-69.9208,18.453],[-69.9161,18.4556],[-69.8992,18.4615],[-69.894,18.4645]]}},{"type":"Feature","properties":{"highway":"trunk"},"geometry":{"type":"LineString","coordinates":[[-69.7275,18.489],[-69.7659,18.5555],[-69.7684,18.5661],[-69.7689,18.5838],[-69.771,18.5986],[-69.7702,18.6058],[-69.7686,18.611],[-69.7489,18.6559],[-69.7436,18.6633],[-69.7424,18.6665],[-69.7427,18.6698],[-69.7493,18.6912],[-69.7535,18.7013],[-69.756,18.7122],[-69.7601,18.7203],[-69.761,18.7298],[-69.7661,18.7499],[-69.763,18.7611],[-69.7398,18.7819],[-69.7386,18.7843],[-69.7425,18.8],[-69.7347,18.8209],[-69.7418,18.838],[-69.7408,18.8404],[-69.7338,18.8467],[-69.7284,18.854],[-69.7249,18.8731],[-69.7319,18.8855],[-69.7343,18.8871],[-69.7366,18.8904],[-69.7443,18.8965],[-69.7457,18.9033],[-69.7442,18.9083],[-69.7336,18.919],[-69.7339,18.928],[-69.736,18.9337],[-69.7381,18.9363],[-69.7451,18.939],[-69.748,18.9441],[-69.755,18.9493],[-69.7583,18.9561],[-69.7651,18.9639],[-69.7983,18.9789],[-69.8113,18.9881],[-69.8227,19.0065],[-69.8228,19.0245],[-69.8292,19.0413],[-69.8331,19.0474],[-69.8322,19.0499],[-69.8339,19.0535],[-69.8333,19.0546],[-69.8302,19.0556],[-69.8299,19.0583],[-69.8277,19.059],[-69.8272,19.0608],[-69.8289,19.0629],[-69.8291,19.0651],[-69.8272,19.0695],[-69.8304,19.0738],[-69.8275,19.0767],[-69.8288,19.0797],[-69.8283,19.0813],[-69.833,19.0884],[-69.8309,19.1038],[-69.8341,19.1086],[-69.8343,19.1274],[-69.8353,19.1332],[-69.8352,19.1396],[-69.8312,19.1449],[-69.8342,19.1708],[-69.832,19.19],[-69.8239,19.2074],[-69.8167,19.2144],[-69.8147,19.2178],[-69.8075,19.2208],[-69.8042,19.2235],[-69.798,19.226],[-69.7951,19.2282],[-69.7936,19.2346],[-69.785,19.2522],[-69.7839,19.2537],[-69.7815,19.2547]]}},{"type":"Feature","properties":{"highway":"trunk"},"geometry":{"type":"LineString","coordinates":[[-69.7256,19.2564],[-69.7138,19.2701],[-69.7119,19.2712],[-69.705,19.2696],[-69.6999,19.2699],[-69.6948,19.2681],[-69.6903,19.2694],[-69.6881,19.2687],[-69.6841,19.2719],[-69.6758,19.2734],[-69.6717,19.2766],[-69.6689,19.276],[-69.6672,19.2805],[-69.6619,19.2854],[-69.6596,19.2863],[-69.6526,19.2862],[-69.6513,19.2894],[-69.6472,19.2908],[-69.6426,19.2921],[-69.6323,19.2908],[-69.6266,19.2919],[-69.6239,19.2905],[-69.617,19.2898],[-69.6147,19.2911],[-69.609,19.2916],[-69.6075,19.2937]]}},{"type":"Feature","properties":{"highway":"trunk"},"geometry":{"type":"LineString","coordinates":[[-69.7246,18.4597],[-69.7247,18.4812]]}},{"type":"Feature","properties":{"highway":"trunk"},"geometry":{"type":"LineString","coordinates":[[-69.6071,19.2931],[-69.5928,19.2901],[-69.5899,19.2924],[-69.5864,19.2922],[-69.5819,19.2936],[-69.5756,19.2935],[-69.5721,19.2957],[-69.568,19.2959],[-69.5664,19.2991],[-69.5625,19.3024],[-69.5582,19.3034],[-69.5561,19.306],[-69.5532,19.3071],[-69.5507,19.3064],[-69.5495,19.3045]]}},{"type":"Feature","properties":{"highway":"trunk"},"geometry":{"type":"LineString","coordinates":[[-69.3795,18.4342],[-69.395,18.4338],[-69.4228,18.4262],[-69.4431,18.4244],[-69.4805,18.4139]]}},{"type":"Feature","properties":{"highway":"trunk"},"geometry":{"type":"LineString","coordinates":[[-69.4805,18.4138],[-69.4433,18.4242],[-69.4228,18.4261],[-69.3949,18.4337],[-69.3795,18.4342]]}},{"type":"Feature","properties":{"highway":"trunk"},"geometry":{"type":"LineString","coordinates":[[-68.3883,18.5598],[-68.3875,18.5697],[-68.3842,18.574],[-68.3835,18.5768],[-68.3885,18.5887],[-68.388,18.6008],[-68.3884,18.6283],[-68.3892,18.6312],[-68.3914,18.6335],[-68.3943,18.6346],[-68.4016,18.6333],[-68.4048,18.6337],[-68.4124,18.6391],[-68.4173,18.6444],[-68.4247,18.6563],[-68.4289,18.6598],[-68.4315,18.6649],[-68.4363,18.6686],[-68.4408,18.6759],[-68.4483,18.6803],[-68.4513,18.6892],[-68.4604,18.6962],[-68.464,18.7032],[-68.484,18.7194],[-68.4949,18.7264],[-68.4842,18.7193],[-68.464,18.7027],[-68.4607,18.6963],[-68.4515,18.6892],[-68.4487,18.6806],[-68.441,18.6758],[-68.4364,18.6683],[-68.432,18.665],[-68.4293,18.66],[-68.4249,18.6561],[-68.418,18.645],[-68.413,18.6393],[-68.4044,18.6333],[-68.3938,18.6342],[-68.3894,18.6311],[-68.3886,18.6283],[-68.3881,18.5947],[-68.3887,18.5886],[-68.3837,18.5768],[-68.3843,18.5741],[-68.3876,18.5699],[-68.3894,18.5598]]}}]}