{"type":"FeatureCollection","criteria":{"cool":"Cool climate (mean \u00b0C)","near_sd":"Drive to Santo Domingo","near_sti":"Drive to Santiago","health":"Hospital by road","river":"Large river nearby","scenic":"Scenic relief (10 km)","quiet":"Tranquility (low density)","tourism":"Existing tourism (hotels)"},"default_weights":{"cool":2,"near_sd":2,"near_sti":1,"health":1.5,"river":1,"scenic":1.5,"quiet":1,"tourism":0.5},"features":[{"type":"Feature","properties":{"id":29,"name":"San Juan de la Maguana","type":"plain","places":"San Juan de la Maguana (city, 589,256), Comendador (city, 43,894), El Cercado (town, 25,376), San Rafael del Llano (town, 21,964), Juan Santiago (town, 21,874)","lon":-71.40386,"lat":18.85365,"floor_km2":1045.2,"floor_elev_m":499,"floor_elev_min":392,"floor_elev_max":1005,"tavg_c":24.5,"tavg_lapse_c":23.4,"tavg_cell_c":24.6,"pop_town":589256,"pop_5km":8111,"pop_10km":10583,"relief_10km_m":661,"dist_sd_km":161,"dist_sti_km":100,"hospital_km":12.6,"hospital_name":"Hospital Federico Armando Aybar","clinic_km":12.6,"river_near":"R\u00edo Macasia (13.6 km, mapped 39 km)","big_river_km":null,"big_river":null,"hotels_10km":1,"airport":"COZ 72 km","route_from":"valley centroid","drive_sd_min":192,"drive_sd_km":211,"drive_sti_min":291,"drive_sti_km":268,"drive_sdq_min":216,"drive_sdq_km":242,"drive_stiap_min":303,"drive_stiap_km":283,"drive_jbq_min":203,"drive_jbq_km":220,"drive_hospital_min":0,"drive_hospital_km":0.2,"hospital_by_road":"SESPA","criteria":{"cool":0.15,"near_sd":0.267,"near_sti":0.0,"health":0.633,"river":0.0,"scenic":0.551,"quiet":0.329,"tourism":0.213},"ours":false},"geometry":{"type":"MultiPolygon","coordinates":[[[[-71.53999999999999,18.715833333333332],[-71.53,18.7125],[-71.52499999999999,18.715833333333332],[-71.52583333333332,18.711666666666666],[-71.51249999999999,18.7025],[-71.50999999999999,18.696666666666665],[-71.50583333333333,18.696666666666665],[-71.51249999999999,18.694166666666668],[-71.50833333333333,18.688333333333333],[-71.51583333333333,18.69],[-71.51666666666667,18.6975],[-71.52,18.6925],[-71.52833333333332,18.696666666666665],[-71.53333333333333,18.694166666666668],[-71.53666666666666,18.696666666666665],[-71.53666666666666,18.7025],[-71.55083333333333,18.695833333333333],[-71.57,18.701666666666668],[-71.57416666666666,18.695833333333333],[-71.57499999999999,18.700833333333332],[-71.58083333333333,18.7],[-71.58583333333333,18.706666666666667],[-71.57249999999999,18.71],[-71.57166666666666,18.715833333333332],[-71.55833333333332,18.71],[-71.55333333333333,18.714166666666667],[-71.5475,18.711666666666666],[-71.53999999999999,18.715833333333332]],[[-71.56166666666667,18.705833333333334],[-71.55833333333332,18.703333333333333],[-71.55583333333333,18.706666666666667],[-71.55999999999999,18.708333333333332],[-71.56166666666667,18.705833333333334]]],[[[-71.53916666666666,18.715833333333332],[-71.53833333333333,18.720833333333335],[-71.53666666666666,18.72],[-71.53916666666666,18.715833333333332]]],[[[-71.50333333333333,18.7675],[-71.5075,18.7625],[-71.50416666666666,18.756666666666668],[-71.50916666666666,18.755],[-71.505,18.750833333333333],[-71.51249999999999,18.744166666666665],[-71.51083333333332,18.74],[-71.51583333333333,18.738333333333333],[-71.51333333333332,18.735],[-71.51833333333333,18.733333333333334],[-71.50916666666666,18.729166666666668],[-71.50916666666666,18.724166666666665],[-71.51249999999999,18.7225],[-71.52,18.724166666666665],[-71.5225,18.720833333333335],[-71.52666666666666,18.721666666666668],[-71.54083333333332,18.730833333333333],[-71.54583333333333,18.7275],[-71.54583333333333,18.731666666666666],[-71.5375,18.735833333333332],[-71.5375,18.74],[-71.54583333333333,18.75],[-71.55749999999999,18.748333333333335],[-71.56333333333333,18.741666666666667],[-71.5625,18.75],[-71.57166666666666,18.741666666666667],[-71.58083333333333,18.745],[-71.58749999999999,18.739166666666666],[-71.595,18.740833333333335],[-71.57499999999999,18.755],[-71.57916666666667,18.764166666666668],[-71.59083333333332,18.769166666666667],[-71.58666666666666,18.7725],[-71.58999999999999,18.78],[-71.58166666666666,18.776666666666667],[-71.56833333333333,18.765],[-71.5625,18.766666666666666],[-71.55499999999999,18.7625],[-71.54833333333333,18.765833333333333],[-71.53916666666666,18.760833333333334],[-71.535,18.764166666666668],[-71.53,18.7625],[-71.52499999999999,18.765],[-71.51666666666667,18.760833333333334],[-71.515,18.765833333333333],[-71.51166666666666,18.764166666666668],[-71.50333333333333,18.7675]],[[-71.53,18.756666666666668],[-71.52083333333333,18.750833333333333],[-71.5225,18.7475],[-71.51916666666666,18.744166666666665],[-71.515,18.745],[-71.5175,18.749166666666667],[-71.515,18.755],[-71.51833333333333,18.758333333333333],[-71.52833333333332,18.759166666666665],[-71.53,18.756666666666668]],[[-71.56916666666666,18.756666666666668],[-71.57333333333332,18.746666666666666],[-71.57083333333333,18.745],[-71.56666666666666,18.753333333333334],[-71.56916666666666,18.756666666666668]],[[-71.5325,18.739166666666666],[-71.53833333333333,18.733333333333334],[-71.53166666666667,18.72833333333333],[-71.52499999999999,18.729166666666668],[-71.52333333333333,18.730833333333333],[-71.5325,18.739166666666666]]],[[[-71.50333333333333,18.768333333333334],[-71.50416666666666,18.769166666666667],[-71.50333333333333,18.769166666666667],[-71.50333333333333,18.768333333333334]]],[[[-71.50333333333333,18.769166666666667],[-71.5,18.778333333333332],[-71.49583333333332,18.775833333333335],[-71.49916666666667,18.769166666666667],[-71.50333333333333,18.769166666666667]]],[[[-71.50833333333333,18.808333333333334],[-71.51083333333332,18.804166666666667],[-71.50083333333333,18.796666666666667],[-71.50083333333333,18.7925],[-71.49666666666666,18.794166666666666],[-71.49166666666666,18.7875],[-71.47833333333332,18.7825],[-71.48083333333332,18.7775],[-71.48833333333333,18.778333333333332],[-71.49333333333333,18.786666666666665],[-71.49833333333332,18.7825],[-71.5075,18.79083333333333],[-71.51083333333332,18.79],[-71.51666666666667,18.8],[-71.52166666666666,18.798333333333332],[-71.52166666666666,18.8025],[-71.52749999999999,18.799166666666668],[-71.53166666666667,18.801666666666666],[-71.53083333333333,18.804166666666667],[-71.51583333333333,18.804166666666667],[-71.51083333333332,18.81],[-71.50833333333333,18.808333333333334]]],[[[-71.73833333333333,18.869166666666665],[-71.735,18.865],[-71.73583333333333,18.863333333333333],[-71.73916666666666,18.865],[-71.73833333333333,18.869166666666665]]],[[[-71.54166666666666,18.869166666666665],[-71.54249999999999,18.868333333333332],[-71.54249999999999,18.869166666666665],[-71.54166666666666,18.869166666666665]]],[[[-71.73833333333333,18.87],[-71.7375,18.869166666666665],[-71.73833333333333,18.869166666666665],[-71.73833333333333,18.87]]],[[[-71.56583333333333,18.955],[-71.56916666666666,18.954166666666666],[-71.56833333333333,18.955833333333334],[-71.56583333333333,18.955]]],[[[-71.60166666666666,18.96],[-71.59916666666666,18.955833333333334],[-71.60083333333333,18.955],[-71.60499999999999,18.9575],[-71.60166666666666,18.96]]],[[[-71.60166666666666,18.960833333333333],[-71.60083333333333,18.96],[-71.60166666666666,18.96],[-71.60166666666666,18.960833333333333]]],[[[-71.51583333333333,19.001666666666665],[-71.515,19.000833333333333],[-71.51583333333333,19.000833333333333],[-71.51583333333333,19.001666666666665]]],[[[-71.6,19.0075],[-71.59916666666666,19.006666666666668],[-71.6,19.006666666666668],[-71.6,19.0075]]],[[[-71.615,19.090833333333332],[-71.60416666666666,19.09],[-71.60249999999999,19.085833333333333],[-71.59916666666666,19.085833333333333],[-71.6,19.0825],[-71.62166666666666,19.0875],[-71.615,19.090833333333332]]],[[[-71.30666666666666,18.6375],[-71.30999999999999,18.6375],[-71.30916666666666,18.64],[-71.30666666666666,18.6375]]],[[[-71.32583333333332,18.666666666666668],[-71.32499999999999,18.66583333333333],[-71.32583333333332,18.66583333333333],[-71.32583333333332,18.666666666666668]]],[[[-71.32583333333332,18.6675],[-71.32833333333333,18.666666666666668],[-71.3275,18.668333333333333],[-71.32583333333332,18.6675]]],[[[-71.34916666666666,18.686666666666667],[-71.3425,18.683333333333334],[-71.34083333333332,18.679166666666667],[-71.33583333333333,18.681666666666665],[-71.33166666666666,18.675833333333333],[-71.33749999999999,18.674166666666668],[-71.34583333333333,18.681666666666665],[-71.35083333333333,18.679166666666667],[-71.35499999999999,18.681666666666665],[-71.35416666666666,18.685833333333335],[-71.35166666666666,18.684166666666666],[-71.34916666666666,18.686666666666667]]],[[[-71.35,18.689166666666665],[-71.35083333333333,18.686666666666667],[-71.35166666666666,18.688333333333333],[-71.35,18.689166666666665]]],[[[-71.38916666666667,18.706666666666667],[-71.39,18.705833333333334],[-71.39,18.706666666666667],[-71.38916666666667,18.706666666666667]]],[[[-71.46166666666666,18.71],[-71.46249999999999,18.70916666666667],[-71.46249999999999,18.71],[-71.46166666666666,18.71]]],[[[-71.46333333333332,18.711666666666666],[-71.46416666666666,18.70916666666667],[-71.46499999999999,18.710833333333333],[-71.46333333333332,18.711666666666666]]],[[[-71.48583333333333,18.7175],[-71.48166666666665,18.7125],[-71.47,18.716666666666665],[-71.46833333333333,18.710833333333333],[-71.48083333333332,18.706666666666667],[-71.48833333333333,18.708333333333332],[-71.49166666666666,18.710833333333333],[-71.48416666666667,18.7125],[-71.48583333333333,18.7175]]],[[[-71.2525,18.745833333333334],[-71.25916666666666,18.749166666666667],[-71.2575,18.753333333333334],[-71.265,18.761666666666667],[-71.27166666666666,18.75583333333333],[-71.26833333333333,18.7525],[-71.27,18.75],[-71.27499999999999,18.749166666666667],[-71.27833333333332,18.7525],[-71.2825,18.75],[-71.28083333333333,18.754166666666666],[-71.285,18.7575],[-71.28916666666666,18.7475],[-71.29333333333332,18.751666666666665],[-71.29583333333333,18.749166666666667],[-71.29916666666666,18.750833333333333],[-71.3025,18.76],[-71.32333333333332,18.75583333333333],[-71.3275,18.76],[-71.32,18.765],[-71.33,18.776666666666667],[-71.33416666666666,18.774166666666666],[-71.33833333333332,18.778333333333332],[-71.35083333333333,18.780833333333334],[-71.35666666666665,18.775833333333335],[-71.35666666666665,18.781666666666666],[-71.36,18.779166666666665],[-71.36749999999999,18.783333333333335],[-71.37249999999999,18.78],[-71.37666666666667,18.785833333333333],[-71.38583333333332,18.784166666666668],[-71.38499999999999,18.79083333333333],[-71.37916666666666,18.798333333333332],[-71.38416666666666,18.801666666666666],[-71.37333333333332,18.801666666666666],[-71.37083333333332,18.805833333333332],[-71.375,18.808333333333334],[-71.36833333333333,18.81],[-71.375,18.814166666666665],[-71.37833333333333,18.8125],[-71.37666666666667,18.805833333333332],[-71.38749999999999,18.81],[-71.39583333333333,18.809166666666666],[-71.39833333333333,18.8125],[-71.40916666666666,18.8125],[-71.40916666666666,18.808333333333334],[-71.3925,18.8025],[-71.39333333333333,18.799166666666668],[-71.3975,18.801666666666666],[-71.40083333333332,18.799166666666668],[-71.39666666666666,18.789166666666667],[-71.40416666666665,18.79],[-71.40666666666667,18.786666666666665],[-71.41749999999999,18.8],[-71.4225,18.8],[-71.42333333333333,18.808333333333334],[-71.4275,18.805833333333332],[-71.43249999999999,18.809166666666666],[-71.4375,18.805],[-71.44749999999999,18.81],[-71.45416666666667,18.816666666666666],[-71.45416666666667,18.824166666666667],[-71.46,18.8225],[-71.46249999999999,18.8175],[-71.46666666666665,18.819166666666668],[-71.47083333333333,18.816666666666666],[-71.47166666666666,18.824166666666667],[-71.47416666666666,18.8225],[-71.47666666666666,18.826666666666668],[-71.48166666666665,18.824166666666667],[-71.48666666666666,18.83],[-71.48833333333333,18.8275],[-71.48583333333333,18.825],[-71.49,18.819166666666668],[-71.50333333333333,18.8225],[-71.51333333333332,18.819166666666668],[-71.51583333333333,18.814166666666665],[-71.52499999999999,18.8125],[-71.52666666666666,18.815],[-71.52416666666666,18.81833333333333],[-71.52916666666665,18.82],[-71.52666666666666,18.823333333333334],[-71.53,18.825833333333332],[-71.5325,18.823333333333334],[-71.53,18.819166666666668],[-71.53666666666666,18.815],[-71.53666666666666,18.821666666666665],[-71.5325,18.825833333333332],[-71.53833333333333,18.83],[-71.53583333333333,18.8325],[-71.53833333333333,18.835833333333333],[-71.5525,18.830833333333334],[-71.5525,18.825],[-71.5475,18.819166666666668],[-71.5525,18.8175],[-71.56166666666667,18.821666666666665],[-71.5675,18.814166666666665],[-71.57333333333332,18.821666666666665],[-71.57583333333332,18.82],[-71.57249999999999,18.8125],[-71.56166666666667,18.810833333333335],[-71.56333333333333,18.8075],[-71.55916666666666,18.805833333333332],[-71.56083333333332,18.803333333333335],[-71.57083333333333,18.803333333333335],[-71.57666666666667,18.810833333333335],[-71.58,18.808333333333334],[-71.59166666666665,18.819166666666668],[-71.595,18.816666666666666],[-71.59833333333333,18.821666666666665],[-71.62333333333332,18.813333333333333],[-71.62333333333332,18.820833333333333],[-71.63416666666666,18.825],[-71.64083333333333,18.8225],[-71.64666666666666,18.825],[-71.64833333333333,18.8225],[-71.64,18.816666666666666],[-71.63,18.815],[-71.63,18.811666666666667],[-71.63749999999999,18.811666666666667],[-71.6425,18.8075],[-71.65249999999999,18.810833333333335],[-71.66166666666666,18.8075],[-71.66749999999999,18.81],[-71.66916666666665,18.815],[-71.6625,18.816666666666666],[-71.66166666666666,18.82],[-71.66666666666666,18.826666666666668],[-71.66499999999999,18.829166666666666],[-71.65666666666667,18.828333333333333],[-71.65583333333333,18.840833333333332],[-71.66749999999999,18.833333333333332],[-71.66416666666666,18.838333333333335],[-71.66916666666665,18.843333333333334],[-71.67416666666666,18.843333333333334],[-71.67416666666666,18.8475],[-71.67833333333333,18.848333333333333],[-71.68249999999999,18.855],[-71.69333333333333,18.85333333333333],[-71.69583333333333,18.858333333333334],[-71.70333333333333,18.857499999999998],[-71.7075,18.865],[-71.71166666666666,18.865],[-71.71499999999999,18.859166666666667],[-71.72416666666666,18.861666666666668],[-71.72749999999999,18.858333333333334],[-71.73416666666667,18.865],[-71.73249999999999,18.8675],[-71.7375,18.87],[-71.73833333333333,18.875833333333333],[-71.73416666666667,18.878333333333334],[-71.72999999999999,18.871666666666666],[-71.70833333333333,18.871666666666666],[-71.705,18.868333333333332],[-71.69833333333332,18.8775],[-71.69,18.8775],[-71.68833333333333,18.875],[-71.68499999999999,18.8775],[-71.68666666666667,18.870833333333334],[-71.68333333333332,18.8675],[-71.67999999999999,18.866666666666667],[-71.67583333333333,18.874166666666667],[-71.6625,18.8625],[-71.65583333333333,18.87],[-71.66749999999999,18.886666666666667],[-71.66916666666665,18.895833333333332],[-71.66666666666666,18.899166666666666],[-71.67416666666666,18.903333333333332],[-71.66999999999999,18.905833333333334],[-71.66666666666666,18.901666666666667],[-71.65833333333333,18.906666666666666],[-71.65416666666665,18.901666666666667],[-71.65166666666666,18.904166666666665],[-71.64666666666666,18.9025],[-71.6425,18.9075],[-71.64416666666666,18.901666666666667],[-71.63916666666667,18.895],[-71.63583333333332,18.899166666666666],[-71.62833333333333,18.8975],[-71.62416666666667,18.903333333333332],[-71.62166666666666,18.9025],[-71.63166666666666,18.890833333333333],[-71.6275,18.885],[-71.63,18.8775],[-71.62666666666667,18.870833333333334],[-71.62166666666666,18.873333333333335],[-71.62333333333332,18.876666666666665],[-71.61999999999999,18.883333333333333],[-71.61583333333333,18.8775],[-71.60833333333333,18.885],[-71.60333333333332,18.878333333333334],[-71.595,18.88],[-71.59166666666665,18.874166666666667],[-71.58166666666666,18.869166666666665],[-71.57833333333333,18.875833333333333],[-71.59916666666666,18.89],[-71.60333333333332,18.8975],[-71.60083333333333,18.9],[-71.59833333333333,18.895833333333332],[-71.59583333333333,18.89666666666667],[-71.59166666666665,18.905833333333334],[-71.585,18.906666666666666],[-71.58333333333333,18.898333333333333],[-71.57833333333333,18.900833333333335],[-71.57416666666666,18.895833333333332],[-71.56833333333333,18.903333333333332],[-71.56583333333333,18.901666666666667],[-71.56583333333333,18.893333333333334],[-71.56083333333332,18.895],[-71.56083333333332,18.898333333333333],[-71.55749999999999,18.8975],[-71.55749999999999,18.8925],[-71.5525,18.888333333333332],[-71.55083333333333,18.893333333333334],[-71.54249999999999,18.899166666666666],[-71.54416666666665,18.905],[-71.52583333333332,18.8975],[-71.51249999999999,18.904166666666665],[-71.51916666666666,18.9125],[-71.51666666666667,18.919166666666666],[-71.51083333333332,18.921666666666667],[-71.51333333333332,18.925],[-71.52083333333333,18.9225],[-71.52499999999999,18.9275],[-71.52916666666665,18.9275],[-71.53416666666666,18.9225],[-71.54499999999999,18.93],[-71.53583333333333,18.9375],[-71.5375,18.940833333333334],[-71.55416666666666,18.94],[-71.55499999999999,18.944166666666668],[-71.54416666666665,18.96],[-71.54583333333333,18.9625],[-71.55333333333333,18.9625],[-71.55666666666666,18.958333333333332],[-71.55916666666666,18.963333333333335],[-71.56333333333333,18.961666666666666],[-71.565,18.966666666666665],[-71.57166666666666,18.961666666666666],[-71.56916666666666,18.955],[-71.57416666666666,18.951666666666668],[-71.5775,18.954166666666666],[-71.58083333333333,18.95],[-71.58416666666666,18.956666666666667],[-71.58833333333332,18.956666666666667],[-71.58833333333332,18.963333333333335],[-71.5925,18.9575],[-71.59666666666666,18.963333333333335],[-71.6,18.960833333333333],[-71.60333333333332,18.963333333333335],[-71.60583333333332,18.968333333333334],[-71.60166666666666,18.968333333333334],[-71.59916666666666,18.9775],[-71.59333333333333,18.98],[-71.59583333333333,18.983333333333334],[-71.5925,18.9875],[-71.595,18.99],[-71.60749999999999,18.9825],[-71.61333333333333,18.988333333333333],[-71.61583333333333,18.985833333333332],[-71.61333333333333,18.98],[-71.61916666666666,18.981666666666666],[-71.62333333333332,18.9775],[-71.62333333333332,18.970833333333335],[-71.6275,18.975],[-71.63416666666666,18.974166666666665],[-71.63499999999999,18.9675],[-71.64166666666667,18.970833333333335],[-71.64333333333333,18.966666666666665],[-71.64583333333333,18.969166666666666],[-71.65416666666665,18.966666666666665],[-71.65416666666665,18.9725],[-71.65833333333333,18.97],[-71.66416666666666,18.974166666666665],[-71.66749999999999,18.968333333333334],[-71.67333333333333,18.974166666666665],[-71.67083333333333,18.9775],[-71.66583333333332,18.975],[-71.66083333333333,18.979166666666668],[-71.65666666666667,18.976666666666667],[-71.65333333333332,18.979166666666668],[-71.65916666666666,18.985833333333332],[-71.66499999999999,18.980833333333333],[-71.66916666666665,18.984166666666667],[-71.66583333333332,18.988333333333333],[-71.66916666666665,18.994166666666665],[-71.66583333333332,18.9975],[-71.67333333333333,19.004166666666666],[-71.67666666666666,19.013333333333332],[-71.6725,19.011666666666667],[-71.67083333333333,19.006666666666668],[-71.66583333333332,19.006666666666668],[-71.66833333333332,19.003333333333334],[-71.66499999999999,19.0],[-71.65666666666667,19.004166666666666],[-71.65333333333332,18.999166666666667],[-71.65333333333332,19.003333333333334],[-71.64833333333333,19.00583333333333],[-71.63749999999999,18.999166666666667],[-71.63499999999999,19.001666666666665],[-71.63749999999999,19.009166666666665],[-71.6275,19.010833333333334],[-71.625,19.019166666666667],[-71.61999999999999,19.016666666666666],[-71.61749999999999,19.02],[-71.615,19.0175],[-71.61,19.02],[-71.615,19.023333333333333],[-71.60833333333333,19.025],[-71.61166666666666,19.030833333333334],[-71.60749999999999,19.029166666666665],[-71.60416666666666,19.0325],[-71.60083333333333,19.028333333333332],[-71.59833333333333,19.03],[-71.6,19.038333333333334],[-71.61166666666666,19.035],[-71.62166666666666,19.041666666666668],[-71.61583333333333,19.05],[-71.61833333333333,19.0525],[-71.62416666666667,19.050833333333333],[-71.62666666666667,19.0525],[-71.625,19.055],[-71.62916666666666,19.056666666666665],[-71.62416666666667,19.0625],[-71.61999999999999,19.0625],[-71.62416666666667,19.0675],[-71.61666666666666,19.070833333333333],[-71.61416666666666,19.07],[-71.61749999999999,19.066666666666666],[-71.61583333333333,19.0625],[-71.61916666666666,19.058333333333334],[-71.62416666666667,19.058333333333334],[-71.61749999999999,19.053333333333335],[-71.60249999999999,19.050833333333333],[-71.5975,19.054166666666667],[-71.59333333333333,19.0475],[-71.58999999999999,19.049166666666668],[-71.58833333333332,19.046666666666667],[-71.58583333333333,19.050833333333333],[-71.58083333333333,19.050833333333333],[-71.57666666666667,19.044166666666666],[-71.56916666666666,19.043333333333333],[-71.56083333333332,19.049166666666668],[-71.55166666666666,19.0475],[-71.54583333333333,19.041666666666668],[-71.54083333333332,19.046666666666667],[-71.53666666666666,19.044166666666666],[-71.53583333333333,19.039166666666667],[-71.5225,19.035],[-71.51666666666667,19.028333333333332],[-71.5175,19.025],[-71.52666666666666,19.024166666666666],[-71.52833333333332,19.029166666666665],[-71.53666666666666,19.031666666666666],[-71.54499999999999,19.03],[-71.54249999999999,19.025833333333335],[-71.5375,19.026666666666667],[-71.54249999999999,19.02166666666667],[-71.5375,19.005],[-71.53166666666667,19.00583333333333],[-71.52916666666665,19.015],[-71.52,19.013333333333332],[-71.52,19.02],[-71.51333333333332,19.016666666666666],[-71.51833333333333,19.014166666666668],[-71.51583333333333,19.010833333333334],[-71.50999999999999,19.0125],[-71.50916666666666,19.02],[-71.50166666666667,19.013333333333332],[-71.49749999999999,19.014166666666668],[-71.49666666666666,19.011666666666667],[-71.50083333333333,19.009166666666665],[-71.49833333333332,19.004166666666666],[-71.48833333333333,19.005],[-71.48333333333333,19.015],[-71.47916666666666,19.008333333333333],[-71.47,19.0125],[-71.4675,19.01],[-71.46916666666667,19.0],[-71.46583333333332,18.996666666666666],[-71.4725,18.9975],[-71.475,18.994166666666665],[-71.48333333333333,18.995833333333334],[-71.49583333333332,18.990833333333335],[-71.5025,18.979166666666668],[-71.49749999999999,18.97],[-71.49416666666666,18.973333333333333],[-71.49083333333333,18.971666666666668],[-71.48249999999999,18.979166666666668],[-71.48083333333332,18.975833333333334],[-71.48416666666667,18.969166666666666],[-71.47999999999999,18.964166666666667],[-71.475,18.965],[-71.4725,18.973333333333333],[-71.46249999999999,18.97833333333333],[-71.47,18.988333333333333],[-71.46666666666665,18.990833333333335],[-71.45833333333333,18.985],[-71.455,18.989166666666666],[-71.4575,19.001666666666665],[-71.45166666666667,19.005],[-71.445,18.9975],[-71.44083333333333,19.0],[-71.4275,18.990833333333335],[-71.42083333333333,18.990833333333335],[-71.41916666666665,18.985833333333332],[-71.4225,18.9825],[-71.4125,18.9725],[-71.3975,18.975],[-71.3825,18.969166666666666],[-71.38416666666666,18.961666666666666],[-71.37833333333333,18.961666666666666],[-71.37666666666667,18.956666666666667],[-71.38499999999999,18.954166666666666],[-71.38,18.949166666666667],[-71.38333333333333,18.945833333333333],[-71.38666666666666,18.9475],[-71.39083333333333,18.94333333333333],[-71.39333333333333,18.946666666666665],[-71.38916666666667,18.949166666666667],[-71.3925,18.9525],[-71.40333333333332,18.950833333333332],[-71.40666666666667,18.955],[-71.40916666666666,18.953333333333333],[-71.40583333333333,18.945833333333333],[-71.40333333333332,18.9475],[-71.40083333333332,18.945],[-71.40166666666666,18.941666666666666],[-71.405,18.944166666666668],[-71.4075,18.940833333333334],[-71.40416666666665,18.935],[-71.40249999999999,18.94],[-71.39833333333333,18.936666666666667],[-71.39333333333333,18.94],[-71.39166666666667,18.938333333333333],[-71.39666666666666,18.935],[-71.39583333333333,18.931666666666665],[-71.40083333333332,18.934166666666666],[-71.40333333333332,18.928333333333335],[-71.41083333333333,18.924166666666668],[-71.40833333333333,18.920833333333334],[-71.40416666666665,18.923333333333332],[-71.39999999999999,18.92],[-71.39999999999999,18.925833333333333],[-71.395,18.925833333333333],[-71.38833333333332,18.9325],[-71.38499999999999,18.925833333333333],[-71.39,18.918333333333333],[-71.38666666666666,18.915],[-71.38166666666666,18.9175],[-71.3775,18.9125],[-71.37083333333332,18.918333333333333],[-71.37333333333332,18.921666666666667],[-71.37166666666666,18.928333333333335],[-71.38333333333333,18.934166666666666],[-71.37583333333333,18.9325],[-71.37333333333332,18.935],[-71.37833333333333,18.94333333333333],[-71.37583333333333,18.9475],[-71.3625,18.9475],[-71.35249999999999,18.955833333333334],[-71.35583333333332,18.9625],[-71.35249999999999,18.963333333333335],[-71.3475,18.95916666666667],[-71.3325,18.960833333333333],[-71.33083333333333,18.963333333333335],[-71.3275,18.961666666666666],[-71.31916666666666,18.9725],[-71.32166666666666,18.966666666666665],[-71.3175,18.9625],[-71.30416666666666,18.964166666666667],[-71.30749999999999,18.95916666666667],[-71.30166666666666,18.9575],[-71.29916666666666,18.965],[-71.28833333333333,18.968333333333334],[-71.28999999999999,18.979166666666668],[-71.29499999999999,18.983333333333334],[-71.29499999999999,18.990833333333335],[-71.29916666666666,18.998333333333335],[-71.29083333333332,19.008333333333333],[-71.29166666666666,19.016666666666666],[-71.28666666666666,19.004166666666666],[-71.28916666666666,19.000833333333333],[-71.28916666666666,18.989166666666666],[-71.28666666666666,18.986666666666668],[-71.28916666666666,18.981666666666666],[-71.28666666666666,18.979166666666668],[-71.28166666666667,18.980833333333333],[-71.28583333333333,18.971666666666668],[-71.27833333333332,18.964166666666667],[-71.2725,18.968333333333334],[-71.2575,18.9475],[-71.25416666666666,18.951666666666668],[-71.25083333333333,18.946666666666665],[-71.24749999999999,18.946666666666665],[-71.255,18.9425],[-71.26083333333332,18.933333333333334],[-71.25999999999999,18.928333333333335],[-71.25666666666666,18.9275],[-71.255,18.933333333333334],[-71.24499999999999,18.93],[-71.24416666666666,18.923333333333332],[-71.24666666666666,18.920833333333334],[-71.24083333333333,18.91583333333333],[-71.2375,18.918333333333333],[-71.23083333333332,18.91],[-71.23666666666666,18.8975],[-71.23166666666665,18.889166666666668],[-71.23333333333333,18.883333333333333],[-71.21916666666667,18.8725],[-71.22083333333333,18.87],[-71.21249999999999,18.861666666666668],[-71.20916666666666,18.864166666666666],[-71.20083333333332,18.861666666666668],[-71.19833333333332,18.865],[-71.19083333333333,18.86],[-71.18416666666666,18.861666666666668],[-71.18083333333333,18.854166666666668],[-71.18249999999999,18.849166666666665],[-71.16833333333332,18.838333333333335],[-71.16083333333333,18.839166666666667],[-71.16499999999999,18.83416666666667],[-71.16,18.83],[-71.155,18.835833333333333],[-71.16,18.843333333333334],[-71.16416666666666,18.841666666666665],[-71.16416666666666,18.844166666666666],[-71.16,18.846666666666668],[-71.15166666666666,18.844166666666666],[-71.145,18.849166666666665],[-71.14583333333333,18.845833333333335],[-71.1425,18.843333333333334],[-71.13333333333333,18.850833333333334],[-71.13333333333333,18.841666666666665],[-71.12833333333333,18.84],[-71.12416666666667,18.845],[-71.12416666666667,18.835],[-71.11749999999999,18.829166666666666],[-71.1125,18.8375],[-71.10416666666666,18.828333333333333],[-71.09583333333333,18.83],[-71.09583333333333,18.825833333333332],[-71.10416666666666,18.8275],[-71.11666666666666,18.820833333333333],[-71.11333333333333,18.816666666666666],[-71.11583333333333,18.8125],[-71.11166666666666,18.808333333333334],[-71.11416666666666,18.785833333333333],[-71.11666666666666,18.781666666666666],[-71.12416666666667,18.785833333333333],[-71.13,18.77],[-71.14583333333333,18.77],[-71.15083333333332,18.775833333333335],[-71.14416666666666,18.784166666666668],[-71.1475,18.79],[-71.15083333333332,18.7875],[-71.16333333333333,18.79],[-71.17083333333333,18.7975],[-71.17416666666666,18.795833333333334],[-71.18249999999999,18.801666666666666],[-71.18833333333333,18.799166666666668],[-71.18833333333333,18.794999999999998],[-71.19333333333333,18.8],[-71.20166666666667,18.795833333333334],[-71.20666666666666,18.799166666666668],[-71.20916666666666,18.794999999999998],[-71.23333333333333,18.794999999999998],[-71.24416666666666,18.8],[-71.25166666666667,18.789166666666667],[-71.24166666666666,18.77],[-71.23416666666667,18.77],[-71.22999999999999,18.766666666666666],[-71.22999999999999,18.760833333333334],[-71.22666666666666,18.761666666666667],[-71.22333333333333,18.75583333333333],[-71.22,18.758333333333333],[-71.21416666666666,18.753333333333334],[-71.22083333333333,18.748333333333335],[-71.21666666666665,18.743333333333332],[-71.20916666666666,18.743333333333332],[-71.20583333333333,18.738333333333333],[-71.20083333333332,18.739166666666666],[-71.205,18.730833333333333],[-71.20916666666666,18.735],[-71.21499999999999,18.731666666666666],[-71.21333333333332,18.729166666666668],[-71.19666666666666,18.723333333333333],[-71.18833333333333,18.725833333333334],[-71.18666666666667,18.723333333333333],[-71.19416666666666,18.721666666666668],[-71.19416666666666,18.7175],[-71.19,18.719166666666666],[-71.18416666666666,18.716666666666665],[-71.18083333333333,18.719166666666666],[-71.17583333333333,18.716666666666665],[-71.17666666666666,18.724166666666665],[-71.16166666666666,18.720833333333335],[-71.16416666666666,18.714166666666667],[-71.16999999999999,18.718333333333334],[-71.17583333333333,18.715],[-71.16833333333332,18.70916666666667],[-71.16333333333333,18.710833333333333],[-71.16333333333333,18.7025],[-71.15916666666666,18.705833333333334],[-71.15166666666666,18.700833333333332],[-71.14916666666666,18.705833333333334],[-71.15249999999999,18.710833333333333],[-71.1475,18.70916666666667],[-71.14583333333333,18.713333333333335],[-71.1425,18.713333333333335],[-71.13916666666667,18.710833333333333],[-71.13916666666667,18.703333333333333],[-71.12249999999999,18.701666666666668],[-71.11166666666666,18.6925],[-71.11416666666666,18.684166666666666],[-71.11666666666666,18.681666666666665],[-71.1275,18.6825],[-71.13916666666667,18.689166666666665],[-71.14916666666666,18.688333333333333],[-71.15249999999999,18.685],[-71.155,18.69],[-71.16083333333333,18.690833333333334],[-71.16749999999999,18.6975],[-71.1875,18.699166666666667],[-71.1925,18.690833333333334],[-71.20083333333332,18.688333333333333],[-71.21,18.674166666666668],[-71.21666666666665,18.671666666666667],[-71.21833333333333,18.655],[-71.21583333333332,18.649166666666666],[-71.22333333333333,18.6475],[-71.22583333333333,18.640833333333333],[-71.23416666666667,18.635833333333334],[-71.22999999999999,18.6325],[-71.24249999999999,18.624166666666667],[-71.2575,18.6225],[-71.25916666666666,18.625],[-71.26916666666666,18.623333333333335],[-71.27166666666666,18.626666666666665],[-71.28,18.626666666666665],[-71.27833333333332,18.63083333333333],[-71.28166666666667,18.635833333333334],[-71.28333333333333,18.63083333333333],[-71.29499999999999,18.636666666666667],[-71.29833333333333,18.633333333333333],[-71.3025,18.636666666666667],[-71.30499999999999,18.635],[-71.30666666666666,18.643333333333334],[-71.30916666666666,18.64],[-71.31833333333333,18.643333333333334],[-71.32083333333333,18.638333333333332],[-71.32499999999999,18.64666666666667],[-71.32916666666667,18.645],[-71.3425,18.65],[-71.34333333333333,18.644166666666667],[-71.33833333333332,18.639166666666668],[-71.3425,18.636666666666667],[-71.34666666666666,18.64666666666667],[-71.35249999999999,18.640833333333333],[-71.35499999999999,18.645],[-71.36,18.644166666666667],[-71.3625,18.650833333333335],[-71.36916666666666,18.64666666666667],[-71.36999999999999,18.651666666666667],[-71.37333333333332,18.649166666666666],[-71.37833333333333,18.653333333333332],[-71.375,18.656666666666666],[-71.37666666666667,18.6625],[-71.37083333333332,18.664166666666667],[-71.37166666666666,18.66],[-71.36833333333333,18.6575],[-71.36166666666666,18.661666666666665],[-71.36583333333333,18.66583333333333],[-71.35916666666667,18.6675],[-71.36749999999999,18.680833333333332],[-71.37416666666667,18.671666666666667],[-71.37833333333333,18.681666666666665],[-71.38666666666666,18.689166666666665],[-71.4075,18.69333333333333],[-71.42166666666667,18.701666666666668],[-71.43249999999999,18.704166666666666],[-71.44666666666666,18.704166666666666],[-71.45666666666666,18.696666666666665],[-71.4525,18.704166666666666],[-71.46166666666666,18.708333333333332],[-71.4575,18.708333333333332],[-71.45583333333333,18.713333333333335],[-71.45166666666667,18.711666666666666],[-71.45333333333333,18.70916666666667],[-71.45083333333332,18.706666666666667],[-71.44833333333332,18.708333333333332],[-71.45083333333332,18.710833333333333],[-71.44916666666666,18.713333333333335],[-71.44,18.708333333333332],[-71.43499999999999,18.713333333333335],[-71.42666666666666,18.7125],[-71.425,18.715833333333332],[-71.42833333333333,18.719166666666666],[-71.41499999999999,18.725833333333334],[-71.40333333333332,18.714166666666667],[-71.40583333333333,18.71],[-71.40166666666666,18.705833333333334],[-71.39833333333333,18.708333333333332],[-71.39416666666666,18.705],[-71.39083333333333,18.706666666666667],[-71.3925,18.700833333333332],[-71.38833333333332,18.698333333333334],[-71.38833333333332,18.694166666666668],[-71.3775,18.689166666666665],[-71.37583333333333,18.691666666666666],[-71.38333333333333,18.6975],[-71.3825,18.701666666666668],[-71.38916666666667,18.706666666666667],[-71.38749999999999,18.70916666666667],[-71.37916666666666,18.70916666666667],[-71.37833333333333,18.705833333333334],[-71.3825,18.704166666666666],[-71.38,18.698333333333334],[-71.36333333333333,18.685833333333335],[-71.35583333333332,18.674166666666668],[-71.34166666666665,18.669166666666666],[-71.33583333333333,18.673333333333332],[-71.33416666666666,18.6675],[-71.32499999999999,18.66],[-71.32499999999999,18.66583333333333],[-71.32083333333333,18.668333333333333],[-71.32249999999999,18.674166666666668],[-71.31833333333333,18.675833333333333],[-71.32,18.671666666666667],[-71.31666666666666,18.669999999999998],[-71.3125,18.675],[-71.31083333333332,18.6725],[-71.31416666666667,18.663333333333334],[-71.31166666666667,18.661666666666665],[-71.30583333333333,18.665],[-71.29833333333333,18.661666666666665],[-71.29916666666666,18.658333333333335],[-71.29166666666666,18.650833333333335],[-71.29333333333332,18.6475],[-71.28916666666666,18.6425],[-71.28666666666666,18.644166666666667],[-71.2875,18.65],[-71.28083333333333,18.644166666666667],[-71.27499999999999,18.644166666666667],[-71.27333333333333,18.640833333333333],[-71.27666666666666,18.638333333333332],[-71.27666666666666,18.633333333333333],[-71.27166666666666,18.629166666666666],[-71.26833333333333,18.6325],[-71.2725,18.636666666666667],[-71.2675,18.641666666666666],[-71.26083333333332,18.639166666666668],[-71.2575,18.6425],[-71.25333333333333,18.635833333333334],[-71.24416666666666,18.6325],[-71.23583333333333,18.635833333333334],[-71.23916666666666,18.64],[-71.2375,18.64666666666667],[-71.22749999999999,18.650833333333335],[-71.22583333333333,18.654166666666665],[-71.22916666666666,18.658333333333335],[-71.225,18.661666666666665],[-71.2225,18.671666666666667],[-71.21249999999999,18.678333333333335],[-71.21833333333333,18.686666666666667],[-71.22749999999999,18.6875],[-71.22999999999999,18.685],[-71.24,18.695833333333333],[-71.24749999999999,18.694166666666668],[-71.25999999999999,18.6975],[-71.25166666666667,18.703333333333333],[-71.24583333333332,18.703333333333333],[-71.20083333333332,18.69333333333333],[-71.19333333333333,18.699166666666667],[-71.21166666666666,18.70916666666667],[-71.2225,18.70916666666667],[-71.2375,18.714166666666667],[-71.25,18.7225],[-71.28166666666667,18.724166666666665],[-71.28666666666666,18.721666666666668],[-71.29083333333332,18.725],[-71.29333333333332,18.731666666666666],[-71.28833333333333,18.73],[-71.28333333333333,18.733333333333334],[-71.28333333333333,18.746666666666666],[-71.27749999999999,18.74],[-71.2725,18.745],[-71.27083333333333,18.74],[-71.26083333333332,18.741666666666667],[-71.2575,18.738333333333333],[-71.2525,18.745833333333334]],[[-71.39,18.92],[-71.39333333333333,18.9225],[-71.39999999999999,18.9175],[-71.39666666666666,18.91583333333333],[-71.39,18.92]],[[-71.24583333333332,18.926666666666666],[-71.25,18.93],[-71.2525,18.925],[-71.25,18.923333333333332],[-71.24583333333332,18.926666666666666]],[[-71.28333333333333,18.732499999999998],[-71.27833333333332,18.730833333333333],[-71.27499999999999,18.735],[-71.27833333333332,18.736666666666668],[-71.28333333333333,18.732499999999998]],[[-71.2525,18.745833333333334],[-71.24583333333332,18.740833333333335],[-71.24333333333333,18.7425],[-71.24499999999999,18.749166666666667],[-71.2525,18.745833333333334]],[[-71.6125,19.045],[-71.60749999999999,19.039166666666667],[-71.60333333333332,19.0425],[-71.61,19.0475],[-71.6125,19.045]],[[-71.60333333333332,19.044166666666666],[-71.5975,19.041666666666668],[-71.59666666666666,19.0375],[-71.58999999999999,19.0425],[-71.60083333333333,19.046666666666667],[-71.60333333333332,19.044166666666666]],[[-71.58666666666666,19.023333333333333],[-71.58416666666666,19.02166666666667],[-71.5825,19.024166666666666],[-71.585,19.025833333333335],[-71.58666666666666,19.023333333333333]],[[-71.6125,19.015],[-71.61666666666666,19.00583333333333],[-71.6125,19.001666666666665],[-71.61,19.0125],[-71.6125,19.015]],[[-71.60416666666666,19.015],[-71.60916666666667,19.0075],[-71.59916666666666,19.005],[-71.60833333333333,19.000833333333333],[-71.60583333333332,18.9975],[-71.5925,19.004166666666666],[-71.58166666666666,18.999166666666667],[-71.57666666666667,19.0025],[-71.58333333333333,19.008333333333333],[-71.58833333333332,19.00583333333333],[-71.59666666666666,19.01],[-71.59916666666666,19.0075],[-71.59833333333333,19.011666666666667],[-71.60416666666666,19.015]],[[-71.62666666666667,19.006666666666668],[-71.63,19.000833333333333],[-71.6275,18.998333333333335],[-71.62416666666667,19.000833333333333],[-71.61916666666666,18.995],[-71.615,19.000833333333333],[-71.62166666666666,19.006666666666668],[-71.62666666666667,19.006666666666668]],[[-71.57416666666666,19.004166666666666],[-71.57583333333332,19.001666666666665],[-71.57249999999999,18.999166666666667],[-71.565,19.0],[-71.57416666666666,19.004166666666666]],[[-71.51249999999999,19.005],[-71.51583333333333,19.001666666666665],[-71.52,19.0025],[-71.52166666666666,19.0],[-71.51666666666667,18.9975],[-71.51083333333332,19.001666666666665],[-71.51249999999999,19.005]],[[-71.56416666666667,18.9975],[-71.55916666666666,18.995833333333334],[-71.55749999999999,18.998333333333335],[-71.5625,19.0],[-71.56416666666667,18.9975]],[[-71.5325,18.994166666666665],[-71.52916666666665,18.991666666666667],[-71.52749999999999,18.995],[-71.53083333333333,18.9975],[-71.5325,18.994166666666665]],[[-71.52333333333333,18.995],[-71.52666666666666,18.990833333333335],[-71.52416666666666,18.989166666666666],[-71.52083333333333,18.993333333333332],[-71.52333333333333,18.995]],[[-71.5825,18.991666666666667],[-71.58,18.989166666666666],[-71.5775,18.990833333333335],[-71.57916666666667,18.994166666666665],[-71.5825,18.991666666666667]],[[-71.445,18.9875],[-71.44166666666666,18.984166666666667],[-71.43916666666667,18.985833333333332],[-71.4425,18.99],[-71.445,18.9875]],[[-71.43499999999999,18.9875],[-71.42916666666666,18.98],[-71.42333333333333,18.984166666666667],[-71.42666666666666,18.989166666666666],[-71.43333333333332,18.99],[-71.43499999999999,18.9875]],[[-71.63916666666667,18.976666666666667],[-71.63583333333332,18.975],[-71.63416666666666,18.9775],[-71.63749999999999,18.98],[-71.63916666666667,18.976666666666667]],[[-71.645,18.975],[-71.6425,18.973333333333333],[-71.64083333333333,18.975833333333334],[-71.64333333333333,18.9775],[-71.645,18.975]],[[-71.4725,18.964166666666667],[-71.48083333333332,18.956666666666667],[-71.47583333333333,18.9525],[-71.4675,18.956666666666667],[-71.4725,18.964166666666667]],[[-71.39833333333333,18.961666666666666],[-71.39833333333333,18.956666666666667],[-71.39166666666667,18.9575],[-71.39416666666666,18.9625],[-71.39833333333333,18.961666666666666]],[[-71.29666666666667,18.96],[-71.29416666666665,18.958333333333332],[-71.29249999999999,18.960833333333333],[-71.29499999999999,18.9625],[-71.29666666666667,18.96]],[[-71.27333333333333,18.956666666666667],[-71.27333333333333,18.950833333333332],[-71.26916666666666,18.948333333333334],[-71.2675,18.956666666666667],[-71.27,18.95916666666667],[-71.27333333333333,18.956666666666667]],[[-71.35,18.954166666666666],[-71.34666666666666,18.9525],[-71.345,18.955],[-71.34833333333333,18.956666666666667],[-71.35,18.954166666666666]],[[-71.33999999999999,18.955833333333334],[-71.33999999999999,18.948333333333334],[-71.335,18.954166666666666],[-71.33999999999999,18.955833333333334]],[[-71.3325,18.955],[-71.335,18.950833333333332],[-71.33166666666666,18.949166666666667],[-71.32666666666667,18.953333333333333],[-71.3325,18.955]],[[-71.3175,18.951666666666668],[-71.32249999999999,18.9475],[-71.31416666666667,18.944166666666668],[-71.3125,18.945833333333333],[-71.3175,18.951666666666668]],[[-71.32833333333333,18.946666666666665],[-71.32583333333332,18.945],[-71.32416666666666,18.9475],[-71.32666666666667,18.949166666666667],[-71.32833333333333,18.946666666666665]],[[-71.29416666666665,18.875],[-71.28666666666666,18.878333333333334],[-71.28416666666666,18.884166666666665],[-71.28,18.881666666666668],[-71.27916666666665,18.886666666666667],[-71.27583333333332,18.884166666666665],[-71.2725,18.8875],[-71.26583333333333,18.885],[-71.26249999999999,18.89],[-71.26583333333333,18.895],[-71.26583333333333,18.905],[-71.27416666666666,18.916666666666668],[-71.28,18.920833333333334],[-71.2875,18.9175],[-71.28916666666666,18.92],[-71.28333333333333,18.923333333333332],[-71.285,18.926666666666666],[-71.28916666666666,18.921666666666667],[-71.29333333333332,18.925],[-71.29833333333333,18.92],[-71.29916666666666,18.926666666666666],[-71.30749999999999,18.9325],[-71.31166666666667,18.926666666666666],[-71.30583333333333,18.9175],[-71.31333333333333,18.918333333333333],[-71.31333333333333,18.925],[-71.31833333333333,18.9325],[-71.32083333333333,18.930833333333332],[-71.33166666666666,18.938333333333333],[-71.335,18.936666666666667],[-71.335,18.9425],[-71.33833333333332,18.9375],[-71.3425,18.940833333333334],[-71.3475,18.94],[-71.35749999999999,18.9475],[-71.36083333333333,18.9425],[-71.35416666666666,18.940833333333334],[-71.35249999999999,18.9325],[-71.35749999999999,18.931666666666665],[-71.35499999999999,18.928333333333335],[-71.365,18.91583333333333],[-71.36,18.911666666666665],[-71.36333333333333,18.908333333333335],[-71.36166666666666,18.905],[-71.36666666666666,18.901666666666667],[-71.36749999999999,18.895833333333332],[-71.37083333333332,18.898333333333333],[-71.36749999999999,18.904166666666665],[-71.37083333333332,18.9075],[-71.36833333333333,18.910833333333333],[-71.36999999999999,18.913333333333334],[-71.3775,18.905],[-71.37166666666666,18.8925],[-71.36666666666666,18.891666666666666],[-71.35916666666667,18.9],[-71.35583333333332,18.8975],[-71.35083333333333,18.908333333333335],[-71.3475,18.9],[-71.34083333333332,18.905],[-71.33666666666666,18.901666666666667],[-71.32833333333333,18.909166666666668],[-71.33333333333333,18.9],[-71.34666666666666,18.890833333333333],[-71.345,18.888333333333332],[-71.34166666666665,18.890833333333333],[-71.33999999999999,18.881666666666668],[-71.33083333333333,18.876666666666665],[-71.33333333333333,18.870833333333334],[-71.32916666666667,18.866666666666667],[-71.32583333333332,18.865833333333335],[-71.32249999999999,18.871666666666666],[-71.315,18.874166666666667],[-71.32,18.875833333333333],[-71.315,18.888333333333332],[-71.30916666666666,18.879166666666666],[-71.30499999999999,18.88],[-71.30666666666666,18.876666666666665],[-71.30333333333333,18.873333333333335],[-71.30083333333333,18.875],[-71.30083333333333,18.884166666666665],[-71.2975,18.876666666666665],[-71.29416666666665,18.875]],[[-71.29166666666666,18.873333333333335],[-71.29583333333333,18.8725],[-71.29333333333332,18.870833333333334],[-71.29166666666666,18.873333333333335]],[[-71.3,18.941666666666666],[-71.28999999999999,18.9325],[-71.28583333333333,18.935],[-71.28999999999999,18.938333333333333],[-71.28999999999999,18.94333333333333],[-71.29416666666665,18.941666666666666],[-71.29833333333333,18.944166666666668],[-71.3,18.941666666666666]],[[-71.27833333333332,18.93],[-71.2825,18.925],[-71.28,18.9225],[-71.27666666666666,18.924166666666668],[-71.27833333333332,18.93]],[[-71.41833333333332,18.920833333333334],[-71.42083333333333,18.9175],[-71.41833333333332,18.91583333333333],[-71.41583333333332,18.919166666666666],[-71.41833333333332,18.920833333333334]],[[-71.40083333333332,18.914166666666667],[-71.40249999999999,18.9075],[-71.39833333333333,18.905833333333334],[-71.39833333333333,18.9125],[-71.40083333333332,18.914166666666667]],[[-71.25416666666666,18.906666666666666],[-71.25083333333333,18.905],[-71.24916666666667,18.9075],[-71.2525,18.909166666666668],[-71.25416666666666,18.906666666666666]],[[-71.66499999999999,18.8975],[-71.6625,18.895833333333332],[-71.66083333333333,18.898333333333333],[-71.66333333333333,18.9],[-71.66499999999999,18.8975]],[[-71.39333333333333,18.9],[-71.3975,18.89666666666667],[-71.39666666666666,18.8925],[-71.40166666666666,18.89],[-71.39416666666666,18.8825],[-71.38916666666667,18.885],[-71.3925,18.89],[-71.38916666666667,18.895833333333332],[-71.39333333333333,18.9]],[[-71.65833333333333,18.890833333333333],[-71.66166666666666,18.885833333333334],[-71.65666666666667,18.88],[-71.65166666666666,18.8875],[-71.64916666666666,18.885],[-71.64666666666666,18.886666666666667],[-71.64916666666666,18.89],[-71.65833333333333,18.890833333333333]],[[-71.64166666666667,18.881666666666668],[-71.63666666666666,18.881666666666668],[-71.63416666666666,18.878333333333334],[-71.63166666666666,18.88],[-71.63499999999999,18.884166666666665],[-71.64166666666667,18.881666666666668]],[[-71.26833333333333,18.881666666666668],[-71.26333333333332,18.8775],[-71.26083333333332,18.879166666666666],[-71.26583333333333,18.884166666666665],[-71.26833333333333,18.881666666666668]],[[-71.65166666666666,18.88],[-71.64916666666666,18.878333333333334],[-71.6475,18.88083333333333],[-71.64999999999999,18.8825],[-71.65166666666666,18.88]],[[-71.39916666666666,18.881666666666668],[-71.40249999999999,18.876666666666665],[-71.3975,18.8725],[-71.39666666666666,18.88],[-71.39916666666666,18.881666666666668]],[[-71.38416666666666,18.879166666666666],[-71.38833333333332,18.874166666666667],[-71.38499999999999,18.871666666666666],[-71.38,18.8775],[-71.38416666666666,18.879166666666666]],[[-71.26166666666666,18.875833333333333],[-71.25916666666666,18.874166666666667],[-71.2575,18.876666666666665],[-71.25999999999999,18.878333333333334],[-71.26166666666666,18.875833333333333]],[[-71.54083333333332,18.871666666666666],[-71.54583333333333,18.87],[-71.5475,18.8675],[-71.54333333333332,18.865833333333335],[-71.53833333333333,18.87],[-71.54083333333332,18.871666666666666]],[[-71.63583333333332,18.868333333333332],[-71.63333333333333,18.863333333333333],[-71.6275,18.864166666666666],[-71.63333333333333,18.870833333333334],[-71.63583333333332,18.868333333333332]],[[-71.62583333333333,18.8675],[-71.62333333333332,18.865833333333335],[-71.62166666666666,18.868333333333332],[-71.62416666666667,18.87],[-71.62583333333333,18.8675]],[[-71.6275,18.86],[-71.61916666666666,18.850833333333334],[-71.61333333333333,18.851666666666667],[-71.62166666666666,18.8625],[-71.62583333333333,18.863333333333333],[-71.6275,18.86]],[[-71.46249999999999,18.86],[-71.46,18.858333333333334],[-71.45833333333333,18.860833333333332],[-71.46083333333333,18.8625],[-71.46249999999999,18.86]],[[-71.58916666666666,18.860833333333332],[-71.5925,18.857499999999998],[-71.58916666666666,18.854166666666668],[-71.58666666666666,18.859166666666667],[-71.58916666666666,18.860833333333332]],[[-71.535,18.860833333333332],[-71.53833333333333,18.857499999999998],[-71.535,18.855833333333333],[-71.5325,18.859166666666667],[-71.535,18.860833333333332]],[[-71.56666666666666,18.859166666666667],[-71.57,18.855833333333333],[-71.56833333333333,18.854166666666668],[-71.565,18.855833333333333],[-71.56666666666666,18.859166666666667]],[[-71.56083333333332,18.859166666666667],[-71.56333333333333,18.855833333333333],[-71.56083333333332,18.854166666666668],[-71.55833333333332,18.857499999999998],[-71.56083333333332,18.859166666666667]],[[-71.60666666666665,18.855833333333333],[-71.60416666666666,18.85333333333333],[-71.60166666666666,18.855],[-71.60333333333332,18.858333333333334],[-71.60666666666665,18.855833333333333]],[[-71.5225,18.855833333333333],[-71.52,18.854166666666668],[-71.51833333333333,18.856666666666666],[-71.52083333333333,18.858333333333334],[-71.5225,18.855833333333333]],[[-71.5775,18.857499999999998],[-71.585,18.851666666666667],[-71.58333333333333,18.849166666666665],[-71.57499999999999,18.855833333333333],[-71.5775,18.857499999999998]],[[-71.60666666666665,18.854166666666668],[-71.61166666666666,18.851666666666667],[-71.60916666666667,18.8475],[-71.60416666666666,18.85],[-71.60666666666665,18.854166666666668]],[[-71.60083333333333,18.85],[-71.59833333333333,18.848333333333333],[-71.59666666666666,18.850833333333334],[-71.59916666666666,18.8525],[-71.60083333333333,18.85]],[[-71.55166666666666,18.845833333333335],[-71.54833333333333,18.844166666666666],[-71.54666666666667,18.846666666666668],[-71.55,18.848333333333333],[-71.55166666666666,18.845833333333335]],[[-71.54083333333332,18.843333333333334],[-71.5375,18.841666666666665],[-71.53583333333333,18.844166666666666],[-71.53916666666666,18.845833333333335],[-71.54083333333332,18.843333333333334]],[[-71.51416666666667,18.841666666666665],[-71.51166666666666,18.84],[-71.50916666666666,18.843333333333334],[-71.51249999999999,18.845833333333335],[-71.51416666666667,18.841666666666665]],[[-71.45166666666667,18.841666666666665],[-71.44749999999999,18.8375],[-71.4425,18.838333333333335],[-71.44916666666666,18.845],[-71.45166666666667,18.841666666666665]],[[-71.55,18.8425],[-71.55333333333333,18.84],[-71.55166666666666,18.83416666666667],[-71.54499999999999,18.8375],[-71.55,18.8425]],[[-71.5075,18.841666666666665],[-71.51249999999999,18.8375],[-71.50999999999999,18.83416666666667],[-71.50416666666666,18.8375],[-71.5075,18.841666666666665]],[[-71.43666666666667,18.8325],[-71.43416666666666,18.83],[-71.43083333333333,18.831666666666667],[-71.43416666666666,18.835833333333333],[-71.43666666666667,18.8325]],[[-71.13666666666666,18.835833333333333],[-71.13916666666667,18.830833333333334],[-71.13583333333332,18.8275],[-71.13749999999999,18.820833333333333],[-71.12416666666667,18.811666666666667],[-71.11999999999999,18.81833333333333],[-71.12333333333332,18.829166666666666],[-71.13666666666666,18.835833333333333]],[[-71.61833333333333,18.829166666666666],[-71.61583333333333,18.8275],[-71.61416666666666,18.83],[-71.61666666666666,18.831666666666667],[-71.61833333333333,18.829166666666666]],[[-71.46666666666665,18.830833333333334],[-71.47083333333333,18.826666666666668],[-71.46916666666667,18.824166666666667],[-71.46499999999999,18.8275],[-71.46666666666665,18.830833333333334]],[[-71.15833333333333,18.825833333333332],[-71.15249999999999,18.82],[-71.14999999999999,18.821666666666665],[-71.15583333333333,18.83],[-71.15833333333333,18.825833333333332]],[[-71.49749999999999,18.829166666666666],[-71.50083333333333,18.825833333333332],[-71.49916666666667,18.824166666666667],[-71.49583333333332,18.825833333333332],[-71.49749999999999,18.829166666666666]],[[-71.11749999999999,18.825],[-71.115,18.823333333333334],[-71.1125,18.826666666666668],[-71.11583333333333,18.828333333333333],[-71.11749999999999,18.825]],[[-71.405,18.82],[-71.39916666666666,18.813333333333333],[-71.39583333333333,18.815833333333334],[-71.40083333333332,18.823333333333334],[-71.405,18.82]],[[-71.43833333333333,18.8225],[-71.44166666666666,18.819166666666668],[-71.43666666666667,18.815],[-71.43666666666667,18.81],[-71.42666666666666,18.813333333333333],[-71.41583333333332,18.8125],[-71.41999999999999,18.8175],[-71.43416666666666,18.81833333333333],[-71.43833333333333,18.8225]],[[-71.44833333333332,18.81833333333333],[-71.44583333333333,18.816666666666666],[-71.44416666666666,18.819166666666668],[-71.44666666666666,18.820833333333333],[-71.44833333333332,18.81833333333333]],[[-71.14166666666667,18.81],[-71.13416666666666,18.8],[-71.13083333333333,18.8025],[-71.1275,18.799166666666668],[-71.12416666666667,18.8025],[-71.13,18.810833333333335],[-71.14,18.8125],[-71.14166666666667,18.81]],[[-71.35333333333332,18.803333333333335],[-71.35083333333333,18.801666666666666],[-71.34916666666666,18.804166666666667],[-71.35166666666666,18.805833333333332],[-71.35333333333332,18.803333333333335]],[[-71.365,18.8],[-71.3625,18.798333333333332],[-71.36083333333333,18.800833333333333],[-71.36333333333333,18.8025],[-71.365,18.8]],[[-71.36916666666666,18.794166666666666],[-71.36416666666666,18.79083333333333],[-71.36083333333333,18.793333333333333],[-71.36333333333333,18.796666666666667],[-71.36916666666666,18.794166666666666]],[[-71.35499999999999,18.794166666666666],[-71.35166666666666,18.791666666666668],[-71.35333333333332,18.789166666666667],[-71.35,18.785833333333333],[-71.35249999999999,18.783333333333335],[-71.35,18.781666666666666],[-71.34416666666667,18.788333333333334],[-71.35,18.795833333333334],[-71.35499999999999,18.794166666666666]],[[-71.31416666666667,18.791666666666668],[-71.32083333333333,18.785],[-71.31916666666666,18.778333333333332],[-71.3125,18.7875],[-71.31416666666667,18.791666666666668]],[[-71.33416666666666,18.7825],[-71.33166666666666,18.779166666666665],[-71.3275,18.781666666666666],[-71.33166666666666,18.785],[-71.33416666666666,18.7825]],[[-71.32583333333332,18.7775],[-71.32249999999999,18.775833333333335],[-71.32083333333333,18.778333333333332],[-71.32416666666666,18.78],[-71.32583333333332,18.7775]],[[-71.29249999999999,18.776666666666667],[-71.28999999999999,18.774166666666666],[-71.2875,18.775833333333335],[-71.28999999999999,18.78],[-71.29249999999999,18.776666666666667]],[[-71.30916666666666,18.776666666666667],[-71.30749999999999,18.77166666666667],[-71.30999999999999,18.768333333333334],[-71.30499999999999,18.766666666666666],[-71.3025,18.775833333333335],[-71.30666666666666,18.779166666666665],[-71.30916666666666,18.776666666666667]],[[-71.285,18.769166666666667],[-71.2825,18.7675],[-71.28083333333333,18.77],[-71.28333333333333,18.77166666666667],[-71.285,18.769166666666667]],[[-71.29583333333333,18.75583333333333],[-71.29333333333332,18.754166666666666],[-71.28999999999999,18.759166666666665],[-71.29416666666665,18.761666666666667],[-71.29583333333333,18.75583333333333]],[[-71.24083333333333,18.7525],[-71.23833333333333,18.750833333333333],[-71.23666666666666,18.753333333333334],[-71.23916666666666,18.755],[-71.24083333333333,18.7525]],[[-71.23666666666666,18.748333333333335],[-71.24,18.7425],[-71.23666666666666,18.74],[-71.23333333333333,18.746666666666666],[-71.23666666666666,18.748333333333335]],[[-71.27166666666666,18.734166666666667],[-71.27583333333332,18.730833333333333],[-71.27,18.7275],[-71.26833333333333,18.730833333333333],[-71.27166666666666,18.734166666666667]],[[-71.41666666666666,18.719166666666666],[-71.42083333333333,18.715],[-71.41833333333332,18.7125],[-71.41416666666666,18.715],[-71.41666666666666,18.719166666666666]],[[-71.4125,18.705833333333334],[-71.41,18.704166666666666],[-71.40833333333333,18.706666666666667],[-71.41083333333333,18.708333333333332],[-71.4125,18.705833333333334]],[[-71.37833333333333,18.685],[-71.37416666666667,18.680833333333332],[-71.37166666666666,18.6825],[-71.37583333333333,18.6875],[-71.37833333333333,18.685]],[[-71.33833333333332,18.656666666666666],[-71.34083333333332,18.653333333333332],[-71.33833333333332,18.651666666666667],[-71.33583333333333,18.655],[-71.33833333333332,18.656666666666666]],[[-71.30999999999999,18.6475],[-71.30749999999999,18.645833333333332],[-71.30583333333333,18.648333333333333],[-71.30833333333332,18.65],[-71.30999999999999,18.6475]],[[-71.28916666666666,18.6375],[-71.28666666666666,18.635833333333334],[-71.285,18.638333333333332],[-71.2875,18.64],[-71.28916666666666,18.6375]]],[[[-71.3425,18.891666666666666],[-71.34333333333333,18.890833333333333],[-71.34333333333333,18.891666666666666],[-71.3425,18.891666666666666]]],[[[-71.29583333333333,18.91583333333333],[-71.28666666666666,18.903333333333332],[-71.2875,18.898333333333333],[-71.29499999999999,18.904166666666665],[-71.3,18.905],[-71.30333333333333,18.9],[-71.30999999999999,18.904166666666665],[-71.3025,18.91],[-71.29916666666666,18.9075],[-71.29583333333333,18.91583333333333]]],[[[-71.28916666666666,18.921666666666667],[-71.28833333333333,18.920833333333334],[-71.28916666666666,18.920833333333334],[-71.28916666666666,18.921666666666667]]],[[[-71.33583333333333,18.939166666666665],[-71.33666666666666,18.938333333333333],[-71.33666666666666,18.939166666666665],[-71.33583333333333,18.939166666666665]]],[[[-71.48166666666665,19.018333333333334],[-71.48416666666667,19.015],[-71.48666666666666,19.02],[-71.48333333333333,19.02166666666667],[-71.48166666666665,19.018333333333334]]],[[[-71.265,18.598333333333333],[-71.26583333333333,18.594166666666666],[-71.2675,18.596666666666668],[-71.265,18.598333333333333]]],[[[-71.23333333333333,18.6175],[-71.23083333333332,18.615],[-71.23249999999999,18.609166666666667],[-71.22833333333332,18.605],[-71.22416666666666,18.609166666666667],[-71.22083333333333,18.607499999999998],[-71.22833333333332,18.6],[-71.22416666666666,18.595833333333335],[-71.22749999999999,18.591666666666665],[-71.22416666666666,18.578333333333333],[-71.23416666666667,18.58416666666667],[-71.22833333333332,18.586666666666666],[-71.22999999999999,18.589166666666667],[-71.23333333333333,18.5875],[-71.2375,18.593333333333334],[-71.24416666666666,18.593333333333334],[-71.23666666666666,18.595833333333335],[-71.23666666666666,18.6],[-71.23249999999999,18.60333333333333],[-71.24416666666666,18.61],[-71.23333333333333,18.6175]]],[[[-71.28833333333333,18.609166666666667],[-71.265,18.607499999999998],[-71.25333333333333,18.599166666666665],[-71.25833333333333,18.5975],[-71.26249999999999,18.600833333333334],[-71.265,18.598333333333333],[-71.265,18.6025],[-71.26916666666666,18.605833333333333],[-71.27666666666666,18.605],[-71.28083333333333,18.600833333333334],[-71.28,18.605],[-71.28833333333333,18.609166666666667]]],[[[-71.16499999999999,18.64666666666667],[-71.16416666666666,18.645833333333332],[-71.16499999999999,18.645833333333332],[-71.16499999999999,18.64666666666667]]],[[[-71.2725,18.6575],[-71.2675,18.651666666666667],[-71.26249999999999,18.655],[-71.255,18.653333333333332],[-71.2525,18.64666666666667],[-71.25583333333333,18.644166666666667],[-71.26249999999999,18.64666666666667],[-71.26666666666667,18.643333333333334],[-71.27916666666665,18.654166666666665],[-71.2725,18.6575]]],[[[-71.16499999999999,18.665],[-71.15083333333332,18.6575],[-71.145,18.650833333333335],[-71.1475,18.648333333333333],[-71.15083333333332,18.65],[-71.15666666666667,18.643333333333334],[-71.16583333333332,18.65],[-71.16749999999999,18.6475],[-71.16499999999999,18.645],[-71.16999999999999,18.6425],[-71.18083333333333,18.64666666666667],[-71.195,18.640833333333333],[-71.21,18.6425],[-71.21916666666667,18.6375],[-71.21666666666665,18.645],[-71.2075,18.643333333333334],[-71.19916666666666,18.64666666666667],[-71.18166666666666,18.661666666666665],[-71.16499999999999,18.665]]],[[[-71.22166666666666,18.676666666666666],[-71.22666666666666,18.68],[-71.225,18.6825],[-71.21666666666665,18.679166666666667],[-71.22166666666666,18.676666666666666]]],[[[-71.21666666666665,18.68],[-71.21583333333332,18.679166666666667],[-71.21666666666665,18.679166666666667],[-71.21666666666665,18.68]]],[[[-71.26249999999999,18.703333333333333],[-71.26583333333333,18.698333333333334],[-71.25916666666666,18.691666666666666],[-71.25999999999999,18.6875],[-71.28,18.681666666666665],[-71.28,18.6875],[-71.27416666666666,18.685],[-71.26833333333333,18.69],[-71.27166666666666,18.695833333333333],[-71.2675,18.7025],[-71.26249999999999,18.703333333333333]]],[[[-71.16333333333333,18.714166666666667],[-71.16333333333333,18.710833333333333],[-71.16499999999999,18.713333333333335],[-71.16333333333333,18.714166666666667]]],[[[-71.09916666666666,18.760833333333334],[-71.095,18.755],[-71.08749999999999,18.755],[-71.08666666666666,18.749166666666667],[-71.0825,18.75],[-71.0775,18.741666666666667],[-71.07916666666667,18.738333333333333],[-71.07333333333332,18.735833333333332],[-71.07499999999999,18.731666666666666],[-71.07833333333333,18.73],[-71.08416666666666,18.736666666666668],[-71.08666666666666,18.735],[-71.10083333333333,18.751666666666665],[-71.10499999999999,18.751666666666665],[-71.10916666666667,18.756666666666668],[-71.10416666666666,18.75583333333333],[-71.10333333333332,18.76],[-71.09916666666666,18.760833333333334]]],[[[-71.10249999999999,18.775833333333335],[-71.09583333333333,18.77],[-71.10416666666666,18.7625],[-71.11,18.763333333333332],[-71.11166666666666,18.7575],[-71.12083333333332,18.7575],[-71.10833333333333,18.77166666666667],[-71.10499999999999,18.769166666666667],[-71.10249999999999,18.775833333333335]]],[[[-71.10166666666666,18.821666666666665],[-71.10499999999999,18.8225],[-71.10249999999999,18.824166666666667],[-71.10166666666666,18.821666666666665]]],[[[-71.10249999999999,18.825],[-71.10166666666666,18.824166666666667],[-71.10249999999999,18.824166666666667],[-71.10249999999999,18.825]]]]}},{"type":"Feature","properties":{"id":20,"name":"Aguas Negras","type":"uninhabited upland","places":"Aguas Negras (town, 10,803), Las Mercedes (town, 3,974), El Mogote (town, 1,896), Mapioro (town), Buc\u00e1n Polo (village, 200)","lon":-71.52003,"lat":18.04329,"floor_km2":195.1,"floor_elev_m":674,"floor_elev_min":374,"floor_elev_max":1640,"tavg_c":21.6,"tavg_lapse_c":22.3,"tavg_cell_c":20.0,"pop_town":10803,"pop_5km":0,"pop_10km":22,"relief_10km_m":633,"dist_sd_km":175,"dist_sti_km":179,"hospital_km":23.1,"hospital_name":"CPN PEDERNALES","clinic_km":23.1,"river_near":"R\u00edo Aguas Negras (23.0 km, mapped 8 km)","big_river_km":null,"big_river":null,"hotels_10km":0,"airport":"CBJ 18 km","route_from":"valley centroid","drive_sd_min":292,"drive_sd_km":283,"drive_sti_min":374,"drive_sti_km":374,"drive_sdq_min":316,"drive_sdq_km":314,"drive_stiap_min":366,"drive_stiap_km":365,"drive_jbq_min":302,"drive_jbq_km":293,"drive_hospital_min":11,"drive_hospital_km":9.8,"hospital_by_road":"Centro de Diagn\u00f3stico y Atenci\u00f3n Primaria","criteria":{"cool":0.44,"near_sd":0.0,"near_sti":0.0,"health":0.891,"river":0.0,"scenic":0.527,"quiet":1.0,"tourism":0.0},"ours":false},"geometry":{"type":"MultiPolygon","coordinates":[[[[-71.57499999999999,18.051666666666666],[-71.55749999999999,18.0475],[-71.55666666666666,18.038333333333334],[-71.55,18.036666666666665],[-71.52,18.0125],[-71.51583333333333,18.014166666666668],[-71.51083333333332,18.011666666666667],[-71.50833333333333,18.014166666666668],[-71.49333333333333,18.011666666666667],[-71.4875,18.006666666666668],[-71.48249999999999,18.01],[-71.475,18.006666666666668],[-71.47333333333333,18.010833333333334],[-71.47,18.01],[-71.46333333333332,18.015833333333333],[-71.46666666666665,18.011666666666667],[-71.46499999999999,18.009166666666665],[-71.4525,18.0075],[-71.455,18.003333333333334],[-71.44999999999999,17.999166666666667],[-71.45333333333333,17.99],[-71.45166666666667,17.986666666666668],[-71.45583333333333,17.988333333333333],[-71.45833333333333,17.985833333333332],[-71.4575,17.979166666666668],[-71.4675,17.971666666666668],[-71.47333333333333,17.974166666666665],[-71.475,17.968333333333334],[-71.47833333333332,17.97083333333333],[-71.48166666666665,17.9625],[-71.4875,17.96],[-71.4875,17.9525],[-71.49166666666666,17.958333333333332],[-71.49333333333333,17.951666666666668],[-71.49083333333333,17.949166666666667],[-71.49583333333332,17.941666666666666],[-71.49916666666667,17.941666666666666],[-71.5025,17.946666666666665],[-71.49833333333332,17.945],[-71.49666666666666,17.9475],[-71.50416666666666,17.951666666666668],[-71.5075,17.95],[-71.51083333333332,17.955833333333334],[-71.51666666666667,17.9575],[-71.51666666666667,17.963333333333335],[-71.52833333333332,17.97083333333333],[-71.52666666666666,17.975],[-71.53083333333333,17.97833333333333],[-71.52833333333332,17.983333333333334],[-71.535,17.989166666666666],[-71.53333333333333,17.993333333333332],[-71.55583333333333,18.0125],[-71.5625,18.011666666666667],[-71.565,18.0175],[-71.57083333333333,18.020833333333332],[-71.57166666666666,18.025833333333335],[-71.57833333333333,18.0275],[-71.57916666666667,18.031666666666666],[-71.57499999999999,18.03333333333333],[-71.57583333333332,18.0375],[-71.57166666666666,18.04083333333333],[-71.57499999999999,18.051666666666666]],[[-71.56416666666667,18.041666666666668],[-71.56833333333333,18.038333333333334],[-71.56583333333333,18.035833333333333],[-71.5675,18.0275],[-71.56166666666667,18.020833333333332],[-71.55999999999999,18.024166666666666],[-71.5625,18.0275],[-71.55833333333332,18.026666666666667],[-71.55666666666666,18.03],[-71.56166666666667,18.03],[-71.565,18.034166666666668],[-71.56083333333332,18.0375],[-71.56416666666667,18.041666666666668]],[[-71.5525,18.026666666666667],[-71.55499999999999,18.02166666666667],[-71.54916666666666,18.0225],[-71.5525,18.026666666666667]],[[-71.54249999999999,18.014166666666668],[-71.54583333333333,18.010833333333334],[-71.54083333333332,18.0025],[-71.5375,18.0075],[-71.54249999999999,18.014166666666668]],[[-71.4725,18.008333333333333],[-71.47166666666666,18.000833333333333],[-71.4675,18.006666666666668],[-71.4725,18.008333333333333]],[[-71.53416666666666,18.004166666666666],[-71.53166666666667,18.0025],[-71.53,18.005],[-71.5325,18.006666666666668],[-71.53416666666666,18.004166666666666]],[[-71.48166666666665,18.003333333333334],[-71.47916666666666,18.001666666666665],[-71.47749999999999,18.004166666666666],[-71.47999999999999,18.00583333333333],[-71.48166666666665,18.003333333333334]],[[-71.52583333333332,18.000833333333333],[-71.5225,17.996666666666666],[-71.51666666666667,17.999166666666667],[-71.52333333333333,18.003333333333334],[-71.52583333333332,18.000833333333333]],[[-71.51583333333333,17.9975],[-71.50916666666666,17.9925],[-71.50666666666666,17.994166666666665],[-71.51333333333332,18.0],[-71.51583333333333,17.9975]],[[-71.53,17.995],[-71.52749999999999,17.9925],[-71.52499999999999,17.994166666666665],[-71.52749999999999,17.998333333333335],[-71.53,17.995]],[[-71.51166666666666,17.982499999999998],[-71.50833333333333,17.98],[-71.50666666666666,17.983333333333334],[-71.50999999999999,17.985],[-71.51166666666666,17.982499999999998]],[[-71.49583333333332,17.983333333333334],[-71.49916666666667,17.979166666666668],[-71.49666666666666,17.976666666666667],[-71.49166666666666,17.98],[-71.49583333333332,17.983333333333334]],[[-71.49916666666667,17.9725],[-71.50666666666666,17.969166666666666],[-71.50333333333333,17.965],[-71.49749999999999,17.97],[-71.49916666666667,17.9725]],[[-71.50416666666666,17.954166666666666],[-71.50083333333333,17.9525],[-71.49916666666667,17.955],[-71.5025,17.9575],[-71.50416666666666,17.954166666666666]]],[[[-71.50916666666666,18.041666666666668],[-71.51083333333332,18.038333333333334],[-71.5075,18.035833333333333],[-71.50083333333333,18.039166666666667],[-71.49166666666666,18.034166666666668],[-71.49583333333332,18.029166666666665],[-71.485,18.025833333333335],[-71.49166666666666,18.0225],[-71.49,18.018333333333334],[-71.52499999999999,18.02],[-71.52749999999999,18.024166666666666],[-71.5225,18.0275],[-71.52416666666666,18.03],[-71.52749999999999,18.0275],[-71.535,18.03],[-71.52833333333332,18.038333333333334],[-71.51333333333332,18.038333333333334],[-71.50916666666666,18.041666666666668]],[[-71.50416666666666,18.023333333333333],[-71.50083333333333,18.02166666666667],[-71.49916666666667,18.024166666666666],[-71.5025,18.025833333333335],[-71.50416666666666,18.023333333333333]]],[[[-71.47916666666666,18.0575],[-71.47833333333332,18.056666666666665],[-71.47916666666666,18.056666666666665],[-71.47916666666666,18.0575]]],[[[-71.47999999999999,18.0575],[-71.47916666666666,18.06],[-71.47833333333332,18.058333333333334],[-71.47999999999999,18.0575]]],[[[-71.51583333333333,18.073333333333334],[-71.51583333333333,18.07],[-71.51833333333333,18.0725],[-71.51583333333333,18.073333333333334]]],[[[-71.60499999999999,18.083333333333332],[-71.60416666666666,18.0825],[-71.60499999999999,18.0825],[-71.60499999999999,18.083333333333332]]],[[[-71.60916666666667,18.079166666666666],[-71.60666666666665,18.075833333333332],[-71.6,18.079166666666666],[-71.60416666666666,18.083333333333332],[-71.6,18.089166666666667],[-71.60583333333332,18.091666666666665],[-71.60499999999999,18.096666666666668],[-71.59333333333333,18.0875],[-71.60083333333333,18.085],[-71.59166666666665,18.0775],[-71.59083333333332,18.073333333333334],[-71.59583333333333,18.07],[-71.59083333333332,18.065],[-71.58583333333333,18.065],[-71.58416666666666,18.0575],[-71.5775,18.051666666666666],[-71.59416666666667,18.054166666666667],[-71.60249999999999,18.07],[-71.60666666666665,18.06833333333333],[-71.61166666666666,18.075],[-71.62833333333333,18.080833333333334],[-71.63583333333332,18.088333333333335],[-71.63916666666667,18.086666666666666],[-71.655,18.091666666666665],[-71.6575,18.081666666666667],[-71.65416666666665,18.078333333333333],[-71.64666666666666,18.08],[-71.63583333333332,18.071666666666665],[-71.63416666666666,18.066666666666666],[-71.63666666666666,18.065],[-71.65166666666666,18.073333333333334],[-71.66166666666666,18.083333333333332],[-71.66749999999999,18.0825],[-71.68333333333332,18.096666666666668],[-71.6925,18.1],[-71.69749999999999,18.109166666666667],[-71.70166666666667,18.106666666666666],[-71.70083333333332,18.11],[-71.70416666666667,18.1125],[-71.70666666666666,18.110833333333332],[-71.71666666666665,18.121666666666666],[-71.71333333333332,18.129166666666666],[-71.71833333333333,18.1325],[-71.71249999999999,18.1375],[-71.71416666666666,18.145],[-71.70583333333333,18.1375],[-71.71166666666666,18.1325],[-71.70083333333332,18.1275],[-71.70083333333332,18.135],[-71.70416666666667,18.1375],[-71.70083333333332,18.141666666666666],[-71.70166666666667,18.14666666666667],[-71.70583333333333,18.150833333333335],[-71.71,18.14666666666667],[-71.70916666666666,18.150833333333335],[-71.71666666666665,18.16],[-71.71416666666666,18.161666666666665],[-71.70416666666667,18.153333333333332],[-71.69916666666666,18.155833333333334],[-71.69166666666666,18.148333333333333],[-71.68666666666667,18.148333333333333],[-71.68249999999999,18.138333333333332],[-71.67833333333333,18.1425],[-71.675,18.138333333333332],[-71.66916666666665,18.1375],[-71.66999999999999,18.133333333333333],[-71.66583333333332,18.13],[-71.66166666666666,18.1325],[-71.66333333333333,18.126666666666665],[-71.65166666666666,18.118333333333332],[-71.65333333333332,18.115833333333335],[-71.64916666666666,18.110833333333332],[-71.645,18.108333333333334],[-71.64,18.110833333333332],[-71.6425,18.101666666666667],[-71.64,18.1],[-71.63666666666666,18.10333333333333],[-71.63749999999999,18.109166666666667],[-71.63416666666666,18.109166666666667],[-71.63416666666666,18.105833333333333],[-71.6275,18.101666666666667],[-71.62833333333333,18.09583333333333],[-71.625,18.0925],[-71.62166666666666,18.095],[-71.61916666666666,18.093333333333334],[-71.625,18.089166666666667],[-71.61749999999999,18.089166666666667],[-71.60916666666667,18.080833333333334],[-71.60583333333332,18.083333333333332],[-71.60916666666667,18.079166666666666]],[[-71.60916666666667,18.0775],[-71.61166666666666,18.080833333333334],[-71.61416666666666,18.079166666666666],[-71.61166666666666,18.075833333333332],[-71.60916666666667,18.0775]],[[-71.69416666666666,18.145],[-71.69833333333332,18.14666666666667],[-71.69999999999999,18.144166666666667],[-71.6875,18.135],[-71.68833333333333,18.145],[-71.69083333333333,18.1475],[-71.69416666666666,18.145]],[[-71.6775,18.133333333333333],[-71.675,18.131666666666668],[-71.67333333333333,18.135],[-71.67583333333333,18.136666666666667],[-71.6775,18.133333333333333]],[[-71.69583333333333,18.134166666666665],[-71.69749999999999,18.126666666666665],[-71.695,18.125],[-71.69,18.13083333333333],[-71.69583333333333,18.134166666666665]],[[-71.67166666666667,18.128333333333334],[-71.675,18.125],[-71.66916666666665,18.120833333333334],[-71.66583333333332,18.123333333333335],[-71.67166666666667,18.128333333333334]],[[-71.69583333333333,18.1225],[-71.69333333333333,18.118333333333332],[-71.68916666666667,18.120833333333334],[-71.69333333333333,18.125],[-71.69583333333333,18.1225]]],[[[-71.55999999999999,18.163333333333334],[-71.55666666666666,18.155],[-71.55083333333333,18.158333333333335],[-71.54583333333333,18.153333333333332],[-71.54833333333333,18.15],[-71.53833333333333,18.1425],[-71.53999999999999,18.136666666666667],[-71.535,18.135],[-71.53083333333333,18.124166666666667],[-71.5375,18.1175],[-71.52749999999999,18.11],[-71.52749999999999,18.105833333333333],[-71.52333333333333,18.105833333333333],[-71.5175,18.091666666666665],[-71.50999999999999,18.0875],[-71.50916666666666,18.080833333333334],[-71.5025,18.073333333333334],[-71.50416666666666,18.069166666666668],[-71.49583333333332,18.069166666666668],[-71.49249999999999,18.0725],[-71.49083333333333,18.0675],[-71.48666666666666,18.06833333333333],[-71.48249999999999,18.056666666666665],[-71.4875,18.055833333333332],[-71.49083333333333,18.060833333333335],[-71.49166666666666,18.053333333333335],[-71.5,18.055833333333332],[-71.50416666666666,18.053333333333335],[-71.50333333333333,18.056666666666665],[-71.50916666666666,18.06],[-71.5,18.06],[-71.49499999999999,18.065],[-71.49666666666666,18.0675],[-71.51249999999999,18.061666666666667],[-71.50999999999999,18.065833333333334],[-71.51416666666667,18.071666666666665],[-71.51249999999999,18.074166666666667],[-71.5175,18.074166666666667],[-71.52499999999999,18.085833333333333],[-71.52916666666665,18.08416666666667],[-71.52749999999999,18.088333333333335],[-71.53,18.090833333333332],[-71.53416666666666,18.09],[-71.52833333333332,18.093333333333334],[-71.53,18.096666666666668],[-71.53583333333333,18.095],[-71.53999999999999,18.099166666666665],[-71.54666666666667,18.1],[-71.55,18.095],[-71.55166666666666,18.100833333333334],[-71.55499999999999,18.099166666666665],[-71.55749999999999,18.101666666666667],[-71.55583333333333,18.104166666666668],[-71.54666666666667,18.101666666666667],[-71.54583333333333,18.105833333333333],[-71.53833333333333,18.110833333333332],[-71.53999999999999,18.113333333333333],[-71.55499999999999,18.111666666666668],[-71.54916666666666,18.1175],[-71.56083333333332,18.124166666666667],[-71.565,18.1175],[-71.56916666666666,18.116666666666667],[-71.59333333333333,18.121666666666666],[-71.58583333333333,18.125833333333333],[-71.58333333333333,18.123333333333335],[-71.56833333333333,18.126666666666665],[-71.56333333333333,18.125],[-71.54499999999999,18.13083333333333],[-71.5475,18.135],[-71.55999999999999,18.134166666666665],[-71.56416666666667,18.13083333333333],[-71.57333333333332,18.136666666666667],[-71.56583333333333,18.143333333333334],[-71.56916666666666,18.1475],[-71.57499999999999,18.140833333333333],[-71.5775,18.1425],[-71.57333333333332,18.1475],[-71.57583333333332,18.150833333333335],[-71.57916666666667,18.148333333333333],[-71.5825,18.150833333333335],[-71.59083333333332,18.15],[-71.595,18.155833333333334],[-71.59333333333333,18.159166666666668],[-71.58916666666666,18.156666666666666],[-71.58333333333333,18.164166666666667],[-71.57916666666667,18.16],[-71.565,18.165],[-71.55999999999999,18.163333333333334]],[[-71.55583333333333,18.150833333333335],[-71.55333333333333,18.149166666666666],[-71.55083333333333,18.1525],[-71.55416666666666,18.155],[-71.55583333333333,18.150833333333335]],[[-71.54916666666666,18.118333333333332],[-71.54666666666667,18.116666666666667],[-71.54499999999999,18.119166666666665],[-71.5475,18.120833333333334],[-71.54916666666666,18.118333333333332]]],[[[-71.64083333333333,18.114166666666666],[-71.64,18.111666666666668],[-71.64166666666667,18.1125],[-71.64083333333333,18.114166666666666]]],[[[-71.64166666666667,18.113333333333333],[-71.6425,18.114166666666666],[-71.64166666666667,18.114166666666666],[-71.64166666666667,18.113333333333333]]],[[[-71.64999999999999,18.120833333333334],[-71.6425,18.115],[-71.64333333333333,18.113333333333333],[-71.65166666666666,18.118333333333332],[-71.64999999999999,18.120833333333334]]],[[[-71.67833333333333,18.143333333333334],[-71.6775,18.1425],[-71.67833333333333,18.1425],[-71.67833333333333,18.143333333333334]]],[[[-71.67999999999999,18.15],[-71.67583333333333,18.145],[-71.67666666666666,18.143333333333334],[-71.67999999999999,18.145833333333332],[-71.67999999999999,18.15]]],[[[-71.7175,18.158333333333335],[-71.7225,18.154166666666665],[-71.72416666666666,18.155],[-71.72,18.159166666666668],[-71.7175,18.158333333333335]]],[[[-71.7175,18.159166666666668],[-71.71666666666665,18.158333333333335],[-71.7175,18.158333333333335],[-71.7175,18.159166666666668]]],[[[-71.5925,18.16],[-71.59166666666665,18.159166666666668],[-71.5925,18.159166666666668],[-71.5925,18.16]]],[[[-71.59083333333332,18.1625],[-71.59166666666665,18.16],[-71.5925,18.161666666666665],[-71.59083333333332,18.1625]]],[[[-71.40083333333332,17.945],[-71.39333333333333,17.94],[-71.395,17.933333333333334],[-71.40166666666666,17.930833333333332],[-71.40833333333333,17.935],[-71.40416666666665,17.938333333333333],[-71.405,17.94333333333333],[-71.40083333333332,17.945]]],[[[-71.46666666666665,17.9425],[-71.46916666666667,17.94],[-71.4725,17.94333333333333],[-71.46916666666667,17.944166666666668],[-71.46666666666665,17.9425]]],[[[-71.40166666666666,17.9475],[-71.40083333333332,17.945],[-71.40249999999999,17.945833333333333],[-71.40166666666666,17.9475]]],[[[-71.45333333333333,17.969166666666666],[-71.44416666666666,17.966666666666665],[-71.44666666666666,17.961666666666666],[-71.44,17.954166666666666],[-71.43916666666667,17.941666666666666],[-71.44833333333332,17.938333333333333],[-71.44416666666666,17.953333333333333],[-71.44916666666666,17.955833333333334],[-71.44999999999999,17.948333333333334],[-71.46083333333333,17.945],[-71.46416666666666,17.94],[-71.46666666666665,17.9425],[-71.46416666666666,17.945],[-71.46583333333332,17.9475],[-71.45416666666667,17.955833333333334],[-71.4575,17.96],[-71.46166666666666,17.95916666666667],[-71.45416666666667,17.965],[-71.45333333333333,17.969166666666666]]],[[[-71.41499999999999,17.969166666666666],[-71.40166666666666,17.968333333333334],[-71.39999999999999,17.964166666666667],[-71.395,17.9675],[-71.38833333333332,17.964166666666667],[-71.3925,17.965],[-71.395,17.96],[-71.38749999999999,17.956666666666667],[-71.39083333333333,17.9475],[-71.39583333333333,17.9525],[-71.39999999999999,17.95],[-71.40333333333332,17.956666666666667],[-71.4075,17.956666666666667],[-71.4075,17.9625],[-71.41166666666666,17.95916666666667],[-71.40916666666666,17.963333333333335],[-71.41166666666666,17.966666666666665],[-71.42333333333333,17.961666666666666],[-71.41499999999999,17.969166666666666]],[[-71.39583333333333,17.954166666666666],[-71.39333333333333,17.9525],[-71.39166666666667,17.955],[-71.39416666666666,17.956666666666667],[-71.39583333333333,17.954166666666666]]],[[[-71.35583333333332,17.990833333333335],[-71.35666666666665,17.99],[-71.35666666666665,17.990833333333335],[-71.35583333333332,17.990833333333335]]],[[[-71.35583333333332,17.991666666666667],[-71.35333333333332,17.990833333333335],[-71.35499999999999,17.99],[-71.35583333333332,17.991666666666667]]],[[[-71.42916666666666,18.014166666666668],[-71.425,18.010833333333334],[-71.425,18.004166666666666],[-71.42833333333333,18.003333333333334],[-71.42916666666666,18.014166666666668]]],[[[-71.42416666666666,18.0675],[-71.41416666666666,18.056666666666665],[-71.41583333333332,18.053333333333335],[-71.41166666666666,18.050833333333333],[-71.41416666666666,18.0475],[-71.41166666666666,18.044999999999998],[-71.4075,18.046666666666667],[-71.41,18.043333333333333],[-71.40333333333332,18.035],[-71.395,18.031666666666666],[-71.39666666666666,18.0275],[-71.3925,18.0225],[-71.37416666666667,18.018333333333334],[-71.36749999999999,18.023333333333333],[-71.35666666666665,18.014166666666668],[-71.35666666666665,18.0075],[-71.35166666666666,18.0025],[-71.35333333333332,17.996666666666666],[-71.36,17.993333333333332],[-71.35666666666665,17.99],[-71.36083333333333,17.984166666666667],[-71.36,17.98],[-71.36416666666666,17.984166666666667],[-71.36749999999999,17.982499999999998],[-71.37083333333332,17.9875],[-71.36916666666666,17.990833333333335],[-71.37249999999999,17.995],[-71.36999999999999,17.9975],[-71.37583333333333,17.9975],[-71.38333333333333,18.00583333333333],[-71.38583333333332,18.0025],[-71.38,17.995833333333334],[-71.37333333333332,17.995],[-71.3775,17.9925],[-71.37333333333332,17.988333333333333],[-71.37416666666667,17.984166666666667],[-71.38083333333333,17.9875],[-71.3825,17.981666666666666],[-71.395,17.985833333333332],[-71.3975,17.9775],[-71.40249999999999,17.98],[-71.40666666666667,17.975],[-71.41083333333333,17.9775],[-71.425,17.966666666666665],[-71.43083333333333,17.969166666666666],[-71.43666666666667,17.963333333333335],[-71.4425,17.966666666666665],[-71.4375,17.971666666666668],[-71.43916666666667,17.975],[-71.44749999999999,17.971666666666668],[-71.44,17.980833333333333],[-71.43333333333332,17.980833333333333],[-71.43166666666666,17.985833333333332],[-71.42583333333333,17.9875],[-71.42333333333333,17.985],[-71.41499999999999,17.994166666666665],[-71.41,17.991666666666667],[-71.40916666666666,17.998333333333335],[-71.405,17.996666666666666],[-71.40333333333332,17.991666666666667],[-71.40083333333332,17.993333333333332],[-71.405,18.003333333333334],[-71.39916666666666,18.009166666666665],[-71.40666666666667,18.008333333333333],[-71.41416666666666,18.024166666666666],[-71.42333333333333,18.031666666666666],[-71.425,18.039166666666667],[-71.43416666666666,18.05],[-71.43249999999999,18.055],[-71.43583333333332,18.059166666666666],[-71.42999999999999,18.0675],[-71.42416666666666,18.0675]],[[-71.425,18.064166666666665],[-71.43249999999999,18.06],[-71.43083333333333,18.0575],[-71.42166666666667,18.0575],[-71.425,18.064166666666665]],[[-71.39916666666666,18.01],[-71.39666666666666,18.008333333333333],[-71.39416666666666,18.011666666666667],[-71.3975,18.014166666666668],[-71.39916666666666,18.01]],[[-71.4075,17.990833333333335],[-71.4125,17.986666666666668],[-71.41083333333333,17.984166666666667],[-71.405,17.989166666666666],[-71.4075,17.990833333333335]],[[-71.41499999999999,17.985],[-71.41749999999999,17.981666666666666],[-71.41499999999999,17.98],[-71.4125,17.983333333333334],[-71.41499999999999,17.985]]],[[[-71.34166666666665,18.020833333333332],[-71.33333333333333,18.018333333333334],[-71.32916666666667,18.010833333333334],[-71.34166666666665,18.011666666666667],[-71.345,18.018333333333334],[-71.34166666666665,18.020833333333332]]],[[[-71.42833333333333,18.023333333333333],[-71.42916666666666,18.020833333333332],[-71.42999999999999,18.0225],[-71.42833333333333,18.023333333333333]]],[[[-71.44833333333332,18.038333333333334],[-71.44999999999999,18.034166666666668],[-71.4425,18.03333333333333],[-71.44416666666666,18.028333333333332],[-71.44083333333333,18.025],[-71.43583333333332,18.024166666666666],[-71.43083333333333,18.018333333333334],[-71.42833333333333,18.020833333333332],[-71.42583333333333,18.019166666666667],[-71.42916666666666,18.014166666666668],[-71.43499999999999,18.02],[-71.43916666666667,18.0175],[-71.43666666666667,18.013333333333332],[-71.4425,18.01],[-71.44083333333333,18.014166666666668],[-71.4525,18.0275],[-71.45083333333332,18.039166666666667],[-71.44833333333332,18.038333333333334]]],[[[-71.45333333333333,18.026666666666667],[-71.45666666666666,18.0225],[-71.46,18.025],[-71.4575,18.028333333333332],[-71.45333333333333,18.026666666666667]]],[[[-71.45333333333333,18.0275],[-71.4525,18.026666666666667],[-71.45333333333333,18.026666666666667],[-71.45333333333333,18.0275]]],[[[-71.46583333333332,18.060833333333335],[-71.46499999999999,18.055],[-71.45583333333333,18.0425],[-71.45666666666666,18.03333333333333],[-71.46666666666665,18.035],[-71.47166666666666,18.030833333333334],[-71.46916666666667,18.028333333333332],[-71.47166666666666,18.026666666666667],[-71.47666666666666,18.031666666666666],[-71.4725,18.036666666666665],[-71.47749999999999,18.039166666666667],[-71.47833333333332,18.044999999999998],[-71.48833333333333,18.045833333333334],[-71.49083333333333,18.049166666666668],[-71.485,18.049166666666668],[-71.48333333333333,18.053333333333335],[-71.475,18.056666666666665],[-71.46833333333333,18.048333333333332],[-71.46583333333332,18.060833333333335]]],[[[-71.43416666666666,18.076666666666668],[-71.42999999999999,18.073333333333334],[-71.43666666666667,18.06833333333333],[-71.43583333333332,18.065],[-71.44833333333332,18.066666666666666],[-71.455,18.0725],[-71.4525,18.074166666666667],[-71.44583333333333,18.07],[-71.4425,18.074166666666667],[-71.4375,18.07],[-71.43416666666666,18.076666666666668]]]]}},{"type":"Feature","properties":{"id":17,"name":"Restauraci\u00f3n","type":"town valley","places":"Restauraci\u00f3n (town, 25,865), Guayajayuco (village)","lon":-71.74359,"lat":19.33041,"floor_km2":133.2,"floor_elev_m":604,"floor_elev_min":426,"floor_elev_max":716,"tavg_c":23.5,"tavg_lapse_c":22.7,"tavg_cell_c":23.2,"pop_town":25865,"pop_5km":171,"pop_10km":6088,"relief_10km_m":271,"dist_sd_km":213,"dist_sti_km":111,"hospital_km":16.9,"hospital_name":"Hospital de Loma de Cabrera","clinic_km":16.9,"river_near":"R\u00edo Lib\u00f3n (11.6 km, mapped 6 km)","big_river_km":null,"big_river":null,"hotels_10km":2,"airport":"COZ 118 km","route_from":"town","drive_sd_min":263,"drive_sd_km":313,"drive_sti_min":149,"drive_sti_km":162,"drive_sdq_min":288,"drive_sdq_km":344,"drive_stiap_min":161,"drive_stiap_km":177,"drive_jbq_min":262,"drive_jbq_km":312,"drive_hospital_min":26,"drive_hospital_km":14.9,"hospital_by_road":"Referencia Laboratorio Cl\u00ednico","criteria":{"cool":0.25,"near_sd":0.0,"near_sti":0.506,"health":0.618,"river":0.0,"scenic":0.226,"quiet":0.887,"tourism":0.337},"ours":false},"geometry":{"type":"MultiPolygon","coordinates":[[[[-71.66416666666666,19.230833333333333],[-71.6575,19.229166666666668],[-71.65416666666665,19.223333333333333],[-71.64999999999999,19.23],[-71.64999999999999,19.226666666666667],[-71.6425,19.2225],[-71.65083333333332,19.224166666666665],[-71.66083333333333,19.22],[-71.65916666666666,19.224166666666665],[-71.66583333333332,19.225833333333334],[-71.66416666666666,19.230833333333333]]],[[[-71.74416666666666,19.246666666666666],[-71.74416666666666,19.243333333333332],[-71.74583333333332,19.244166666666665],[-71.74416666666666,19.246666666666666]]],[[[-71.74249999999999,19.245833333333334],[-71.74166666666666,19.246666666666666],[-71.74166666666666,19.245833333333334],[-71.74249999999999,19.245833333333334]]],[[[-71.69,19.254166666666666],[-71.68499999999999,19.248333333333335],[-71.67333333333333,19.253333333333334],[-71.675,19.245],[-71.6725,19.240833333333335],[-71.67999999999999,19.2425],[-71.68249999999999,19.239166666666666],[-71.68916666666667,19.239166666666666],[-71.69333333333333,19.244166666666665],[-71.69583333333333,19.243333333333332],[-71.695,19.25],[-71.69,19.254166666666666]]],[[[-71.74749999999999,19.2825],[-71.73833333333333,19.280833333333334],[-71.73916666666666,19.274166666666666],[-71.73333333333333,19.273333333333333],[-71.7375,19.265833333333333],[-71.74,19.268333333333334],[-71.74249999999999,19.266666666666666],[-71.74,19.259166666666665],[-71.735,19.25583333333333],[-71.73249999999999,19.258333333333333],[-71.72999999999999,19.256666666666668],[-71.72833333333332,19.259166666666665],[-71.73416666666667,19.2625],[-71.73333333333333,19.265],[-71.72916666666666,19.260833333333334],[-71.71833333333333,19.263333333333332],[-71.71,19.25583333333333],[-71.71083333333333,19.251666666666665],[-71.70583333333333,19.246666666666666],[-71.7075,19.24],[-71.70083333333332,19.240833333333335],[-71.69833333333332,19.238333333333333],[-71.7025,19.2325],[-71.70083333333332,19.23],[-71.69416666666666,19.2375],[-71.68833333333333,19.2375],[-71.68583333333332,19.234166666666667],[-71.67916666666666,19.235833333333332],[-71.68166666666666,19.2325],[-71.67999999999999,19.23],[-71.69083333333333,19.2225],[-71.69083333333333,19.218333333333334],[-71.69333333333333,19.22],[-71.69583333333333,19.215],[-71.7075,19.224166666666665],[-71.71083333333333,19.220833333333335],[-71.71583333333332,19.2225],[-71.71416666666666,19.2275],[-71.725,19.239166666666666],[-71.73333333333333,19.2325],[-71.73416666666667,19.238333333333333],[-71.74083333333333,19.239166666666666],[-71.73583333333333,19.245],[-71.74166666666666,19.2475],[-71.73666666666666,19.251666666666665],[-71.74583333333332,19.258333333333333],[-71.74916666666667,19.263333333333332],[-71.74583333333332,19.268333333333334],[-71.75,19.27],[-71.74749999999999,19.273333333333333],[-71.75416666666666,19.2775],[-71.75083333333333,19.279166666666665],[-71.74499999999999,19.274166666666666],[-71.74333333333333,19.276666666666667],[-71.74749999999999,19.2825]],[[-71.73083333333332,19.254166666666666],[-71.72416666666666,19.25],[-71.72749999999999,19.245833333333334],[-71.71666666666665,19.235],[-71.71166666666666,19.2375],[-71.71416666666666,19.240833333333335],[-71.70916666666666,19.244166666666665],[-71.71083333333333,19.246666666666666],[-71.71333333333332,19.245],[-71.71666666666665,19.248333333333335],[-71.71916666666667,19.245833333333334],[-71.71916666666667,19.251666666666665],[-71.72833333333332,19.25583333333333],[-71.73083333333332,19.254166666666666]],[[-71.69333333333333,19.230833333333333],[-71.69,19.226666666666667],[-71.6875,19.22833333333333],[-71.69083333333333,19.2325],[-71.69333333333333,19.230833333333333]],[[-71.6925,19.226666666666667],[-71.69583333333333,19.223333333333333],[-71.69416666666666,19.221666666666668],[-71.69083333333333,19.224166666666665],[-71.6925,19.226666666666667]],[[-71.69999999999999,19.2225],[-71.69833333333332,19.22],[-71.69583333333333,19.221666666666668],[-71.69749999999999,19.224166666666665],[-71.69999999999999,19.2225]]],[[[-71.66583333333332,19.260833333333334],[-71.66666666666666,19.258333333333333],[-71.66749999999999,19.26],[-71.66583333333332,19.260833333333334]]],[[[-71.74916666666667,19.349166666666665],[-71.73333333333333,19.336666666666666],[-71.73083333333332,19.339166666666667],[-71.72333333333333,19.338333333333335],[-71.7225,19.345],[-71.71833333333333,19.340833333333332],[-71.71333333333332,19.345],[-71.71083333333333,19.336666666666666],[-71.71249999999999,19.324166666666667],[-71.70583333333333,19.319166666666668],[-71.70666666666666,19.316666666666666],[-71.70333333333333,19.313333333333333],[-71.70083333333332,19.315],[-71.7025,19.319166666666668],[-71.6925,19.319166666666668],[-71.68833333333333,19.315833333333334],[-71.69083333333333,19.309166666666666],[-71.69416666666666,19.314166666666665],[-71.69749999999999,19.3125],[-71.69416666666666,19.301666666666666],[-71.7025,19.306666666666665],[-71.7025,19.295833333333334],[-71.71083333333333,19.295833333333334],[-71.705,19.289166666666667],[-71.70416666666667,19.283333333333335],[-71.71333333333332,19.285],[-71.71499999999999,19.294166666666666],[-71.71916666666667,19.298333333333332],[-71.71333333333332,19.305],[-71.70916666666666,19.303333333333335],[-71.70583333333333,19.306666666666665],[-71.70833333333333,19.315],[-71.71916666666667,19.32],[-71.71416666666666,19.329166666666666],[-71.71666666666665,19.330833333333334],[-71.72333333333333,19.3275],[-71.72666666666666,19.330833333333334],[-71.72083333333333,19.3325],[-71.72583333333333,19.336666666666666],[-71.73166666666665,19.3325],[-71.73249999999999,19.323333333333334],[-71.73583333333333,19.323333333333334],[-71.73666666666666,19.336666666666666],[-71.74249999999999,19.336666666666666],[-71.74083333333333,19.340833333333332],[-71.74916666666667,19.349166666666665]],[[-71.71166666666666,19.301666666666666],[-71.71583333333332,19.2975],[-71.71333333333332,19.295833333333334],[-71.71,19.3],[-71.71166666666666,19.301666666666666]]],[[[-71.65083333333332,19.336666666666666],[-71.6475,19.331666666666667],[-71.63083333333333,19.3225],[-71.62916666666666,19.316666666666666],[-71.615,19.3175],[-71.62166666666666,19.310833333333335],[-71.61916666666666,19.3075],[-71.615,19.311666666666667],[-71.61,19.310833333333335],[-71.60833333333333,19.305833333333332],[-71.60249999999999,19.303333333333335],[-71.61583333333333,19.301666666666666],[-71.61916666666666,19.305833333333332],[-71.63499999999999,19.305833333333332],[-71.64333333333333,19.301666666666666],[-71.64583333333333,19.305],[-71.64083333333333,19.309166666666666],[-71.64083333333333,19.315833333333334],[-71.64583333333333,19.324166666666667],[-71.65249999999999,19.325],[-71.65916666666666,19.31833333333333],[-71.66333333333333,19.323333333333334],[-71.66083333333333,19.3275],[-71.66583333333332,19.331666666666667],[-71.66999999999999,19.329166666666666],[-71.67333333333333,19.333333333333332],[-71.68166666666666,19.330833333333334],[-71.68416666666666,19.328333333333333],[-71.68249999999999,19.3225],[-71.68666666666667,19.320833333333333],[-71.69333333333333,19.325833333333332],[-71.70833333333333,19.326666666666668],[-71.70083333333332,19.33416666666667],[-71.68916666666667,19.33416666666667],[-71.68583333333332,19.34],[-71.68249999999999,19.3375],[-71.6775,19.34],[-71.68583333333332,19.348333333333333],[-71.68333333333332,19.350833333333334],[-71.68583333333332,19.355],[-71.68916666666667,19.350833333333334],[-71.69416666666666,19.3525],[-71.69,19.359166666666667],[-71.68166666666666,19.355],[-71.6775,19.356666666666666],[-71.6725,19.350833333333334],[-71.66166666666666,19.355833333333333],[-71.6575,19.351666666666667],[-71.65333333333332,19.35333333333333],[-71.63749999999999,19.341666666666665],[-71.63416666666666,19.344166666666666],[-71.63583333333332,19.34],[-71.63333333333333,19.336666666666666],[-71.63083333333333,19.338333333333335],[-71.6325,19.341666666666665],[-71.62833333333333,19.341666666666665],[-71.62416666666667,19.345833333333335],[-71.62583333333333,19.348333333333333],[-71.62249999999999,19.3525],[-71.61333333333333,19.348333333333333],[-71.61083333333333,19.3425],[-71.60333333333332,19.344166666666666],[-71.60583333333332,19.340833333333332],[-71.60416666666666,19.3375],[-71.61,19.336666666666666],[-71.60416666666666,19.330833333333334],[-71.60833333333333,19.325],[-71.61083333333333,19.333333333333332],[-71.61416666666666,19.335],[-71.61749999999999,19.3325],[-71.61999999999999,19.3375],[-71.62666666666667,19.33416666666667],[-71.63,19.3375],[-71.63166666666666,19.3325],[-71.63749999999999,19.333333333333332],[-71.63499999999999,19.335833333333333],[-71.63749999999999,19.34],[-71.64083333333333,19.3375],[-71.63916666666667,19.3325],[-71.64583333333333,19.33416666666667],[-71.6475,19.338333333333335],[-71.65083333333332,19.336666666666666]],[[-71.655,19.336666666666666],[-71.6475,19.340833333333332],[-71.65083333333332,19.344166666666666],[-71.6575,19.340833333333332],[-71.655,19.336666666666666]],[[-71.68166666666666,19.348333333333333],[-71.675,19.341666666666665],[-71.66916666666665,19.345],[-71.67916666666666,19.35],[-71.68166666666666,19.348333333333333]]],[[[-71.8025,19.42],[-71.79666666666667,19.41],[-71.79166666666666,19.413333333333334],[-71.78083333333333,19.410833333333333],[-71.78166666666667,19.405833333333334],[-71.77666666666666,19.400833333333335],[-71.77416666666666,19.4025],[-71.77333333333333,19.3975],[-71.76666666666667,19.4075],[-71.76333333333332,19.4025],[-71.75916666666666,19.405],[-71.75666666666666,19.4025],[-71.75666666666666,19.395],[-71.75083333333333,19.390833333333333],[-71.74666666666666,19.391666666666666],[-71.74833333333332,19.385833333333334],[-71.75333333333333,19.3875],[-71.755,19.385],[-71.76083333333332,19.393333333333334],[-71.76249999999999,19.388333333333332],[-71.76833333333333,19.393333333333334],[-71.77333333333333,19.390833333333333],[-71.76833333333333,19.385833333333334],[-71.76916666666666,19.38083333333333],[-71.76583333333333,19.378333333333334],[-71.76333333333332,19.385],[-71.75833333333333,19.38083333333333],[-71.75999999999999,19.3775],[-71.7575,19.375],[-71.76833333333333,19.374166666666667],[-71.7675,19.366666666666667],[-71.76333333333332,19.371666666666666],[-71.76166666666666,19.37],[-71.76583333333333,19.365833333333335],[-71.76333333333332,19.363333333333333],[-71.76666666666667,19.36],[-71.765,19.3525],[-71.77,19.350833333333334],[-71.77,19.346666666666668],[-71.77333333333333,19.349166666666665],[-71.77666666666666,19.345833333333335],[-71.78333333333333,19.35],[-71.78666666666666,19.348333333333333],[-71.78,19.343333333333334],[-71.78333333333333,19.34],[-71.78,19.335833333333333],[-71.77666666666666,19.3375],[-71.76916666666666,19.329166666666666],[-71.76666666666667,19.331666666666667],[-71.76416666666667,19.33],[-71.76666666666667,19.325833333333332],[-71.76416666666667,19.3225],[-71.76083333333332,19.320833333333333],[-71.7575,19.324166666666667],[-71.75916666666666,19.3275],[-71.75333333333333,19.329166666666666],[-71.75166666666667,19.326666666666668],[-71.75583333333333,19.3175],[-71.7525,19.314166666666665],[-71.74499999999999,19.315833333333334],[-71.74666666666666,19.31],[-71.74333333333333,19.305833333333332],[-71.74916666666667,19.300833333333333],[-71.74749999999999,19.2925],[-71.75416666666666,19.288333333333334],[-71.76166666666666,19.291666666666668],[-71.76416666666667,19.286666666666665],[-71.77083333333333,19.295],[-71.77749999999999,19.293333333333333],[-71.785,19.299166666666668],[-71.78166666666667,19.3025],[-71.7725,19.301666666666666],[-71.77,19.3075],[-71.77749999999999,19.308333333333334],[-71.77916666666665,19.313333333333333],[-71.77416666666666,19.3175],[-71.78916666666666,19.329166666666666],[-71.79583333333333,19.325833333333332],[-71.79666666666667,19.320833333333333],[-71.78666666666666,19.311666666666667],[-71.78833333333333,19.3075],[-71.79833333333333,19.319166666666668],[-71.80333333333333,19.31833333333333],[-71.80583333333333,19.3275],[-71.81083333333332,19.33],[-71.8125,19.339166666666667],[-71.81833333333333,19.341666666666665],[-71.81916666666666,19.3475],[-71.82333333333332,19.349166666666665],[-71.82499999999999,19.3625],[-71.83083333333333,19.365],[-71.83,19.3675],[-71.83833333333332,19.376666666666665],[-71.8425,19.373333333333335],[-71.83916666666666,19.366666666666667],[-71.84333333333333,19.368333333333332],[-71.84583333333333,19.3625],[-71.84916666666666,19.369166666666665],[-71.85333333333332,19.365833333333335],[-71.85583333333332,19.371666666666666],[-71.85,19.38083333333333],[-71.85583333333332,19.386666666666667],[-71.85416666666666,19.39666666666667],[-71.87083333333332,19.41],[-71.86333333333333,19.4125],[-71.86666666666666,19.419166666666666],[-71.86,19.419166666666666],[-71.85416666666666,19.410833333333333],[-71.84916666666666,19.414166666666667],[-71.85083333333333,19.41],[-71.84833333333333,19.4075],[-71.835,19.4075],[-71.835,19.403333333333332],[-71.82666666666667,19.398333333333333],[-71.83333333333333,19.391666666666666],[-71.82666666666667,19.3925],[-71.82333333333332,19.388333333333332],[-71.81833333333333,19.398333333333333],[-71.815,19.395],[-71.80416666666666,19.395833333333332],[-71.80916666666666,19.403333333333332],[-71.81166666666667,19.400833333333335],[-71.815,19.4025],[-71.80999999999999,19.405833333333334],[-71.81166666666667,19.411666666666665],[-71.8025,19.42]],[[-71.7825,19.405],[-71.79166666666666,19.399166666666666],[-71.7825,19.39],[-71.78,19.398333333333333],[-71.7825,19.405]],[[-71.77083333333333,19.398333333333333],[-71.76916666666666,19.395833333333332],[-71.76666666666667,19.3975],[-71.76833333333333,19.4],[-71.77083333333333,19.398333333333333]],[[-71.8475,19.385],[-71.84416666666667,19.38083333333333],[-71.84166666666665,19.3825],[-71.845,19.386666666666667],[-71.8475,19.385]],[[-71.8125,19.381666666666668],[-71.81083333333332,19.379166666666666],[-71.80749999999999,19.38083333333333],[-71.80916666666666,19.383333333333333],[-71.8125,19.381666666666668]],[[-71.79333333333332,19.383333333333333],[-71.80083333333333,19.3775],[-71.80583333333333,19.379166666666666],[-71.80999999999999,19.369166666666665],[-71.80416666666666,19.365833333333335],[-71.8,19.371666666666666],[-71.79416666666665,19.368333333333332],[-71.79083333333332,19.359166666666667],[-71.78583333333333,19.359166666666667],[-71.7825,19.364166666666666],[-71.7875,19.365833333333335],[-71.7875,19.370833333333334],[-71.78333333333333,19.3725],[-71.7825,19.376666666666665],[-71.78583333333333,19.38],[-71.78999999999999,19.376666666666665],[-71.78916666666666,19.38],[-71.79333333333332,19.383333333333333]],[[-71.81166666666667,19.365],[-71.815,19.3625],[-71.81083333333332,19.3575],[-71.80916666666666,19.359166666666667],[-71.81166666666667,19.365]],[[-71.80583333333333,19.346666666666668],[-71.80416666666666,19.343333333333334],[-71.80083333333333,19.345],[-71.80333333333333,19.348333333333333],[-71.80583333333333,19.346666666666668]]],[[[-71.61749999999999,19.241666666666667],[-71.60583333333332,19.239166666666666],[-71.60166666666666,19.235],[-71.60833333333333,19.233333333333334],[-71.60749999999999,19.2275],[-71.62083333333332,19.230833333333333],[-71.62249999999999,19.22833333333333],[-71.61666666666666,19.220833333333335],[-71.61916666666666,19.219166666666666],[-71.6325,19.231666666666666],[-71.6275,19.230833333333333],[-71.62583333333333,19.233333333333334],[-71.62916666666666,19.236666666666668],[-71.62333333333332,19.239166666666666],[-71.62166666666666,19.233333333333334],[-71.61749999999999,19.241666666666667]]],[[[-71.62416666666667,19.239166666666666],[-71.62333333333332,19.24],[-71.62333333333332,19.239166666666666],[-71.62416666666667,19.239166666666666]]],[[[-71.625,19.24],[-71.62416666666667,19.2425],[-71.62333333333332,19.240833333333335],[-71.625,19.24]]],[[[-71.64666666666666,19.265],[-71.65083333333332,19.259166666666665],[-71.64583333333333,19.2525],[-71.64916666666666,19.249166666666667],[-71.655,19.2525],[-71.6575,19.249166666666667],[-71.64583333333333,19.240833333333335],[-71.64333333333333,19.2425],[-71.64416666666666,19.248333333333335],[-71.64083333333333,19.245833333333334],[-71.63749999999999,19.2475],[-71.63749999999999,19.239166666666666],[-71.64166666666667,19.236666666666668],[-71.64,19.234166666666667],[-71.64333333333333,19.233333333333334],[-71.64666666666666,19.2375],[-71.64999999999999,19.235833333333332],[-71.655,19.240833333333335],[-71.65916666666666,19.2375],[-71.66333333333333,19.241666666666667],[-71.66666666666666,19.239166666666666],[-71.66999999999999,19.246666666666666],[-71.66666666666666,19.2525],[-71.66833333333332,19.2575],[-71.66166666666666,19.253333333333334],[-71.65416666666665,19.264166666666668],[-71.64666666666666,19.265]]],[[[-71.62833333333333,19.333333333333332],[-71.62916666666666,19.330833333333334],[-71.63,19.3325],[-71.62833333333333,19.333333333333332]]],[[[-71.63083333333333,19.3325],[-71.63,19.333333333333332],[-71.63,19.3325],[-71.63083333333333,19.3325]]],[[[-71.62833333333333,19.33416666666667],[-71.6275,19.333333333333332],[-71.62833333333333,19.333333333333332],[-71.62833333333333,19.33416666666667]]],[[[-71.63333333333333,19.3425],[-71.6325,19.341666666666665],[-71.63333333333333,19.341666666666665],[-71.63333333333333,19.3425]]]]}},{"type":"Feature","properties":{"id":50,"name":"San Jos\u00e9 de las Matas","type":"town valley","places":"San Jos\u00e9 de las Matas (town, 23,306), El Rubio (village, 6,440), El Corozo (village), Don Juan (village)","lon":-70.96057,"lat":19.32595,"floor_km2":78.3,"floor_elev_m":579,"floor_elev_min":400,"floor_elev_max":827,"tavg_c":22.9,"tavg_lapse_c":22.9,"tavg_cell_c":23.2,"pop_town":23306,"pop_5km":15700,"pop_10km":23304,"relief_10km_m":590,"dist_sd_km":143,"dist_sti_km":31,"hospital_km":14.9,"hospital_name":null,"clinic_km":14.9,"river_near":"R\u00edo Amina (3.5 km, mapped 60 km)","big_river_km":3.5,"big_river":"R\u00edo Amina","hotels_10km":3,"airport":"STI 38 km","route_from":"town","drive_sd_min":149,"drive_sd_km":186,"drive_sti_min":38,"drive_sti_km":39,"drive_sdq_min":174,"drive_sdq_km":217,"drive_stiap_min":48,"drive_stiap_km":50,"drive_jbq_min":149,"drive_jbq_km":185,"drive_hospital_min":90,"drive_hospital_km":47.3,"hospital_by_road":"Hospital Provincial Rosa Duarte","criteria":{"cool":0.31,"near_sd":0.506,"near_sti":1.0,"health":0.0,"river":0.5,"scenic":0.492,"quiet":0.233,"tourism":0.425},"ours":false},"geometry":{"type":"MultiPolygon","coordinates":[[[[-70.9525,19.259166666666665],[-70.94999999999999,19.255],[-70.94666666666666,19.256666666666668],[-70.94166666666666,19.253333333333334],[-70.94166666666666,19.249166666666667],[-70.95083333333332,19.24],[-70.95833333333333,19.2475],[-70.95166666666667,19.251666666666665],[-70.95583333333333,19.2575],[-70.9525,19.259166666666665]]],[[[-70.95833333333333,19.279166666666665],[-70.955,19.273333333333333],[-70.96249999999999,19.264166666666668],[-70.96333333333332,19.25583333333333],[-70.96666666666665,19.2625],[-70.97416666666666,19.266666666666666],[-70.96583333333332,19.266666666666666],[-70.96249999999999,19.27166666666667],[-70.9675,19.274166666666666],[-70.96249999999999,19.274166666666666],[-70.96166666666666,19.279166666666665],[-70.95833333333333,19.279166666666665]]],[[[-70.97666666666666,19.3275],[-70.97416666666666,19.325],[-70.98249999999999,19.3175],[-70.97749999999999,19.316666666666666],[-70.97749999999999,19.310833333333335],[-70.9725,19.315],[-70.97166666666666,19.31],[-70.96833333333333,19.315833333333334],[-70.96666666666665,19.311666666666667],[-70.97083333333333,19.306666666666665],[-70.96583333333332,19.301666666666666],[-70.96916666666667,19.293333333333333],[-70.9725,19.295],[-70.97916666666666,19.291666666666668],[-70.985,19.284166666666668],[-70.99249999999999,19.29],[-70.98666666666666,19.2975],[-70.99166666666666,19.2975],[-70.99666666666666,19.3025],[-71.0025,19.315833333333334],[-70.99749999999999,19.315],[-70.99,19.32],[-70.99166666666666,19.315],[-70.98666666666666,19.314166666666665],[-70.98666666666666,19.319166666666668],[-70.97666666666666,19.3275]],[[-70.985,19.31],[-70.9875,19.304166666666667],[-70.98166666666665,19.298333333333332],[-70.97749999999999,19.295],[-70.97333333333333,19.296666666666667],[-70.9725,19.305833333333332],[-70.97833333333332,19.309166666666666],[-70.98083333333332,19.306666666666665],[-70.985,19.31]],[[-70.99583333333332,19.3075],[-70.99416666666666,19.305],[-70.99166666666666,19.306666666666665],[-70.99333333333333,19.309166666666666],[-70.99583333333332,19.3075]]],[[[-71.01666666666667,19.35],[-71.00999999999999,19.348333333333333],[-71.00583333333333,19.344166666666666],[-71.02499999999999,19.3475],[-71.01666666666667,19.35]]],[[[-71.035,19.35333333333333],[-71.02499999999999,19.349166666666665],[-71.02666666666666,19.346666666666668],[-71.03666666666666,19.349166666666665],[-71.035,19.35333333333333]]],[[[-71.03,19.35333333333333],[-71.03,19.3575],[-71.02749999999999,19.356666666666666],[-71.03,19.35333333333333]]],[[[-70.96333333333332,19.360833333333332],[-70.96083333333333,19.36],[-70.96249999999999,19.359166666666667],[-70.96333333333332,19.360833333333332]]],[[[-71.00166666666667,19.3975],[-70.99166666666666,19.391666666666666],[-70.99416666666666,19.389166666666668],[-70.98916666666666,19.384166666666665],[-70.99166666666666,19.373333333333335],[-70.99666666666666,19.3725],[-71.005,19.378333333333334],[-71.01916666666666,19.366666666666667],[-71.02083333333333,19.3725],[-71.02333333333333,19.370833333333334],[-71.0325,19.375],[-71.03916666666666,19.368333333333332],[-71.04249999999999,19.37],[-71.05,19.366666666666667],[-71.05333333333333,19.37],[-71.05833333333332,19.366666666666667],[-71.05666666666666,19.360833333333332],[-71.0625,19.363333333333333],[-71.07083333333333,19.3575],[-71.065,19.351666666666667],[-71.06833333333333,19.346666666666668],[-71.05999999999999,19.3425],[-71.05749999999999,19.344166666666666],[-71.05666666666666,19.34],[-71.06333333333333,19.33416666666667],[-71.06666666666666,19.3375],[-71.07083333333333,19.335],[-71.07333333333332,19.338333333333335],[-71.07833333333333,19.338333333333335],[-71.085,19.33416666666667],[-71.08333333333333,19.331666666666667],[-71.07833333333333,19.3325],[-71.08083333333333,19.329166666666666],[-71.08416666666666,19.331666666666667],[-71.08833333333332,19.33],[-71.08999999999999,19.335],[-71.0825,19.34],[-71.0825,19.345],[-71.08666666666666,19.346666666666668],[-71.08999999999999,19.3425],[-71.09333333333333,19.35],[-71.08666666666666,19.35],[-71.08416666666666,19.354166666666668],[-71.08,19.3525],[-71.07249999999999,19.359166666666667],[-71.07166666666666,19.364166666666666],[-71.0775,19.3725],[-71.07583333333332,19.376666666666665],[-71.07833333333333,19.379166666666666],[-71.07583333333332,19.381666666666668],[-71.07083333333333,19.3825],[-71.06916666666666,19.373333333333335],[-71.05833333333332,19.368333333333332],[-71.05666666666666,19.375833333333333],[-71.05,19.38],[-71.04416666666665,19.376666666666665],[-71.04166666666666,19.38083333333333],[-71.03833333333333,19.379166666666666],[-71.03583333333333,19.381666666666668],[-71.03666666666666,19.385833333333334],[-71.02666666666666,19.383333333333333],[-71.02499999999999,19.388333333333332],[-71.02916666666665,19.3925],[-71.02666666666666,19.394166666666667],[-71.01583333333333,19.383333333333333],[-71.00583333333333,19.3925],[-71.00666666666666,19.3825],[-70.99833333333332,19.378333333333334],[-70.99666666666666,19.39],[-71.005,19.395833333333332],[-71.00166666666667,19.3975]],[[-71.06583333333333,19.339166666666667],[-71.06333333333333,19.3375],[-71.06166666666667,19.34],[-71.06416666666667,19.341666666666665],[-71.06583333333333,19.339166666666667]]],[[[-70.96333333333332,19.3725],[-70.96,19.365833333333335],[-70.96916666666667,19.356666666666666],[-70.97166666666666,19.361666666666668],[-70.96666666666665,19.363333333333333],[-70.97,19.37],[-70.96333333333332,19.3725]]],[[[-70.97,19.386666666666667],[-70.98083333333332,19.373333333333335],[-70.97833333333332,19.365833333333335],[-70.98333333333333,19.363333333333333],[-70.9875,19.365],[-70.98916666666666,19.368333333333332],[-70.98583333333333,19.375833333333333],[-70.98833333333333,19.378333333333334],[-70.98083333333332,19.383333333333333],[-70.98249999999999,19.386666666666667],[-70.97,19.386666666666667]]],[[[-70.95166666666667,19.239166666666666],[-70.94833333333332,19.235833333333332],[-70.94416666666666,19.238333333333333],[-70.94083333333333,19.236666666666668],[-70.94083333333333,19.225],[-70.95083333333332,19.2275],[-70.95166666666667,19.230833333333333],[-70.94749999999999,19.234166666666667],[-70.9525,19.235833333333332],[-70.95166666666667,19.239166666666666]]],[[[-70.93249999999999,19.274166666666666],[-70.93666666666667,19.268333333333334],[-70.92333333333333,19.255],[-70.92083333333333,19.2575],[-70.91583333333332,19.25583333333333],[-70.91416666666666,19.263333333333332],[-70.91083333333333,19.259166666666665],[-70.90583333333333,19.261666666666667],[-70.90333333333332,19.259166666666665],[-70.90666666666667,19.259166666666665],[-70.91416666666666,19.249166666666667],[-70.93166666666666,19.255],[-70.93333333333332,19.26],[-70.9425,19.266666666666666],[-70.93249999999999,19.274166666666666]]],[[[-70.93249999999999,19.275833333333335],[-70.93333333333332,19.275],[-70.93333333333332,19.275833333333335],[-70.93249999999999,19.275833333333335]]],[[[-70.93333333333332,19.276666666666667],[-70.93249999999999,19.283333333333335],[-70.93666666666667,19.285833333333333],[-70.93666666666667,19.28],[-70.94333333333333,19.2775],[-70.94833333333332,19.285],[-70.94416666666666,19.284166666666668],[-70.93583333333332,19.289166666666667],[-70.94166666666666,19.291666666666668],[-70.94666666666666,19.289166666666667],[-70.94666666666666,19.295],[-70.94,19.293333333333333],[-70.93583333333332,19.2975],[-70.93166666666666,19.291666666666668],[-70.9275,19.298333333333332],[-70.93249999999999,19.298333333333332],[-70.93833333333333,19.308333333333334],[-70.94,19.301666666666666],[-70.94333333333333,19.303333333333335],[-70.94833333333332,19.296666666666667],[-70.9525,19.296666666666667],[-70.95416666666667,19.3],[-70.94833333333332,19.3],[-70.94416666666666,19.309166666666666],[-70.94666666666666,19.3125],[-70.95083333333332,19.311666666666667],[-70.95166666666667,19.3175],[-70.94416666666666,19.314166666666665],[-70.94166666666666,19.319166666666668],[-70.93833333333333,19.314166666666665],[-70.93333333333332,19.321666666666665],[-70.92083333333333,19.311666666666667],[-70.9125,19.311666666666667],[-70.9125,19.309166666666666],[-70.91583333333332,19.310833333333335],[-70.91833333333332,19.308333333333334],[-70.91666666666666,19.303333333333335],[-70.925,19.300833333333333],[-70.91999999999999,19.298333333333332],[-70.92416666666666,19.294166666666666],[-70.92166666666667,19.289166666666667],[-70.91416666666666,19.294166666666666],[-70.91583333333332,19.296666666666667],[-70.90833333333333,19.301666666666666],[-70.90833333333333,19.305833333333332],[-70.89666666666666,19.301666666666666],[-70.88749999999999,19.306666666666665],[-70.88666666666666,19.303333333333335],[-70.89333333333333,19.298333333333332],[-70.89,19.295],[-70.88416666666666,19.2975],[-70.87666666666667,19.295833333333334],[-70.88666666666666,19.293333333333333],[-70.89,19.288333333333334],[-70.8925,19.29083333333333],[-70.90166666666666,19.29],[-70.90333333333332,19.2875],[-70.89833333333333,19.279166666666665],[-70.90083333333332,19.276666666666667],[-70.90416666666665,19.28],[-70.90916666666666,19.2775],[-70.905,19.27166666666667],[-70.91,19.264166666666668],[-70.91333333333333,19.266666666666666],[-70.91333333333333,19.2725],[-70.91999999999999,19.270833333333332],[-70.9225,19.265833333333333],[-70.91999999999999,19.260833333333334],[-70.92666666666666,19.265833333333333],[-70.92583333333333,19.270833333333332],[-70.93083333333333,19.2725],[-70.92916666666666,19.275],[-70.93333333333332,19.276666666666667]],[[-70.93166666666666,19.3025],[-70.92916666666666,19.300833333333333],[-70.9275,19.303333333333335],[-70.92999999999999,19.305],[-70.93166666666666,19.3025]],[[-70.92916666666666,19.280833333333334],[-70.92666666666666,19.279166666666665],[-70.925,19.281666666666666],[-70.9275,19.283333333333335],[-70.92916666666666,19.280833333333334]]],[[[-70.86833333333333,19.33],[-70.84916666666666,19.331666666666667],[-70.84833333333333,19.33],[-70.85333333333332,19.323333333333334],[-70.85833333333333,19.325],[-70.86083333333333,19.3225],[-70.86833333333333,19.33]]],[[[-70.945,19.381666666666668],[-70.93249999999999,19.383333333333333],[-70.92999999999999,19.38083333333333],[-70.93333333333332,19.37],[-70.92666666666666,19.368333333333332],[-70.92583333333333,19.361666666666668],[-70.92083333333333,19.356666666666666],[-70.92166666666667,19.348333333333333],[-70.91916666666665,19.350833333333334],[-70.9125,19.35],[-70.91333333333333,19.346666666666668],[-70.90583333333333,19.344166666666666],[-70.90333333333332,19.34],[-70.8975,19.346666666666668],[-70.895,19.3425],[-70.8975,19.3375],[-70.89583333333333,19.333333333333332],[-70.89916666666666,19.330833333333334],[-70.89666666666666,19.325833333333332],[-70.89333333333333,19.329166666666666],[-70.88833333333332,19.325833333333332],[-70.88583333333332,19.329166666666666],[-70.8825,19.326666666666668],[-70.87249999999999,19.33],[-70.87166666666666,19.325],[-70.87416666666667,19.3225],[-70.87833333333333,19.325833333333332],[-70.89166666666667,19.323333333333334],[-70.89333333333333,19.320833333333333],[-70.89,19.313333333333333],[-70.8975,19.32],[-70.90083333333332,19.315],[-70.905,19.319166666666668],[-70.91583333333332,19.320833333333333],[-70.92583333333333,19.330833333333334],[-70.92583333333333,19.335833333333333],[-70.93166666666666,19.333333333333332],[-70.94166666666666,19.335],[-70.94916666666666,19.340833333333332],[-70.96083333333333,19.340833333333332],[-70.96083333333333,19.343333333333334],[-70.95666666666666,19.3425],[-70.95333333333333,19.345833333333335],[-70.95666666666666,19.35],[-70.95416666666667,19.35333333333333],[-70.96083333333333,19.356666666666666],[-70.955,19.36],[-70.9525,19.358333333333334],[-70.94833333333332,19.365],[-70.94416666666666,19.360833333333332],[-70.93916666666667,19.363333333333333],[-70.94166666666666,19.375],[-70.94583333333333,19.378333333333334],[-70.945,19.381666666666668]],[[-70.93666666666667,19.3625],[-70.93499999999999,19.36],[-70.93249999999999,19.361666666666668],[-70.93416666666666,19.364166666666666],[-70.93666666666667,19.3625]],[[-70.94166666666666,19.355833333333333],[-70.95416666666667,19.351666666666667],[-70.9525,19.3475],[-70.94666666666666,19.35],[-70.93916666666667,19.346666666666668],[-70.93416666666666,19.351666666666667],[-70.94166666666666,19.355833333333333]]],[[[-70.95083333333332,19.369166666666665],[-70.94583333333333,19.366666666666667],[-70.94666666666666,19.365],[-70.95083333333332,19.369166666666665]]],[[[-70.92916666666666,19.375833333333333],[-70.92833333333333,19.373333333333335],[-70.92999999999999,19.374166666666667],[-70.92916666666666,19.375833333333333]]],[[[-70.92999999999999,19.375],[-70.93083333333333,19.375833333333333],[-70.92999999999999,19.375833333333333],[-70.92999999999999,19.375]]]]}},{"type":"Feature","properties":{"id":64,"name":"Jarabacoa","type":"town valley","places":"Jarabacoa (city, 47,237), Buena Vista (town, 13,760)","lon":-70.62071,"lat":19.13563,"floor_km2":54.2,"floor_elev_m":554,"floor_elev_min":463,"floor_elev_max":648,"tavg_c":23.1,"tavg_lapse_c":23.0,"tavg_cell_c":23.1,"pop_town":47237,"pop_5km":38085,"pop_10km":43400,"relief_10km_m":780,"dist_sd_km":103,"dist_sti_km":36,"hospital_km":2.5,"hospital_name":"Hospital Octavia Gautier de Vidal","clinic_km":2.3,"river_near":"R\u00edo Jimenoa (0.6 km, mapped 27 km)","big_river_km":0.6,"big_river":"R\u00edo Jimenoa","hotels_10km":17,"airport":"COZ 27 km","route_from":"town","drive_sd_min":118,"drive_sd_km":142,"drive_sti_min":49,"drive_sti_km":51,"drive_sdq_min":143,"drive_sdq_km":173,"drive_stiap_min":40,"drive_stiap_km":41,"drive_jbq_min":118,"drive_jbq_km":141,"drive_hospital_min":36,"drive_hospital_km":21.3,"hospital_by_road":"Hospital Municipal de Monci\u00f3n","criteria":{"cool":0.29,"near_sd":0.678,"near_sti":1.0,"health":0.436,"river":1.0,"scenic":0.65,"quiet":0.105,"tourism":0.887},"ours":false},"geometry":{"type":"MultiPolygon","coordinates":[[[[-70.66916666666665,19.091666666666665],[-70.67083333333333,19.089166666666667],[-70.675,19.09],[-70.67416666666666,19.091666666666665],[-70.66916666666665,19.091666666666665]]],[[[-70.66916666666665,19.091666666666665],[-70.66833333333332,19.0925],[-70.66833333333332,19.091666666666665],[-70.66916666666665,19.091666666666665]]],[[[-70.66833333333332,19.0925],[-70.66499999999999,19.096666666666668],[-70.66749999999999,19.1],[-70.6625,19.098333333333333],[-70.65916666666666,19.1025],[-70.66166666666666,19.105],[-70.65833333333333,19.108333333333334],[-70.66083333333333,19.113333333333333],[-70.655,19.121666666666666],[-70.65666666666667,19.124166666666667],[-70.6475,19.1225],[-70.64416666666666,19.125833333333333],[-70.64666666666666,19.129166666666666],[-70.65333333333332,19.126666666666665],[-70.655,19.13],[-70.65249999999999,19.145833333333332],[-70.6475,19.148333333333333],[-70.65083333333332,19.155833333333334],[-70.64583333333333,19.16],[-70.6475,19.155],[-70.64083333333333,19.148333333333333],[-70.63499999999999,19.150833333333335],[-70.63916666666667,19.153333333333332],[-70.6425,19.164166666666667],[-70.63916666666667,19.178333333333335],[-70.63,19.16583333333333],[-70.63083333333333,19.1625],[-70.62166666666666,19.156666666666666],[-70.61416666666666,19.16],[-70.61583333333333,19.163333333333334],[-70.61999999999999,19.161666666666665],[-70.61666666666666,19.166666666666668],[-70.6125,19.161666666666665],[-70.60499999999999,19.16],[-70.6,19.163333333333334],[-70.60249999999999,19.166666666666668],[-70.61749999999999,19.17],[-70.61666666666666,19.174166666666668],[-70.6125,19.1725],[-70.60499999999999,19.179166666666667],[-70.60333333333332,19.176666666666666],[-70.60583333333332,19.174166666666668],[-70.60166666666666,19.17],[-70.59833333333333,19.171666666666667],[-70.59583333333333,19.16583333333333],[-70.58999999999999,19.165],[-70.585,19.17],[-70.5825,19.168333333333333],[-70.59083333333332,19.1625],[-70.58166666666666,19.155],[-70.58166666666666,19.15],[-70.58833333333332,19.14666666666667],[-70.58333333333333,19.138333333333332],[-70.57916666666667,19.139166666666668],[-70.58,19.135833333333334],[-70.57583333333332,19.135],[-70.57416666666666,19.13],[-70.58,19.1225],[-70.585,19.125833333333333],[-70.58916666666666,19.12],[-70.58749999999999,19.1125],[-70.58083333333333,19.115833333333335],[-70.58333333333333,19.109166666666667],[-70.5975,19.105833333333333],[-70.6,19.1025],[-70.60499999999999,19.106666666666666],[-70.60749999999999,19.101666666666667],[-70.61,19.104166666666668],[-70.6125,19.1025],[-70.61583333333333,19.1075],[-70.61916666666666,19.098333333333333],[-70.6275,19.099166666666665],[-70.63666666666666,19.095],[-70.64416666666666,19.0975],[-70.655,19.094166666666666],[-70.66166666666666,19.095833333333335],[-70.66499999999999,19.091666666666665],[-70.66833333333332,19.0925]],[[-70.57916666666667,19.134166666666665],[-70.58333333333333,19.13],[-70.58166666666666,19.1275],[-70.57666666666665,19.131666666666668],[-70.57916666666667,19.134166666666665]],[[-70.59666666666666,19.163333333333334],[-70.59916666666666,19.16],[-70.59583333333333,19.1575],[-70.59416666666667,19.160833333333333],[-70.59666666666666,19.163333333333334]],[[-70.6325,19.156666666666666],[-70.63416666666666,19.1525],[-70.63,19.150833333333335],[-70.62833333333333,19.154166666666665],[-70.6325,19.156666666666666]],[[-70.62333333333332,19.151666666666667],[-70.6275,19.145],[-70.62333333333332,19.135833333333334],[-70.61833333333333,19.1325],[-70.61833333333333,19.149166666666666],[-70.62333333333332,19.151666666666667]],[[-70.63499999999999,19.1475],[-70.63749999999999,19.145],[-70.63583333333332,19.143333333333334],[-70.63333333333333,19.145],[-70.63499999999999,19.1475]],[[-70.64166666666667,19.14666666666667],[-70.64416666666666,19.144166666666667],[-70.6425,19.1425],[-70.64,19.144166666666667],[-70.64166666666667,19.14666666666667]],[[-70.63,19.144166666666667],[-70.63166666666666,19.140833333333333],[-70.62833333333333,19.138333333333332],[-70.62666666666667,19.1425],[-70.63,19.144166666666667]],[[-70.64999999999999,19.143333333333334],[-70.65166666666666,19.140833333333333],[-70.64999999999999,19.139166666666668],[-70.64666666666666,19.140833333333333],[-70.64999999999999,19.143333333333334]],[[-70.61333333333333,19.134166666666665],[-70.61833333333333,19.13083333333333],[-70.61666666666666,19.128333333333334],[-70.61166666666666,19.131666666666668],[-70.61333333333333,19.134166666666665]],[[-70.60749999999999,19.121666666666666],[-70.61,19.119166666666665],[-70.60749999999999,19.114166666666666],[-70.60249999999999,19.116666666666667],[-70.60749999999999,19.121666666666666]],[[-70.62333333333332,19.106666666666666],[-70.625,19.104166666666668],[-70.62333333333332,19.1025],[-70.61999999999999,19.104166666666668],[-70.62333333333332,19.106666666666666]]],[[[-70.58416666666666,19.141666666666666],[-70.58333333333333,19.1425],[-70.58333333333333,19.141666666666666],[-70.58416666666666,19.141666666666666]]],[[[-70.58333333333333,19.1425],[-70.58166666666666,19.145],[-70.58,19.144166666666667],[-70.58083333333333,19.140833333333333],[-70.58333333333333,19.1425]]],[[[-70.63666666666666,19.2],[-70.6325,19.194166666666668],[-70.63749999999999,19.190833333333334],[-70.63499999999999,19.186666666666667],[-70.64916666666666,19.173333333333332],[-70.64999999999999,19.1775],[-70.65583333333333,19.180833333333332],[-70.65249999999999,19.1875],[-70.64166666666667,19.1925],[-70.64166666666667,19.198333333333334],[-70.63666666666666,19.2]]],[[[-70.58416666666666,19.195],[-70.58083333333333,19.190833333333334],[-70.58416666666666,19.188333333333333],[-70.58749999999999,19.19],[-70.58916666666666,19.183333333333334],[-70.60249999999999,19.188333333333333],[-70.58416666666666,19.195]]]]}},{"type":"Feature","properties":{"id":15,"name":"unnamed valley 15","type":"uninhabited upland","places":"","lon":-71.95113,"lat":19.2683,"floor_km2":47.6,"floor_elev_m":504,"floor_elev_min":394,"floor_elev_max":819,"tavg_c":24.0,"tavg_lapse_c":23.3,"tavg_cell_c":24.2,"pop_town":0,"pop_5km":0,"pop_10km":0,"relief_10km_m":420,"dist_sd_km":230,"dist_sti_km":133,"hospital_km":39.2,"hospital_name":"Hospital de Loma de Cabrera","clinic_km":39.2,"river_near":"R\u00edo Lib\u00f3n (28.6 km, mapped 6 km)","big_river_km":null,"big_river":null,"hotels_10km":0,"airport":"COZ 136 km","route_from":"valley centroid","drive_sd_min":321,"drive_sd_km":354,"drive_sti_min":207,"drive_sti_km":204,"drive_sdq_min":346,"drive_sdq_km":386,"drive_stiap_min":220,"drive_stiap_km":218,"drive_jbq_min":320,"drive_jbq_km":353,"drive_hospital_min":51,"drive_hospital_km":29.8,"hospital_by_road":"Hospital de Enriquillo","criteria":{"cool":0.2,"near_sd":0.0,"near_sti":0.183,"health":0.164,"river":0.0,"scenic":0.35,"quiet":1.0,"tourism":0.0},"ours":false},"geometry":{"type":"MultiPolygon","coordinates":[[[[-71.93166666666666,19.2025],[-71.9375,19.195833333333333],[-71.94,19.196666666666665],[-71.93833333333333,19.205833333333334],[-71.93166666666666,19.2025]]],[[[-71.93166666666666,19.201666666666668],[-71.92666666666666,19.206666666666667],[-71.92916666666666,19.211666666666666],[-71.92333333333333,19.210833333333333],[-71.9275,19.19333333333333],[-71.93416666666666,19.195],[-71.92999999999999,19.199166666666667],[-71.93166666666666,19.201666666666668]]],[[[-71.89833333333333,19.224166666666665],[-71.89333333333333,19.221666666666668],[-71.895,19.218333333333334],[-71.89083333333333,19.214166666666667],[-71.88166666666666,19.213333333333335],[-71.88666666666666,19.205],[-71.89416666666666,19.21],[-71.89583333333333,19.215],[-71.89916666666666,19.211666666666666],[-71.90333333333332,19.215],[-71.90083333333332,19.218333333333334],[-71.90249999999999,19.221666666666668],[-71.89833333333333,19.224166666666665]]],[[[-71.92166666666667,19.240833333333335],[-71.90833333333333,19.234166666666667],[-71.91499999999999,19.229166666666668],[-71.91333333333333,19.226666666666667],[-71.905,19.229166666666668],[-71.91166666666666,19.221666666666668],[-71.91583333333332,19.225833333333334],[-71.91916666666665,19.223333333333333],[-71.91666666666666,19.2175],[-71.9125,19.220833333333335],[-71.90916666666666,19.216666666666665],[-71.91416666666666,19.210833333333333],[-71.92666666666666,19.219166666666666],[-71.92083333333333,19.226666666666667],[-71.9275,19.238333333333333],[-71.92166666666667,19.240833333333335]]],[[[-71.94999999999999,19.236666666666668],[-71.94749999999999,19.239166666666666],[-71.9375,19.234166666666667],[-71.945,19.231666666666666],[-71.94999999999999,19.236666666666668]]],[[[-71.95166666666667,19.236666666666668],[-71.95833333333333,19.23],[-71.9675,19.2325],[-71.9725,19.236666666666668],[-71.96916666666667,19.243333333333332],[-71.97166666666666,19.245833333333334],[-71.975,19.243333333333332],[-71.98583333333333,19.256666666666668],[-71.98083333333332,19.259166666666665],[-71.98083333333332,19.263333333333332],[-71.99333333333333,19.263333333333332],[-72.0,19.268333333333334],[-72.0,19.2725],[-71.99166666666666,19.2725],[-71.98916666666666,19.279166666666665],[-71.98583333333333,19.279166666666665],[-71.98166666666665,19.27166666666667],[-71.98583333333333,19.2675],[-71.97666666666666,19.265],[-71.97083333333333,19.258333333333333],[-71.97166666666666,19.254166666666666],[-71.975,19.25583333333333],[-71.97749999999999,19.2525],[-71.975,19.25],[-71.96916666666667,19.2525],[-71.95833333333333,19.245833333333334],[-71.95416666666667,19.2475],[-71.95083333333332,19.243333333333332],[-71.95166666666667,19.236666666666668]],[[-71.96249999999999,19.241666666666667],[-71.96499999999999,19.2375],[-71.96166666666666,19.235],[-71.96,19.236666666666668],[-71.96249999999999,19.241666666666667]]],[[[-71.98083333333332,19.2675],[-71.97999999999999,19.268333333333334],[-71.97999999999999,19.2675],[-71.98083333333332,19.2675]]],[[[-71.98166666666665,19.270833333333332],[-71.9725,19.268333333333334],[-71.97999999999999,19.268333333333334],[-71.98166666666665,19.270833333333332]]],[[[-71.98916666666666,19.329166666666666],[-71.99,19.320833333333333],[-71.98333333333333,19.316666666666666],[-71.985,19.3125],[-71.98166666666665,19.308333333333334],[-71.975,19.3075],[-71.97583333333333,19.311666666666667],[-71.98249999999999,19.315833333333334],[-71.98083333333332,19.31833333333333],[-71.97749999999999,19.315833333333334],[-71.975,19.3175],[-71.97416666666666,19.310833333333335],[-71.97,19.3075],[-71.96666666666665,19.310833333333335],[-71.97,19.311666666666667],[-71.97083333333333,19.315],[-71.96416666666666,19.3125],[-71.96499999999999,19.306666666666665],[-71.96083333333333,19.306666666666665],[-71.95583333333333,19.298333333333332],[-71.94833333333332,19.301666666666666],[-71.94416666666666,19.3],[-71.9425,19.2975],[-71.94833333333332,19.295833333333334],[-71.94749999999999,19.2925],[-71.94416666666666,19.29],[-71.94083333333333,19.294166666666666],[-71.93166666666666,19.284166666666668],[-71.9225,19.281666666666666],[-71.925,19.274166666666666],[-71.91999999999999,19.274166666666666],[-71.9075,19.26],[-71.90083333333332,19.258333333333333],[-71.90416666666665,19.251666666666665],[-71.90666666666667,19.25],[-71.91166666666666,19.254166666666666],[-71.91833333333332,19.253333333333334],[-71.92916666666666,19.258333333333333],[-71.95083333333332,19.249166666666667],[-71.955,19.253333333333334],[-71.95833333333333,19.251666666666665],[-71.96083333333333,19.26],[-71.97166666666666,19.27166666666667],[-71.97416666666666,19.284166666666668],[-71.98333333333333,19.293333333333333],[-71.99,19.295],[-71.99,19.303333333333335],[-72.0,19.316666666666666],[-72.0,19.3225],[-71.99249999999999,19.33],[-71.98916666666666,19.329166666666666]]]]}},{"type":"Feature","properties":{"id":48,"name":"Bohech\u00edo","type":"town valley","places":"Bohech\u00edo (town, 15,846), Guayabal (town, 12,785), La Siembra (town, 10,376), Padre Las Casas (town), La Meseta (village)","lon":-70.96111,"lat":18.72029,"floor_km2":33.1,"floor_elev_m":468,"floor_elev_min":391,"floor_elev_max":743,"tavg_c":24.5,"tavg_lapse_c":23.5,"tavg_cell_c":24.1,"pop_town":15846,"pop_5km":6811,"pop_10km":17436,"relief_10km_m":671,"dist_sd_km":112,"dist_sti_km":86,"hospital_km":2.3,"hospital_name":"Hospital Nuestra Se\u00f1ora del Carmen","clinic_km":2.3,"river_near":"R\u00edo Las Cuevas (1.0 km, mapped 54 km)","big_river_km":1.0,"big_river":"R\u00edo Las Cuevas","hotels_10km":0,"airport":"COZ 33 km","route_from":"town","drive_sd_min":164,"drive_sd_km":177,"drive_sti_min":216,"drive_sti_km":157,"drive_sdq_min":188,"drive_sdq_km":208,"drive_stiap_min":208,"drive_stiap_km":147,"drive_jbq_min":175,"drive_jbq_km":187,"drive_hospital_min":0,"drive_hospital_km":0.1,"hospital_by_road":"Hospital del Polo","criteria":{"cool":0.15,"near_sd":0.422,"near_sti":0.133,"health":1.0,"river":1.0,"scenic":0.559,"quiet":0.354,"tourism":0.0},"ours":false},"geometry":{"type":"MultiPolygon","coordinates":[[[[-71.03666666666666,18.705833333333334],[-71.02416666666666,18.705],[-71.02833333333332,18.699166666666667],[-71.02499999999999,18.695833333333333],[-71.02,18.6975],[-71.02,18.688333333333333],[-71.01416666666667,18.681666666666665],[-71.01166666666666,18.683333333333334],[-71.00916666666666,18.680833333333332],[-71.00999999999999,18.6775],[-71.01666666666667,18.678333333333335],[-71.02,18.685],[-71.02333333333333,18.683333333333334],[-71.03,18.689166666666665],[-71.02916666666665,18.694166666666668],[-71.03833333333333,18.700833333333332],[-71.03666666666666,18.705833333333334]]],[[[-70.97416666666666,18.714166666666667],[-70.96583333333332,18.701666666666668],[-70.96499999999999,18.688333333333333],[-70.96916666666667,18.690833333333334],[-70.9675,18.69333333333333],[-70.97166666666666,18.701666666666668],[-70.97749999999999,18.704166666666666],[-70.97416666666666,18.714166666666667]]],[[[-71.02416666666666,18.705833333333334],[-71.02333333333333,18.705],[-71.02416666666666,18.705],[-71.02416666666666,18.705833333333334]]],[[[-71.02333333333333,18.705833333333334],[-71.01083333333332,18.7175],[-71.00333333333333,18.715833333333332],[-71.0,18.718333333333334],[-71.00416666666666,18.721666666666668],[-70.99916666666667,18.724166666666665],[-71.0025,18.72833333333333],[-71.00083333333333,18.730833333333333],[-70.99416666666666,18.72833333333333],[-70.98833333333333,18.734166666666667],[-70.98916666666666,18.730833333333333],[-70.97999999999999,18.7225],[-70.97999999999999,18.716666666666665],[-70.98583333333333,18.714166666666667],[-70.98666666666666,18.705],[-70.99583333333332,18.7075],[-70.98916666666666,18.70916666666667],[-70.99166666666666,18.716666666666665],[-71.01416666666667,18.70916666666667],[-71.01583333333333,18.7025],[-71.02333333333333,18.705833333333334]]],[[[-70.99749999999999,18.731666666666666],[-70.99666666666666,18.730833333333333],[-70.99749999999999,18.730833333333333],[-70.99749999999999,18.731666666666666]]],[[[-70.99499999999999,18.732499999999998],[-71.00166666666667,18.736666666666668],[-70.99416666666666,18.7425],[-70.99666666666666,18.7375],[-70.99499999999999,18.732499999999998]]],[[[-70.9575,18.74],[-70.95666666666666,18.740833333333335],[-70.95666666666666,18.74],[-70.9575,18.74]]],[[[-70.9575,18.741666666666667],[-70.96,18.739166666666666],[-70.96166666666666,18.74],[-70.96,18.743333333333332],[-70.9575,18.741666666666667]]],[[[-70.97833333333332,18.789166666666667],[-70.98333333333333,18.783333333333335],[-70.98249999999999,18.770833333333332],[-70.98666666666666,18.7675],[-70.985,18.7625],[-70.99249999999999,18.76],[-70.98833333333333,18.75583333333333],[-70.99083333333333,18.7525],[-70.98916666666666,18.748333333333335],[-70.99333333333333,18.7475],[-70.99583333333332,18.749166666666667],[-70.99333333333333,18.754166666666666],[-70.99916666666667,18.759166666666665],[-70.99,18.77],[-70.99249999999999,18.7775],[-70.9875,18.7775],[-70.98416666666667,18.7875],[-70.97833333333332,18.789166666666667]]],[[[-70.96249999999999,18.705833333333334],[-70.95583333333333,18.7025],[-70.95416666666667,18.695],[-70.94666666666666,18.695833333333333],[-70.94749999999999,18.689166666666665],[-70.94083333333333,18.6825],[-70.9375,18.684166666666666],[-70.93499999999999,18.68],[-70.93083333333333,18.68],[-70.93083333333333,18.673333333333332],[-70.94083333333333,18.675833333333333],[-70.945,18.670833333333334],[-70.94333333333333,18.6675],[-70.93333333333332,18.669166666666666],[-70.92916666666666,18.665],[-70.93416666666666,18.66],[-70.93416666666666,18.654166666666665],[-70.94,18.661666666666665],[-70.94749999999999,18.661666666666665],[-70.945,18.6675],[-70.9525,18.669166666666666],[-70.95333333333333,18.675],[-70.95833333333333,18.6725],[-70.96083333333333,18.679166666666667],[-70.95666666666666,18.6775],[-70.95416666666667,18.684166666666666],[-70.96166666666666,18.688333333333333],[-70.95916666666666,18.695833333333333],[-70.96249999999999,18.705833333333334]]],[[[-70.91499999999999,18.763333333333332],[-70.8825,18.773333333333333],[-70.88416666666666,18.770833333333332],[-70.90333333333332,18.763333333333332],[-70.90833333333333,18.758333333333333],[-70.92333333333333,18.755],[-70.93416666666666,18.7475],[-70.93333333333332,18.743333333333332],[-70.93916666666667,18.738333333333333],[-70.93666666666667,18.729166666666668],[-70.9425,18.725],[-70.94,18.721666666666668],[-70.93416666666666,18.723333333333333],[-70.93333333333332,18.720833333333335],[-70.94,18.715],[-70.9425,18.7175],[-70.94583333333333,18.713333333333335],[-70.94833333333332,18.715833333333332],[-70.955,18.715],[-70.96499999999999,18.725],[-70.97833333333332,18.72833333333333],[-70.96583333333332,18.733333333333334],[-70.96416666666666,18.7375],[-70.96083333333333,18.733333333333334],[-70.95583333333333,18.740833333333335],[-70.945,18.744166666666665],[-70.94083333333333,18.749166666666667],[-70.9425,18.753333333333334],[-70.93499999999999,18.750833333333333],[-70.92999999999999,18.758333333333333],[-70.92083333333333,18.758333333333333],[-70.91499999999999,18.763333333333332]],[[-70.95166666666667,18.733333333333334],[-70.96166666666666,18.730833333333333],[-70.95916666666666,18.724166666666665],[-70.95333333333333,18.725],[-70.94916666666666,18.73],[-70.95166666666667,18.733333333333334]]],[[[-70.84416666666667,18.751666666666665],[-70.84416666666667,18.748333333333335],[-70.84833333333333,18.75],[-70.8475,18.751666666666665],[-70.84416666666667,18.751666666666665]]],[[[-70.84833333333333,18.751666666666665],[-70.84916666666666,18.750833333333333],[-70.84916666666666,18.751666666666665],[-70.84833333333333,18.751666666666665]]],[[[-70.85583333333332,18.75583333333333],[-70.85166666666666,18.756666666666668],[-70.84916666666666,18.751666666666665],[-70.85499999999999,18.751666666666665],[-70.85583333333332,18.75583333333333]]],[[[-70.85833333333333,18.755],[-70.86749999999999,18.759166666666665],[-70.86749999999999,18.765],[-70.86416666666666,18.760833333333334],[-70.85916666666667,18.7625],[-70.86166666666666,18.76],[-70.85833333333333,18.755]]],[[[-70.86833333333333,18.765],[-70.86749999999999,18.765833333333333],[-70.86749999999999,18.765],[-70.86833333333333,18.765]]],[[[-70.86916666666666,18.768333333333334],[-70.86833333333333,18.765833333333333],[-70.86999999999999,18.766666666666666],[-70.86916666666666,18.768333333333334]]],[[[-70.8825,18.7725],[-70.87166666666666,18.768333333333334],[-70.87249999999999,18.766666666666666],[-70.87916666666666,18.768333333333334],[-70.8825,18.7725]]]]}},{"type":"Feature","properties":{"id":33,"name":"Olo","type":"uninhabited upland","places":"Olo (village), Charco de Palomas (village), El codo (village)","lon":-71.52414,"lat":18.19894,"floor_km2":31.1,"floor_elev_m":1814,"floor_elev_min":1366,"floor_elev_max":2087,"tavg_c":15.2,"tavg_lapse_c":15.3,"tavg_cell_c":15.0,"pop_town":0,"pop_5km":0,"pop_10km":638,"relief_10km_m":238,"dist_sd_km":171,"dist_sti_km":164,"hospital_km":18.8,"hospital_name":"CLINICA RURAL  DE AGUAS NEGRAS","clinic_km":18.8,"river_near":"R\u00edo Las Damas (12.2 km, mapped 6 km)","big_river_km":null,"big_river":null,"hotels_10km":0,"airport":"CBJ 33 km","route_from":"town","drive_sd_min":239,"drive_sd_km":265,"drive_sti_min":322,"drive_sti_km":356,"drive_sdq_min":263,"drive_sdq_km":296,"drive_stiap_min":313,"drive_stiap_km":347,"drive_jbq_min":249,"drive_jbq_km":275,"drive_hospital_min":1,"drive_hospital_km":0.7,"hospital_by_road":"Hospital Municipal de La Descubierta","criteria":{"cool":1.0,"near_sd":0.006,"near_sti":0.0,"health":1.0,"river":0.0,"scenic":0.198,"quiet":1.0,"tourism":0.0},"ours":false},"geometry":{"type":"MultiPolygon","coordinates":[[[[-71.55666666666666,18.1975],[-71.54916666666666,18.19333333333333],[-71.54416666666665,18.188333333333333],[-71.55333333333333,18.185833333333335],[-71.55166666666666,18.190833333333334],[-71.55666666666666,18.1975]]],[[[-71.60083333333333,18.210833333333333],[-71.59666666666666,18.20916666666667],[-71.60083333333333,18.206666666666667],[-71.59916666666666,18.204166666666666],[-71.59416666666667,18.206666666666667],[-71.58833333333332,18.205],[-71.59333333333333,18.200833333333332],[-71.59083333333332,18.1975],[-71.57916666666667,18.204166666666666],[-71.56166666666667,18.19],[-71.56083333333332,18.185],[-71.56666666666666,18.184166666666666],[-71.58416666666666,18.2],[-71.58833333333332,18.195833333333333],[-71.57499999999999,18.188333333333333],[-71.5775,18.183333333333334],[-71.585,18.185833333333335],[-71.58999999999999,18.191666666666666],[-71.5925,18.189166666666665],[-71.61083333333333,18.189166666666665],[-71.61083333333333,18.191666666666666],[-71.60166666666666,18.191666666666666],[-71.59666666666666,18.1975],[-71.61416666666666,18.203333333333333],[-71.61666666666666,18.2075],[-71.61,18.20916666666667],[-71.60416666666666,18.203333333333333],[-71.60083333333333,18.210833333333333]]],[[[-71.57,18.20916666666667],[-71.5625,18.2],[-71.55999999999999,18.201666666666668],[-71.55749999999999,18.196666666666665],[-71.56416666666667,18.198333333333334],[-71.57249999999999,18.206666666666667],[-71.57,18.20916666666667]]],[[[-71.57499999999999,18.23],[-71.56666666666666,18.223333333333333],[-71.56583333333333,18.219166666666666],[-71.56166666666667,18.220833333333335],[-71.55499999999999,18.213333333333335],[-71.55833333333332,18.210833333333333],[-71.56333333333333,18.218333333333334],[-71.56333333333333,18.210833333333333],[-71.56666666666666,18.214166666666667],[-71.57,18.2125],[-71.56916666666666,18.218333333333334],[-71.57583333333332,18.223333333333333],[-71.57499999999999,18.23]]],[[[-71.51666666666667,18.23],[-71.505,18.225],[-71.50916666666666,18.22],[-71.51833333333333,18.225],[-71.51666666666667,18.23]]],[[[-71.53999999999999,18.249166666666667],[-71.53333333333333,18.245],[-71.53583333333333,18.240833333333335],[-71.52749999999999,18.23],[-71.53916666666666,18.234166666666667],[-71.54583333333333,18.240833333333335],[-71.55499999999999,18.240833333333335],[-71.5525,18.246666666666666],[-71.54499999999999,18.245],[-71.53999999999999,18.249166666666667]]],[[[-71.44083333333333,18.163333333333334],[-71.44,18.1625],[-71.44083333333333,18.1625],[-71.44083333333333,18.163333333333334]]],[[[-71.43416666666666,18.16],[-71.44666666666666,18.173333333333332],[-71.445,18.1775],[-71.42416666666666,18.151666666666667],[-71.42999999999999,18.148333333333333],[-71.43499999999999,18.154166666666665],[-71.43416666666666,18.16]]],[[[-71.44833333333332,18.165],[-71.44083333333333,18.1625],[-71.44166666666666,18.160833333333333],[-71.44833333333332,18.165]]],[[[-71.51583333333333,18.216666666666665],[-71.50333333333333,18.220833333333335],[-71.49166666666666,18.213333333333335],[-71.49249999999999,18.21],[-71.49666666666666,18.2125],[-71.5,18.210833333333333],[-71.50666666666666,18.2175],[-71.50999999999999,18.213333333333335],[-71.5,18.206666666666667],[-71.49249999999999,18.20916666666667],[-71.48083333333332,18.204166666666666],[-71.49333333333333,18.205833333333334],[-71.49666666666666,18.2025],[-71.485,18.196666666666665],[-71.48166666666665,18.199166666666667],[-71.48333333333333,18.19333333333333],[-71.47749999999999,18.19],[-71.47833333333332,18.185833333333335],[-71.46666666666665,18.178333333333335],[-71.45166666666667,18.1625],[-71.4525,18.16],[-71.45916666666666,18.16583333333333],[-71.46333333333332,18.1625],[-71.46916666666667,18.169999999999998],[-71.475,18.168333333333333],[-71.48333333333333,18.175833333333333],[-71.49,18.176666666666666],[-71.49666666666666,18.183333333333334],[-71.49416666666666,18.1875],[-71.5,18.195],[-71.51333333333332,18.196666666666665],[-71.51583333333333,18.194166666666668],[-71.52166666666666,18.1975],[-71.5225,18.19333333333333],[-71.51583333333333,18.189166666666665],[-71.52083333333333,18.185833333333335],[-71.52749999999999,18.19],[-71.52833333333332,18.195],[-71.53083333333333,18.19333333333333],[-71.53916666666666,18.2],[-71.54499999999999,18.1925],[-71.54666666666667,18.196666666666665],[-71.54333333333332,18.2],[-71.54583333333333,18.204166666666666],[-71.54916666666666,18.2075],[-71.55583333333333,18.2075],[-71.54916666666666,18.21],[-71.52916666666665,18.198333333333334],[-71.52833333333332,18.203333333333333],[-71.53999999999999,18.20916666666667],[-71.53999999999999,18.214166666666667],[-71.5375,18.211666666666666],[-71.5325,18.215],[-71.5175,18.211666666666666],[-71.51583333333333,18.216666666666665]],[[-71.50916666666666,18.201666666666668],[-71.5075,18.199166666666667],[-71.505,18.200833333333332],[-71.50666666666666,18.203333333333333],[-71.50916666666666,18.201666666666668]],[[-71.49666666666666,18.196666666666665],[-71.49749999999999,18.19333333333333],[-71.49416666666666,18.190833333333334],[-71.4875,18.195],[-71.48916666666666,18.1975],[-71.49666666666666,18.196666666666665]],[[-71.47749999999999,18.179166666666667],[-71.4725,18.173333333333332],[-71.46583333333332,18.173333333333332],[-71.47416666666666,18.180833333333332],[-71.47749999999999,18.179166666666667]]],[[[-71.50833333333333,18.22],[-71.50916666666666,18.219166666666666],[-71.50916666666666,18.22],[-71.50833333333333,18.22]]]]}},{"type":"Feature","properties":{"id":57,"name":"Rancho Arriba","type":"town valley","places":"Rancho Arriba (town, 10,476), Los Morones (village), El Quemado (village), Arroyo Blanco (village), La Vig\u00eda (village)","lon":-70.43983,"lat":18.71104,"floor_km2":21.2,"floor_elev_m":691,"floor_elev_min":662,"floor_elev_max":778,"tavg_c":20.9,"tavg_lapse_c":22.2,"tavg_cell_c":20.1,"pop_town":10476,"pop_5km":7488,"pop_10km":8813,"relief_10km_m":810,"dist_sd_km":59,"dist_sti_km":87,"hospital_km":19.6,"hospital_name":"Hospital Municipal","clinic_km":19.5,"river_near":"R\u00edo Banilejo (0.7 km, mapped 50 km)","big_river_km":0.7,"big_river":"R\u00edo Banilejo","hotels_10km":0,"airport":"COZ 37 km","route_from":"town","drive_sd_min":74,"drive_sd_km":93,"drive_sti_min":92,"drive_sti_km":116,"drive_sdq_min":99,"drive_sdq_km":124,"drive_stiap_min":84,"drive_stiap_km":107,"drive_jbq_min":73,"drive_jbq_km":92,"drive_hospital_min":61,"drive_hospital_km":48.5,"hospital_by_road":"Hospital Ram\u00f3n Mat\u00edas Mella","criteria":{"cool":0.51,"near_sd":0.922,"near_sti":0.822,"health":0.0,"river":1.0,"scenic":0.675,"quiet":0.34,"tourism":0.0},"ours":true},"geometry":{"type":"Polygon","coordinates":[[[-70.43833333333333,18.745833333333334],[-70.4375,18.735],[-70.44583333333333,18.734166666666667],[-70.43833333333333,18.726666666666667],[-70.44749999999999,18.716666666666665],[-70.44333333333333,18.714166666666667],[-70.445,18.711666666666666],[-70.44916666666666,18.714166666666667],[-70.4525,18.7125],[-70.45833333333333,18.72],[-70.46583333333332,18.718333333333334],[-70.47333333333333,18.72833333333333],[-70.48083333333332,18.723333333333333],[-70.4725,18.715],[-70.46416666666666,18.7125],[-70.46333333333332,18.704166666666666],[-70.4525,18.686666666666667],[-70.45583333333333,18.679166666666667],[-70.44916666666666,18.679166666666667],[-70.44083333333333,18.685],[-70.445,18.689166666666665],[-70.4425,18.6925],[-70.43416666666666,18.691666666666666],[-70.43249999999999,18.6975],[-70.42583333333333,18.695],[-70.42083333333333,18.703333333333333],[-70.41583333333332,18.700833333333332],[-70.4075,18.704166666666666],[-70.41499999999999,18.715833333333332],[-70.4125,18.726666666666667],[-70.42333333333333,18.72833333333333],[-70.42916666666666,18.739166666666666],[-70.43333333333332,18.739166666666666],[-70.43833333333333,18.745833333333334]]]}},{"type":"Feature","properties":{"id":44,"name":"unnamed valley 44","type":"uninhabited upland","places":"","lon":-71.28901,"lat":19.33288,"floor_km2":18.8,"floor_elev_m":599,"floor_elev_min":401,"floor_elev_max":679,"tavg_c":23.2,"tavg_lapse_c":22.7,"tavg_cell_c":23.0,"pop_town":0,"pop_5km":373,"pop_10km":642,"relief_10km_m":698,"dist_sd_km":171,"dist_sti_km":64,"hospital_km":15.9,"hospital_name":"Hospital Municipal de Monci\u00f3n","clinic_km":15.9,"river_near":"R\u00edo Yaguajal (3.4 km, mapped 47 km)","big_river_km":3.4,"big_river":"R\u00edo Yaguajal","hotels_10km":0,"airport":"STI 72 km","route_from":"valley centroid","drive_sd_min":215,"drive_sd_km":237,"drive_sti_min":101,"drive_sti_km":98,"drive_sdq_min":240,"drive_sdq_km":269,"drive_stiap_min":113,"drive_stiap_km":102,"drive_jbq_min":214,"drive_jbq_km":236,"drive_hospital_min":19,"drive_hospital_km":12.2,"hospital_by_road":"Centro Medico San Rafael","criteria":{"cool":0.28,"near_sd":0.139,"near_sti":0.772,"health":0.745,"river":0.5,"scenic":0.582,"quiet":0.774,"tourism":0.0},"ours":false},"geometry":{"type":"MultiPolygon","coordinates":[[[[-71.28083333333333,19.298333333333332],[-71.28,19.295833333333334],[-71.28166666666667,19.296666666666667],[-71.28083333333333,19.298333333333332]]],[[[-71.28166666666667,19.299166666666668],[-71.28083333333333,19.298333333333332],[-71.28166666666667,19.298333333333332],[-71.28166666666667,19.299166666666668]]],[[[-71.28916666666666,19.313333333333333],[-71.28666666666666,19.301666666666666],[-71.27916666666665,19.31],[-71.27,19.31],[-71.27583333333332,19.3025],[-71.27916666666665,19.304166666666667],[-71.28166666666667,19.299166666666668],[-71.28583333333333,19.300833333333333],[-71.29166666666666,19.2975],[-71.29333333333332,19.2925],[-71.30166666666666,19.3025],[-71.30416666666666,19.298333333333332],[-71.29833333333333,19.29083333333333],[-71.30333333333333,19.285],[-71.3025,19.295],[-71.30499999999999,19.2975],[-71.31416666666667,19.29083333333333],[-71.32166666666666,19.296666666666667],[-71.32916666666667,19.295833333333334],[-71.32916666666667,19.3025],[-71.32499999999999,19.298333333333332],[-71.32249999999999,19.3],[-71.32499999999999,19.305],[-71.31833333333333,19.3],[-71.315,19.305],[-71.30833333333332,19.3075],[-71.30583333333333,19.3],[-71.30499999999999,19.305],[-71.29166666666666,19.308333333333334],[-71.28916666666666,19.313333333333333]],[[-71.31333333333333,19.3025],[-71.31583333333333,19.3],[-71.31333333333333,19.295833333333334],[-71.30999999999999,19.298333333333332],[-71.31333333333333,19.3025]],[[-71.29499999999999,19.3025],[-71.2975,19.3],[-71.29499999999999,19.2975],[-71.29249999999999,19.299166666666668],[-71.29499999999999,19.3025]]],[[[-71.26833333333333,19.339166666666667],[-71.265,19.345],[-71.26833333333333,19.348333333333333],[-71.28166666666667,19.350833333333334],[-71.28333333333333,19.344166666666666],[-71.27833333333332,19.341666666666665],[-71.28,19.335833333333333],[-71.27666666666666,19.3325],[-71.28166666666667,19.329166666666666],[-71.27749999999999,19.325833333333332],[-71.2875,19.3275],[-71.29249999999999,19.320833333333333],[-71.2975,19.328333333333333],[-71.30499999999999,19.329166666666666],[-71.31333333333333,19.346666666666668],[-71.30833333333332,19.350833333333334],[-71.3025,19.349166666666665],[-71.30083333333333,19.3575],[-71.29249999999999,19.358333333333334],[-71.28666666666666,19.354166666666668],[-71.27916666666665,19.356666666666666],[-71.2725,19.351666666666667],[-71.26833333333333,19.3575],[-71.26249999999999,19.3575],[-71.26249999999999,19.3525],[-71.25833333333333,19.348333333333333],[-71.26166666666666,19.343333333333334],[-71.2575,19.339166666666667],[-71.26249999999999,19.336666666666666],[-71.26833333333333,19.339166666666667]],[[-71.29916666666666,19.3525],[-71.2975,19.35],[-71.29499999999999,19.351666666666667],[-71.29666666666667,19.354166666666668],[-71.29916666666666,19.3525]],[[-71.2975,19.336666666666666],[-71.30083333333333,19.333333333333332],[-71.2975,19.330833333333334],[-71.29499999999999,19.3325],[-71.2975,19.336666666666666]]],[[[-71.26833333333333,19.34],[-71.27083333333333,19.340833333333332],[-71.26916666666666,19.341666666666665],[-71.26833333333333,19.34]]],[[[-71.27333333333333,19.346666666666668],[-71.2725,19.344166666666666],[-71.27583333333332,19.3425],[-71.27666666666666,19.345833333333335],[-71.27333333333333,19.346666666666668]]],[[[-71.25333333333333,19.34],[-71.25583333333333,19.336666666666666],[-71.2575,19.339166666666667],[-71.25333333333333,19.34]]],[[[-71.25833333333333,19.346666666666668],[-71.2575,19.3475],[-71.2575,19.346666666666668],[-71.25833333333333,19.346666666666668]]],[[[-71.2525,19.35],[-71.255,19.345833333333335],[-71.25666666666666,19.345],[-71.255,19.35],[-71.2525,19.35]]],[[[-71.25083333333333,19.378333333333334],[-71.24749999999999,19.3775],[-71.24249999999999,19.3725],[-71.25,19.370833333333334],[-71.25083333333333,19.378333333333334]]],[[[-71.2525,19.376666666666665],[-71.26083333333332,19.369166666666665],[-71.26083333333332,19.3775],[-71.26666666666667,19.384166666666665],[-71.25833333333333,19.384166666666665],[-71.25916666666666,19.379166666666666],[-71.2525,19.376666666666665]]]]}},{"type":"Feature","properties":{"id":45,"name":"unnamed valley 45","type":"rural valley","places":"","lon":-71.35165,"lat":19.36265,"floor_km2":18.5,"floor_elev_m":463,"floor_elev_min":401,"floor_elev_max":538,"tavg_c":24.0,"tavg_lapse_c":23.6,"tavg_cell_c":24.0,"pop_town":0,"pop_5km":0,"pop_10km":1157,"relief_10km_m":378,"dist_sd_km":179,"dist_sti_km":69,"hospital_km":11.0,"hospital_name":"Hospital Regional Villa Los Alm\u00e1cigos","clinic_km":11.0,"river_near":"R\u00edo Yaguajal (0.4 km, mapped 47 km)","big_river_km":0.4,"big_river":"R\u00edo Yaguajal","hotels_10km":0,"airport":"STI 79 km","route_from":"valley centroid","drive_sd_min":233,"drive_sd_km":256,"drive_sti_min":119,"drive_sti_km":106,"drive_sdq_min":258,"drive_sdq_km":288,"drive_stiap_min":131,"drive_stiap_km":120,"drive_jbq_min":232,"drive_jbq_km":255,"drive_hospital_min":80,"drive_hospital_km":22.8,"hospital_by_road":"Hospital Jamao al Norte","criteria":{"cool":0.2,"near_sd":0.039,"near_sti":0.672,"health":0.0,"river":1.0,"scenic":0.315,"quiet":1.0,"tourism":0.0},"ours":false},"geometry":{"type":"MultiPolygon","coordinates":[[[[-71.35749999999999,19.385],[-71.35416666666666,19.3825],[-71.35,19.384166666666665],[-71.35083333333333,19.38],[-71.34416666666667,19.3775],[-71.3425,19.371666666666666],[-71.34666666666666,19.3725],[-71.35749999999999,19.361666666666668],[-71.365,19.365833333333335],[-71.36833333333333,19.36],[-71.36666666666666,19.356666666666666],[-71.37249999999999,19.35333333333333],[-71.365,19.351666666666667],[-71.3625,19.356666666666666],[-71.35083333333333,19.3525],[-71.34916666666666,19.360833333333332],[-71.345,19.364166666666666],[-71.3425,19.358333333333334],[-71.34416666666667,19.351666666666667],[-71.33833333333332,19.348333333333333],[-71.335,19.341666666666665],[-71.3275,19.341666666666665],[-71.3275,19.33416666666667],[-71.335,19.336666666666666],[-71.3425,19.335],[-71.34166666666665,19.34],[-71.34916666666666,19.345],[-71.35333333333332,19.341666666666665],[-71.36,19.344166666666666],[-71.36583333333333,19.3375],[-71.36583333333333,19.331666666666667],[-71.36999999999999,19.341666666666665],[-71.375,19.340833333333332],[-71.37833333333333,19.335833333333333],[-71.37666666666667,19.330833333333334],[-71.38416666666666,19.324166666666667],[-71.38666666666666,19.331666666666667],[-71.37666666666667,19.343333333333334],[-71.37416666666667,19.341666666666665],[-71.37166666666666,19.345],[-71.37583333333333,19.3475],[-71.37249999999999,19.351666666666667],[-71.37416666666667,19.354166666666668],[-71.38,19.351666666666667],[-71.37583333333333,19.355],[-71.37583333333333,19.359166666666667],[-71.38416666666666,19.365],[-71.38583333333332,19.37],[-71.37666666666667,19.375833333333333],[-71.36666666666666,19.37],[-71.36416666666666,19.3725],[-71.36583333333333,19.376666666666665],[-71.35749999999999,19.381666666666668],[-71.35749999999999,19.385]]],[[[-71.32416666666666,19.395],[-71.3125,19.400833333333335],[-71.315,19.3975],[-71.31333333333333,19.395],[-71.29916666666666,19.395],[-71.31916666666666,19.385],[-71.31416666666667,19.375833333333333],[-71.32083333333333,19.371666666666666],[-71.32499999999999,19.38],[-71.33,19.379166666666666],[-71.32916666666667,19.375],[-71.33416666666666,19.3775],[-71.32916666666667,19.3825],[-71.33333333333333,19.386666666666667],[-71.3275,19.39],[-71.32249999999999,19.3875],[-71.32083333333333,19.39],[-71.32416666666666,19.395]]]]}},{"type":"Feature","properties":{"id":59,"name":"Constanza","type":"town valley","places":"Constanza (city, 42,889), La Sabina (town, 8,559), Tireo Abajo (village)","lon":-70.72714,"lat":18.90247,"floor_km2":18.3,"floor_elev_m":1185,"floor_elev_min":1138,"floor_elev_max":1276,"tavg_c":18.5,"tavg_lapse_c":19.2,"tavg_cell_c":18.3,"pop_town":42889,"pop_5km":54434,"pop_10km":62580,"relief_10km_m":1075,"dist_sd_km":96,"dist_sti_km":61,"hospital_km":0.8,"hospital_name":"Hospital Municipal Pedro A Cespedes","clinic_km":0.8,"river_near":"R\u00edo Constanza (0.1 km, mapped 7 km)","big_river_km":2.7,"big_river":"R\u00edo Grande","hotels_10km":19,"airport":"COZ 1 km","route_from":"town","drive_sd_min":125,"drive_sd_km":141,"drive_sti_min":99,"drive_sti_km":97,"drive_sdq_min":151,"drive_sdq_km":172,"drive_stiap_min":91,"drive_stiap_km":87,"drive_jbq_min":125,"drive_jbq_km":140,"drive_hospital_min":5,"drive_hospital_km":3.8,"hospital_by_road":"Hospital de Hondo Valle","criteria":{"cool":0.75,"near_sd":0.639,"near_sti":0.783,"health":1.0,"river":1.0,"scenic":0.896,"quiet":0.053,"tourism":0.919},"ours":false},"geometry":{"type":"Polygon","coordinates":[[[-70.74249999999999,18.9225],[-70.74583333333332,18.9175],[-70.75999999999999,18.914166666666667],[-70.755,18.891666666666666],[-70.75083333333333,18.889166666666668],[-70.73916666666666,18.890833333333333],[-70.735,18.883333333333333],[-70.72999999999999,18.885],[-70.72833333333332,18.889166666666668],[-70.72416666666666,18.8875],[-70.72083333333333,18.8925],[-70.71166666666666,18.885],[-70.70416666666667,18.889166666666668],[-70.69999999999999,18.886666666666667],[-70.69999999999999,18.893333333333334],[-70.69,18.899166666666666],[-70.69666666666666,18.901666666666667],[-70.70166666666667,18.908333333333335],[-70.69583333333333,18.915],[-70.73249999999999,18.91583333333333],[-70.74,18.908333333333335],[-70.74249999999999,18.911666666666665],[-70.73916666666666,18.914166666666667],[-70.73916666666666,18.92],[-70.74249999999999,18.9225]],[[-70.72749999999999,18.901666666666667],[-70.72083333333333,18.898333333333333],[-70.72916666666666,18.894166666666667],[-70.73166666666665,18.899166666666666],[-70.72749999999999,18.901666666666667]]]}},{"type":"Feature","properties":{"id":18,"name":"unnamed valley 18","type":"uninhabited upland","places":"","lon":-71.93974,"lat":19.35798,"floor_km2":16.3,"floor_elev_m":584,"floor_elev_min":482,"floor_elev_max":726,"tavg_c":23.4,"tavg_lapse_c":22.8,"tavg_cell_c":23.3,"pop_town":0,"pop_5km":0,"pop_10km":0,"relief_10km_m":395,"dist_sd_km":233,"dist_sti_km":131,"hospital_km":32.1,"hospital_name":"Hospital Ram\u00f3n Mat\u00edas Mella","clinic_km":32.1,"river_near":"R\u00edo Lib\u00f3n (29.9 km, mapped 6 km)","big_river_km":null,"big_river":null,"hotels_10km":0,"airport":"COZ 138 km","route_from":"valley centroid","drive_sd_min":315,"drive_sd_km":349,"drive_sti_min":201,"drive_sti_km":198,"drive_sdq_min":340,"drive_sdq_km":380,"drive_stiap_min":213,"drive_stiap_km":213,"drive_jbq_min":314,"drive_jbq_km":348,"drive_hospital_min":1,"drive_hospital_km":0.8,"hospital_by_road":"Clinica Dr Baez","criteria":{"cool":0.26,"near_sd":0.0,"near_sti":0.217,"health":1.0,"river":0.0,"scenic":0.329,"quiet":1.0,"tourism":0.0},"ours":false},"geometry":{"type":"MultiPolygon","coordinates":[[[[-71.91083333333333,19.379166666666666],[-71.91,19.375833333333333],[-71.91666666666666,19.373333333333335],[-71.91583333333332,19.368333333333332],[-71.92416666666666,19.365833333333335],[-71.9225,19.355833333333333],[-71.92583333333333,19.351666666666667],[-71.92083333333333,19.346666666666668],[-71.91749999999999,19.348333333333333],[-71.91999999999999,19.351666666666667],[-71.91416666666666,19.355],[-71.91666666666666,19.358333333333334],[-71.9125,19.3625],[-71.90833333333333,19.3625],[-71.9125,19.3675],[-71.90833333333333,19.371666666666666],[-71.90333333333332,19.368333333333332],[-71.90083333333332,19.358333333333334],[-71.89416666666666,19.355],[-71.90333333333332,19.356666666666666],[-71.90833333333333,19.35333333333333],[-71.91,19.349166666666665],[-71.905,19.345833333333335],[-71.90666666666667,19.3425],[-71.90416666666665,19.34],[-71.90666666666667,19.338333333333335],[-71.905,19.335833333333333],[-71.91166666666666,19.331666666666667],[-71.91499999999999,19.335],[-71.93916666666667,19.3375],[-71.94916666666666,19.345],[-71.9525,19.3525],[-71.96499999999999,19.355],[-71.96416666666666,19.36],[-71.96,19.3625],[-71.94749999999999,19.355],[-71.94833333333332,19.350833333333334],[-71.94166666666666,19.344166666666666],[-71.93916666666667,19.346666666666668],[-71.945,19.351666666666667],[-71.9425,19.356666666666666],[-71.93916666666667,19.35333333333333],[-71.93499999999999,19.356666666666666],[-71.93666666666667,19.351666666666667],[-71.92916666666666,19.346666666666668],[-71.92583333333333,19.356666666666666],[-71.93166666666666,19.361666666666668],[-71.92583333333333,19.365833333333335],[-71.93333333333332,19.365833333333335],[-71.93333333333332,19.370833333333334],[-71.92833333333333,19.373333333333335],[-71.92999999999999,19.3775],[-71.92083333333333,19.373333333333335],[-71.91583333333332,19.379166666666666],[-71.91083333333333,19.379166666666666]],[[-71.90833333333333,19.345],[-71.91749999999999,19.345833333333335],[-71.91916666666665,19.343333333333334],[-71.91333333333333,19.343333333333334],[-71.91166666666666,19.34],[-71.91416666666666,19.336666666666666],[-71.91,19.335],[-71.90833333333333,19.345]]],[[[-71.97333333333333,19.363333333333333],[-71.9725,19.360833333333332],[-71.97416666666666,19.361666666666668],[-71.97333333333333,19.363333333333333]]],[[[-71.97333333333333,19.363333333333333],[-71.97416666666666,19.364166666666666],[-71.97333333333333,19.364166666666666],[-71.97333333333333,19.363333333333333]]],[[[-71.92999999999999,19.363333333333333],[-71.93083333333333,19.364166666666666],[-71.92999999999999,19.364166666666666],[-71.92999999999999,19.363333333333333]]],[[[-71.91333333333333,19.366666666666667],[-71.91583333333332,19.365833333333335],[-71.91499999999999,19.3675],[-71.91333333333333,19.366666666666667]]],[[[-71.9125,19.3675],[-71.91333333333333,19.366666666666667],[-71.91333333333333,19.3675],[-71.9125,19.3675]]],[[[-71.91499999999999,19.3675],[-71.91583333333332,19.368333333333332],[-71.91499999999999,19.368333333333332],[-71.91499999999999,19.3675]]],[[[-71.99916666666667,19.3875],[-71.99416666666666,19.385],[-71.99249999999999,19.38],[-71.98583333333333,19.385],[-71.98416666666667,19.378333333333334],[-71.97083333333333,19.37],[-71.97333333333333,19.365],[-71.98166666666665,19.3625],[-71.98666666666666,19.3675],[-71.99,19.365833333333335],[-71.99083333333333,19.370833333333334],[-71.99916666666667,19.376666666666665],[-71.99916666666667,19.3875]]]]}},{"type":"Feature","properties":{"id":23,"name":"Puerto Escondido","type":"town valley","places":"Puerto Escondido (village, 17,849)","lon":-71.59956,"lat":18.3443,"floor_km2":16.3,"floor_elev_m":462,"floor_elev_min":399,"floor_elev_max":583,"tavg_c":24.8,"tavg_lapse_c":23.6,"tavg_cell_c":24.7,"pop_town":17849,"pop_5km":1189,"pop_10km":6227,"relief_10km_m":1667,"dist_sd_km":177,"dist_sti_km":156,"hospital_km":9.0,"hospital_name":"Hospital Dr. Jos\u00e9 P\u00e9rez","clinic_km":7.2,"river_near":"R\u00edo Las Damas (3.3 km, mapped 6 km)","big_river_km":null,"big_river":null,"hotels_10km":0,"airport":"CBJ 47 km","route_from":"town","drive_sd_min":208,"drive_sd_km":231,"drive_sti_min":291,"drive_sti_km":323,"drive_sdq_min":232,"drive_sdq_km":263,"drive_stiap_min":283,"drive_stiap_km":313,"drive_jbq_min":219,"drive_jbq_km":241,"drive_hospital_min":40,"drive_hospital_km":29.8,"hospital_by_road":null,"criteria":{"cool":0.12,"near_sd":0.178,"near_sti":0.0,"health":0.364,"river":0.0,"scenic":1.0,"quiet":0.607,"tourism":0.0},"ours":false},"geometry":{"type":"MultiPolygon","coordinates":[[[[-71.58416666666666,18.3425],[-71.585,18.336666666666666],[-71.5675,18.328333333333333],[-71.56666666666666,18.325],[-71.57083333333333,18.3225],[-71.57666666666667,18.324166666666667],[-71.5825,18.3125],[-71.58916666666666,18.310833333333335],[-71.58999999999999,18.305],[-71.60583333333332,18.3025],[-71.5975,18.310833333333335],[-71.59833333333333,18.319166666666668],[-71.59416666666667,18.331666666666667],[-71.58749999999999,18.335833333333333],[-71.58833333333332,18.339166666666667],[-71.58416666666666,18.3425]]],[[[-71.595,18.357499999999998],[-71.59166666666665,18.354166666666668],[-71.59583333333333,18.350833333333334],[-71.5925,18.345],[-71.59916666666666,18.3425],[-71.60249999999999,18.346666666666668],[-71.60583333333332,18.343333333333334],[-71.60666666666665,18.333333333333332],[-71.61,18.336666666666666],[-71.60916666666667,18.3475],[-71.6125,18.3525],[-71.62166666666666,18.35333333333333],[-71.625,18.348333333333333],[-71.63333333333333,18.348333333333333],[-71.63666666666666,18.354166666666668],[-71.64666666666666,18.355833333333333],[-71.64916666666666,18.349166666666665],[-71.65333333333332,18.3475],[-71.65833333333333,18.3525],[-71.6575,18.359166666666667],[-71.65083333333332,18.355833333333333],[-71.645,18.360833333333332],[-71.63583333333332,18.357499999999998],[-71.6325,18.351666666666667],[-71.61916666666666,18.357499999999998],[-71.60166666666666,18.3525],[-71.595,18.357499999999998]]],[[[-71.595,18.357499999999998],[-71.59583333333333,18.36],[-71.59416666666667,18.359166666666667],[-71.595,18.357499999999998]]],[[[-71.61833333333333,18.365],[-71.61916666666666,18.3625],[-71.61999999999999,18.364166666666666],[-71.61833333333333,18.365]]],[[[-71.61749999999999,18.365833333333335],[-71.61833333333333,18.365],[-71.61833333333333,18.365833333333335],[-71.61749999999999,18.365833333333335]]],[[[-71.57166666666666,18.381666666666668],[-71.56416666666667,18.3775],[-71.56666666666666,18.374166666666667],[-71.56916666666666,18.376666666666665],[-71.57333333333332,18.374166666666667],[-71.57166666666666,18.369166666666665],[-71.56583333333333,18.366666666666667],[-71.5675,18.361666666666668],[-71.57499999999999,18.363333333333333],[-71.58,18.36],[-71.57833333333333,18.370833333333334],[-71.58166666666666,18.3725],[-71.585,18.3675],[-71.59166666666665,18.375],[-71.57916666666667,18.375],[-71.57166666666666,18.381666666666668]]],[[[-71.62916666666666,18.379166666666666],[-71.62666666666667,18.376666666666665],[-71.62166666666666,18.378333333333334],[-71.62166666666666,18.373333333333335],[-71.60916666666667,18.365],[-71.61583333333333,18.366666666666667],[-71.61749999999999,18.365833333333335],[-71.62333333333332,18.374166666666667],[-71.62833333333333,18.37],[-71.63916666666667,18.373333333333335],[-71.62916666666666,18.379166666666666]]]]}},{"type":"Feature","properties":{"id":39,"name":"Mata Elena","type":"rural valley","places":"Mata Elena (village), Los Arroyos Arriba (village), vicencio (village), nan figuerete (village), sabana de ti sumbe (village)","lon":-71.36938,"lat":18.07643,"floor_km2":15.3,"floor_elev_m":830,"floor_elev_min":692,"floor_elev_max":1218,"tavg_c":21.4,"tavg_lapse_c":21.3,"tavg_cell_c":21.5,"pop_town":0,"pop_5km":0,"pop_10km":4675,"relief_10km_m":756,"dist_sd_km":159,"dist_sti_km":169,"hospital_km":9.7,"hospital_name":"Hospital del Polo","clinic_km":9.7,"river_near":"R\u00edo Nizaito (15.3 km, mapped 18 km)","big_river_km":null,"big_river":null,"hotels_10km":2,"airport":"BRX 33 km","route_from":"town","drive_sd_min":238,"drive_sd_km":235,"drive_sti_min":321,"drive_sti_km":327,"drive_sdq_min":262,"drive_sdq_km":266,"drive_stiap_min":312,"drive_stiap_km":317,"drive_jbq_min":249,"drive_jbq_km":245,"drive_hospital_min":56,"drive_hospital_km":24.6,"hospital_by_road":"Hospital del Polo","criteria":{"cool":0.46,"near_sd":0.011,"near_sti":0.0,"health":0.073,"river":0.0,"scenic":0.63,"quiet":1.0,"tourism":0.337},"ours":false},"geometry":{"type":"MultiPolygon","coordinates":[[[[-71.39166666666667,18.061666666666667],[-71.3825,18.049166666666668],[-71.375,18.051666666666666],[-71.36416666666666,18.0475],[-71.3825,18.039166666666667],[-71.38416666666666,18.045833333333334],[-71.3925,18.053333333333335],[-71.39166666666667,18.061666666666667]]],[[[-71.35333333333332,18.061666666666667],[-71.3475,18.0575],[-71.34333333333333,18.06],[-71.33916666666666,18.055833333333332],[-71.34333333333333,18.051666666666666],[-71.35249999999999,18.0525],[-71.35583333333332,18.0475],[-71.35916666666667,18.0475],[-71.36166666666666,18.051666666666666],[-71.35333333333332,18.061666666666667]]],[[[-71.4075,18.099166666666665],[-71.39833333333333,18.090833333333332],[-71.39333333333333,18.095],[-71.38833333333332,18.094166666666666],[-71.39166666666667,18.089166666666667],[-71.38666666666666,18.086666666666666],[-71.38749999999999,18.0825],[-71.37416666666667,18.069166666666668],[-71.36833333333333,18.073333333333334],[-71.37416666666667,18.078333333333333],[-71.3775,18.076666666666668],[-71.37666666666667,18.08],[-71.36999999999999,18.081666666666667],[-71.365,18.078333333333333],[-71.3625,18.080833333333334],[-71.35749999999999,18.075833333333332],[-71.3625,18.075],[-71.36333333333333,18.07],[-71.36749999999999,18.071666666666665],[-71.37249999999999,18.0675],[-71.36749999999999,18.063333333333333],[-71.36833333333333,18.058333333333334],[-71.375,18.058333333333334],[-71.38166666666666,18.063333333333333],[-71.38583333333332,18.061666666666667],[-71.38333333333333,18.065],[-71.38666666666666,18.075],[-71.39416666666666,18.08416666666667],[-71.405,18.090833333333332],[-71.40583333333333,18.095],[-71.41,18.094166666666666],[-71.4075,18.099166666666665]]],[[[-71.37916666666666,18.085833333333333],[-71.37833333333333,18.083333333333332],[-71.38,18.08416666666667],[-71.37916666666666,18.085833333333333]]],[[[-71.36,18.1],[-71.36333333333333,18.096666666666668],[-71.36166666666666,18.094166666666666],[-71.345,18.091666666666665],[-71.33916666666666,18.083333333333332],[-71.33916666666666,18.076666666666668],[-71.34416666666667,18.076666666666668],[-71.35583333333332,18.0875],[-71.35833333333333,18.085833333333333],[-71.35583333333332,18.080833333333334],[-71.36583333333333,18.088333333333335],[-71.37416666666667,18.09],[-71.3775,18.085833333333333],[-71.38,18.0875],[-71.37833333333333,18.094166666666666],[-71.37083333333332,18.093333333333334],[-71.36583333333333,18.100833333333334],[-71.36,18.1]]],[[[-71.3625,18.12],[-71.35416666666666,18.111666666666668],[-71.35083333333333,18.111666666666668],[-71.35,18.105],[-71.35749999999999,18.111666666666668],[-71.3625,18.11],[-71.36583333333333,18.114166666666666],[-71.3625,18.12]]]]}},{"type":"Feature","properties":{"id":38,"name":"unnamed valley 38","type":"rural valley","places":"","lon":-71.43604,"lat":19.32504,"floor_km2":13.4,"floor_elev_m":472,"floor_elev_min":394,"floor_elev_max":585,"tavg_c":24.0,"tavg_lapse_c":23.5,"tavg_cell_c":23.8,"pop_town":0,"pop_5km":591,"pop_10km":9716,"relief_10km_m":731,"dist_sd_km":184,"dist_sti_km":79,"hospital_km":9.6,"hospital_name":"Hospital Regional Villa Los Alm\u00e1cigos","clinic_km":9.6,"river_near":"R\u00edo Artibonito (8.6 km, mapped 28 km)","big_river_km":null,"big_river":null,"hotels_10km":0,"airport":"STI 88 km","route_from":"valley centroid","drive_sd_min":236,"drive_sd_km":266,"drive_sti_min":122,"drive_sti_km":115,"drive_sdq_min":261,"drive_sdq_km":297,"drive_stiap_min":134,"drive_stiap_km":130,"drive_jbq_min":235,"drive_jbq_km":265,"drive_hospital_min":33,"drive_hospital_km":24.6,"hospital_by_road":"Hospital Provincial Rosa Duarte","criteria":{"cool":0.2,"near_sd":0.022,"near_sti":0.656,"health":0.491,"river":0.0,"scenic":0.609,"quiet":0.708,"tourism":0.0},"ours":false},"geometry":{"type":"MultiPolygon","coordinates":[[[[-71.42916666666666,19.345],[-71.42583333333333,19.340833333333332],[-71.42166666666667,19.3425],[-71.41749999999999,19.335833333333333],[-71.42166666666667,19.335833333333333],[-71.42416666666666,19.330833333333334],[-71.42083333333333,19.329166666666666],[-71.41833333333332,19.331666666666667],[-71.40916666666666,19.320833333333333],[-71.41333333333333,19.305833333333332],[-71.40916666666666,19.303333333333335],[-71.41,19.3],[-71.41416666666666,19.300833333333333],[-71.41833333333332,19.293333333333333],[-71.42666666666666,19.2875],[-71.43166666666666,19.295833333333334],[-71.42916666666666,19.3],[-71.43333333333332,19.301666666666666],[-71.43083333333333,19.304166666666667],[-71.43333333333332,19.31],[-71.42083333333333,19.32],[-71.42333333333333,19.323333333333334],[-71.41916666666665,19.325833333333332],[-71.4275,19.329166666666666],[-71.43166666666666,19.325],[-71.43083333333333,19.321666666666665],[-71.43499999999999,19.321666666666665],[-71.43416666666666,19.328333333333333],[-71.4275,19.3325],[-71.43249999999999,19.338333333333335],[-71.43249999999999,19.343333333333334],[-71.42916666666666,19.345]],[[-71.41833333333332,19.323333333333334],[-71.41749999999999,19.32],[-71.41333333333333,19.321666666666665],[-71.41499999999999,19.324166666666667],[-71.41833333333332,19.323333333333334]],[[-71.41999999999999,19.315],[-71.4225,19.3125],[-71.41916666666665,19.308333333333334],[-71.4225,19.303333333333335],[-71.41833333333332,19.298333333333332],[-71.41333333333333,19.308333333333334],[-71.41999999999999,19.315]]],[[[-71.46,19.31833333333333],[-71.46083333333333,19.3175],[-71.46083333333333,19.31833333333333],[-71.46,19.31833333333333]]],[[[-71.44416666666666,19.3325],[-71.44166666666666,19.33],[-71.44583333333333,19.320833333333333],[-71.45583333333333,19.316666666666666],[-71.45333333333333,19.3125],[-71.45833333333333,19.3075],[-71.4575,19.315],[-71.46,19.3175],[-71.45666666666666,19.32],[-71.46083333333333,19.3225],[-71.46249999999999,19.3175],[-71.46583333333332,19.320833333333333],[-71.46166666666666,19.325833333333332],[-71.4575,19.323333333333334],[-71.45583333333333,19.33],[-71.44999999999999,19.3275],[-71.44416666666666,19.3325]]],[[[-71.45916666666666,19.3625],[-71.45166666666667,19.359166666666667],[-71.45666666666666,19.350833333333334],[-71.455,19.3475],[-71.44666666666666,19.356666666666666],[-71.44083333333333,19.348333333333333],[-71.4375,19.348333333333333],[-71.44916666666666,19.343333333333334],[-71.44833333333332,19.339166666666667],[-71.445,19.3425],[-71.4425,19.340833333333332],[-71.4525,19.333333333333332],[-71.45583333333333,19.33416666666667],[-71.455,19.34],[-71.45916666666666,19.344166666666666],[-71.46499999999999,19.344166666666666],[-71.46,19.3475],[-71.46166666666666,19.36],[-71.45916666666666,19.3625]]]]}},{"type":"Feature","properties":{"id":65,"name":"unnamed valley 65","type":"rural valley","places":"","lon":-70.72087,"lat":19.14203,"floor_km2":13.1,"floor_elev_m":709,"floor_elev_min":582,"floor_elev_max":823,"tavg_c":21.6,"tavg_lapse_c":22.1,"tavg_cell_c":21.7,"pop_town":0,"pop_5km":2141,"pop_10km":30546,"relief_10km_m":611,"dist_sd_km":111,"dist_sti_km":35,"hospital_km":8.5,"hospital_name":"Referencia Laboratorio Cl\u00ednico","clinic_km":8.5,"river_near":"Arroyo El Guano (2.9 km, mapped 1 km)","big_river_km":6.0,"big_river":"R\u00edo Yaque del Norte","hotels_10km":16,"airport":"COZ 26 km","route_from":"valley centroid","drive_sd_min":144,"drive_sd_km":157,"drive_sti_min":71,"drive_sti_km":52,"drive_sdq_min":169,"drive_sdq_km":188,"drive_stiap_min":76,"drive_stiap_km":51,"drive_jbq_min":143,"drive_jbq_km":156,"drive_hospital_min":25,"drive_hospital_km":18.8,"hospital_by_road":"CENTRO DE SALUD  MENCIA","criteria":{"cool":0.44,"near_sd":0.533,"near_sti":0.939,"health":0.636,"river":0.5,"scenic":0.509,"quiet":0.521,"tourism":0.87},"ours":false},"geometry":{"type":"MultiPolygon","coordinates":[[[[-70.71583333333332,19.134166666666665],[-70.71416666666666,19.136666666666667],[-70.71333333333332,19.135],[-70.71583333333332,19.134166666666665]]],[[[-70.72999999999999,19.16],[-70.72416666666666,19.1625],[-70.71416666666666,19.155833333333334],[-70.71,19.159166666666668],[-70.69833333333332,19.156666666666666],[-70.69083333333333,19.145833333333332],[-70.69583333333333,19.148333333333333],[-70.69916666666666,19.141666666666666],[-70.69,19.140833333333333],[-70.68833333333333,19.136666666666667],[-70.69166666666666,19.131666666666668],[-70.68666666666667,19.128333333333334],[-70.68333333333332,19.133333333333333],[-70.67666666666666,19.1225],[-70.68666666666667,19.123333333333335],[-70.69083333333333,19.13],[-70.69833333333332,19.131666666666668],[-70.70083333333332,19.134166666666665],[-70.69916666666666,19.139166666666668],[-70.70583333333333,19.140833333333333],[-70.70333333333333,19.144166666666667],[-70.70666666666666,19.149166666666666],[-70.71,19.145833333333332],[-70.71499999999999,19.14666666666667],[-70.71249999999999,19.150833333333335],[-70.71583333333332,19.155833333333334],[-70.71833333333333,19.154166666666665],[-70.7175,19.149166666666666],[-70.72416666666666,19.15],[-70.72749999999999,19.14666666666667],[-70.72333333333333,19.143333333333334],[-70.72416666666666,19.1375],[-70.71666666666665,19.135],[-70.72,19.13],[-70.725,19.131666666666668],[-70.72749999999999,19.129166666666666],[-70.73166666666665,19.1325],[-70.73666666666666,19.123333333333335],[-70.74,19.128333333333334],[-70.74583333333332,19.1225],[-70.75083333333333,19.124166666666667],[-70.75166666666667,19.13],[-70.74666666666666,19.1325],[-70.75,19.135833333333334],[-70.75083333333333,19.145833333333332],[-70.74416666666666,19.150833333333335],[-70.73916666666666,19.1475],[-70.73333333333333,19.15],[-70.72916666666666,19.1475],[-70.72583333333333,19.1525],[-70.72999999999999,19.155],[-70.72749999999999,19.1575],[-70.72999999999999,19.16]],[[-70.70083333333332,19.148333333333333],[-70.70333333333333,19.145833333333332],[-70.70166666666667,19.144166666666667],[-70.69916666666666,19.145833333333332],[-70.70083333333332,19.148333333333333]],[[-70.74166666666666,19.14],[-70.74499999999999,19.138333333333332],[-70.74166666666666,19.1325],[-70.73666666666666,19.136666666666667],[-70.74166666666666,19.14]]],[[[-70.72999999999999,19.16],[-70.73249999999999,19.1575],[-70.7375,19.1625],[-70.73416666666667,19.163333333333334],[-70.72999999999999,19.16]]]]}},{"type":"Feature","properties":{"id":53,"name":"San Jos\u00e9 de Ocoa","type":"town valley","places":"San Jos\u00e9 de Ocoa (city, 57,174), Sabana Larga (town, 21,799)","lon":-70.50014,"lat":18.56431,"floor_km2":12.7,"floor_elev_m":503,"floor_elev_min":401,"floor_elev_max":661,"tavg_c":23.1,"tavg_lapse_c":23.3,"tavg_cell_c":22.8,"pop_town":57174,"pop_5km":30239,"pop_10km":43143,"relief_10km_m":1136,"dist_sd_km":61,"dist_sti_km":101,"hospital_km":2.4,"hospital_name":"Clinica Dr Baez","clinic_km":1.9,"river_near":"R\u00edo Ocoa (0.4 km, mapped 67 km)","big_river_km":0.4,"big_river":"R\u00edo Ocoa","hotels_10km":2,"airport":"COZ 45 km","route_from":"town","drive_sd_min":90,"drive_sd_km":106,"drive_sti_min":122,"drive_sti_km":144,"drive_sdq_min":114,"drive_sdq_km":138,"drive_stiap_min":114,"drive_stiap_km":134,"drive_jbq_min":101,"drive_jbq_km":116,"drive_hospital_min":56,"drive_hospital_km":24.8,"hospital_by_road":"Hospital del Polo","criteria":{"cool":0.29,"near_sd":0.833,"near_sti":0.656,"health":0.073,"river":1.0,"scenic":0.947,"quiet":0.138,"tourism":0.337},"ours":false},"geometry":{"type":"MultiPolygon","coordinates":[[[[-70.47583333333333,18.565833333333334],[-70.4725,18.561666666666667],[-70.47833333333332,18.5575],[-70.47999999999999,18.548333333333332],[-70.48333333333333,18.546666666666667],[-70.48583333333333,18.55],[-70.48083333333332,18.5575],[-70.48249999999999,18.561666666666667],[-70.47583333333333,18.565833333333334]]],[[[-70.49333333333333,18.601666666666667],[-70.49249999999999,18.596666666666668],[-70.48833333333333,18.595],[-70.49249999999999,18.581666666666667],[-70.4875,18.575],[-70.49,18.5675],[-70.48583333333333,18.5625],[-70.49583333333332,18.559166666666666],[-70.49749999999999,18.545833333333334],[-70.5075,18.54083333333333],[-70.50416666666666,18.531666666666666],[-70.50666666666666,18.529166666666665],[-70.50999999999999,18.530833333333334],[-70.50999999999999,18.526666666666667],[-70.51416666666665,18.524166666666666],[-70.51833333333333,18.533333333333335],[-70.51083333333332,18.54083333333333],[-70.51166666666666,18.55],[-70.5075,18.551666666666666],[-70.5025,18.548333333333332],[-70.5,18.554166666666667],[-70.5025,18.5575],[-70.51083333333332,18.554166666666667],[-70.51416666666665,18.556666666666665],[-70.51666666666667,18.563333333333333],[-70.50833333333333,18.5675],[-70.51166666666666,18.570833333333333],[-70.51833333333333,18.5675],[-70.515,18.573333333333334],[-70.5175,18.5775],[-70.50583333333333,18.571666666666665],[-70.50416666666666,18.574166666666667],[-70.50833333333333,18.580833333333334],[-70.50083333333333,18.5825],[-70.5025,18.59],[-70.49749999999999,18.5925],[-70.49333333333333,18.601666666666667]],[[-70.50833333333333,18.535833333333333],[-70.51249999999999,18.535],[-70.50999999999999,18.533333333333335],[-70.50833333333333,18.535833333333333]]]]}},{"type":"Feature","properties":{"id":60,"name":"Pedro S\u00e1nchez","type":"rural valley","places":"Pedro S\u00e1nchez (village)","lon":-69.1208,"lat":18.90611,"floor_km2":11.1,"floor_elev_m":507,"floor_elev_min":445,"floor_elev_max":583,"tavg_c":22.9,"tavg_lapse_c":23.3,"tavg_cell_c":23.7,"pop_town":0,"pop_5km":1821,"pop_10km":8126,"relief_10km_m":16,"dist_sd_km":97,"dist_sti_km":177,"hospital_km":18.8,"hospital_name":"Hospital Dr. Te\u00f3filo Hern\u00e1ndez","clinic_km":18.8,"river_near":"R\u00edo Seibo (2.9 km, mapped 20 km)","big_river_km":5.6,"big_river":"R\u00edo Magu\u00e1","hotels_10km":0,"airport":"EPS 46 km","route_from":"town","drive_sd_min":134,"drive_sd_km":149,"drive_sti_min":247,"drive_sti_km":291,"drive_sdq_min":115,"drive_sdq_km":124,"drive_stiap_min":238,"drive_stiap_km":282,"drive_jbq_min":139,"drive_jbq_km":151,"drive_hospital_min":51,"drive_hospital_km":22.5,"hospital_by_road":"Hospital del Polo","criteria":{"cool":0.31,"near_sd":0.589,"near_sti":0.0,"health":0.164,"river":0.5,"scenic":0.013,"quiet":0.545,"tourism":0.0},"ours":false},"geometry":{"type":"MultiPolygon","coordinates":[[[[-69.13833333333332,18.913333333333334],[-69.13833333333332,18.909166666666668],[-69.14583333333333,18.9025],[-69.14166666666667,18.898333333333333],[-69.14416666666666,18.8925],[-69.15833333333333,18.9025],[-69.16333333333333,18.901666666666667],[-69.16499999999999,18.9075],[-69.16083333333333,18.906666666666666],[-69.15916666666666,18.910833333333333],[-69.14916666666666,18.9125],[-69.1425,18.908333333333335],[-69.13833333333332,18.913333333333334]]],[[[-69.11916666666666,18.926666666666666],[-69.11416666666666,18.921666666666667],[-69.10833333333333,18.923333333333332],[-69.10166666666666,18.916666666666668],[-69.10166666666666,18.913333333333334],[-69.0925,18.905833333333334],[-69.095,18.9025],[-69.0925,18.899166666666666],[-69.08583333333333,18.9],[-69.08749999999999,18.889166666666668],[-69.09583333333333,18.89],[-69.10333333333332,18.895],[-69.10666666666665,18.8925],[-69.11,18.894166666666667],[-69.11,18.906666666666666],[-69.1125,18.909166666666668],[-69.11833333333333,18.906666666666666],[-69.12083333333332,18.911666666666665],[-69.12666666666667,18.905833333333334],[-69.12833333333333,18.899166666666666],[-69.13166666666666,18.898333333333333],[-69.13083333333333,18.900833333333335],[-69.13666666666666,18.905833333333334],[-69.13,18.911666666666665],[-69.13,18.916666666666668],[-69.12166666666666,18.918333333333333],[-69.12333333333332,18.921666666666667],[-69.11916666666666,18.926666666666666]],[[-69.11333333333333,18.91583333333333],[-69.11749999999999,18.918333333333333],[-69.11999999999999,18.916666666666668],[-69.11749999999999,18.913333333333334],[-69.11333333333333,18.91583333333333]],[[-69.11333333333333,18.914166666666667],[-69.11,18.9125],[-69.10833333333333,18.91583333333333],[-69.11083333333333,18.9175],[-69.11333333333333,18.914166666666667]],[[-69.10416666666666,18.914166666666667],[-69.10666666666665,18.910833333333333],[-69.0975,18.903333333333332],[-69.09583333333333,18.905833333333334],[-69.10416666666666,18.914166666666667]]]]}},{"type":"Feature","properties":{"id":68,"name":"La Cuesta","type":"town valley","places":"La Cuesta (village, 4,002)","lon":-70.86755,"lat":19.42831,"floor_km2":9.9,"floor_elev_m":468,"floor_elev_min":419,"floor_elev_max":509,"tavg_c":24.1,"tavg_lapse_c":23.5,"tavg_cell_c":24.4,"pop_town":4002,"pop_5km":2764,"pop_10km":30477,"relief_10km_m":71,"dist_sd_km":144,"dist_sti_km":18,"hospital_km":7.9,"hospital_name":"Centro de Diagn\u00f3stico y Atenci\u00f3n Primaria","clinic_km":6.0,"river_near":"R\u00edo Amina (8.3 km, mapped 60 km)","big_river_km":null,"big_river":null,"hotels_10km":0,"airport":"STI 28 km","route_from":"town","drive_sd_min":140,"drive_sd_km":173,"drive_sti_min":24,"drive_sti_km":22,"drive_sdq_min":165,"drive_sdq_km":204,"drive_stiap_min":38,"drive_stiap_km":37,"drive_jbq_min":139,"drive_jbq_km":172,"drive_hospital_min":14,"drive_hospital_km":11.8,"hospital_by_road":"CENTRO DE SALUD  MENCIA","criteria":{"cool":0.19,"near_sd":0.556,"near_sti":1.0,"health":0.836,"river":0.0,"scenic":0.059,"quiet":0.485,"tourism":0.0},"ours":false},"geometry":{"type":"Polygon","coordinates":[[[-70.89,19.4475],[-70.895,19.444166666666668],[-70.88666666666666,19.4375],[-70.89083333333333,19.431666666666665],[-70.88666666666666,19.433333333333334],[-70.88166666666666,19.428333333333335],[-70.87833333333333,19.435833333333335],[-70.87249999999999,19.434166666666666],[-70.875,19.431666666666665],[-70.87249999999999,19.4225],[-70.87583333333333,19.419166666666666],[-70.86833333333333,19.415],[-70.86999999999999,19.4125],[-70.8625,19.403333333333332],[-70.86749999999999,19.401666666666667],[-70.86666666666666,19.39666666666667],[-70.8625,19.399166666666666],[-70.85833333333333,19.3975],[-70.85833333333333,19.4025],[-70.86333333333333,19.405833333333334],[-70.86166666666666,19.408333333333335],[-70.86416666666666,19.410833333333333],[-70.85749999999999,19.416666666666668],[-70.85,19.418333333333333],[-70.85249999999999,19.4225],[-70.85,19.434166666666666],[-70.85833333333333,19.435],[-70.85249999999999,19.439166666666665],[-70.8625,19.444166666666668],[-70.87083333333332,19.444166666666668],[-70.87333333333332,19.440833333333334],[-70.8775,19.44333333333333],[-70.88333333333333,19.441666666666666],[-70.89,19.4475]]]}},{"type":"Feature","properties":{"id":2,"name":"unnamed valley 2","type":"uninhabited upland","places":"","lon":-71.83871,"lat":18.22607,"floor_km2":9.0,"floor_elev_m":804,"floor_elev_min":716,"floor_elev_max":922,"tavg_c":21.5,"tavg_lapse_c":21.5,"tavg_cell_c":21.3,"pop_town":0,"pop_5km":0,"pop_10km":559,"relief_10km_m":961,"dist_sd_km":204,"dist_sti_km":182,"hospital_km":11.9,"hospital_name":"CENTRO DE SALUD  MENCIA","clinic_km":11.9,"river_near":"rio Bonito (6.9 km, mapped 8 km)","big_river_km":null,"big_river":null,"hotels_10km":0,"airport":"CBJ 39 km","route_from":"valley centroid","drive_sd_min":287,"drive_sd_km":302,"drive_sti_min":370,"drive_sti_km":394,"drive_sdq_min":311,"drive_sdq_km":333,"drive_stiap_min":362,"drive_stiap_km":384,"drive_jbq_min":298,"drive_jbq_km":312,"drive_hospital_min":69,"drive_hospital_km":38.6,"hospital_by_road":"unad Barrio alcoa","criteria":{"cool":0.45,"near_sd":0.0,"near_sti":0.0,"health":0.0,"river":0.0,"scenic":0.801,"quiet":1.0,"tourism":0.0},"ours":false},"geometry":{"type":"MultiPolygon","coordinates":[[[[-71.82499999999999,18.20916666666667],[-71.8175,18.204166666666666],[-71.81833333333333,18.201666666666668],[-71.82499999999999,18.204166666666666],[-71.82499999999999,18.20916666666667]]],[[[-71.85249999999999,18.215833333333332],[-71.85,18.215],[-71.85166666666666,18.214166666666667],[-71.85249999999999,18.215833333333332]]],[[[-71.85916666666667,18.23],[-71.86,18.225833333333334],[-71.86416666666666,18.22833333333333],[-71.86333333333333,18.23],[-71.85916666666667,18.23]]],[[[-71.84333333333333,18.239166666666666],[-71.84833333333333,18.23],[-71.84583333333333,18.225],[-71.85333333333332,18.225],[-71.85499999999999,18.2275],[-71.85,18.231666666666666],[-71.85,18.235833333333332],[-71.85416666666666,18.2375],[-71.85916666666667,18.230833333333333],[-71.8625,18.235],[-71.86583333333333,18.233333333333334],[-71.86666666666666,18.240833333333335],[-71.86333333333333,18.243333333333332],[-71.86583333333333,18.246666666666666],[-71.85416666666666,18.24],[-71.84833333333333,18.24],[-71.8425,18.246666666666666],[-71.83749999999999,18.245833333333334],[-71.83999999999999,18.241666666666667],[-71.83666666666666,18.238333333333333],[-71.83833333333332,18.232499999999998],[-71.82166666666666,18.221666666666668],[-71.815,18.224166666666665],[-71.8125,18.21],[-71.8175,18.210833333333333],[-71.8175,18.215833333333332],[-71.81916666666666,18.210833333333333],[-71.82249999999999,18.2125],[-71.82499999999999,18.20916666666667],[-71.83749999999999,18.2175],[-71.84333333333333,18.211666666666666],[-71.84583333333333,18.215833333333332],[-71.84833333333333,18.214166666666667],[-71.85,18.216666666666665],[-71.84083333333332,18.2225],[-71.84416666666667,18.229166666666668],[-71.84083333333332,18.2375],[-71.84333333333333,18.239166666666666]]],[[[-71.84416666666667,18.235833333333332],[-71.84333333333333,18.235],[-71.84416666666667,18.235],[-71.84416666666667,18.235833333333332]]]]}},{"type":"Feature","properties":{"id":36,"name":"Derrumbadero","type":"rural valley","places":"Derrumbadero (village), Batista (village)","lon":-71.44972,"lat":18.67039,"floor_km2":8.7,"floor_elev_m":964,"floor_elev_min":874,"floor_elev_max":1049,"tavg_c":20.9,"tavg_lapse_c":20.5,"tavg_cell_c":20.8,"pop_town":0,"pop_5km":4845,"pop_10km":12455,"relief_10km_m":1041,"dist_sd_km":162,"dist_sti_km":118,"hospital_km":9.2,"hospital_name":"Hospital","clinic_km":9.2,"river_near":"R\u00edo Los Baos (2.5 km, mapped 54 km)","big_river_km":2.5,"big_river":"R\u00edo Los Baos","hotels_10km":0,"airport":"BRX 58 km","route_from":"town","drive_sd_min":223,"drive_sd_km":221,"drive_sti_min":307,"drive_sti_km":282,"drive_sdq_min":247,"drive_sdq_km":253,"drive_stiap_min":319,"drive_stiap_km":296,"drive_jbq_min":233,"drive_jbq_km":231,"drive_hospital_min":32,"drive_hospital_km":27.9,"hospital_by_road":"Hospital Alejandro Cabral","criteria":{"cool":0.51,"near_sd":0.094,"near_sti":0.0,"health":0.509,"river":1.0,"scenic":0.868,"quiet":0.403,"tourism":0.0},"ours":false},"geometry":{"type":"MultiPolygon","coordinates":[[[[-71.47,18.684166666666666],[-71.4525,18.6775],[-71.43583333333332,18.679166666666667],[-71.43916666666667,18.670833333333334],[-71.4275,18.665],[-71.4225,18.674166666666668],[-71.42083333333333,18.658333333333335],[-71.42583333333333,18.656666666666666],[-71.43499999999999,18.660833333333333],[-71.44333333333333,18.656666666666666],[-71.44749999999999,18.661666666666665],[-71.45833333333333,18.663333333333334],[-71.455,18.668333333333333],[-71.45666666666666,18.671666666666667],[-71.46416666666666,18.6725],[-71.46499999999999,18.666666666666668],[-71.47749999999999,18.6675],[-71.47916666666666,18.669999999999998],[-71.47166666666666,18.674166666666668],[-71.47583333333333,18.679166666666667],[-71.47,18.684166666666666]],[[-71.44999999999999,18.670833333333334],[-71.45416666666667,18.668333333333333],[-71.4525,18.66583333333333],[-71.44833333333332,18.668333333333333],[-71.44999999999999,18.670833333333334]]],[[[-71.46833333333333,18.684166666666666],[-71.47416666666666,18.686666666666667],[-71.4725,18.690833333333334],[-71.46916666666667,18.69],[-71.46833333333333,18.684166666666666]]]]}},{"type":"Feature","properties":{"id":66,"name":"Las Placetas","type":"town valley","places":"Las Placetas (village, 3,663)","lon":-70.88905,"lat":19.21488,"floor_km2":8.2,"floor_elev_m":823,"floor_elev_min":742,"floor_elev_max":894,"tavg_c":21.4,"tavg_lapse_c":21.4,"tavg_cell_c":21.6,"pop_town":3663,"pop_5km":3193,"pop_10km":10669,"relief_10km_m":760,"dist_sd_km":129,"dist_sti_km":33,"hospital_km":14.4,"hospital_name":null,"clinic_km":14.4,"river_near":"Rio Jagua (1.9 km, mapped 42 km)","big_river_km":1.9,"big_river":"Rio Jagua","hotels_10km":0,"airport":"STI 37 km","route_from":"town","drive_sd_min":176,"drive_sd_km":201,"drive_sti_min":64,"drive_sti_km":54,"drive_sdq_min":201,"drive_sdq_km":233,"drive_stiap_min":74,"drive_stiap_km":66,"drive_jbq_min":175,"drive_jbq_km":200,"drive_hospital_min":86,"drive_hospital_km":61.1,"hospital_by_road":"Hospital Ram\u00f3n Mat\u00edas Mella","criteria":{"cool":0.46,"near_sd":0.356,"near_sti":0.978,"health":0.0,"river":1.0,"scenic":0.633,"quiet":0.464,"tourism":0.0},"ours":false},"geometry":{"type":"MultiPolygon","coordinates":[[[[-70.90583333333333,19.2025],[-70.90666666666667,19.205],[-70.90416666666665,19.208333333333332],[-70.90333333333332,19.204166666666666],[-70.90583333333333,19.2025]]],[[[-70.90416666666665,19.2025],[-70.90249999999999,19.200833333333332],[-70.8975,19.2075],[-70.89999999999999,19.210833333333333],[-70.89083333333333,19.215833333333332],[-70.90083333333332,19.219166666666666],[-70.89833333333333,19.221666666666668],[-70.89999999999999,19.225833333333334],[-70.89166666666667,19.225833333333334],[-70.88916666666667,19.2225],[-70.88583333333332,19.225],[-70.88916666666667,19.230833333333333],[-70.89416666666666,19.231666666666666],[-70.89083333333333,19.235833333333332],[-70.89333333333333,19.239166666666666],[-70.89083333333333,19.245],[-70.88666666666666,19.2425],[-70.88666666666666,19.235],[-70.87333333333332,19.226666666666667],[-70.88166666666666,19.215833333333332],[-70.87666666666667,19.20916666666667],[-70.8825,19.195],[-70.90249999999999,19.1975],[-70.90583333333333,19.2],[-70.90416666666665,19.2025]],[[-70.88416666666666,19.215833333333332],[-70.88666666666666,19.2125],[-70.88333333333333,19.21],[-70.88166666666666,19.213333333333335],[-70.88416666666666,19.215833333333332]]]]}},{"type":"Feature","properties":{"id":30,"name":"Pedro Santana","type":"town valley","places":"Pedro Santana (town, 10,178)","lon":-71.68177,"lat":19.13789,"floor_km2":8.1,"floor_elev_m":425,"floor_elev_min":396,"floor_elev_max":482,"tavg_c":25.2,"tavg_lapse_c":23.8,"tavg_cell_c":24.7,"pop_town":10178,"pop_5km":2551,"pop_10km":5403,"relief_10km_m":559,"dist_sd_km":198,"dist_sti_km":109,"hospital_km":29.2,"hospital_name":"Hospital Provincial Rosa Duarte","clinic_km":29.2,"river_near":"R\u00edo Artibonite (3.2 km, mapped 28 km)","big_river_km":3.2,"big_river":"R\u00edo Artibonite","hotels_10km":0,"airport":"COZ 104 km","route_from":"town","drive_sd_min":247,"drive_sd_km":262,"drive_sti_min":244,"drive_sti_km":222,"drive_sdq_min":271,"drive_sdq_km":294,"drive_stiap_min":256,"drive_stiap_km":237,"drive_jbq_min":357,"drive_jbq_km":371,"drive_hospital_min":29,"drive_hospital_km":19.6,"hospital_by_road":"Hospital Dr. Jos\u00e9 P\u00e9rez","criteria":{"cool":0.08,"near_sd":0.0,"near_sti":0.0,"health":0.564,"river":0.5,"scenic":0.466,"quiet":0.496,"tourism":0.0},"ours":false},"geometry":{"type":"MultiPolygon","coordinates":[[[[-71.70583333333333,19.1275],[-71.70333333333333,19.126666666666665],[-71.705,19.125833333333333],[-71.70583333333333,19.1275]]],[[[-71.70333333333333,19.128333333333334],[-71.70666666666666,19.13083333333333],[-71.70916666666666,19.128333333333334],[-71.72083333333333,19.139166666666668],[-71.705,19.133333333333333],[-71.70166666666667,19.139166666666668],[-71.695,19.14],[-71.69749999999999,19.143333333333334],[-71.70083333333332,19.1425],[-71.69916666666666,19.145833333333332],[-71.6875,19.140833333333333],[-71.68249999999999,19.150833333333335],[-71.67833333333333,19.145833333333332],[-71.66916666666665,19.1475],[-71.64916666666666,19.140833333333333],[-71.64916666666666,19.136666666666667],[-71.645,19.134166666666665],[-71.65583333333333,19.135833333333334],[-71.66416666666666,19.1325],[-71.66999999999999,19.138333333333332],[-71.67999999999999,19.13],[-71.68833333333333,19.131666666666668],[-71.69333333333333,19.1275],[-71.69916666666666,19.13083333333333],[-71.70333333333333,19.128333333333334]]]]}},{"type":"Feature","properties":{"id":49,"name":"El Yag\u00fce","type":"rural valley","places":"El Yag\u00fce (village)","lon":-71.06029,"lat":18.7955,"floor_km2":7.4,"floor_elev_m":462,"floor_elev_min":400,"floor_elev_max":569,"tavg_c":24.5,"tavg_lapse_c":23.6,"tavg_cell_c":23.7,"pop_town":0,"pop_5km":2229,"pop_10km":16969,"relief_10km_m":701,"dist_sd_km":124,"dist_sti_km":82,"hospital_km":14.5,"hospital_name":"Hospital Nuestra Se\u00f1ora del Carmen","clinic_km":14.5,"river_near":"R\u00edo Yaque del Sur (0.1 km, mapped 184 km)","big_river_km":0.1,"big_river":"R\u00edo Yaque del Sur","hotels_10km":1,"airport":"COZ 38 km","route_from":"town","drive_sd_min":181,"drive_sd_km":193,"drive_sti_min":233,"drive_sti_km":172,"drive_sdq_min":205,"drive_sdq_km":224,"drive_stiap_min":225,"drive_stiap_km":163,"drive_jbq_min":192,"drive_jbq_km":203,"drive_hospital_min":73,"drive_hospital_km":47.3,"hospital_by_road":"Hospital Municipal de Monci\u00f3n","criteria":{"cool":0.15,"near_sd":0.328,"near_sti":0.039,"health":0.0,"river":1.0,"scenic":0.584,"quiet":0.516,"tourism":0.213},"ours":false},"geometry":{"type":"MultiPolygon","coordinates":[[[[-71.05999999999999,18.805833333333332],[-71.05,18.813333333333333],[-71.04333333333332,18.811666666666667],[-71.04499999999999,18.805833333333332],[-71.05166666666666,18.805],[-71.05749999999999,18.798333333333332],[-71.05749999999999,18.775833333333335],[-71.05416666666666,18.766666666666666],[-71.0625,18.7625],[-71.0675,18.77166666666667],[-71.0625,18.774166666666666],[-71.0675,18.778333333333332],[-71.06416666666667,18.786666666666665],[-71.06666666666666,18.79],[-71.0625,18.791666666666668],[-71.06083333333332,18.7975],[-71.06333333333333,18.8],[-71.05916666666666,18.804166666666667],[-71.06166666666667,18.805833333333332],[-71.06416666666667,18.803333333333335],[-71.06833333333333,18.806666666666665],[-71.07083333333333,18.8],[-71.07583333333332,18.800833333333333],[-71.07833333333333,18.7975],[-71.0825,18.803333333333335],[-71.08666666666666,18.803333333333335],[-71.08166666666666,18.808333333333334],[-71.0775,18.803333333333335],[-71.07416666666666,18.8075],[-71.07666666666667,18.81],[-71.07499999999999,18.8125],[-71.06666666666666,18.809166666666666],[-71.06333333333333,18.811666666666667],[-71.05999999999999,18.805833333333332]]],[[[-71.05666666666666,18.808333333333334],[-71.05749999999999,18.809166666666666],[-71.05666666666666,18.809166666666666],[-71.05666666666666,18.808333333333334]]],[[[-71.05666666666666,18.810833333333335],[-71.06083333333332,18.811666666666667],[-71.05999999999999,18.813333333333333],[-71.05666666666666,18.810833333333335]]],[[[-71.05,18.814166666666665],[-71.05083333333333,18.813333333333333],[-71.05083333333333,18.814166666666665],[-71.05,18.814166666666665]]],[[[-71.05,18.81833333333333],[-71.05083333333333,18.814166666666665],[-71.0525,18.815],[-71.05,18.81833333333333]]],[[[-71.04166666666666,18.825833333333332],[-71.03666666666666,18.823333333333334],[-71.0375,18.819166666666668],[-71.04499999999999,18.813333333333333],[-71.04666666666667,18.820833333333333],[-71.04166666666666,18.825833333333332]]]]}},{"type":"Feature","properties":{"id":6,"name":"unnamed valley 6","type":"rural valley","places":"","lon":-71.78337,"lat":18.31964,"floor_km2":7.2,"floor_elev_m":1715,"floor_elev_min":1665,"floor_elev_max":1771,"tavg_c":15.5,"tavg_lapse_c":15.9,"tavg_cell_c":15.6,"pop_town":0,"pop_5km":0,"pop_10km":1734,"relief_10km_m":435,"dist_sd_km":197,"dist_sti_km":170,"hospital_km":17.0,"hospital_name":"CENTRO DE SALUD  MENCIA","clinic_km":17.0,"river_near":"rio Bonito (10.7 km, mapped 8 km)","big_river_km":null,"big_river":null,"hotels_10km":0,"airport":"CBJ 46 km","route_from":"valley centroid","drive_sd_min":289,"drive_sd_km":295,"drive_sti_min":371,"drive_sti_km":387,"drive_sdq_min":313,"drive_sdq_km":327,"drive_stiap_min":363,"drive_stiap_km":377,"drive_jbq_min":299,"drive_jbq_km":305,"drive_hospital_min":76,"drive_hospital_km":59.2,"hospital_by_road":"Hospital Ram\u00f3n Mat\u00edas Mella","criteria":{"cool":1.0,"near_sd":0.0,"near_sti":0.0,"health":0.0,"river":0.0,"scenic":0.362,"quiet":1.0,"tourism":0.0},"ours":false},"geometry":{"type":"MultiPolygon","coordinates":[[[[-71.79333333333332,18.303333333333335],[-71.78916666666666,18.300833333333333],[-71.79166666666666,18.299166666666668],[-71.79333333333332,18.303333333333335]]],[[[-71.79166666666666,18.305],[-71.79083333333332,18.304166666666667],[-71.79166666666666,18.304166666666667],[-71.79166666666666,18.305]]],[[[-71.7575,18.313333333333333],[-71.75416666666666,18.313333333333333],[-71.755,18.311666666666667],[-71.7575,18.313333333333333]]],[[[-71.75666666666666,18.315],[-71.7575,18.315833333333334],[-71.75666666666666,18.315833333333334],[-71.75666666666666,18.315]]],[[[-71.76083333333332,18.316666666666666],[-71.7725,18.3225],[-71.77416666666666,18.319166666666668],[-71.76583333333333,18.313333333333333],[-71.78,18.308333333333334],[-71.77749999999999,18.314166666666665],[-71.78083333333333,18.315833333333334],[-71.7875,18.3],[-71.78916666666666,18.3025],[-71.78583333333333,18.305833333333332],[-71.78833333333333,18.3075],[-71.79083333333332,18.305],[-71.79333333333332,18.309166666666666],[-71.79583333333333,18.308333333333334],[-71.79666666666667,18.313333333333333],[-71.79166666666666,18.31],[-71.78666666666666,18.31833333333333],[-71.79333333333332,18.320833333333333],[-71.80166666666666,18.315],[-71.80416666666666,18.31833333333333],[-71.7975,18.325],[-71.8,18.3275],[-71.80333333333333,18.324166666666667],[-71.80583333333333,18.325833333333332],[-71.79833333333333,18.333333333333332],[-71.79333333333332,18.33],[-71.79166666666666,18.335],[-71.77666666666666,18.324166666666667],[-71.76916666666666,18.323333333333334],[-71.75999999999999,18.329166666666666],[-71.76333333333332,18.320833333333333],[-71.75583333333333,18.31833333333333],[-71.76083333333332,18.316666666666666]],[[-71.78833333333333,18.326666666666668],[-71.78999999999999,18.324166666666667],[-71.7875,18.321666666666665],[-71.78416666666666,18.323333333333334],[-71.78833333333333,18.326666666666668]]]]}},{"type":"Feature","properties":{"id":25,"name":"Hondo Valle","type":"town valley","places":"Hondo Valle (town, 25,475)","lon":-71.72784,"lat":18.67311,"floor_km2":6.9,"floor_elev_m":2001,"floor_elev_min":1882,"floor_elev_max":2148,"tavg_c":14.3,"tavg_lapse_c":14.2,"tavg_cell_c":16.5,"pop_town":25475,"pop_5km":44,"pop_10km":9456,"relief_10km_m":-18,"dist_sd_km":191,"dist_sti_km":139,"hospital_km":5.8,"hospital_name":"Hospital de Hondo Valle","clinic_km":5.8,"river_near":"R\u00edo Los Guineos (3.8 km, mapped 39 km)","big_river_km":3.8,"big_river":"R\u00edo Los Guineos","hotels_10km":0,"airport":"BRX 79 km","route_from":"town","drive_sd_min":250,"drive_sd_km":252,"drive_sti_min":319,"drive_sti_km":295,"drive_sdq_min":274,"drive_sdq_km":283,"drive_stiap_min":332,"drive_stiap_km":310,"drive_jbq_min":261,"drive_jbq_km":262,"drive_hospital_min":28,"drive_hospital_km":27.5,"hospital_by_road":"Hospital Alejandro Cabral","criteria":{"cool":1.0,"near_sd":0.0,"near_sti":0.0,"health":0.582,"river":0.5,"scenic":0.0,"quiet":1.0,"tourism":0.0},"ours":false},"geometry":{"type":"MultiPolygon","coordinates":[[[[-71.71583333333332,18.676666666666666],[-71.71333333333332,18.673333333333332],[-71.70833333333333,18.675833333333333],[-71.70166666666667,18.6725],[-71.69666666666666,18.674166666666668],[-71.69666666666666,18.668333333333333],[-71.69333333333333,18.670833333333334],[-71.68916666666667,18.668333333333333],[-71.69083333333333,18.66583333333333],[-71.71083333333333,18.665],[-71.71499999999999,18.6675],[-71.7175,18.665],[-71.71916666666667,18.669166666666666],[-71.72333333333333,18.666666666666668],[-71.72749999999999,18.670833333333334],[-71.71583333333332,18.676666666666666]]],[[[-71.74499999999999,18.684166666666666],[-71.74166666666666,18.68],[-71.735,18.683333333333334],[-71.72749999999999,18.680833333333332],[-71.72833333333332,18.674166666666668],[-71.73249999999999,18.671666666666667],[-71.73166666666665,18.66583333333333],[-71.74333333333333,18.6675],[-71.74583333333332,18.670833333333334],[-71.75083333333333,18.669166666666666],[-71.75166666666667,18.673333333333332],[-71.74749999999999,18.675833333333333],[-71.74916666666667,18.678333333333335],[-71.755,18.6775],[-71.7575,18.675],[-71.755,18.670833333333334],[-71.75999999999999,18.669999999999998],[-71.75833333333333,18.678333333333335],[-71.74499999999999,18.684166666666666]]]]}},{"type":"Feature","properties":{"id":55,"name":"La Ci\u00e9naga","type":"town valley","places":"La Ci\u00e9naga (town, 10,373), Nizao (village)","lon":-70.44849,"lat":18.6088,"floor_km2":5.9,"floor_elev_m":604,"floor_elev_min":556,"floor_elev_max":697,"tavg_c":22.2,"tavg_lapse_c":22.7,"tavg_cell_c":21.5,"pop_town":10373,"pop_5km":6559,"pop_10km":31302,"relief_10km_m":728,"dist_sd_km":56,"dist_sti_km":97,"hospital_km":9.6,"hospital_name":"Clinica Dr Baez","clinic_km":9.1,"river_near":"R\u00edo Nizao (1.1 km, mapped 127 km)","big_river_km":1.1,"big_river":"R\u00edo Nizao","hotels_10km":1,"airport":"COZ 44 km","route_from":"valley centroid","drive_sd_min":90,"drive_sd_km":107,"drive_sti_min":108,"drive_sti_km":130,"drive_sdq_min":115,"drive_sdq_km":138,"drive_stiap_min":100,"drive_stiap_km":121,"drive_jbq_min":89,"drive_jbq_km":106,"drive_hospital_min":13,"drive_hospital_km":10.6,"hospital_by_road":"Hospital Regional Dr. Jaime Mota","criteria":{"cool":0.38,"near_sd":0.833,"near_sti":0.733,"health":0.855,"river":1.0,"scenic":0.607,"quiet":0.359,"tourism":0.213},"ours":false},"geometry":{"type":"MultiPolygon","coordinates":[[[[-70.46166666666666,18.588333333333335],[-70.45333333333333,18.585833333333333],[-70.44,18.583333333333332],[-70.45583333333333,18.576666666666668],[-70.46249999999999,18.58],[-70.46166666666666,18.588333333333335]]],[[[-70.45833333333333,18.638333333333332],[-70.45333333333333,18.633333333333333],[-70.45416666666667,18.629166666666666],[-70.44666666666666,18.6225],[-70.43916666666667,18.6175],[-70.43083333333333,18.6175],[-70.41916666666665,18.604166666666668],[-70.41666666666666,18.606666666666666],[-70.41333333333333,18.604166666666668],[-70.41833333333332,18.601666666666667],[-70.42666666666666,18.611666666666668],[-70.43333333333332,18.608333333333334],[-70.43499999999999,18.615],[-70.44083333333333,18.611666666666668],[-70.44583333333333,18.6175],[-70.45166666666665,18.614166666666666],[-70.45666666666666,18.605],[-70.46499999999999,18.600833333333334],[-70.46166666666666,18.609166666666667],[-70.45083333333332,18.6175],[-70.45333333333333,18.620833333333334],[-70.46166666666666,18.62],[-70.4575,18.625],[-70.45666666666666,18.6325],[-70.46333333333332,18.633333333333333],[-70.45833333333333,18.638333333333332]]]]}},{"type":"Feature","properties":{"id":61,"name":"Tireo","type":"town valley","places":"Tireo (town, 14,868), Tireo Arriba (village), Tireo Abajo (village)","lon":-70.6852,"lat":18.94262,"floor_km2":5.9,"floor_elev_m":1246,"floor_elev_min":1198,"floor_elev_max":1327,"tavg_c":18.0,"tavg_lapse_c":18.8,"tavg_cell_c":17.2,"pop_town":14868,"pop_5km":10288,"pop_10km":64498,"relief_10km_m":603,"dist_sd_km":94,"dist_sti_km":57,"hospital_km":0.9,"hospital_name":"SESPA","clinic_km":0.9,"river_near":"R\u00edo Tireo (0.1 km, mapped 26 km)","big_river_km":0.1,"big_river":"R\u00edo Tireo","hotels_10km":17,"airport":"COZ 5 km","route_from":"town","drive_sd_min":115,"drive_sd_km":132,"drive_sti_min":89,"drive_sti_km":87,"drive_sdq_min":140,"drive_sdq_km":163,"drive_stiap_min":80,"drive_stiap_km":78,"drive_jbq_min":114,"drive_jbq_km":131,"drive_hospital_min":32,"drive_hospital_km":19.8,"hospital_by_road":"Hospital Los Cacaos","criteria":{"cool":0.8,"near_sd":0.694,"near_sti":0.839,"health":0.509,"river":1.0,"scenic":0.502,"quiet":0.294,"tourism":0.887},"ours":false},"geometry":{"type":"MultiPolygon","coordinates":[[[[-70.69916666666666,18.966666666666665],[-70.69416666666666,18.955833333333334],[-70.69083333333333,18.958333333333332],[-70.68583333333332,18.955833333333334],[-70.67333333333333,18.931666666666665],[-70.66916666666665,18.9375],[-70.6575,18.928333333333335],[-70.66583333333332,18.93],[-70.6725,18.921666666666667],[-70.6775,18.930833333333332],[-70.68333333333332,18.928333333333335],[-70.68666666666667,18.9325],[-70.695,18.9325],[-70.69583333333333,18.94],[-70.69083333333333,18.9375],[-70.68583333333332,18.940833333333334],[-70.68583333333332,18.945],[-70.69083333333333,18.948333333333334],[-70.695,18.945833333333333],[-70.69666666666666,18.953333333333333],[-70.70583333333333,18.955],[-70.70416666666667,18.9625],[-70.70083333333332,18.9625],[-70.69916666666666,18.966666666666665]]],[[[-70.69666666666666,18.9675],[-70.69916666666666,18.968333333333334],[-70.69749999999999,18.969166666666666],[-70.69666666666666,18.9675]]]]}},{"type":"Feature","properties":{"id":35,"name":"Angostura","type":"town valley","places":"Angostura (village, 10,225)","lon":-71.46667,"lat":18.29286,"floor_km2":5.8,"floor_elev_m":833,"floor_elev_min":742,"floor_elev_max":884,"tavg_c":23.5,"tavg_lapse_c":21.3,"tavg_cell_c":26.8,"pop_town":10225,"pop_5km":912,"pop_10km":4182,"relief_10km_m":954,"dist_sd_km":164,"dist_sti_km":152,"hospital_km":10.9,"hospital_name":"Hospital Dr. Jos\u00e9 P\u00e9rez","clinic_km":10.9,"river_near":"R\u00edo Las Damas (9.3 km, mapped 6 km)","big_river_km":null,"big_river":null,"hotels_10km":0,"airport":"BRX 37 km","route_from":"town","drive_sd_min":212,"drive_sd_km":208,"drive_sti_min":295,"drive_sti_km":299,"drive_sdq_min":236,"drive_sdq_km":239,"drive_stiap_min":286,"drive_stiap_km":290,"drive_jbq_min":223,"drive_jbq_km":218,"drive_hospital_min":1,"drive_hospital_km":0.3,"hospital_by_road":"Hospital de Hondo Valle","criteria":{"cool":0.25,"near_sd":0.156,"near_sti":0.0,"health":1.0,"river":0.0,"scenic":0.795,"quiet":0.645,"tourism":0.0},"ours":false},"geometry":{"type":"Polygon","coordinates":[[[-71.47833333333332,18.308333333333334],[-71.48666666666666,18.309166666666666],[-71.4875,18.305833333333332],[-71.47583333333333,18.291666666666668],[-71.47583333333333,18.2875],[-71.4725,18.29],[-71.46249999999999,18.284166666666668],[-71.46083333333333,18.281666666666666],[-71.46583333333332,18.28],[-71.46416666666666,18.2775],[-71.46,18.280833333333334],[-71.45333333333333,18.278333333333332],[-71.44833333333332,18.28],[-71.44833333333332,18.288333333333334],[-71.45416666666667,18.291666666666668],[-71.45666666666666,18.2975],[-71.47749999999999,18.3025],[-71.47833333333332,18.308333333333334]]]}},{"type":"Feature","properties":{"id":7,"name":"unnamed valley 7","type":"uninhabited upland","places":"","lon":-71.84671,"lat":18.321,"floor_km2":5.7,"floor_elev_m":1567,"floor_elev_min":1504,"floor_elev_max":1643,"tavg_c":16.3,"tavg_lapse_c":16.8,"tavg_cell_c":16.1,"pop_town":0,"pop_5km":0,"pop_10km":79,"relief_10km_m":543,"dist_sd_km":203,"dist_sti_km":175,"hospital_km":19.1,"hospital_name":"Hospital General Melenciano","clinic_km":19.1,"river_near":"rio Bonito (13.5 km, mapped 8 km)","big_river_km":null,"big_river":null,"hotels_10km":0,"airport":"CBJ 49 km","route_from":"valley centroid","drive_sd_min":312,"drive_sd_km":303,"drive_sti_min":395,"drive_sti_km":395,"drive_sdq_min":336,"drive_sdq_km":334,"drive_stiap_min":386,"drive_stiap_km":385,"drive_jbq_min":322,"drive_jbq_km":313,"drive_hospital_min":16,"drive_hospital_km":11.6,"hospital_by_road":"Hospital Nuestra Se\u00f1ora del Carmen","criteria":{"cool":0.97,"near_sd":0.0,"near_sti":0.0,"health":0.8,"river":0.0,"scenic":0.453,"quiet":1.0,"tourism":0.0},"ours":false},"geometry":{"type":"MultiPolygon","coordinates":[[[[-71.83416666666666,18.314166666666665],[-71.82916666666667,18.310833333333335],[-71.82499999999999,18.3125],[-71.82833333333333,18.308333333333334],[-71.82666666666667,18.303333333333335],[-71.83083333333333,18.304166666666667],[-71.84166666666665,18.298333333333332],[-71.85083333333333,18.3075],[-71.83416666666666,18.314166666666665]]],[[[-71.85,18.316666666666666],[-71.8475,18.315],[-71.84916666666666,18.314166666666665],[-71.85,18.316666666666666]]],[[[-71.8475,18.3175],[-71.84833333333333,18.31833333333333],[-71.8475,18.31833333333333],[-71.8475,18.3175]]],[[[-71.84666666666666,18.31833333333333],[-71.85,18.320833333333333],[-71.85,18.325833333333332],[-71.85499999999999,18.323333333333334],[-71.85916666666667,18.331666666666667],[-71.86833333333333,18.335833333333333],[-71.86583333333333,18.343333333333334],[-71.8625,18.341666666666665],[-71.85166666666666,18.345833333333335],[-71.85083333333333,18.341666666666665],[-71.84333333333333,18.3375],[-71.845,18.335],[-71.85166666666666,18.3375],[-71.85916666666667,18.33416666666667],[-71.8475,18.3275],[-71.845,18.3225],[-71.84666666666666,18.31833333333333]]]]}},{"type":"Feature","properties":{"id":56,"name":"unnamed valley 56","type":"rural valley","places":"","lon":-70.29876,"lat":18.63946,"floor_km2":4.5,"floor_elev_m":993,"floor_elev_min":949,"floor_elev_max":1042,"tavg_c":19.0,"tavg_lapse_c":20.3,"tavg_cell_c":19.2,"pop_town":0,"pop_5km":0,"pop_10km":2336,"relief_10km_m":333,"dist_sd_km":42,"dist_sti_km":100,"hospital_km":12.7,"hospital_name":"Hospital Los Cacaos","clinic_km":12.7,"river_near":"Rio Mahomita (0.1 km, mapped 26 km)","big_river_km":0.1,"big_river":"Rio Mahomita","hotels_10km":0,"airport":"JBQ 34 km","route_from":"valley centroid","drive_sd_min":107,"drive_sd_km":75,"drive_sti_min":208,"drive_sti_km":207,"drive_sdq_min":131,"drive_sdq_km":106,"drive_stiap_min":199,"drive_stiap_km":198,"drive_jbq_min":118,"drive_jbq_km":84,"drive_hospital_min":40,"drive_hospital_km":30.4,"hospital_by_road":"CENTRO DE SALUD  MENCIA","criteria":{"cool":0.7,"near_sd":0.739,"near_sti":0.178,"health":0.364,"river":1.0,"scenic":0.278,"quiet":1.0,"tourism":0.0},"ours":false},"geometry":{"type":"Polygon","coordinates":[[[-70.32,18.660833333333333],[-70.31916666666666,18.656666666666666],[-70.30916666666666,18.648333333333333],[-70.30999999999999,18.645833333333332],[-70.30083333333333,18.638333333333332],[-70.30333333333333,18.6275],[-70.28916666666666,18.623333333333335],[-70.285,18.638333333333332],[-70.2875,18.64],[-70.28999999999999,18.6375],[-70.29166666666666,18.64],[-70.28916666666666,18.6425],[-70.29499999999999,18.648333333333333],[-70.30166666666666,18.65],[-70.30416666666666,18.6475],[-70.32,18.660833333333333]]]}},{"type":"Feature","properties":{"id":9,"name":"La Descubierta","type":"town valley","places":"La Descubierta (town, 23,383)","lon":-71.7792,"lat":18.60015,"floor_km2":4.1,"floor_elev_m":507,"floor_elev_min":400,"floor_elev_max":615,"tavg_c":24.0,"tavg_lapse_c":23.3,"tavg_cell_c":23.6,"pop_town":23383,"pop_5km":522,"pop_10km":12745,"relief_10km_m":1474,"dist_sd_km":195,"dist_sti_km":148,"hospital_km":6.6,"hospital_name":"Hospital Municipal de La Descubierta","clinic_km":6.6,"river_near":"R\u00edo Blanco (10.6 km, mapped 25 km)","big_river_km":null,"big_river":null,"hotels_10km":1,"airport":"CBJ 76 km","route_from":"town","drive_sd_min":237,"drive_sd_km":242,"drive_sti_min":320,"drive_sti_km":334,"drive_sdq_min":261,"drive_sdq_km":274,"drive_stiap_min":311,"drive_stiap_km":324,"drive_jbq_min":247,"drive_jbq_km":252,"drive_hospital_min":25,"drive_hospital_km":29.0,"hospital_by_road":"Hospital Municipal","criteria":{"cool":0.2,"near_sd":0.017,"near_sti":0.0,"health":0.636,"river":0.0,"scenic":1.0,"quiet":0.726,"tourism":0.213},"ours":false},"geometry":{"type":"MultiPolygon","coordinates":[[[[-71.77333333333333,18.606666666666666],[-71.7675,18.613333333333333],[-71.75833333333333,18.61],[-71.76166666666666,18.606666666666666],[-71.765,18.609166666666667],[-71.76833333333333,18.605],[-71.76666666666667,18.6],[-71.76166666666666,18.601666666666667],[-71.76333333333332,18.594166666666666],[-71.7725,18.593333333333334],[-71.77583333333332,18.59],[-71.77333333333333,18.583333333333332],[-71.78,18.581666666666667],[-71.77833333333332,18.5875],[-71.78166666666667,18.595],[-71.77166666666666,18.600833333333334],[-71.77333333333333,18.606666666666666]]],[[[-71.80583333333333,18.6125],[-71.79833333333333,18.605],[-71.79333333333332,18.604166666666668],[-71.79499999999999,18.599166666666665],[-71.80749999999999,18.6025],[-71.80416666666666,18.608333333333334],[-71.80583333333333,18.6125]]],[[[-71.77916666666665,18.610833333333332],[-71.77499999999999,18.61],[-71.77333333333333,18.607499999999998],[-71.77916666666665,18.607499999999998],[-71.77916666666665,18.610833333333332]]]]}},{"type":"Feature","properties":{"id":3,"name":"unnamed valley 3","type":"uninhabited upland","places":"","lon":-71.90874,"lat":18.24166,"floor_km2":3.8,"floor_elev_m":466,"floor_elev_min":400,"floor_elev_max":574,"tavg_c":23.8,"tavg_lapse_c":23.6,"tavg_cell_c":23.8,"pop_town":0,"pop_5km":0,"pop_10km":0,"relief_10km_m":1463,"dist_sd_km":211,"dist_sti_km":186,"hospital_km":19.3,"hospital_name":"CENTRO DE SALUD  MENCIA","clinic_km":19.3,"river_near":"rio Bonito (14.1 km, mapped 8 km)","big_river_km":null,"big_river":null,"hotels_10km":0,"airport":"CBJ 45 km","route_from":"valley centroid","drive_sd_min":299,"drive_sd_km":313,"drive_sti_min":381,"drive_sti_km":405,"drive_sdq_min":323,"drive_sdq_km":345,"drive_stiap_min":373,"drive_stiap_km":395,"drive_jbq_min":309,"drive_jbq_km":323,"drive_hospital_min":22,"drive_hospital_km":23.0,"hospital_by_road":"Hospital de Loma de Cabrera","criteria":{"cool":0.22,"near_sd":0.0,"near_sti":0.0,"health":0.691,"river":0.0,"scenic":1.0,"quiet":1.0,"tourism":0.0},"ours":false},"geometry":{"type":"MultiPolygon","coordinates":[[[[-71.9075,18.23],[-71.905,18.229166666666668],[-71.90666666666667,18.22833333333333],[-71.9075,18.23]]],[[[-71.90666666666667,18.231666666666666],[-71.9075,18.230833333333333],[-71.9075,18.231666666666666],[-71.90666666666667,18.231666666666666]]],[[[-71.89166666666667,18.2475],[-71.91583333333332,18.225],[-71.92083333333333,18.22833333333333],[-71.91333333333333,18.236666666666668],[-71.91666666666666,18.249166666666667],[-71.89916666666666,18.26],[-71.89916666666666,18.255],[-71.90666666666667,18.2525],[-71.90583333333333,18.241666666666667],[-71.90333333333332,18.24],[-71.89333333333333,18.249166666666667],[-71.89166666666667,18.2475]]]]}},{"type":"Feature","properties":{"id":26,"name":"Hondo Valle \u00b7 866 m","type":"town valley","places":"Hondo Valle (town, 25,475), Rancho de la Guardia (village, 10,586), Los Ranchitos (village), Los Guineos (village)","lon":-71.68224,"lat":18.71327,"floor_km2":3.7,"floor_elev_m":866,"floor_elev_min":786,"floor_elev_max":961,"tavg_c":21.4,"tavg_lapse_c":21.1,"tavg_cell_c":19.6,"pop_town":25475,"pop_5km":9409,"pop_10km":10972,"relief_10km_m":1117,"dist_sd_km":186,"dist_sti_km":132,"hospital_km":1.4,"hospital_name":"Hospital de Hondo Valle","clinic_km":1.4,"river_near":"R\u00edo Los Guineos (0.0 km, mapped 39 km)","big_river_km":0.0,"big_river":"R\u00edo Los Guineos","hotels_10km":0,"airport":"BRX 78 km","route_from":"town","drive_sd_min":250,"drive_sd_km":252,"drive_sti_min":319,"drive_sti_km":295,"drive_sdq_min":274,"drive_sdq_km":283,"drive_stiap_min":332,"drive_stiap_km":310,"drive_jbq_min":261,"drive_jbq_km":262,"drive_hospital_min":49,"drive_hospital_km":36.6,"hospital_by_road":"CENTRO DE SALUD  MENCIA","criteria":{"cool":0.46,"near_sd":0.0,"near_sti":0.0,"health":0.2,"river":1.0,"scenic":0.931,"quiet":0.307,"tourism":0.0},"ours":false},"geometry":{"type":"MultiPolygon","coordinates":[[[[-71.6625,18.716666666666665],[-71.65916666666666,18.7125],[-71.64833333333333,18.713333333333335],[-71.6475,18.71],[-71.65916666666666,18.705833333333334],[-71.67083333333333,18.7125],[-71.6625,18.716666666666665]]],[[[-71.70666666666666,18.725],[-71.70083333333332,18.715833333333332],[-71.69416666666666,18.72],[-71.68833333333333,18.715833333333332],[-71.68083333333333,18.7175],[-71.67916666666666,18.715],[-71.69333333333333,18.708333333333332],[-71.70833333333333,18.710833333333333],[-71.70583333333333,18.7175],[-71.70916666666666,18.724166666666665],[-71.70666666666666,18.725]]]]}},{"type":"Feature","properties":{"id":47,"name":"Cabeza de Toro","type":"rural valley","places":"Cabeza de Toro (village)","lon":-71.16928,"lat":18.59355,"floor_km2":3.7,"floor_elev_m":476,"floor_elev_min":400,"floor_elev_max":600,"tavg_c":24.0,"tavg_lapse_c":23.5,"tavg_cell_c":23.2,"pop_town":0,"pop_5km":302,"pop_10km":5189,"relief_10km_m":355,"dist_sd_km":131,"dist_sti_km":108,"hospital_km":21.1,"hospital_name":"Hospital Municipal de Galv\u00e1n","clinic_km":21.1,"river_near":"R\u00edo Los Baos (7.6 km, mapped 54 km)","big_river_km":7.6,"big_river":"R\u00edo Los Baos","hotels_10km":0,"airport":"BRX 38 km","route_from":"town","drive_sd_min":196,"drive_sd_km":200,"drive_sti_min":278,"drive_sti_km":292,"drive_sdq_min":220,"drive_sdq_km":231,"drive_stiap_min":270,"drive_stiap_km":282,"drive_jbq_min":206,"drive_jbq_km":210,"drive_hospital_min":29,"drive_hospital_km":19.6,"hospital_by_road":"Hospital Dr. Jos\u00e9 P\u00e9rez","criteria":{"cool":0.2,"near_sd":0.244,"near_sti":0.0,"health":0.564,"river":0.5,"scenic":0.296,"quiet":0.805,"tourism":0.0},"ours":false},"geometry":{"type":"MultiPolygon","coordinates":[[[[-71.18916666666667,18.59],[-71.19083333333333,18.5875],[-71.19166666666666,18.589166666666667],[-71.18916666666667,18.59]]],[[[-71.16583333333332,18.595833333333335],[-71.16083333333333,18.6],[-71.1625,18.5975],[-71.15833333333333,18.591666666666665],[-71.17416666666666,18.590833333333332],[-71.17416666666666,18.585],[-71.1875,18.588333333333335],[-71.1875,18.5925],[-71.19333333333333,18.594166666666666],[-71.19166666666666,18.5975],[-71.18666666666667,18.595833333333335],[-71.18499999999999,18.598333333333333],[-71.18083333333333,18.595],[-71.16583333333332,18.595833333333335]]],[[[-71.15083333333332,18.601666666666667],[-71.14416666666666,18.598333333333333],[-71.1475,18.5925],[-71.145,18.59],[-71.14666666666666,18.586666666666666],[-71.155,18.598333333333333],[-71.15083333333332,18.601666666666667]]]]}},{"type":"Feature","properties":{"id":21,"name":"manacle","type":"rural valley","places":"manacle (village)","lon":-71.66798,"lat":18.23017,"floor_km2":3.6,"floor_elev_m":1876,"floor_elev_min":1789,"floor_elev_max":1930,"tavg_c":13.3,"tavg_lapse_c":15.0,"tavg_cell_c":13.0,"pop_town":0,"pop_5km":0,"pop_10km":8178,"relief_10km_m":328,"dist_sd_km":186,"dist_sti_km":170,"hospital_km":7.7,"hospital_name":"CLINICA RURAL  DE AGUAS NEGRAS","clinic_km":7.7,"river_near":"R\u00edo aguas negra (4.0 km, mapped 1 km)","big_river_km":null,"big_river":null,"hotels_10km":0,"airport":"CBJ 34 km","route_from":"town","drive_sd_min":304,"drive_sd_km":331,"drive_sti_min":387,"drive_sti_km":423,"drive_sdq_min":328,"drive_sdq_km":362,"drive_stiap_min":379,"drive_stiap_km":413,"drive_jbq_min":315,"drive_jbq_km":341,"drive_hospital_min":26,"drive_hospital_km":20.5,"hospital_by_road":"CENTRO DE SALUD  MENCIA","criteria":{"cool":1.0,"near_sd":0.0,"near_sti":0.0,"health":0.618,"river":0.0,"scenic":0.273,"quiet":1.0,"tourism":0.0},"ours":false},"geometry":{"type":"Polygon","coordinates":[[[-71.67916666666666,18.244166666666665],[-71.68416666666666,18.239166666666666],[-71.68833333333333,18.241666666666667],[-71.69083333333333,18.2375],[-71.68333333333332,18.235],[-71.67999999999999,18.238333333333333],[-71.67833333333333,18.232499999999998],[-71.66833333333332,18.229166666666668],[-71.66416666666666,18.221666666666668],[-71.65249999999999,18.2125],[-71.64666666666666,18.215833333333332],[-71.65083333333332,18.223333333333333],[-71.6575,18.218333333333334],[-71.6575,18.226666666666667],[-71.66499999999999,18.229166666666668],[-71.66833333333332,18.2375],[-71.67916666666666,18.244166666666665]]]}},{"type":"Feature","properties":{"id":12,"name":"unnamed valley 12","type":"uninhabited upland","places":"","lon":-71.77487,"lat":18.80001,"floor_km2":3.5,"floor_elev_m":1031,"floor_elev_min":918,"floor_elev_max":1126,"tavg_c":20.6,"tavg_lapse_c":20.1,"tavg_cell_c":22.1,"pop_town":0,"pop_5km":0,"pop_10km":121,"relief_10km_m":546,"dist_sd_km":198,"dist_sti_km":135,"hospital_km":11.7,"hospital_name":"Hospital Provincial Rosa Duarte","clinic_km":10.9,"river_near":"R\u00edo Los Guineos (11.7 km, mapped 39 km)","big_river_km":null,"big_river":null,"hotels_10km":0,"airport":"BRX 92 km","route_from":"valley centroid","drive_sd_min":291,"drive_sd_km":279,"drive_sti_min":307,"drive_sti_km":272,"drive_sdq_min":315,"drive_sdq_km":310,"drive_stiap_min":320,"drive_stiap_km":287,"drive_jbq_min":301,"drive_jbq_km":289,"drive_hospital_min":1,"drive_hospital_km":0.2,"hospital_by_road":"Centro de Especiales M\u00e9dicas Titi","criteria":{"cool":0.54,"near_sd":0.0,"near_sti":0.0,"health":1.0,"river":0.0,"scenic":0.455,"quiet":1.0,"tourism":0.0},"ours":false},"geometry":{"type":"MultiPolygon","coordinates":[[[[-71.77499999999999,18.800833333333333],[-71.78083333333333,18.793333333333333],[-71.77916666666665,18.79],[-71.7825,18.785],[-71.79416666666665,18.7925],[-71.79249999999999,18.798333333333332],[-71.78583333333333,18.8025],[-71.78666666666666,18.805833333333332],[-71.78083333333333,18.8],[-71.77749999999999,18.803333333333335],[-71.77499999999999,18.800833333333333]]],[[[-71.7725,18.805833333333332],[-71.76583333333333,18.800833333333333],[-71.7675,18.798333333333332],[-71.77499999999999,18.801666666666666],[-71.7725,18.805833333333332]]],[[[-71.76166666666666,18.8125],[-71.74916666666667,18.814166666666665],[-71.7525,18.8025],[-71.75833333333333,18.804166666666667],[-71.75583333333333,18.808333333333334],[-71.76166666666666,18.8125]]]]}},{"type":"Feature","properties":{"id":32,"name":"Limonal","type":"uninhabited upland","places":"Limonal (village), Macuito (village), Buc\u00e1n Yame (village), Fondo de Masso (village)","lon":-71.46582,"lat":18.12612,"floor_km2":3.2,"floor_elev_m":842,"floor_elev_min":783,"floor_elev_max":913,"tavg_c":20.7,"tavg_lapse_c":21.3,"tavg_cell_c":17.5,"pop_town":0,"pop_5km":0,"pop_10km":22,"relief_10km_m":1066,"dist_sd_km":167,"dist_sti_km":168,"hospital_km":20.1,"hospital_name":"Hospital del Polo","clinic_km":20.1,"river_near":"R\u00edo Las Damas (21.6 km, mapped 6 km)","big_river_km":null,"big_river":null,"hotels_10km":0,"airport":"CBJ 29 km","route_from":"town","drive_sd_min":241,"drive_sd_km":228,"drive_sti_min":324,"drive_sti_km":320,"drive_sdq_min":265,"drive_sdq_km":260,"drive_stiap_min":315,"drive_stiap_km":310,"drive_jbq_min":252,"drive_jbq_km":238,"drive_hospital_min":37,"drive_hospital_km":14.3,"hospital_by_road":"Hospital Los Cacaos","criteria":{"cool":0.53,"near_sd":0.0,"near_sti":0.0,"health":0.418,"river":0.0,"scenic":0.888,"quiet":1.0,"tourism":0.0},"ours":false},"geometry":{"type":"Polygon","coordinates":[[[-71.48083333333332,18.136666666666667],[-71.4725,18.124166666666667],[-71.44833333333332,18.110833333333332],[-71.45166666666667,18.1175],[-71.46166666666666,18.1225],[-71.455,18.125833333333333],[-71.4575,18.129166666666666],[-71.47416666666666,18.136666666666667],[-71.48083333333332,18.136666666666667]]]}},{"type":"Feature","properties":{"id":63,"name":"Manabao","type":"town valley","places":"Manabao (village, 4,062)","lon":-70.7976,"lat":19.06591,"floor_km2":3.2,"floor_elev_m":906,"floor_elev_min":858,"floor_elev_max":976,"tavg_c":19.8,"tavg_lapse_c":20.9,"tavg_cell_c":19.1,"pop_town":4062,"pop_5km":1414,"pop_10km":3670,"relief_10km_m":1070,"dist_sd_km":112,"dist_sti_km":44,"hospital_km":17.5,"hospital_name":"Referencia Laboratorio Cl\u00ednico","clinic_km":17.5,"river_near":"R\u00edo Yaque del Norte (0.7 km, mapped 261 km)","big_river_km":0.7,"big_river":"R\u00edo Yaque del Norte","hotels_10km":3,"airport":"COZ 19 km","route_from":"town","drive_sd_min":149,"drive_sd_km":162,"drive_sti_min":80,"drive_sti_km":72,"drive_sdq_min":174,"drive_sdq_km":193,"drive_stiap_min":71,"drive_stiap_km":62,"drive_jbq_min":149,"drive_jbq_km":161,"drive_hospital_min":55,"drive_hospital_km":30.7,"hospital_by_road":"Hospital Provincial Rosa Duarte","criteria":{"cool":0.62,"near_sd":0.506,"near_sti":0.889,"health":0.091,"river":1.0,"scenic":0.892,"quiet":0.582,"tourism":0.425},"ours":false},"geometry":{"type":"Polygon","coordinates":[[[-70.79333333333332,19.075],[-70.81583333333333,19.071666666666665],[-70.80666666666666,19.0675],[-70.8025,19.07],[-70.79916666666666,19.066666666666666],[-70.8,19.0525],[-70.79166666666666,19.0525],[-70.79416666666665,19.059166666666666],[-70.78833333333333,19.065833333333334],[-70.78666666666666,19.073333333333334],[-70.79333333333332,19.075]]]}},{"type":"Feature","properties":{"id":67,"name":"Hoyo de Jaya","type":"rural valley","places":"Hoyo de Jaya (village)","lon":-70.24891,"lat":19.41655,"floor_km2":3.2,"floor_elev_m":469,"floor_elev_min":398,"floor_elev_max":563,"tavg_c":23.7,"tavg_lapse_c":23.5,"tavg_cell_c":23.8,"pop_town":0,"pop_5km":322,"pop_10km":11381,"relief_10km_m":212,"dist_sd_km":109,"dist_sti_km":47,"hospital_km":7.5,"hospital_name":"Policl\u00ednica La Joya","clinic_km":7.5,"river_near":"R\u00edo Boba (2.9 km, mapped 94 km)","big_river_km":2.9,"big_river":"R\u00edo Boba","hotels_10km":0,"airport":"STI 37 km","route_from":"town","drive_sd_min":121,"drive_sd_km":141,"drive_sti_min":66,"drive_sti_km":64,"drive_sdq_min":146,"drive_sdq_km":172,"drive_stiap_min":62,"drive_stiap_km":60,"drive_jbq_min":120,"drive_jbq_km":140,"drive_hospital_min":46,"drive_hospital_km":23.6,"hospital_by_road":"Centro de Especiales M\u00e9dicas Titi","criteria":{"cool":0.23,"near_sd":0.661,"near_sti":0.967,"health":0.255,"river":1.0,"scenic":0.177,"quiet":0.796,"tourism":0.0},"ours":false},"geometry":{"type":"MultiPolygon","coordinates":[[[[-70.23583333333333,19.41583333333333],[-70.22749999999999,19.413333333333334],[-70.22999999999999,19.408333333333335],[-70.23416666666667,19.408333333333335],[-70.23333333333333,19.405],[-70.23666666666666,19.409166666666668],[-70.24,19.4075],[-70.23333333333333,19.399166666666666],[-70.24333333333333,19.4075],[-70.23583333333333,19.41583333333333]]],[[[-70.2575,19.43],[-70.25,19.4225],[-70.2525,19.418333333333333],[-70.24499999999999,19.416666666666668],[-70.24666666666666,19.4125],[-70.25166666666667,19.410833333333333],[-70.25583333333333,19.419166666666666],[-70.25999999999999,19.41583333333333],[-70.27,19.424166666666668],[-70.2575,19.43]],[[-70.25666666666666,19.425],[-70.26083333333332,19.424166666666668],[-70.25833333333333,19.4225],[-70.25666666666666,19.425]]]]}},{"type":"Feature","properties":{"id":43,"name":"unnamed valley 43","type":"uninhabited upland","places":"","lon":-71.40996,"lat":19.04614,"floor_km2":3.1,"floor_elev_m":1060,"floor_elev_min":1034,"floor_elev_max":1120,"tavg_c":19.9,"tavg_lapse_c":19.9,"tavg_cell_c":18.7,"pop_town":0,"pop_5km":0,"pop_10km":880,"relief_10km_m":609,"dist_sd_km":168,"dist_sti_km":87,"hospital_km":22.1,"hospital_name":"Hospital Federico Armando Aybar","clinic_km":22.1,"river_near":"R\u00edo Joca (9.2 km, mapped 62 km)","big_river_km":null,"big_river":null,"hotels_10km":0,"airport":"COZ 74 km","route_from":"valley centroid","drive_sd_min":262,"drive_sd_km":240,"drive_sti_min":321,"drive_sti_km":271,"drive_sdq_min":286,"drive_sdq_km":271,"drive_stiap_min":333,"drive_stiap_km":286,"drive_jbq_min":272,"drive_jbq_km":249,"drive_hospital_min":44,"drive_hospital_km":33.6,"hospital_by_road":"Hospital de Loma de Cabrera","criteria":{"cool":0.61,"near_sd":0.0,"near_sti":0.0,"health":0.291,"river":0.0,"scenic":0.507,"quiet":1.0,"tourism":0.0},"ours":false},"geometry":{"type":"MultiPolygon","coordinates":[[[[-71.41,19.06],[-71.40666666666667,19.0575],[-71.40916666666666,19.051666666666666],[-71.40666666666667,19.0475],[-71.39833333333333,19.049166666666668],[-71.40583333333333,19.041666666666668],[-71.40416666666665,19.036666666666665],[-71.39916666666666,19.035833333333333],[-71.40083333333332,19.031666666666666],[-71.40916666666666,19.033333333333335],[-71.41499999999999,19.045],[-71.425,19.05],[-71.4225,19.053333333333335],[-71.41583333333332,19.050833333333333],[-71.41,19.06]]],[[[-71.40833333333333,19.06],[-71.40916666666666,19.060833333333335],[-71.40833333333333,19.060833333333335],[-71.40833333333333,19.06]]],[[[-71.40666666666667,19.061666666666667],[-71.40916666666666,19.065],[-71.4075,19.065833333333334],[-71.40666666666667,19.061666666666667]]]]}},{"type":"Feature","properties":{"id":37,"name":"R\u00edo Limpio","type":"rural valley","places":"R\u00edo Limpio (village)","lon":-71.54336,"lat":19.25456,"floor_km2":2.9,"floor_elev_m":667,"floor_elev_min":554,"floor_elev_max":789,"tavg_c":22.4,"tavg_lapse_c":22.3,"tavg_cell_c":22.2,"pop_town":0,"pop_5km":2586,"pop_10km":8061,"relief_10km_m":752,"dist_sd_km":190,"dist_sti_km":92,"hospital_km":20.1,"hospital_name":"Hospital de Loma de Cabrera","clinic_km":20.1,"river_near":"R\u00edo Artibonito (1.5 km, mapped 28 km)","big_river_km":1.5,"big_river":"R\u00edo Artibonito","hotels_10km":2,"airport":"COZ 95 km","route_from":"town","drive_sd_min":285,"drive_sd_km":323,"drive_sti_min":171,"drive_sti_km":173,"drive_sdq_min":310,"drive_sdq_km":355,"drive_stiap_min":183,"drive_stiap_km":188,"drive_jbq_min":284,"drive_jbq_km":322,"drive_hospital_min":12,"drive_hospital_km":5.7,"hospital_by_road":"CLINICA RURAL  DE AGUAS NEGRAS","criteria":{"cool":0.36,"near_sd":0.0,"near_sti":0.383,"health":0.873,"river":1.0,"scenic":0.627,"quiet":0.494,"tourism":0.337},"ours":false},"geometry":{"type":"MultiPolygon","coordinates":[[[[-71.53416666666666,19.2475],[-71.53166666666667,19.25],[-71.53083333333333,19.245833333333334],[-71.52666666666666,19.244166666666665],[-71.53083333333333,19.241666666666667],[-71.52833333333332,19.235],[-71.53416666666666,19.235],[-71.53833333333333,19.241666666666667],[-71.53083333333333,19.244166666666665],[-71.53416666666666,19.2475]]],[[[-71.535,19.248333333333335],[-71.53416666666666,19.249166666666667],[-71.53416666666666,19.248333333333335],[-71.535,19.248333333333335]]],[[[-71.53916666666666,19.254166666666666],[-71.535,19.249166666666667],[-71.53999999999999,19.245],[-71.5475,19.25],[-71.54416666666665,19.251666666666665],[-71.54166666666666,19.249166666666667],[-71.53916666666666,19.254166666666666]]],[[[-71.55583333333333,19.270833333333332],[-71.55083333333333,19.266666666666666],[-71.54666666666667,19.27],[-71.54333333333332,19.2675],[-71.54583333333333,19.2575],[-71.55,19.26],[-71.55333333333333,19.258333333333333],[-71.55749999999999,19.2625],[-71.55916666666666,19.265833333333333],[-71.55583333333333,19.270833333333332]]]]}},{"type":"Feature","properties":{"id":69,"name":"Monte Llano (Jamao Afuera)","type":"rural valley","places":"Monte Llano (Jamao Afuera) (village)","lon":-70.36853,"lat":19.4551,"floor_km2":2.7,"floor_elev_m":714,"floor_elev_min":674,"floor_elev_max":743,"tavg_c":22.2,"tavg_lapse_c":22.0,"tavg_cell_c":23.1,"pop_town":0,"pop_5km":3224,"pop_10km":43798,"relief_10km_m":31,"dist_sd_km":117,"dist_sti_km":34,"hospital_km":8.9,"hospital_name":"Hospital Jos\u00e9 Contreras","clinic_km":8.9,"river_near":"R\u00edo Cenovi (3.0 km, mapped 12 km)","big_river_km":3.6,"big_river":"R\u00edo Boba","hotels_10km":1,"airport":"STI 25 km","route_from":"town","drive_sd_min":138,"drive_sd_km":158,"drive_sti_min":62,"drive_sti_km":57,"drive_sdq_min":163,"drive_sdq_km":189,"drive_stiap_min":59,"drive_stiap_km":54,"drive_jbq_min":137,"drive_jbq_km":157,"drive_hospital_min":30,"drive_hospital_km":32.0,"hospital_by_road":"Hospital Dr. Jos\u00e9 P\u00e9rez","criteria":{"cool":0.38,"near_sd":0.567,"near_sti":0.989,"health":0.545,"river":0.5,"scenic":0.026,"quiet":0.462,"tourism":0.213},"ours":false},"geometry":{"type":"MultiPolygon","coordinates":[[[[-70.37249999999999,19.446666666666665],[-70.36999999999999,19.445],[-70.37083333333332,19.44333333333333],[-70.37333333333332,19.444166666666668],[-70.37249999999999,19.446666666666665]]],[[[-70.37083333333332,19.466666666666665],[-70.36166666666666,19.455],[-70.35833333333333,19.456666666666667],[-70.35416666666666,19.450833333333332],[-70.35583333333332,19.449166666666667],[-70.36083333333333,19.453333333333333],[-70.36083333333333,19.4475],[-70.36583333333333,19.445833333333333],[-70.36583333333333,19.441666666666666],[-70.36916666666666,19.44333333333333],[-70.36916666666666,19.448333333333334],[-70.37166666666666,19.446666666666665],[-70.37416666666667,19.449166666666667],[-70.36916666666666,19.458333333333332],[-70.37666666666667,19.463333333333335],[-70.38416666666666,19.4625],[-70.3775,19.468333333333334],[-70.37416666666667,19.463333333333335],[-70.37083333333332,19.466666666666665]]],[[[-70.36999999999999,19.4675],[-70.37249999999999,19.469166666666666],[-70.37083333333332,19.47],[-70.36999999999999,19.4675]]]]}},{"type":"Feature","properties":{"id":70,"name":"unnamed valley 70","type":"rural valley","places":"","lon":-70.52581,"lat":19.56038,"floor_km2":2.7,"floor_elev_m":612,"floor_elev_min":548,"floor_elev_max":662,"tavg_c":21.8,"tavg_lapse_c":22.7,"tavg_cell_c":21.8,"pop_town":0,"pop_5km":514,"pop_10km":13726,"relief_10km_m":297,"dist_sd_km":135,"dist_sti_km":22,"hospital_km":12.1,"hospital_name":"Hospital Jamao al Norte","clinic_km":12.1,"river_near":"R\u00edo Y\u00e1sica (4.2 km, mapped 77 km)","big_river_km":4.2,"big_river":"R\u00edo Y\u00e1sica","hotels_10km":0,"airport":"STI 19 km","route_from":"valley centroid","drive_sd_min":191,"drive_sd_km":164,"drive_sti_min":97,"drive_sti_km":39,"drive_sdq_min":216,"drive_sdq_km":195,"drive_stiap_min":99,"drive_stiap_km":43,"drive_jbq_min":190,"drive_jbq_km":163,"drive_hospital_min":21,"drive_hospital_km":13.7,"hospital_by_road":"Hospital Provincial Rosa Duarte","criteria":{"cool":0.42,"near_sd":0.272,"near_sti":0.794,"health":0.709,"river":0.5,"scenic":0.247,"quiet":0.728,"tourism":0.0},"ours":false},"geometry":{"type":"MultiPolygon","coordinates":[[[[-70.53833333333333,19.5575],[-70.53666666666666,19.554166666666667],[-70.53833333333333,19.553333333333335],[-70.53999999999999,19.555833333333332],[-70.53833333333333,19.5575]]],[[[-70.52666666666666,19.556666666666665],[-70.53999999999999,19.560833333333335],[-70.53833333333333,19.565],[-70.52749999999999,19.560833333333335],[-70.52416666666666,19.563333333333333],[-70.53083333333333,19.57],[-70.52833333333332,19.5725],[-70.51916666666666,19.56833333333333],[-70.51666666666667,19.5625],[-70.52083333333333,19.558333333333334],[-70.52416666666666,19.560833333333335],[-70.52416666666666,19.555],[-70.51083333333332,19.556666666666665],[-70.52083333333333,19.548333333333332],[-70.52666666666666,19.556666666666665]]]]}},{"type":"Feature","properties":{"id":14,"name":"unnamed valley 14","type":"uninhabited upland","places":"","lon":-71.83152,"lat":19.18811,"floor_km2":2.5,"floor_elev_m":419,"floor_elev_min":392,"floor_elev_max":446,"tavg_c":25.2,"tavg_lapse_c":23.8,"tavg_cell_c":24.8,"pop_town":0,"pop_5km":0,"pop_10km":0,"relief_10km_m":479,"dist_sd_km":215,"dist_sti_km":123,"hospital_km":34.6,"hospital_name":"Hospital de Loma de Cabrera","clinic_km":34.6,"river_near":"R\u00edo Lib\u00f3n (16.7 km, mapped 6 km)","big_river_km":null,"big_river":null,"hotels_10km":0,"airport":"COZ 121 km","route_from":"valley centroid","drive_sd_min":322,"drive_sd_km":355,"drive_sti_min":208,"drive_sti_km":205,"drive_sdq_min":347,"drive_sdq_km":387,"drive_stiap_min":221,"drive_stiap_km":219,"drive_jbq_min":321,"drive_jbq_km":354,"drive_hospital_min":12,"drive_hospital_km":11.8,"hospital_by_road":"Hospital Dr. Jos\u00e9 P\u00e9rez","criteria":{"cool":0.08,"near_sd":0.0,"near_sti":0.178,"health":0.873,"river":0.0,"scenic":0.399,"quiet":1.0,"tourism":0.0},"ours":false},"geometry":{"type":"Polygon","coordinates":[[[-71.8475,19.200833333333332],[-71.8325,19.179166666666667],[-71.82833333333333,19.183333333333334],[-71.81166666666667,19.18],[-71.8475,19.200833333333332]]]}},{"type":"Feature","properties":{"id":34,"name":"Angostura \u00b7 773 m","type":"town valley","places":"Angostura (village, 10,225)","lon":-71.47089,"lat":18.2587,"floor_km2":2.5,"floor_elev_m":773,"floor_elev_min":716,"floor_elev_max":828,"tavg_c":23.3,"tavg_lapse_c":21.7,"tavg_cell_c":23.6,"pop_town":10225,"pop_5km":683,"pop_10km":1311,"relief_10km_m":1160,"dist_sd_km":165,"dist_sti_km":156,"hospital_km":14.1,"hospital_name":"Hospital Dr. Jos\u00e9 P\u00e9rez","clinic_km":14.1,"river_near":"R\u00edo Las Damas (10.4 km, mapped 6 km)","big_river_km":null,"big_river":null,"hotels_10km":0,"airport":"BRX 37 km","route_from":"town","drive_sd_min":212,"drive_sd_km":208,"drive_sti_min":295,"drive_sti_km":299,"drive_sdq_min":236,"drive_sdq_km":239,"drive_stiap_min":286,"drive_stiap_km":290,"drive_jbq_min":223,"drive_jbq_km":218,"drive_hospital_min":37,"drive_hospital_km":31.6,"hospital_by_road":"CENTRO DE SALUD  MENCIA","criteria":{"cool":0.27,"near_sd":0.156,"near_sti":0.0,"health":0.418,"river":0.0,"scenic":0.967,"quiet":0.687,"tourism":0.0},"ours":false},"geometry":{"type":"Polygon","coordinates":[[[-71.48333333333333,18.27],[-71.47999999999999,18.265],[-71.48333333333333,18.259166666666665],[-71.47999999999999,18.25583333333333],[-71.47166666666666,18.25583333333333],[-71.46666666666665,18.250833333333333],[-71.46249999999999,18.2525],[-71.46083333333333,18.25],[-71.45666666666666,18.253333333333334],[-71.4575,18.2575],[-71.46916666666667,18.2625],[-71.4725,18.260833333333334],[-71.47666666666666,18.268333333333334],[-71.48333333333333,18.27]]]}},{"type":"Feature","properties":{"id":40,"name":"Polo","type":"town valley","places":"Polo (town, 10,395), Las Auyamas (town, 2,567), Los Arroyos (village), El Bret\u00f3n (village), Los lirios (village)","lon":-71.27452,"lat":18.08706,"floor_km2":2.1,"floor_elev_m":713,"floor_elev_min":687,"floor_elev_max":764,"tavg_c":22.1,"tavg_lapse_c":22.0,"tavg_cell_c":20.3,"pop_town":10395,"pop_5km":5713,"pop_10km":7347,"relief_10km_m":736,"dist_sd_km":149,"dist_sti_km":164,"hospital_km":0.7,"hospital_name":"Hospital del Polo","clinic_km":0.7,"river_near":"R\u00edo Nizaito (5.3 km, mapped 18 km)","big_river_km":null,"big_river":null,"hotels_10km":7,"airport":"BRX 24 km","route_from":"town","drive_sd_min":186,"drive_sd_km":204,"drive_sti_min":269,"drive_sti_km":295,"drive_sdq_min":210,"drive_sdq_km":235,"drive_stiap_min":260,"drive_stiap_km":286,"drive_jbq_min":197,"drive_jbq_km":214,"drive_hospital_min":31,"drive_hospital_km":20.8,"hospital_by_road":"Centro Medico Jarabacoa","criteria":{"cool":0.39,"near_sd":0.3,"near_sti":0.0,"health":0.527,"river":0.0,"scenic":0.613,"quiet":0.379,"tourism":0.638},"ours":false},"geometry":{"type":"Polygon","coordinates":[[[-71.27749999999999,18.1],[-71.28416666666666,18.08416666666667],[-71.27499999999999,18.079166666666666],[-71.26666666666667,18.079166666666666],[-71.26416666666667,18.085],[-71.27333333333333,18.090833333333332],[-71.27749999999999,18.1]],[[-71.27749999999999,18.089166666666667],[-71.2725,18.08416666666667],[-71.27416666666666,18.081666666666667],[-71.27916666666665,18.085],[-71.27749999999999,18.089166666666667]]]}},{"type":"Feature","properties":{"id":51,"name":"unnamed valley 51","type":"uninhabited upland","places":"","lon":-71.16949,"lat":19.30392,"floor_km2":2.1,"floor_elev_m":672,"floor_elev_min":627,"floor_elev_max":745,"tavg_c":22.7,"tavg_lapse_c":22.3,"tavg_cell_c":22.6,"pop_town":0,"pop_5km":151,"pop_10km":546,"relief_10km_m":940,"dist_sd_km":159,"dist_sti_km":52,"hospital_km":11.9,"hospital_name":"Hospital Municipal de Monci\u00f3n","clinic_km":11.9,"river_near":"R\u00edo Magu\u00e1 (2.6 km, mapped 93 km)","big_river_km":2.6,"big_river":"R\u00edo Magu\u00e1","hotels_10km":0,"airport":"STI 60 km","route_from":"valley centroid","drive_sd_min":215,"drive_sd_km":227,"drive_sti_min":104,"drive_sti_km":80,"drive_sdq_min":240,"drive_sdq_km":258,"drive_stiap_min":113,"drive_stiap_km":91,"drive_jbq_min":214,"drive_jbq_km":226,"drive_hospital_min":1,"drive_hospital_km":0.2,"hospital_by_road":"Centro de Especiales M\u00e9dicas Titi","criteria":{"cool":0.33,"near_sd":0.139,"near_sti":0.756,"health":1.0,"river":1.0,"scenic":0.783,"quiet":0.905,"tourism":0.0},"ours":false},"geometry":{"type":"MultiPolygon","coordinates":[[[[-71.17666666666666,19.305833333333332],[-71.16416666666666,19.3075],[-71.14999999999999,19.296666666666667],[-71.15416666666665,19.295],[-71.15916666666666,19.300833333333333],[-71.16749999999999,19.298333333333332],[-71.17666666666666,19.305833333333332]]],[[[-71.18333333333332,19.310833333333335],[-71.17666666666666,19.306666666666665],[-71.18666666666667,19.3025],[-71.18499999999999,19.306666666666665],[-71.1875,19.31],[-71.18333333333332,19.310833333333335]]],[[[-71.16499999999999,19.309166666666666],[-71.1625,19.308333333333334],[-71.16416666666666,19.3075],[-71.16499999999999,19.309166666666666]]]]}},{"type":"Feature","properties":{"id":13,"name":"unnamed valley 13","type":"uninhabited upland","places":"","lon":-71.86661,"lat":19.15842,"floor_km2":1.8,"floor_elev_m":419,"floor_elev_min":399,"floor_elev_max":445,"tavg_c":24.9,"tavg_lapse_c":23.8,"tavg_cell_c":25.2,"pop_town":0,"pop_5km":0,"pop_10km":0,"relief_10km_m":410,"dist_sd_km":217,"dist_sti_km":127,"hospital_km":36.1,"hospital_name":"Hospital Provincial Rosa Duarte","clinic_km":36.1,"river_near":"R\u00edo Artibonite (19.1 km, mapped 28 km)","big_river_km":null,"big_river":null,"hotels_10km":0,"airport":"COZ 124 km","route_from":"valley centroid","drive_sd_min":353,"drive_sd_km":368,"drive_sti_min":239,"drive_sti_km":217,"drive_sdq_min":379,"drive_sdq_km":399,"drive_stiap_min":252,"drive_stiap_km":232,"drive_jbq_min":353,"drive_jbq_km":367,"drive_hospital_min":69,"drive_hospital_km":53.8,"hospital_by_road":"Hospital Ram\u00f3n Mat\u00edas Mella","criteria":{"cool":0.11,"near_sd":0.0,"near_sti":0.006,"health":0.0,"river":0.0,"scenic":0.342,"quiet":1.0,"tourism":0.0},"ours":false},"geometry":{"type":"Polygon","coordinates":[[[-71.87166666666666,19.16583333333333],[-71.87583333333333,19.161666666666665],[-71.87583333333333,19.156666666666666],[-71.86833333333333,19.1525],[-71.86333333333333,19.150833333333335],[-71.86083333333333,19.158333333333335],[-71.85749999999999,19.155],[-71.85333333333332,19.158333333333335],[-71.85916666666667,19.161666666666665],[-71.86416666666666,19.16],[-71.87166666666666,19.16583333333333]]]}},{"type":"Feature","properties":{"id":62,"name":"Constanza \u00b7 1429 m","type":"town valley","places":"Constanza (city, 42,889)","lon":-70.76776,"lat":18.95012,"floor_km2":1.8,"floor_elev_m":1429,"floor_elev_min":1396,"floor_elev_max":1478,"tavg_c":17.8,"tavg_lapse_c":17.7,"tavg_cell_c":17.1,"pop_town":42889,"pop_5km":10937,"pop_10km":61383,"relief_10km_m":442,"dist_sd_km":102,"dist_sti_km":56,"hospital_km":5.3,"hospital_name":"Centro de Especiales M\u00e9dicas Titi","clinic_km":5.2,"river_near":"R\u00edo Grande (4.9 km, mapped 66 km)","big_river_km":4.9,"big_river":"R\u00edo Grande","hotels_10km":15,"airport":"COZ 7 km","route_from":"town","drive_sd_min":125,"drive_sd_km":141,"drive_sti_min":99,"drive_sti_km":97,"drive_sdq_min":151,"drive_sdq_km":172,"drive_stiap_min":91,"drive_stiap_km":87,"drive_jbq_min":125,"drive_jbq_km":140,"drive_hospital_min":23,"drive_hospital_km":15.5,"hospital_by_road":"Hospital de Hondo Valle","criteria":{"cool":0.82,"near_sd":0.639,"near_sti":0.783,"health":0.673,"river":0.5,"scenic":0.368,"quiet":0.285,"tourism":0.851},"ours":false},"geometry":{"type":"Polygon","coordinates":[[[-70.76166666666666,18.960833333333333],[-70.76249999999999,18.956666666666667],[-70.77416666666666,18.9475],[-70.77749999999999,18.9525],[-70.78083333333333,18.945],[-70.77,18.945],[-70.76833333333333,18.9475],[-70.765,18.944166666666668],[-70.76083333333332,18.945],[-70.75916666666666,18.948333333333334],[-70.76249999999999,18.951666666666668],[-70.7575,18.958333333333332],[-70.76166666666666,18.960833333333333]]]}},{"type":"Feature","properties":{"id":8,"name":"unnamed valley 8","type":"rural valley","places":"","lon":-71.85994,"lat":18.39239,"floor_km2":1.6,"floor_elev_m":820,"floor_elev_min":734,"floor_elev_max":910,"tavg_c":22.4,"tavg_lapse_c":21.4,"tavg_cell_c":21.4,"pop_town":0,"pop_5km":0,"pop_10km":3637,"relief_10km_m":1379,"dist_sd_km":204,"dist_sti_km":170,"hospital_km":11.2,"hospital_name":"Hospital General Melenciano","clinic_km":11.2,"river_near":"R\u00edo Blanco (8.2 km, mapped 25 km)","big_river_km":null,"big_river":null,"hotels_10km":0,"airport":"CBJ 57 km","route_from":"valley centroid","drive_sd_min":296,"drive_sd_km":308,"drive_sti_min":420,"drive_sti_km":377,"drive_sdq_min":320,"drive_sdq_km":339,"drive_stiap_min":432,"drive_stiap_km":392,"drive_jbq_min":306,"drive_jbq_km":318,"drive_hospital_min":37,"drive_hospital_km":42.2,"hospital_by_road":"CPN PEDERNALES","criteria":{"cool":0.36,"near_sd":0.0,"near_sti":0.0,"health":0.418,"river":0.0,"scenic":1.0,"quiet":1.0,"tourism":0.0},"ours":false},"geometry":{"type":"Polygon","coordinates":[[[-71.87083333333332,18.403333333333332],[-71.86083333333333,18.386666666666667],[-71.85333333333332,18.381666666666668],[-71.85166666666666,18.389166666666668],[-71.85666666666665,18.3925],[-71.85499999999999,18.395],[-71.86,18.398333333333333],[-71.865,18.3975],[-71.87083333333332,18.403333333333332]]]}},{"type":"Feature","properties":{"id":31,"name":"Macuito","type":"uninhabited upland","places":"Macuito (village), Buc\u00e1n Yame (village), Mata de An\u00f3n (village)","lon":-71.49045,"lat":18.1117,"floor_km2":1.6,"floor_elev_m":425,"floor_elev_min":400,"floor_elev_max":465,"tavg_c":24.9,"tavg_lapse_c":23.8,"tavg_cell_c":23.0,"pop_town":0,"pop_5km":0,"pop_10km":82,"relief_10km_m":1488,"dist_sd_km":170,"dist_sti_km":171,"hospital_km":22.5,"hospital_name":"Hospital del Polo","clinic_km":22.5,"river_near":"R\u00edo Las Damas (22.0 km, mapped 6 km)","big_river_km":null,"big_river":null,"hotels_10km":0,"airport":"CBJ 26 km","route_from":"town","drive_sd_min":242,"drive_sd_km":228,"drive_sti_min":324,"drive_sti_km":320,"drive_sdq_min":266,"drive_sdq_km":260,"drive_stiap_min":316,"drive_stiap_km":310,"drive_jbq_min":252,"drive_jbq_km":238,"drive_hospital_min":72,"drive_hospital_km":44.1,"hospital_by_road":"CENTRO DE SALUD  MENCIA","criteria":{"cool":0.11,"near_sd":0.0,"near_sti":0.0,"health":0.0,"river":0.0,"scenic":1.0,"quiet":1.0,"tourism":0.0},"ours":false},"geometry":{"type":"Polygon","coordinates":[[[-71.49666666666666,18.119166666666665],[-71.49666666666666,18.110833333333332],[-71.49,18.108333333333334],[-71.49166666666666,18.104166666666668],[-71.4875,18.101666666666667],[-71.48249999999999,18.111666666666668],[-71.49,18.118333333333332],[-71.49666666666666,18.119166666666665]]]}},{"type":"Feature","properties":{"id":42,"name":"Angostura \u00b7 1027 m","type":"town valley","places":"Angostura (village, 10,225)","lon":-71.42814,"lat":18.23037,"floor_km2":1.6,"floor_elev_m":1027,"floor_elev_min":938,"floor_elev_max":1092,"tavg_c":22.7,"tavg_lapse_c":20.1,"tavg_cell_c":24.7,"pop_town":10225,"pop_5km":266,"pop_10km":1060,"relief_10km_m":818,"dist_sd_km":161,"dist_sti_km":156,"hospital_km":18.9,"hospital_name":"Hospital Dr. Jos\u00e9 P\u00e9rez","clinic_km":18.9,"river_near":"R\u00edo Las Damas (15.8 km, mapped 6 km)","big_river_km":null,"big_river":null,"hotels_10km":0,"airport":"BRX 33 km","route_from":"town","drive_sd_min":212,"drive_sd_km":208,"drive_sti_min":295,"drive_sti_km":299,"drive_sdq_min":236,"drive_sdq_km":239,"drive_stiap_min":286,"drive_stiap_km":290,"drive_jbq_min":223,"drive_jbq_km":218,"drive_hospital_min":53,"drive_hospital_km":28.9,"hospital_by_road":"Hospital Federico Armando Aybar","criteria":{"cool":0.33,"near_sd":0.156,"near_sti":0.0,"health":0.127,"river":0.0,"scenic":0.682,"quiet":0.823,"tourism":0.0},"ours":false},"geometry":{"type":"Polygon","coordinates":[[[-71.42916666666666,18.236666666666668],[-71.43166666666666,18.232499999999998],[-71.4375,18.233333333333334],[-71.44,18.22833333333333],[-71.43416666666666,18.226666666666667],[-71.4275,18.230833333333333],[-71.4275,18.225833333333334],[-71.42333333333333,18.2275],[-71.42083333333333,18.2225],[-71.41833333333332,18.230833333333333],[-71.42916666666666,18.236666666666668]]]}},{"type":"Feature","properties":{"id":46,"name":"La Gu\u00e1zara","type":"town valley","places":"La Gu\u00e1zara (town, 10,478)","lon":-71.20221,"lat":18.19695,"floor_km2":1.6,"floor_elev_m":500,"floor_elev_min":444,"floor_elev_max":548,"tavg_c":24.2,"tavg_lapse_c":23.3,"tavg_cell_c":24.1,"pop_town":10478,"pop_5km":1909,"pop_10km":43076,"relief_10km_m":960,"dist_sd_km":138,"dist_sti_km":149,"hospital_km":5.8,"hospital_name":"Hospital de Cabral","clinic_km":5.8,"river_near":"R\u00edo Yaque del Sur (6.1 km, mapped 184 km)","big_river_km":6.1,"big_river":"R\u00edo Yaque del Sur","hotels_10km":3,"airport":"BRX 11 km","route_from":"town","drive_sd_min":172,"drive_sd_km":193,"drive_sti_min":255,"drive_sti_km":284,"drive_sdq_min":196,"drive_sdq_km":224,"drive_stiap_min":247,"drive_stiap_km":275,"drive_jbq_min":183,"drive_jbq_km":203,"drive_hospital_min":82,"drive_hospital_km":65.5,"hospital_by_road":"Hospital de Loma de Cabrera","criteria":{"cool":0.18,"near_sd":0.378,"near_sti":0.0,"health":0.0,"river":0.5,"scenic":0.8,"quiet":0.538,"tourism":0.425},"ours":false},"geometry":{"type":"MultiPolygon","coordinates":[[[[-71.205,18.189166666666665],[-71.2025,18.185833333333335],[-71.19999999999999,18.185],[-71.205,18.183333333333334],[-71.2075,18.185833333333335],[-71.205,18.189166666666665]]],[[[-71.20666666666666,18.189166666666665],[-71.21083333333333,18.194166666666668],[-71.205,18.196666666666665],[-71.20666666666666,18.199166666666667],[-71.20166666666667,18.2025],[-71.20166666666667,18.206666666666667],[-71.195,18.208333333333332],[-71.1925,18.205],[-71.19833333333332,18.2025],[-71.19416666666666,18.2],[-71.19916666666666,18.199166666666667],[-71.2025,18.195833333333333],[-71.19999999999999,18.1925],[-71.20666666666666,18.189166666666665]]]]}},{"type":"Feature","properties":{"id":5,"name":"Los Arroyos","type":"uninhabited upland","places":"Los Arroyos (town, 2,898)","lon":-71.80223,"lat":18.27577,"floor_km2":1.5,"floor_elev_m":1438,"floor_elev_min":1407,"floor_elev_max":1462,"tavg_c":16.5,"tavg_lapse_c":17.6,"tavg_cell_c":16.5,"pop_town":2898,"pop_5km":0,"pop_10km":0,"relief_10km_m":618,"dist_sd_km":199,"dist_sti_km":175,"hospital_km":13.2,"hospital_name":"CENTRO DE SALUD  MENCIA","clinic_km":13.2,"river_near":"rio Bonito (7.0 km, mapped 8 km)","big_river_km":null,"big_river":null,"hotels_10km":0,"airport":"CBJ 42 km","route_from":"valley centroid","drive_sd_min":284,"drive_sd_km":291,"drive_sti_min":367,"drive_sti_km":383,"drive_sdq_min":308,"drive_sdq_km":323,"drive_stiap_min":358,"drive_stiap_km":373,"drive_jbq_min":294,"drive_jbq_km":301,"drive_hospital_min":1,"drive_hospital_km":0.4,"hospital_by_road":"Centro Medico Jarabacoa","criteria":{"cool":0.95,"near_sd":0.0,"near_sti":0.0,"health":1.0,"river":0.0,"scenic":0.515,"quiet":1.0,"tourism":0.0},"ours":false},"geometry":{"type":"Polygon","coordinates":[[[-71.7975,18.279166666666665],[-71.81083333333332,18.28],[-71.80916666666666,18.2725],[-71.80333333333333,18.274166666666666],[-71.80166666666666,18.27],[-71.79833333333333,18.27],[-71.79249999999999,18.274166666666666],[-71.7975,18.279166666666665]]]}},{"type":"Feature","properties":{"id":16,"name":"unnamed valley 16","type":"uninhabited upland","places":"","lon":-71.89216,"lat":19.31352,"floor_km2":1.5,"floor_elev_m":672,"floor_elev_min":629,"floor_elev_max":711,"tavg_c":23.3,"tavg_lapse_c":22.3,"tavg_cell_c":22.9,"pop_town":0,"pop_5km":0,"pop_10km":0,"relief_10km_m":296,"dist_sd_km":226,"dist_sti_km":126,"hospital_km":31.5,"hospital_name":"Hospital de Loma de Cabrera","clinic_km":31.5,"river_near":"R\u00edo Lib\u00f3n (23.6 km, mapped 6 km)","big_river_km":null,"big_river":null,"hotels_10km":0,"airport":"COZ 131 km","route_from":"valley centroid","drive_sd_min":307,"drive_sd_km":344,"drive_sti_min":193,"drive_sti_km":193,"drive_sdq_min":332,"drive_sdq_km":375,"drive_stiap_min":205,"drive_stiap_km":208,"drive_jbq_min":306,"drive_jbq_km":343,"drive_hospital_min":28,"drive_hospital_km":11.8,"hospital_by_road":"Hospital Regional Villa Los Alm\u00e1cigos","criteria":{"cool":0.27,"near_sd":0.0,"near_sti":0.261,"health":0.582,"river":0.0,"scenic":0.247,"quiet":1.0,"tourism":0.0},"ours":false},"geometry":{"type":"Polygon","coordinates":[[[-71.90083333333332,19.321666666666665],[-71.90166666666666,19.319166666666668],[-71.8925,19.311666666666667],[-71.895,19.306666666666665],[-71.88499999999999,19.305],[-71.88333333333333,19.311666666666667],[-71.89166666666667,19.315833333333334],[-71.89,19.32],[-71.90083333333332,19.321666666666665]]]}},{"type":"Feature","properties":{"id":22,"name":"El codo","type":"uninhabited upland","places":"El codo (village)","lon":-71.6134,"lat":18.23603,"floor_km2":1.5,"floor_elev_m":2094,"floor_elev_min":2043,"floor_elev_max":2147,"tavg_c":13.5,"tavg_lapse_c":13.6,"tavg_cell_c":13.5,"pop_town":0,"pop_5km":161,"pop_10km":971,"relief_10km_m":92,"dist_sd_km":180,"dist_sti_km":166,"hospital_km":11.8,"hospital_name":"CLINICA RURAL  DE AGUAS NEGRAS","clinic_km":11.8,"river_near":"R\u00edo Las Damas (8.5 km, mapped 6 km)","big_river_km":null,"big_river":null,"hotels_10km":0,"airport":"CBJ 34 km","route_from":"town","drive_sd_min":235,"drive_sd_km":260,"drive_sti_min":318,"drive_sti_km":352,"drive_sdq_min":259,"drive_sdq_km":292,"drive_stiap_min":309,"drive_stiap_km":342,"drive_jbq_min":245,"drive_jbq_km":270,"drive_hospital_min":13,"drive_hospital_km":9.1,"hospital_by_road":"Hospital","criteria":{"cool":1.0,"near_sd":0.028,"near_sti":0.0,"health":0.855,"river":0.0,"scenic":0.077,"quiet":0.896,"tourism":0.0},"ours":false},"geometry":{"type":"Polygon","coordinates":[[[-71.61916666666666,18.245833333333334],[-71.62083333333332,18.2425],[-71.61833333333333,18.239166666666666],[-71.62249999999999,18.236666666666668],[-71.61916666666666,18.233333333333334],[-71.62083333333332,18.230833333333333],[-71.61416666666666,18.23],[-71.61583333333333,18.232499999999998],[-71.61333333333333,18.235],[-71.61749999999999,18.2375],[-71.61416666666666,18.24],[-71.60416666666666,18.2275],[-71.60249999999999,18.234166666666667],[-71.61916666666666,18.245833333333334]]]}},{"type":"Feature","properties":{"id":27,"name":"Rancho de la Guardia","type":"town valley","places":"Rancho de la Guardia (village, 10,586)","lon":-71.6589,"lat":18.76154,"floor_km2":1.3,"floor_elev_m":1441,"floor_elev_min":1370,"floor_elev_max":1500,"tavg_c":18.6,"tavg_lapse_c":17.6,"tavg_cell_c":19.1,"pop_town":10586,"pop_5km":432,"pop_10km":14631,"relief_10km_m":455,"dist_sd_km":185,"dist_sti_km":127,"hospital_km":6.4,"hospital_name":"Hospital de Hondo Valle","clinic_km":6.4,"river_near":"R\u00edo Los Guineos (5.0 km, mapped 39 km)","big_river_km":5.0,"big_river":"R\u00edo Los Guineos","hotels_10km":0,"airport":"BRX 80 km","route_from":"town","drive_sd_min":246,"drive_sd_km":248,"drive_sti_min":315,"drive_sti_km":292,"drive_sdq_min":270,"drive_sdq_km":280,"drive_stiap_min":327,"drive_stiap_km":307,"drive_jbq_min":257,"drive_jbq_km":258,"drive_hospital_min":1,"drive_hospital_km":0.3,"hospital_by_road":"Hospital de Hondo Valle","criteria":{"cool":0.74,"near_sd":0.0,"near_sti":0.0,"health":1.0,"river":0.5,"scenic":0.379,"quiet":0.753,"tourism":0.0},"ours":false},"geometry":{"type":"Polygon","coordinates":[[[-71.66,18.7725],[-71.65833333333333,18.7675],[-71.66666666666666,18.760833333333334],[-71.66166666666666,18.750833333333333],[-71.655,18.753333333333334],[-71.65583333333333,18.7575],[-71.65833333333333,18.755],[-71.66166666666666,18.7575],[-71.66166666666666,18.761666666666667],[-71.65583333333333,18.765],[-71.65333333333332,18.760833333333334],[-71.65083333333332,18.7625],[-71.65416666666665,18.77],[-71.66,18.7725]]]}},{"type":"Feature","properties":{"id":41,"name":"nan figuerete","type":"uninhabited upland","places":"nan figuerete (village)","lon":-71.37538,"lat":18.13894,"floor_km2":1.3,"floor_elev_m":653,"floor_elev_min":604,"floor_elev_max":693,"tavg_c":22.9,"tavg_lapse_c":22.4,"tavg_cell_c":21.9,"pop_town":0,"pop_5km":0,"pop_10km":345,"relief_10km_m":1040,"dist_sd_km":157,"dist_sti_km":163,"hospital_km":11.5,"hospital_name":"Hospital del Polo","clinic_km":11.5,"river_near":"R\u00edo Nizaito (16.2 km, mapped 18 km)","big_river_km":null,"big_river":null,"hotels_10km":0,"airport":"BRX 30 km","route_from":"town","drive_sd_min":236,"drive_sd_km":226,"drive_sti_min":319,"drive_sti_km":318,"drive_sdq_min":260,"drive_sdq_km":257,"drive_stiap_min":310,"drive_stiap_km":308,"drive_jbq_min":247,"drive_jbq_km":236,"drive_hospital_min":11,"drive_hospital_km":6.7,"hospital_by_road":"Centro De Rehabilitacion Fisica","criteria":{"cool":0.31,"near_sd":0.022,"near_sti":0.0,"health":0.891,"river":0.0,"scenic":0.867,"quiet":1.0,"tourism":0.0},"ours":false},"geometry":{"type":"Polygon","coordinates":[[[-71.37333333333332,18.145],[-71.37583333333333,18.14],[-71.38,18.144166666666667],[-71.38416666666666,18.141666666666666],[-71.37916666666666,18.136666666666667],[-71.37833333333333,18.13],[-71.37249999999999,18.133333333333333],[-71.37333333333332,18.136666666666667],[-71.3775,18.136666666666667],[-71.37583333333333,18.139166666666668],[-71.36833333333333,18.138333333333332],[-71.36416666666666,18.141666666666666],[-71.37333333333332,18.145]]]}},{"type":"Feature","properties":{"id":54,"name":"La Ci\u00e9naga \u00b7 538 m","type":"town valley","places":"La Ci\u00e9naga (town, 10,373)","lon":-70.38188,"lat":18.55805,"floor_km2":1.3,"floor_elev_m":538,"floor_elev_min":537,"floor_elev_max":577,"tavg_c":22.8,"tavg_lapse_c":23.1,"tavg_cell_c":21.6,"pop_town":10373,"pop_5km":1517,"pop_10km":18869,"relief_10km_m":861,"dist_sd_km":48,"dist_sti_km":105,"hospital_km":10.0,"hospital_name":"Hospital Los Cacaos","clinic_km":10.0,"river_near":"R\u00edo Nizao (0.0 km, mapped 127 km)","big_river_km":0.0,"big_river":"R\u00edo Nizao","hotels_10km":0,"airport":"JBQ 42 km","route_from":"valley centroid","drive_sd_min":103,"drive_sd_km":80,"drive_sti_min":159,"drive_sti_km":158,"drive_sdq_min":127,"drive_sdq_km":112,"drive_stiap_min":150,"drive_stiap_km":148,"drive_jbq_min":113,"drive_jbq_km":90,"drive_hospital_min":29,"drive_hospital_km":19.6,"hospital_by_road":"Hospital Dr. Jos\u00e9 P\u00e9rez","criteria":{"cool":0.32,"near_sd":0.761,"near_sti":0.45,"health":0.564,"river":1.0,"scenic":0.718,"quiet":0.571,"tourism":0.0},"ours":false},"geometry":{"type":"Polygon","coordinates":[[[-70.38833333333332,18.5675],[-70.39083333333333,18.565],[-70.38333333333333,18.560833333333335],[-70.38333333333333,18.549166666666668],[-70.37916666666666,18.546666666666667],[-70.37916666666666,18.555],[-70.37416666666667,18.56],[-70.37916666666666,18.56],[-70.38833333333332,18.5675]]]}},{"type":"Feature","properties":{"id":10,"name":"unnamed valley 10","type":"uninhabited upland","places":"","lon":-71.80908,"lat":18.73993,"floor_km2":1.2,"floor_elev_m":529,"floor_elev_min":485,"floor_elev_max":582,"tavg_c":23.8,"tavg_lapse_c":23.2,"tavg_cell_c":21.4,"pop_town":0,"pop_5km":0,"pop_10km":0,"relief_10km_m":1400,"dist_sd_km":200,"dist_sti_km":141,"hospital_km":12.3,"hospital_name":"Hospital de Hondo Valle","clinic_km":12.3,"river_near":"R\u00edo Los Guineos (10.9 km, mapped 39 km)","big_river_km":null,"big_river":null,"hotels_10km":0,"airport":"BRX 91 km","route_from":"valley centroid","drive_sd_min":273,"drive_sd_km":267,"drive_sti_min":341,"drive_sti_km":323,"drive_sdq_min":297,"drive_sdq_km":299,"drive_stiap_min":354,"drive_stiap_km":338,"drive_jbq_min":284,"drive_jbq_km":277,"drive_hospital_min":28,"drive_hospital_km":19.2,"hospital_by_road":"Hospital Municipal de Monci\u00f3n","criteria":{"cool":0.22,"near_sd":0.0,"near_sti":0.0,"health":0.582,"river":0.0,"scenic":1.0,"quiet":1.0,"tourism":0.0},"ours":false},"geometry":{"type":"Polygon","coordinates":[[[-71.82583333333332,18.75],[-71.82499999999999,18.744166666666665],[-71.79499999999999,18.733333333333334],[-71.7975,18.7375],[-71.79583333333333,18.741666666666667],[-71.8,18.738333333333333],[-71.80833333333332,18.739166666666666],[-71.82166666666666,18.745],[-71.82583333333332,18.75]]]}},{"type":"Feature","properties":{"id":11,"name":"unnamed valley 11","type":"uninhabited upland","places":"","lon":-71.81431,"lat":18.79807,"floor_km2":1.2,"floor_elev_m":1031,"floor_elev_min":1008,"floor_elev_max":1069,"tavg_c":20.5,"tavg_lapse_c":20.1,"tavg_cell_c":22.7,"pop_town":0,"pop_5km":0,"pop_10km":0,"relief_10km_m":447,"dist_sd_km":202,"dist_sti_km":138,"hospital_km":15.0,"hospital_name":"Hospital Provincial Rosa Duarte","clinic_km":14.2,"river_near":"R\u00edo Los Guineos (14.4 km, mapped 39 km)","big_river_km":null,"big_river":null,"hotels_10km":0,"airport":"BRX 95 km","route_from":"valley centroid","drive_sd_min":313,"drive_sd_km":285,"drive_sti_min":329,"drive_sti_km":278,"drive_sdq_min":337,"drive_sdq_km":316,"drive_stiap_min":342,"drive_stiap_km":293,"drive_jbq_min":323,"drive_jbq_km":295,"drive_hospital_min":38,"drive_hospital_km":15.9,"hospital_by_road":"Hospital Regional","criteria":{"cool":0.55,"near_sd":0.0,"near_sti":0.0,"health":0.4,"river":0.0,"scenic":0.372,"quiet":1.0,"tourism":0.0},"ours":false},"geometry":{"type":"MultiPolygon","coordinates":[[[[-71.81833333333333,18.791666666666668],[-71.81583333333333,18.79083333333333],[-71.8175,18.79],[-71.81833333333333,18.791666666666668]]],[[[-71.81833333333333,18.7925],[-71.82083333333333,18.799166666666668],[-71.80916666666666,18.804166666666667],[-71.80749999999999,18.7975],[-71.81166666666667,18.793333333333333],[-71.815,18.795833333333334],[-71.81833333333333,18.7925]]]]}},{"type":"Feature","properties":{"id":52,"name":"unnamed valley 52","type":"rural valley","places":"","lon":-71.17896,"lat":19.341,"floor_km2":1.2,"floor_elev_m":597,"floor_elev_min":564,"floor_elev_max":636,"tavg_c":23.2,"tavg_lapse_c":22.8,"tavg_cell_c":23.9,"pop_town":0,"pop_5km":430,"pop_10km":9252,"relief_10km_m":730,"dist_sd_km":162,"dist_sti_km":52,"hospital_km":7.9,"hospital_name":"Hospital Municipal de Monci\u00f3n","clinic_km":7.9,"river_near":"Rio Mao (3.6 km, mapped 31 km)","big_river_km":3.6,"big_river":"Rio Mao","hotels_10km":1,"airport":"STI 61 km","route_from":"valley centroid","drive_sd_min":216,"drive_sd_km":226,"drive_sti_min":105,"drive_sti_km":78,"drive_sdq_min":242,"drive_sdq_km":257,"drive_stiap_min":115,"drive_stiap_km":90,"drive_jbq_min":216,"drive_jbq_km":225,"drive_hospital_min":48,"drive_hospital_km":35.9,"hospital_by_road":"Hospital General Melenciano","criteria":{"cool":0.28,"near_sd":0.133,"near_sti":0.75,"health":0.218,"river":0.5,"scenic":0.608,"quiet":0.754,"tourism":0.213},"ours":false},"geometry":{"type":"Polygon","coordinates":[[[-71.18499999999999,19.3525],[-71.18333333333332,19.346666666666668],[-71.1875,19.341666666666665],[-71.17083333333333,19.330833333333334],[-71.17166666666667,19.34],[-71.18083333333333,19.34],[-71.17999999999999,19.348333333333333],[-71.18499999999999,19.3525]]]}},{"type":"Feature","properties":{"id":4,"name":"Los Arroyos \u00b7 997 m","type":"town valley","places":"Los Arroyos (town, 2,898), El Bamb\u00fa (village), Kosovo (village)","lon":-71.78634,"lat":18.237,"floor_km2":1.1,"floor_elev_m":997,"floor_elev_min":950,"floor_elev_max":1028,"tavg_c":19.8,"tavg_lapse_c":20.3,"tavg_cell_c":20.2,"pop_town":2898,"pop_5km":0,"pop_10km":7193,"relief_10km_m":1142,"dist_sd_km":198,"dist_sti_km":177,"hospital_km":8.6,"hospital_name":"CENTRO DE SALUD  MENCIA","clinic_km":8.6,"river_near":"rio Bonito (2.7 km, mapped 8 km)","big_river_km":null,"big_river":null,"hotels_10km":0,"airport":"CBJ 38 km","route_from":"valley centroid","drive_sd_min":274,"drive_sd_km":286,"drive_sti_min":357,"drive_sti_km":378,"drive_sdq_min":298,"drive_sdq_km":317,"drive_stiap_min":348,"drive_stiap_km":368,"drive_jbq_min":285,"drive_jbq_km":296,"drive_hospital_min":14,"drive_hospital_km":14.4,"hospital_by_road":null,"criteria":{"cool":0.62,"near_sd":0.0,"near_sti":0.0,"health":0.836,"river":0.0,"scenic":0.952,"quiet":1.0,"tourism":0.0},"ours":false},"geometry":{"type":"Polygon","coordinates":[[[-71.78583333333333,18.244166666666665],[-71.79083333333332,18.240833333333335],[-71.7875,18.2275],[-71.78083333333333,18.235833333333332],[-71.7825,18.2425],[-71.78583333333333,18.244166666666665]]]}},{"type":"Feature","properties":{"id":19,"name":"unnamed valley 19","type":"uninhabited upland","places":"","lon":-71.94224,"lat":19.40653,"floor_km2":1.1,"floor_elev_m":678,"floor_elev_min":657,"floor_elev_max":701,"tavg_c":23.0,"tavg_lapse_c":22.3,"tavg_cell_c":22.6,"pop_town":0,"pop_5km":0,"pop_10km":0,"relief_10km_m":274,"dist_sd_km":235,"dist_sti_km":131,"hospital_km":29.0,"hospital_name":"Hospital Ram\u00f3n Mat\u00edas Mella","clinic_km":29.0,"river_near":"R\u00edo Dajab\u00f3n (28.4 km, mapped 35 km)","big_river_km":null,"big_river":null,"hotels_10km":0,"airport":"COZ 140 km","route_from":"valley centroid","drive_sd_min":331,"drive_sd_km":356,"drive_sti_min":217,"drive_sti_km":205,"drive_sdq_min":356,"drive_sdq_km":387,"drive_stiap_min":230,"drive_stiap_km":220,"drive_jbq_min":330,"drive_jbq_km":355,"drive_hospital_min":17,"drive_hospital_km":15.6,"hospital_by_road":"Hospital Dr. Te\u00f3filo Hern\u00e1ndez","criteria":{"cool":0.3,"near_sd":0.0,"near_sti":0.128,"health":0.782,"river":0.0,"scenic":0.228,"quiet":1.0,"tourism":0.0},"ours":false},"geometry":{"type":"Polygon","coordinates":[[[-71.94416666666666,19.41583333333333],[-71.95083333333332,19.411666666666665],[-71.94,19.39666666666667],[-71.93333333333332,19.406666666666666],[-71.93833333333333,19.404166666666665],[-71.94166666666666,19.410833333333333],[-71.945,19.408333333333335],[-71.94416666666666,19.41583333333333]]]}},{"type":"Feature","properties":{"id":58,"name":"unnamed valley 58","type":"rural valley","places":"","lon":-70.65062,"lat":18.78393,"floor_km2":1.1,"floor_elev_m":2331,"floor_elev_min":2306,"floor_elev_max":2369,"tavg_c":11.4,"tavg_lapse_c":12.2,"tavg_cell_c":11.9,"pop_town":0,"pop_5km":232,"pop_10km":2408,"relief_10km_m":197,"dist_sd_km":83,"dist_sti_km":74,"hospital_km":16.2,"hospital_name":"Hospital Municipal Pedro A Cespedes","clinic_km":16.2,"river_near":"Rio Blanco (5.8 km, mapped 42 km)","big_river_km":5.8,"big_river":"Rio Blanco","hotels_10km":3,"airport":"COZ 16 km","route_from":"valley centroid","drive_sd_min":170,"drive_sd_km":164,"drive_sti_min":144,"drive_sti_km":119,"drive_sdq_min":195,"drive_sdq_km":195,"drive_stiap_min":135,"drive_stiap_km":110,"drive_jbq_min":169,"drive_jbq_km":162,"drive_hospital_min":39,"drive_hospital_km":41.1,"hospital_by_road":"Hospital Dr. Jos\u00e9 P\u00e9rez","criteria":{"cool":1.0,"near_sd":0.389,"near_sti":0.533,"health":0.382,"river":0.5,"scenic":0.164,"quiet":0.843,"tourism":0.425},"ours":false},"geometry":{"type":"Polygon","coordinates":[[[-70.645,18.785833333333333],[-70.6575,18.788333333333334],[-70.65833333333333,18.783333333333335],[-70.645,18.7775],[-70.645,18.785833333333333]]]}},{"type":"Feature","properties":{"id":1,"name":"Don Juan","type":"rural valley","places":"Don Juan (village), San Jos\u00e9 del R\u00edo (Cabo Duarte) (village)","lon":-71.79916,"lat":18.18716,"floor_km2":1.0,"floor_elev_m":426,"floor_elev_min":400,"floor_elev_max":462,"tavg_c":24.1,"tavg_lapse_c":23.8,"tavg_cell_c":23.8,"pop_town":0,"pop_5km":559,"pop_10km":7193,"relief_10km_m":1415,"dist_sd_km":200,"dist_sti_km":182,"hospital_km":6.3,"hospital_name":"CENTRO DE SALUD  MENCIA","clinic_km":6.3,"river_near":"rio Bonito (1.3 km, mapped 8 km)","big_river_km":null,"big_river":null,"hotels_10km":0,"airport":"CBJ 33 km","route_from":"valley centroid","drive_sd_min":276,"drive_sd_km":294,"drive_sti_min":359,"drive_sti_km":386,"drive_sdq_min":300,"drive_sdq_km":326,"drive_stiap_min":350,"drive_stiap_km":376,"drive_jbq_min":286,"drive_jbq_km":304,"drive_hospital_min":19,"drive_hospital_km":14.6,"hospital_by_road":"Hospital Federico Armando Aybar","criteria":{"cool":0.19,"near_sd":0.0,"near_sti":0.0,"health":0.745,"river":0.0,"scenic":1.0,"quiet":0.716,"tourism":0.0},"ours":false},"geometry":{"type":"Polygon","coordinates":[[[-71.79666666666667,18.1925],[-71.80499999999999,18.188333333333333],[-71.80583333333333,18.180833333333332],[-71.79083333333332,18.188333333333333],[-71.79666666666667,18.1925]]]}},{"type":"Feature","properties":{"id":24,"name":"El aguacate","type":"rural valley","places":"El aguacate (village)","lon":-71.7324,"lat":18.35946,"floor_km2":1.0,"floor_elev_m":889,"floor_elev_min":863,"floor_elev_max":926,"tavg_c":22.0,"tavg_lapse_c":21.0,"tavg_cell_c":20.7,"pop_town":0,"pop_5km":926,"pop_10km":7734,"relief_10km_m":1275,"dist_sd_km":191,"dist_sti_km":163,"hospital_km":19.4,"hospital_name":"Hospital General Melenciano","clinic_km":19.4,"river_near":"rio Bonito (15.3 km, mapped 8 km)","big_river_km":null,"big_river":null,"hotels_10km":0,"airport":"CBJ 49 km","route_from":"town","drive_sd_min":227,"drive_sd_km":251,"drive_sti_min":309,"drive_sti_km":343,"drive_sdq_min":251,"drive_sdq_km":283,"drive_stiap_min":301,"drive_stiap_km":333,"drive_jbq_min":237,"drive_jbq_km":261,"drive_hospital_min":48,"drive_hospital_km":39.7,"hospital_by_road":"Hospital Federico Armando Aybar","criteria":{"cool":0.4,"near_sd":0.072,"near_sti":0.0,"health":0.218,"river":0.0,"scenic":1.0,"quiet":0.643,"tourism":0.0},"ours":false},"geometry":{"type":"Polygon","coordinates":[[[-71.73166666666665,18.364166666666666],[-71.735,18.360833333333332],[-71.7375,18.363333333333333],[-71.74083333333333,18.361666666666668],[-71.735,18.355],[-71.72749999999999,18.355],[-71.725,18.361666666666668],[-71.73166666666665,18.364166666666666]]]}},{"type":"Feature","properties":{"id":28,"name":"Guanito","type":"town valley","places":"Guanito (village, 19,153)","lon":-71.70669,"lat":18.79527,"floor_km2":1.0,"floor_elev_m":1107,"floor_elev_min":1068,"floor_elev_max":1159,"tavg_c":20.8,"tavg_lapse_c":19.6,"tavg_cell_c":21.9,"pop_town":19153,"pop_5km":496,"pop_10km":31542,"relief_10km_m":484,"dist_sd_km":190,"dist_sti_km":129,"hospital_km":9.0,"hospital_name":"Hospital de Hondo Valle","clinic_km":8.6,"river_near":"R\u00edo Los Guineos (8.1 km, mapped 39 km)","big_river_km":null,"big_river":null,"hotels_10km":0,"airport":"BRX 86 km","route_from":"valley centroid","drive_sd_min":276,"drive_sd_km":269,"drive_sti_min":299,"drive_sti_km":265,"drive_sdq_min":300,"drive_sdq_km":301,"drive_stiap_min":312,"drive_stiap_km":280,"drive_jbq_min":287,"drive_jbq_km":279,"drive_hospital_min":18,"drive_hospital_km":15.3,"hospital_by_road":"Clinica Dr Baez","criteria":{"cool":0.52,"near_sd":0.0,"near_sti":0.0,"health":0.764,"river":0.0,"scenic":0.403,"quiet":0.733,"tourism":0.0},"ours":false},"geometry":{"type":"Polygon","coordinates":[[[-71.71166666666666,18.803333333333335],[-71.71583333333332,18.7975],[-71.71083333333333,18.7975],[-71.70416666666667,18.791666666666668],[-71.705,18.788333333333334],[-71.70083333333332,18.7875],[-71.69916666666666,18.79083333333333],[-71.7025,18.796666666666667],[-71.71166666666666,18.803333333333335]]]}}]}