{"type": "FeatureCollection", "features": [{"type": "Feature", "id": "ParcelasHistoricas.335622", "geometry": {"type": "MultiPolygon", "coordinates": [[[[-70.67011371619073, 18.79560503921693], [-70.66831967773709, 18.79639737010268], [-70.66663469901552, 18.79683249094635], [-70.66580425983622, 18.797385671349495], [-70.6646047116889, 18.799370001887485], [-70.66336942308814, 18.800509522475544], [-70.66155604483643, 18.80163903335933], [-70.65888358802823, 18.804395714621464], [-70.65856651838207, 18.804678624772894], [-70.65830596872516, 18.80500396489388], [-70.65718508045232, 18.806849225397826], [-70.6550296838571, 18.810544766361847], [-70.65513807413639, 18.81115825628363], [-70.65491120588922, 18.814020726293172], [-70.65486009625799, 18.814619176297057], [-70.65461253689577, 18.815480936391594], [-70.65271197977077, 18.818510977250963], [-70.64728123258404, 18.817591260062958], [-70.64656529297234, 18.817501070432574], [-70.64424680271706, 18.814527951728437], [-70.64347315203793, 18.812483092199596], [-70.63951280353554, 18.81083378428636], [-70.63915265410462, 18.81145113444794], [-70.63901331425937, 18.811574054514715], [-70.63841309507332, 18.812364504792818], [-70.63800491584604, 18.813290504967693], [-70.63710050697686, 18.814311885393074], [-70.6363642973638, 18.81419784577405], [-70.63490195821342, 18.814114976525556], [-70.63372166854924, 18.813428277154827], [-70.63265221902152, 18.813103787714113], [-70.63180806943986, 18.812928408152636], [-70.63075962960168, 18.812076958720436], [-70.62887583089363, 18.812320859675946], [-70.62805761152491, 18.812551060086477], [-70.6278967116666, 18.812627430166078], [-70.62795100176511, 18.81286082012978], [-70.62785093212773, 18.81339445016159], [-70.62784126240258, 18.8138707601492], [-70.62772475314615, 18.81506115016553], [-70.62774477388155, 18.81638503010709], [-70.62696764636588, 18.819940270375756], [-70.62662604681451, 18.820363810535337], [-70.62643546763486, 18.821609080587677], [-70.62655447790654, 18.822219040504535], [-70.62626332841207, 18.822797890632653], [-70.62612116874695, 18.823236340689547], [-70.62603804918496, 18.823921300707248], [-70.6257634994793, 18.82414438083982], [-70.62388494072027, 18.82430270179671], [-70.62215646186199, 18.82444835267726], [-70.62164171189592, 18.823950262959126], [-70.62006800217537, 18.82273849380956], [-70.61855155287391, 18.822330484601572], [-70.61769582311099, 18.821822405058548], [-70.61696599349499, 18.821710735436675], [-70.61653418368262, 18.821574655662936], [-70.61585522416071, 18.821684646007007], [-70.61521797454184, 18.821668276334275], [-70.61494288466592, 18.821589706478125], [-70.6131652255339, 18.821199027403548], [-70.61218193604124, 18.82103118791372], [-70.6120501260536, 18.820910277985647], [-70.61198376614537, 18.821000698016423], [-70.61005766704062, 18.820497899022076], [-70.60902040598722, 18.817511699661058], [-70.60856631609501, 18.817210629904668], [-70.60802488616648, 18.816750750198754], [-70.60758406630022, 18.8165100404334], [-70.60680348664515, 18.81627498084204], [-70.60559095703164, 18.81564592148627], [-70.6048066278323, 18.81621287186819], [-70.60474916787292, 18.816222521897302], [-70.60422225830264, 18.816412132160725], [-70.60275840894496, 18.815963692927454], [-70.60251095903173, 18.815849353058436], [-70.60221746915364, 18.815747353212586], [-70.60184365930533, 18.815611073409165], [-70.60109095959928, 18.81531636380571], [-70.60069278965955, 18.81499213402148], [-70.60031934980903, 18.814852414217984], [-70.60023852968975, 18.814554094270058], [-70.60013138963853, 18.814347644332354], [-70.59968678944432, 18.813523224589737], [-70.59966859940373, 18.813431794602327], [-70.59937745947369, 18.813240534758446], [-70.59913112959346, 18.81318586488673], [-70.59883448970203, 18.81305692504345], [-70.59850785985681, 18.812977255213813], [-70.59767721022999, 18.812738655648328], [-70.59726545051562, 18.812798305857406], [-70.5971166505857, 18.812761295935047], [-70.59672910073041, 18.812597996139633], [-70.59635154089402, 18.81247895633751], [-70.59621400095318, 18.812434786409643], [-70.59141743373837, 18.812172538879587], [-70.58662169651465, 18.811896881350187], [-70.58651136663457, 18.811989601403543], [-70.58621049691968, 18.812168371551657], [-70.5860360170561, 18.812220961639355], [-70.58547695749294, 18.81238894192037], [-70.58533781759529, 18.81241947199072], [-70.58508020783229, 18.812559942117993], [-70.58392785873868, 18.812916742696935], [-70.58089572280772, 18.816829894116296], [-70.57786465687761, 18.82074385553604], [-70.57785115701512, 18.82097198553499], [-70.57774709724909, 18.82127265557794], [-70.57765361739062, 18.821421645620752], [-70.57748511749443, 18.821423025707276], [-70.57706687782108, 18.821548285917764], [-70.57692639789845, 18.821533215990467], [-70.57666709810475, 18.821617556120735], [-70.57656252826443, 18.82178654616856], [-70.57640678837957, 18.821821726247343], [-70.57619979854915, 18.821897676351046], [-70.57313721100523, 18.82292800788883], [-70.57277625139037, 18.823218208064226], [-70.57263951154474, 18.82334309813016], [-70.5724346520877, 18.824080078209796], [-70.57235317225675, 18.824290468244342], [-70.57195128251419, 18.824311248450186], [-70.57173201278482, 18.824552208554497], [-70.57151588295297, 18.824615748663383], [-70.57128902318978, 18.82478885877397], [-70.57114935335244, 18.824925178841024], [-70.57089604357847, 18.82505077896686], [-70.57083988368062, 18.825170368991575], [-70.57064538394424, 18.825425669082687], [-70.57037437423931, 18.825653899214064], [-70.57001920446362, 18.82566662939621], [-70.56986155459258, 18.82572407947526], [-70.56837897534378, 18.825450680246956], [-70.56797660553521, 18.825354600457164], [-70.56697305612258, 18.82530880097473], [-70.56689300618415, 18.825331071015118], [-70.56159453002093, 18.826387073703387], [-70.56160832073921, 18.827668053652097], [-70.56157363081167, 18.82775842366683], [-70.55759784271338, 18.82682878574413], [-70.55555867253447, 18.824318206879504], [-70.5552752225137, 18.82397646703706], [-70.55519170245867, 18.823789577086444], [-70.55298060990235, 18.81690339845996], [-70.55296856984356, 18.81678677847015], [-70.55226748977387, 18.81590936886079], [-70.55066800942325, 18.813569919763488], [-70.54869348899022, 18.810681820877658], [-70.5492029072049, 18.80808136070452], [-70.5492433671095, 18.807956620687964], [-70.5474472669458, 18.80573546168731], [-70.54541968676071, 18.8032279428153], [-70.54537078672085, 18.80310501284463], [-70.54504966670557, 18.80273267302242], [-70.5449789866986, 18.802644363061763], [-70.54489412665917, 18.802483553110868], [-70.54480561665602, 18.802382793159808], [-70.54467680631964, 18.801650873250956], [-70.54634802443111, 18.80011665244404], [-70.54650118430095, 18.800051772367528], [-70.54664711409194, 18.799839952299727], [-70.54674077400298, 18.7997837422535], [-70.54688776384667, 18.79966607218196], [-70.54712100318812, 18.79875494209315], [-70.54716387305484, 18.79856586207756], [-70.5455530735254, 18.797663352936254], [-70.54549818349562, 18.79755175296827], [-70.545385503308, 18.7970994630416], [-70.54549190303109, 18.79672525299965], [-70.54554021284277, 18.79644485298438], [-70.54552467272653, 18.79622299299992], [-70.54554037261138, 18.7960366629982], [-70.54550020253025, 18.795850273025195], [-70.54552903241769, 18.795682653016087], [-70.54549952235247, 18.795535783036247], [-70.54556600221996, 18.79537341300762], [-70.54560603211019, 18.79522276299217], [-70.54562035192697, 18.79491479299531], [-70.54557037179269, 18.794624033030907], [-70.54558805162752, 18.79435151303111], [-70.54572514136302, 18.79403213297153], [-70.5456518512317, 18.79372148301978], [-70.54545091125429, 18.793545183129048], [-70.54521022128976, 18.79334893325942], [-70.54487905150515, 18.79337281342879], [-70.5446980315707, 18.793293813524503], [-70.54449942161976, 18.793166773630894], [-70.54432505163089, 18.79299884372622], [-70.54429966154925, 18.7928274337451], [-70.54423521145208, 18.792586583786417], [-70.54401744146782, 18.792380133905358], [-70.54383451141193, 18.79208471400941], [-70.54357789142557, 18.79183277414986], [-70.54354363133612, 18.791638074174084], [-70.5435529711921, 18.791393844177588], [-70.54360977099029, 18.791098714158444], [-70.54341723095801, 18.79083468426636], [-70.54324774089238, 18.790536494363597], [-70.54329703071481, 18.790276064347125], [-70.54342240047144, 18.789981294292723], [-70.54374045002122, 18.789528574144704], [-70.54392311967496, 18.789113734064955], [-70.54397407945322, 18.78877704405024], [-70.54379808941432, 18.78851907414943], [-70.54400522803687, 18.786309704118185], [-70.54396146534434, 18.781507274304094], [-70.54392012280086, 18.77696928447975], [-70.54380296281548, 18.776869084543318], [-70.54376151273135, 18.77667584457118], [-70.54370911258317, 18.77635763460891], [-70.54353257191525, 18.774987464746168], [-70.5433880319968, 18.77497605482077], [-70.5431854721324, 18.77499774492403], [-70.54279756232529, 18.774921325125792], [-70.54242646244906, 18.774740805322462], [-70.54191174265725, 18.77455501559305], [-70.54167610271315, 18.7744003457193], [-70.54159097250329, 18.773937945778716], [-70.54157653228106, 18.773529705799994], [-70.54154078209163, 18.773156485831024], [-70.54158770192667, 18.77291547581513], [-70.54326361958276, 18.770575615034335], [-70.54228994902385, 18.76854016560331], [-70.54130081845607, 18.766472326181233], [-70.54114711834389, 18.76610866627248], [-70.54098221825848, 18.765780276368258], [-70.54093103821384, 18.76564629639908], [-70.54099287811249, 18.765533646371168], [-70.54114713798631, 18.76547651629394], [-70.54139572783386, 18.76547432616644], [-70.54158313763956, 18.765332436075074], [-70.54154942754644, 18.765131516099206], [-70.54305605617283, 18.76432351535354], [-70.54307627613298, 18.76427478534482], [-70.54318454593005, 18.764032445297506], [-70.5431445858583, 18.76386255532379], [-70.54299678584472, 18.763679505405854], [-70.54173978641866, 18.763342096062317], [-70.53949405640913, 18.760909527297244], [-70.53961033567019, 18.75972778727767], [-70.54002722509343, 18.759156137083163], [-70.54017785456925, 18.758391017031855], [-70.54014780439665, 18.758053417058733], [-70.54040263399686, 18.757620336942697], [-70.5403685538609, 18.757343146969593], [-70.54162089109234, 18.753792296447834], [-70.54282093843813, 18.750386275948273], [-70.54302996826871, 18.750311315843646], [-70.54315381816954, 18.750269075781578], [-70.54368738752663, 18.749705275527216], [-70.54378292741251, 18.749606075481605], [-70.5440619872502, 18.749619095338097], [-70.54432065708808, 18.74961050520578], [-70.54590928435167, 18.74647562449832], [-70.54616336379343, 18.74576061439249], [-70.54624183367278, 18.74563142435669], [-70.54389950249362, 18.7410214757142], [-70.54802642834558, 18.738115993698987], [-70.54888634688085, 18.736446313315643], [-70.55068232403731, 18.73334053250228], [-70.55280589179394, 18.731650931473034], [-70.5532361214409, 18.731488511258384], [-70.5534555411998, 18.73129740115263], [-70.5538200607526, 18.730897180979795], [-70.55749450800785, 18.729989649130502], [-70.55937486725966, 18.73068991814419], [-70.55968614733084, 18.731151867968965], [-70.55983847729892, 18.731259517887306], [-70.56007028710434, 18.731164317771974], [-70.56068718670423, 18.731119767457873], [-70.56122062639034, 18.731138247184305], [-70.56145716629209, 18.731219077060494], [-70.56175382619489, 18.7313666269036], [-70.5654153226847, 18.729087945109505], [-70.56907670917482, 18.72680919331634], [-70.56902234915056, 18.726707413347672], [-70.56895076902666, 18.726410123394615], [-70.56886351882636, 18.725960303454865], [-70.56885501871214, 18.72574831346659], [-70.56869952867108, 18.72550754355446], [-70.56860817863814, 18.725350423606624], [-70.56860101853174, 18.72515376361713], [-70.56851992846292, 18.724944013665876], [-70.56839485822556, 18.724387523749176], [-70.5682691481633, 18.724141263822], [-70.56792706824434, 18.723915884004718], [-70.56765604823511, 18.72360689415401], [-70.56741876823935, 18.723358324283957], [-70.56734822823125, 18.723267784323156], [-70.56805037643964, 18.720843914048473], [-70.56833738627651, 18.72086405390107], [-70.56907008576373, 18.72074426353074], [-70.56995753509118, 18.720507843085397], [-70.57033738487479, 18.72053365289036], [-70.57087103452811, 18.72049404261903], [-70.57110680443779, 18.720588222495245], [-70.57204584379103, 18.72045337202007], [-70.57215556375662, 18.720510751962006], [-70.5724574535777, 18.720518931807455], [-70.572927603359, 18.720638221563036], [-70.57309835320432, 18.72054783147894], [-70.57369375276072, 18.720402821179768], [-70.57411409243578, 18.7202795709693], [-70.57452224201487, 18.71997257077149], [-70.5748560318726, 18.72008039059719], [-70.57494259174723, 18.71995115055747], [-70.57502223160657, 18.719787250522515], [-70.57517597141991, 18.71962166044976], [-70.57549452109664, 18.71939136029507], [-70.57575157087041, 18.7192670701681], [-70.57605635061289, 18.719138750016885], [-70.57627084035948, 18.718920179914967], [-70.57653456008319, 18.718714099787455], [-70.57679845987163, 18.718623289655824], [-70.57710448965729, 18.718573069501264], [-70.57718896952399, 18.718427409463207], [-70.57810589876428, 18.71806807900745], [-70.5783151485636, 18.717937498905147], [-70.57942393764897, 18.717510138353845], [-70.57953409753952, 18.717434648300227], [-70.57984830733893, 18.717417698140366], [-70.58047014686147, 18.71724116782899], [-70.58064924667069, 18.717095557742642], [-70.58076705657825, 18.71705859768378], [-70.58180344582105, 18.716832887162493], [-70.5820953455213, 18.71661552702108], [-70.58248953515653, 18.716393186827638], [-70.58265254500095, 18.716292796747936], [-70.58297723468411, 18.716080496589623], [-70.58313715456008, 18.71603286650965], [-70.58328834443404, 18.71597223643459], [-70.58381434379885, 18.715411526185793], [-70.58437362306407, 18.714709655925002], [-70.58459516276713, 18.71442112582208], [-70.5845958926088, 18.7141403258316], [-70.58493690156534, 18.712653125709956], [-70.58508375131206, 18.712361405645296], [-70.58528358106973, 18.71214649555088], [-70.58542775083002, 18.71187599548684], [-70.58556190069682, 18.71178417542162], [-70.58569807045465, 18.711500655362116], [-70.58588710024816, 18.711337765271384], [-70.58610138983198, 18.710829165179977], [-70.58623740965152, 18.710655215116702], [-70.58639276945982, 18.710482245043526], [-70.58645860930731, 18.710282145016986], [-70.58663421907286, 18.710054964935395], [-70.58662459897114, 18.709863554947066], [-70.58673459855808, 18.709247564912673], [-70.58707298826927, 18.709099754745235], [-70.58719744816828, 18.70905472468332], [-70.58798783736107, 18.708473474300575], [-70.58821465705199, 18.708168864195624], [-70.58875310659728, 18.707942283928936], [-70.58893776648873, 18.707948913834485], [-70.58957179601141, 18.707785593516817], [-70.58971925586602, 18.707686373445114], [-70.59029891538556, 18.707458593157476], [-70.59056132521503, 18.707439093024306], [-70.59071730513384, 18.70746340294388], [-70.59126532465427, 18.70720292267358], [-70.59152764438193, 18.7070021125469], [-70.59140579405673, 18.70629127263424], [-70.59134178397413, 18.706074922674553], [-70.592095773085, 18.705308192317194], [-70.59233830287691, 18.705200292197336], [-70.5926106326736, 18.70513313206083], [-70.59270302259826, 18.705099022014927], [-70.59317978230422, 18.705091661772062], [-70.59420051162758, 18.704992101255083], [-70.59470048125327, 18.70486701100459], [-70.59479229113853, 18.7047620909615], [-70.59517196077614, 18.704527930776237], [-70.5957180902725, 18.70422246050865], [-70.59653037956687, 18.703845570107912], [-70.59686345927791, 18.70369171994359], [-70.59790944022096, 18.706504439310137], [-70.59823389090069, 18.70806642908905], [-70.59856235139061, 18.709294668877785], [-70.5977113229734, 18.711190919244203], [-70.59720266333555, 18.71128465950028], [-70.59715559370973, 18.711899829502393], [-70.59675235490357, 18.713588179647964], [-70.59632495616907, 18.71537765980231], [-70.59602898675695, 18.716103319927495], [-70.59596364753735, 18.717421289913954], [-70.59733211734194, 18.718555609175368], [-70.59802848749418, 18.71958075878355], [-70.59821652763084, 18.720027638671684], [-70.5987322679542, 18.721161608368124], [-70.60022991770829, 18.722346447561698], [-70.60023426872868, 18.72416658749452], [-70.60029889915003, 18.7249861674323], [-70.6001517394953, 18.725440907491173], [-70.59986998020914, 18.726405477600554], [-70.59966779057267, 18.726833077688493], [-70.59878921136931, 18.727298298120346], [-70.59822847190487, 18.727643448394264], [-70.59798038231528, 18.728104628504482], [-70.59783676248583, 18.728252388572535], [-70.59778025298803, 18.72908419857176], [-70.59794093307123, 18.729406168478263], [-70.59791362317027, 18.729552678486996], [-70.59788254360318, 18.73028877847665], [-70.5980722336272, 18.730536948370965], [-70.59841154415182, 18.731837128151408], [-70.59872198464878, 18.733056887949445], [-70.59904235495375, 18.733946017754178], [-70.59947741524482, 18.734934617496787], [-70.60011120506657, 18.735304207159977], [-70.60055457497963, 18.73562992692197], [-70.60116108508932, 18.73648186658187], [-70.60139238521182, 18.736950216447045], [-70.60256971491572, 18.737699285819115], [-70.6027030150278, 18.738042925738764], [-70.60275630510168, 18.738232015704792], [-70.60237513633359, 18.740008735835946], [-70.60448669467878, 18.739355144781058], [-70.6055346639612, 18.73921514425099], [-70.6066883832271, 18.739160433663926], [-70.60695902304444, 18.739129003526873], [-70.60757073280227, 18.739361513206244], [-70.60821339243897, 18.739412212876342], [-70.60890953199586, 18.73937900252217], [-70.60908151192741, 18.73944375243206], [-70.60921356196087, 18.73964639235736], [-70.60901442227411, 18.73998748244677], [-70.60849354293457, 18.74059704269079], [-70.60836494325225, 18.741022452741166], [-70.60844104355567, 18.741644352679977], [-70.60834537383377, 18.742035002714804], [-70.6080269441384, 18.742231382870337], [-70.6072071448373, 18.74258512327624], [-70.60702537508624, 18.742830603360247], [-70.6078507052955, 18.74409710289337], [-70.60840794513953, 18.744423902597095], [-70.60901573492998, 18.74471028227645], [-70.60939729485239, 18.74498602207171], [-70.61008625479612, 18.745632891696662], [-70.6105431547076, 18.745970921451207], [-70.61118264463563, 18.746536361104337], [-70.61202665411719, 18.74653003067361], [-70.61250259383279, 18.746540570430227], [-70.61381252356387, 18.747483159727448], [-70.61434192334552, 18.747669199450456], [-70.614761323119, 18.747721429234442], [-70.6150902227874, 18.747488709074933], [-70.61555887249223, 18.747472318836262], [-70.61616069237589, 18.747918338512925], [-70.61667083212282, 18.74802190824875], [-70.6170172620115, 18.748199838065474], [-70.61716015204634, 18.74841680798468], [-70.61720799246822, 18.749218697931276], [-70.61732533262176, 18.749618967856904], [-70.61730082298718, 18.750241927846886], [-70.61796160286367, 18.750739307491553], [-70.61889571265937, 18.751389716991127], [-70.6190028127164, 18.75160730692858], [-70.61913689301407, 18.752281956835695], [-70.61948977306953, 18.752763476638098], [-70.62004597297567, 18.753200186338315], [-70.62076585249207, 18.753121795973634], [-70.62138809184641, 18.75264936567311], [-70.62168567163279, 18.752592605523258], [-70.62262169114308, 18.75273801504018], [-70.62286603109291, 18.75291402490906], [-70.62320853112728, 18.753346914718502], [-70.62346849132602, 18.753982484562723], [-70.62407254105433, 18.75415524424811], [-70.62473094086431, 18.754532273898317], [-70.62552388042117, 18.754605373490914], [-70.6258702203772, 18.754903253303294], [-70.62590904049425, 18.755153503274375], [-70.62584058095726, 18.755902353282064], [-70.62611011122877, 18.75667767311627], [-70.62655114106579, 18.756866872884245], [-70.62792011038982, 18.757151842175084], [-70.62930559976132, 18.757539281453784], [-70.6300528194203, 18.757744631064913], [-70.63107291888679, 18.757904210538463], [-70.63148381877242, 18.758147300319877], [-70.63368823826329, 18.759637339140358], [-70.63521599751688, 18.759970408348526], [-70.6365264968647, 18.7602351576701], [-70.63830893597468, 18.76059008674759], [-70.63959286510499, 18.76043931609807], [-70.64104214412185, 18.760266685365075], [-70.64142114393671, 18.76034951516868], [-70.64197113376574, 18.760643584877286], [-70.6421053138565, 18.760950994797515], [-70.64209596506599, 18.76309216472337], [-70.64211854525806, 18.763458344698357], [-70.64233421551049, 18.764141864563133], [-70.64229957639002, 18.765668354524546], [-70.64223902790779, 18.768301294458404], [-70.64321419791482, 18.76937444392119], [-70.64333936819276, 18.770004723834063], [-70.64399656788135, 18.770165893492724], [-70.64464932803487, 18.771148963123316], [-70.64478577816, 18.771519853039987], [-70.64495464871749, 18.772694672910415], [-70.6451972193885, 18.774151352732826], [-70.64524756006112, 18.775401722660956], [-70.64528035094571, 18.777009562584826], [-70.64530335151358, 18.778043782534887], [-70.64598607227563, 18.780140662108874], [-70.64644796275574, 18.781496251822958], [-70.64665677329228, 18.782676691672698], [-70.6475766433439, 18.7837691011626], [-70.64816889321034, 18.78417622084514], [-70.64896892289411, 18.78448490042521], [-70.64976714256753, 18.784773230006973], [-70.65132237198644, 18.78543329918846], [-70.65405516095993, 18.786584057750567], [-70.65444098090258, 18.786902197541767], [-70.65603708084251, 18.78853334666627], [-70.65640180069141, 18.78866195647529], [-70.65719136014644, 18.78855336607628], [-70.65846669989786, 18.78950063538995], [-70.65882399989229, 18.789879895193422], [-70.65986882894083, 18.78932712468074], [-70.66026134870673, 18.789338644479955], [-70.66086775847619, 18.78958955416108], [-70.66125821846705, 18.7899987039465], [-70.66170973851963, 18.790584093694164], [-70.6629663884273, 18.791789233007695], [-70.66341497831036, 18.792070212768223], [-70.66378043813057, 18.792148952578756], [-70.66461937750722, 18.791955362157843], [-70.66587782712038, 18.79263938148997], [-70.66653114678333, 18.792752411152325], [-70.66745098653719, 18.7933176406617], [-70.66800138636161, 18.793605580370013], [-70.66854295631687, 18.79411651007446], [-70.66918142603012, 18.79430294974165], [-70.67043330573495, 18.795143339071224], [-70.67011371619073, 18.79560503921693]]]]}, "geometry_name": "the_geom", "properties": {"AREA": 102576790.416, "PARCELA": "1-B", "PROVINCIA": "Peravia", "MUNICIPIO": "San Jos\u00e9 de Ocoa", "DC": "4", "area_calc_m2": 102576790, "touches_family_land": false, "owner": null, "owner_source": null, "family": false, "shift_note": "RI historic layer shifted -11.0 m E, -10.5 m N to the plano 2026 frame"}}, {"type": "Feature", "id": "ParcelasHistoricas.61269", "geometry": {"type": "MultiPolygon", "coordinates": [[[[-70.5349751654724, 18.754393429836494], [-70.53486199490747, 18.75327247993243], [-70.53389200509872, 18.75256795045389], [-70.5321535154266, 18.751279111389316], [-70.53176603470034, 18.749577921645457], [-70.53322723388028, 18.749697850891813], [-70.535833911745, 18.748722499587696], [-70.53582960186417, 18.748928729582932], [-70.53647869223498, 18.750282829204206], [-70.537396542448, 18.751646878687243], [-70.53738245259794, 18.751896968686005], [-70.53940651218639, 18.753345857598713], [-70.53742506433925, 18.75502337855827], [-70.5364244243655, 18.753993759106468], [-70.53496593550341, 18.754438349839713], [-70.5349751654724, 18.754393429836494]]]]}, "geometry_name": "the_geom", "properties": {"AREA": 260943.484, "PARCELA": "2212", "PROVINCIA": "Peravia", "MUNICIPIO": "San Jos\u00e9 de Ocoa", "DC": "2", "area_calc_m2": 260943, "touches_family_land": false, "owner": null, "owner_source": null, "family": false, "shift_note": "RI historic layer shifted -11.0 m E, -10.5 m N to the plano 2026 frame"}}, {"type": "Feature", "id": "ParcelasHistoricas.61267", "geometry": {"type": "MultiPolygon", "coordinates": [[[[-70.53496593550341, 18.754438349839713], [-70.53416183645368, 18.755254560224714], [-70.53264800663511, 18.7539481210456], [-70.53116107678194, 18.7526096518537], [-70.53138459659289, 18.75251552174218], [-70.53164738640541, 18.752466371608993], [-70.5321535154266, 18.751279111389316], [-70.53486199490747, 18.75327247993243], [-70.5349751654724, 18.754393429836494], [-70.53496593550341, 18.754438349839713]]]]}, "geometry_name": "the_geom", "properties": {"AREA": 81758.952, "PARCELA": "2213", "PROVINCIA": "Peravia", "MUNICIPIO": "San Jos\u00e9 de Ocoa", "DC": "2", "area_calc_m2": 81759, "touches_family_land": false, "owner": null, "owner_source": null, "family": false, "shift_note": "RI historic layer shifted -11.0 m E, -10.5 m N to the plano 2026 frame"}}, {"type": "Feature", "id": "ParcelasHistoricas.61268", "geometry": {"type": "MultiPolygon", "coordinates": [[[[-70.52768686916963, 18.75309887362017], [-70.52766006905925, 18.752874933641454], [-70.52791437725836, 18.74996346360874], [-70.52796423709333, 18.74972519359115], [-70.52807230687931, 18.749462793544517], [-70.5279096967243, 18.74901389364304], [-70.52822917655845, 18.74906382347743], [-70.5292369058314, 18.74886063296719], [-70.5304917938637, 18.74672830239515], [-70.53033833351323, 18.745943232500306], [-70.53042883305345, 18.745227052477993], [-70.53041707296833, 18.74506379248953], [-70.53035033279289, 18.744681602536623], [-70.53024796261234, 18.74425211260359], [-70.5305828024521, 18.744328452429272], [-70.53096424215838, 18.74421867223733], [-70.53114113202217, 18.744167762148326], [-70.53141515179036, 18.74405209201168], [-70.531683471703, 18.74418592186955], [-70.53189303166667, 18.74434686175665], [-70.53236094150894, 18.744570741509122], [-70.53293333154821, 18.74525555119246], [-70.53295357162206, 18.74540802117693], [-70.53297318169368, 18.745555841161885], [-70.53286799182666, 18.745678081211715], [-70.53277902201123, 18.745909041249554], [-70.53269276223132, 18.74620578128378], [-70.53270228246248, 18.746625031264763], [-70.53077276527128, 18.749520352156985], [-70.5321535154266, 18.751279111389316], [-70.53164738640541, 18.752466371608993], [-70.53138459659289, 18.75251552174218], [-70.53117278678079, 18.75262019184734], [-70.53009846774795, 18.753176112379915], [-70.52831226888482, 18.75326718329354], [-70.52813940894035, 18.7531796633852], [-70.52768686916963, 18.75309887362017]]]]}, "geometry_name": "the_geom", "properties": {"AREA": 296698.36, "PARCELA": "2214", "PROVINCIA": "Peravia", "MUNICIPIO": "San Jos\u00e9 de Ocoa", "DC": "2", "area_calc_m2": 296698, "touches_family_land": false, "owner": null, "owner_source": null, "family": false, "shift_note": "RI historic layer shifted -11.0 m E, -10.5 m N to the plano 2026 frame"}}, {"type": "Feature", "id": "ParcelasHistoricas.61248", "geometry": {"type": "MultiPolygon", "coordinates": [[[[-70.52766006905925, 18.752874933641454], [-70.52732430917932, 18.75272652381876], [-70.52693998934271, 18.75260254402018], [-70.5263738697191, 18.75265993430882], [-70.52600090994059, 18.752650944500555], [-70.52604936852454, 18.750199154557922], [-70.52581593824175, 18.74944832470289], [-70.52567404814533, 18.749125414786537], [-70.52555835796198, 18.74867688486094], [-70.52548287779096, 18.748293364912538], [-70.52525848740856, 18.747376015058443], [-70.52565470672124, 18.746585964881625], [-70.52678423672612, 18.747807964261032], [-70.5279096967243, 18.74901389364304], [-70.52807230687931, 18.749462793544517], [-70.52796423709333, 18.74972519359115], [-70.52791437725836, 18.74996346360874], [-70.52766006905925, 18.752874933641454]]]]}, "geometry_name": "the_geom", "properties": {"AREA": 117745.821, "PARCELA": "2215", "PROVINCIA": "Peravia", "MUNICIPIO": "San Jos\u00e9 de Ocoa", "DC": "2", "area_calc_m2": 117746, "touches_family_land": false, "owner": null, "owner_source": null, "family": false, "shift_note": "RI historic layer shifted -11.0 m E, -10.5 m N to the plano 2026 frame"}}, {"type": "Feature", "id": "ParcelasHistoricas.61249", "geometry": {"type": "MultiPolygon", "coordinates": [[[[-70.52375518179517, 18.753517785624314], [-70.52312215216672, 18.753494805950073], [-70.52151694270185, 18.752717236800187], [-70.52129569273865, 18.752544736919546], [-70.52099951278788, 18.75231380707933], [-70.5208720227964, 18.75219199714885], [-70.51963891244625, 18.750249357846773], [-70.51995389218442, 18.75012459768923], [-70.52146197178398, 18.751035706884593], [-70.52304883127955, 18.751847796042806], [-70.52451506992286, 18.751023755317753], [-70.52604936852454, 18.750199154557922], [-70.52601038993495, 18.752651174495686], [-70.5263738697191, 18.75265993430882], [-70.52693998934271, 18.75260254402018], [-70.52734151917316, 18.752734133809675], [-70.52766006905925, 18.752874933641454], [-70.52768686916963, 18.75309887362017], [-70.52737814942536, 18.753219383774578], [-70.52612350084735, 18.754385724379443], [-70.52583931100143, 18.75435288452643], [-70.52517981139475, 18.754339884865423], [-70.52520975121921, 18.75406169485938], [-70.52535710101195, 18.753853584790704], [-70.52543956081779, 18.753598884756908], [-70.52491689111345, 18.753560205026517], [-70.52375518179517, 18.753517785624314]]]]}, "geometry_name": "the_geom", "properties": {"AREA": 168171.146, "PARCELA": "2216", "PROVINCIA": "Peravia", "MUNICIPIO": "San Jos\u00e9 de Ocoa", "DC": "2", "area_calc_m2": 168171, "touches_family_land": false, "owner": null, "owner_source": null, "family": false, "shift_note": "RI historic layer shifted -11.0 m E, -10.5 m N to the plano 2026 frame"}}, {"type": "Feature", "id": "ParcelasHistoricas.61251", "geometry": {"type": "MultiPolygon", "coordinates": [[[[-70.52214676522121, 18.757845926305404], [-70.52170761455719, 18.756201066585888], [-70.52301109325408, 18.75529753594678], [-70.52309319276756, 18.754525755930445], [-70.52316264264873, 18.754390295899327], [-70.52370253261527, 18.754910905604714], [-70.52385375244585, 18.754773785531665], [-70.52396582228465, 18.754609195479638], [-70.52517981139475, 18.754339884865423], [-70.52583931100143, 18.75435288452643], [-70.52612350084735, 18.754385724379443], [-70.52670416136439, 18.755923474029778], [-70.52642612172434, 18.756261084161185], [-70.52497858278362, 18.7565787848937], [-70.52377766369187, 18.75689440549975], [-70.52335804413984, 18.757235485703802], [-70.5230901742995, 18.75723002584154], [-70.52296477438858, 18.75725282590517], [-70.52273836457441, 18.75733809601857], [-70.52262685470343, 18.75744640607222], [-70.52252304483342, 18.757564636121575], [-70.52214676522121, 18.757845926305404]]]]}, "geometry_name": "the_geom", "properties": {"AREA": 112228.418, "PARCELA": "2210", "PROVINCIA": "Peravia", "MUNICIPIO": "San Jos\u00e9 de Ocoa", "DC": "2", "area_calc_m2": 112228, "touches_family_land": false, "owner": null, "owner_source": null, "family": false, "shift_note": "RI historic layer shifted -11.0 m E, -10.5 m N to the plano 2026 frame"}}, {"type": "Feature", "id": "ParcelasHistoricas.61261", "geometry": {"type": "MultiPolygon", "coordinates": [[[[-70.52250565546036, 18.758653806094085], [-70.52245450549849, 18.758666276119943], [-70.52235281524636, 18.758111606190706], [-70.52214676522121, 18.757845926305404], [-70.52252304483342, 18.757564636121575], [-70.52262685470343, 18.75744640607222], [-70.52273836457441, 18.75733809601857], [-70.52296477438858, 18.75725282590517], [-70.5230901742995, 18.75723002584154], [-70.52335804413984, 18.757235485703802], [-70.52377766369187, 18.75689440549975], [-70.52497858278362, 18.7565787848937], [-70.52642612172434, 18.756261084161185], [-70.52730385201889, 18.75772455366146], [-70.52729007211705, 18.75788329366321], [-70.5272581922325, 18.75805308367387], [-70.52720618223539, 18.75800232370228], [-70.52579339320131, 18.758192054421286], [-70.52530827338728, 18.75799975467681], [-70.52477161374502, 18.758055664950493], [-70.52458280393083, 18.758181245043247], [-70.52441665407117, 18.75825091512622], [-70.5238439344874, 18.75837143541628], [-70.52344621470485, 18.758328645621948], [-70.52273724529127, 18.75860366597683], [-70.52250565546036, 18.758653806094085]]]]}, "geometry_name": "the_geom", "properties": {"AREA": 80382.191, "PARCELA": "2209", "PROVINCIA": "Peravia", "MUNICIPIO": "San Jos\u00e9 de Ocoa", "DC": "2", "area_calc_m2": 80382, "touches_family_land": false, "owner": null, "owner_source": null, "family": false, "shift_note": "RI historic layer shifted -11.0 m E, -10.5 m N to the plano 2026 frame"}}, {"type": "Feature", "id": "ParcelasHistoricas.61252", "geometry": {"type": "MultiPolygon", "coordinates": [[[[-70.5247033338122, 18.758101074984037], [-70.5247033338122, 18.758101074984037], [-70.52477161374502, 18.758055664950493], [-70.52530827338728, 18.75799975467681], [-70.52579339320131, 18.758192054421286], [-70.52720618223539, 18.75800232370228], [-70.5272581922325, 18.75805308367387], [-70.5272295828733, 18.759154963651575], [-70.52743389314082, 18.759847243523428], [-70.52714151336684, 18.75993261367069], [-70.52657822366272, 18.759850463962678], [-70.52599686407848, 18.759960814257493], [-70.52521662469366, 18.76020995464981], [-70.5250753548117, 18.760266864720442], [-70.52462069482601, 18.759803864969435], [-70.52449366485149, 18.759712485037728], [-70.52441359477142, 18.759485035086474], [-70.52465864460324, 18.759450984961767], [-70.52452502456931, 18.7592475250372], [-70.5244709045588, 18.75917083506756], [-70.52439538454412, 18.759063815109926], [-70.52439160447256, 18.758933295116233], [-70.52429983447078, 18.75883160516677], [-70.52446892432603, 18.758757385082415], [-70.52446052425388, 18.758620865091302], [-70.52465529405349, 18.75847586499615], [-70.5247033338122, 18.758101074984037]]]]}, "geometry_name": "the_geom", "properties": {"AREA": 61346.49, "PARCELA": "2208", "PROVINCIA": "Peravia", "MUNICIPIO": "San Jos\u00e9 de Ocoa", "DC": "2", "area_calc_m2": 61347, "touches_family_land": false, "owner": null, "owner_source": null, "family": false, "shift_note": "RI historic layer shifted -11.0 m E, -10.5 m N to the plano 2026 frame"}}, {"type": "Feature", "id": "ParcelasHistoricas.61255", "geometry": {"type": "MultiPolygon", "coordinates": [[[[-70.51995389218442, 18.75012459768923], [-70.52045235146633, 18.749390267457844], [-70.52228647001054, 18.748785596536553], [-70.52410195854786, 18.748148705626072], [-70.52427939837031, 18.748025325539142], [-70.52525848740856, 18.747376015058443], [-70.52548287779096, 18.748293364912538], [-70.52555835796198, 18.74867688486094], [-70.52567404814533, 18.749125414786537], [-70.52581593824175, 18.74944832470289], [-70.52604936852454, 18.750199154557922], [-70.52451506992286, 18.751023755317753], [-70.52304883127955, 18.751847796042806], [-70.52146197178398, 18.751035706884593], [-70.51995389218442, 18.75012459768923]]]]}, "geometry_name": "the_geom", "properties": {"AREA": 166218.384, "PARCELA": "2219", "PROVINCIA": "Peravia", "MUNICIPIO": "San Jos\u00e9 de Ocoa", "DC": "2", "area_calc_m2": 166218, "touches_family_land": false, "owner": null, "owner_source": null, "family": false, "shift_note": "RI historic layer shifted -11.0 m E, -10.5 m N to the plano 2026 frame"}}, {"type": "Feature", "id": "ParcelasHistoricas.61254", "geometry": {"type": "MultiPolygon", "coordinates": [[[[-70.51883490686892, 18.75720235802781], [-70.51825112650646, 18.755935438369864], [-70.51766177620284, 18.754766508711484], [-70.51772790606927, 18.754601468683013], [-70.51806656424608, 18.751743028604302], [-70.51821732468295, 18.752676898495785], [-70.51847618425062, 18.752190658379057], [-70.51864446412564, 18.752150368293993], [-70.51915062383492, 18.752179768033102], [-70.51933611389602, 18.75248688792762], [-70.51952024387012, 18.752638727828018], [-70.51968174382644, 18.752734887741877], [-70.51979296382031, 18.75284343768114], [-70.52010198365411, 18.75288140752121], [-70.52027455350695, 18.7528065374351], [-70.52073099330177, 18.752933857196492], [-70.52095253315404, 18.75291056708352], [-70.52111478295518, 18.752733257006135], [-70.52129569273865, 18.752544736919546], [-70.52151694270185, 18.752717236800187], [-70.52312215216672, 18.753494805950073], [-70.52375518179517, 18.753517785624314], [-70.52490391112092, 18.753559465033206], [-70.52544231081131, 18.753590384755785], [-70.52535710101195, 18.753853584790704], [-70.52520975121921, 18.75406169485938], [-70.52517981139475, 18.754339884865423], [-70.52396582228465, 18.754609195479638], [-70.52385375244585, 18.754773785531665], [-70.52370253261527, 18.754910905604714], [-70.52316264264873, 18.754390295899327], [-70.52290284267433, 18.75415657604053], [-70.5217999133476, 18.754162426606612], [-70.52047343412924, 18.754119867289145], [-70.52047694421692, 18.75427859728205], [-70.52033083429289, 18.75425597735783], [-70.52014552441864, 18.754279317452195], [-70.51994533455448, 18.75430452755416], [-70.51979907466452, 18.754341987628017], [-70.51970390474183, 18.75437645767574], [-70.51965432490336, 18.754608677693454], [-70.51978190489005, 18.754722117624155], [-70.51953749505667, 18.754754227748595], [-70.5196260651343, 18.75498646769536], [-70.51982915514384, 18.75522132758324], [-70.52030281532008, 18.756041157312634], [-70.51883490686892, 18.75720235802781]]]]}, "geometry_name": "the_geom", "properties": {"AREA": 170150.349, "PARCELA": "2218", "PROVINCIA": "Peravia", "MUNICIPIO": "San Jos\u00e9 de Ocoa", "DC": "2", "area_calc_m2": 170150, "touches_family_land": false, "owner": null, "owner_source": null, "family": false, "shift_note": "RI historic layer shifted -11.0 m E, -10.5 m N to the plano 2026 frame"}}, {"type": "Feature", "id": "ParcelasHistoricas.324311", "geometry": {"type": "MultiPolygon", "coordinates": [[[[-70.52276602994212, 18.713774187461922], [-70.52368451891144, 18.712934137019563], [-70.52433295805349, 18.71211004671505], [-70.52499543739935, 18.711662276390765], [-70.52576547700662, 18.711793515992003], [-70.52608445676645, 18.711710585831437], [-70.52630917662324, 18.711698165716765], [-70.52701025621363, 18.711725465356835], [-70.52725542601337, 18.711633915234366], [-70.52727715672734, 18.71292316517991], [-70.52788362666786, 18.71346964485096], [-70.52705508767117, 18.71435777524544], [-70.52663852802303, 18.71453378545288], [-70.52619894839432, 18.714719525671782], [-70.52584588861963, 18.71473942585195], [-70.52480057021891, 18.716450766330002], [-70.52412376101444, 18.717133366653854], [-70.52388741119628, 18.71720167677266], [-70.52344033154029, 18.717330906997386], [-70.5234629910585, 18.71650147701356], [-70.52331589066135, 18.71563964711778], [-70.5229996602477, 18.714566817315703], [-70.52276602994212, 18.713774187461922]]]]}, "geometry_name": "the_geom", "properties": {"AREA": 182939.958, "PARCELA": "1382", "PROVINCIA": "Peravia", "MUNICIPIO": "San Jos\u00e9 de Ocoa", "DC": "2", "area_calc_m2": 182940, "touches_family_land": false, "owner": null, "owner_source": null, "family": false, "shift_note": "RI historic layer shifted -11.0 m E, -10.5 m N to the plano 2026 frame"}}, {"type": "Feature", "id": "ParcelasHistoricas.61256", "geometry": {"type": "MultiPolygon", "coordinates": [[[[-70.52174615951974, 18.747337606862285], [-70.52174615951974, 18.747337606862285], [-70.52174859951607, 18.74733373686116], [-70.52174615951974, 18.747337606862285]]], [[[-70.52174615951974, 18.747337606862285], [-70.52272864913367, 18.747709846345575], [-70.52328113857106, 18.747308266075457], [-70.52410195854786, 18.748148705626072], [-70.52228647001054, 18.748785596536553], [-70.52045235146633, 18.749390267457844], [-70.52158635976016, 18.74759112693583], [-70.52174615951974, 18.747337606862285]]]]}, "geometry_name": "the_geom", "properties": {"AREA": 38916.454, "PARCELA": "2221", "PROVINCIA": "Peravia", "MUNICIPIO": "San Jos\u00e9 de Ocoa", "DC": "2", "area_calc_m2": 38916, "touches_family_land": false, "owner": null, "owner_source": null, "family": false, "shift_note": "RI historic layer shifted -11.0 m E, -10.5 m N to the plano 2026 frame"}}, {"type": "Feature", "id": "ParcelasHistoricas.61253", "geometry": {"type": "MultiPolygon", "coordinates": [[[[-70.52030281532008, 18.756041157312634], [-70.51982915514384, 18.75522132758324], [-70.5196260651343, 18.75498646769536], [-70.51953749505667, 18.754754227748595], [-70.51978190489005, 18.754722117624155], [-70.51965432490336, 18.754608677693454], [-70.51970390474183, 18.75437645767574], [-70.51979907466452, 18.754341987628017], [-70.51994807455262, 18.754304177552765], [-70.52014552441864, 18.754279317452195], [-70.52033083429289, 18.75425597735783], [-70.52047694421692, 18.75427859728205], [-70.52047343412924, 18.754119867289145], [-70.5217999133476, 18.754162426606612], [-70.52290284267433, 18.75415657604053], [-70.52316264264873, 18.754390295899327], [-70.52309319276756, 18.754525755930445], [-70.52301109325408, 18.75529753594678], [-70.52170761455719, 18.756201066585888], [-70.5207415254902, 18.756812677061586], [-70.52030281532008, 18.756041157312634]]]]}, "geometry_name": "the_geom", "properties": {"AREA": 71947.439, "PARCELA": "2217", "PROVINCIA": "Peravia", "MUNICIPIO": "San Jos\u00e9 de Ocoa", "DC": "2", "area_calc_m2": 71948, "touches_family_land": false, "owner": null, "owner_source": null, "family": false, "shift_note": "RI historic layer shifted -11.0 m E, -10.5 m N to the plano 2026 frame"}}, {"type": "Feature", "id": "ParcelasHistoricas.61250", "geometry": {"type": "MultiPolygon", "coordinates": [[[[-70.52245450549849, 18.758666276119943], [-70.52217828577588, 18.758859836255333], [-70.52204575590896, 18.758952706320283], [-70.52189755605718, 18.759055516392966], [-70.5216368162921, 18.759190666522365], [-70.52149575645294, 18.75932340659038], [-70.52125051659127, 18.75930454671697], [-70.52110342667423, 18.7592932367929], [-70.52095523676114, 18.759287706869195], [-70.52060344693906, 18.759224447051988], [-70.52059999672332, 18.75883958706661], [-70.52073874548911, 18.75680778706317], [-70.52170761455719, 18.756201066585888], [-70.52214676522121, 18.757845926305404], [-70.52235529524667, 18.75811480618933], [-70.52245450549849, 18.758666276119943]]]]}, "geometry_name": "the_geom", "properties": {"AREA": 46298.347, "PARCELA": "2211", "PROVINCIA": "Peravia", "MUNICIPIO": "San Jos\u00e9 de Ocoa", "DC": "2", "area_calc_m2": 46298, "touches_family_land": false, "owner": null, "owner_source": null, "family": false, "shift_note": "RI historic layer shifted -11.0 m E, -10.5 m N to the plano 2026 frame"}}, {"type": "Feature", "id": "ParcelasHistoricas.61260", "geometry": {"type": "MultiPolygon", "coordinates": [[[[-70.51117868315349, 18.742421932450565], [-70.51117868315349, 18.742421932450565], [-70.51117868315349, 18.742421932450565], [-70.51117868315349, 18.742421932450565]]], [[[-70.51117868315349, 18.742421932450565], [-70.51273459225922, 18.742509921648843], [-70.51468487113756, 18.74261913064403], [-70.51628392021853, 18.742709979820198], [-70.51644598001556, 18.742524969743172], [-70.51668992998984, 18.742741279610765], [-70.5166758000003, 18.742744609617905], [-70.51667025004059, 18.74280989961858], [-70.51645909118903, 18.744613959666932], [-70.51652957128009, 18.74485056962289], [-70.5166365212813, 18.74496746956409], [-70.51674766128254, 18.745088969502994], [-70.51689537137331, 18.74540794941656], [-70.51717218137118, 18.745701249264695], [-70.51744273223485, 18.7475184990653], [-70.51780152207597, 18.74762266887763], [-70.51977685083432, 18.747547767866095], [-70.52174615951974, 18.747337606862285], [-70.52158635976016, 18.74759112693583], [-70.52045235146633, 18.749390267457844], [-70.51995389218442, 18.75012459768923], [-70.51963419244994, 18.75025081784915], [-70.51854287330353, 18.750588268398218], [-70.51836824334889, 18.750481028491443], [-70.51834181316559, 18.75012869851676], [-70.5184876730499, 18.75008073844347], [-70.51854616290285, 18.749883578420008], [-70.5186798425668, 18.7494330083664], [-70.51856734246358, 18.749129838434246], [-70.51847703233719, 18.748809458491294], [-70.51698398282663, 18.748072319282386], [-70.51539155341041, 18.747395440122503], [-70.51426986425115, 18.747678060689065], [-70.51326176347628, 18.74522694128805], [-70.51231633271135, 18.742860561851945], [-70.51160815305641, 18.742710962220492], [-70.51117868315349, 18.742421932450565]]]]}, "geometry_name": "the_geom", "properties": {"AREA": 309296.712, "PARCELA": "2225", "PROVINCIA": "Peravia", "MUNICIPIO": "San Jos\u00e9 de Ocoa", "DC": "2", "area_calc_m2": 309297, "touches_family_land": false, "owner": null, "owner_source": null, "family": false, "shift_note": "RI historic layer shifted -11.0 m E, -10.5 m N to the plano 2026 frame"}}, {"type": "Feature", "id": "ParcelasHistoricas.61257", "geometry": {"type": "MultiPolygon", "coordinates": [[[[-70.5178129941082, 18.751227188751695], [-70.51826870364779, 18.75090251852852], [-70.51854287330353, 18.750588268398218], [-70.51963891244625, 18.750249357846773], [-70.5208720227964, 18.75219199714885], [-70.52099951278788, 18.75231380707933], [-70.52129569273865, 18.752544736919546], [-70.52111478295518, 18.752733257006135], [-70.52094372315992, 18.752911497088014], [-70.52073099330177, 18.752933857196492], [-70.52027455350695, 18.7528065374351], [-70.52010198365411, 18.75288140752121], [-70.51979296382031, 18.75284343768114], [-70.51968174382644, 18.752734887741877], [-70.51952024387012, 18.752638727828018], [-70.51933611389602, 18.75248688792762], [-70.51915062383492, 18.752179768033102], [-70.51864446412564, 18.752150368293993], [-70.51847618425062, 18.752190658379057], [-70.51821732468295, 18.752676898495785], [-70.51806656424608, 18.751743028604302], [-70.5178129941082, 18.751227188751695]]]]}, "geometry_name": "the_geom", "properties": {"AREA": 59008.244, "PARCELA": "2220", "PROVINCIA": "Peravia", "MUNICIPIO": "San Jos\u00e9 de Ocoa", "DC": "2", "area_calc_m2": 59008, "touches_family_land": false, "owner": null, "owner_source": null, "family": false, "shift_note": "RI historic layer shifted -11.0 m E, -10.5 m N to the plano 2026 frame"}}, {"type": "Feature", "id": "ParcelasHistoricas.61263", "geometry": {"type": "MultiPolygon", "coordinates": [[[[-70.51860395557775, 18.736991838820046], [-70.52021748578274, 18.73908672792233], [-70.51888177685407, 18.739547928592284], [-70.5175171581941, 18.74045334926237], [-70.51669209891078, 18.74083537967308], [-70.51649490908127, 18.740925269771285], [-70.51704812963004, 18.742489479435292], [-70.51690403973559, 18.74252147950818], [-70.51668992998984, 18.742741279610765], [-70.51644598001556, 18.742524969743172], [-70.51628392021853, 18.742709979820198], [-70.51468487113756, 18.74261913064403], [-70.51273459225922, 18.742509921648843], [-70.51117868315349, 18.742421932450565], [-70.51088120341332, 18.742562212598656], [-70.51030484368843, 18.742430412898955], [-70.50966392411581, 18.742498563225784], [-70.50931579426769, 18.74239368340801], [-70.5092738741908, 18.742212823435512], [-70.50889768452211, 18.74239505362266], [-70.50854290461892, 18.74218576381175], [-70.50885957423658, 18.74184951366026], [-70.50894396392871, 18.741395793631927], [-70.5085115240485, 18.741143833862296], [-70.50832135391724, 18.74070789397435], [-70.5082164739216, 18.740603164031658], [-70.50811904396255, 18.74057108408275], [-70.50931719305306, 18.740248053478236], [-70.51051533214354, 18.73992500287381], [-70.51143048098518, 18.73885843243935], [-70.51228720004495, 18.73811479202424], [-70.51429483873459, 18.737951280999273], [-70.51441521859988, 18.737842180941115], [-70.5165747973451, 18.737940279829616], [-70.51678973715644, 18.737837269722753], [-70.51726421678698, 18.73769296948409], [-70.5173572066784, 18.73760066943945], [-70.51834638580102, 18.737110338948256], [-70.51856593561321, 18.737013748838823], [-70.51860395557775, 18.736991838820046]]]]}, "geometry_name": "the_geom", "properties": {"AREA": 451521.433, "PARCELA": "2229", "PROVINCIA": "Peravia", "MUNICIPIO": "San Jos\u00e9 de Ocoa", "DC": "2", "area_calc_m2": 451522, "touches_family_land": false, "owner": null, "owner_source": null, "family": false, "shift_note": "RI historic layer shifted -11.0 m E, -10.5 m N to the plano 2026 frame"}}, {"type": "Feature", "id": "ParcelasHistoricas.61262", "geometry": {"type": "MultiPolygon", "coordinates": [[[[-70.51668992998984, 18.742741279610765], [-70.51690403973559, 18.74252147950818], [-70.51704812963004, 18.742489479435292], [-70.51948651781193, 18.741891388203808], [-70.51965267785795, 18.742151168109878], [-70.51987800783257, 18.74234818798767], [-70.51965153808145, 18.742545238097314], [-70.51903821899722, 18.743506438380013], [-70.51821888939484, 18.743330118806394], [-70.51690087058527, 18.744020549459908], [-70.51645909118903, 18.744613959666932], [-70.51667025004059, 18.74280989961858], [-70.5166758000003, 18.742744609617905], [-70.51668992998984, 18.742741279610765]]]]}, "geometry_name": "the_geom", "properties": {"AREA": 46865.659, "PARCELA": "2224", "PROVINCIA": "Peravia", "MUNICIPIO": "San Jos\u00e9 de Ocoa", "DC": "2", "area_calc_m2": 46866, "touches_family_land": false, "owner": null, "owner_source": null, "family": false, "shift_note": "RI historic layer shifted -11.0 m E, -10.5 m N to the plano 2026 frame"}}, {"type": "Feature", "id": "ParcelasHistoricas.166021", "geometry": {"type": "MultiPolygon", "coordinates": [[[[-70.51307773268765, 18.69050493319895], [-70.51307010269379, 18.690507643202764], [-70.51306849267749, 18.690476993204605], [-70.51307773268765, 18.69050493319895]]], [[[-70.51307773268765, 18.69050493319895], [-70.51321224257933, 18.690457173131684], [-70.51371659211688, 18.690178162882784], [-70.51392305191328, 18.690038582781753], [-70.5149088111324, 18.689711402288093], [-70.5165336601887, 18.689781651454187], [-70.51702801001291, 18.690000631193893], [-70.51715019998827, 18.690088111128446], [-70.51646936083789, 18.690864651451008], [-70.51714496143484, 18.692649451045764], [-70.51897520077307, 18.693441140082616], [-70.51922062050456, 18.69322829996412], [-70.51932914076981, 18.693815579888973], [-70.51972775104606, 18.69473397965429], [-70.51986563099656, 18.694794269581703], [-70.52022002098046, 18.69514638938856], [-70.52033041099641, 18.695293309327155], [-70.52027916109978, 18.695421669349095], [-70.51984901152738, 18.69571825955935], [-70.51861530317996, 18.69732483013722], [-70.51854543335192, 18.697554820165315], [-70.51837179403007, 18.6985712602203], [-70.5182738841516, 18.698681680266738], [-70.51632401521819, 18.6984793812718], [-70.51668908453834, 18.697665641111993], [-70.5161683646485, 18.697301831390703], [-70.51465760464356, 18.695670882218472], [-70.51409399380562, 18.69357935257656], [-70.51307773268765, 18.69050493319895]]]]}, "geometry_name": "the_geom", "properties": {"AREA": 392747.87, "PARCELA": "1176", "PROVINCIA": "Peravia", "MUNICIPIO": "San Jos\u00e9 de Ocoa", "DC": "2", "area_calc_m2": 392750, "touches_family_land": false, "owner": null, "owner_source": null, "family": false, "shift_note": "RI historic layer shifted -11.0 m E, -10.5 m N to the plano 2026 frame"}}, {"type": "Feature", "id": "ParcelasHistoricas.61265", "geometry": {"type": "MultiPolygon", "coordinates": [[[[-70.51429483873459, 18.737951280999273], [-70.51429483873459, 18.737951280999273], [-70.51377616882198, 18.737549341278807], [-70.51376988791142, 18.73593207133572], [-70.51349898664672, 18.733404201558645], [-70.51396667637242, 18.73342075131813], [-70.51536596531757, 18.733056030612325], [-70.51543904537685, 18.73323936056873], [-70.51545504547262, 18.73342600055432], [-70.51587441593064, 18.73468639029725], [-70.5169135654979, 18.735036059752467], [-70.51800202489443, 18.7351366791907], [-70.51874493520113, 18.7364768287649], [-70.5186911653136, 18.736618108787766], [-70.51860395557775, 18.736991838820046], [-70.51856593561321, 18.737013748838823], [-70.5173572066784, 18.73760066943945], [-70.51726421678698, 18.73769296948409], [-70.51678973715644, 18.737837269722753], [-70.5165747973451, 18.737940279829616], [-70.51441521859988, 18.737842180941115], [-70.51429483873459, 18.737951280999273]]]]}, "geometry_name": "the_geom", "properties": {"AREA": 191879.988, "PARCELA": "2230", "PROVINCIA": "Peravia", "MUNICIPIO": "San Jos\u00e9 de Ocoa", "DC": "2", "area_calc_m2": 191880, "touches_family_land": false, "owner": null, "owner_source": null, "family": false, "shift_note": "RI historic layer shifted -11.0 m E, -10.5 m N to the plano 2026 frame"}}, {"type": "Feature", "id": "ParcelasHistoricas.61259", "geometry": {"type": "MultiPolygon", "coordinates": [[[[-70.51426986425115, 18.747678060689065], [-70.51539155341041, 18.747395440122503], [-70.51698398282663, 18.748072319282386], [-70.51847703233719, 18.748809458491294], [-70.51856734246358, 18.749129838434246], [-70.5186798425668, 18.7494330083664], [-70.51854616290285, 18.749883578420008], [-70.5184876730499, 18.75008073844347], [-70.51834181316559, 18.75012869851676], [-70.51836824334889, 18.750481028491443], [-70.51763340354785, 18.750044048883307], [-70.5171276438845, 18.75009634914126], [-70.51636692461652, 18.75057378951599], [-70.51594221497979, 18.750760059727902], [-70.51434484499595, 18.74907484060418], [-70.51415318501375, 18.748900710708387], [-70.51413111483652, 18.748563780730905], [-70.51426986425115, 18.747678060689065]]]]}, "geometry_name": "the_geom", "properties": {"AREA": 110950.884, "PARCELA": "2223", "PROVINCIA": "Peravia", "MUNICIPIO": "San Jos\u00e9 de Ocoa", "DC": "2", "area_calc_m2": 110951, "touches_family_land": false, "owner": null, "owner_source": null, "family": false, "shift_note": "RI historic layer shifted -11.0 m E, -10.5 m N to the plano 2026 frame"}}, {"type": "Feature", "id": "ParcelasHistoricas.61258", "geometry": {"type": "MultiPolygon", "coordinates": [[[[-70.51636692461652, 18.75057378951599], [-70.5171276438845, 18.75009634914126], [-70.51763340354785, 18.750044048883307], [-70.51836824334889, 18.750481028491443], [-70.51854287330353, 18.750588268398218], [-70.51840245348063, 18.7507506084649], [-70.51826870364779, 18.75090251852852], [-70.51791915400094, 18.751151548699703], [-70.5178129941082, 18.751227188751695], [-70.51636692461652, 18.75057378951599]]]]}, "geometry_name": "the_geom", "properties": {"AREA": 16516.513, "PARCELA": "2222", "PROVINCIA": "Peravia", "MUNICIPIO": "San Jos\u00e9 de Ocoa", "DC": "2", "area_calc_m2": 16517, "touches_family_land": false, "owner": null, "owner_source": null, "family": false, "shift_note": "RI historic layer shifted -11.0 m E, -10.5 m N to the plano 2026 frame"}}, {"type": "Feature", "id": "ParcelasHistoricas.166018", "geometry": {"type": "MultiPolygon", "coordinates": [[[[-70.51465829465191, 18.695686432217595], [-70.51447762482687, 18.695802792306228], [-70.5137584555783, 18.696363442655816], [-70.51325786507363, 18.69493092295972], [-70.51270048533297, 18.694792583249704], [-70.51216435555976, 18.694619333529968], [-70.51176080591702, 18.694819823729947], [-70.51111012609164, 18.69443111407602], [-70.51062866650965, 18.694655734315113], [-70.51021938682646, 18.694778334520638], [-70.50968630708772, 18.694669594797222], [-70.50945861716808, 18.694567724917203], [-70.5092781072042, 18.69443809501393], [-70.50916179719266, 18.694292865078307], [-70.50920902713904, 18.694248435055584], [-70.5093957469761, 18.694159844962897], [-70.50973908661499, 18.693887874796086], [-70.51029971607025, 18.693523414521085], [-70.51050340594938, 18.693527644416637], [-70.51106853562031, 18.693550524126508], [-70.51115839571092, 18.69380769407197], [-70.51161174547094, 18.69386865383782], [-70.51196144518677, 18.693739943663044], [-70.51191000494742, 18.693260233705292], [-70.51182418490285, 18.693089033754916], [-70.5112423441137, 18.691064644119948], [-70.51105419412693, 18.690886174222186], [-70.51091853413085, 18.690747544296237], [-70.5126939928781, 18.690430863397843], [-70.51306849267749, 18.690476993204605], [-70.51409399380562, 18.69357935257656], [-70.51465760464356, 18.695670882218472], [-70.51465829465191, 18.695686432217595]]]]}, "geometry_name": "the_geom", "properties": {"AREA": 150345.455, "PARCELA": "1177", "PROVINCIA": "Peravia", "MUNICIPIO": "San Jos\u00e9 de Ocoa", "DC": "2", "area_calc_m2": 150345, "touches_family_land": false, "owner": null, "owner_source": null, "family": false, "shift_note": "RI historic layer shifted -11.0 m E, -10.5 m N to the plano 2026 frame"}}, {"type": "Feature", "id": "ParcelasHistoricas.61266", "geometry": {"type": "MultiPolygon", "coordinates": [[[[-70.51429483873459, 18.737951280999273], [-70.51228721004506, 18.738115002024223], [-70.51230995984568, 18.737786822023434], [-70.51220139972753, 18.73746138208994], [-70.51144262982041, 18.736811692500925], [-70.51194151943135, 18.73665881224993], [-70.51170840932971, 18.736229022383817], [-70.51151650917205, 18.73574432249837], [-70.51376978789703, 18.735906501336622], [-70.51377616882198, 18.737549341278807], [-70.51429483873459, 18.737951280999273]]]]}, "geometry_name": "the_geom", "properties": {"AREA": 50081.056, "PARCELA": "2231", "PROVINCIA": "Peravia", "MUNICIPIO": "San Jos\u00e9 de Ocoa", "DC": "2", "area_calc_m2": 50081, "touches_family_land": false, "owner": null, "owner_source": null, "family": false, "shift_note": "RI historic layer shifted -11.0 m E, -10.5 m N to the plano 2026 frame"}}, {"type": "Feature", "id": "ParcelasHistoricas.61264", "geometry": {"type": "MultiPolygon", "coordinates": [[[[-70.51220139972753, 18.73746138208994], [-70.51230995984568, 18.737786822023434], [-70.51228720004495, 18.73811479202424], [-70.51143048098518, 18.73885843243935], [-70.51052115213618, 18.739918212871054], [-70.50931719305306, 18.740248053478236], [-70.50811904396255, 18.74057108408275], [-70.50796675392272, 18.740337384168658], [-70.50782605423427, 18.740737224227697], [-70.5073627146377, 18.740953594458478], [-70.50738923444038, 18.740633244455434], [-70.50724151458111, 18.740723624528307], [-70.50720040435812, 18.740285374563875], [-70.50693462448294, 18.740221064702478], [-70.50645962446288, 18.739676374964358], [-70.50653460436553, 18.73958469492888], [-70.50644765415066, 18.739111664989128], [-70.50641681411216, 18.739010545008302], [-70.50621083408703, 18.738745305122816], [-70.50590189418732, 18.738591395286516], [-70.50585245415756, 18.738485775315386], [-70.505808634097, 18.738331735342967], [-70.5056936640138, 18.738061445410914], [-70.5050997342688, 18.737875565722], [-70.50498709419617, 18.737626425788054], [-70.50485853419357, 18.73748405585875], [-70.50482051410341, 18.737283895884868], [-70.5045737341417, 18.737087056018062], [-70.50453240406283, 18.736903346045338], [-70.50530669370106, 18.7370937756415], [-70.5071081027042, 18.737262614711046], [-70.50769513232926, 18.737229104410776], [-70.5092550714647, 18.737373193605208], [-70.50956162144897, 18.737674113437897], [-70.5104647808765, 18.737630482975725], [-70.51193278994579, 18.737559242224567], [-70.51220139972753, 18.73746138208994]]]]}, "geometry_name": "the_geom", "properties": {"AREA": 189059.698, "PARCELA": "2232", "PROVINCIA": "Peravia", "MUNICIPIO": "San Jos\u00e9 de Ocoa", "DC": "2", "area_calc_m2": 189060, "touches_family_land": false, "owner": null, "owner_source": null, "family": false, "shift_note": "RI historic layer shifted -11.0 m E, -10.5 m N to the plano 2026 frame"}}, {"type": "Feature", "id": "ParcelasHistoricas.166020", "geometry": {"type": "MultiPolygon", "coordinates": [[[[-70.50884620864107, 18.67878130575328], [-70.50866938945167, 18.68003039580241], [-70.50854799979209, 18.68050437584884], [-70.50785301104919, 18.681989716155382], [-70.5076306512641, 18.68213247626446], [-70.50577736273127, 18.682747527192728], [-70.50562384295266, 18.682975707263783], [-70.50520128311746, 18.682814767485407], [-70.50455695333382, 18.68250746782537], [-70.5040829336209, 18.682508378068], [-70.50306197449598, 18.682965858575596], [-70.50253112481282, 18.68295862884762], [-70.50206986457786, 18.682047159113765], [-70.50173278475289, 18.681996169288016], [-70.50194251447506, 18.68172819918946], [-70.50212002427591, 18.681565219103945], [-70.50252152372332, 18.681015388916503], [-70.50260780353375, 18.680771558880355], [-70.50268775323772, 18.680332048853895], [-70.50400212150825, 18.678672818235786], [-70.50411738141801, 18.678636348178003], [-70.50437320120062, 18.678524908050747], [-70.50524802057883, 18.678359837608475], [-70.5056265802297, 18.67814633742179], [-70.50646386955192, 18.67784162700338], [-70.50651985938397, 18.677603586982592], [-70.50711881881134, 18.677229796688458], [-70.50785318893755, 18.678241866279237], [-70.5083028688523, 18.67857310603819], [-70.50898375854156, 18.67875225568386], [-70.50884620864107, 18.67878130575328]]]]}, "geometry_name": "the_geom", "properties": {"AREA": 290600.923, "PARCELA": "1210", "PROVINCIA": "Peravia", "MUNICIPIO": "San Jos\u00e9 de Ocoa", "DC": "2", "area_calc_m2": 290601, "touches_family_land": false, "owner": null, "owner_source": null, "family": false, "shift_note": "RI historic layer shifted -11.0 m E, -10.5 m N to the plano 2026 frame"}}, {"type": "Feature", "id": "ParcelasHistoricas.325197", "geometry": {"type": "MultiPolygon", "coordinates": [[[[-70.50479149641268, 18.688220907516875], [-70.5043247973989, 18.689469417714704], [-70.50543029785406, 18.691462367082824], [-70.50565286791996, 18.69181799695711], [-70.50552341822743, 18.69222433701], [-70.50545648857153, 18.69276268702651], [-70.50550072868026, 18.69300295699592], [-70.5057010186883, 18.693232026885784], [-70.50577731888325, 18.693659566832597], [-70.50579527892761, 18.693757476820164], [-70.50559574905076, 18.693761826922216], [-70.5053544991021, 18.693594067051322], [-70.50520806923515, 18.69367293712372], [-70.50521681939287, 18.693961937109705], [-70.50551211945137, 18.69438242694457], [-70.50556286951888, 18.69455653691283], [-70.50515043989812, 18.694786507116515], [-70.50506866997553, 18.694836057156756], [-70.50276223998081, 18.692371898419402], [-70.50271520975242, 18.69191655845848], [-70.50250803972938, 18.69165352857326], [-70.50226880989283, 18.691686788694707], [-70.50076860959832, 18.689556099533213], [-70.50067314864364, 18.6877609396411], [-70.50025128840852, 18.686891679885715], [-70.50086175792634, 18.686691119579653], [-70.5012573075819, 18.68650438938323], [-70.50134813731572, 18.68612971934903], [-70.50480243640939, 18.688226807511082], [-70.50479149641268, 18.688220907516875]]]]}, "geometry_name": "the_geom", "properties": {"AREA": 270261.76, "PARCELA": "1440", "PROVINCIA": "Peravia", "MUNICIPIO": "San Jos\u00e9 de Ocoa", "DC": "2", "area_calc_m2": 270262, "touches_family_land": false, "owner": null, "owner_source": null, "family": false, "shift_note": "RI historic layer shifted -11.0 m E, -10.5 m N to the plano 2026 frame"}}, {"type": "Feature", "id": "ParcelasHistoricas.281431", "geometry": {"type": "MultiPolygon", "coordinates": [[[[-70.49981882794947, 18.721040478986307], [-70.50053683741896, 18.720871278623427], [-70.500685847293, 18.72080808854904], [-70.50132125655355, 18.720180678243622], [-70.50146454633207, 18.719942348177927], [-70.50244450474695, 18.71818756773288], [-70.50285993464577, 18.718453837511007], [-70.50318059458797, 18.718695277338572], [-70.50380773441043, 18.71905330700507], [-70.50421759489012, 18.72034165675239], [-70.50463850484948, 18.72072101652396], [-70.50485647491674, 18.721073696400527], [-70.5048813051924, 18.72158815637083], [-70.50470805536614, 18.721709876455705], [-70.50444939561399, 18.721871166583085], [-70.50425032581379, 18.722011286680605], [-70.50410835592218, 18.72205089675214], [-70.50380672607346, 18.721995256908727], [-70.50345332615879, 18.721767387097543], [-70.50313537608268, 18.721291897276316], [-70.50276071658992, 18.72178782745223], [-70.50285862661985, 18.721945737396798], [-70.5032307465816, 18.72227692719496], [-70.50339589660503, 18.72249540710304], [-70.50352568661565, 18.72265333703125], [-70.50367933661434, 18.722815736947073], [-70.50372877663442, 18.722904276918793], [-70.50375555666614, 18.722989066902255], [-70.50375576674514, 18.72312910689754], [-70.5037861167995, 18.72325781687773], [-70.50377300688936, 18.723402746879685], [-70.50377390696488, 18.72353736687479], [-70.50382077702646, 18.7236965568455], [-70.50391945707202, 18.72388289678873], [-70.50403533712014, 18.724092286722378], [-70.50424180710044, 18.724278756610293], [-70.5043348471086, 18.724392946558794], [-70.50438730715213, 18.724526186527484], [-70.50469923713986, 18.724838906357128], [-70.50496471725003, 18.725318396205104], [-70.50511991730875, 18.72558868611656], [-70.50344463876911, 18.7263762869503], [-70.50251378953749, 18.726737727416136], [-70.50318411999909, 18.728272617021606], [-70.50319141028584, 18.72878757700092], [-70.50260007082805, 18.72911276729375], [-70.50243444110488, 18.72942479736851], [-70.50198905128718, 18.729269857602226], [-70.50164460138318, 18.729070487785584], [-70.5000230822707, 18.72890243862351], [-70.49957347247317, 18.728778728858384], [-70.49911882286408, 18.7289828590851], [-70.49898069310363, 18.72925842914699], [-70.49928134314642, 18.729656168979588], [-70.49926281379447, 18.73078208895219], [-70.49912179400116, 18.73099643901757], [-70.49853251442748, 18.731118869316123], [-70.49777313478405, 18.730935809712047], [-70.49695433471045, 18.729928660165466], [-70.49518715484706, 18.728277561126877], [-70.49700352162665, 18.724528670316932], [-70.49579555141136, 18.722854040991788], [-70.49543943094173, 18.721642041214203], [-70.49567474042149, 18.720973911115262], [-70.49977101845822, 18.721889298982994], [-70.49978518797883, 18.721056359003054], [-70.49981882794947, 18.721040478986307]]]]}, "geometry_name": "the_geom", "properties": {"AREA": 832735.73, "PARCELA": "1309", "PROVINCIA": "Peravia", "MUNICIPIO": "San Jos\u00e9 de Ocoa", "DC": "2", "area_calc_m2": 832736, "touches_family_land": false, "owner": null, "owner_source": null, "family": false, "shift_note": "RI historic layer shifted -11.0 m E, -10.5 m N to the plano 2026 frame"}}, {"type": "Feature", "id": "ParcelasHistoricas.271585", "geometry": {"type": "MultiPolygon", "coordinates": [[[[-70.49776288733113, 18.700039110729385], [-70.49715900698692, 18.69878220108011], [-70.49514675669982, 18.696117502198742], [-70.49506395667552, 18.695985722245492], [-70.49437423629445, 18.69457162264524], [-70.49500132560112, 18.69401496234203], [-70.49541901569515, 18.694629102107875], [-70.49752702284941, 18.69184477111877], [-70.4976979327577, 18.69186540103053], [-70.4977731827173, 18.69187441099168], [-70.50068955973028, 18.689705309568797], [-70.50076860959832, 18.689556099533213], [-70.50226880989283, 18.691686788694707], [-70.50132226083646, 18.69234484915794], [-70.50317184120009, 18.694972678123953], [-70.50420226140258, 18.696436607547838], [-70.50411119329348, 18.69969036748728], [-70.50418795351924, 18.70017275743205], [-70.50349827497257, 18.702008537725007], [-70.50285583632653, 18.703718507997984], [-70.5003133082696, 18.704434869277765], [-70.49997141844759, 18.70438368945472], [-70.49955020848924, 18.70400598968305], [-70.49909177788749, 18.702448809969155], [-70.49905106781772, 18.70228157999552], [-70.4990512277156, 18.702100870001363], [-70.49925229740315, 18.70176288990938], [-70.49914151732925, 18.701513239974357], [-70.49877768749177, 18.701411200164202], [-70.49773719733915, 18.70002578074299], [-70.49776288733113, 18.700039110729385]]]]}, "geometry_name": "the_geom", "properties": {"AREA": 959487.566, "PARCELA": "1435", "PROVINCIA": "Peravia", "MUNICIPIO": "San Jos\u00e9 de Ocoa", "DC": "2", "area_calc_m2": 959488, "touches_family_land": false, "owner": null, "owner_source": null, "family": false, "shift_note": "RI historic layer shifted -11.0 m E, -10.5 m N to the plano 2026 frame"}}, {"type": "Feature", "id": "ParcelasHistoricas.324633", "geometry": {"type": "MultiPolygon", "coordinates": [[[[-70.49939228529307, 18.715882919374362], [-70.49957254524344, 18.71598824927844], [-70.4997355351416, 18.715982659195], [-70.49993913506579, 18.7160666890878], [-70.49998756512458, 18.71622263905784], [-70.50018612499626, 18.716208308956446], [-70.50035073492084, 18.716251278870583], [-70.50055076478468, 18.716224618768848], [-70.50075523463858, 18.716185188665253], [-70.50092862452316, 18.716166738576916], [-70.50104464438276, 18.71604257852148], [-70.50114266428066, 18.715966958473672], [-70.50123065415714, 18.715842608432627], [-70.50143102402212, 18.715818408330644], [-70.50149531405718, 18.71594934829337], [-70.5017148239417, 18.715980228179756], [-70.50178797393743, 18.7160510781399], [-70.50194736399058, 18.716316028049437], [-70.50231267410969, 18.716918387842238], [-70.50244912449766, 18.717751287744854], [-70.5024472046111, 18.717950047739308], [-70.50244502469667, 18.718099117735516], [-70.50244588474516, 18.718185847732222], [-70.50218940486769, 18.718127817865703], [-70.50194841496136, 18.71803528799237], [-70.50171560528258, 18.718354248101324], [-70.50154075524875, 18.718106978199145], [-70.50110864497697, 18.717162848451846], [-70.50079427491204, 18.716711008627954], [-70.5006909450458, 18.71683702867682], [-70.50054979521879, 18.71699186874416], [-70.5003899854739, 18.717272108816932], [-70.50039882562164, 18.717543038803502], [-70.50026278574019, 18.717607048871194], [-70.50011215587463, 18.71768352894597], [-70.49987984594608, 18.71756103906918], [-70.49972278596726, 18.717430209154045], [-70.4995837259681, 18.717282649230235], [-70.49938552601623, 18.717155469336088], [-70.49943406590998, 18.717019449315654], [-70.49927167584721, 18.716734369408318], [-70.4991416657671, 18.716453259484233], [-70.49939228529307, 18.715882919374362]]]]}, "geometry_name": "the_geom", "properties": {"AREA": 51094.539, "PARCELA": "1326", "PROVINCIA": "Peravia", "MUNICIPIO": "San Jos\u00e9 de Ocoa", "DC": "2", "area_calc_m2": 51095, "touches_family_land": false, "owner": null, "owner_source": null, "family": false, "shift_note": "RI historic layer shifted -11.0 m E, -10.5 m N to the plano 2026 frame"}}, {"type": "Feature", "id": "ParcelasHistoricas.304453", "geometry": {"type": "MultiPolygon", "coordinates": [[[[-70.50244450474695, 18.71818756773288], [-70.50146454633207, 18.719942348177927], [-70.50132125655355, 18.720180678243622], [-70.500685847293, 18.72080808854904], [-70.50053683741896, 18.720871278623427], [-70.49981882794947, 18.721040478986307], [-70.49906377780324, 18.719972719408787], [-70.49924971757135, 18.719761649320294], [-70.49939291742575, 18.719657479250234], [-70.4993869473784, 18.71956729925625], [-70.4995120372166, 18.71941505919706], [-70.49971766692043, 18.719111369101512], [-70.49988992662274, 18.71876922902435], [-70.5000646663299, 18.71843830894556], [-70.49970637647986, 18.718319709133283], [-70.4994128166658, 18.71833412928343], [-70.49947868646693, 18.718052819258858], [-70.49982028613107, 18.717824559091085], [-70.50011628587099, 18.717681528943917], [-70.50026691573656, 18.717605048869146], [-70.50040295561803, 18.71754103880145], [-70.50039410547029, 18.71727011881489], [-70.50055391521516, 18.716989878742105], [-70.50069507504219, 18.716835038674777], [-70.50079840490841, 18.716709008625905], [-70.50111276497334, 18.717160848449797], [-70.50154488524514, 18.71810498819709], [-70.50171973527895, 18.718352258099266], [-70.50195254495773, 18.718033297990317], [-70.50219353486406, 18.718125827863652], [-70.50245001474151, 18.718183857730175], [-70.50244450474695, 18.71818756773288]]]]}, "geometry_name": "the_geom", "properties": {"AREA": 84688.181, "PARCELA": "1321", "PROVINCIA": "Peravia", "MUNICIPIO": "San Jos\u00e9 de Ocoa", "DC": "2", "area_calc_m2": 84688, "touches_family_land": false, "owner": null, "owner_source": null, "family": false, "shift_note": "RI historic layer shifted -11.0 m E, -10.5 m N to the plano 2026 frame"}}, {"type": "Feature", "id": "ParcelasHistoricas.300589", "geometry": {"type": "MultiPolygon", "coordinates": [[[[-70.49429740505873, 18.7100099321803], [-70.49428387507209, 18.71001908218694], [-70.49429732505556, 18.710004262180522], [-70.49429740505873, 18.7100099321803]]], [[[-70.49429740505873, 18.7100099321803], [-70.49450807485071, 18.70986738207688], [-70.49497643418692, 18.709194121858623], [-70.49756659242178, 18.708844180541558], [-70.498232461969, 18.708756010202958], [-70.49857833165036, 18.708562490031923], [-70.49991613214699, 18.71087544926997], [-70.50007712226498, 18.71125684917489], [-70.50024355248416, 18.711823259070936], [-70.49983081292872, 18.712167939271307], [-70.49916987357713, 18.712607459595898], [-70.4988618339151, 18.712875589745106], [-70.49675963617537, 18.71462366076626], [-70.49662922623085, 18.714582150834534], [-70.49614445685167, 18.7151614110643], [-70.49607092663983, 18.714707801116862], [-70.49585456621462, 18.71372355126006], [-70.4958431860378, 18.713398461276526], [-70.49494319629068, 18.71288196175516], [-70.49468777633277, 18.712682891892705], [-70.49432765637467, 18.71237130208765], [-70.49429740505873, 18.7100099321803]]]]}, "geometry_name": "the_geom", "properties": {"AREA": 278656.024, "PARCELA": "1333", "PROVINCIA": "Peravia", "MUNICIPIO": "San Jos\u00e9 de Ocoa", "DC": "2", "area_calc_m2": 278657, "touches_family_land": false, "owner": null, "owner_source": null, "family": false, "shift_note": "RI historic layer shifted -11.0 m E, -10.5 m N to the plano 2026 frame"}}, {"type": "Feature", "id": "ParcelasHistoricas.289491", "geometry": {"type": "MultiPolygon", "coordinates": [[[[-70.50011215587463, 18.71768352894597], [-70.50011628587099, 18.717681528943917], [-70.50013007586912, 18.71769296893646], [-70.50011215587463, 18.71768352894597]]], [[[-70.50011215587463, 18.71768352894597], [-70.49982028613107, 18.717824559091085], [-70.49947868646693, 18.718052819258858], [-70.4994128166658, 18.71833412928343], [-70.49970637647986, 18.718319709133283], [-70.5000646663299, 18.71843830894556], [-70.49988993662274, 18.718769229024343], [-70.49971766692043, 18.719111369101512], [-70.4995120372166, 18.71941505919706], [-70.4993869473784, 18.71956729925625], [-70.49939291742575, 18.719657479250234], [-70.49924971757135, 18.719761649320294], [-70.49906377780324, 18.719972719408787], [-70.49981882794947, 18.721040478986307], [-70.49980465842887, 18.72187340896625], [-70.49570838039216, 18.720958031098522], [-70.49547308091238, 18.721626161197452], [-70.49497119020513, 18.719837681513507], [-70.49468639929019, 18.717914161722508], [-70.49525787934535, 18.71862381140604], [-70.495400199309, 18.718711941330117], [-70.49561706919013, 18.718733951218095], [-70.4958923290503, 18.718781421075285], [-70.49595097908683, 18.718908851041018], [-70.49630297892956, 18.71900769085714], [-70.49636972891527, 18.719053890821375], [-70.4969793285656, 18.719088290507408], [-70.49737466836564, 18.719158040302247], [-70.49780767820363, 18.719335290074238], [-70.49798951780319, 18.718821619997758], [-70.498033357584, 18.718480829986426], [-70.49826073723251, 18.718102529882145], [-70.4985336069139, 18.717831099751024], [-70.49877381673856, 18.717778219629512], [-70.49890968663952, 18.717748519560775], [-70.49920013632067, 18.717495529420045], [-70.49925880612277, 18.71720817939937], [-70.49940363601071, 18.717165109326483], [-70.49960183596257, 18.717292299220617], [-70.49974069596176, 18.717439659144542], [-70.49989776594059, 18.717570479059667], [-70.50011215587463, 18.71768352894597]]]]}, "geometry_name": "the_geom", "properties": {"AREA": 155031.617, "PARCELA": "1322", "PROVINCIA": "Peravia", "MUNICIPIO": "San Jos\u00e9 de Ocoa", "DC": "2", "area_calc_m2": 155032, "touches_family_land": false, "owner": null, "owner_source": null, "family": false, "shift_note": "RI historic layer shifted -11.0 m E, -10.5 m N to the plano 2026 frame"}}, {"type": "Feature", "id": "ParcelasHistoricas.326585", "geometry": {"type": "MultiPolygon", "coordinates": [[[[-70.49400424472745, 18.691398532938532], [-70.49521948333411, 18.690231122353953], [-70.49686639175533, 18.689197421543973], [-70.49714734192553, 18.68980021138029], [-70.49721090230719, 18.69054487132333], [-70.49741565280578, 18.691648111182275], [-70.49738779287206, 18.691735701193686], [-70.49752702284941, 18.69184477111877], [-70.49541901569515, 18.694629102107875], [-70.49500132560112, 18.69401496234203], [-70.49501627541972, 18.693709542344347], [-70.4947202049553, 18.69256936253336], [-70.49398977474156, 18.691408072945638], [-70.49400424472745, 18.691398532938532]]]]}, "geometry_name": "the_geom", "properties": {"AREA": 118096.467, "PARCELA": "1442", "PROVINCIA": "Peravia", "MUNICIPIO": "San Jos\u00e9 de Ocoa", "DC": "2", "area_calc_m2": 118096, "touches_family_land": false, "owner": null, "owner_source": null, "family": false, "shift_note": "RI historic layer shifted -11.0 m E, -10.5 m N to the plano 2026 frame"}}, {"type": "Feature", "id": "ParcelasHistoricas.45926", "geometry": {"type": "MultiPolygon", "coordinates": [[[[-70.49579555141136, 18.722854040991788], [-70.49700352162665, 18.724528670316932], [-70.49518715484706, 18.728277561126877], [-70.4928782745238, 18.7252337524118], [-70.48699458735395, 18.7239393454754], [-70.48666123757359, 18.723970915645594], [-70.48572784817432, 18.724034056122967], [-70.48662790555774, 18.720371775779444], [-70.48614453555564, 18.719850846044555], [-70.48601058552492, 18.71965322611975], [-70.48608465531342, 18.719358556091265], [-70.48589205535855, 18.719232266194258], [-70.48608589503506, 18.71886772610654], [-70.48667481447035, 18.71849938581609], [-70.48735263445298, 18.719193965445523], [-70.48769710433378, 18.71935182526352], [-70.48828602356669, 18.71862567498473], [-70.48839714320188, 18.718099474944776], [-70.49327521039798, 18.718362572432152], [-70.49397524989686, 18.718225752077323], [-70.49444194947748, 18.717983701845704], [-70.49468639929019, 18.717914161722508], [-70.49474182946828, 18.718288581681826], [-70.49493754023449, 18.719853571530262], [-70.49542555092218, 18.72159258122294], [-70.49543943094173, 18.721642041214203], [-70.49579555141136, 18.722854040991788]]]]}, "geometry_name": "the_geom", "properties": {"AREA": 768503, "PARCELA": "310", "PROVINCIA": "Trujillo Valdez", "MUNICIPIO": "San Jos\u00e9 de Ocoa", "DC": "2", "area_calc_m2": 768436, "touches_family_land": false, "owner": null, "owner_source": null, "family": false, "shift_note": "RI historic layer shifted -11.0 m E, -10.5 m N to the plano 2026 frame"}}, {"type": "Feature", "id": "ParcelasHistoricas.283273", "geometry": {"type": "MultiPolygon", "coordinates": [[[[-70.49075227961363, 18.714273763860277], [-70.49170313842794, 18.71319405340748], [-70.49180159830959, 18.71309008336034], [-70.49244870728388, 18.711968063064862], [-70.49241527715509, 18.711704343090616], [-70.4924404469837, 18.711428003086716], [-70.49293866635153, 18.710842822850168], [-70.49293633599251, 18.710204942872178], [-70.4937702554724, 18.710177482445257], [-70.49429732505556, 18.710004262180522], [-70.49432765637467, 18.71237130208765], [-70.49468777633277, 18.712682891892705], [-70.49494319629068, 18.71288196175516], [-70.4958431860378, 18.713398461276526], [-70.49585456621462, 18.71372355126006], [-70.49397657780409, 18.714524752197466], [-70.4924255089736, 18.714932932980094], [-70.49070854963621, 18.714266913882952], [-70.49075227961363, 18.714273763860277]]]]}, "geometry_name": "the_geom", "properties": {"AREA": 140316.412, "PARCELA": "1334", "PROVINCIA": "Peravia", "MUNICIPIO": "San Jos\u00e9 de Ocoa", "DC": "2", "area_calc_m2": 140316, "touches_family_land": false, "owner": null, "owner_source": null, "family": false, "shift_note": "RI historic layer shifted -11.0 m E, -10.5 m N to the plano 2026 frame"}}, {"type": "Feature", "id": "ParcelasHistoricas.111432", "geometry": {"type": "MultiPolygon", "coordinates": [[[[-70.48575541223815, 18.678152197596457], [-70.48720782052563, 18.67667074690049], [-70.48744551050324, 18.676885526771756], [-70.48756693048371, 18.676980936706457], [-70.48784658088806, 18.677997376530183], [-70.48830130154556, 18.679650066243514], [-70.48928543126054, 18.6801986557215], [-70.48966167063651, 18.679495085551665], [-70.49074606920217, 18.678113045041215], [-70.49175755786437, 18.67682390456521], [-70.49241921738661, 18.676685324230892], [-70.49181314229114, 18.684733074278817], [-70.49068205278024, 18.684388594869556], [-70.49062396279328, 18.684349514900596], [-70.48965508281205, 18.68334514542972], [-70.48844243368056, 18.68358610604323], [-70.48768124379137, 18.682967466453377], [-70.48766735369541, 18.682782536466505], [-70.48705571401482, 18.6826937867828], [-70.4862424741287, 18.68202501722124], [-70.4857574122377, 18.678153537595385], [-70.48575541223815, 18.678152197596457]]]]}, "geometry_name": "the_geom", "properties": {"AREA": 376051.268, "PARCELA": "1069-A-1", "PROVINCIA": "Peravia", "MUNICIPIO": "San Jos\u00e9 de Ocoa", "DC": "2", "area_calc_m2": 376051, "touches_family_land": false, "owner": null, "owner_source": null, "family": false, "shift_note": "RI historic layer shifted -11.0 m E, -10.5 m N to the plano 2026 frame"}}, {"type": "Feature", "id": "ParcelasHistoricas.334570", "geometry": {"type": "MultiPolygon", "coordinates": [[[[-70.48833216597217, 18.68752944597154], [-70.48976471507727, 18.68747754523904], [-70.49205690459755, 18.689082314012076], [-70.49166436538181, 18.69005169418163], [-70.49159797552018, 18.690225774209985], [-70.48823948872662, 18.69231043586364], [-70.4878036489636, 18.692263676088604], [-70.4877098489773, 18.692187486139172], [-70.48720109878333, 18.69129923642884], [-70.48728979813056, 18.690237796417836], [-70.48738652794738, 18.690016816375426], [-70.48835497597818, 18.68756452595871], [-70.48833216597217, 18.68752944597154]]]]}, "geometry_name": "the_geom", "properties": {"AREA": 172124.173, "PARCELA": "1192", "PROVINCIA": "Peravia", "MUNICIPIO": "San Jos\u00e9 de Ocoa", "DC": "2", "area_calc_m2": 172124, "touches_family_land": false, "owner": null, "owner_source": null, "family": false, "shift_note": "RI historic layer shifted -11.0 m E, -10.5 m N to the plano 2026 frame"}}, {"type": "Feature", "id": "ParcelasHistoricas.331125", "geometry": {"type": "MultiPolygon", "coordinates": [[[[-70.48874501019333, 18.695449675502417], [-70.489210649691, 18.695058505276386], [-70.48929901959903, 18.694990225233305], [-70.48946530934992, 18.694727045156608], [-70.48955740925946, 18.6946654151114], [-70.48956046919643, 18.694557025113355], [-70.4895073390611, 18.694260445150245], [-70.4896908488778, 18.69413223506033], [-70.48974570869284, 18.693863315040957], [-70.4902478781553, 18.693448824797006], [-70.49087397762584, 18.693181324484765], [-70.49191887688212, 18.69298274395563], [-70.49253413649119, 18.692949063641358], [-70.49203450745468, 18.694120953859244], [-70.49146386760043, 18.69376805416326], [-70.4911037280139, 18.69411484433658], [-70.49073895840485, 18.69441678451374], [-70.49019258915834, 18.695166434769437], [-70.48960533966996, 18.69544384506149], [-70.48863820035798, 18.695626955551422], [-70.48874776018445, 18.69543690550142], [-70.48874501019333, 18.695449675502417]]]]}, "geometry_name": "the_geom", "properties": {"AREA": 42391.562, "PARCELA": "1180", "PROVINCIA": "Peravia", "MUNICIPIO": "San Jos\u00e9 de Ocoa", "DC": "2", "area_calc_m2": 42392, "touches_family_land": false, "owner": null, "owner_source": null, "family": false, "shift_note": "RI historic layer shifted -11.0 m E, -10.5 m N to the plano 2026 frame"}}, {"type": "Feature", "id": "ParcelasHistoricas.320391", "geometry": {"type": "MultiPolygon", "coordinates": [[[[-70.48754077042413, 18.694569216148494], [-70.48739712016508, 18.693956646242047], [-70.48745538987613, 18.693507216226756], [-70.4878036489636, 18.692263676088604], [-70.48823948872662, 18.69231043586364], [-70.48856978889863, 18.69296881567291], [-70.48868102897373, 18.69322092560768], [-70.48861106909028, 18.69335249563927], [-70.48870693910077, 18.693473715586183], [-70.48868441919099, 18.693609425593312], [-70.48873881930324, 18.693866505557065], [-70.488873169326, 18.694050665482195], [-70.48885239939025, 18.694142225489863], [-70.48892680939026, 18.694221915449123], [-70.48909430939028, 18.694401295357405], [-70.48911942946681, 18.69456373533925], [-70.48904049962199, 18.694754115373527], [-70.4891598796054, 18.69485255530912], [-70.489210649691, 18.695058505276386], [-70.48875695018046, 18.695439655496617], [-70.4882977203805, 18.695302315736548], [-70.4880464306041, 18.695429305861275], [-70.48742733081858, 18.69514640618792], [-70.48713724076961, 18.694749136349564], [-70.48743574055999, 18.69469740619818], [-70.48754077042413, 18.694569216148494]]]]}, "geometry_name": "the_geom", "properties": {"AREA": 45702.724, "PARCELA": "1191", "PROVINCIA": "Peravia", "MUNICIPIO": "San Jos\u00e9 de Ocoa", "DC": "2", "area_calc_m2": 45703, "touches_family_land": false, "owner": null, "owner_source": null, "family": false, "shift_note": "RI historic layer shifted -11.0 m E, -10.5 m N to the plano 2026 frame"}}, {"type": "Feature", "id": "ParcelasHistoricas.323560", "geometry": {"type": "MultiPolygon", "coordinates": [[[[-70.48810838096412, 18.696133255806636], [-70.48805714076205, 18.695720515846315], [-70.4880464306041, 18.695429305861275], [-70.4882977203805, 18.695302315736548], [-70.48874777018445, 18.695436905501417], [-70.48863820035798, 18.695626955551422], [-70.48869589043203, 18.695819865515563], [-70.4881112409624, 18.696133255805165], [-70.48810838096412, 18.696133255806636]]]]}, "geometry_name": "the_geom", "properties": {"AREA": 4507.335, "PARCELA": "1181", "PROVINCIA": "Peravia", "MUNICIPIO": "San Jos\u00e9 de Ocoa", "DC": "2", "area_calc_m2": 4507, "touches_family_land": false, "owner": null, "owner_source": null, "family": false, "shift_note": "RI historic layer shifted -11.0 m E, -10.5 m N to the plano 2026 frame"}}, {"type": "Feature", "id": "ParcelasHistoricas.231712", "geometry": {"type": "MultiPolygon", "coordinates": [[[[-70.48440649955872, 18.68968154791406], [-70.4864620085212, 18.6900436868485], [-70.48662370842717, 18.690050206765395], [-70.48728979813056, 18.690237796417836], [-70.48720109878333, 18.69129923642884], [-70.4877098489773, 18.692187486139172], [-70.4878036489636, 18.692263676088604], [-70.48745538987613, 18.693507216226756], [-70.48739712016508, 18.693956646242047], [-70.48754077042413, 18.694569216148494], [-70.48743574055999, 18.69469740619818], [-70.48713724076961, 18.694749136349564], [-70.48675947075394, 18.6943169965573], [-70.48621543074236, 18.69371417685582], [-70.48603564081861, 18.693656766949882], [-70.48576526092, 18.693546947092084], [-70.48563565094678, 18.693455637161506], [-70.48508324113361, 18.69319529745321], [-70.48510938103684, 18.693051887444454], [-70.48523788064944, 18.692503307396347], [-70.48541420998984, 18.691523747337687], [-70.48544998987798, 18.69136389732452], [-70.48496393015282, 18.69133049757482], [-70.48464305029022, 18.691230457742595], [-70.4846710002438, 18.691178117729958], [-70.48446004028456, 18.69102455784309], [-70.48409012040113, 18.690835178038903], [-70.48416185004098, 18.690273988020298], [-70.48419993990764, 18.690078558007098], [-70.48438707957531, 18.68969017792373], [-70.48440649955872, 18.68968154791406]]]]}, "geometry_name": "the_geom", "properties": {"AREA": 119381.505, "PARCELA": "1193", "PROVINCIA": "Peravia", "MUNICIPIO": "San Jos\u00e9 de Ocoa", "DC": "2", "area_calc_m2": 119381, "touches_family_land": false, "owner": null, "owner_source": null, "family": false, "shift_note": "RI historic layer shifted -11.0 m E, -10.5 m N to the plano 2026 frame"}}, {"type": "Feature", "id": "ParcelasHistoricas.111431", "geometry": {"type": "MultiPolygon", "coordinates": [[[[-70.48620638414585, 18.68201676724], [-70.48452803460013, 18.681025358132207], [-70.48435785454541, 18.680746228228454], [-70.48412309440133, 18.680239568365163], [-70.4831695741767, 18.678820868899724], [-70.48305081414917, 18.67864496896627], [-70.48252236390879, 18.677653289269145], [-70.48186421395296, 18.677027299626634], [-70.4816413740702, 18.676996669741808], [-70.48140097433092, 18.677201579858373], [-70.48117161460631, 18.677444269968063], [-70.48087381499009, 18.67780591010899], [-70.48061468526868, 18.67802242023479], [-70.48045652525207, 18.677823760322262], [-70.4799981754108, 18.677614690563914], [-70.47905162559167, 18.67692264107133], [-70.47860932566333, 18.676576481309173], [-70.47822830576405, 18.676347411511827], [-70.47800908579892, 18.676174711629745], [-70.47813655564332, 18.676035261568913], [-70.47850976537532, 18.67595950138008], [-70.4786981052939, 18.676016651281717], [-70.47911379499669, 18.67593455107134], [-70.4791156649323, 18.67582244107399], [-70.4789670148504, 18.675518241159985], [-70.4788430047622, 18.675229221232854], [-70.47864102468564, 18.674877461347695], [-70.47860247465886, 18.674788721370312], [-70.47843863455837, 18.674435331465663], [-70.47829539448531, 18.67415259154818], [-70.47854950432605, 18.6741421314183], [-70.47882285415633, 18.6741336812785], [-70.47861025395837, 18.673555291406092], [-70.47845369380497, 18.673115881500475], [-70.47832651365746, 18.672718331578462], [-70.47817548360085, 18.672456381664286], [-70.47810478358312, 18.67234933170397], [-70.47781179384428, 18.672498901849277], [-70.47753106411346, 18.67267581198742], [-70.47734375405057, 18.672363962093446], [-70.47723123393892, 18.672045702161352], [-70.47704612386099, 18.67170952226703], [-70.47687829376231, 18.67135506236444], [-70.47680019372036, 18.671197172409542], [-70.47643898375112, 18.670865352605304], [-70.47612580373132, 18.670495292777677], [-70.4755737035367, 18.669559733090654], [-70.47525762360203, 18.669337543259754], [-70.4746549336708, 18.66881494358536], [-70.4743945134832, 18.668203853738433], [-70.47489574333021, 18.668468603473105], [-70.47516452316067, 18.668455453335817], [-70.47561956294003, 18.668550893099606], [-70.47576221285516, 18.668552973026443], [-70.47590133248573, 18.66804673297145], [-70.47598789230945, 18.66782677293418], [-70.47628681207954, 18.667738822783868], [-70.47637143210926, 18.667882022735906], [-70.47713710212774, 18.668733792316228], [-70.47828575218314, 18.670060791685], [-70.47871433205549, 18.670292931457954], [-70.47907897262121, 18.671686121226212], [-70.47947668323826, 18.673205640973418], [-70.48123810220046, 18.673250370069514], [-70.48128977298889, 18.67470348999608], [-70.48162197339356, 18.67577640979119], [-70.48193463377504, 18.67678726959831], [-70.48295790317597, 18.676820339072925], [-70.48314998293742, 18.67660300898154], [-70.48347865250503, 18.676188198826573], [-70.48430576259412, 18.67723143836902], [-70.48439257298263, 18.678013138299217], [-70.48438619324614, 18.67847344828757], [-70.48456127312794, 18.67845130819858], [-70.48519589272124, 18.678409627874775], [-70.48567774232976, 18.678231417633686], [-70.48575541223815, 18.678152197596457], [-70.48624047412916, 18.682023677222304], [-70.48620638414585, 18.68201676724]]]]}, "geometry_name": "the_geom", "properties": {"AREA": 378960.26, "PARCELA": "1069-A-2", "PROVINCIA": "Peravia", "MUNICIPIO": "San Jos\u00e9 de Ocoa", "DC": "2", "area_calc_m2": 378960, "touches_family_land": false, "owner": null, "owner_source": null, "family": false, "shift_note": "RI historic layer shifted -11.0 m E, -10.5 m N to the plano 2026 frame"}}, {"type": "Feature", "id": "ParcelasHistoricas.45947", "geometry": {"type": "MultiPolygon", "coordinates": [[[[-70.48600538736741, 18.722904786017015], [-70.48531918775929, 18.722863296370804], [-70.484363568167, 18.722561616871403], [-70.48365241841083, 18.722231867247366], [-70.4834153682248, 18.72164954738796], [-70.48320794798911, 18.721011107515142], [-70.48301533799055, 18.720807647620653], [-70.48334128734878, 18.720021857478653], [-70.48361537716703, 18.719993797338784], [-70.48448209666635, 18.720035886892298], [-70.48497759626521, 18.71985678664362], [-70.4853101259846, 18.719716466477408], [-70.48559985562584, 18.719392176339117], [-70.48567887552333, 18.719295506301677], [-70.48589205535855, 18.719232266194258], [-70.48608465531342, 18.719358556091265], [-70.48601058552492, 18.71965322611975], [-70.48614637555565, 18.719852826043546], [-70.48662790555774, 18.720371775779444], [-70.48600538736741, 18.722904786017015]]]]}, "geometry_name": "the_geom", "properties": {"AREA": 100039, "PARCELA": "1311", "PROVINCIA": "Trujillo Valdez", "MUNICIPIO": "San Jos\u00e9 de Ocoa", "DC": "2", "area_calc_m2": 100030, "touches_family_land": false, "owner": null, "owner_source": null, "family": false, "shift_note": "RI historic layer shifted -11.0 m E, -10.5 m N to the plano 2026 frame"}}, {"type": "Feature", "id": "ParcelasHistoricas.240978", "geometry": {"type": "MultiPolygon", "coordinates": [[[[-70.48351963621748, 18.682812508591116], [-70.48329931574298, 18.681735828738887], [-70.48425655483096, 18.68114392826749], [-70.48450331460207, 18.681002368145613], [-70.48535343517808, 18.68293321764737], [-70.48514308549726, 18.683273717744132], [-70.48461123606559, 18.683711638002514], [-70.48423895629935, 18.683727468192806], [-70.48330539664909, 18.68334807868359], [-70.48340719646407, 18.683129178638495], [-70.48351963621748, 18.682812508591116]]]]}, "geometry_name": "the_geom", "properties": {"AREA": 43418.391, "PARCELA": "1205", "PROVINCIA": "Peravia", "MUNICIPIO": "San Jos\u00e9 de Ocoa", "DC": "2", "area_calc_m2": 43418, "touches_family_land": false, "owner": null, "owner_source": null, "family": false, "shift_note": "RI historic layer shifted -11.0 m E, -10.5 m N to the plano 2026 frame"}}, {"type": "Feature", "id": "ParcelasHistoricas.282313", "geometry": {"type": "MultiPolygon", "coordinates": [[[[-70.48186801444771, 18.695623319023607], [-70.48192222406709, 18.6950074690157], [-70.48199180384938, 18.69469641899007], [-70.4822790833663, 18.694148408860432], [-70.48252161310546, 18.693946038742585], [-70.48265258307853, 18.69403847867243], [-70.48293322288403, 18.693994368529918], [-70.48324528283666, 18.694244378361788], [-70.48386422274267, 18.694740268028305], [-70.48419335241513, 18.694512437866887], [-70.48432154234983, 18.694534007800446], [-70.48481647217352, 18.694751457539585], [-70.48504081213646, 18.694925877418882], [-70.48534388193151, 18.694887337264706], [-70.48585051189093, 18.69535768698965], [-70.48547983236409, 18.695798847165438], [-70.48538130279658, 18.696459227194563], [-70.48467522394449, 18.69773606751533], [-70.48462466380279, 18.69743105755115], [-70.48445883395257, 18.69751878763336], [-70.48278443404953, 18.695898788544635], [-70.48215383420649, 18.69550201888092], [-70.48186801444771, 18.695623319023607]]]]}, "geometry_name": "the_geom", "properties": {"AREA": 88274.519, "PARCELA": "1182", "PROVINCIA": "Peravia", "MUNICIPIO": "San Jos\u00e9 de Ocoa", "DC": "2", "area_calc_m2": 88274, "touches_family_land": false, "owner": null, "owner_source": null, "family": false, "shift_note": "RI historic layer shifted -11.0 m E, -10.5 m N to the plano 2026 frame"}}, {"type": "Feature", "id": "ParcelasHistoricas.289324", "geometry": {"type": "MultiPolygon", "coordinates": [[[[-70.4819183347432, 18.696200278979152], [-70.48202402471347, 18.696260708922978], [-70.48260603464685, 18.696765458608116], [-70.48263977467903, 18.6968585485878], [-70.48315830451473, 18.697122448313287], [-70.48343834445922, 18.697323798163122], [-70.48334315460684, 18.697483308206785], [-70.48336212462674, 18.697538808195258], [-70.48364086490733, 18.698333808026547], [-70.48352964515855, 18.698659528073062], [-70.48354335583734, 18.69987577802667], [-70.4835618866245, 18.70128886797144], [-70.48381908644595, 18.701248047840785], [-70.48494978532167, 18.700467907285987], [-70.48582558569767, 18.70207068678475], [-70.48636796578617, 18.702807816482583], [-70.48649595580854, 18.702984376411198], [-70.48625570603576, 18.703129476529746], [-70.48515902674396, 18.703209277089815], [-70.4836089378787, 18.703558887873832], [-70.4811077489004, 18.702691179185358], [-70.48012407953219, 18.70275696968805], [-70.47987435969806, 18.702783389815345], [-70.4794957592151, 18.70152393005026], [-70.4798811587354, 18.70108725986657], [-70.47998264858181, 18.70092401981975], [-70.48011757833494, 18.700631449759953], [-70.48022259823314, 18.70056362970825], [-70.4802547980885, 18.70034212969887], [-70.48024698800619, 18.700188069707853], [-70.48032574785375, 18.700002549673428], [-70.48040440767434, 18.69976915964059], [-70.48042818750734, 18.699499049637108], [-70.4804395372738, 18.699097849644225], [-70.48065692681382, 18.698516269551472], [-70.48074437659217, 18.698217489516242], [-70.48089802631092, 18.69788400944818], [-70.4810028660622, 18.697555909404986], [-70.48106017595727, 18.697431469379605], [-70.4810330458315, 18.69717980940165], [-70.48120997559798, 18.696955699318124], [-70.48136198553587, 18.697008379238437], [-70.48166053521537, 18.696760409093294], [-70.48169032494907, 18.696320849092213], [-70.48190674475838, 18.69621474898463], [-70.4819183347432, 18.696200278979152]]]]}, "geometry_name": "the_geom", "properties": {"AREA": 298180.946, "PARCELA": "1172", "PROVINCIA": "Peravia", "MUNICIPIO": "San Jos\u00e9 de Ocoa", "DC": "2", "area_calc_m2": 298181, "touches_family_land": false, "owner": null, "owner_source": null, "family": false, "shift_note": "RI historic layer shifted -11.0 m E, -10.5 m N to the plano 2026 frame"}}, {"type": "Feature", "id": "ParcelasHistoricas.45953", "geometry": {"type": "MultiPolygon", "coordinates": [[[[-70.48334128734878, 18.720021857478653], [-70.48363413704563, 18.719799257335445], [-70.4837922268977, 18.719706867257244], [-70.4842631464911, 18.71949182702235], [-70.48458852632243, 18.719541736853632], [-70.4847576062072, 18.71951890676754], [-70.48491905609148, 18.719487046685657], [-70.48512424592677, 18.719415376582614], [-70.48521337586743, 18.71940581653715], [-70.485344565734, 18.719310246472876], [-70.48558338548314, 18.719122286356324], [-70.48567887552333, 18.719295506301677], [-70.48559985562584, 18.719392176339117], [-70.4853101259846, 18.719716466477408], [-70.48497759626521, 18.71985678664362], [-70.48448209666635, 18.720035886892298], [-70.48361537716703, 18.719993797338784], [-70.48334128734878, 18.720021857478653]]]]}, "geometry_name": "the_geom", "properties": {"AREA": 9564, "PARCELA": "1432", "PROVINCIA": "Trujillo Valdez", "MUNICIPIO": "San Jos\u00e9 de Ocoa", "DC": "2", "area_calc_m2": 9563, "touches_family_land": false, "owner": null, "owner_source": null, "family": false, "shift_note": "RI historic layer shifted -11.0 m E, -10.5 m N to the plano 2026 frame"}}, {"type": "Feature", "id": "ParcelasHistoricas.340613", "geometry": {"type": "MultiPolygon", "coordinates": [[[[-70.47821682584319, 18.729550729804227], [-70.4782828557411, 18.729440989773817], [-70.47834131565125, 18.729344819746863], [-70.4784398754924, 18.729169619701842], [-70.47849191541331, 18.7290855796778], [-70.47826825549393, 18.72898887979588], [-70.47810985555549, 18.728928279879245], [-70.47838755494922, 18.72815438976142], [-70.47918122388697, 18.727126539386617], [-70.47925417382127, 18.72708849935035], [-70.47968146340065, 18.726802289139982], [-70.47985718325103, 18.72672583905214], [-70.48023261286745, 18.72644961886812], [-70.48083707230695, 18.726105728568605], [-70.48386068070668, 18.726511837001922], [-70.48379896096657, 18.72690501702091], [-70.48462701095356, 18.727767716567556], [-70.48571005074636, 18.728560175985447], [-70.48552023107875, 18.728944396070517], [-70.4851041214422, 18.72914143627794], [-70.48443594194441, 18.729313926615674], [-70.4833059628813, 18.729760457181886], [-70.48089914438994, 18.729851598415845], [-70.48066282449902, 18.729791588539243], [-70.47888950556757, 18.72978298945098], [-70.47843592582146, 18.729746509685306], [-70.47823038585284, 18.729582239796244], [-70.47821682584319, 18.729550729804227]]]]}, "geometry_name": "the_geom", "properties": {"AREA": 234713.902, "PARCELA": "53", "PROVINCIA": "Peravia", "MUNICIPIO": "San Jos\u00e9 de Ocoa", "DC": "2", "area_calc_m2": 234714, "touches_family_land": false, "owner": null, "owner_source": null, "family": false, "shift_note": "RI historic layer shifted -11.0 m E, -10.5 m N to the plano 2026 frame"}}, {"type": "Feature", "id": "ParcelasHistoricas.268122", "geometry": {"type": "MultiPolygon", "coordinates": [[[[-70.48450331460207, 18.681002368145613], [-70.48425655483096, 18.68114392826749], [-70.48329931574298, 18.681735828738887], [-70.48351963621748, 18.682812508591116], [-70.48340719646407, 18.683129178638495], [-70.48330539664909, 18.68334807868359], [-70.48423895629935, 18.683727468192806], [-70.48324260774115, 18.685215968655314], [-70.48281840806467, 18.68533522886891], [-70.48254501821408, 18.68530740900996], [-70.4822057583989, 18.685271849185025], [-70.48210290839428, 18.685153599241577], [-70.48205622834486, 18.68501604926995], [-70.48175142844003, 18.684858559431298], [-70.48156096850933, 18.684777539531552], [-70.48152781832614, 18.684417509560177], [-70.48119133835245, 18.68410406974279], [-70.48118899818424, 18.683803569753707], [-70.48088359821581, 18.683532769919005], [-70.48082018809453, 18.683250019960646], [-70.48051678809529, 18.68292679012661], [-70.48029013824295, 18.682945930242187], [-70.480171848036, 18.68245268031874], [-70.48006051793509, 18.682154770385427], [-70.47967080775798, 18.68142407060877], [-70.47933516800036, 18.681494480778554], [-70.47900173806897, 18.68125937095706], [-70.47892420805783, 18.681156701000113], [-70.47908198747965, 18.680300950946826], [-70.47942017720122, 18.68016939077772], [-70.47950142702459, 18.67994330074336], [-70.48037232623425, 18.679474390312127], [-70.48132592536882, 18.678960939839982], [-70.48139898558813, 18.679427819787456], [-70.48158286563866, 18.67971409968396], [-70.48236981496605, 18.67936412929198], [-70.48229172493653, 18.679228219336395], [-70.48286964444347, 18.6789727290485], [-70.48305324427344, 18.67886781895781], [-70.48314739417263, 18.678789938912086], [-70.48409918439893, 18.68020969837839], [-70.48433264454408, 18.68071690824232], [-70.48450142460008, 18.680996808146766], [-70.48450331460207, 18.681002368145613]]]]}, "geometry_name": "the_geom", "properties": {"AREA": 242665.71, "PARCELA": "1206", "PROVINCIA": "Peravia", "MUNICIPIO": "San Jos\u00e9 de Ocoa", "DC": "2", "area_calc_m2": 242666, "touches_family_land": false, "owner": null, "owner_source": null, "family": false, "shift_note": "RI historic layer shifted -11.0 m E, -10.5 m N to the plano 2026 frame"}}, {"type": "Feature", "id": "ParcelasHistoricas.261571", "geometry": {"type": "MultiPolygon", "coordinates": [[[[-70.4808084512494, 18.688826219786588], [-70.48064317164055, 18.689342209854686], [-70.48067344170231, 18.689483959834583], [-70.48075790182132, 18.689785099781556], [-70.48093473186258, 18.6900473396824], [-70.48129777211457, 18.690881999469266], [-70.48119815225857, 18.69103041951556], [-70.48169930208954, 18.691267239250912], [-70.4820212219384, 18.691343989083336], [-70.48235194180151, 18.69145543891014], [-70.48354711042992, 18.690305058334488], [-70.48416185004098, 18.690273988020298], [-70.48409012040113, 18.690835178038903], [-70.48446004028456, 18.69102455784309], [-70.4846710002438, 18.691178117729958], [-70.48464305029022, 18.691230457742595], [-70.48395516104284, 18.691827288075984], [-70.48359049145945, 18.69217487825173], [-70.48335934169663, 18.692347578364668], [-70.4816204633328, 18.693384469222924], [-70.48129114358005, 18.69346994938907], [-70.48107621369701, 18.69344709950005], [-70.48005970355436, 18.692107130064667], [-70.47979557363347, 18.691964690204745], [-70.47956938333479, 18.69119392034561], [-70.4789603536274, 18.691060610662284], [-70.47815011435097, 18.691475221064504], [-70.4770695052656, 18.691938971603882], [-70.47647125600182, 18.69260259188944], [-70.47639017614829, 18.692775191925485], [-70.47629056625706, 18.69286124197382], [-70.47583529664666, 18.693064132200867], [-70.4753408571695, 18.693460962441794], [-70.4745241278074, 18.69371690285263], [-70.47436119795651, 18.693806662933348], [-70.47417015790742, 18.69351556304072], [-70.47374480775136, 18.69278467328242], [-70.47361042770017, 18.69255040335889], [-70.47452697651498, 18.691432322924516], [-70.47457324624672, 18.69100687291444], [-70.4745788260777, 18.690713632920996], [-70.47456922524418, 18.689227722973637], [-70.4744121150875, 18.68878238306853], [-70.47483170471716, 18.68857526285995], [-70.47539562433164, 18.68849559257325], [-70.47629115356375, 18.688093392126852], [-70.47650490331975, 18.68788987202377], [-70.47662333322614, 18.687850761964285], [-70.47704491290666, 18.68773584175177], [-70.47778936294166, 18.68859394134234], [-70.47796636293431, 18.688770191245887], [-70.47842061254495, 18.688566531019482], [-70.47877130220071, 18.6883319708472], [-70.47902853190956, 18.688091450723032], [-70.48010015127556, 18.688114910172754], [-70.48029232127233, 18.688314740067764], [-70.48043093133668, 18.688576989988224], [-70.48082256124387, 18.688831549779184], [-70.4808084512494, 18.688826219786588]]]]}, "geometry_name": "the_geom", "properties": {"AREA": 380685.84, "PARCELA": "1194", "PROVINCIA": "Peravia", "MUNICIPIO": "San Jos\u00e9 de Ocoa", "DC": "2", "area_calc_m2": 380686, "touches_family_land": false, "owner": null, "owner_source": null, "family": false, "shift_note": "RI historic layer shifted -11.0 m E, -10.5 m N to the plano 2026 frame"}}, {"type": "Feature", "id": "ParcelasHistoricas.288018", "geometry": {"type": "MultiPolygon", "coordinates": [[[[-70.48111062491341, 18.695637549411657], [-70.48102521492454, 18.695565919457785], [-70.48102222449768, 18.694806969483825], [-70.48058147472862, 18.694744379711935], [-70.48016849482858, 18.69447956993232], [-70.47948708521824, 18.694440590283126], [-70.47902174560149, 18.694621320516013], [-70.47902968532621, 18.694142510527374], [-70.47880786552899, 18.694264280637235], [-70.47850484534332, 18.693611520813718], [-70.47791714540152, 18.69308602113213], [-70.47791582526452, 18.692842071140667], [-70.47788977507149, 18.692472461165934], [-70.47727232519863, 18.69203727149668], [-70.4770695052656, 18.691938981603887], [-70.47815011435097, 18.691475221064504], [-70.4789603536274, 18.691060610662284], [-70.47956938333479, 18.69119392034561], [-70.47979557363347, 18.691964690204745], [-70.48005970355436, 18.692107130064667], [-70.48106883370431, 18.69345214950367], [-70.48128376358737, 18.6934749993927], [-70.4816130933401, 18.693389529226536], [-70.48335196170393, 18.6923526383683], [-70.48358312146675, 18.692179938255347], [-70.48372786145285, 18.692310218176903], [-70.4840478013691, 18.692504268006555], [-70.48433763126387, 18.69262807785393], [-70.4838802620966, 18.69361332805656], [-70.48364957237482, 18.69385915816691], [-70.48324528283666, 18.694244378361788], [-70.48293322288403, 18.693994368529918], [-70.48265258307853, 18.69403847867243], [-70.48252161310546, 18.693946038742585], [-70.4822790833663, 18.694148408860432], [-70.48199180384938, 18.69469641899007], [-70.48192222406709, 18.6950074690157], [-70.48186801444771, 18.695623319023607], [-70.48129997480761, 18.695652779314038], [-70.48112932491009, 18.695651679401607], [-70.48111062491341, 18.695637549411657]]]]}, "geometry_name": "the_geom", "properties": {"AREA": 152963.43, "PARCELA": "1184", "PROVINCIA": "Peravia", "MUNICIPIO": "San Jos\u00e9 de Ocoa", "DC": "2", "area_calc_m2": 152963, "touches_family_land": false, "owner": null, "owner_source": null, "family": false, "shift_note": "RI historic layer shifted -11.0 m E, -10.5 m N to the plano 2026 frame"}}, {"type": "Feature", "id": "ParcelasHistoricas.233749", "geometry": {"type": "MultiPolygon", "coordinates": [[[[-70.48356471662254, 18.70128841796999], [-70.48354335583734, 18.69987577802667], [-70.48352964515855, 18.698659528073062], [-70.48364086490733, 18.698333808026547], [-70.48336212462674, 18.697538808195258], [-70.48334315460684, 18.697483308206785], [-70.48343834445922, 18.697323798163122], [-70.48372211437002, 18.697469548012847], [-70.48376056442049, 18.697600027988894], [-70.48393703438062, 18.69771823789455], [-70.48401577436279, 18.69777095785246], [-70.48416286432048, 18.697853437774338], [-70.48424957416272, 18.6976669077359], [-70.4843459040468, 18.6975647576898], [-70.48441742398998, 18.697540697653896], [-70.48462466380279, 18.69743105755115], [-70.48483620439578, 18.69870727740129], [-70.48494978532167, 18.700467907285987], [-70.48381908644595, 18.701248047840785], [-70.48356471662254, 18.70128841796999]]], [[[-70.48356471662254, 18.70128841796999], [-70.48356471662254, 18.70128841796999], [-70.48355905662646, 18.70128931797287], [-70.48356471662254, 18.70128841796999]]]]}, "geometry_name": "the_geom", "properties": {"AREA": 51458.299, "PARCELA": "1171", "PROVINCIA": "Peravia", "MUNICIPIO": "San Jos\u00e9 de Ocoa", "DC": "2", "area_calc_m2": 51458, "touches_family_land": false, "owner": null, "owner_source": null, "family": false, "shift_note": "RI historic layer shifted -11.0 m E, -10.5 m N to the plano 2026 frame"}}, {"type": "Feature", "id": "ParcelasHistoricas.45952", "geometry": {"type": "MultiPolygon", "coordinates": [[[[-70.484363568167, 18.722561616871403], [-70.48425745832407, 18.722725726920608], [-70.48370875882648, 18.723026777192704], [-70.48364820901725, 18.723299147215005], [-70.48320546928316, 18.723295567442545], [-70.48306166930531, 18.723180877520125], [-70.4826491995448, 18.723162957732594], [-70.48133989047506, 18.72340666839736], [-70.4807339609358, 18.7235728687033], [-70.48022688122911, 18.7235489789646], [-70.48003831103087, 18.72299705907929], [-70.48025117085186, 18.722908358972788], [-70.48069391056114, 18.72286803874662], [-70.48100042044412, 18.722988998585247], [-70.4814292397027, 18.722137348392433], [-70.48365241841083, 18.722231867247366], [-70.484363568167, 18.722561616871403]]]]}, "geometry_name": "the_geom", "properties": {"AREA": 42688, "PARCELA": "1313", "PROVINCIA": "Trujillo Valdez", "MUNICIPIO": "San Jos\u00e9 de Ocoa", "DC": "2", "area_calc_m2": 42684, "touches_family_land": false, "owner": null, "owner_source": null, "family": false, "shift_note": "RI historic layer shifted -11.0 m E, -10.5 m N to the plano 2026 frame"}}, {"type": "Feature", "id": "ParcelasHistoricas.251924", "geometry": {"type": "MultiPolygon", "coordinates": [[[[-70.4844164039914, 18.697542167654365], [-70.48434488404823, 18.69756622769027], [-70.48424855416415, 18.69766837773638], [-70.48416177432195, 18.69785488777485], [-70.48401468436427, 18.697772407852963], [-70.48393703438062, 18.69771823789455], [-70.48376056442049, 18.697600027988894], [-70.48372211437002, 18.697469548012847], [-70.48343834445922, 18.697323798163122], [-70.48315830451473, 18.697122448313287], [-70.48263977467903, 18.6968585485878], [-70.48260603464685, 18.696765458608116], [-70.48202402471347, 18.696260708922978], [-70.4819183347432, 18.696200278979152], [-70.48142687480008, 18.695775229244987], [-70.48130001480789, 18.695653339314], [-70.48186801444771, 18.695623319023607], [-70.48215383420649, 18.69550201888092], [-70.48278443404953, 18.695898788544635], [-70.48445883395257, 18.69751878763336], [-70.4844164039914, 18.697542167654365]]]]}, "geometry_name": "the_geom", "properties": {"AREA": 24887.173, "PARCELA": "1183", "PROVINCIA": "Peravia", "MUNICIPIO": "San Jos\u00e9 de Ocoa", "DC": "2", "area_calc_m2": 24887, "touches_family_land": false, "owner": null, "owner_source": null, "family": false, "shift_note": "RI historic layer shifted -11.0 m E, -10.5 m N to the plano 2026 frame"}}, {"type": "Feature", "id": "ParcelasHistoricas.45948", "geometry": {"type": "MultiPolygon", "coordinates": [[[[-70.4814292397027, 18.722137348392433], [-70.48044654029405, 18.722131578897464], [-70.48011319051166, 18.722159639067826], [-70.47983910053456, 18.72190706921678], [-70.48008356029138, 18.721738689096618], [-70.48055765983776, 18.72144401886256], [-70.48075025963388, 18.7212896687686], [-70.4810836192694, 18.72100201860663], [-70.48165401883695, 18.720847668318605], [-70.48217997852267, 18.720854688048217], [-70.48277260793382, 18.720447757756965], [-70.48303187756261, 18.72006889763605], [-70.48334128734878, 18.720021857478653], [-70.48301533799055, 18.720807647620653], [-70.48320794798911, 18.721011107515142], [-70.4834153682248, 18.72164954738796], [-70.48365241841083, 18.722231867247366], [-70.4814292397027, 18.722137348392433]]]]}, "geometry_name": "the_geom", "properties": {"AREA": 48598, "PARCELA": "1312", "PROVINCIA": "Trujillo Valdez", "MUNICIPIO": "San Jos\u00e9 de Ocoa", "DC": "2", "area_calc_m2": 48594, "touches_family_land": false, "owner": null, "owner_source": null, "family": false, "shift_note": "RI historic layer shifted -11.0 m E, -10.5 m N to the plano 2026 frame"}}, {"type": "Feature", "id": "ParcelasHistoricas.335310", "geometry": {"type": "MultiPolygon", "coordinates": [[[[-70.4779634529377, 18.688773111247286], [-70.47778645294507, 18.688596861343736], [-70.47704199291007, 18.687738761753177], [-70.47733563273948, 18.687750671602192], [-70.47895644105057, 18.686492960811545], [-70.4798555913474, 18.6879805103025], [-70.48040832087901, 18.687742180026767], [-70.48099803035983, 18.68745341973371], [-70.48089075035477, 18.687329729792715], [-70.48118243005413, 18.68710921965028], [-70.48145120001894, 18.687334449505205], [-70.48216329992557, 18.687930959120816], [-70.48207908000596, 18.68798321916231], [-70.48102916091851, 18.688476329684708], [-70.48095267102845, 18.68858918972029], [-70.48082256124387, 18.688831549779184], [-70.4804309313367, 18.688576999988225], [-70.48029232127233, 18.688314740067764], [-70.48010015127556, 18.688114910172754], [-70.47902853190956, 18.688091450723032], [-70.47877130220071, 18.6883319708472], [-70.47842062254496, 18.68856653101948], [-70.47796636293431, 18.688770191245887], [-70.4779634529377, 18.688773111247286]]]]}, "geometry_name": "the_geom", "properties": {"AREA": 55518.728, "PARCELA": "1202", "PROVINCIA": "Peravia", "MUNICIPIO": "San Jos\u00e9 de Ocoa", "DC": "2", "area_calc_m2": 55519, "touches_family_land": false, "owner": null, "owner_source": null, "family": false, "shift_note": "RI historic layer shifted -11.0 m E, -10.5 m N to the plano 2026 frame"}}, {"type": "Feature", "id": "ParcelasHistoricas.273718", "geometry": {"type": "MultiPolygon", "coordinates": [[[[-70.48130214482224, 18.69568099931201], [-70.48128841482307, 18.69566780931948], [-70.48133023480536, 18.695681179297594], [-70.48130214482224, 18.69568099931201]]], [[[-70.48130214482224, 18.69568099931201], [-70.48141527481528, 18.695789699250472], [-70.48190674475838, 18.69621474898463], [-70.48169032494907, 18.696320849092213], [-70.48166053521537, 18.696760409093294], [-70.48136198553587, 18.697008379238437], [-70.48120997559798, 18.696955699318124], [-70.4810330458315, 18.69717980940165], [-70.48106017595727, 18.697431469379605], [-70.4810028660622, 18.697555899404986], [-70.48089802631092, 18.69788400944818], [-70.48074437659217, 18.698217489516242], [-70.48065717681317, 18.698515399551365], [-70.48043979727314, 18.699096979644125], [-70.48042843750669, 18.699498179637004], [-70.4804046576737, 18.699768289640495], [-70.48032599785311, 18.700001679673324], [-70.48024723800553, 18.70018719970775], [-70.48025504808787, 18.70034125969877], [-70.48022285823248, 18.700562759708138], [-70.48011783833428, 18.700630579759846], [-70.47998289858116, 18.70092314981965], [-70.47988140873477, 18.701086389866465], [-70.47949600921446, 18.701523060050164], [-70.4798746096974, 18.70278251981524], [-70.47921493019078, 18.70294995014841], [-70.47910577020353, 18.702855780207468], [-70.47861143041952, 18.702709270465906], [-70.4781381703631, 18.70210344072832], [-70.47675929127561, 18.702243491431542], [-70.47637488138666, 18.702029031635753], [-70.47549727109303, 18.700571332133062], [-70.47396917141903, 18.69951463295134], [-70.47291224184482, 18.69913831350593], [-70.4723762520738, 18.698970593786434], [-70.47220350202703, 18.698703233883688], [-70.47210769187672, 18.698334903944662], [-70.4729094012506, 18.69808398354119], [-70.47373348061409, 18.697838593126086], [-70.47429900089661, 18.698942912800394], [-70.47641628930496, 18.698390071731513], [-70.47638927980104, 18.699238991718076], [-70.47779137926578, 18.699790970980757], [-70.47803894885172, 18.699323030868783], [-70.47808613867372, 18.69905848085308], [-70.47832381695873, 18.6962774208207], [-70.47876787642157, 18.69580155060821], [-70.47895655599191, 18.695242750529417], [-70.47894728593644, 18.695134680537667], [-70.47907267569427, 18.694840040482838], [-70.47907069559592, 18.69466386048953], [-70.4795360352127, 18.69448313025664], [-70.48021744482303, 18.69452210990584], [-70.48063042472309, 18.694786919685445], [-70.48107117449213, 18.694849509457335], [-70.48107416491901, 18.695608469431296], [-70.48115957490786, 18.695680089385174], [-70.48130214482224, 18.69568099931201]]]]}, "geometry_name": "the_geom", "properties": {"AREA": 348971.911, "PARCELA": "1173", "PROVINCIA": "Peravia", "MUNICIPIO": "San Jos\u00e9 de Ocoa", "DC": "2", "area_calc_m2": 348976, "touches_family_land": false, "owner": null, "owner_source": null, "family": false, "shift_note": "RI historic layer shifted -11.0 m E, -10.5 m N to the plano 2026 frame"}}, {"type": "Feature", "id": "ParcelasHistoricas.330620", "geometry": {"type": "MultiPolygon", "coordinates": [[[[-70.48059283528363, 18.678025550245895], [-70.48072791530194, 18.678202520170952], [-70.48132592536882, 18.678960939839982], [-70.48037232623425, 18.679474390312127], [-70.47950142702459, 18.67994330074336], [-70.47942017720122, 18.68016939077772], [-70.47908198747965, 18.680300950946826], [-70.47873202746439, 18.679899551139158], [-70.47846386753098, 18.679730741282054], [-70.47768657800701, 18.679742811680104], [-70.4756407486947, 18.678773352760057], [-70.47670430777052, 18.67827320223094], [-70.47780067681784, 18.677757611685557], [-70.47875985631248, 18.677887981189738], [-70.47993816566898, 18.678008120581968], [-70.48043390527756, 18.677844750333172], [-70.48059102529523, 18.67804416024622], [-70.48059283528363, 18.678025550245895]]]]}, "geometry_name": "the_geom", "properties": {"AREA": 94067.222, "PARCELA": "1075", "PROVINCIA": "Peravia", "MUNICIPIO": "San Jos\u00e9 de Ocoa", "DC": "2", "area_calc_m2": 94067, "touches_family_land": false, "owner": null, "owner_source": null, "family": false, "shift_note": "RI historic layer shifted -11.0 m E, -10.5 m N to the plano 2026 frame"}}, {"type": "Feature", "id": "ParcelasHistoricas.302896", "geometry": {"type": "MultiPolygon", "coordinates": [[[[-70.47908051747959, 18.680299260947635], [-70.47908486746348, 18.68027541094617], [-70.47908198747965, 18.680300950946826], [-70.47908051747959, 18.680299260947635]]], [[[-70.47908051747959, 18.680299260947635], [-70.47892420805783, 18.681156701000113], [-70.47900173806897, 18.68125937095706], [-70.47933516800036, 18.681494480778554], [-70.47967080775798, 18.68142407060877], [-70.48006051793509, 18.682154770385427], [-70.480171848036, 18.68245268031874], [-70.48029013824295, 18.682945930242187], [-70.48051678809529, 18.68292679012661], [-70.48082018809453, 18.683250019960646], [-70.48088359821581, 18.683532769919005], [-70.48118899818424, 18.683803569753707], [-70.48119133835245, 18.68410406974279], [-70.48152782832614, 18.684417509560173], [-70.48156096850933, 18.684777539531552], [-70.48121352881921, 18.68495481970394], [-70.48094618901895, 18.6850226298388], [-70.48076896918656, 18.685129999926186], [-70.4802105697428, 18.685517980199947], [-70.48003533988756, 18.685587000287573], [-70.48118243005413, 18.68710921965028], [-70.48089075035477, 18.687329729792715], [-70.48099802035982, 18.687453419733718], [-70.48040832087901, 18.687742180026767], [-70.4798555913474, 18.6879805103025], [-70.47895644105057, 18.686492960811545], [-70.47733563273948, 18.687750671602192], [-70.47704199291007, 18.687738761753177], [-70.47662042322953, 18.687853681965688], [-70.47650199332314, 18.687892792025163], [-70.47628823356716, 18.68809631212826], [-70.47539271433507, 18.688498512574654], [-70.47482878472059, 18.688578182861352], [-70.47440920509092, 18.68878530306993], [-70.47288769623155, 18.689178233837854], [-70.4727856264176, 18.68939850388316], [-70.47224025705178, 18.689938244145647], [-70.4720518571994, 18.689998214240397], [-70.47180464742696, 18.6901367843628], [-70.47168196736288, 18.689892234433575], [-70.46938617688718, 18.68659684571691], [-70.46932029672244, 18.68623487576228], [-70.4701943054358, 18.684890885356882], [-70.47094844432569, 18.683731205007156], [-70.47062595437431, 18.68347268518084], [-70.4705169643443, 18.68330298524218], [-70.47064516417197, 18.683134885181794], [-70.47071416407537, 18.683037565149526], [-70.47086567384645, 18.682794085079607], [-70.47078167375463, 18.682541735130766], [-70.47097341344129, 18.682191725043634], [-70.47113073321063, 18.681951404970636], [-70.47217157268122, 18.682126284431234], [-70.47285455182697, 18.681343324106088], [-70.47307127126031, 18.680571304019715], [-70.47345945096929, 18.680470783823893], [-70.47455303042811, 18.680681273256408], [-70.47468990057618, 18.681089953173107], [-70.47476684061284, 18.68123714312892], [-70.47487605051005, 18.681171813075032], [-70.47511977025283, 18.68097676295633], [-70.47567044921735, 18.679731132714043], [-70.4756407486947, 18.678773352760057], [-70.47768657800701, 18.679742811680104], [-70.47846386753098, 18.679730741282054], [-70.47873202746439, 18.679899551139158], [-70.47908051747959, 18.680299260947635]]]]}, "geometry_name": "the_geom", "properties": {"AREA": 926084.113, "PARCELA": "1207", "PROVINCIA": "Peravia", "MUNICIPIO": "San Jos\u00e9 de Ocoa", "DC": "2", "area_calc_m2": 926085, "touches_family_land": false, "owner": null, "owner_source": null, "family": false, "shift_note": "RI historic layer shifted -11.0 m E, -10.5 m N to the plano 2026 frame"}}, {"type": "Feature", "id": "ParcelasHistoricas.323892", "geometry": {"type": "MultiPolygon", "coordinates": [[[[-70.48043390527756, 18.677844750333172], [-70.47993816566898, 18.678008120581968], [-70.47875985631248, 18.677887981189738], [-70.47780067681784, 18.677757611685557], [-70.47670430777052, 18.67827320223094], [-70.4756407486947, 18.678773352760057], [-70.47445695871768, 18.677548243406278], [-70.47314891874294, 18.6761945041203], [-70.47310242838452, 18.675509704166107], [-70.47325706819181, 18.675333554092482], [-70.47351420790679, 18.67510340396806], [-70.47416513725003, 18.67463552364942], [-70.47431813704738, 18.674439953577277], [-70.47455434681125, 18.674274073461536], [-70.47560001599726, 18.67394963293603], [-70.47576291588965, 18.673933122853065], [-70.47612122590314, 18.674340212656332], [-70.47632819574655, 18.67428401255207], [-70.47658919559733, 18.67429869241784], [-70.47701493535237, 18.674319862198978], [-70.47736762514313, 18.67432624201803], [-70.47774576488564, 18.674274291825917], [-70.47809644465396, 18.674238731647357], [-70.47829832448087, 18.674147881546833], [-70.47844094455448, 18.674430911464626], [-70.47860384465575, 18.674784691369748], [-70.47864237468258, 18.674873441347135], [-70.47884379475963, 18.675225481232573], [-70.47896618484916, 18.67551514116051], [-70.47911371493201, 18.67581983107508], [-70.47911216499621, 18.675931951072258], [-70.47869694529432, 18.676016161282334], [-70.47850896537491, 18.675957931380548], [-70.47813600564338, 18.676034801569198], [-70.47800908579892, 18.676174711629745], [-70.47822709576556, 18.676348791512403], [-70.47860764566552, 18.676578571309964], [-70.47904960559428, 18.676925131072288], [-70.47999598541364, 18.677617390564944], [-70.48045287525743, 18.677829360323955], [-70.48043390527756, 18.677844750333172]]]]}, "geometry_name": "the_geom", "properties": {"AREA": 236228.654, "PARCELA": "1078", "PROVINCIA": "Peravia", "MUNICIPIO": "San Jos\u00e9 de Ocoa", "DC": "2", "area_calc_m2": 236229, "touches_family_land": false, "owner": null, "owner_source": null, "family": false, "shift_note": "RI historic layer shifted -11.0 m E, -10.5 m N to the plano 2026 frame"}}, {"type": "Feature", "id": "ParcelasHistoricas.292616", "geometry": {"type": "MultiPolygon", "coordinates": [[[[-70.47664699248487, 18.704262641424243], [-70.47660624219743, 18.703710601462905], [-70.47643908141714, 18.70215155159886], [-70.47641535137498, 18.70205161161425], [-70.47675929127561, 18.702243491431542], [-70.4781381703631, 18.70210344072832], [-70.47861143041952, 18.702709270465906], [-70.47910577020353, 18.702855780207468], [-70.47921493019078, 18.70294995014841], [-70.47929452020125, 18.70305361010422], [-70.47988690075216, 18.70466177974832], [-70.47986259124619, 18.70550979973345], [-70.47930604163237, 18.70559778001629], [-70.47855908215068, 18.70571587039592], [-70.47804775250547, 18.705796700655807], [-70.47740693282897, 18.7056837509884], [-70.47731773256189, 18.705115981052465], [-70.47664699248487, 18.704262641424243]]]]}, "geometry_name": "the_geom", "properties": {"AREA": 108558.242, "PARCELA": "1169", "PROVINCIA": "Peravia", "MUNICIPIO": "San Jos\u00e9 de Ocoa", "DC": "2", "area_calc_m2": 108558, "touches_family_land": false, "owner": null, "owner_source": null, "family": false, "shift_note": "RI historic layer shifted -11.0 m E, -10.5 m N to the plano 2026 frame"}}, {"type": "Feature", "id": "ParcelasHistoricas.57007", "geometry": {"type": "MultiPolygon", "coordinates": [[[[-70.46997413463558, 18.718610624391765], [-70.47012157449726, 18.71852374431877], [-70.4711672441319, 18.718995303766278], [-70.4714999344097, 18.71984140356821], [-70.47185282449347, 18.720366383370052], [-70.47231204442978, 18.720744443121923], [-70.4728587137194, 18.720073592862473], [-70.4732056534269, 18.71992752268886], [-70.4736968430861, 18.719850272438915], [-70.4755931319233, 18.71982220146541], [-70.47704683111888, 18.71995458071424], [-70.47910487044399, 18.720962029624452], [-70.48002609093, 18.722805719091735], [-70.4803012808889, 18.723027358943202], [-70.48036411117637, 18.72360250889237], [-70.47986405144758, 18.72354703915109], [-70.47907821199331, 18.723671099550867], [-70.47841478238281, 18.723650039892444], [-70.47806341273484, 18.723896330065074], [-70.47726282349335, 18.724380570460895], [-70.47704453349057, 18.724142350580742], [-70.47565581460576, 18.72462807127884], [-70.47434059580957, 18.72534885193172], [-70.47362087652873, 18.7258499422856], [-70.47321714692094, 18.72611127248477], [-70.47284629727869, 18.72634682266787], [-70.4726420274768, 18.726478382768672], [-70.47117859774379, 18.725386613555976], [-70.47062217778725, 18.724869063858588], [-70.46972445785953, 18.724037914346678], [-70.46853091758416, 18.722277025016517], [-70.4678924570612, 18.720671725395967], [-70.46764559647548, 18.719373715564263], [-70.46815348606866, 18.719197535308815], [-70.46973462489677, 18.718816184508288], [-70.46976592477954, 18.718642534497754], [-70.46997413463558, 18.718610624391765]]]]}, "geometry_name": "the_geom", "properties": {"AREA": 652064.93, "PARCELA": "167", "PROVINCIA": "Peravia", "MUNICIPIO": "San Jos\u00e9 de Ocoa", "DC": "2", "area_calc_m2": 652065, "touches_family_land": false, "owner": null, "owner_source": null, "family": false, "shift_note": "RI historic layer shifted -11.0 m E, -10.5 m N to the plano 2026 frame"}}, {"type": "Feature", "id": "ParcelasHistoricas.45950", "geometry": {"type": "MultiPolygon", "coordinates": [[[[-70.48042964149847, 18.724241688838088], [-70.47982961192909, 18.724360949142543], [-70.47860372324959, 18.72538328973955], [-70.47747587351411, 18.724644960342914], [-70.47645021440024, 18.72511404085494], [-70.47620809467826, 18.725346360971916], [-70.47599209484179, 18.72540435108107], [-70.47577108503886, 18.72551626119107], [-70.47565151460964, 18.724630331280974], [-70.47704453349057, 18.724142350580742], [-70.47726282349335, 18.724380570460895], [-70.47777022300049, 18.724052260210716], [-70.47841478238281, 18.723650039892444], [-70.47920735190853, 18.723659369484896], [-70.47978516149536, 18.723547119191625], [-70.48009629131504, 18.723561149031315], [-70.48042224127663, 18.72384178885478], [-70.48042964149847, 18.724241688838088]]]]}, "geometry_name": "the_geom", "properties": {"AREA": 52192, "PARCELA": "1315", "PROVINCIA": "Trujillo Valdez", "MUNICIPIO": "San Jos\u00e9 de Ocoa", "DC": "2", "area_calc_m2": 52186, "touches_family_land": false, "owner": null, "owner_source": null, "family": false, "shift_note": "RI historic layer shifted -11.0 m E, -10.5 m N to the plano 2026 frame"}}, {"type": "Feature", "id": "ParcelasHistoricas.340614", "geometry": {"type": "MultiPolygon", "coordinates": [[[[-70.47837543495584, 18.728153079767694], [-70.47760689586751, 18.72894175013734], [-70.47737394636455, 18.729570530236863], [-70.47709236656023, 18.729615140380172], [-70.47625004696876, 18.729436350818933], [-70.4753863571758, 18.72887901128084], [-70.47491988722683, 18.72847066153376], [-70.47320351748245, 18.72708822246047], [-70.47274609759346, 18.726795612705008], [-70.47282991750123, 18.726722282664266], [-70.47268824745977, 18.72649770274429], [-70.47309468706777, 18.72623971254361], [-70.47340713676199, 18.726033522389596], [-70.47391519625917, 18.725688362139486], [-70.47494876613082, 18.72656607158004], [-70.47521235616523, 18.72690850143355], [-70.47547640592478, 18.72676603130239], [-70.47574680569032, 18.72664089116742], [-70.47598125545535, 18.726476451052193], [-70.47615602526318, 18.72632382096727], [-70.47592035522628, 18.726006771098586], [-70.47585238511417, 18.72573613114222], [-70.47577108503886, 18.72551626119107], [-70.47600638482902, 18.72539710107396], [-70.47620809467826, 18.725346360971916], [-70.47642434442258, 18.72512587086786], [-70.47747588351409, 18.724644960342907], [-70.48023261286745, 18.72644961886812], [-70.47985718325103, 18.72672583905214], [-70.47968146340065, 18.726802289139982], [-70.47925417382127, 18.72708849935035], [-70.47918122388697, 18.727126539386617], [-70.47838755494922, 18.72815438976142], [-70.47837543495584, 18.728153079767694]]]]}, "geometry_name": "the_geom", "properties": {"AREA": 211575.297, "PARCELA": "54", "PROVINCIA": "Peravia", "MUNICIPIO": "San Jos\u00e9 de Ocoa", "DC": "2", "area_calc_m2": 211575, "touches_family_land": false, "owner": null, "owner_source": null, "family": false, "shift_note": "RI historic layer shifted -11.0 m E, -10.5 m N to the plano 2026 frame"}}, {"type": "Feature", "id": "ParcelasHistoricas.111430", "geometry": {"type": "MultiPolygon", "coordinates": [[[[-70.47828815448868, 18.674150821551944], [-70.47800439438625, 18.67366572171299], [-70.47789976427582, 18.673358011776518], [-70.47778138418924, 18.673077921846204], [-70.47761979414564, 18.67282780193706], [-70.47753106411346, 18.67267581198742], [-70.47781179384428, 18.672498901849277], [-70.47810478358312, 18.67234933170397], [-70.47817548360085, 18.672456381664286], [-70.47832651365746, 18.672718331578462], [-70.47845369380497, 18.673115881500475], [-70.47861025395837, 18.673555291406092], [-70.47882285415633, 18.6741336812785], [-70.47854950432605, 18.6741421314183], [-70.47829539448531, 18.67415259154818], [-70.47828815448868, 18.674150821551944]]]]}, "geometry_name": "the_geom", "properties": {"AREA": 12678.471, "PARCELA": "1077", "PROVINCIA": "Peravia", "MUNICIPIO": "San Jos\u00e9 de Ocoa", "DC": "2", "area_calc_m2": 12678, "touches_family_land": false, "owner": null, "owner_source": null, "family": false, "shift_note": "RI historic layer shifted -11.0 m E, -10.5 m N to the plano 2026 frame"}}, {"type": "Feature", "id": "ParcelasHistoricas.183036", "geometry": {"type": "MultiPolygon", "coordinates": [[[[-70.47410199323377, 18.667448793912563], [-70.47409136322338, 18.66741898391896], [-70.47416832317374, 18.667413283879718], [-70.47410199323377, 18.667448793912563]]], [[[-70.47410199323377, 18.667448793912563], [-70.47429697342456, 18.6679955637951], [-70.47440772348689, 18.668224483731002], [-70.47466814367448, 18.66883558357793], [-70.4752708336057, 18.669358173252323], [-70.47558691354037, 18.669580373083225], [-70.47613901373501, 18.670515932770243], [-70.47645331375362, 18.67088512259732], [-70.47681453372287, 18.671216932401546], [-70.47689166376563, 18.671375262356936], [-70.47705950386431, 18.671729712259527], [-70.47724460394225, 18.672065902153854], [-70.47735713405389, 18.672384152085943], [-70.47754444411677, 18.67269600197992], [-70.47763316414898, 18.67284799192956], [-70.47779475419257, 18.6730981118387], [-70.47791313427912, 18.673378201769015], [-70.47801776438958, 18.67368591170548], [-70.47830152449201, 18.67417101154444], [-70.47809942466496, 18.674261411645094], [-70.47774857489587, 18.67429542182379], [-70.47737026515283, 18.67434624201603], [-70.47701754536304, 18.674341582196938], [-70.47659167560951, 18.674322962415783], [-70.47633064575899, 18.67430871255002], [-70.47612329591509, 18.674363602654527], [-70.47576240590432, 18.673958582852507], [-70.47559942601158, 18.673974382935526], [-70.47455202682373, 18.674293713462088], [-70.47431562705982, 18.67445935357794], [-70.47416220726258, 18.67465462365031], [-70.47350870791904, 18.675119233970367], [-70.47325081820408, 18.675348624095207], [-70.47309533839692, 18.675524104169273], [-70.472104788773, 18.675131544689656], [-70.47184191880422, 18.674905864831647], [-70.4714551888682, 18.67460583503952], [-70.47075187006378, 18.675972375356334], [-70.47056667026592, 18.67613254544616], [-70.47044700029208, 18.67605096551013], [-70.47014156994182, 18.675103975697027], [-70.46978664009616, 18.674998095882394], [-70.46949286026523, 18.67498368603347], [-70.4693255004138, 18.675068036116595], [-70.46915180053233, 18.675092396204878], [-70.46905469075465, 18.675382476245396], [-70.46874427090232, 18.675312386406798], [-70.46846968097049, 18.675139736553113], [-70.46832490105167, 18.675128846627697], [-70.46829754103483, 18.675069736643607], [-70.4682575109841, 18.674937146668373], [-70.4680564510494, 18.674837976774644], [-70.46780354110845, 18.674672326909608], [-70.46811214068867, 18.674258406764594], [-70.46837213026315, 18.67378232664649], [-70.46777890054894, 18.673654776954724], [-70.46778478046532, 18.673512936956243], [-70.46803242011794, 18.673162086840474], [-70.46818337958933, 18.67238681678785], [-70.46795268944084, 18.671877176922386], [-70.46798673904979, 18.671220666925908], [-70.46804787886012, 18.67094992690321], [-70.46807625842264, 18.67020500691245], [-70.46795763812747, 18.669555186994014], [-70.46767222807627, 18.669159437152945], [-70.46787609787353, 18.66901798705297], [-70.46768476765169, 18.66842039717012], [-70.4684846472646, 18.66858913675474], [-70.4686976872156, 18.66872997664103], [-70.46951851719811, 18.669576206193256], [-70.46973002710565, 18.669638406082854], [-70.47041719655792, 18.669402125738205], [-70.47050571636211, 18.669149665700917], [-70.47086352612999, 18.669120705518466], [-70.47158654602245, 18.669702975129262], [-70.47183218596159, 18.669857704998407], [-70.47199193594238, 18.669994454912153], [-70.47269844512692, 18.66930429457221], [-70.4728212149041, 18.66904059451775], [-70.4729847247547, 18.668950544436854], [-70.4731331346868, 18.668988874359577], [-70.47293510447038, 18.66839346448015], [-70.47286510451013, 18.66838911451616], [-70.47274624453158, 18.668300034579925], [-70.47329048403599, 18.668003304310567], [-70.47352915381339, 18.66786387419274], [-70.47403484329455, 18.667484743945813], [-70.47410199323377, 18.667448793912563]]]]}, "geometry_name": "the_geom", "properties": {"AREA": 614759.457, "PARCELA": "1060", "PROVINCIA": "Peravia", "MUNICIPIO": "San Jos\u00e9 de Ocoa", "DC": "2", "area_calc_m2": 614787, "touches_family_land": false, "owner": null, "owner_source": null, "family": false, "shift_note": "RI historic layer shifted -11.0 m E, -10.5 m N to the plano 2026 frame"}}, {"type": "Feature", "id": "ParcelasHistoricas.260949", "geometry": {"type": "MultiPolygon", "coordinates": [[[[-70.4790180856051, 18.694623820517805], [-70.47817888650349, 18.695316670926008], [-70.47808913648565, 18.69518908097616], [-70.47770162652435, 18.69484319118612], [-70.47749934652481, 18.69462770129683], [-70.47705157637832, 18.693889601550314], [-70.47707290605017, 18.69333150155733], [-70.47776269548996, 18.693077411211643], [-70.47767216550756, 18.693011741260197], [-70.47767805544156, 18.69290120126073], [-70.47777172537707, 18.692887231213128], [-70.47791582526452, 18.692842071140667], [-70.47791714540152, 18.69308602113213], [-70.47850484534332, 18.693611520813718], [-70.47880786552899, 18.694264280637235], [-70.47902968532621, 18.694142510527374], [-70.47902174560149, 18.694621320516013], [-70.4790180856051, 18.694623820517805]]]]}, "geometry_name": "the_geom", "properties": {"AREA": 31425.055, "PARCELA": "1185", "PROVINCIA": "Peravia", "MUNICIPIO": "San Jos\u00e9 de Ocoa", "DC": "2", "area_calc_m2": 31425, "touches_family_land": false, "owner": null, "owner_source": null, "family": false, "shift_note": "RI historic layer shifted -11.0 m E, -10.5 m N to the plano 2026 frame"}}, {"type": "Feature", "id": "ParcelasHistoricas.304779", "geometry": {"type": "MultiPolygon", "coordinates": [[[[-70.47470170934325, 18.69662483266813], [-70.47417821946703, 18.696284282947712], [-70.47435300930461, 18.696183672861242], [-70.47473379885373, 18.695792852678377], [-70.47482741877977, 18.695762032631325], [-70.47513303853852, 18.695661782477718], [-70.47656514727518, 18.694956991765537], [-70.47676077686083, 18.694432761682027], [-70.47705728638019, 18.693899021547075], [-70.47749934652481, 18.69462770129683], [-70.47770162652435, 18.69484319118612], [-70.47808913648565, 18.69518908097616], [-70.47817888650349, 18.695316670926008], [-70.4790180856051, 18.694623820517805], [-70.47902174560149, 18.694621320516013], [-70.47907069559592, 18.69466386048953], [-70.47907267569427, 18.694840040482838], [-70.47894728593644, 18.695134680537667], [-70.47895655599191, 18.695242750529417], [-70.47876787642157, 18.69580155060821], [-70.47832381695873, 18.6962774208207], [-70.47808613867372, 18.69905848085308], [-70.47803894885172, 18.699323030868783], [-70.47779137926578, 18.699790970980757], [-70.47638927980104, 18.699238991718076], [-70.47641628930496, 18.698390071731513], [-70.47429900089661, 18.698942912800394], [-70.47373348061409, 18.697838593126086], [-70.4740153304452, 18.69784100298135], [-70.47460045991293, 18.697524672691202], [-70.47487176951039, 18.697102382565525], [-70.47470170934325, 18.69662483266813]]]]}, "geometry_name": "the_geom", "properties": {"AREA": 185386.92, "PARCELA": "1186", "PROVINCIA": "Peravia", "MUNICIPIO": "San Jos\u00e9 de Ocoa", "DC": "2", "area_calc_m2": 185387, "touches_family_land": false, "owner": null, "owner_source": null, "family": false, "shift_note": "RI historic layer shifted -11.0 m E, -10.5 m N to the plano 2026 frame"}}, {"type": "Feature", "id": "ParcelasHistoricas.237808", "geometry": {"type": "MultiPolygon", "coordinates": [[[[-70.4779705634919, 18.7074588706419], [-70.47918133319968, 18.70823665999525], [-70.47909925344356, 18.708580240026322], [-70.47836988445135, 18.709582630368487], [-70.47796719484893, 18.709855160566487], [-70.47756238538456, 18.71036954075779], [-70.47747201591245, 18.711206310777268], [-70.47755578588574, 18.71124864073289], [-70.47843274553638, 18.71156850027226], [-70.47858156545655, 18.71158648019526], [-70.4792023151311, 18.711674719873667], [-70.47928439523888, 18.711953069822556], [-70.47941108531226, 18.71221827974895], [-70.47919022578313, 18.712814699843147], [-70.47889517610572, 18.713069579986442], [-70.47839893644863, 18.713145270238844], [-70.47793936658677, 18.71289817048282], [-70.47750427696937, 18.71310945069946], [-70.47730784707056, 18.713078340801346], [-70.47697576659542, 18.711883321010333], [-70.47647528724296, 18.712493131247754], [-70.4762146075313, 18.712724231374214], [-70.47567475788894, 18.71277942164971], [-70.47509910843806, 18.713134861933963], [-70.47471679889823, 18.713539632117346], [-70.4745326591255, 18.713744572205353], [-70.47437196929013, 18.713863832284073], [-70.47402792955589, 18.71396589245753], [-70.4739972595427, 18.713909802475083], [-70.47376097955274, 18.71367505260399], [-70.47415599907745, 18.713257112414475], [-70.47447023856706, 18.712690802271236], [-70.47454800837255, 18.712430072239655], [-70.47480809815319, 18.712320282109584], [-70.47514053775247, 18.711967201950184], [-70.47528678749498, 18.711668301884664], [-70.47565409712804, 18.711412201704242], [-70.47638628627078, 18.71067921135178], [-70.4766250555599, 18.709677511261372], [-70.47683092527609, 18.70939573116472], [-70.47708505500967, 18.70919630104064], [-70.47746477448676, 18.708677560862366], [-70.47760043425919, 18.708420150800986], [-70.47795773362205, 18.70767532064152], [-70.47802216348589, 18.707503450613984], [-70.4779705634919, 18.7074588706419]]]]}, "geometry_name": "the_geom", "properties": {"AREA": 139049.968, "PARCELA": "1164", "PROVINCIA": "Peravia", "MUNICIPIO": "San Jos\u00e9 de Ocoa", "DC": "2", "area_calc_m2": 139050, "touches_family_land": false, "owner": null, "owner_source": null, "family": false, "shift_note": "RI historic layer shifted -11.0 m E, -10.5 m N to the plano 2026 frame"}}, {"type": "Feature", "id": "ParcelasHistoricas.249201", "geometry": {"type": "MultiPolygon", "coordinates": [[[[-70.47791822526385, 18.692843431139387], [-70.47777411537638, 18.692888591211865], [-70.47768044544087, 18.692902561259462], [-70.47767455550687, 18.693013101258927], [-70.47776509548927, 18.693078761210366], [-70.47707530604947, 18.693332861556055], [-70.47680626625124, 18.69340234169184], [-70.4767836161379, 18.693177491710696], [-70.47664738609753, 18.692960351787573], [-70.47639016614829, 18.69277519192549], [-70.47647125600182, 18.69260259188944], [-70.4770695052656, 18.691938981603887], [-70.47727232519863, 18.69203727149668], [-70.47788977507149, 18.692472461165934], [-70.47791582526452, 18.692842071140667], [-70.47791822526385, 18.692843431139387]]]]}, "geometry_name": "the_geom", "properties": {"AREA": 15472.162, "PARCELA": "1195", "PROVINCIA": "Peravia", "MUNICIPIO": "San Jos\u00e9 de Ocoa", "DC": "2", "area_calc_m2": 15472, "touches_family_land": false, "owner": null, "owner_source": null, "family": false, "shift_note": "RI historic layer shifted -11.0 m E, -10.5 m N to the plano 2026 frame"}}, {"type": "Feature", "id": "ParcelasHistoricas.326091", "geometry": {"type": "MultiPolygon", "coordinates": [[[[-70.47707688605482, 18.69334403155489], [-70.477055556383, 18.69390213154787], [-70.47676077686083, 18.694432761682027], [-70.47656514727518, 18.694956991765537], [-70.47513303853852, 18.695661782477718], [-70.47482741877977, 18.695762032631325], [-70.47473780885056, 18.695791542676364], [-70.47442976848941, 18.694823092865533], [-70.47437065838471, 18.69457460290384], [-70.47436119795651, 18.693806662933348], [-70.4745241278074, 18.69371690285263], [-70.4753408571695, 18.693460962441794], [-70.47583529664666, 18.693064132200867], [-70.47629056625706, 18.69286124197382], [-70.47639282613373, 18.69275227192486], [-70.47665004608298, 18.692937431786945], [-70.47678627612335, 18.69315457171007], [-70.47680892623669, 18.693379421691215], [-70.47707796603493, 18.693309941555423], [-70.47707688605482, 18.69334403155489]]]]}, "geometry_name": "the_geom", "properties": {"AREA": 59924.089, "PARCELA": "1187", "PROVINCIA": "Peravia", "MUNICIPIO": "San Jos\u00e9 de Ocoa", "DC": "2", "area_calc_m2": 59924, "touches_family_land": false, "owner": null, "owner_source": null, "family": false, "shift_note": "RI historic layer shifted -11.0 m E, -10.5 m N to the plano 2026 frame"}}, {"type": "Feature", "id": "ParcelasHistoricas.248590", "geometry": {"type": "MultiPolygon", "coordinates": [[[[-70.4764097813651, 18.70202817161786], [-70.47643908141714, 18.70215155159886], [-70.47660624219743, 18.703710601462905], [-70.47664699248487, 18.704262641424243], [-70.47731773256189, 18.705115981052465], [-70.47740693282897, 18.7056837509884], [-70.47762230310494, 18.70640214085472], [-70.47550876530616, 18.708035571887347], [-70.47507322569398, 18.70825581210393], [-70.47446519641197, 18.708875452396274], [-70.47276490735568, 18.708726943274254], [-70.47238752749685, 18.70857328347299], [-70.47236646739957, 18.70837879349004], [-70.47245293729303, 18.708282823448705], [-70.47246229719009, 18.708110843449397], [-70.47249067711886, 18.708015203437892], [-70.47261462693504, 18.70782266338041], [-70.47265395670539, 18.707458663371867], [-70.47255880655449, 18.70709016343254], [-70.47262907642262, 18.706932093401516], [-70.47281079606901, 18.706501073322016], [-70.47325402563919, 18.70621466310359], [-70.47365597521802, 18.705899452907303], [-70.47384138498973, 18.70569389281869], [-70.47366014493038, 18.705395262921336], [-70.47370125477977, 18.70517281290736], [-70.47372944419661, 18.704171612925], [-70.47327494420615, 18.703702793173388], [-70.47334251411883, 18.703620553141338], [-70.47335732401397, 18.703450913139168], [-70.47327802384333, 18.703064383192277], [-70.47312408390944, 18.703016753272845], [-70.47302436392248, 18.702933263326713], [-70.47257955408814, 18.702750903560933], [-70.47225055419551, 18.70258924373503], [-70.47031877532667, 18.702525664728952], [-70.46998967531454, 18.702152604909866], [-70.46990612530945, 18.702054314955912], [-70.46927020555978, 18.701817705290004], [-70.46932373531517, 18.701442305274508], [-70.46935555481433, 18.700590545285387], [-70.47098719342044, 18.699868424470765], [-70.47203599221554, 18.698857693964722], [-70.4723762520738, 18.698970593786434], [-70.47291224184482, 18.69913831350593], [-70.47396917141903, 18.69951463295134], [-70.47549727109303, 18.700571332133062], [-70.47637488138666, 18.702029031635753], [-70.4764097813651, 18.70202817161786]]]]}, "geometry_name": "the_geom", "properties": {"AREA": 467321.609, "PARCELA": "1170", "PROVINCIA": "Peravia", "MUNICIPIO": "San Jos\u00e9 de Ocoa", "DC": "2", "area_calc_m2": 467322, "touches_family_land": false, "owner": null, "owner_source": null, "family": false, "shift_note": "RI historic layer shifted -11.0 m E, -10.5 m N to the plano 2026 frame"}}, {"type": "Feature", "id": "ParcelasHistoricas.335736", "geometry": {"type": "MultiPolygon", "coordinates": [[[[-70.47756611317662, 18.706468830881413], [-70.47802216348589, 18.707503450613984], [-70.47795773362205, 18.70767532064152], [-70.47760043425919, 18.708420150800986], [-70.47746477448676, 18.708677560862366], [-70.47708505500967, 18.70919630104064], [-70.47683092527609, 18.70939573116472], [-70.4766250555599, 18.709677511261372], [-70.47638628627078, 18.71067921135178], [-70.47565409712804, 18.711412201704242], [-70.47528678749498, 18.711668301884664], [-70.47514053775247, 18.711967201950184], [-70.47480809815319, 18.712320282109584], [-70.47454800837255, 18.712430072239655], [-70.47447023856706, 18.712690802271236], [-70.47415599907745, 18.713257112414475], [-70.47376097955274, 18.71367505260399], [-70.47365758968684, 18.71380160265304], [-70.4734527099482, 18.7140446127505], [-70.47316411020019, 18.71418155289437], [-70.47311495037968, 18.714446242911144], [-70.47301781067159, 18.71485837294784], [-70.47279822085252, 18.714943473057932], [-70.4724629409711, 18.71479479323496], [-70.47237926110772, 18.714946823273074], [-70.47231024120453, 18.715044143305416], [-70.47223286129973, 18.715129693342433], [-70.47217181143345, 18.71530078336832], [-70.4721596314941, 18.715394943371557], [-70.47221024150974, 18.715476633342938], [-70.47203263174977, 18.715711053426695], [-70.4717960019578, 18.715825803544607], [-70.47151679219067, 18.71593901368444], [-70.47129890227895, 18.715862223798865], [-70.47063232273294, 18.715952304138508], [-70.47045821284975, 18.71597271422732], [-70.4702135429813, 18.715943804353966], [-70.47020270286015, 18.715718164366752], [-70.47018373264736, 18.715321924389162], [-70.47017948252271, 18.715097164398543], [-70.4708170219986, 18.71485207407878], [-70.4709774418574, 18.714773943998853], [-70.47101481174631, 18.714617563984657], [-70.47115820149823, 18.714332373920108], [-70.47104716125537, 18.713784573994687], [-70.47084285120657, 18.713480074109402], [-70.47068281125871, 18.713401234194144], [-70.47048301119077, 18.71306775430746], [-70.47070517098044, 18.712933394197613], [-70.47089633073784, 18.71270885410659], [-70.4709233204868, 18.712294024105994], [-70.47090289033643, 18.71200646412569], [-70.47105563992747, 18.71144682406512], [-70.47090001980183, 18.711058544157495], [-70.47102789951046, 18.7106801341039], [-70.47126699913348, 18.71026923399423], [-70.47138501895134, 18.71007333393988], [-70.47151786880453, 18.709955773875404], [-70.47211932830774, 18.709720233574004], [-70.4725513379787, 18.709600143355964], [-70.47421045705732, 18.709744222499218], [-70.47446034642316, 18.708890072398297], [-70.47506837570519, 18.70827043210595], [-70.47550391531736, 18.708050191889377], [-70.47760272313147, 18.706428140863927], [-70.47756611317662, 18.706468830881413]]]]}, "geometry_name": "the_geom", "properties": {"AREA": 331562.059, "PARCELA": "1165", "PROVINCIA": "Peravia", "MUNICIPIO": "San Jos\u00e9 de Ocoa", "DC": "2", "area_calc_m2": 331562, "touches_family_land": false, "owner": null, "owner_source": null, "family": false, "shift_note": "RI historic layer shifted -11.0 m E, -10.5 m N to the plano 2026 frame"}}, {"type": "Feature", "id": "ParcelasHistoricas.183023", "geometry": {"type": "MultiPolygon", "coordinates": [[[[-70.47460808243943, 18.666581533681125], [-70.47460849243792, 18.666579313680984], [-70.47462940243217, 18.66659147366988], [-70.47460808243943, 18.666581533681125]]], [[[-70.47460808243943, 18.666581533681125], [-70.47457390256287, 18.66676387369278], [-70.47433191282326, 18.666966783810242], [-70.47416359301555, 18.66712771389131], [-70.47416832317374, 18.667413283879718], [-70.47403484329455, 18.667484743945813], [-70.47352915381339, 18.66786387419274], [-70.47329048403599, 18.668003304310567], [-70.47274624453158, 18.668300034579925], [-70.47286510451013, 18.66838911451616], [-70.47293510447038, 18.66839346448015], [-70.4731331346868, 18.668988874359577], [-70.4729847247547, 18.668950544436854], [-70.4728212149041, 18.66904059451775], [-70.47269844512692, 18.66930429457221], [-70.47199193594238, 18.669994454912153], [-70.47183218596159, 18.669857704998407], [-70.47158654602245, 18.669702975129262], [-70.47086352612999, 18.669120705518466], [-70.47050571636211, 18.669149665700917], [-70.47041719655792, 18.669402125738205], [-70.46973002710565, 18.669638406082854], [-70.46951851719811, 18.669576206193256], [-70.4686976872156, 18.66872997664103], [-70.4684846472646, 18.66858913675474], [-70.46768476765169, 18.66842039717012], [-70.46793221718433, 18.667856497061287], [-70.4681962868456, 18.667538326936103], [-70.46888260621465, 18.66715346659664], [-70.46947336579629, 18.6670432962974], [-70.4699071954824, 18.66695058607803], [-70.47095791465317, 18.66660371555069], [-70.47183542383073, 18.666083705117703], [-70.47184656366156, 18.66579567512122], [-70.4718326736041, 18.665678965132084], [-70.47181735345814, 18.665403775148754], [-70.47261132308746, 18.665595434735806], [-70.4725844531631, 18.665700794746193], [-70.47244634335813, 18.6658989548106], [-70.47251656331679, 18.665900704774565], [-70.4727649131848, 18.665932264646308], [-70.47317892296364, 18.665982784432558], [-70.473412562901, 18.666121544308407], [-70.47387210270227, 18.6662605840685], [-70.47406105262543, 18.666326353969584], [-70.47460808243943, 18.666581533681125]]]]}, "geometry_name": "the_geom", "properties": {"AREA": 182836.689, "PARCELA": "1063", "PROVINCIA": "Peravia", "MUNICIPIO": "San Jos\u00e9 de Ocoa", "DC": "2", "area_calc_m2": 182837, "touches_family_land": false, "owner": null, "owner_source": null, "family": false, "shift_note": "RI historic layer shifted -11.0 m E, -10.5 m N to the plano 2026 frame"}}, {"type": "Feature", "id": "ParcelasHistoricas.183025", "geometry": {"type": "MultiPolygon", "coordinates": [[[[-70.47465243218295, 18.6661741736715], [-70.47462940243217, 18.66659147366988], [-70.47406105262543, 18.666326353969584], [-70.47387210270227, 18.6662605840685], [-70.473412562901, 18.666121544308407], [-70.47317892296364, 18.665982784432558], [-70.4727649131848, 18.665932264646308], [-70.47251656331679, 18.665900704774565], [-70.47244634335813, 18.6658989548106], [-70.4725844531631, 18.665700794746193], [-70.47261132308746, 18.665595434735806], [-70.4729539127115, 18.665295124569916], [-70.47464470195526, 18.66576215368869], [-70.47430471237544, 18.666143653850618], [-70.47465243218295, 18.6661741736715]]], [[[-70.47465243218295, 18.6661741736715], [-70.47465259218122, 18.6661712836715], [-70.47465681218054, 18.666174563669237], [-70.47465243218295, 18.6661741736715]]]]}, "geometry_name": "the_geom", "properties": {"AREA": 15557.905, "PARCELA": "1062", "PROVINCIA": "Peravia", "MUNICIPIO": "San Jos\u00e9 de Ocoa", "DC": "2", "area_calc_m2": 15558, "touches_family_land": false, "owner": null, "owner_source": null, "family": false, "shift_note": "RI historic layer shifted -11.0 m E, -10.5 m N to the plano 2026 frame"}}, {"type": "Feature", "id": "ParcelasHistoricas.183037", "geometry": {"type": "MultiPolygon", "coordinates": [[[[-70.4756407486947, 18.678773352760057], [-70.47567301921575, 18.67973104271272], [-70.47511747025305, 18.68097471295757], [-70.47487269051025, 18.68116855307686], [-70.47476319061296, 18.681233443130914], [-70.47468623057632, 18.681086263175096], [-70.47454821042912, 18.68067792325898], [-70.47345435097124, 18.680468773826572], [-70.47306585126181, 18.680568144022594], [-70.47284488183041, 18.681339064111178], [-70.47216205268464, 18.682122144436246], [-70.47112010321817, 18.68195337497603], [-70.47096152344913, 18.682192945049685], [-70.47076961376256, 18.682542875136917], [-70.47085401385407, 18.682795095085545], [-70.47070208408311, 18.683038345155698], [-70.47026175424385, 18.682852415387497], [-70.46983286445797, 18.682773245610022], [-70.46922204466898, 18.68249417593225], [-70.46884129490506, 18.682505386127197], [-70.46873206438411, 18.68146619621643], [-70.46858520368376, 18.680069016336386], [-70.47067635218889, 18.679656135277135], [-70.47073577205613, 18.67948453525216], [-70.4707432319029, 18.67922106525677], [-70.47067517185644, 18.679066035296632], [-70.47055338175265, 18.67875204536914], [-70.46994336195984, 18.67846707569107], [-70.46967406208589, 18.678402545831236], [-70.46968452195547, 18.678182755832914], [-70.46972933183196, 18.67801182581539], [-70.47016162138152, 18.677675965604458], [-70.4708177006719, 18.67712006528584], [-70.47095166051925, 18.67699281522123], [-70.47115100033997, 18.676888285122363], [-70.47090665031956, 18.676590955257172], [-70.47056667026592, 18.67613254544616], [-70.47075187006378, 18.675972375356334], [-70.4714551888682, 18.67460583503952], [-70.47184191880422, 18.674905864831647], [-70.472104788773, 18.675131544689656], [-70.47309533839692, 18.675524104169273], [-70.47314374875413, 18.676208784122498], [-70.47445459872576, 18.677560043407126], [-70.4756409287, 18.678782932759653], [-70.4756407486947, 18.678773352760057]]]]}, "geometry_name": "the_geom", "properties": {"AREA": 357195.381, "PARCELA": "1079", "PROVINCIA": "Peravia", "MUNICIPIO": "San Jos\u00e9 de Ocoa", "DC": "2", "area_calc_m2": 357196, "touches_family_land": false, "owner": null, "owner_source": null, "family": false, "shift_note": "RI historic layer shifted -11.0 m E, -10.5 m N to the plano 2026 frame"}}, {"type": "Feature", "id": "ParcelasHistoricas.314816", "geometry": {"type": "MultiPolygon", "coordinates": [[[[-70.47417401946801, 18.696281542949954], [-70.47372717957423, 18.695991863188567], [-70.47328065005374, 18.696363103405826], [-70.4732129600519, 18.69628749344298], [-70.47267626000574, 18.69563221373944], [-70.47243229993417, 18.695244863877054], [-70.47231516988109, 18.695025713944194], [-70.47241785978328, 18.694962403893516], [-70.4730862492118, 18.694665483560026], [-70.47444353847152, 18.694806172859014], [-70.47475157883268, 18.69577461266984], [-70.47435300930461, 18.696183672861242], [-70.47417446947051, 18.69628644294957], [-70.47417401946801, 18.696281542949954]]]]}, "geometry_name": "the_geom", "properties": {"AREA": 32297.78, "PARCELA": "1188", "PROVINCIA": "Peravia", "MUNICIPIO": "San Jos\u00e9 de Ocoa", "DC": "2", "area_calc_m2": 32298, "touches_family_land": false, "owner": null, "owner_source": null, "family": false, "shift_note": "RI historic layer shifted -11.0 m E, -10.5 m N to the plano 2026 frame"}}, {"type": "Feature", "id": "ParcelasHistoricas.66628", "geometry": {"type": "MultiPolygon", "coordinates": [[[[-70.46836852038966, 18.691708616075793], [-70.46855384055682, 18.692202395964912], [-70.46914882052343, 18.69277896564113], [-70.47014435008973, 18.69307516512073], [-70.47026044006388, 18.693153455058646], [-70.47063315036884, 18.69409137483736], [-70.47056097116719, 18.69542683483168], [-70.47126569108488, 18.696034244450527], [-70.47171024090584, 18.696192494217282], [-70.47188270101188, 18.69656439411686], [-70.47248271095418, 18.69710354379162], [-70.47268167083816, 18.697110883689266], [-70.47328065005374, 18.696363103405826], [-70.47372717957423, 18.695991863188567], [-70.47470170934325, 18.69662483266813], [-70.47487176951039, 18.697102382565525], [-70.47460045991293, 18.697524672691202], [-70.4740153304452, 18.69784100298135], [-70.47373348061409, 18.697838593126086], [-70.47210769187672, 18.698334903944662], [-70.47220350202703, 18.698703233883688], [-70.4723762520738, 18.698970593786434], [-70.47203599221554, 18.698857693964722], [-70.47098719342044, 18.699868424470765], [-70.46935555481433, 18.700590545285387], [-70.46927020555978, 18.701817705290004], [-70.46990612530945, 18.702054314955912], [-70.47031877532667, 18.702525664728952], [-70.47225055419551, 18.70258924373503], [-70.47302436392248, 18.702933263326713], [-70.47312408390944, 18.703016753272845], [-70.47327802384333, 18.703064383192277], [-70.47335732401397, 18.703450913139168], [-70.47334251411883, 18.703620553141338], [-70.47327494420615, 18.703702793173388], [-70.47372944419661, 18.704171612925], [-70.47370125477977, 18.70517281290736], [-70.47366014493038, 18.705395262921336], [-70.47384138498973, 18.70569389281869], [-70.47365597521802, 18.705899452907303], [-70.47281079606901, 18.706501073322016], [-70.47255880655449, 18.70709016343254], [-70.47265395670539, 18.707458663371867], [-70.47261462693504, 18.70782266338041], [-70.47249067711886, 18.708015203437892], [-70.47246229719009, 18.708110843449397], [-70.47245293729303, 18.708282823448705], [-70.47236646739957, 18.70837879349004], [-70.47158732822021, 18.708997093870412], [-70.4707324388372, 18.709174434303847], [-70.47056348906426, 18.709395304383563], [-70.47053127923094, 18.709655524391792], [-70.47001219967483, 18.709885594651087], [-70.46942110002594, 18.709874794955073], [-70.46882874020118, 18.709551785269703], [-70.46889869997298, 18.709223185244255], [-70.46898518970472, 18.708841415212017], [-70.46846559938908, 18.70772852551446], [-70.46927559833604, 18.70673222513022], [-70.46796471844185, 18.70551908584227], [-70.4648378305934, 18.70598321743373], [-70.46706806727887, 18.70250535639893], [-70.46783158598987, 18.701041546053528], [-70.46750742617361, 18.701020236220664], [-70.46729193629514, 18.70100498633181], [-70.46723651615487, 18.700697776370074], [-70.46720395535107, 18.69924152643323], [-70.46713569457512, 18.697796256514383], [-70.46672860449681, 18.69722298674167], [-70.46704328372502, 18.69619393661293], [-70.46734679328561, 18.69574085647156], [-70.46614561361517, 18.695040867110546], [-70.46605510352995, 18.694793447164894], [-70.46692663259174, 18.694064566740717], [-70.46746024208286, 18.69373428647734], [-70.46728875038619, 18.69054901666699], [-70.46730619039224, 18.690578336657087], [-70.46836852038966, 18.691708616075793]]]]}, "geometry_name": "the_geom", "properties": {"AREA": 933721.482, "PARCELA": "149", "PROVINCIA": "San Jos\u00e9 de Ocoa", "MUNICIPIO": "San Jos\u00e9 de Ocoa", "DC": "2", "area_calc_m2": 933721, "touches_family_land": false, "owner": null, "owner_source": null, "family": false, "shift_note": "RI historic layer shifted -11.0 m E, -10.5 m N to the plano 2026 frame"}}, {"type": "Feature", "id": "ParcelasHistoricas.304812", "geometry": {"type": "MultiPolygon", "coordinates": [[[[-70.47472459890746, 18.713564332112547], [-70.47472383890664, 18.71356204211301], [-70.4747265489053, 18.7135625721116], [-70.47472459890746, 18.713564332112547]]], [[[-70.47472459890746, 18.713564332112547], [-70.47491928912196, 18.71415151199369], [-70.47490070932719, 18.71449439199223], [-70.47466631938201, 18.71434080211756], [-70.47464681934446, 18.71425358213038], [-70.47473146921932, 18.714122862091084], [-70.47462180918996, 18.71395376215285], [-70.47452093913455, 18.713748052211262], [-70.47472459890746, 18.713564332112547]]]]}, "geometry_name": "the_geom", "properties": {"AREA": 2107.81, "PARCELA": "1158", "PROVINCIA": "Peravia", "MUNICIPIO": "San Jos\u00e9 de Ocoa", "DC": "2", "area_calc_m2": 2108, "touches_family_land": false, "owner": null, "owner_source": null, "family": false, "shift_note": "RI historic layer shifted -11.0 m E, -10.5 m N to the plano 2026 frame"}}, {"type": "Feature", "id": "ParcelasHistoricas.45951", "geometry": {"type": "MultiPolygon", "coordinates": [[[[-70.47565151460964, 18.724630331280974], [-70.47577108503886, 18.72551626119107], [-70.47592035522628, 18.726006771098586], [-70.47592011530948, 18.726153481094], [-70.47565343554236, 18.72627976122702], [-70.4753719357802, 18.726399031367883], [-70.47515710602936, 18.726609501471554], [-70.47494876613082, 18.72656607158004], [-70.47391519625917, 18.725688362139486], [-70.47434059580957, 18.72534885193172], [-70.47565151460964, 18.724630331280974]]]]}, "geometry_name": "the_geom", "properties": {"AREA": 25579, "PARCELA": "1316", "PROVINCIA": "Trujillo Valdez", "MUNICIPIO": "San Jos\u00e9 de Ocoa", "DC": "2", "area_calc_m2": 25576, "touches_family_land": false, "owner": null, "owner_source": null, "family": false, "shift_note": "RI historic layer shifted -11.0 m E, -10.5 m N to the plano 2026 frame"}}, {"type": "Feature", "id": "ParcelasHistoricas.334691", "geometry": {"type": "MultiPolygon", "coordinates": [[[[-70.47437496793863, 18.693789732926827], [-70.47438442836682, 18.69455768289732], [-70.47444353847152, 18.694806172859014], [-70.4730862492118, 18.694665483560026], [-70.4724178497833, 18.694962403893523], [-70.47231515988109, 18.695025713944197], [-70.4722171899998, 18.695131063991102], [-70.4719172804503, 18.69560770412975], [-70.47178908060297, 18.695740854191282], [-70.47171723072059, 18.695872164223957], [-70.47167613082856, 18.696019284240343], [-70.47153119098036, 18.69613298431109], [-70.47126569108488, 18.696034244450527], [-70.47056097116719, 18.69542683483168], [-70.47063315036884, 18.69409137483736], [-70.47026044006388, 18.693153455058646], [-70.47014435008973, 18.69307516512073], [-70.46914882052343, 18.69277896564113], [-70.46855384055682, 18.692202395964912], [-70.46836852038966, 18.691708616075793], [-70.46730619039224, 18.690578336657087], [-70.46719843037955, 18.690440766716787], [-70.46665286019459, 18.689530717025814], [-70.46666017986293, 18.688951597040514], [-70.46627117989568, 18.688594097251553], [-70.46604868997284, 18.688492967368955], [-70.46571129983359, 18.68788620756144], [-70.46576482938492, 18.687149327557453], [-70.46581429913718, 18.68676368754435], [-70.4657260689616, 18.686358687602528], [-70.4658807288537, 18.686332937523986], [-70.46630486855683, 18.68626049730865], [-70.46698002803092, 18.686050806968897], [-70.46759596746487, 18.685706836663837], [-70.46758214796317, 18.68657411664325], [-70.46754928835138, 18.687226176639303], [-70.46766837844079, 18.687511636569088], [-70.46767210868867, 18.68795435655304], [-70.46771863872752, 18.68807282652538], [-70.46796986893406, 18.688706766376228], [-70.46848002953999, 18.690324156062786], [-70.46853660951899, 18.690347426033], [-70.46879776942201, 18.690454805895552], [-70.46908687937963, 18.690688705739714], [-70.46923999932947, 18.690763535658746], [-70.469833518935, 18.69069958535621], [-70.47016388877424, 18.690768045184498], [-70.47069707850537, 18.69086193490788], [-70.47096864856944, 18.69126549475562], [-70.47111408843938, 18.69119073468338], [-70.47144186837555, 18.69142808450758], [-70.4715438483634, 18.691515544452454], [-70.47171768829506, 18.69158036436118], [-70.47185994817185, 18.6915143242903], [-70.4720857180508, 18.69154138417358], [-70.47215639786286, 18.69128424414555], [-70.47224913770313, 18.691100664103846], [-70.47180756742355, 18.690133864361385], [-70.472054777196, 18.689995294238994], [-70.47224316704838, 18.68993532414425], [-70.47278853641419, 18.689395583881755], [-70.47289060622813, 18.689175313836454], [-70.47441212508751, 18.688782383068528], [-70.47456922524418, 18.689227722973637], [-70.4745788260777, 18.690713632920996], [-70.4745732562467, 18.691006872914443], [-70.47452697651498, 18.691432322924516], [-70.47361042770017, 18.69255040335889], [-70.47374480775136, 18.69278467328242], [-70.47417015790742, 18.69351556304072], [-70.47436119795651, 18.693806662933348], [-70.47437496793863, 18.693789732926827]]]]}, "geometry_name": "the_geom", "properties": {"AREA": 374461.924, "PARCELA": "1196", "PROVINCIA": "Peravia", "MUNICIPIO": "San Jos\u00e9 de Ocoa", "DC": "2", "area_calc_m2": 374462, "touches_family_land": false, "owner": null, "owner_source": null, "family": false, "shift_note": "RI historic layer shifted -11.0 m E, -10.5 m N to the plano 2026 frame"}}, {"type": "Feature", "id": "ParcelasHistoricas.273241", "geometry": {"type": "MultiPolygon", "coordinates": [[[[-70.47446034642316, 18.708890072398297], [-70.47421045705732, 18.709744222499218], [-70.4725513379787, 18.709600143355964], [-70.47211932830774, 18.709720233574004], [-70.47151786880453, 18.709955773875404], [-70.47138501895134, 18.71007333393988], [-70.47126699913348, 18.71026923399423], [-70.47093583925708, 18.710133934168667], [-70.47053127923094, 18.709655524391792], [-70.47056348906426, 18.709395304383563], [-70.4707324388372, 18.709174434303847], [-70.47158732822021, 18.708997093870412], [-70.47206428770575, 18.708597213638235], [-70.47236646739957, 18.70837879349004], [-70.47238752749685, 18.70857328347299], [-70.47276490735568, 18.708726943274254], [-70.47446519641197, 18.708875452396274], [-70.47446034642316, 18.708890072398297]]]]}, "geometry_name": "the_geom", "properties": {"AREA": 42139.942, "PARCELA": "1168", "PROVINCIA": "Peravia", "MUNICIPIO": "San Jos\u00e9 de Ocoa", "DC": "2", "area_calc_m2": 42140, "touches_family_land": false, "owner": null, "owner_source": null, "family": false, "shift_note": "RI historic layer shifted -11.0 m E, -10.5 m N to the plano 2026 frame"}}, {"type": "Feature", "id": "ParcelasHistoricas.282134", "geometry": {"type": "MultiPolygon", "coordinates": [[[[-70.47329409004485, 18.696361713398968], [-70.4731933101839, 18.69650006344625], [-70.47268167083816, 18.697110883689266], [-70.47248271095418, 18.69710354379162], [-70.47201868099339, 18.696676994043454], [-70.47188270101188, 18.69656439411686], [-70.47171024090584, 18.696192494217282], [-70.47153119098036, 18.69613298431109], [-70.47167613082856, 18.696019284240343], [-70.47171723072059, 18.695872164223957], [-70.47178908060297, 18.695740854191282], [-70.4719172804503, 18.69560770412975], [-70.4722171899998, 18.695131063991102], [-70.47231515988109, 18.695025713944197], [-70.47243229993417, 18.695244863877054], [-70.47267626000574, 18.69563221373944], [-70.4732129600519, 18.69628749344298], [-70.47328065005374, 18.696363103405826], [-70.47329409004485, 18.696361713398968]]]]}, "geometry_name": "the_geom", "properties": {"AREA": 21326.247, "PARCELA": "1189", "PROVINCIA": "Peravia", "MUNICIPIO": "San Jos\u00e9 de Ocoa", "DC": "2", "area_calc_m2": 21326, "touches_family_land": false, "owner": null, "owner_source": null, "family": false, "shift_note": "RI historic layer shifted -11.0 m E, -10.5 m N to the plano 2026 frame"}}, {"type": "Feature", "id": "ParcelasHistoricas.212207", "geometry": {"type": "MultiPolygon", "coordinates": [[[[-70.46966075540993, 18.666558716216862], [-70.4695889553354, 18.66634980626035], [-70.46963599520261, 18.666164696242156], [-70.46972825505881, 18.666008386199877], [-70.46867311549057, 18.66564605675219], [-70.46856217549333, 18.66553240681267], [-70.46835518551454, 18.665348776924617], [-70.46799968551771, 18.664974477118765], [-70.46787130548842, 18.664785357190592], [-70.46764411555237, 18.664655947311154], [-70.4671332957788, 18.66451144757755], [-70.46674681601141, 18.664510817775643], [-70.46639839625227, 18.664565517952465], [-70.46634034619292, 18.664398237987555], [-70.46560073590071, 18.66309004840831], [-70.46490559562656, 18.661861348803708], [-70.46491025550397, 18.66164897880809], [-70.46476218545973, 18.6614123888915], [-70.46453796517679, 18.660671239030012], [-70.46456785453725, 18.65956929904979], [-70.46443510402186, 18.658513659151428], [-70.46604627244612, 18.657440908360122], [-70.46760434092235, 18.656403487595064], [-70.46943378882013, 18.654629796714733], [-70.4697425085141, 18.654416886563443], [-70.47026073832384, 18.654633346291117], [-70.47031315844465, 18.65490371625562], [-70.47057705832621, 18.65497574611816], [-70.47189259778993, 18.65543081542989], [-70.47281265770032, 18.65625567493229], [-70.47295037768163, 18.656369774858103], [-70.47359302779527, 18.657258684500476], [-70.47571874673746, 18.657655403399225], [-70.47702407693032, 18.659394002674873], [-70.47694611703882, 18.659503102711284], [-70.47688111732, 18.659932442730746], [-70.47567542834453, 18.66046035333118], [-70.4742110595889, 18.661101514060555], [-70.473366140608, 18.662005564464298], [-70.4717872615182, 18.661931645275455], [-70.47103593273617, 18.663288245616904], [-70.47176912269981, 18.664007605218213], [-70.47196659285245, 18.6644894151016], [-70.47192305321806, 18.66509109510462], [-70.47161595333776, 18.66497503526568], [-70.47147024357224, 18.665234995332018], [-70.47204246336155, 18.665473215031195], [-70.47117377420457, 18.666039175458163], [-70.47026515495484, 18.66639797591228], [-70.4700065451103, 18.666397126044842], [-70.46966075540993, 18.666558716216862]]]]}, "geometry_name": "the_geom", "properties": {"AREA": 961555.135, "PARCELA": "140", "PROVINCIA": "Trujillo Vald?z", "MUNICIPIO": "San Jos\u00e9 de Ocoa", "DC": "2", "area_calc_m2": 961555, "touches_family_land": false, "owner": null, "owner_source": null, "family": false, "shift_note": "RI historic layer shifted -11.0 m E, -10.5 m N to the plano 2026 frame"}}, {"type": "Feature", "id": "ParcelasHistoricas.329887", "geometry": {"type": "MultiPolygon", "coordinates": [[[[-70.47181466741377, 18.690124144358062], [-70.47225623769334, 18.691090954100513], [-70.47216349785306, 18.69127452414222], [-70.47209281804102, 18.691531674170246], [-70.47186705816206, 18.691504614286956], [-70.47172479828528, 18.691570654357843], [-70.47155094835362, 18.691505834449124], [-70.47144897836577, 18.69141836450424], [-70.47112119842959, 18.69118102468004], [-70.47097574855964, 18.69125578475229], [-70.47070418849559, 18.69085222490455], [-70.47017098876448, 18.69075833518116], [-70.46984061892525, 18.690689865352883], [-70.46924709931972, 18.690753825655406], [-70.46909397936986, 18.690678995736384], [-70.46880486941222, 18.690445095892212], [-70.46854371950921, 18.690337706029666], [-70.46848712953022, 18.69031443605945], [-70.46797696892429, 18.68869705637289], [-70.46772573871776, 18.688063106522048], [-70.4676792086789, 18.687944646549703], [-70.46767547843102, 18.687501926565748], [-70.4675563983416, 18.687216456635966], [-70.46807130810114, 18.68734089636779], [-70.4689657775945, 18.68739974590694], [-70.46909399733622, 18.68707956585139], [-70.46930045700115, 18.686707015757367], [-70.46938617688718, 18.68659684571691], [-70.47168196736288, 18.689892234433575], [-70.47180464742695, 18.6901367743628], [-70.47181466741377, 18.690124144358062]]]]}, "geometry_name": "the_geom", "properties": {"AREA": 131745.946, "PARCELA": "1197", "PROVINCIA": "Peravia", "MUNICIPIO": "San Jos\u00e9 de Ocoa", "DC": "2", "area_calc_m2": 131746, "touches_family_land": false, "owner": null, "owner_source": null, "family": false, "shift_note": "RI historic layer shifted -11.0 m E, -10.5 m N to the plano 2026 frame"}}, {"type": "Feature", "id": "ParcelasHistoricas.183026", "geometry": {"type": "MultiPolygon", "coordinates": [[[[-70.47044557029442, 18.676053585510786], [-70.47017436050147, 18.676130575647374], [-70.46989886068901, 18.67616835578742], [-70.46948211105591, 18.676372955994566], [-70.46962666108642, 18.67658147591378], [-70.46967628117491, 18.676791245881624], [-70.46952472130603, 18.676861555957093], [-70.46969248172444, 18.67778202584163], [-70.46972781183635, 18.678017985815973], [-70.46968299195989, 18.67818891583349], [-70.46967254209028, 18.678408705831828], [-70.46915691244442, 18.678484966093805], [-70.46851375293926, 18.678674166417597], [-70.46833396307001, 18.67871357650855], [-70.4677736734204, 18.678735526795197], [-70.46761146349178, 18.67868861687989], [-70.46713492386893, 18.678847407119235], [-70.46686409385862, 18.678539827267954], [-70.46672201381826, 18.67831655734795], [-70.4667731536566, 18.678084907329108], [-70.4660520140006, 18.67792373770411], [-70.46555286439931, 18.678096607954622], [-70.46508715467613, 18.67808939819373], [-70.46492383483744, 18.67820056827397], [-70.46487779447162, 18.677503608319775], [-70.46476503410153, 18.676727738402327], [-70.46481814392152, 18.676465678383423], [-70.46511381349518, 18.676026418245765], [-70.46525080311311, 18.675496068192402], [-70.46527275278734, 18.674942508198775], [-70.4652324726072, 18.67458041823097], [-70.46518406251646, 18.674367978262563], [-70.46527740244758, 18.67434567821541], [-70.46585464219967, 18.674523167913737], [-70.46624602202955, 18.67463992770931], [-70.4666612319771, 18.67499061748521], [-70.46689644193238, 18.675162717359097], [-70.46712353196074, 18.675455537233304], [-70.46712957219874, 18.675883587216546], [-70.46754237199654, 18.67596647700222], [-70.46769118189901, 18.675952726926344], [-70.46828380156282, 18.67599037662125], [-70.46846090145168, 18.675982746530682], [-70.46895368117589, 18.676020776276786], [-70.46903408111028, 18.67599048623653], [-70.46920727098318, 18.675950386149005], [-70.46907763092892, 18.67571574622298], [-70.46904691074513, 18.675357336250183], [-70.46914402052283, 18.675067256209665], [-70.4693177204043, 18.67504289612138], [-70.46948508025572, 18.674958546038276], [-70.46977886008665, 18.67497295588718], [-70.47013371993245, 18.67507902570185], [-70.47043916028272, 18.676026015514953], [-70.47044557029442, 18.676053585510786]]]]}, "geometry_name": "the_geom", "properties": {"AREA": 177309.55, "PARCELA": "1086", "PROVINCIA": "Peravia", "MUNICIPIO": "San Jos\u00e9 de Ocoa", "DC": "2", "area_calc_m2": 177310, "touches_family_land": false, "owner": null, "owner_source": null, "family": false, "shift_note": "RI historic layer shifted -11.0 m E, -10.5 m N to the plano 2026 frame"}}, {"type": "Feature", "id": "ParcelasHistoricas.183028", "geometry": {"type": "MultiPolygon", "coordinates": [[[[-70.47056514027032, 18.676138705446746], [-70.47090512032398, 18.676597115257763], [-70.47114948034437, 18.676894445122954], [-70.47095014052363, 18.676998975221817], [-70.47081618067628, 18.677126225286422], [-70.47016009138594, 18.677682125605045], [-70.46972781183635, 18.678017985815973], [-70.46969248172444, 18.67778202584163], [-70.46952472130603, 18.676861555957093], [-70.46967628117491, 18.676791245881624], [-70.46962666108642, 18.67658147591378], [-70.46948211105591, 18.676372955994566], [-70.46989886068901, 18.67616835578742], [-70.47017436050147, 18.676130575647374], [-70.47044557029442, 18.676053585510786], [-70.47056523026826, 18.67613516544682], [-70.47056514027032, 18.676138705446746]]]]}, "geometry_name": "the_geom", "properties": {"AREA": 21261.368, "PARCELA": "1085", "PROVINCIA": "Peravia", "MUNICIPIO": "San Jos\u00e9 de Ocoa", "DC": "2", "area_calc_m2": 21261, "touches_family_land": false, "owner": null, "owner_source": null, "family": false, "shift_note": "RI historic layer shifted -11.0 m E, -10.5 m N to the plano 2026 frame"}}, {"type": "Feature", "id": "ParcelasHistoricas.236465", "geometry": {"type": "MultiPolygon", "coordinates": [[[[-70.47090889033406, 18.71200867412254], [-70.47055100051156, 18.711940044308598], [-70.47033306051519, 18.7117136744278], [-70.47012842058983, 18.71162694453571], [-70.46989831078751, 18.711730544650617], [-70.46961498093128, 18.711681984797735], [-70.46922042109117, 18.71154306500488], [-70.46916129103313, 18.711377375040552], [-70.46901718112329, 18.711382775114423], [-70.46868505129815, 18.71133706528652], [-70.46852933122642, 18.711043955375878], [-70.46832747126349, 18.710893905484387], [-70.4684193810846, 18.710675925444125], [-70.4685044409003, 18.710441045407926], [-70.46884089019719, 18.709557755263276], [-70.46907644010747, 18.70965076513929], [-70.46942110002594, 18.709874794955073], [-70.47001219967483, 18.709885594651087], [-70.470183239534, 18.709819374565335], [-70.47053127923094, 18.709655524391792], [-70.47093583925708, 18.710133934168667], [-70.47126699913348, 18.71026923399423], [-70.47102789951046, 18.7106801341039], [-70.47090001980183, 18.711058544157495], [-70.47105563992747, 18.71144682406512], [-70.47090289033643, 18.71200646412569], [-70.47090889033406, 18.71200867412254]]]]}, "geometry_name": "the_geom", "properties": {"AREA": 53349.211, "PARCELA": "1166", "PROVINCIA": "Peravia", "MUNICIPIO": "San Jos\u00e9 de Ocoa", "DC": "2", "area_calc_m2": 53349, "touches_family_land": false, "owner": null, "owner_source": null, "family": false, "shift_note": "RI historic layer shifted -11.0 m E, -10.5 m N to the plano 2026 frame"}}, {"type": "Feature", "id": "ParcelasHistoricas.257180", "geometry": {"type": "MultiPolygon", "coordinates": [[[[-70.46882874020118, 18.709551785269703], [-70.46884089019719, 18.709557755263276], [-70.4685044409003, 18.710441045407926], [-70.4684193810846, 18.710675925444125], [-70.46832747126349, 18.710893905484387], [-70.46852933122642, 18.711043955375878], [-70.46868505129815, 18.71133706528652], [-70.46901718112329, 18.711382775114423], [-70.46916129103313, 18.711377375040552], [-70.46922042109117, 18.71154306500488], [-70.46961498093128, 18.711681984797735], [-70.46989831078751, 18.711730544650617], [-70.47012842058983, 18.71162694453571], [-70.47033306051519, 18.7117136744278], [-70.47055100051156, 18.711940044308598], [-70.47090889033406, 18.71200867412254], [-70.47092931048442, 18.712296244102845], [-70.47090232073548, 18.71271106410344], [-70.47071117097806, 18.71293561419447], [-70.47048900118838, 18.71306996430431], [-70.47068880125632, 18.713403444190998], [-70.4708488412042, 18.713482284106245], [-70.47105315125299, 18.713786783991537], [-70.47116419149587, 18.714334583916955], [-70.47102080174393, 18.714619783981504], [-70.47098343185503, 18.71477615399571], [-70.47082301199622, 18.714854284075628], [-70.47018547252036, 18.715099374395386], [-70.47008282259237, 18.715117014447568], [-70.46977749289833, 18.715331434597616], [-70.46930152265934, 18.71440080487193], [-70.46956879245023, 18.714316774737274], [-70.46965816237254, 18.71427495469269], [-70.46912475216457, 18.71333774499671], [-70.46858526257651, 18.71348944526908], [-70.46848979256227, 18.713362335322195], [-70.46775903247664, 18.712430565727416], [-70.46745165265044, 18.712409475886044], [-70.46647546323885, 18.71240672638776], [-70.46594526354448, 18.71238060666105], [-70.46519480367685, 18.71181323706478], [-70.46481396365215, 18.711363017274813], [-70.46508635337199, 18.711158837141333], [-70.46530679318266, 18.7110596370312], [-70.46583648281, 18.710966726761978], [-70.46619605256052, 18.71090981657903], [-70.46660013225316, 18.71079817637495], [-70.46887226984043, 18.70896069526622], [-70.46896558974895, 18.70889865522026], [-70.46894193983884, 18.70903229522814], [-70.4688791000172, 18.709280425252498], [-70.46882874020118, 18.709551785269703]]]]}, "geometry_name": "the_geom", "properties": {"AREA": 161787.48, "PARCELA": "1167", "PROVINCIA": "Peravia", "MUNICIPIO": "San Jos\u00e9 de Ocoa", "DC": "2", "area_calc_m2": 161787, "touches_family_land": false, "owner": null, "owner_source": null, "family": false, "shift_note": "RI historic layer shifted -11.0 m E, -10.5 m N to the plano 2026 frame"}}, {"type": "Feature", "id": "ParcelasHistoricas.42379", "geometry": {"type": "MultiPolygon", "coordinates": [[[[-70.47045821284975, 18.71597271422732], [-70.47050648293622, 18.716177054195978], [-70.47056278299951, 18.716349014161548], [-70.47045954319974, 18.71659247420681], [-70.47040575331097, 18.71673156423001], [-70.47014471342624, 18.716656374366554], [-70.46998896347598, 18.716577904449103], [-70.46991262341366, 18.71638630449446], [-70.46989982333726, 18.716237594505795], [-70.46991556314838, 18.71592071450783], [-70.47003118308614, 18.71593424444798], [-70.4702135429813, 18.715943804353966], [-70.47045821284975, 18.71597271422732]]]]}, "geometry_name": "the_geom", "properties": {"AREA": 4812.6, "PARCELA": "1348", "PROVINCIA": "Peravia", "MUNICIPIO": "San Jos\u00e9 de Ocoa", "DC": "2", "area_calc_m2": 4813, "touches_family_land": false, "owner": null, "owner_source": null, "family": false, "shift_note": "RI historic layer shifted -11.0 m E, -10.5 m N to the plano 2026 frame"}}, {"type": "Feature", "id": "ParcelasHistoricas.379658", "geometry": {"type": "MultiPolygon", "coordinates": [[[[-70.46765229646871, 18.719368925560975], [-70.46754769649677, 18.71930677561673], [-70.46703824575248, 18.71744821593785], [-70.46700030505961, 18.71618379599765], [-70.46783100463777, 18.71632567556618], [-70.46857365439408, 18.716688235172935], [-70.46901603423201, 18.71687440493964], [-70.46951074386166, 18.716748494689412], [-70.47016195345851, 18.716731824355293], [-70.47015338366054, 18.717079594348576], [-70.47047681350516, 18.7171505241801], [-70.47029593409569, 18.718000604245876], [-70.47038724421523, 18.71830933418908], [-70.4701180845072, 18.71853761432011], [-70.46997279463274, 18.718604154392654], [-70.46976519477826, 18.718639524498226], [-70.46974978488699, 18.718815104500536], [-70.46816865605886, 18.71919645530105], [-70.46766184646663, 18.719375445555855], [-70.46765229646871, 18.719368925560975]]]]}, "geometry_name": "the_geom", "properties": {"AREA": 88374.939, "PARCELA": "134", "PROVINCIA": "Peravia", "MUNICIPIO": "San Jos\u00e9 de Ocoa", "DC": "2", "area_calc_m2": 88375, "touches_family_land": false, "owner": null, "owner_source": null, "family": false, "shift_note": "RI historic layer shifted -11.0 m E, -10.5 m N to the plano 2026 frame"}}, {"type": "Feature", "id": "ParcelasHistoricas.299658", "geometry": {"type": "MultiPolygon", "coordinates": [[[[-70.46849982439235, 18.716606385213492], [-70.46850312424232, 18.716344835220138], [-70.46848241414133, 18.716144315237187], [-70.46848499413927, 18.716143455235887], [-70.46857514407263, 18.71612196519025], [-70.46853551398662, 18.715927725216808], [-70.46852259394456, 18.715839585226263], [-70.46888184370171, 18.71579420504309], [-70.4688872238035, 18.715979805034404], [-70.4690626036953, 18.715975984944397], [-70.46925680360049, 18.71601584484332], [-70.46935657358259, 18.716090814789652], [-70.46940691368546, 18.716326324756256], [-70.46946415382666, 18.71663690471692], [-70.4692968640191, 18.716798214797738], [-70.46896407422312, 18.716803204968617], [-70.46863475436312, 18.716698825141194], [-70.46849982439235, 18.716606385213492]]]]}, "geometry_name": "the_geom", "properties": {"AREA": 8639.496, "PARCELA": "1144", "PROVINCIA": "Peravia", "MUNICIPIO": "San Jos\u00e9 de Ocoa", "DC": "2", "area_calc_m2": 8640, "touches_family_land": false, "owner": null, "owner_source": null, "family": false, "shift_note": "RI historic layer shifted -11.0 m E, -10.5 m N to the plano 2026 frame"}}, {"type": "Feature", "id": "ParcelasHistoricas.183022", "geometry": {"type": "MultiPolygon", "coordinates": [[[[-70.46753575035693, 18.67305480709856], [-70.46728484048617, 18.67301566722845], [-70.46699154059968, 18.672903407382417], [-70.4667229506285, 18.672667477527664], [-70.46653219065466, 18.6725100076305], [-70.46625749079406, 18.67246353777282], [-70.46635627035057, 18.671783337743864], [-70.46594843018538, 18.671054917976203], [-70.46579367018498, 18.670888888060833], [-70.46558211008728, 18.670489778182027], [-70.4652406601732, 18.670277238363855], [-70.46504024022151, 18.67014872847071], [-70.46517657005087, 18.66999201840581], [-70.4655895996558, 18.6697332482023], [-70.46582842942837, 18.66958540808456], [-70.46603881922712, 18.669453587980907], [-70.46660257864265, 18.66902023770572], [-70.46688832824685, 18.668624157571866], [-70.46690319775425, 18.6677670075916], [-70.46793221718433, 18.667856497061287], [-70.46768476765169, 18.66842039717012], [-70.46787609787353, 18.66901798705297], [-70.46767222807627, 18.669159437152945], [-70.46795763812747, 18.669555186994014], [-70.46807430841778, 18.67019432691379], [-70.46804592885528, 18.670939246904542], [-70.46798478904493, 18.67120997692724], [-70.46795073943599, 18.67186649692373], [-70.46772884985941, 18.6723796670211], [-70.46757789038804, 18.673154947073748], [-70.46753575035693, 18.67305480709856]]]]}, "geometry_name": "the_geom", "properties": {"AREA": 100626.341, "PARCELA": "1061", "PROVINCIA": "Peravia", "MUNICIPIO": "San Jos\u00e9 de Ocoa", "DC": "2", "area_calc_m2": 100626, "touches_family_land": false, "owner": null, "owner_source": null, "family": false, "shift_note": "RI historic layer shifted -11.0 m E, -10.5 m N to the plano 2026 frame"}}, {"type": "Feature", "id": "ParcelasHistoricas.182987", "geometry": {"type": "MultiPolygon", "coordinates": [[[[-70.46905560075051, 18.67537611624513], [-70.46908632093428, 18.675734526217926], [-70.46746540131572, 18.674678197082798], [-70.4676900309638, 18.674294806979866], [-70.46777729054955, 18.67365415695557], [-70.46837053026375, 18.673781706647333], [-70.46811028068973, 18.67425826676555], [-70.4678016711095, 18.674672186910566], [-70.46805458105045, 18.6748378367756], [-70.46825564098518, 18.67493700666933], [-70.46829567103586, 18.675069596644573], [-70.46832303105273, 18.67512870662866], [-70.46846781097155, 18.675139596554082], [-70.46874241090336, 18.67531224640776], [-70.46905282075568, 18.675382336246354], [-70.46905560075051, 18.67537611624513]]]]}, "geometry_name": "the_geom", "properties": {"AREA": 8804.951, "PARCELA": "1088", "PROVINCIA": "Peravia", "MUNICIPIO": "San Jos\u00e9 de Ocoa", "DC": "2", "area_calc_m2": 8805, "touches_family_land": false, "owner": null, "owner_source": null, "family": false, "shift_note": "RI historic layer shifted -11.0 m E, -10.5 m N to the plano 2026 frame"}}, {"type": "Feature", "id": "ParcelasHistoricas.183029", "geometry": {"type": "MultiPolygon", "coordinates": [[[[-70.46754234200122, 18.67597472700197], [-70.46712954220342, 18.6758918372163], [-70.4671235019654, 18.675463777233052], [-70.46738890149906, 18.67492125711428], [-70.46745670131035, 18.674659417087863], [-70.46907763092892, 18.67571574622298], [-70.46920727098318, 18.675950386149005], [-70.46903408111028, 18.67599048623653], [-70.46895368117589, 18.676020776276786], [-70.46846090145168, 18.675982746530682], [-70.46828380156282, 18.67599037662125], [-70.46769118189901, 18.675952726926344], [-70.46754237199654, 18.67596647700222], [-70.46754234200122, 18.67597472700197]]]]}, "geometry_name": "the_geom", "properties": {"AREA": 18402.604, "PARCELA": "1087", "PROVINCIA": "Peravia", "MUNICIPIO": "San Jos\u00e9 de Ocoa", "DC": "2", "area_calc_m2": 18403, "touches_family_land": false, "owner": null, "owner_source": null, "family": false, "shift_note": "RI historic layer shifted -11.0 m E, -10.5 m N to the plano 2026 frame"}}, {"type": "Feature", "id": "ParcelasHistoricas.183024", "geometry": {"type": "MultiPolygon", "coordinates": [[[[-70.46858038369501, 18.680083816338392], [-70.46872724439538, 18.681481006218423], [-70.46883647491634, 18.6825201961292], [-70.46855169514374, 18.682618556272132], [-70.46784242572613, 18.68289193662724], [-70.4670546364056, 18.68325332701986], [-70.4666949466941, 18.683379807200353], [-70.46642431650223, 18.682751017359244], [-70.46614560602414, 18.681606857538704], [-70.46590528609723, 18.68147956766605], [-70.46611009560183, 18.680821207581968], [-70.46668143502086, 18.68040283730222], [-70.46681142480628, 18.680161737243242], [-70.46695025463504, 18.680006807176966], [-70.46718221445111, 18.679928937060474], [-70.4671297743092, 18.679621617097173], [-70.46726652396714, 18.679161957041696], [-70.46828669380257, 18.679960486492966], [-70.46858520368376, 18.680069016336386], [-70.46858038369501, 18.680083816338392]]]]}, "geometry_name": "the_geom", "properties": {"AREA": 89453.593, "PARCELA": "1082", "PROVINCIA": "Peravia", "MUNICIPIO": "San Jos\u00e9 de Ocoa", "DC": "2", "area_calc_m2": 89453, "touches_family_land": false, "owner": null, "owner_source": null, "family": false, "shift_note": "RI historic layer shifted -11.0 m E, -10.5 m N to the plano 2026 frame"}}, {"type": "Feature", "id": "ParcelasHistoricas.239288", "geometry": {"type": "MultiPolygon", "coordinates": [[[[-70.45364589684701, 18.722744942657428], [-70.45456867622137, 18.72262494218641], [-70.4564723659528, 18.72418100115785], [-70.45661644599252, 18.724404721076656], [-70.45723122547896, 18.72415420076827], [-70.45745411528578, 18.72405106065685], [-70.4591717743864, 18.72429607976545], [-70.45939006424948, 18.72428729965343], [-70.4611477015272, 18.72135767884218], [-70.46156905078841, 18.720503088652595], [-70.4616210006705, 18.72035035863072], [-70.46210921032282, 18.720257518382613], [-70.46234436014173, 18.720188728263874], [-70.46279578983994, 18.72013769803336], [-70.46315750963356, 18.72015933784667], [-70.46311528943508, 18.71976382788095], [-70.46320901937355, 18.719755217833022], [-70.46396702901447, 18.719930247437716], [-70.46425870889355, 18.72002808728463], [-70.46455870849147, 18.71963827714279], [-70.46470878809666, 18.719101317082703], [-70.46504907764812, 18.718672496921393], [-70.4653220075657, 18.718818336776444], [-70.46571249730331, 18.718771806577177], [-70.46600245698754, 18.71852367643603], [-70.46667916643052, 18.718262406096475], [-70.46691335637608, 18.71841628597119], [-70.46759897764984, 18.72139787552368], [-70.4685455079435, 18.722927184988272], [-70.46757613873311, 18.723286335475205], [-70.46716359899389, 18.723306305686677], [-70.4668761890937, 18.723175675838622], [-70.46653604925845, 18.723103406015817], [-70.46621950938196, 18.72298354618239], [-70.46558999969334, 18.72286127650998], [-70.46531452963764, 18.722468866664116], [-70.4651890296675, 18.72238762673123], [-70.46486851964248, 18.72200133690832], [-70.46462222967132, 18.721789347041717], [-70.46483316904488, 18.720908456961272], [-70.46436072925428, 18.720773897208463], [-70.4644964796528, 18.721622447111674], [-70.46444922980152, 18.721834567129232], [-70.46436218007437, 18.72222337716163], [-70.46402407071284, 18.72298965731114], [-70.46375957100484, 18.723222837439746], [-70.46358947124823, 18.72347094751934], [-70.46326520150187, 18.723572627682877], [-70.46296265176734, 18.723718357833853], [-70.46257700228584, 18.72422199801621], [-70.46238429236196, 18.724150698117587], [-70.46213013243589, 18.72400995825278], [-70.46188348266254, 18.7241468283753], [-70.46145437310358, 18.724467368585852], [-70.46124859341448, 18.72479649868126], [-70.46087236378025, 18.72504061886705], [-70.46072861392581, 18.725144118937713], [-70.46058292410828, 18.725310709007385], [-70.46002615466223, 18.72569423928166], [-70.4597639654854, 18.72686708937941], [-70.45929127636516, 18.727915129589434], [-70.45894780725823, 18.729124279727905], [-70.45895164776121, 18.73001569969773], [-70.45879395812037, 18.730481029764164], [-70.45897653828669, 18.730969139654764], [-70.4591109083447, 18.73121479957784], [-70.45955049820083, 18.731429899344814], [-70.45962617820646, 18.731520559302993], [-70.45996654813719, 18.7317614391202], [-70.46018959815157, 18.732024748997077], [-70.4603438781367, 18.7321630889133], [-70.46036302819468, 18.732285788899564], [-70.46057998815036, 18.732439048783053], [-70.46083838785802, 18.732199078657672], [-70.46243617650482, 18.731516637857133], [-70.4631621868827, 18.732957947437807], [-70.46339655680877, 18.733077647313408], [-70.4642052577187, 18.73554570681885], [-70.46420086892998, 18.737677396753366], [-70.46400676884811, 18.737325886864433], [-70.46375476899432, 18.737314846994476], [-70.46370345896537, 18.737209037024247], [-70.46358508877098, 18.736739917100067], [-70.4632995487496, 18.7363975172579], [-70.46300125892138, 18.736382167411904], [-70.46270037913446, 18.736436937565013], [-70.4623978692969, 18.736400667721867], [-70.46216482934489, 18.736236657847012], [-70.4618594895902, 18.736343508000783], [-70.4618167095276, 18.73618745802775], [-70.4618113993848, 18.735929998038646], [-70.46158429940526, 18.735723798162073], [-70.46142482886847, 18.734606928279558], [-70.46143026867009, 18.73426281828767], [-70.46143726860868, 18.73416201828726], [-70.46120671855202, 18.733816118416883], [-70.45848139926115, 18.73215976987193], [-70.4583010593279, 18.732085189967112], [-70.45742510853424, 18.72975117049169], [-70.45698445856772, 18.72934025073144], [-70.45684390874936, 18.72951081079838], [-70.4567827686133, 18.72920559083949], [-70.45663041859567, 18.729012010924006], [-70.4565576184517, 18.728680450971943], [-70.4563733885286, 18.72861965106867], [-70.4561482786014, 18.728508021188045], [-70.45603981844468, 18.728115911256236], [-70.45589747840921, 18.72790159133625], [-70.45580785829078, 18.727597101391975], [-70.45573281823445, 18.72741774143626], [-70.45525864801634, 18.72652740170835], [-70.45493979821912, 18.72654510187188], [-70.45470579832758, 18.72648696199413], [-70.45451992847853, 18.726555072087642], [-70.4541211086882, 18.726499732294634], [-70.45322987926527, 18.726567512751174], [-70.45137538082625, 18.72734391368128], [-70.44793584194261, 18.725647435505092], [-70.44665566295772, 18.726073626150825], [-70.44642562299877, 18.72590097627466], [-70.4462966930217, 18.725804026344072], [-70.44590745323337, 18.725762686545774], [-70.44569581342444, 18.72587413665125], [-70.44543033358208, 18.725869326788086], [-70.44521392358078, 18.725636506906792], [-70.4451819634548, 18.725380346931246], [-70.44511812337265, 18.725167506970767], [-70.44488826345244, 18.725063367092375], [-70.44482713341421, 18.724930857127987], [-70.4447345033749, 18.724762897180916], [-70.44426822368396, 18.724811227419487], [-70.44407576385366, 18.72490550751564], [-70.44371001423482, 18.72518799769514], [-70.4429788848688, 18.72552713806105], [-70.4424450152752, 18.725675098331354], [-70.44194626559717, 18.72571164858705], [-70.44175568574981, 18.725777838683136], [-70.44142437593685, 18.72575481885447], [-70.44073746634439, 18.72574188920864], [-70.4405208564586, 18.72571261932111], [-70.43997627670032, 18.725558999606356], [-70.43968933685971, 18.725534489754907], [-70.4395684969399, 18.725547199816752], [-70.43914094715738, 18.725475420039192], [-70.43885212721248, 18.725265160194475], [-70.43867734718683, 18.725033900291677], [-70.43844042717724, 18.724764850422062], [-70.43834947717131, 18.72465760047224], [-70.43811396715566, 18.72437938060217], [-70.43781818724078, 18.72421461075963], [-70.437611697184, 18.723894770875916], [-70.43754045712588, 18.723716520918135], [-70.4371542072227, 18.723476121124538], [-70.43764425689712, 18.723423780873755], [-70.4395709858275, 18.723588999876334], [-70.44010488543198, 18.7234601096054], [-70.44016858526479, 18.723233169579647], [-70.44067954482097, 18.722994679323946], [-70.44086458457924, 18.7227655192358], [-70.44056386445259, 18.722222019407564], [-70.44053415430731, 18.72193427943181], [-70.44029977418563, 18.721470199566937], [-70.44000151427593, 18.72131193972543], [-70.43970280429886, 18.721034369887867], [-70.43938248447247, 18.720999480053898], [-70.43903971461931, 18.72089353023369], [-70.43873476466497, 18.72064944039829], [-70.43855235468547, 18.720491390497127], [-70.43845057465442, 18.720328300554613], [-70.43821629467615, 18.720117250681803], [-70.43808714456136, 18.719777430758853], [-70.43843552408252, 18.719303930594165], [-70.43843127394162, 18.719050980604216], [-70.43860524383469, 18.719047600514752], [-70.43912644357502, 18.71914451024338], [-70.43943335363015, 18.719568460072182], [-70.44007631351306, 18.720046449726276], [-70.44032449339726, 18.720106429596633], [-70.44064916335087, 18.72037028942127], [-70.44100791315256, 18.72040254923556], [-70.4415009128494, 18.720392888982037], [-70.44181980270658, 18.720480548815132], [-70.44207778268672, 18.720720258674845], [-70.44262466279996, 18.721502228368923], [-70.44281399269158, 18.72151275827112], [-70.44413379147991, 18.72078148761451], [-70.44462501107428, 18.720589257367642], [-70.44632870979878, 18.720154306504302], [-70.44625207958194, 18.71969017655827], [-70.44566499963815, 18.719163946876876], [-70.44529325978544, 18.719027757072464], [-70.4450712498746, 18.718948537189206], [-70.4448641398662, 18.718713107303152], [-70.44479558973218, 18.718403687348108], [-70.44481420956245, 18.71812414734726], [-70.44454609957943, 18.71786849749323], [-70.4443972296145, 18.71777180757287], [-70.44418817968034, 18.717665267683795], [-70.44405554963616, 18.717446097758895], [-70.44405335955554, 18.717301547764535], [-70.44417119946486, 18.717267077704964], [-70.44475480897685, 18.71702782741208], [-70.44600628823385, 18.71705011676733], [-70.44727452791776, 18.717843606089858], [-70.44784109738883, 18.71751408580862], [-70.44786556739913, 18.717558345794654], [-70.44788953754771, 18.71784602577331], [-70.44806089763834, 18.718188495674404], [-70.44811548824232, 18.7193122856111], [-70.44812948825728, 18.7193535556026], [-70.44829999827374, 18.719564285508245], [-70.45214081684476, 18.721136513482474], [-70.4533758367928, 18.722361392808462], [-70.4535826467855, 18.722569022695513], [-70.45364589684701, 18.722744942657428]]]]}, "geometry_name": "the_geom", "properties": {"AREA": 1859248.097, "PARCELA": "328", "PROVINCIA": "San Jos\u00e9 de Ocoa", "MUNICIPIO": "San Jos\u00e9 de Ocoa", "DC": "2", "area_calc_m2": 1859248, "touches_family_land": false, "owner": "Negocios e Inversiones Diversos S.R.L. / Sr. Jos\u00e9 Ludovino S\u00e1nchez D\u00edaz", "owner_source": "plano catastral 2026 (colindante noreste)", "family": false, "shift_note": "RI historic layer shifted -11.0 m E, -10.5 m N to the plano 2026 frame"}}, {"type": "Feature", "id": "ParcelasHistoricas.183027", "geometry": {"type": "MultiPolygon", "coordinates": [[[[-70.46726366396794, 18.679160307043222], [-70.46712691431001, 18.67961997709869], [-70.46717935445191, 18.679927297061987], [-70.4664758446416, 18.6795116274361], [-70.46630402473428, 18.679492207524856], [-70.4651274852728, 18.679189018138022], [-70.46484876554138, 18.679366858275333], [-70.46488538506733, 18.678566638282035], [-70.46488257497298, 18.67839652828889], [-70.46492383483744, 18.67820056827397], [-70.46508715467613, 18.67808939819373], [-70.46555286439931, 18.678096607954622], [-70.4660520140006, 18.67792373770411], [-70.4667731536566, 18.678084907329108], [-70.46672201381826, 18.67831655734795], [-70.46686409385862, 18.678539827267954], [-70.46713492386893, 18.678847407119235], [-70.46727358396421, 18.679164297038007], [-70.46726366396794, 18.679160307043222]]]]}, "geometry_name": "the_geom", "properties": {"AREA": 35143.957, "PARCELA": "1084", "PROVINCIA": "Peravia", "MUNICIPIO": "San Jos\u00e9 de Ocoa", "DC": "2", "area_calc_m2": 35144, "touches_family_land": false, "owner": null, "owner_source": null, "family": false, "shift_note": "RI historic layer shifted -11.0 m E, -10.5 m N to the plano 2026 frame"}}, {"type": "Feature", "id": "ParcelasHistoricas.158816", "geometry": {"type": "MultiPolygon", "coordinates": [[[[-70.46313699193243, 18.688851078852], [-70.46130574253237, 18.687957449820384], [-70.46142099195596, 18.687060619789694], [-70.46115729207314, 18.6869864299274], [-70.46091441213412, 18.68683506005688], [-70.46065302218165, 18.686640100197234], [-70.46038609220099, 18.686389390342203], [-70.45983783123737, 18.684099050696226], [-70.45360584343399, 18.681335823982526], [-70.45386439300518, 18.680852933865022], [-70.45552362134114, 18.67967856305039], [-70.45824351863388, 18.677789431714263], [-70.45960343692259, 18.67621151106649], [-70.4609852670301, 18.677877040304722], [-70.46260685778392, 18.680942979375384], [-70.46412511691422, 18.681024668593817], [-70.46420336723283, 18.681672278533057], [-70.4643145573399, 18.681980578466195], [-70.46445641755352, 18.682510228376564], [-70.46448706786244, 18.68308982834239], [-70.4644807080934, 18.683491858332857], [-70.46451534814936, 18.683627958310744], [-70.46456378852685, 18.684347858262978], [-70.46472791863819, 18.684720218166913], [-70.46518588876394, 18.685431907909244], [-70.46573063877162, 18.68602731761074], [-70.46584880916564, 18.68685090752386], [-70.4657134998453, 18.687909247559585], [-70.46608515999162, 18.68856513734794], [-70.4663218699189, 18.6886893072225], [-70.46666017986293, 18.688951597040514], [-70.46667119023226, 18.68961696701365], [-70.46728875038619, 18.69054901666699], [-70.46746024208286, 18.69373428647734], [-70.46692663259174, 18.694064566740717], [-70.46605510352995, 18.694793447164894], [-70.46614561361517, 18.695040867110546], [-70.46734679328561, 18.69574085647156], [-70.46719274348878, 18.695935696544424], [-70.46704328372502, 18.69619393661293], [-70.46672860449681, 18.69722298674167], [-70.46713569457512, 18.697796256514383], [-70.46484625668053, 18.699074727649258], [-70.46464307659733, 18.69871063776518], [-70.4638926765475, 18.697821328178833], [-70.46368639645057, 18.69742967829722], [-70.4634979064328, 18.697197018401408], [-70.46337128637866, 18.696966068473774], [-70.46325589635876, 18.69680767853806], [-70.4615201665128, 18.695227119479608], [-70.45979825687053, 18.694021810402095], [-70.45925227740977, 18.69439273067074], [-70.45888831686742, 18.693045210900323], [-70.45903046659105, 18.692708200837988], [-70.45985972610167, 18.69272773041153], [-70.4603365956258, 18.692395100177205], [-70.46058319533198, 18.692138630058718], [-70.46081807506263, 18.691912939945265], [-70.4610863149682, 18.69203221980376], [-70.46127387493631, 18.692176019702888], [-70.46146369493094, 18.692369189599294], [-70.46179091485193, 18.692578719424638], [-70.46216955461817, 18.69256946923052], [-70.46183416358227, 18.69037900947226], [-70.46289472214029, 18.68896018897289], [-70.46313699193243, 18.688851078852]]]]}, "geometry_name": "the_geom", "properties": {"AREA": 1382627.67, "PARCELA": "101", "PROVINCIA": "Peravia", "MUNICIPIO": "San Jos\u00e9 de Ocoa", "DC": "2", "area_calc_m2": 1382628, "touches_family_land": false, "owner": null, "owner_source": null, "family": false, "shift_note": "RI historic layer shifted -11.0 m E, -10.5 m N to the plano 2026 frame"}}, {"type": "Feature", "id": "ParcelasHistoricas.158637", "geometry": {"type": "MultiPolygon", "coordinates": [[[[-70.46315149646779, 18.714562378027555], [-70.46334620627411, 18.71442806793174], [-70.4632996962686, 18.714368687957535], [-70.46347262608627, 18.71423122787301], [-70.46355429600973, 18.714183217832556], [-70.46341883596315, 18.713956337909387], [-70.46372036558525, 18.713610637765388], [-70.46382893531124, 18.713242527721285], [-70.46300713576893, 18.713173828145866], [-70.46300963571628, 18.713083508147456], [-70.46304699517238, 18.712162588157497], [-70.46352048483324, 18.712068867917125], [-70.46377649467962, 18.712070767785487], [-70.46449558454198, 18.712595217399233], [-70.46520019442906, 18.713147947019525], [-70.46552145462803, 18.71384243683231], [-70.46586967496036, 18.714801316622808], [-70.46575694505542, 18.714848856679236], [-70.46580253507211, 18.714927046653315], [-70.46570628516717, 18.714992186700705], [-70.4656240951722, 18.71491333674546], [-70.46542284510846, 18.71458587685932], [-70.46528899521125, 18.714624546926895], [-70.46508509538296, 18.714710187028963], [-70.46512579543507, 18.71484569700373], [-70.46500761553303, 18.71489257706298], [-70.46481584565424, 18.714901957161253], [-70.4646087757831, 18.714908517267475], [-70.46454714579518, 18.71486407730057], [-70.46444461581753, 18.714794107355505], [-70.46440547582544, 18.714766287376502], [-70.46433370585203, 18.71473662741433], [-70.46419477589909, 18.714671457487817], [-70.46411822592123, 18.71462883752852], [-70.46395671608802, 18.714751047607653], [-70.46365506614872, 18.71453629776953], [-70.46355576623871, 18.714589257818893], [-70.46327836650832, 18.714769357955763], [-70.46312303651106, 18.71460841804072], [-70.46315149646779, 18.714562378027555]]]]}, "geometry_name": "the_geom", "properties": {"AREA": 56691.886, "PARCELA": "3679", "PROVINCIA": "Peravia", "MUNICIPIO": "San Jos\u00e9 de Ocoa", "DC": "2", "area_calc_m2": 56692, "touches_family_land": false, "owner": null, "owner_source": null, "family": false, "shift_note": "RI historic layer shifted -11.0 m E, -10.5 m N to the plano 2026 frame"}}, {"type": "Feature", "id": "ParcelasHistoricas.367350", "geometry": {"type": "MultiPolygon", "coordinates": [[[[-70.45801788613619, 18.708498550858554], [-70.45727466604815, 18.70755017127056], [-70.4567425058488, 18.706630331573155], [-70.45679086542154, 18.705927091570512], [-70.45646170525735, 18.705285901759947], [-70.45636959469101, 18.704187091841987], [-70.45602632460391, 18.703667002034834], [-70.45638698388296, 18.70277788187756], [-70.45632632366602, 18.702329821922884], [-70.45644877306447, 18.701397421889407], [-70.45659635268045, 18.70087620183003], [-70.45650173212363, 18.69979118191293], [-70.45662279196212, 18.699634891855666], [-70.45665938182542, 18.699432311843257], [-70.45672508154296, 18.699003161823068], [-70.45719687110834, 18.698738331589038], [-70.45770717082279, 18.698778021325623], [-70.45735699143117, 18.699479751483338], [-70.45748883162942, 18.699970821400083], [-70.45855990106126, 18.70010941084541], [-70.45912706074283, 18.700151770552694], [-70.45923321066533, 18.700128040498907], [-70.45978895079351, 18.700947650187448], [-70.46081708122696, 18.702811009600175], [-70.4615949710798, 18.703381139182436], [-70.46291773085021, 18.704387278470918], [-70.46321684093047, 18.704848428302597], [-70.46342571109511, 18.705362388178962], [-70.4635052312431, 18.705708838127087], [-70.46299967175588, 18.70607541837519], [-70.46227039260911, 18.706804808726744], [-70.4607476541384, 18.70788185947508], [-70.46054674440703, 18.70814201957008], [-70.4594886756781, 18.70925856007852], [-70.45931720545701, 18.70868505018481], [-70.4585795358738, 18.708634270565575], [-70.45806754614517, 18.708567450830852], [-70.45802539613662, 18.70850735085441], [-70.45801788613619, 18.708498550858554]]]]}, "geometry_name": "the_geom", "properties": {"AREA": 493999.152, "PARCELA": "102", "PROVINCIA": "Trujillo Valdez", "MUNICIPIO": "San Jos\u00e9 de Ocoa", "DC": "2", "area_calc_m2": 493999, "touches_family_land": false, "owner": null, "owner_source": null, "family": false, "shift_note": "RI historic layer shifted -11.0 m E, -10.5 m N to the plano 2026 frame"}}, {"type": "Feature", "id": "ParcelasHistoricas.82265", "geometry": {"type": "MultiPolygon", "coordinates": [[[[-70.46114838632033, 18.712164059133332], [-70.46046454664864, 18.71201423948961], [-70.4597223366402, 18.711207379896692], [-70.45978655606545, 18.710260649893666], [-70.46015350521975, 18.70915824973998], [-70.46100867405852, 18.70801925933658], [-70.46197417274756, 18.706733298881222], [-70.46228476251841, 18.70665985872396], [-70.46249192248284, 18.706818088612497], [-70.4627622630647, 18.708134868431763], [-70.463069023725, 18.709628988226665], [-70.46399307441042, 18.711826397681943], [-70.463298254947, 18.712032648032487], [-70.46212494581319, 18.712310418626725], [-70.46114527632484, 18.712168719134787], [-70.46114838632033, 18.712164059133332]]]]}, "geometry_name": "the_geom", "properties": {"AREA": 169876.136, "PARCELA": "137", "PROVINCIA": "San Jos\u00e9 de Ocoa", "MUNICIPIO": "San Jos\u00e9 de Ocoa", "DC": "2", "area_calc_m2": 169876, "touches_family_land": false, "owner": null, "owner_source": null, "family": false, "shift_note": "RI historic layer shifted -11.0 m E, -10.5 m N to the plano 2026 frame"}}, {"type": "Feature", "id": "ParcelasHistoricas.21848", "geometry": {"type": "MultiPolygon", "coordinates": [[[[-70.46287267603711, 18.713504008204485], [-70.46300713576893, 18.713173828145866], [-70.46382893531124, 18.713242527721285], [-70.46372036558525, 18.713610637765388], [-70.46287267603711, 18.713504008204485]]]]}, "geometry_name": "the_geom", "properties": {"AREA": 3526.1, "PARCELA": "3687", "PROVINCIA": "Peravia", "MUNICIPIO": "San Jos\u00e9 de Ocoa", "DC": "2", "area_calc_m2": 3526, "touches_family_land": false, "owner": null, "owner_source": null, "family": false, "shift_note": "RI historic layer shifted -11.0 m E, -10.5 m N to the plano 2026 frame"}}, {"type": "Feature", "id": "ParcelasHistoricas.317499", "geometry": {"type": "MultiPolygon", "coordinates": [[[[-70.46270621802802, 18.71684265818403], [-70.46278384806483, 18.71699053813943], [-70.46446365762083, 18.717999377243768], [-70.4646635173662, 18.717763057148545], [-70.46494753737315, 18.718078496992494], [-70.46519506737859, 18.718352346856538], [-70.46541768735071, 18.718540756736104], [-70.4650271976131, 18.718587276935352], [-70.4647542576955, 18.718441437080312], [-70.46441397814402, 18.718870257241623], [-70.46426389853882, 18.719407217301704], [-70.46396389894092, 18.719797027443565], [-70.46367220906184, 18.719699197596643], [-70.46291420942087, 18.719524157991952], [-70.4628204794824, 18.71953276803987], [-70.46265855911768, 18.718715958149062], [-70.46207297899196, 18.717869018477035], [-70.46219312891004, 18.71785261841578], [-70.4621221988373, 18.71764846845872], [-70.46270790804887, 18.716881278181948], [-70.46270621802802, 18.71684265818403]]]]}, "geometry_name": "the_geom", "properties": {"AREA": 55057.083, "PARCELA": "330", "PROVINCIA": "Peravia", "MUNICIPIO": "San Jos\u00e9 de Ocoa", "DC": "2", "area_calc_m2": 55057, "touches_family_land": false, "owner": null, "owner_source": null, "family": false, "shift_note": "RI historic layer shifted -11.0 m E, -10.5 m N to the plano 2026 frame"}}, {"type": "Feature", "id": "ParcelasHistoricas.266792", "geometry": {"type": "MultiPolygon", "coordinates": [[[[-70.43777790972182, 18.72854409064602], [-70.43827363952974, 18.72873321038477], [-70.43838926961851, 18.729012710316525], [-70.43878027970305, 18.729577800097534], [-70.43924802943253, 18.729598979855904], [-70.43994515915266, 18.729847809489037], [-70.44012572909045, 18.729930379393444], [-70.44070313846774, 18.729447709111014], [-70.44082794791345, 18.728603739072984], [-70.44096476760656, 18.728208509014806], [-70.44092748747272, 18.727932949042586], [-70.44086049747351, 18.727863009079265], [-70.44084771735068, 18.72763292909301], [-70.44123195701647, 18.72745294890071], [-70.44237874574311, 18.726429408341968], [-70.44280873546401, 18.726395268121607], [-70.44324050501439, 18.72606237790964], [-70.4434512448789, 18.726047937801564], [-70.44361288461093, 18.725747657727702], [-70.44381417437526, 18.72554651763033], [-70.444086894115, 18.72537810749516], [-70.44435441385978, 18.725213027362564], [-70.44468056363066, 18.725156377196406], [-70.44522720337703, 18.725291426910736], [-70.44544812337342, 18.72552035678984], [-70.44571365321244, 18.725519336653157], [-70.44592391302088, 18.72540554654846], [-70.44631394280452, 18.72543948634659], [-70.44644496277888, 18.725533856276183], [-70.44667882273284, 18.725701776150533], [-70.44795191171133, 18.725256725509063], [-70.45161418047348, 18.726976323569918], [-70.45176839036598, 18.72695103349134], [-70.45266227983517, 18.72696764303072], [-70.45305356965088, 18.72705967282643], [-70.45324592950676, 18.727010562728974], [-70.45347254941537, 18.727090932609805], [-70.45379163923003, 18.727104212445152], [-70.45417483952525, 18.728033462218665], [-70.4542312695963, 18.728218912183785], [-70.45428918973784, 18.728530292144153], [-70.45440789979479, 18.72875730207591], [-70.45447606998054, 18.729157572028203], [-70.45468837992728, 18.72929001191476], [-70.45486569986389, 18.729367251821056], [-70.4549047200312, 18.729703931790365], [-70.45503698006837, 18.729910501715775], [-70.45506701022565, 18.730219901690557], [-70.45495056032058, 18.73026316174914], [-70.45472590066734, 18.730635151853054], [-70.45443826085948, 18.7306673520001], [-70.45406433109459, 18.730683322192082], [-70.4538337712105, 18.730641952312073], [-70.45367434135103, 18.730719792391692], [-70.45360408148336, 18.73087826242287], [-70.45336145175797, 18.731103862540667], [-70.45332245182188, 18.731174982558514], [-70.45319340193295, 18.731233272623104], [-70.4527744523004, 18.73143461283246], [-70.45266023249414, 18.73165446288435], [-70.45246603265919, 18.73173846298169], [-70.45232718288199, 18.731983303045475], [-70.45207953313081, 18.732158103167485], [-70.45200534329834, 18.732374353198885], [-70.45181906361096, 18.732726963283707], [-70.45176181382594, 18.733044973303194], [-70.4517710638925, 18.733172153294433], [-70.45170630406913, 18.733414523320164], [-70.4518301141368, 18.73366577324851], [-70.45181320429025, 18.73391825324929], [-70.45174056439781, 18.734030443283164], [-70.45147900461785, 18.734139583414418], [-70.44963778739067, 18.73706475427084], [-70.4481986898123, 18.73979857492649], [-70.44891258036162, 18.74152677450454], [-70.44896496037134, 18.741599704475266], [-70.44985666013855, 18.742139533998916], [-70.44989505028202, 18.742433173969925], [-70.44994100037047, 18.74263798393983], [-70.45019989044224, 18.743040213793826], [-70.45050485027049, 18.743062573636], [-70.4508386400928, 18.743105193462682], [-70.45097324008034, 18.743226673389522], [-70.45107221009062, 18.743350213334654], [-70.45109771015687, 18.743494103316994], [-70.45121884024891, 18.743785323245437], [-70.45126279029698, 18.74391678321867], [-70.45137824023043, 18.743922583159], [-70.45172839002292, 18.74393015297837], [-70.45200887978679, 18.743813042837534], [-70.45216456968411, 18.743798062757794], [-70.452493939463, 18.74375953258932], [-70.45271947925553, 18.74363439247706], [-70.45281397912537, 18.743505732432418], [-70.45329401871585, 18.743295862191726], [-70.45347743855265, 18.743203802100133], [-70.45361405840079, 18.743081852033598], [-70.45369655830703, 18.743004571993538], [-70.4537649982761, 18.743023021957693], [-70.45673252671631, 18.74343792041607], [-70.45677941674523, 18.743538890388734], [-70.45667594709612, 18.744046870425997], [-70.45659334735561, 18.744416070456893], [-70.45664034754397, 18.744798090420627], [-70.45669054762179, 18.744988700388756], [-70.45668539777937, 18.74526089038281], [-70.45676117790546, 18.745563850334214], [-70.45688780794325, 18.74576542026263], [-70.45688740807108, 18.745990220255738], [-70.45685472822849, 18.746232730264914], [-70.45677598833255, 18.746332100302347], [-70.45664296854245, 18.74656010036367], [-70.45649379873097, 18.746733220435047], [-70.45604958934734, 18.74734555064458], [-70.45625686929841, 18.74748032053354], [-70.4563596693178, 18.747624060476042], [-70.45650235931201, 18.747765980398057], [-70.45661025929317, 18.74784779033989], [-70.45694154922931, 18.748088490161617], [-70.45720805913167, 18.748200640020777], [-70.45737092903808, 18.74820939993659], [-70.45768749875465, 18.748047569778617], [-70.45785946867338, 18.74808774968876], [-70.45828563828114, 18.747851119476696], [-70.458337548191, 18.747747669453226], [-70.45842286805983, 18.747607539413696], [-70.45869137787692, 18.747571579276528], [-70.45900950781778, 18.74780663910522], [-70.45921815771828, 18.747853808996254], [-70.45915633804324, 18.748360439012075], [-70.45958979792839, 18.748620288780575], [-70.4596946380992, 18.74903303871351], [-70.45993303815628, 18.749387898579467], [-70.46007184809652, 18.749430598506613], [-70.46037835793254, 18.749468598347523], [-70.46095761774654, 18.749758688039943], [-70.4614794777733, 18.750362437752003], [-70.46219626744838, 18.750554547376694], [-70.46237574745884, 18.750764407277583], [-70.46253992761382, 18.7512126171788], [-70.46280296762555, 18.751513877033744], [-70.46269437778597, 18.75168064708439], [-70.46269061783742, 18.75176730708358], [-70.46303902780284, 18.752078036894254], [-70.46312679803782, 18.752585666832925], [-70.46338603798898, 18.75277616669334], [-70.4636497982575, 18.75353061653351], [-70.46360999836031, 18.75366927654961], [-70.46370151856468, 18.754126906487944], [-70.46361667885365, 18.75454545651835], [-70.46340841916312, 18.754868416615388], [-70.46381285919644, 18.755358536391462], [-70.46389700930203, 18.75563435633935], [-70.46386705959316, 18.756115186339507], [-70.46391326961833, 18.75620880631273], [-70.46431245972468, 18.756822016087586], [-70.46427202003592, 18.75732706609238], [-70.4640617803523, 18.75765998619013], [-70.46409595039829, 18.757777446168795], [-70.46451282021542, 18.757900095950102], [-70.46457341023856, 18.758005495915544], [-70.4648964001802, 18.75824728574144], [-70.46451269062571, 18.758622555927214], [-70.46422063106233, 18.759079926063176], [-70.46402627152949, 18.759695256143782], [-70.4638899616982, 18.759846956209202], [-70.46371587189763, 18.760012436293668], [-70.46335150215289, 18.7600732464795], [-70.46314220234402, 18.760186526583762], [-70.46281705279522, 18.76063419673713], [-70.46282818288543, 18.76080490672598], [-70.46305783284744, 18.760982986601977], [-70.46322282285217, 18.76116730651109], [-70.46326083297265, 18.761419976483488], [-70.46340462318167, 18.761941326392833], [-70.46334492332133, 18.762123576417814], [-70.46364724328245, 18.76237757625394], [-70.46388382323308, 18.762542996126754], [-70.46423893341381, 18.7632400159216], [-70.4638501838188, 18.763538336112493], [-70.4635381841837, 18.763847946263475], [-70.46320069446762, 18.763987756432996], [-70.4627967946567, 18.763889836644292], [-70.46233604476853, 18.763595316891138], [-70.46196804503705, 18.763675517078287], [-70.46193194527234, 18.764051177084983], [-70.46170420563766, 18.76445134718971], [-70.46162138578536, 18.764623017226963], [-70.46148118610931, 18.765043697285908], [-70.46135182622179, 18.765103717350694], [-70.46124001651077, 18.765493117396], [-70.46126594661943, 18.7657120073757], [-70.46116530670875, 18.765761877426005], [-70.46118522679097, 18.765927857410478], [-70.46099027708753, 18.76624190750104], [-70.4608307374799, 18.766762287566817], [-70.46088208701859, 18.766005177564328], [-70.46079693705937, 18.765986157608825], [-70.4605605071858, 18.76595658773166], [-70.46035806731494, 18.765967997835673], [-70.46019149737354, 18.76589351792391], [-70.45986518745235, 18.765684278098774], [-70.45975231748504, 18.765621498158957], [-70.45957692746215, 18.76539421825657], [-70.4594786875016, 18.765358898308346], [-70.45940450749787, 18.7652732383493], [-70.45928866750799, 18.76516755841237], [-70.45905895758726, 18.765062178534148], [-70.45898942761457, 18.76503604857082], [-70.45873570767988, 18.76488050870655], [-70.45863397772152, 18.764845338760114], [-70.45802679811702, 18.76489409907165], [-70.45789967819168, 18.764889979137326], [-70.45777045829375, 18.764931849202632], [-70.45758019834514, 18.76481949930429], [-70.4574455284002, 18.764772809375206], [-70.45727527850205, 18.76477059946306], [-70.45705159867828, 18.764842239576144], [-70.45674015896172, 18.76500907973147], [-70.456556559121, 18.765093629823486], [-70.4564644292275, 18.765182839868178], [-70.45613537943723, 18.765201200037282], [-70.45558804971206, 18.765101440322688], [-70.45531009985403, 18.765055080467494], [-70.45191195233296, 18.765795512196878], [-70.45175516239567, 18.76573883227953], [-70.44962246164306, 18.762143213492422], [-70.44955902159425, 18.76198979352995], [-70.44717614351066, 18.76282341473304], [-70.44701264361103, 18.7628258548173], [-70.4468328938078, 18.762980564905195], [-70.44665347404458, 18.763205994990717], [-70.44664721413275, 18.763354414989305], [-70.44657298445897, 18.763849125012136], [-70.44651941455092, 18.763953825036506], [-70.44526335502896, 18.763457365700074], [-70.44450280552597, 18.763521796090483], [-70.44354702569062, 18.762794056606356], [-70.4419221064238, 18.76235403745853], [-70.4412466262751, 18.761373747837602], [-70.44097750631497, 18.7611574679832], [-70.44081717644374, 18.761213358064193], [-70.44026439560889, 18.75915702841336], [-70.44032887548094, 18.759000598384944], [-70.44020094543052, 18.75877580845794], [-70.44010693526678, 18.758387818518504], [-70.43992058521206, 18.758093298623805], [-70.44035760413846, 18.756669958442565], [-70.44056726363324, 18.75600437835509], [-70.44009467266082, 18.75379085866769], [-70.44026874234454, 18.75341961858944], [-70.44030762211452, 18.753056298580677], [-70.44112901105804, 18.752071508187647], [-70.44115737070965, 18.75148863819115], [-70.4409675207141, 18.751294438295105], [-70.44088704057069, 18.750956428347134], [-70.44039483047986, 18.750272798622234], [-70.44090648992106, 18.749833958372008], [-70.44109754971953, 18.749682598278184], [-70.44135981951852, 18.749607978145267], [-70.44184935906064, 18.749323157901685], [-70.44215278862444, 18.74887836775907], [-70.44232598848123, 18.74881064767188], [-70.44245392839578, 18.748796447606352], [-70.44273123833125, 18.7489780374577], [-70.4429975882071, 18.749043037318348], [-70.44331525805765, 18.749118137152212], [-70.44345027797777, 18.749121287082495], [-70.44365222781497, 18.749049686980605], [-70.44391407739047, 18.748581226860207], [-70.44400701726684, 18.748462526815995], [-70.44431771625024, 18.74700367670133], [-70.44427497619286, 18.746857156727934], [-70.44411286612555, 18.74656607682059], [-70.44408665603291, 18.74637506684006], [-70.44406052589902, 18.746111506861748], [-70.44384620580833, 18.74572365698432], [-70.44421350558802, 18.74572682679489], [-70.44452184540546, 18.745733676635737], [-70.44472338527882, 18.745725306532112], [-70.44485676517749, 18.74568887646449], [-70.4452456750223, 18.745829756259624], [-70.44574163480186, 18.745969725999608], [-70.44602192466273, 18.746023175853466], [-70.44635050440688, 18.745922585687246], [-70.44672338417838, 18.745917325495224], [-70.44702944392088, 18.74578984534147], [-70.44731155363615, 18.74558891520235], [-70.44767022332621, 18.745425085022628], [-70.44779124318629, 18.745307574963938], [-70.44780558301713, 18.74502491496539], [-70.44785493287819, 18.744832804945975], [-70.4481419925118, 18.74449329480867], [-70.44812877230957, 18.744123054827078], [-70.44799592221867, 18.74382145490498], [-70.4478220421649, 18.74354152500335], [-70.44772096214832, 18.743404675059722], [-70.44747516216901, 18.74317931519344], [-70.44740957211138, 18.7430079252326], [-70.4474753320417, 18.742955235200373], [-70.44755788194574, 18.742874175160377], [-70.44776428168275, 18.74263078506163], [-70.44784449159016, 18.742553115022726], [-70.44796967135407, 18.742270594967074], [-70.4483382309352, 18.741925354787977], [-70.44867541051944, 18.74155213462594], [-70.44835245069847, 18.741523494793235], [-70.4481369707283, 18.7413464849098], [-70.44799219079495, 18.741309694985553], [-70.4477839307613, 18.741028595101668], [-70.44750175090998, 18.740989935248265], [-70.44727562095865, 18.740834835369636], [-70.44730679082356, 18.740630065359976], [-70.44711284100094, 18.740735955456607], [-70.44697711105557, 18.74068759552805], [-70.44678163113814, 18.74062485563074], [-70.44660718106287, 18.740306475730584], [-70.44626587115003, 18.740096495913015], [-70.44588897127771, 18.739920056112734], [-70.44555082135425, 18.73969473629401], [-70.44532751135704, 18.739461866416352], [-70.44508676142058, 18.739317416544917], [-70.44488559135695, 18.738991146658762], [-70.44473008138642, 18.738877446742446], [-70.44452987121416, 18.738360826861733], [-70.44439724124587, 18.738275426932734], [-70.44399280137401, 18.738070527147524], [-70.44381381140876, 18.737941157243792], [-70.44376489130343, 18.737703537276406], [-70.44340630131327, 18.73733904747255], [-70.44327533137223, 18.73730349754114], [-70.44299189150132, 18.73722910768951], [-70.44266847154236, 18.73695709786464], [-70.4425200816149, 18.736926867942046], [-70.44229962176928, 18.73696414805448], [-70.44195009193179, 18.736878308237266], [-70.441672532017, 18.736732908384827], [-70.44151846208142, 18.73668240846579], [-70.44130603221078, 18.7366840985752], [-70.44123032228775, 18.7367391186125], [-70.44100908234891, 18.73661134873049], [-70.44080097239487, 18.736470778842104], [-70.44031697264334, 18.736393299093926], [-70.43627706617072, 18.738306331116785], [-70.43613745629389, 18.738374671186637], [-70.4359217464856, 18.738482771294503], [-70.43561820664671, 18.738443481452194], [-70.43527651664412, 18.738075451639745], [-70.43473353651204, 18.73726535194473], [-70.43429415668099, 18.737095462176494], [-70.43387090672897, 18.736729742406002], [-70.43385668664489, 18.736566582418373], [-70.43340397691506, 18.736560772651934], [-70.4331225069513, 18.736325262804325], [-70.43239825730736, 18.73618187318214], [-70.43260611704841, 18.73594702308223], [-70.43268254696982, 18.735889943044587], [-70.43285992681368, 18.7358036729558], [-70.43296652654162, 18.73543802291214], [-70.43305560635137, 18.735197782873637], [-70.43313127616794, 18.734955272842125], [-70.43333521588525, 18.73467439274567], [-70.43347992571833, 18.734534362675404], [-70.4336883554397, 18.734265412576278], [-70.43413628475813, 18.73354156236777], [-70.43444865447223, 18.73337035221206], [-70.43471851409274, 18.732989032084774], [-70.4350401835031, 18.732292711940534], [-70.43468092339998, 18.73172889214314], [-70.43433291334684, 18.731265082336833], [-70.43431096335553, 18.73125704234839], [-70.43472733297607, 18.73103158214079], [-70.43608172222979, 18.73115786143893], [-70.43671717197394, 18.7313832811045], [-70.43704171170577, 18.731256180941205], [-70.4371599214327, 18.730900900891317], [-70.43735235053357, 18.729521580834945], [-70.43777790972182, 18.72854409064602]]]]}, "geometry_name": "the_geom", "properties": {"AREA": 7046737.5, "PARCELA": "130", "PROVINCIA": "San Jos\u00e9 de Ocoa", "MUNICIPIO": "San Jos\u00e9 de Ocoa", "DC": "2", "area_calc_m2": 7046737, "touches_family_land": false, "owner": null, "owner_source": null, "family": false, "shift_note": "RI historic layer shifted -11.0 m E, -10.5 m N to the plano 2026 frame"}}, {"type": "Feature", "id": "ParcelasHistoricas.21849", "geometry": {"type": "MultiPolygon", "coordinates": [[[[-70.46187240635327, 18.71299492873482], [-70.46185644617725, 18.712666968753428], [-70.46180087596127, 18.712226178795976], [-70.46304699517238, 18.712162588157497], [-70.46300963571628, 18.713083508147456], [-70.46300713576893, 18.713173828145866], [-70.46272395588733, 18.713080718294375], [-70.46209184623227, 18.71301535862137], [-70.46187240635327, 18.71299492873482]]]]}, "geometry_name": "the_geom", "properties": {"AREA": 11955, "PARCELA": "3709", "PROVINCIA": "Peravia", "MUNICIPIO": "San Jos\u00e9 de Ocoa", "DC": "2", "area_calc_m2": 11955, "touches_family_land": false, "owner": null, "owner_source": null, "family": false, "shift_note": "RI historic layer shifted -11.0 m E, -10.5 m N to the plano 2026 frame"}}, {"type": "Feature", "id": "ParcelasHistoricas.21846", "geometry": {"type": "MultiPolygon", "coordinates": [[[[-70.46228965636261, 18.71345671850568], [-70.46210366640442, 18.713332038605238], [-70.46216266632814, 18.71326032857719], [-70.4620194663668, 18.71317575865348], [-70.46198470642774, 18.713246318669114], [-70.46184039646052, 18.713150198746337], [-70.46187240635327, 18.71299492873482], [-70.46209184623227, 18.71301535862137], [-70.46272395588733, 18.713080718294375], [-70.46249715619435, 18.713380968401424], [-70.4623984762097, 18.713302778454633], [-70.46228965636261, 18.71345671850568]]]]}, "geometry_name": "the_geom", "properties": {"AREA": 2528.7, "PARCELA": "3696", "PROVINCIA": "Peravia", "MUNICIPIO": "San Jos\u00e9 de Ocoa", "DC": "2", "area_calc_m2": 2529, "touches_family_land": false, "owner": null, "owner_source": null, "family": false, "shift_note": "RI historic layer shifted -11.0 m E, -10.5 m N to the plano 2026 frame"}}, {"type": "Feature", "id": "ParcelasHistoricas.173774", "geometry": {"type": "MultiPolygon", "coordinates": [[[[-70.4609187670813, 18.713263109216527], [-70.46105299708967, 18.71342112914251], [-70.46116553710401, 18.713566579080045], [-70.46144098686892, 18.713445288942292], [-70.46153829690893, 18.71361978888674], [-70.46168691676418, 18.713522748813418], [-70.46168890683971, 18.713658268808093], [-70.46178209693919, 18.71393341875146], [-70.46210875662808, 18.713732558589914], [-70.46219904643068, 18.71348027855151], [-70.46248005639059, 18.713709348399785], [-70.46222839665937, 18.713915508522614], [-70.4625940566997, 18.714377008319985], [-70.46285079643937, 18.714191188193915], [-70.46336774653119, 18.714905147905505], [-70.46289575689339, 18.715041098143818], [-70.46232044720871, 18.71498398844138], [-70.46193122709262, 18.71436355866115], [-70.46122357759374, 18.714493439020814], [-70.4608620876023, 18.714122799218405], [-70.46123379713528, 18.7136946390409], [-70.4610158971302, 18.71345311916057], [-70.46090298725399, 18.713551309215504], [-70.46080697721209, 18.713374829270446], [-70.4609187670813, 18.713263109216527]]]]}, "geometry_name": "the_geom", "properties": {"AREA": 20840.183, "PARCELA": "2193", "PROVINCIA": "Peravia", "MUNICIPIO": "San Jos\u00e9 de Ocoa", "DC": "2", "area_calc_m2": 20840, "touches_family_land": false, "owner": null, "owner_source": null, "family": false, "shift_note": "RI historic layer shifted -11.0 m E, -10.5 m N to the plano 2026 frame"}}, {"type": "Feature", "id": "ParcelasHistoricas.282451", "geometry": {"type": "MultiPolygon", "coordinates": [[[[-70.45848966295392, 18.721040340219318], [-70.45862517300708, 18.721278670142087], [-70.45880959287402, 18.721240560048432], [-70.45928768265024, 18.72135559979888], [-70.45951558230576, 18.72099065969322], [-70.45956950191861, 18.7203648096853], [-70.45983729159765, 18.720083919556476], [-70.4599339412016, 18.719487879525644], [-70.46089407018394, 18.718715669056365], [-70.46090793994027, 18.718300259062403], [-70.46124953919116, 18.717342078917138], [-70.46137503891596, 18.71699002886377], [-70.46182952895624, 18.717546158612453], [-70.4620732289917, 18.717868848476908], [-70.46265851911771, 18.718715968149084], [-70.46282046948241, 18.71953276803988], [-70.46286268968089, 18.719928278005604], [-70.4625009798873, 18.719906648192286], [-70.46204955018905, 18.719957698422807], [-70.46181439037014, 18.720026448541546], [-70.46132618071783, 18.72011929878966], [-70.46127424083573, 18.72027203881152], [-70.46085275157455, 18.721126559001203], [-70.45909520429677, 18.724056229812422], [-70.45886030444231, 18.72406250993307], [-70.4571426553417, 18.723817540824466], [-70.45691976553488, 18.723920690935888], [-70.45630499604842, 18.724171211244276], [-70.45616090600869, 18.72394750132547], [-70.45578303606204, 18.723638661529634], [-70.45848845295728, 18.721044970219797], [-70.45848966295392, 18.721040340219318]]]]}, "geometry_name": "the_geom", "properties": {"AREA": 177026.074, "PARCELA": "332-A-1", "PROVINCIA": "Peravia", "MUNICIPIO": "San Jos\u00e9 de Ocoa", "DC": "2", "area_calc_m2": 177026, "touches_family_land": true, "owner": null, "owner_source": null, "family": false, "shift_note": "RI historic layer shifted -11.0 m E, -10.5 m N to the plano 2026 frame"}}, {"type": "Feature", "id": "ParcelasHistoricas.207654", "geometry": {"type": "MultiPolygon", "coordinates": [[[[-70.45995569809077, 18.714018339687694], [-70.46038139808422, 18.714460989454814], [-70.46048629809893, 18.71459888939651], [-70.46027307827212, 18.71467722950365], [-70.45864351940409, 18.714937580333245], [-70.4585698981112, 18.712575880445815], [-70.45905894787361, 18.712678040191157], [-70.45927983781131, 18.712803670073626], [-70.45937624778472, 18.712859560022288], [-70.45961313758158, 18.712753569903867], [-70.45991004758889, 18.713083239740786], [-70.46011214764847, 18.71340412962672], [-70.45983449792729, 18.713600269763248], [-70.45963935790529, 18.713353239871395], [-70.45945164812711, 18.71354471996183], [-70.45966076813149, 18.713775549847014], [-70.4595532682643, 18.71389541989849], [-70.45962290826618, 18.71397300986022], [-70.45970245826378, 18.71405366981677], [-70.45981676824377, 18.714140259755258], [-70.45994711809387, 18.71401465969223], [-70.45995569809077, 18.714018339687694]]]]}, "geometry_name": "the_geom", "properties": {"AREA": 32529.91, "PARCELA": "3702", "PROVINCIA": "Peravia", "MUNICIPIO": "San Jos\u00e9 de Ocoa", "DC": "2", "area_calc_m2": 32530, "touches_family_land": false, "owner": "Colindres S.R.L.", "owner_source": "plano catastral 2026 (colindante sur)", "family": false, "shift_note": "RI historic layer shifted -11.0 m E, -10.5 m N to the plano 2026 frame"}}, {"type": "Feature", "id": "ParcelasHistoricas.287364", "geometry": {"type": "MultiPolygon", "coordinates": [[[[-70.46015388881612, 18.715510709538524], [-70.4600256389463, 18.71560375960151], [-70.45988612892215, 18.715412259679308], [-70.4600111487917, 18.7153152896181], [-70.46015373881625, 18.715510799538603], [-70.46015388881612, 18.715510709538524]]]]}, "geometry_name": "the_geom", "properties": {"AREA": 442.18, "PARCELA": "332-A-7", "PROVINCIA": "Peravia", "MUNICIPIO": "San Jos\u00e9 de Ocoa", "DC": "2", "area_calc_m2": 442, "touches_family_land": false, "owner": null, "owner_source": null, "family": false, "shift_note": "RI historic layer shifted -11.0 m E, -10.5 m N to the plano 2026 frame"}}, {"type": "Feature", "id": "ParcelasHistoricas.294414", "geometry": {"type": "MultiPolygon", "coordinates": [[[[-70.46027972868836, 18.715419389476715], [-70.46015373881625, 18.715510799538603], [-70.4600111487917, 18.7153152896181], [-70.46013395866355, 18.715220029557983], [-70.46027950868846, 18.71541929947683], [-70.46027972868836, 18.715419389476715]]]]}, "geometry_name": "the_geom", "properties": {"AREA": 443.547, "PARCELA": "332-A-8", "PROVINCIA": "Peravia", "MUNICIPIO": "San Jos\u00e9 de Ocoa", "DC": "2", "area_calc_m2": 444, "touches_family_land": false, "owner": null, "owner_source": null, "family": false, "shift_note": "RI historic layer shifted -11.0 m E, -10.5 m N to the plano 2026 frame"}}, {"type": "Feature", "id": "ParcelasHistoricas.336375", "geometry": {"type": "MultiPolygon", "coordinates": [[[[-70.45892873923928, 18.714950810186174], [-70.45966770877605, 18.714921209807166], [-70.46044515819158, 18.714718589413874], [-70.46074903847258, 18.71553909923163], [-70.46084453875895, 18.71614671916327], [-70.46086868875665, 18.716168409150164], [-70.45763341245448, 18.719245420716483], [-70.4571013724734, 18.718711331007007], [-70.45646522272295, 18.718473371341712], [-70.45893561924046, 18.714960260182337], [-70.45892873923928, 18.714950810186174]]]]}, "geometry_name": "the_geom", "properties": {"AREA": 104552.145, "PARCELA": "332-A-5", "PROVINCIA": "Peravia", "MUNICIPIO": "San Jos\u00e9 de Ocoa", "DC": "2", "area_calc_m2": 104552, "touches_family_land": true, "owner": null, "owner_source": null, "family": false, "shift_note": "RI historic layer shifted -11.0 m E, -10.5 m N to the plano 2026 frame"}}, {"type": "Feature", "id": "ParcelasHistoricas.261329", "geometry": {"type": "MultiPolygon", "coordinates": [[[[-70.46087756875748, 18.716179349145257], [-70.46089446875587, 18.716194529136082], [-70.46136223891828, 18.716980478870656], [-70.4613738389193, 18.71699465886424], [-70.46124832919453, 18.717346708917603], [-70.46090672994363, 18.71830488906288], [-70.4608928601873, 18.718720299056837], [-70.45993273120496, 18.71949250952612], [-70.459836091601, 18.720088549556944], [-70.45956829192197, 18.72036943968578], [-70.4595143723091, 18.720995289693697], [-70.45928647265359, 18.721360229799362], [-70.45880838287738, 18.721245190048904], [-70.45862396301041, 18.72128330014256], [-70.45778379268101, 18.719805650621428], [-70.45763341245448, 18.719245420716483], [-70.46086828875711, 18.71616879915036], [-70.46087756875748, 18.716179349145257]]]]}, "geometry_name": "the_geom", "properties": {"AREA": 102246.112, "PARCELA": "332-A-6", "PROVINCIA": "Peravia", "MUNICIPIO": "San Jos\u00e9 de Ocoa", "DC": "2", "area_calc_m2": 102246, "touches_family_land": true, "owner": null, "owner_source": null, "family": false, "shift_note": "RI historic layer shifted -11.0 m E, -10.5 m N to the plano 2026 frame"}}, {"type": "Feature", "id": "ParcelasHistoricas.102113", "geometry": {"type": "MultiPolygon", "coordinates": [[[[-70.45880879561876, 18.690752041013763], [-70.45802077729343, 18.69287280135131], [-70.45754173732041, 18.692409341611985], [-70.45760004705231, 18.69199744159506], [-70.45764861659902, 18.691247671593832], [-70.45811069601977, 18.690716311373365], [-70.45875555548318, 18.690455441050485], [-70.45881249561516, 18.690749631011936], [-70.45880879561876, 18.690752041013763]]]]}, "geometry_name": "the_geom", "properties": {"AREA": 18946.296, "PARCELA": "4119", "PROVINCIA": "Peravia", "MUNICIPIO": "San Jos\u00e9 de Ocoa", "DC": "2", "area_calc_m2": 18946, "touches_family_land": false, "owner": null, "owner_source": null, "family": false, "shift_note": "RI historic layer shifted -11.0 m E, -10.5 m N to the plano 2026 frame"}}, {"type": "Feature", "id": "ParcelasHistoricas.294117", "geometry": {"type": "MultiPolygon", "coordinates": [[[[-70.45942615164847, 18.737377309220587], [-70.45919726195038, 18.737665519329305], [-70.459006642114, 18.73775066942475], [-70.45875124243831, 18.738050069546762], [-70.45879287264728, 18.738462889512277], [-70.45870672290167, 18.73881949954535], [-70.45846546315853, 18.73901503966339], [-70.45816764336746, 18.739065729815124], [-70.45796422354216, 18.73915678991698], [-70.45778078368946, 18.73922084000941], [-70.45773771370492, 18.73920218003218], [-70.45748937374184, 18.739002430166366], [-70.457201813182, 18.737708900355273], [-70.45696464321756, 18.73751868048339], [-70.45651399338188, 18.737327870721455], [-70.4563191034823, 18.73729712082277], [-70.4549790639663, 18.736721681530902], [-70.45483730406438, 18.73674343160321], [-70.45390236442351, 18.73637987209609], [-70.45382772440605, 18.736269522137988], [-70.45285337459283, 18.735560212662044], [-70.45277752460304, 18.735497362703075], [-70.45247012472109, 18.73537783286513], [-70.45206789490905, 18.735280483075314], [-70.45180760494647, 18.735069023216003], [-70.45166416466925, 18.734427543310023], [-70.45158676460416, 18.734230263356082], [-70.45155621453758, 18.734080363376528], [-70.4517910343412, 18.73398445325862], [-70.45186288423261, 18.733869583225232], [-70.45188613401905, 18.733517903224314], [-70.45176358395031, 18.733266083295334], [-70.4518270137743, 18.733023403270305], [-70.45181822370745, 18.732896183278825], [-70.4518750134927, 18.732578103259577], [-70.45206081318025, 18.732225273175004], [-70.45213410301314, 18.732008743144075], [-70.45238055276414, 18.731832403022736], [-70.45251787254182, 18.731586782959763], [-70.45271205237674, 18.731502722862444], [-70.45282497218346, 18.73128226281124], [-70.45324289181555, 18.731078972602486], [-70.45337189170446, 18.731020592537917], [-70.45341086164055, 18.730949472520095], [-70.45365329136587, 18.730723542402412], [-70.45372313123369, 18.730564892371447], [-70.4538823610931, 18.730486702291948], [-70.4541126509781, 18.73052940217205], [-70.4544912107388, 18.73051096197777], [-70.45477866054593, 18.730477301830874], [-70.45500227019949, 18.730104731727515], [-70.45511867010451, 18.730061341668975], [-70.4552767199205, 18.729905311592546], [-70.4556711499381, 18.730356871375285], [-70.45629295092698, 18.732763790979288], [-70.45647361086989, 18.732855780883387], [-70.45900763042187, 18.734768059518586], [-70.45919999051333, 18.735134539407976], [-70.45918225058057, 18.73523412941395], [-70.45914004079992, 18.735575929424865], [-70.45917924141509, 18.73670245936905], [-70.45938310142061, 18.736929639256918], [-70.4593608615796, 18.73718626926025], [-70.45938678165453, 18.737346019241848], [-70.45942615164847, 18.737377309220587]]]]}, "geometry_name": "the_geom", "properties": {"AREA": 429190.081, "PARCELA": "324", "PROVINCIA": "Trujillo Vald?z", "MUNICIPIO": "San Jos\u00e9 de Ocoa", "DC": "2", "area_calc_m2": 429190, "touches_family_land": false, "owner": null, "owner_source": null, "family": false, "shift_note": "RI historic layer shifted -11.0 m E, -10.5 m N to the plano 2026 frame"}}, {"type": "Feature", "id": "ParcelasHistoricas.306146", "geometry": {"type": "MultiPolygon", "coordinates": [[[[-70.45561124104778, 18.714605391903003], [-70.45602077082232, 18.714644091691174], [-70.45653094049051, 18.714602361430142], [-70.45656395083793, 18.715250971392692], [-70.4587532393548, 18.71496757027589], [-70.45893561924046, 18.714960260182337], [-70.45646522272295, 18.718473371341712], [-70.45574204300665, 18.718202861722226], [-70.45533609323125, 18.718166401932177], [-70.45479815318875, 18.717517752229334], [-70.45561373103976, 18.714593871902082], [-70.45561124104778, 18.714605391903003]]]]}, "geometry_name": "the_geom", "properties": {"AREA": 101900.518, "PARCELA": "332-A-4", "PROVINCIA": "Peravia", "MUNICIPIO": "San Jos\u00e9 de Ocoa", "DC": "2", "area_calc_m2": 101900, "touches_family_land": false, "owner": "Sra. Sara Margarita Altagracia Berm\u00fadez Henr\u00edquez", "owner_source": "plano catastral 2026 (colindante sureste)", "family": false, "shift_note": "RI historic layer shifted -11.0 m E, -10.5 m N to the plano 2026 frame"}}, {"type": "Feature", "id": "ParcelasHistoricas.319978", "geometry": {"type": "MultiPolygon", "coordinates": [[[[-70.45533609323125, 18.718166401932177], [-70.45574204300665, 18.718202861722226], [-70.4571013724734, 18.718711331007007], [-70.45763341245448, 18.719245420716483], [-70.45778379268101, 18.719805650621428], [-70.45848845295728, 18.721044970219797], [-70.45578303606204, 18.723638661529634], [-70.45425717627731, 18.722391492354035], [-70.45438917585498, 18.721787062305165], [-70.4543331258092, 18.721646512338427], [-70.45416405572232, 18.721312922435928], [-70.45393270575862, 18.721130332560694], [-70.45362753580883, 18.72089357272517], [-70.45533665323285, 18.71816979193178], [-70.45533609323125, 18.718166401932177]]]]}, "geometry_name": "the_geom", "properties": {"AREA": 181456.276, "PARCELA": "332-A-2", "PROVINCIA": "Peravia", "MUNICIPIO": "San Jos\u00e9 de Ocoa", "DC": "2", "area_calc_m2": 181456, "touches_family_land": true, "owner": null, "owner_source": null, "family": false, "shift_note": "RI historic layer shifted -11.0 m E, -10.5 m N to the plano 2026 frame"}}, {"type": "Feature", "id": "ParcelasHistoricas.320235", "geometry": {"type": "MultiPolygon", "coordinates": [[[[-70.45153991453547, 18.734059293385577], [-70.45156666451284, 18.734047883372167], [-70.45159731457933, 18.734197763351666], [-70.45167471464445, 18.734395043305618], [-70.45181803492142, 18.735035993211675], [-70.45207833488399, 18.735247453070983], [-70.45247012472109, 18.73537783286513], [-70.45277752460304, 18.735497362703075], [-70.45285337459283, 18.73556022266205], [-70.45382772440605, 18.736269522137988], [-70.45390236442351, 18.73637987209609], [-70.45483730406438, 18.73674343160321], [-70.4549790639663, 18.736721681530902], [-70.4563191034823, 18.73729712082277], [-70.45651399338188, 18.737327870721455], [-70.45696464321756, 18.73751868048339], [-70.45720173318202, 18.737708840355317], [-70.45748929374186, 18.7390023801664], [-70.45773764370492, 18.73920212003222], [-70.45778071368947, 18.73922079000945], [-70.45771080398214, 18.73966213003151], [-70.45759466410193, 18.739749450088553], [-70.45734263459548, 18.740350650199336], [-70.45735789471925, 18.740585120184075], [-70.45718325496713, 18.740835810266095], [-70.45715281514309, 18.741113490273], [-70.45705357606018, 18.742623940276413], [-70.4570025161506, 18.742728870299405], [-70.45703706634113, 18.743101480269843], [-70.45686375658626, 18.74334867035131], [-70.45673336671642, 18.743439010415603], [-70.45376640827381, 18.74302049195704], [-70.4536980583045, 18.743001711992846], [-70.45361609839824, 18.743079512032615], [-70.45347977855008, 18.743201762098995], [-70.45329681871347, 18.743294662190323], [-70.45281804912369, 18.74350713243028], [-70.4527239692538, 18.743636072474686], [-70.4524986694613, 18.743761582586814], [-70.45216942968293, 18.74380114275519], [-70.45201380978595, 18.743816842834875], [-70.45172535002986, 18.743939122979647], [-70.45137521023705, 18.743931003160302], [-70.45125978030335, 18.74392481321997], [-70.45121603025515, 18.743793293246643], [-70.45109522016283, 18.743501943318034], [-70.4510698400965, 18.74335804333563], [-70.45097168008542, 18.743233923390097], [-70.45083715009777, 18.743112363463226], [-70.45050270027465, 18.74306762363694], [-70.45019777044622, 18.743044993794765], [-70.44993903037432, 18.742642683940698], [-70.44989398028521, 18.742437683970333], [-70.44985695014083, 18.742143893998634], [-70.44896565037307, 18.741603464474796], [-70.44891376036286, 18.74153021450382], [-70.4481986898123, 18.73979857492649], [-70.44963577739135, 18.73706379427191], [-70.45151902454398, 18.734052033396562], [-70.45153991453547, 18.734059293385577]]]]}, "geometry_name": "the_geom", "properties": {"AREA": 683557.415, "PARCELA": "325", "PROVINCIA": "Trujillo Vald?z", "MUNICIPIO": "San Jos\u00e9 de Ocoa", "DC": "2", "area_calc_m2": 683557, "touches_family_land": false, "owner": null, "owner_source": null, "family": false, "shift_note": "RI historic layer shifted -11.0 m E, -10.5 m N to the plano 2026 frame"}}, {"type": "Feature", "id": "ParcelasHistoricas.362888", "geometry": {"type": "MultiPolygon", "coordinates": [[[[-70.45585151984382, 18.69506771239614], [-70.45578929032705, 18.695855582403233], [-70.45562963046254, 18.695924802483066], [-70.45518421093024, 18.696276372700805], [-70.45448778159822, 18.696714253044792], [-70.45426387181023, 18.69685018315554], [-70.45295341279825, 18.697198843817894], [-70.45245097309677, 18.69719062407632], [-70.45176990348257, 18.6971461744277], [-70.45114592382734, 18.697090124750122], [-70.45098886387686, 18.69701016483334], [-70.45147277305571, 18.69607497461407], [-70.45149086293549, 18.69588178461085], [-70.45189775199658, 18.694656224440333], [-70.45092980253145, 18.694569464940404], [-70.44998205293005, 18.694263495437], [-70.44961907297386, 18.693953955633237], [-70.44968525277166, 18.69366715560823], [-70.44934774250386, 18.692833995807813], [-70.44969878146922, 18.69137943567311], [-70.45025856094911, 18.69105680539565], [-70.45062186053843, 18.690718165219657], [-70.45148323993004, 18.690561104782102], [-70.4518725692831, 18.689832434605027], [-70.45239843874688, 18.689445114347105], [-70.4528880176751, 18.688072044138877], [-70.4530864975284, 18.688024294038453], [-70.45322619756723, 18.68824198395985], [-70.45343034752717, 18.688388873850375], [-70.45366208752105, 18.68862523372392], [-70.45408883759688, 18.68921454348617], [-70.45471405736295, 18.68946778315709], [-70.45467496748992, 18.6896505731714], [-70.45475424756002, 18.68985914312411], [-70.4548508776455, 18.690113383066457], [-70.45501468827868, 18.691407772941492], [-70.4552514085388, 18.692120232797432], [-70.45538734868819, 18.692529382714692], [-70.45531219889979, 18.692823342744017], [-70.455623809073, 18.69346201256379], [-70.45582274913208, 18.69377871245161], [-70.45525004971805, 18.694203732732372], [-70.45585151984382, 18.69506771239614]]]]}, "geometry_name": "the_geom", "properties": {"AREA": 427728.145, "PARCELA": "32", "PROVINCIA": "San Jos\u00e9 de Ocoa", "MUNICIPIO": "San Jos\u00e9 de Ocoa", "DC": "2", "area_calc_m2": 427728, "touches_family_land": false, "owner": null, "owner_source": null, "family": false, "shift_note": "RI historic layer shifted -11.0 m E, -10.5 m N to the plano 2026 frame"}}, {"type": "Feature", "id": "ParcelasHistoricas.406271", "geometry": {"type": "MultiPolygon", "coordinates": [[[[-70.45178768345572, 18.69711765441946], [-70.45178403345778, 18.697117414421342], [-70.45178619345425, 18.697113514420362], [-70.45178768345572, 18.69711765441946]]], [[[-70.45178768345572, 18.69711765441946], [-70.45246509307198, 18.69716186406998], [-70.45296753277347, 18.697170093811543], [-70.45427800178544, 18.696821433149193], [-70.45450190157342, 18.696685503038434], [-70.45519834090541, 18.69624761269445], [-70.45564376043775, 18.695896052476716], [-70.45580341030225, 18.69582682239689], [-70.45599090066663, 18.696670992273916], [-70.45604400095534, 18.69723797222873], [-70.45604431152768, 18.698249922196627], [-70.45562170181435, 18.698305812411988], [-70.4556688719692, 18.698629782377527], [-70.4560914916825, 18.69857390216215], [-70.4562813119268, 18.6992081920446], [-70.45474531309999, 18.6996431528201], [-70.4537224837438, 18.69968997334423], [-70.45277580442176, 18.6998784238248], [-70.4524705141219, 18.69902300400862], [-70.45216523382202, 18.69816758419242], [-70.45178768345572, 18.69711765441946]]]]}, "geometry_name": "the_geom", "properties": {"AREA": 128333.096, "PARCELA": "33-A", "PROVINCIA": "San Jos\u00e9 de Ocoa", "MUNICIPIO": "San Jos\u00e9 de Ocoa", "DC": "2", "area_calc_m2": 128333, "touches_family_land": false, "owner": null, "owner_source": null, "family": false, "shift_note": "RI historic layer shifted -11.0 m E, -10.5 m N to the plano 2026 frame"}}, {"type": "Feature", "id": "ParcelasHistoricas.406272", "geometry": {"type": "MultiPolygon", "coordinates": [[[[-70.45580341030225, 18.69582682239689], [-70.45599090066663, 18.696670992273916], [-70.45604400095534, 18.69723797222873], [-70.45604431152768, 18.698249922196627], [-70.4560914916825, 18.69857390216215], [-70.4562813119268, 18.6992081920446], [-70.45474531309999, 18.6996431528201], [-70.4537224837438, 18.69968997334423], [-70.45266442450153, 18.699900593881345], [-70.45194430492197, 18.699875624252222], [-70.451424985336, 18.700053454513533], [-70.45099291574489, 18.700315234727373], [-70.45003106655574, 18.70072233520899], [-70.44984341651518, 18.70045062531397], [-70.44949332636924, 18.699819595513738], [-70.44914326627628, 18.699282235710534], [-70.44902332624677, 18.699102225777832], [-70.44893916621065, 18.698948705825913], [-70.44893417585565, 18.698316245848318], [-70.45057650446553, 18.69761075502638], [-70.45059517411183, 18.6970056450358], [-70.45077725390492, 18.696834154947613], [-70.4509821638847, 18.69701689483658], [-70.45115749383599, 18.697117754743307], [-70.45179275345183, 18.6971161844169], [-70.45247407306374, 18.697156854065522], [-70.45297656276361, 18.697162293807146], [-70.45428702177558, 18.696813633144803], [-70.45451093156355, 18.696677703034048], [-70.45520736089557, 18.696239822690057], [-70.45565278042791, 18.695888252472326], [-70.45581244029238, 18.695819022392495], [-70.45580341030225, 18.69582682239689]]]]}, "geometry_name": "the_geom", "properties": {"AREA": 231525.065, "PARCELA": "33", "PROVINCIA": "San Jos\u00e9 de Ocoa", "MUNICIPIO": "San Jos\u00e9 de Ocoa", "DC": "2", "area_calc_m2": 231525, "touches_family_land": false, "owner": null, "owner_source": null, "family": false, "shift_note": "RI historic layer shifted -11.0 m E, -10.5 m N to the plano 2026 frame"}}, {"type": "Feature", "id": "ParcelasHistoricas.82261", "geometry": {"type": "MultiPolygon", "coordinates": [[[[-70.45654002818102, 18.710533841553953], [-70.45584824869316, 18.71070044190435], [-70.45498857913857, 18.71057021235047], [-70.45438924944911, 18.710479422661482], [-70.45462327894785, 18.70984382256119], [-70.456219888016, 18.709900931738524], [-70.45654261818129, 18.710537061552518], [-70.45654002818102, 18.710533841553953]]]]}, "geometry_name": "the_geom", "properties": {"AREA": 16157.533, "PARCELA": "3784", "PROVINCIA": "San Jos\u00e9 de Ocoa", "MUNICIPIO": "San Jos\u00e9 de Ocoa", "DC": "2", "area_calc_m2": 16158, "touches_family_land": false, "owner": null, "owner_source": null, "family": false, "shift_note": "RI historic layer shifted -11.0 m E, -10.5 m N to the plano 2026 frame"}}, {"type": "Feature", "id": "ParcelasHistoricas.321705", "geometry": {"type": "MultiPolygon", "coordinates": [[[[-70.45359623582625, 18.720890952741357], [-70.45251382600429, 18.720051163324694], [-70.45218030470555, 18.717403753579553], [-70.45264874309503, 18.715060553412304], [-70.45365486188557, 18.713998252928267], [-70.45371652195354, 18.714183982890702], [-70.4537875119442, 18.71424321285233], [-70.45407969179675, 18.714294432700445], [-70.45434336167467, 18.714360082562774], [-70.45534385118833, 18.714568362041675], [-70.45561373103976, 18.714593871902082], [-70.45479815318875, 18.717517752229334], [-70.45533609323125, 18.718166401932177], [-70.45362697580725, 18.720890182725572], [-70.45359623582625, 18.720890952741357]]]]}, "geometry_name": "the_geom", "properties": {"AREA": 180514.179, "PARCELA": "332-A-3", "PROVINCIA": "Peravia", "MUNICIPIO": "San Jos\u00e9 de Ocoa", "DC": "2", "area_calc_m2": 180514, "touches_family_land": false, "owner": "Sra. Sara Margarita Altagracia Berm\u00fadez Henr\u00edquez", "owner_source": "plano catastral 2026 (colindante este)", "family": false, "shift_note": "RI historic layer shifted -11.0 m E, -10.5 m N to the plano 2026 frame"}}, {"type": "Feature", "id": "ParcelasHistoricas.124308", "geometry": {"type": "MultiPolygon", "coordinates": [[[[-70.44277661660935, 18.67540776972861], [-70.44255942586145, 18.67385330988864], [-70.44317814516316, 18.67327724958894], [-70.44327787478896, 18.67272146955509], [-70.4436939343963, 18.67247011934933], [-70.44368708410784, 18.67195240936902], [-70.4441110338742, 18.67199080915017], [-70.44462828331855, 18.671558888898144], [-70.44501905297585, 18.67136895870348], [-70.44553043153039, 18.66935591850398], [-70.44586478105565, 18.66887206834751], [-70.44667365047134, 18.66870012793777], [-70.44897940910052, 18.66873200675352], [-70.45035062810527, 18.668432356059334], [-70.45104072772949, 18.668503095703027], [-70.4517126673736, 18.66858969535556], [-70.45225893711134, 18.668708035071568], [-70.4532024767339, 18.66904631457685], [-70.45280367720967, 18.66946330476831], [-70.45264027747317, 18.669755504842932], [-70.45213514815669, 18.67042682508096], [-70.4509219697559, 18.671963875655127], [-70.45034085051586, 18.672689275930548], [-70.44884388227048, 18.67419830665149], [-70.44880571286213, 18.6752045966395], [-70.44889409331019, 18.676091666566286], [-70.44868428378103, 18.67670108665487], [-70.44277661660935, 18.67540776972861]]]]}, "geometry_name": "the_geom", "properties": {"AREA": 576390.093, "PARCELA": "2986", "PROVINCIA": "Peravia", "MUNICIPIO": "San Jos\u00e9 de Ocoa", "DC": "2", "area_calc_m2": 576390, "touches_family_land": false, "owner": null, "owner_source": null, "family": false, "shift_note": "RI historic layer shifted -11.0 m E, -10.5 m N to the plano 2026 frame"}}, {"type": "Feature", "id": "ParcelasHistoricas.362884", "geometry": {"type": "MultiPolygon", "coordinates": [[[[-70.44797533402574, 18.694060706474552], [-70.44726522477082, 18.694620486821943], [-70.44697618494023, 18.694611816970767], [-70.44648816524335, 18.6946273572211], [-70.44622112546426, 18.694733097355034], [-70.44607043506585, 18.693868517459546], [-70.4460723749164, 18.693606497466742], [-70.4459358946432, 18.692978307556537], [-70.44580464441073, 18.69242761764123], [-70.4460853240682, 18.692121397506565], [-70.44676926257164, 18.690205297215094], [-70.44683880229913, 18.68979772719213], [-70.44685388211232, 18.68948362719422], [-70.44697516187267, 18.689189267141124], [-70.44723327125185, 18.688366907034283], [-70.44718491119544, 18.68821564706386], [-70.44730899093179, 18.68788178701058], [-70.44934591954771, 18.687606175972842], [-70.4504265487611, 18.687367505425268], [-70.45111550816281, 18.687044215081574], [-70.4514254175806, 18.68634506494439], [-70.45158824741215, 18.686220834864677], [-70.45187378780965, 18.68722831468633], [-70.4528880176751, 18.688072044138877], [-70.45239843874688, 18.689445114347105], [-70.4518725692831, 18.689832434605027], [-70.45148323993004, 18.690561104782102], [-70.45062186053843, 18.690718165219657], [-70.45025856094911, 18.69105680539565], [-70.44969878146922, 18.69137943567311], [-70.44934814250267, 18.69283233580766], [-70.44968525277166, 18.69366715560823], [-70.44961907297386, 18.693953955633237], [-70.4491180434399, 18.694243475881606], [-70.44826580388143, 18.69411529632357], [-70.44796852404522, 18.6940879164772], [-70.44797533402574, 18.694060706474552]]]]}, "geometry_name": "the_geom", "properties": {"AREA": 352686.605, "PARCELA": "30", "PROVINCIA": "San Jos\u00e9 de Ocoa", "MUNICIPIO": "San Jos\u00e9 de Ocoa", "DC": "2", "area_calc_m2": 352686, "touches_family_land": false, "owner": null, "owner_source": null, "family": false, "shift_note": "RI historic layer shifted -11.0 m E, -10.5 m N to the plano 2026 frame"}}, {"type": "Feature", "id": "ParcelasHistoricas.313794", "geometry": {"type": "MultiPolygon", "coordinates": [[[[-70.44748607209289, 18.707788726295917], [-70.44743045219151, 18.707903576320923], [-70.44751496232955, 18.708237346267005], [-70.4477595124705, 18.708746776125267], [-70.44797408249721, 18.70902260600627], [-70.44933033266484, 18.71076391525411], [-70.44965137253364, 18.71087446508552], [-70.44990755251574, 18.71111590494618], [-70.45075359316729, 18.713167854446592], [-70.45052511333938, 18.71322808456223], [-70.45050014347656, 18.713443624568303], [-70.45050732370254, 18.71385015455184], [-70.45068180384065, 18.714279924448586], [-70.4506859840736, 18.714695524433385], [-70.45100475437948, 18.71557520424177], [-70.45095835473936, 18.716160834247244], [-70.45000361497236, 18.715554484757444], [-70.449597885106, 18.71535792497234], [-70.44923630506761, 18.714904805172573], [-70.44865405495196, 18.71408017549798], [-70.44859953475121, 18.713667805538954], [-70.44830285461552, 18.713112145708994], [-70.44811368455818, 18.7128093558158], [-70.44782152457375, 18.712525545974984], [-70.4472017545605, 18.711841716315227], [-70.44713473458177, 18.71180785635076], [-70.44671828505722, 18.712203266552628], [-70.44570823561506, 18.71211167707512], [-70.44552317529272, 18.711345637194285], [-70.44536443528669, 18.711165887281577], [-70.44528979527877, 18.711072407322888], [-70.4445445158483, 18.711283627699718], [-70.4441971860847, 18.711330807876944], [-70.44748607209289, 18.707788726295917]]]]}, "geometry_name": "the_geom", "properties": {"AREA": 231892.03, "PARCELA": "1-PRO-D", "PROVINCIA": "Trujillo Valdez", "MUNICIPIO": "San Jos\u00e9 de Ocoa", "DC": "2", "area_calc_m2": 231892, "touches_family_land": false, "owner": null, "owner_source": null, "family": false, "shift_note": "RI historic layer shifted -11.0 m E, -10.5 m N to the plano 2026 frame"}}, {"type": "Feature", "id": "ParcelasHistoricas.124310", "geometry": {"type": "MultiPolygon", "coordinates": [[[[-70.44885171468786, 18.678483976512954], [-70.4440764384046, 18.679968108918658], [-70.44277661660935, 18.67540776972861], [-70.44868428378103, 18.67670108665487], [-70.44891765427319, 18.677820666499922], [-70.44885171468786, 18.678483976512954]]]]}, "geometry_name": "the_geom", "properties": {"AREA": 199925.82, "PARCELA": "2967", "PROVINCIA": "Peravia", "MUNICIPIO": "San Jos\u00e9 de Ocoa", "DC": "2", "area_calc_m2": 199925, "touches_family_land": false, "owner": null, "owner_source": null, "family": false, "shift_note": "RI historic layer shifted -11.0 m E, -10.5 m N to the plano 2026 frame"}}, {"type": "Feature", "id": "ParcelasHistoricas.180209", "geometry": {"type": "MultiPolygon", "coordinates": [[[[-70.44711556768087, 18.69960236674283], [-70.44805959736803, 18.70005584624332], [-70.44910603661258, 18.699836645712274], [-70.44945612675853, 18.700467675512513], [-70.44964819680007, 18.700745805405067], [-70.44896013731216, 18.700916985753384], [-70.44934611760743, 18.701850025525683], [-70.44922171845714, 18.703218275546707], [-70.44856622912293, 18.703695515868745], [-70.44835956929904, 18.70378629597216], [-70.4481164593566, 18.703628846102095], [-70.44777014931563, 18.70318741629398], [-70.44754789924134, 18.7028193264198], [-70.44705632932391, 18.702441316684375], [-70.4467633093898, 18.702245416841173], [-70.4462679298778, 18.70257940708543], [-70.44599153013657, 18.702741857222467], [-70.44563668031697, 18.702682317406804], [-70.44586077970571, 18.70184161731786], [-70.44602645930141, 18.701304137249487], [-70.44624854887819, 18.70079327715129], [-70.4470408382158, 18.70046764675415], [-70.44710095795682, 18.700074236735563], [-70.44711607768102, 18.699603176742542], [-70.44711556768087, 18.69960236674283]]]]}, "geometry_name": "the_geom", "properties": {"AREA": 111447.241, "PARCELA": "165", "PROVINCIA": "Peravia", "MUNICIPIO": "San Jos\u00e9 de Ocoa", "DC": "2", "area_calc_m2": 111447, "touches_family_land": false, "owner": null, "owner_source": null, "family": false, "shift_note": "RI historic layer shifted -11.0 m E, -10.5 m N to the plano 2026 frame"}}, {"type": "Feature", "id": "ParcelasHistoricas.191740", "geometry": {"type": "MultiPolygon", "coordinates": [[[[-70.43039405582918, 18.713827724904462], [-70.42921071605808, 18.712972815540205], [-70.43003120499918, 18.711978395148318], [-70.43094302408139, 18.711329774698815], [-70.4317161230194, 18.7102793043332], [-70.43202785247466, 18.709650174192127], [-70.4337004906322, 18.708179773376557], [-70.43435479006257, 18.70787104304934], [-70.43419275991418, 18.707436873146165], [-70.43422589947978, 18.70670569315174], [-70.43431983924586, 18.706392973113072], [-70.43463996907336, 18.706429292947192], [-70.43542455818388, 18.705694752566178], [-70.43543247837874, 18.706047052551188], [-70.43525620899342, 18.706944032614114], [-70.43576674870657, 18.706981232350223], [-70.43628906849972, 18.70717218207551], [-70.43652979832578, 18.707121491953203], [-70.4371170178889, 18.706975631655542], [-70.43875980648625, 18.70624917083281], [-70.44120073442434, 18.705208939609406], [-70.4444584622984, 18.70492572794259], [-70.44748400209902, 18.707797346296708], [-70.4441971860847, 18.711330807876944], [-70.4431104771612, 18.712072968412926], [-70.44274032761791, 18.71248465859055], [-70.44252408785307, 18.71266929869606], [-70.44305115765063, 18.712873428418472], [-70.44406825754389, 18.713768377867172], [-70.44510785711036, 18.714110807321532], [-70.44658113659871, 18.71477747654263], [-70.44731841660119, 18.71556741613855], [-70.44818941642097, 18.716177485671288], [-70.4483738464055, 18.71634669557109], [-70.448281767053, 18.717391115585734], [-70.44771528736645, 18.717340555878806], [-70.44706663798031, 18.71773250620032], [-70.44582960830816, 18.71699304686004], [-70.44457791906706, 18.71699853750403], [-70.44399832955756, 18.717246497794573], [-70.4438809796488, 18.717282467853853], [-70.44388652972735, 18.71742693784649], [-70.4440245897665, 18.717643037768678], [-70.44423608969664, 18.717745067656644], [-70.44438704965862, 18.717838787576017], [-70.44470950963009, 18.7181319274009], [-70.44469572979702, 18.718411707399245], [-70.4447717899256, 18.718719537350488], [-70.44498470992781, 18.718950217233697], [-70.44520816983562, 18.71902562711633], [-70.44558320968154, 18.719153356919303], [-70.44618185961157, 18.719667616595107], [-70.4462698698205, 18.72012990653535], [-70.44457200110392, 18.72058506739506], [-70.44408359151149, 18.720783697640268], [-70.44275937272168, 18.721507668299402], [-70.44256985283222, 18.721500778397182], [-70.44200635273516, 18.72072958871133], [-70.44174318276106, 18.720495048854126], [-70.44142225290912, 18.720414429021858], [-70.44092945321603, 18.720430929275057], [-70.44057011341849, 18.72040535946087], [-70.44024031347128, 18.7201473496387], [-70.43999084359076, 18.72009244976885], [-70.43933574372379, 18.71962966012054], [-70.4390202436771, 18.71921148029597], [-70.43849678394481, 18.719126330568148], [-70.43832288405306, 18.719132100657504], [-70.43039405582918, 18.713827724904462]]]]}, "geometry_name": "the_geom", "properties": {"AREA": 2070317.281, "PARCELA": "1-PRO-C", "PROVINCIA": "Trujillo Valdez", "MUNICIPIO": "San Jos\u00e9 de Ocoa", "DC": "2", "area_calc_m2": 2070317, "touches_family_land": false, "owner": null, "owner_source": null, "family": false, "shift_note": "RI historic layer shifted -11.0 m E, -10.5 m N to the plano 2026 frame"}}, {"type": "Feature", "id": "ParcelasHistoricas.275690", "geometry": {"type": "MultiPolygon", "coordinates": [[[[-70.44395163423563, 18.743066727012867], [-70.44390860433501, 18.74319590703102], [-70.44381150443687, 18.7432719070787], [-70.44370424459855, 18.74344240712866], [-70.44350903485865, 18.743692577221477], [-70.44330057507034, 18.743843397324227], [-70.44304080531953, 18.744005617453073], [-70.4429414755366, 18.744282067495654], [-70.44280543570055, 18.744425927561295], [-70.44260475586006, 18.744493157662653], [-70.44240281608153, 18.7446681077613], [-70.4422926962437, 18.74483640781283], [-70.44209559645925, 18.74500609790915], [-70.44193918670193, 18.745266857981665], [-70.44153575703531, 18.74542435818475], [-70.44131851715132, 18.745397338297593], [-70.44111716729913, 18.745443258399966], [-70.440994807368, 18.74543427846334], [-70.44051368758262, 18.745300018715557], [-70.44041207761904, 18.74525598876932], [-70.44012260771761, 18.74512143892275], [-70.43973625786566, 18.744970959126626], [-70.43873427859961, 18.745196649636245], [-70.43863405863101, 18.745145279689513], [-70.43818432859145, 18.744597139938424], [-70.43811435841108, 18.744205209986664], [-70.4376064984947, 18.74381204026072], [-70.43747936832693, 18.74338150033963], [-70.43726256842787, 18.743328480453055], [-70.43678138864743, 18.74320308070505], [-70.43645194909135, 18.74363399086157], [-70.43620101936298, 18.743845130984425], [-70.43616233932406, 18.743735501007762], [-70.43569643944544, 18.743453511256742], [-70.43585959919868, 18.74319274118069], [-70.43609486892828, 18.742967101066363], [-70.43623550876339, 18.742826440998194], [-70.43599508875653, 18.742558651130445], [-70.4361088485322, 18.742284761080278], [-70.43596208834462, 18.74179848117101], [-70.4356891783188, 18.741462711322125], [-70.43560919813766, 18.74105873137587], [-70.4358297375555, 18.740268481286638], [-70.43630869702478, 18.739843681052854], [-70.43620852677022, 18.739288921121684], [-70.43592341648541, 18.738484201293588], [-70.43613855629344, 18.738375081186064], [-70.43627803617022, 18.738306491116287], [-70.44031747264263, 18.73639255909369], [-70.44080147239413, 18.736470028841875], [-70.44100937234847, 18.736610888730347], [-70.44123032228775, 18.7367391186125], [-70.44130598221075, 18.736684038575223], [-70.44151839208064, 18.73668094846587], [-70.44167225201666, 18.736732018384995], [-70.4419490319327, 18.7368787682378], [-70.44229850177034, 18.736964798055038], [-70.44251886161568, 18.736926937942673], [-70.44267075150464, 18.736893037865467], [-70.44301892146065, 18.73718626767691], [-70.44330228133177, 18.737260907528583], [-70.44343309127319, 18.73729700746006], [-70.4437898512654, 18.737663117264816], [-70.44383767137151, 18.73790094723275], [-70.44401633133718, 18.738030727136646], [-70.44441996121036, 18.738237066922228], [-70.44455229117908, 18.738322886851364], [-70.44474946135377, 18.738840566733614], [-70.44490495132435, 18.738954296649936], [-70.44510381139008, 18.739281856537243], [-70.44534420132707, 18.73942684640885], [-70.44556588132606, 18.7396611262873], [-70.44590309125081, 18.739887706106472], [-70.44627952112394, 18.740065065906954], [-70.4466197710383, 18.740276595725028], [-70.44679399111376, 18.740595095625302], [-70.44698743103281, 18.740658495523647], [-70.4471223109226, 18.740608025455728], [-70.44731754086342, 18.740711735351887], [-70.44728745099795, 18.740916655360984], [-70.44751269095048, 18.74107292524003], [-70.44779484080193, 18.74111178509343], [-70.44800155083709, 18.741393914978094], [-70.44814617077085, 18.741431284902415], [-70.44823188075954, 18.74150260485602], [-70.44776873112552, 18.74165398508991], [-70.4476734811861, 18.74165922513883], [-70.44745224128282, 18.741593965254868], [-70.4467916316682, 18.74156918559605], [-70.44643764188538, 18.741574745778284], [-70.44623799204399, 18.741641485879075], [-70.44606279215854, 18.74165665596889], [-70.44583125235232, 18.741751406085243], [-70.44560760245643, 18.741696596202207], [-70.44550478251234, 18.74168556625554], [-70.44518508269616, 18.741668876420807], [-70.44486062297021, 18.741806076583728], [-70.44458117307961, 18.74170117673103], [-70.44450898317523, 18.741792696765373], [-70.44434707349224, 18.742178636836766], [-70.44425851362938, 18.742325856877816], [-70.44386054406989, 18.742677867071954], [-70.44380485414717, 18.74275466709825], [-70.44394374423193, 18.7430518070174], [-70.44395163423563, 18.743066727012867]]]]}, "geometry_name": "the_geom", "properties": {"AREA": 772562.046, "PARCELA": "87", "PROVINCIA": "Trujillo Vald?z", "MUNICIPIO": "San Jos\u00e9 de Ocoa", "DC": "2", "area_calc_m2": 772562, "touches_family_land": false, "owner": null, "owner_source": null, "family": false, "shift_note": "RI historic layer shifted -11.0 m E, -10.5 m N to the plano 2026 frame"}}, {"type": "Feature", "id": "ParcelasHistoricas.302358", "geometry": {"type": "MultiPolygon", "coordinates": [[[[-70.44660447829392, 18.770625844784078], [-70.44569020901913, 18.770927395246552], [-70.44543979921484, 18.771004895373398], [-70.44533375897059, 18.770462645445054], [-70.44518296905252, 18.7704461855234], [-70.44489112924876, 18.77048047567296], [-70.44464189936774, 18.770424345803367], [-70.44421858959431, 18.7703720860235], [-70.44406422964823, 18.77030257610534], [-70.44384852972543, 18.770208716219617], [-70.4437290497559, 18.770135136283585], [-70.4434802797874, 18.76992571641853], [-70.44259893992256, 18.76922537689529], [-70.44268076969865, 18.768918896862594], [-70.44288172896988, 18.7678516967921], [-70.44370527785532, 18.766768746400793], [-70.44431985709183, 18.766080516105077], [-70.44732753563717, 18.766724494532916], [-70.44751075547212, 18.766629344441352], [-70.447719995285, 18.76652307433671], [-70.44788773513542, 18.766438654252806], [-70.44813647485073, 18.766202814131837], [-70.44820892484002, 18.766261134092638], [-70.44831239480307, 18.76630633403784], [-70.44849707471474, 18.766347653941256], [-70.44862263467496, 18.766411383874477], [-70.4486126347321, 18.766501233876827], [-70.44859749489517, 18.76677190387616], [-70.44861985494732, 18.766887413861014], [-70.44868040501882, 18.76707764382381], [-70.4485943451323, 18.767185573864833], [-70.44851021531971, 18.767425533900727], [-70.44833025566638, 18.7678435139805], [-70.44809035637229, 18.768829324073433], [-70.44658035827734, 18.770571014798243], [-70.44660447829392, 18.770625844784078]]]]}, "geometry_name": "the_geom", "properties": {"AREA": 232568.698, "PARCELA": "634-(RES)-POR-14", "PROVINCIA": "La Vega", "MUNICIPIO": "Monse?or Nouel", "DC": "2", "area_calc_m2": 232569, "touches_family_land": false, "owner": null, "owner_source": null, "family": false, "shift_note": "RI historic layer shifted -11.0 m E, -10.5 m N to the plano 2026 frame"}}, {"type": "Feature", "id": "ParcelasHistoricas.362885", "geometry": {"type": "MultiPolygon", "coordinates": [[[[-70.44655767713714, 18.69804731707831], [-70.44644742718394, 18.698012497136077], [-70.44587312739627, 18.69777562743871], [-70.44572826763901, 18.698050067504592], [-70.445675637594, 18.697914477535893], [-70.44550632762198, 18.697783497627025], [-70.44506171771341, 18.697471277865347], [-70.4455344973022, 18.697248637629265], [-70.44612173664285, 18.696709537344276], [-70.4463959762086, 18.69623456721817], [-70.44682886596533, 18.696266086994683], [-70.44686703624846, 18.69680698695813], [-70.44655925713717, 18.698049077077446], [-70.44655767713714, 18.69804731707831]]]]}, "geometry_name": "the_geom", "properties": {"AREA": 19798.565, "PARCELA": "13", "PROVINCIA": "San Jos\u00e9 de Ocoa", "MUNICIPIO": "San Jos\u00e9 de Ocoa", "DC": "2", "area_calc_m2": 19799, "touches_family_land": false, "owner": null, "owner_source": null, "family": false, "shift_note": "RI historic layer shifted -11.0 m E, -10.5 m N to the plano 2026 frame"}}, {"type": "Feature", "id": "ParcelasHistoricas.259370", "geometry": {"type": "MultiPolygon", "coordinates": [[[[-70.44563668031697, 18.702682317406804], [-70.44527302063585, 18.702857977588312], [-70.44483125099525, 18.70302193781035], [-70.44416870128688, 18.702831078157033], [-70.4439364213737, 18.702736948279423], [-70.44369003092814, 18.70168768843889], [-70.44330346050688, 18.70053197867375], [-70.44354759999378, 18.69988589856838], [-70.4438590298456, 18.699955988406064], [-70.4447679790048, 18.699439377954846], [-70.4449530989313, 18.699506757857563], [-70.44489774907689, 18.699704957879828], [-70.44513496936005, 18.700457827734333], [-70.44577915881197, 18.700176177411926], [-70.44620399842714, 18.699949167200604], [-70.44644180808035, 18.69959002708959], [-70.44709709795534, 18.700067506737753], [-70.44703697821434, 18.700460906756344], [-70.44624469887668, 18.700786537153476], [-70.44602260929992, 18.701297397251675], [-70.44585692970422, 18.70183488732005], [-70.44563668031697, 18.702682317406804]]]]}, "geometry_name": "the_geom", "properties": {"AREA": 88773.854, "PARCELA": "25", "PROVINCIA": "Trujillo Vald?z", "MUNICIPIO": "San Jos\u00e9 de Ocoa", "DC": "2", "area_calc_m2": 88774, "touches_family_land": false, "owner": null, "owner_source": null, "family": false, "shift_note": "RI historic layer shifted -11.0 m E, -10.5 m N to the plano 2026 frame"}}, {"type": "Feature", "id": "ParcelasHistoricas.326956", "geometry": {"type": "MultiPolygon", "coordinates": [[[[-70.44812056935058, 18.703622576100177], [-70.44772062944526, 18.70336354631393], [-70.44725880963075, 18.703198996556537], [-70.44670167965269, 18.702644036860384], [-70.4464442801214, 18.70319748697541], [-70.44597399062796, 18.703590917204927], [-70.44545399106626, 18.703810807465455], [-70.4435826620296, 18.703518158436964], [-70.44332703150951, 18.702327558605596], [-70.44326499109599, 18.70153129866235], [-70.44321607094734, 18.701216688697322], [-70.44321948050013, 18.70043061872011], [-70.44338908013921, 18.69997388864714], [-70.44341222003918, 18.699821878639995], [-70.4435436499954, 18.699884558570453], [-70.44330346050688, 18.70053197867375], [-70.44369003092814, 18.70168768843889], [-70.4439364213737, 18.702736948279423], [-70.44416870128688, 18.702831078157033], [-70.44483125099525, 18.70302193781035], [-70.44527302063585, 18.702857977588312], [-70.44563668031697, 18.702682317406804], [-70.44599153013657, 18.702741857222467], [-70.4462679398778, 18.702579407085423], [-70.4467633093898, 18.702245416841173], [-70.4470563293239, 18.702441306684374], [-70.44754790924132, 18.702819326419785], [-70.44777014931563, 18.703187406293985], [-70.44812056935058, 18.703622576100177]]]]}, "geometry_name": "the_geom", "properties": {"AREA": 47151.968, "PARCELA": "10", "PROVINCIA": "Trujillo Vald?z", "MUNICIPIO": "San Jos\u00e9 de Ocoa", "DC": "2", "area_calc_m2": 47152, "touches_family_land": false, "owner": null, "owner_source": null, "family": false, "shift_note": "RI historic layer shifted -11.0 m E, -10.5 m N to the plano 2026 frame"}}, {"type": "Feature", "id": "ParcelasHistoricas.124304", "geometry": {"type": "MultiPolygon", "coordinates": [[[[-70.44451034277108, 18.670464388992905], [-70.44444318247136, 18.6698623890462], [-70.44433710199793, 18.66891143913038], [-70.44553043153039, 18.66935591850398], [-70.44501905297585, 18.67136895870348], [-70.44462828331855, 18.671558888898144], [-70.4441110338742, 18.67199080915017], [-70.44408654368242, 18.67162537917417], [-70.44439344326861, 18.67122022902928], [-70.44468074288123, 18.670840948893666], [-70.44451034277108, 18.670464388992905]]]]}, "geometry_name": "the_geom", "properties": {"AREA": 24259.212, "PARCELA": "2997", "PROVINCIA": "Peravia", "MUNICIPIO": "San Jos\u00e9 de Ocoa", "DC": "2", "area_calc_m2": 24259, "touches_family_land": false, "owner": null, "owner_source": null, "family": false, "shift_note": "RI historic layer shifted -11.0 m E, -10.5 m N to the plano 2026 frame"}}, {"type": "Feature", "id": "ParcelasHistoricas.405404", "geometry": {"type": "MultiPolygon", "coordinates": [[[[-70.44547161435425, 18.69197289782659], [-70.4455076746074, 18.69245868779287], [-70.44521550483374, 18.69254734794024], [-70.44445251518994, 18.69236376833812], [-70.44443792492785, 18.691885088360575], [-70.4442433048817, 18.69159614846962], [-70.44372779484853, 18.690988298753545], [-70.4430894547255, 18.690090789109625], [-70.44331815423976, 18.689476019011284], [-70.44448073381716, 18.689967848398485], [-70.44509127397427, 18.69089610805573], [-70.44514382463915, 18.692127067990228], [-70.44544876436832, 18.69197343783832], [-70.44547161435425, 18.69197289782659]]]]}, "geometry_name": "the_geom", "properties": {"AREA": 38109.168, "PARCELA": "182", "PROVINCIA": "Trujillo Vald?z", "MUNICIPIO": "San Jos\u00e9 de Ocoa", "DC": "2", "area_calc_m2": 38109, "touches_family_land": false, "owner": null, "owner_source": null, "family": false, "shift_note": "RI historic layer shifted -11.0 m E, -10.5 m N to the plano 2026 frame"}}, {"type": "Feature", "id": "ParcelasHistoricas.283081", "geometry": {"type": "MultiPolygon", "coordinates": [[[[-70.44393086544927, 18.692266218609273], [-70.44417944531382, 18.692291698480712], [-70.4444998553227, 18.69264878830488], [-70.44512055500815, 18.69275432798258], [-70.44536090481567, 18.692670357861672], [-70.44554651499377, 18.693182817750255], [-70.44562943539148, 18.69397398768289], [-70.44532964561073, 18.694041907834848], [-70.44493438588421, 18.694103958036067], [-70.44456606612391, 18.6941350482244], [-70.4441528364304, 18.694236258433655], [-70.44390732656647, 18.6942150985605], [-70.44261647746016, 18.694418809217694], [-70.442388927597, 18.69441809933469], [-70.44261336657875, 18.69285827926797], [-70.44325236593068, 18.69239399895401], [-70.4437943855293, 18.692262208679544], [-70.44391288545906, 18.692264338618575], [-70.44393086544927, 18.692266218609273]]]]}, "geometry_name": "the_geom", "properties": {"AREA": 59318.191, "PARCELA": "15", "PROVINCIA": "Trujillo Vald?z", "MUNICIPIO": "San Jos\u00e9 de Ocoa", "DC": "2", "area_calc_m2": 59318, "touches_family_land": false, "owner": null, "owner_source": null, "family": false, "shift_note": "RI historic layer shifted -11.0 m E, -10.5 m N to the plano 2026 frame"}}, {"type": "Feature", "id": "ParcelasHistoricas.307415", "geometry": {"type": "MultiPolygon", "coordinates": [[[[-70.44551487559607, 18.694213387734283], [-70.44554131601457, 18.694980977696687], [-70.44568702651468, 18.696019847589294], [-70.44564579671972, 18.69633818760053], [-70.44555469690917, 18.696575807639924], [-70.44529726722156, 18.69685338776358], [-70.4451219774208, 18.697018577848525], [-70.4446538078383, 18.697257258081734], [-70.44438064804585, 18.697332868219803], [-70.44415486796316, 18.696946248347945], [-70.44368790835807, 18.697146348581768], [-70.44349387865091, 18.69745688867182], [-70.44197529965064, 18.69760505944798], [-70.44126018033936, 18.698059749801516], [-70.44071161054133, 18.697832220090678], [-70.44118071931192, 18.696160499901534], [-70.4416460980924, 18.694502039713942], [-70.44241491758697, 18.694428109321024], [-70.44264246744966, 18.694427939204047], [-70.44393333655604, 18.69422436854684], [-70.44417894641933, 18.69424451841997], [-70.44459223611295, 18.694143548210686], [-70.44496070587407, 18.694114078022217], [-70.44535604560082, 18.69405251782095], [-70.4456559053817, 18.693984897668955], [-70.44551487559607, 18.694213387734283]]]]}, "geometry_name": "the_geom", "properties": {"AREA": 158638.237, "PARCELA": "150", "PROVINCIA": "Peravia", "MUNICIPIO": "San Jos\u00e9 de Ocoa", "DC": "2", "area_calc_m2": 158638, "touches_family_land": false, "owner": null, "owner_source": null, "family": false, "shift_note": "RI historic layer shifted -11.0 m E, -10.5 m N to the plano 2026 frame"}}, {"type": "Feature", "id": "ParcelasHistoricas.312077", "geometry": {"type": "MultiPolygon", "coordinates": [[[[-70.4449609189265, 18.69950662785354], [-70.44528838870437, 18.69946319768654], [-70.44536866850233, 18.699191867653752], [-70.44614325801972, 18.699164757256376], [-70.44624468805095, 18.699328037199123], [-70.44586953831828, 18.699400467389722], [-70.44604596837762, 18.69969328728986], [-70.44620199842608, 18.699945157201753], [-70.44577745881102, 18.700172677412915], [-70.44513496936005, 18.700457827734333], [-70.444894989079, 18.699705747881218], [-70.44494980893363, 18.699507417859227], [-70.4449609189265, 18.69950662785354]]]]}, "geometry_name": "the_geom", "properties": {"AREA": 12600.136, "PARCELA": "19", "PROVINCIA": "Trujillo Vald?z", "MUNICIPIO": "San Jos\u00e9 de Ocoa", "DC": "2", "area_calc_m2": 12600, "touches_family_land": false, "owner": null, "owner_source": null, "family": false, "shift_note": "RI historic layer shifted -11.0 m E, -10.5 m N to the plano 2026 frame"}}, {"type": "Feature", "id": "ParcelasHistoricas.124309", "geometry": {"type": "MultiPolygon", "coordinates": [[[[-70.4366666535276, 18.681132902689026], [-70.43462573385264, 18.67953459378733], [-70.4358618021507, 18.677841903204662], [-70.43614376167329, 18.677298103076673], [-70.43763949018572, 18.676260542340486], [-70.43871729935941, 18.675947251796583], [-70.43935041876266, 18.675566251483243], [-70.44034034802483, 18.67531579098262], [-70.4411822272812, 18.674897400563285], [-70.4417166364058, 18.673918280319377], [-70.44042775539589, 18.670758471079665], [-70.44037638521127, 18.670377101117925], [-70.44084973485256, 18.670246730878947], [-70.4414613144458, 18.670178660567085], [-70.4430649935515, 18.670305049739838], [-70.44328479382084, 18.671015859604804], [-70.44330921404476, 18.67143809957908], [-70.44222849455049, 18.671181320141937], [-70.44137344516129, 18.671350950575643], [-70.44196310538116, 18.672368220241168], [-70.44197219561423, 18.672790220223337], [-70.4421627358417, 18.673395690106613], [-70.44255942586145, 18.67385330988864], [-70.44277661660935, 18.67540776972861], [-70.4440764384046, 18.679968108918658], [-70.44160149121977, 18.682308960116927], [-70.43886379389737, 18.684126141467], [-70.4366666535276, 18.681132902689026]]]]}, "geometry_name": "the_geom", "properties": {"AREA": 675563.589, "PARCELA": "3006", "PROVINCIA": "Peravia", "MUNICIPIO": "San Jos\u00e9 de Ocoa", "DC": "2", "area_calc_m2": 675564, "touches_family_land": false, "owner": null, "owner_source": null, "family": false, "shift_note": "RI historic layer shifted -11.0 m E, -10.5 m N to the plano 2026 frame"}}, {"type": "Feature", "id": "ParcelasHistoricas.229444", "geometry": {"type": "MultiPolygon", "coordinates": [[[[-70.43878113123685, 18.697004771109135], [-70.43753194152778, 18.696188481776897], [-70.43636096180037, 18.695423282402835], [-70.43623137171781, 18.695139532478283], [-70.43682115125331, 18.69494709218095], [-70.43726394078561, 18.694592521964253], [-70.43834205941036, 18.693311431449686], [-70.43897984973167, 18.694558091083014], [-70.43979883915887, 18.694418480666258], [-70.44003044828426, 18.693120200587586], [-70.44029377708156, 18.69127590050962], [-70.43978443704493, 18.690668760790338], [-70.43984701667598, 18.69008350077638], [-70.43979995639435, 18.689535800817602], [-70.43986510610503, 18.689093970797867], [-70.4398524360096, 18.688911860810048], [-70.44037401558231, 18.688712320548184], [-70.44145884524026, 18.68926336997346], [-70.44249202456868, 18.68917718944517], [-70.44315705446338, 18.6896995890871], [-70.44387196504822, 18.691494768663635], [-70.44413080507267, 18.691813768520646], [-70.44407260521913, 18.6920105785444], [-70.44391288545906, 18.692264338618575], [-70.4437943855293, 18.692262208679544], [-70.44325236593068, 18.69239399895401], [-70.44261336657875, 18.69285827926797], [-70.44238893759697, 18.694418099334687], [-70.44162049810419, 18.694495609727305], [-70.4411603893213, 18.696155399912143], [-70.44069659054827, 18.69782846009852], [-70.44024541095095, 18.69805911032335], [-70.43960478159264, 18.698510050638763], [-70.43922795185975, 18.698580450830367], [-70.43900554165829, 18.69798790096317], [-70.43907542144973, 18.69769402093637], [-70.43876411127118, 18.697047281116568], [-70.43878113123685, 18.697004771109135]]]]}, "geometry_name": "the_geom", "properties": {"AREA": 355466.323, "PARCELA": "26", "PROVINCIA": "Trujillo Vald?z", "MUNICIPIO": "San Jos\u00e9 de Ocoa", "DC": "2", "area_calc_m2": 355467, "touches_family_land": false, "owner": null, "owner_source": null, "family": false, "shift_note": "RI historic layer shifted -11.0 m E, -10.5 m N to the plano 2026 frame"}}, {"type": "Feature", "id": "ParcelasHistoricas.284265", "geometry": {"type": "MultiPolygon", "coordinates": [[[[-70.43063490412172, 18.711073174865376], [-70.43042360400416, 18.710641164987486], [-70.4299610540118, 18.710162675240404], [-70.4296565641241, 18.710036875401062], [-70.4293465341975, 18.709836615566854], [-70.42977501340846, 18.70890080537508], [-70.4302521423751, 18.707585725169974], [-70.42960614268227, 18.707440425507023], [-70.42941986276944, 18.707396055604285], [-70.42943324267972, 18.707252055601835], [-70.42966936251248, 18.707208205481628], [-70.43026408230568, 18.707475985167214], [-70.43086159177228, 18.707170704869032], [-70.43077457169404, 18.70694012492094], [-70.43080826161021, 18.706828074907055], [-70.43169040155429, 18.70766780442705], [-70.43244979093934, 18.7073909140447], [-70.43226472084119, 18.7070208441514], [-70.43209340081548, 18.706793234246618], [-70.43190337075575, 18.706485694353926], [-70.43172085069503, 18.706184424457174], [-70.43166261064349, 18.706031554491865], [-70.43156546061408, 18.705876354546668], [-70.43148183055574, 18.70568443459563], [-70.43122080044299, 18.705207824744704], [-70.43099204063056, 18.705295404859744], [-70.43042248108709, 18.70549497514675], [-70.43017594102304, 18.705119715285228], [-70.4300712209516, 18.704882325346443], [-70.43006475088713, 18.704761675353488], [-70.43102678024208, 18.704647024861863], [-70.43102507001267, 18.704240434875288], [-70.43122925974825, 18.703991134777887], [-70.43087155935004, 18.702908014995405], [-70.4303803796694, 18.702949045246925], [-70.4297156999658, 18.702765005594692], [-70.42964564010869, 18.702942615625275], [-70.4296571201912, 18.70310035561451], [-70.4294978904297, 18.70335177568872], [-70.42940679054361, 18.7034558557324], [-70.42922029065525, 18.703454445828434], [-70.42898768074954, 18.703373415950658], [-70.42893218087558, 18.7035367459742], [-70.42857171134536, 18.703982116146033], [-70.42840813155367, 18.70417562622428], [-70.42806966137675, 18.70350358641918], [-70.42770023138988, 18.703133886620723], [-70.42762510137437, 18.7030266566627], [-70.42739131138806, 18.702802206789944], [-70.42721413131954, 18.702492906890658], [-70.42719654120928, 18.702279696906267], [-70.42729906083092, 18.701721206870662], [-70.42747496066924, 18.70162302678315], [-70.42807626018111, 18.70140125648049], [-70.42938339009947, 18.70264737576936], [-70.43133492815645, 18.701294814806733], [-70.43282546665422, 18.700229554072667], [-70.43518067443888, 18.698825492904454], [-70.43586280430861, 18.69932157253819], [-70.43627375406892, 18.699335862326354], [-70.43685412391059, 18.699674102017333], [-70.43740492382926, 18.700116871720276], [-70.43655418472858, 18.700798842136738], [-70.43574482552519, 18.701343522536217], [-70.43486993668074, 18.702451912952], [-70.43408452733776, 18.702775633346107], [-70.4341157874806, 18.703060953321184], [-70.43397223770197, 18.70329884338769], [-70.43381771796018, 18.70359009345819], [-70.43373547810205, 18.703752923495475], [-70.43366326829153, 18.704010433524672], [-70.43430795789722, 18.704000673193224], [-70.43471990772619, 18.70413722297702], [-70.43497471740065, 18.70383392285529], [-70.43503125711753, 18.7033944828398], [-70.43520442692572, 18.703240222755486], [-70.43617411644449, 18.703423012250887], [-70.43627287667012, 18.703926322184476], [-70.43636921670317, 18.704087202129923], [-70.43679698639919, 18.704006041912344], [-70.43731775611585, 18.704060291642726], [-70.43693474681025, 18.704878141814408], [-70.43745995659374, 18.705055071538684], [-70.43823420565751, 18.704226961166047], [-70.43927634438194, 18.70308491066543], [-70.43913080433776, 18.70285201074753], [-70.43900393429799, 18.702646690819172], [-70.43935376415357, 18.70276421063557], [-70.44033466338617, 18.70245396014067], [-70.44083439311332, 18.702504419882068], [-70.44115053279403, 18.70227737972653], [-70.44161015215634, 18.701641009509967], [-70.44098235259527, 18.701747389829535], [-70.44111966229171, 18.70135764977105], [-70.44131513226696, 18.701522089665396], [-70.44131332209408, 18.701214899675893], [-70.44219742162173, 18.701322489217866], [-70.44177306111301, 18.69997221947819], [-70.44209189051016, 18.699247229336837], [-70.44201979998196, 18.698237599405378], [-70.44264027965163, 18.698315099083928], [-70.44307216977035, 18.698984828840963], [-70.44340845985829, 18.69949841865202], [-70.44340824004092, 18.69982070864207], [-70.44338590014053, 18.69997282864881], [-70.44321948050013, 18.70043061872011], [-70.44322010094491, 18.701216688695258], [-70.44326680109508, 18.701531608661405], [-70.44332426151152, 18.70232818860699], [-70.44357902203222, 18.70351894843881], [-70.44447073226762, 18.704884457937567], [-70.44121353439631, 18.70517308960393], [-70.43877540645988, 18.706219260825716], [-70.43713564786422, 18.706951911646694], [-70.43654934830244, 18.70710109194377], [-70.43678960775888, 18.70639769184195], [-70.43686755739593, 18.705840161819133], [-70.43703943679914, 18.7049699717577], [-70.43689603685888, 18.70492276183294], [-70.43584092741054, 18.704773232380475], [-70.43569400769901, 18.705125952445144], [-70.4356711579634, 18.7055681524432], [-70.43544691815836, 18.705673572555323], [-70.43466754904759, 18.7064131429335], [-70.43434761921905, 18.70637522309932], [-70.43425467945251, 18.706688213137465], [-70.43422653988404, 18.707419593129327], [-70.4343882000327, 18.707853883032673], [-70.43373417060246, 18.708163123359736], [-70.43206980244474, 18.70964202417079], [-70.4317663125327, 18.709474314332205], [-70.43063490412172, 18.711073174865376]]]]}, "geometry_name": "the_geom", "properties": {"AREA": 828863.781, "PARCELA": "14", "PROVINCIA": "Trujillo Vald?z", "MUNICIPIO": "San Jos\u00e9 de Ocoa", "DC": "2", "area_calc_m2": 828864, "touches_family_land": false, "owner": null, "owner_source": null, "family": false, "shift_note": "RI historic layer shifted -11.0 m E, -10.5 m N to the plano 2026 frame"}}, {"type": "Feature", "id": "ParcelasHistoricas.316521", "geometry": {"type": "MultiPolygon", "coordinates": [[[[-70.43688655733992, 18.72339789126481], [-70.43724940727486, 18.723669351069503], [-70.43732395733026, 18.723846371025616], [-70.43753635738149, 18.724162680906407], [-70.43783514729171, 18.72432243074755], [-70.43801496729938, 18.724527320648573], [-70.43810788730323, 18.724633020597434], [-70.43834977730754, 18.724898030464615], [-70.43852881732894, 18.72512631036531], [-70.4388215072687, 18.72533167020818], [-70.43925031704637, 18.72539621998532], [-70.4393709069652, 18.725381469923665], [-70.43965825680283, 18.72540113977506], [-70.4402056065542, 18.725545539488664], [-70.44042271643761, 18.725571159376052], [-70.44110976602343, 18.725572499022178], [-70.441441455833, 18.72558992885081], [-70.44163067567936, 18.72552056875553], [-70.44212867535308, 18.72547559850047], [-70.44265971494333, 18.725318658231902], [-70.44338403430609, 18.72496651786991], [-70.44374448392468, 18.724677897693322], [-70.44393515375421, 18.724580387598184], [-70.4444004634413, 18.724524197360367], [-70.44449619347782, 18.72469057730588], [-70.44455978351397, 18.72482202726903], [-70.44479154343082, 18.724922277146575], [-70.44485933350998, 18.72513400710506], [-70.44453323373924, 18.725190937271183], [-70.44426636399461, 18.725356977403408], [-70.44399428425501, 18.72552631753822], [-70.44379314449068, 18.725727597635508], [-70.4436328547582, 18.726028537708647], [-70.44323301501579, 18.726056867913666], [-70.4428024354655, 18.726391148124975], [-70.44237262574562, 18.72642728834519], [-70.4412283370189, 18.727453358902558], [-70.44084446735327, 18.72763406909465], [-70.44085629747671, 18.727864189081398], [-70.44092280747647, 18.727934549044942], [-70.44095830761147, 18.72821031901808], [-70.44082356791749, 18.728606189075165], [-70.4407017484702, 18.72945055911164], [-70.44012503909292, 18.729933999393683], [-70.43994501915418, 18.72985034948902], [-70.43924789943405, 18.72960151985589], [-70.43878027970305, 18.729577800097534], [-70.4383931396148, 18.7290102903146], [-70.43827761952593, 18.728730760382792], [-70.43778287971605, 18.728539270643612], [-70.43775569949963, 18.728128980670345], [-70.43763019938666, 18.72779635074532], [-70.43625091970914, 18.726896911483777], [-70.4358925691812, 18.725585321709023], [-70.43593712886305, 18.725072051701975], [-70.43648880817119, 18.72443979143738], [-70.43684061737375, 18.723408661288136], [-70.43688655733992, 18.72339789126481]]]]}, "geometry_name": "the_geom", "properties": {"AREA": 270691.752, "PARCELA": "329", "PROVINCIA": "San Jos\u00e9 de Ocoa", "MUNICIPIO": "San Jos\u00e9 de Ocoa", "DC": "2", "area_calc_m2": 270692, "touches_family_land": false, "owner": null, "owner_source": null, "family": false, "shift_note": "RI historic layer shifted -11.0 m E, -10.5 m N to the plano 2026 frame"}}, {"type": "Feature", "id": "ParcelasHistoricas.124312", "geometry": {"type": "MultiPolygon", "coordinates": [[[[-70.44304944457313, 18.67209619969189], [-70.44327787478896, 18.67272146955509], [-70.44317814516316, 18.67327724958894], [-70.44258502488505, 18.672153189928558], [-70.44304944457313, 18.67209619969189]]]]}, "geometry_name": "the_geom", "properties": {"AREA": 4349.641, "PARCELA": "3001", "PROVINCIA": "Peravia", "MUNICIPIO": "San Jos\u00e9 de Ocoa", "DC": "2", "area_calc_m2": 4350, "touches_family_land": false, "owner": null, "owner_source": null, "family": false, "shift_note": "RI historic layer shifted -11.0 m E, -10.5 m N to the plano 2026 frame"}}, {"type": "Feature", "id": "ParcelasHistoricas.124311", "geometry": {"type": "MultiPolygon", "coordinates": [[[[-70.44258502488505, 18.672153189928558], [-70.44317814516316, 18.67327724958894], [-70.44255942586145, 18.67385330988864], [-70.4421627358417, 18.673395690106613], [-70.44197219561423, 18.672790220223337], [-70.44196310538116, 18.672368220241168], [-70.44258502488505, 18.672153189928558]]]]}, "geometry_name": "the_geom", "properties": {"AREA": 14477.196, "PARCELA": "3016", "PROVINCIA": "Peravia", "MUNICIPIO": "San Jos\u00e9 de Ocoa", "DC": "2", "area_calc_m2": 14477, "touches_family_land": false, "owner": null, "owner_source": null, "family": false, "shift_note": "RI historic layer shifted -11.0 m E, -10.5 m N to the plano 2026 frame"}}, {"type": "Feature", "id": "ParcelasHistoricas.333578", "geometry": {"type": "MultiPolygon", "coordinates": [[[[-70.436875413518, 18.699003672027185], [-70.43712374314359, 18.698607001911764], [-70.43852836152766, 18.697249131231533], [-70.43876411127118, 18.697047281116568], [-70.43907542144973, 18.69769402093637], [-70.43900554165829, 18.69798790096317], [-70.43922795185975, 18.698580450830367], [-70.43960478159264, 18.698510050638763], [-70.44024541095095, 18.69805911032335], [-70.44069659054827, 18.69782846009852], [-70.44135185028911, 18.698068639754094], [-70.44147817085484, 18.699202259653823], [-70.44155514119953, 18.699892899592726], [-70.4408145618976, 18.700336819959755], [-70.44025915236195, 18.70056526023829], [-70.4388650331652, 18.700498980957384], [-70.43767218385243, 18.7004422615727], [-70.43734492404094, 18.700426701741513], [-70.43740492382926, 18.700116871720276], [-70.43688872390547, 18.69970192199867], [-70.436875413518, 18.699003672027185]]]]}, "geometry_name": "the_geom", "properties": {"AREA": 125646.57, "PARCELA": "27", "PROVINCIA": "Trujillo Vald?z", "MUNICIPIO": "San Jos\u00e9 de Ocoa", "DC": "2", "area_calc_m2": 125646, "touches_family_land": false, "owner": null, "owner_source": null, "family": false, "shift_note": "RI historic layer shifted -11.0 m E, -10.5 m N to the plano 2026 frame"}}, {"type": "Feature", "id": "ParcelasHistoricas.124255", "geometry": {"type": "MultiPolygon", "coordinates": [[[[-70.43699110044132, 18.676022092680967], [-70.43726316986981, 18.67530119256359], [-70.43794405882227, 18.67417376224887], [-70.43938379837114, 18.674909391486537], [-70.44034034802483, 18.67531579098262], [-70.43935041876266, 18.675566251483243], [-70.43871729935941, 18.675947251796583], [-70.43763949018572, 18.676260542340486], [-70.43614376167329, 18.677298103076673], [-70.43699110044132, 18.676022092680967]]]]}, "geometry_name": "the_geom", "properties": {"AREA": 45661.128, "PARCELA": "3007", "PROVINCIA": "Peravia", "MUNICIPIO": "San Jos\u00e9 de Ocoa", "DC": "2", "area_calc_m2": 45661, "touches_family_land": false, "owner": null, "owner_source": null, "family": false, "shift_note": "RI historic layer shifted -11.0 m E, -10.5 m N to the plano 2026 frame"}}, {"type": "Feature", "id": "ParcelasHistoricas.60943", "geometry": {"type": "MultiPolygon", "coordinates": [[[[-70.43337363804926, 18.685617914242574], [-70.433550488128, 18.685945274141524], [-70.43414957804073, 18.686428733818577], [-70.43459424786994, 18.686600293584668], [-70.43572315738261, 18.686941032993786], [-70.43592775734813, 18.687097932883745], [-70.43762746678816, 18.68791817198458], [-70.43942065619719, 18.68878349103598], [-70.43986407600468, 18.688915550803948], [-70.43987746609965, 18.689097620791404], [-70.43980984639028, 18.689539110812426], [-70.43985837667094, 18.690086700770436], [-70.439793797041, 18.69067176078542], [-70.44030446707622, 18.691277880504064], [-70.44003640828144, 18.69312156058448], [-70.43980305915694, 18.694419560664056], [-70.43898352972842, 18.69455626108117], [-70.4383376794141, 18.693313371451875], [-70.43725660078985, 18.69459218196804], [-70.43681200125748, 18.694944702185733], [-70.4362209117207, 18.695133472483846], [-70.4361014515372, 18.694682282559274], [-70.4360540213254, 18.694257762596834], [-70.43588834119589, 18.69385266269459], [-70.4353157114407, 18.693675452994558], [-70.43479687160428, 18.693412113269527], [-70.43457732171613, 18.69337595338356], [-70.43396819208714, 18.693382803696604], [-70.43400087165081, 18.692647073702567], [-70.43314074223021, 18.692754884141575], [-70.43275366257305, 18.69294835433467], [-70.43167023273456, 18.692080734918697], [-70.43147521284271, 18.692064175019517], [-70.4312198228836, 18.69186467515702], [-70.43107601290255, 18.691745085234686], [-70.43079428286973, 18.691387385390623], [-70.43068164273988, 18.691038305459326], [-70.43029108262729, 18.690423935679146], [-70.42993387253861, 18.68988734587941], [-70.42931030283891, 18.68975424620422], [-70.4286210730557, 18.689403886569504], [-70.42813428308779, 18.688942796834073], [-70.42795516297726, 18.688557106938063], [-70.42788075299893, 18.688516206977596], [-70.42867168208117, 18.687736816594818], [-70.42939000145135, 18.68738864623613], [-70.42967091095771, 18.686815626109343], [-70.43176521947738, 18.686429155044408], [-70.4318924292354, 18.68613707498803], [-70.43242940866048, 18.68569286472567], [-70.43337430801274, 18.685554114244194], [-70.43337363804926, 18.685617914242574]]]]}, "geometry_name": "the_geom", "properties": {"AREA": 773815.324, "PARCELA": "164-U", "PROVINCIA": "Peravia", "MUNICIPIO": "San Jos\u00e9 de Ocoa", "DC": "2", "area_calc_m2": 773815, "touches_family_land": false, "owner": null, "owner_source": null, "family": false, "shift_note": "RI historic layer shifted -11.0 m E, -10.5 m N to the plano 2026 frame"}}, {"type": "Feature", "id": "ParcelasHistoricas.191741", "geometry": {"type": "MultiPolygon", "coordinates": [[[[-70.43832507404693, 18.719123620656642], [-70.43833547418403, 18.719376420643435], [-70.43799168466182, 18.719852950805663], [-70.43812902476999, 18.72018984072448], [-70.43836759474318, 18.72039648059522], [-70.4384729647709, 18.72055749053596], [-70.43865879474626, 18.720711880435477], [-70.43896974469304, 18.720949010267994], [-70.43931512454004, 18.72104693008711], [-70.43963606436296, 18.721076309920935], [-70.43994077433301, 18.72134788975559], [-70.44024274423674, 18.72149961959538], [-70.44048711434974, 18.72195898945527], [-70.44052276449106, 18.722246119427975], [-70.44083583460669, 18.72278325925005], [-70.44065503484755, 18.723015459335926], [-70.44014753529305, 18.723260559589647], [-70.44008689545883, 18.723488269613785], [-70.43955508585739, 18.72362478988341], [-70.43762494695252, 18.72350087088131], [-70.43713590728203, 18.723561201131314], [-70.42699903483161, 18.726081796276443], [-70.42697178442766, 18.72534134631324], [-70.42679866424433, 18.72483441641804], [-70.42691027381262, 18.72419261638023], [-70.42645024368323, 18.72347569663934], [-70.42659580357224, 18.723434906565576], [-70.42760702204612, 18.721821306094057], [-70.4259950322472, 18.72046200696646], [-70.42707701078987, 18.7190443664525], [-70.42768491997113, 18.71824784616379], [-70.42789143969317, 18.717977586065707], [-70.42921619816026, 18.71668444542308], [-70.4298826769423, 18.715246255124104], [-70.43039405582918, 18.713827724904462], [-70.43832288405306, 18.719132100657504], [-70.43832507404693, 18.719123620656642]]]]}, "geometry_name": "the_geom", "properties": {"AREA": 1140095.093, "PARCELA": "1-PRO-B", "PROVINCIA": "Trujillo Valdez", "MUNICIPIO": "San Jos\u00e9 de Ocoa", "DC": "2", "area_calc_m2": 1140095, "touches_family_land": false, "owner": null, "owner_source": null, "family": false, "shift_note": "RI historic layer shifted -11.0 m E, -10.5 m N to the plano 2026 frame"}}, {"type": "Feature", "id": "ParcelasHistoricas.124306", "geometry": {"type": "MultiPolygon", "coordinates": [[[[-70.43886379389737, 18.684126141467], [-70.43809375488878, 18.685058331833762], [-70.43575435503351, 18.68282321310542], [-70.4366666535276, 18.681132902689026], [-70.43886379389737, 18.684126141467]]]]}, "geometry_name": "the_geom", "properties": {"AREA": 60391.072, "PARCELA": "2969", "PROVINCIA": "Peravia", "MUNICIPIO": "San Jos\u00e9 de Ocoa", "DC": "2", "area_calc_m2": 60391, "touches_family_land": false, "owner": null, "owner_source": null, "family": false, "shift_note": "RI historic layer shifted -11.0 m E, -10.5 m N to the plano 2026 frame"}}, {"type": "Feature", "id": "ParcelasHistoricas.295813", "geometry": {"type": "MultiPolygon", "coordinates": [[[[-70.43685403391072, 18.699674222017375], [-70.43627366406905, 18.6993359723264], [-70.43586271430874, 18.699321692538234], [-70.43518067443888, 18.698825492904454], [-70.43282546665422, 18.700229554072667], [-70.43133492815645, 18.701294814806733], [-70.42938340009945, 18.702647375769352], [-70.42807626018111, 18.70140125648049], [-70.42789843000253, 18.700897056587525], [-70.42969148841985, 18.70001143569202], [-70.4302867079025, 18.69973161539435], [-70.43236616538675, 18.697503674393207], [-70.43354493494856, 18.697984433771936], [-70.43362336479144, 18.697790533737592], [-70.43366905430264, 18.69697624373928], [-70.43414457325596, 18.69563439353621], [-70.43345932347077, 18.695284393899502], [-70.43292922365612, 18.695047534179476], [-70.4325575537545, 18.694825774377517], [-70.43201068375662, 18.69424757467667], [-70.43157653375327, 18.693779744914426], [-70.43045909414589, 18.693284055504513], [-70.42980879436583, 18.69298057584838], [-70.42914595461266, 18.69271124619765], [-70.42871312490772, 18.692771776418436], [-70.42851473502463, 18.692767146520637], [-70.42815064491123, 18.692179696726015], [-70.4278847848233, 18.69174171687626], [-70.4274888547156, 18.69113047709874], [-70.42736331474302, 18.691045357165933], [-70.42733363416788, 18.689998347213407], [-70.4274878040522, 18.689958107135347], [-70.42745179391108, 18.689670567162707], [-70.42794476300722, 18.688598926942138], [-70.42801899298583, 18.68864010690269], [-70.42819694309733, 18.689026286799276], [-70.42868130306799, 18.68948969653588], [-70.42936933285314, 18.689842186171155], [-70.42999200255555, 18.68997909584669], [-70.43034553264768, 18.69051788564824], [-70.43073271276343, 18.6911341954301], [-70.43084372289451, 18.691483755362224], [-70.43112432292845, 18.69184226520684], [-70.43126775291, 18.69196225512936], [-70.43152249286992, 18.692162524992163], [-70.4317174427622, 18.69217976489136], [-70.43278961235215, 18.69259654432706], [-70.43308765226706, 18.69276345416862], [-70.43394699168499, 18.692650113730178], [-70.43398729207715, 18.69338550368669], [-70.43459637170437, 18.693375473373774], [-70.43481573159326, 18.693412713259814], [-70.43533360143122, 18.693677772985286], [-70.43590551118803, 18.693857072685613], [-70.43606872131956, 18.694263082589103], [-70.43611423153263, 18.694687802552533], [-70.43623137171781, 18.695139532478283], [-70.43636096180037, 18.695423282402835], [-70.43753194152778, 18.696188481776897], [-70.43878113123685, 18.697004771109135], [-70.43712374314359, 18.698607001911764], [-70.436875413518, 18.699003672027185], [-70.43688833389399, 18.69968121199951], [-70.43685403391072, 18.699674222017375]]]]}, "geometry_name": "the_geom", "properties": {"AREA": 565553.645, "PARCELA": "20", "PROVINCIA": "Trujillo Vald?z", "MUNICIPIO": "San Jos\u00e9 de Ocoa", "DC": "2", "area_calc_m2": 565553, "touches_family_land": false, "owner": null, "owner_source": null, "family": false, "shift_note": "RI historic layer shifted -11.0 m E, -10.5 m N to the plano 2026 frame"}}, {"type": "Feature", "id": "ParcelasHistoricas.124307", "geometry": {"type": "MultiPolygon", "coordinates": [[[[-70.43575435503351, 18.68282321310542], [-70.43394030454635, 18.680031114124187], [-70.43462573385264, 18.67953459378733], [-70.4366666535276, 18.681132902689026], [-70.43575435503351, 18.68282321310542]]]]}, "geometry_name": "the_geom", "properties": {"AREA": 45075.419, "PARCELA": "2970", "PROVINCIA": "Peravia", "MUNICIPIO": "San Jos\u00e9 de Ocoa", "DC": "2", "area_calc_m2": 45075, "touches_family_land": false, "owner": null, "owner_source": null, "family": false, "shift_note": "RI historic layer shifted -11.0 m E, -10.5 m N to the plano 2026 frame"}}, {"type": "Feature", "id": "ParcelasHistoricas.191739", "geometry": {"type": "MultiPolygon", "coordinates": [[[[-70.43713507728263, 18.723561411131737], [-70.43713699727834, 18.72355590113092], [-70.43713590728203, 18.723561201131314], [-70.43713507728263, 18.723561411131737]]], [[[-70.43713507728263, 18.723561411131737], [-70.43679417804499, 18.72454229127691], [-70.43624095873707, 18.72517333154232], [-70.43619520905588, 18.725686491549986], [-70.43655563958227, 18.726997571323672], [-70.43214154244133, 18.72733920358743], [-70.43163409257714, 18.727038763858207], [-70.43106286297133, 18.72712570414989], [-70.43030759373747, 18.727672104522277], [-70.42879124474929, 18.72784205529857], [-70.42851063516864, 18.728282235429663], [-70.42738458570462, 18.728029126017873], [-70.42695669581066, 18.72776106624668], [-70.4264745060084, 18.72759679650028], [-70.4265477353241, 18.726469526497144], [-70.42699903483161, 18.726081796276443], [-70.43713507728263, 18.723561411131737]]]]}, "geometry_name": "the_geom", "properties": {"AREA": 292059.073, "PARCELA": "1-PRO-A", "PROVINCIA": "Trujillo Valdez", "MUNICIPIO": "San Jos\u00e9 de Ocoa", "DC": "2", "area_calc_m2": 292059, "touches_family_land": false, "owner": null, "owner_source": null, "family": false, "shift_note": "RI historic layer shifted -11.0 m E, -10.5 m N to the plano 2026 frame"}}, {"type": "Feature", "id": "ParcelasHistoricas.47754", "geometry": {"type": "MultiPolygon", "coordinates": [[[[-70.43235882460505, 18.748982812807366], [-70.43271980376011, 18.74788025265516], [-70.43295316321394, 18.74716749255679], [-70.43342987205403, 18.74563361235827], [-70.43435663148229, 18.745613131880887], [-70.43587073047817, 18.745456531104843], [-70.43615852027109, 18.74539821095824], [-70.43685258944912, 18.744689890622254], [-70.43706846952504, 18.74505316049967], [-70.43717234960938, 18.74531212043808], [-70.4365223305616, 18.746296460742794], [-70.43585916170491, 18.747602961044358], [-70.43568240200824, 18.747948651124826], [-70.43589227213315, 18.748391651002855], [-70.43583279238239, 18.74876692102192], [-70.4354882327535, 18.74905340119079], [-70.4351489428704, 18.748898181370613], [-70.43462588309669, 18.74874001164531], [-70.43317289406342, 18.748895622390066], [-70.43235882460505, 18.748982812807366]]]]}, "geometry_name": "the_geom", "properties": {"AREA": 131564, "PARCELA": "4195", "PROVINCIA": "Peravia", "MUNICIPIO": "San Jos\u00e9 de Ocoa", "DC": "2", "area_calc_m2": 131564, "touches_family_land": false, "owner": null, "owner_source": null, "family": false, "shift_note": "RI historic layer shifted -11.0 m E, -10.5 m N to the plano 2026 frame"}}, {"type": "Feature", "id": "ParcelasHistoricas.92522", "geometry": {"type": "MultiPolygon", "coordinates": [[[[-70.42838478990272, 18.754074944701333], [-70.42888187025167, 18.75521668440965], [-70.42902492021081, 18.755296874333332], [-70.42931428007407, 18.7553640241819], [-70.42946545997553, 18.755351444104242], [-70.42972610982326, 18.755360793969416], [-70.43010993966743, 18.755494773767158], [-70.4304255694279, 18.75540916360688], [-70.43075414927566, 18.755490733434765], [-70.43099803924834, 18.755701933302376], [-70.43135295909545, 18.75581042311584], [-70.43148858901317, 18.755809953045844], [-70.43188764888956, 18.756016832833502], [-70.43209038872475, 18.75594259273114], [-70.43251524853571, 18.756061892508182], [-70.43273301841711, 18.756084872395075], [-70.43295710815524, 18.755862702286283], [-70.43348354779161, 18.75578302201705], [-70.43372530755934, 18.755631681896954], [-70.43378843736033, 18.755348871873114], [-70.4338797871521, 18.755079791834284], [-70.43463111675524, 18.755180871443446], [-70.4347965366735, 18.755213001357085], [-70.43503623679247, 18.755677151219036], [-70.43530541677453, 18.755931841072254], [-70.43540332681629, 18.756109411016226], [-70.4356564268282, 18.756399530876646], [-70.4358759167995, 18.75658250075772], [-70.43601424693456, 18.756967140674423], [-70.43611131684368, 18.756910520626082], [-70.43616643688138, 18.757035470593774], [-70.43635703703467, 18.757507750480784], [-70.43672323706897, 18.757957560277877], [-70.43708773713675, 18.758464440074068], [-70.43720521722287, 18.75874080000487], [-70.4371818875013, 18.759205590002516], [-70.43749853788599, 18.76021877980769], [-70.43828476795464, 18.76117581937224], [-70.43927210775313, 18.761871868841084], [-70.43980315742581, 18.761861308567337], [-70.43985378752015, 18.76208104853438], [-70.44005124741484, 18.7621059984317], [-70.44032203726844, 18.762136688291008], [-70.44048034715608, 18.76210752821021], [-70.43980142783869, 18.76258542854574], [-70.43890844847552, 18.76275509900134], [-70.4381128498446, 18.764315579363583], [-70.43789852018023, 18.764677609462993], [-70.43762352050285, 18.764952169596445], [-70.43692303110694, 18.765268949948247], [-70.43642021145686, 18.765349210205354], [-70.43594147180531, 18.765452500449317], [-70.43566798212065, 18.765715870582373], [-70.43545169235173, 18.765892010688592], [-70.43532210262345, 18.766231690744995], [-70.43501143302437, 18.76660589089384], [-70.4346168233052, 18.76667983109531], [-70.43438710335579, 18.766524481218728], [-70.43393159351368, 18.76631763146033], [-70.43383042350817, 18.766200361516198], [-70.43325419391371, 18.76630038181067], [-70.43295923419994, 18.766489741957137], [-70.43253296468781, 18.766893822164803], [-70.4321845848084, 18.7667353723496], [-70.4313270654062, 18.7668741827882], [-70.43109740559098, 18.766954712904333], [-70.43055685608921, 18.767255523174242], [-70.43038940620576, 18.767282293259907], [-70.43016048644014, 18.767450793372962], [-70.42964615693191, 18.767768063628857], [-70.42959972697173, 18.76778867365221], [-70.42921579740675, 18.768144853839576], [-70.42911559757027, 18.76832558388578], [-70.42912840785516, 18.76883955386335], [-70.42893021828242, 18.769379433949137], [-70.4287044785439, 18.769598834059007], [-70.42836245872519, 18.769553784237086], [-70.42799985895144, 18.76956589442405], [-70.42694473969209, 18.76974569496367], [-70.42653331009768, 18.770020885167806], [-70.42609814037822, 18.770051275391726], [-70.42563265071544, 18.77014896562926], [-70.42541229089267, 18.77022609574076], [-70.42449740171286, 18.770694516199182], [-70.42418336243323, 18.77162573633297], [-70.42337246303117, 18.771814376746303], [-70.42269816348727, 18.771899027092218], [-70.42219625414633, 18.77252301733257], [-70.42199371463732, 18.773169797417513], [-70.42246600473513, 18.773842867152812], [-70.4217095060919, 18.77542093749568], [-70.42129056646604, 18.7756327377058], [-70.42163238652846, 18.776105157514657], [-70.42136859715957, 18.776932527625785], [-70.42170952713671, 18.777254357439684], [-70.42163296739213, 18.777621247468062], [-70.42198811724829, 18.77774587728063], [-70.42231299765845, 18.778810457080123], [-70.42297599765527, 18.779508746715962], [-70.42208968851521, 18.78007655715692], [-70.42222567865369, 18.780463867074765], [-70.42168289915868, 18.780773577345993], [-70.42196375935345, 18.781413367181212], [-70.42139883018571, 18.782273627447115], [-70.4212025707095, 18.78298401752694], [-70.42050159138273, 18.783420767876194], [-70.42045439153698, 18.783641217893884], [-70.42002265198184, 18.783963158107397], [-70.41968521204205, 18.783710638289644], [-70.419275532523, 18.784119298489127], [-70.41887535274427, 18.78408264869726], [-70.41859408289456, 18.78404772884383], [-70.4183512728686, 18.783744578978673], [-70.4181300730175, 18.783770969092306], [-70.41822894279971, 18.78349397904958], [-70.41804640286684, 18.783417979146332], [-70.41789841302086, 18.78353106921945], [-70.41763767319634, 18.783562099353396], [-70.41753356310444, 18.783290509415515], [-70.41724067329598, 18.78331559956628], [-70.41709868335275, 18.783264509641295], [-70.4168629935549, 18.783368899760056], [-70.41673092372717, 18.783530909823455], [-70.41653415385423, 18.783544909924835], [-70.41647987398177, 18.78371097994788], [-70.41629933402537, 18.783595890044783], [-70.41617459420891, 18.78378535010357], [-70.41596325434877, 18.783806400212278], [-70.41609717455233, 18.78430538012783], [-70.41595048472028, 18.78444423019951], [-70.41577288490095, 18.784572570287516], [-70.41542397517888, 18.784689750464494], [-70.4150064454458, 18.784714810679784], [-70.41485749545002, 18.78456420076142], [-70.41446670579079, 18.7847471209581], [-70.41421882593087, 18.784729811086894], [-70.41403758607102, 18.78478326117906], [-70.4137737163831, 18.78505048130751], [-70.41353450669185, 18.785337991422594], [-70.41309150698228, 18.785377291650665], [-70.41294312713713, 18.78549135172401], [-70.41287923719604, 18.785526891755993], [-70.41265136737321, 18.785595761871843], [-70.41233225760081, 18.78565634203516], [-70.41212988765028, 18.785528462143777], [-70.41193254765967, 18.785335662251736], [-70.4117443076943, 18.78519678235337], [-70.41145555782151, 18.785113602505334], [-70.41124625794156, 18.785102062614012], [-70.41110515799652, 18.78504877268865], [-70.41089035802499, 18.7848709628052], [-70.41039816831588, 18.78485899306031], [-70.41001678864492, 18.78503137325251], [-70.40978979883334, 18.785120943367296], [-70.4096800388591, 18.78504973342626], [-70.40948415903965, 18.785158483524373], [-70.40926880916979, 18.785158313635854], [-70.40913384931791, 18.785274813702202], [-70.40915854939219, 18.78543117368469], [-70.40892439959516, 18.785538683802667], [-70.40871091978613, 18.785647043909897], [-70.40855545993465, 18.7857425339875], [-70.40817650014584, 18.785710984184625], [-70.40796252028252, 18.785723694295022], [-70.40777877041221, 18.78575619438917], [-70.40763756051588, 18.78578816446131], [-70.40742770070061, 18.7858894445669], [-70.40720534078598, 18.785803384684616], [-70.40702292080304, 18.78563995478397], [-70.4066983510119, 18.785661954951347], [-70.40639983116878, 18.78562048510715], [-70.4062054012757, 18.785601795208375], [-70.40608175138323, 18.785659205270665], [-70.405807491532, 18.785629225413565], [-70.40556705161482, 18.78551959554135], [-70.40530735168544, 18.78536813568036], [-70.40501663187065, 18.78538459583039], [-70.40474249205408, 18.7854155159714], [-70.40436038224853, 18.78535135617118], [-70.40429056222334, 18.785233266210884], [-70.40428923210656, 18.785027256217752], [-70.40426701064472, 18.78244230630689], [-70.40443817053378, 18.782429226218678], [-70.40466043034881, 18.782340596106277], [-70.40495539013148, 18.78227226595563], [-70.40517944993293, 18.782161715842967], [-70.40533407977117, 18.782042085766513], [-70.40548576946259, 18.781662025699415], [-70.40561456921951, 18.781372505641453], [-70.40579054897617, 18.78113249555758], [-70.40641619838222, 18.78075452524511], [-70.40654932824447, 18.78065413517923], [-70.40674847799414, 18.780426435083005], [-70.4068821077094, 18.78006892502461], [-70.40696299739346, 18.77960086499684], [-70.40710840714911, 18.77932665492984], [-70.40692089706623, 18.778982625037237], [-70.40683010698002, 18.778735285091667], [-70.4068237468628, 18.778523035101355], [-70.40665848689558, 18.77840536519042], [-70.40663658674227, 18.77811336521054], [-70.40658061671523, 18.778006675242725], [-70.40665334654754, 18.777789775211616], [-70.40652847642511, 18.77744275528668], [-70.40645847610477, 18.776806985342038], [-70.40629412609742, 18.776619885432723], [-70.40625454592667, 18.776278615463475], [-70.40641358556059, 18.77580531539542], [-70.40656495525614, 18.775431915328337], [-70.4067220850599, 18.77525436525238], [-70.40684387488731, 18.77508085519458], [-70.40708784461452, 18.77486107507497], [-70.40728603432625, 18.774565664981324], [-70.40731475416754, 18.774317794973925], [-70.40747128390923, 18.774030734901597], [-70.40773075357025, 18.77371130477699], [-70.40789372337957, 18.773549694697547], [-70.40786397326045, 18.773309214720182], [-70.40803598297336, 18.77298807464088], [-70.40839151253722, 18.772600054468654], [-70.4087757321762, 18.772374144276718], [-70.4091047918768, 18.772197864111824], [-70.4092645216042, 18.77188905403852], [-70.40931961140149, 18.771591874018995], [-70.40948509111719, 18.771268643943152], [-70.40964899091463, 18.771087103863863], [-70.40971715069702, 18.770777603837963], [-70.4095966305208, 18.770340663913487], [-70.4094591505047, 18.77016668398985], [-70.40944249041216, 18.7699866740039], [-70.40956773020638, 18.76975846394601], [-70.40954989995983, 18.76930700396886], [-70.40963298974043, 18.76901017393486], [-70.40993519943973, 18.768803033784813], [-70.41008358915488, 18.768460613718425], [-70.41011134895334, 18.76813641371386], [-70.41015649862115, 18.76760143370668], [-70.4100233285315, 18.767302893784557], [-70.40999331810607, 18.766524563823587], [-70.40989672799901, 18.7662342938823], [-70.40976376768693, 18.76554560397185], [-70.40976643757666, 18.765354973976233], [-70.40987665714789, 18.76471935393844], [-70.40993392695306, 18.764438173917323], [-70.40997677674123, 18.764111823905022], [-70.41008193646515, 18.76373877386193], [-70.41042070624779, 18.763716563687456], [-70.41146001540571, 18.76334074316153], [-70.4129040839201, 18.762264552447657], [-70.41615494074792, 18.76014378083197], [-70.41650964029154, 18.75971867066162], [-70.41713235959928, 18.759163770356743], [-70.41744060941154, 18.759161180197562], [-70.41773955926273, 18.759217110041416], [-70.41847183878542, 18.75915599966495], [-70.4188140582876, 18.75864482950373], [-70.41906459804699, 18.758488109379076], [-70.41991494715693, 18.75782729895996], [-70.42027433663398, 18.757290118790714], [-70.42104920589298, 18.75681093840512], [-70.4212320056171, 18.75652027831958], [-70.42160883519456, 18.756177948135424], [-70.42199447489442, 18.75606006793987], [-70.42221644473534, 18.756016247826576], [-70.42261549451105, 18.756045887619592], [-70.42299277437357, 18.756204977419902], [-70.42327350417305, 18.756150767276583], [-70.42352716392939, 18.75599199715046], [-70.42361435365548, 18.755603217117333], [-70.42418142321736, 18.755435566829654], [-70.42472112271928, 18.755133426560235], [-70.42509236238607, 18.754942136374424], [-70.42529541199734, 18.75447458628393], [-70.42550073169126, 18.754154676187724], [-70.425656481635, 18.754221276105277], [-70.4259288514871, 18.75425064596376], [-70.42684678097282, 18.75432189548769], [-70.42743675029921, 18.753764585200248], [-70.42794158017394, 18.75408077492994], [-70.42838478990272, 18.754074944701333]]]]}, "geometry_name": "the_geom", "properties": {"AREA": 6350555.886, "PARCELA": "92", "PROVINCIA": "Peravia", "MUNICIPIO": "San Jos\u00e9 de Ocoa", "DC": "2", "area_calc_m2": 6350556, "touches_family_land": false, "owner": null, "owner_source": null, "family": false, "shift_note": "RI historic layer shifted -11.0 m E, -10.5 m N to the plano 2026 frame"}}, {"type": "Feature", "id": "ParcelasHistoricas.92525", "geometry": {"type": "MultiPolygon", "coordinates": [[[[-70.43628410671788, 18.75687308053807], [-70.43633515675893, 18.756999580507816], [-70.43670136679323, 18.757449390304906], [-70.437065856861, 18.757956270101108], [-70.4371833469471, 18.758232630031916], [-70.43716023722283, 18.75869291002957], [-70.43747688760749, 18.759706099834755], [-70.4382601876759, 18.760659579400944], [-70.43924371747518, 18.761352938871834], [-70.43977476714785, 18.761342378598112], [-70.43982539724219, 18.76156212856515], [-70.4400228571369, 18.761587068462475], [-70.44029363699052, 18.761617768321788], [-70.44045194687814, 18.761588598240987], [-70.43977303756074, 18.762066508576513], [-70.43888005819754, 18.7622361690321], [-70.43808445956658, 18.763796659394334], [-70.4378701399022, 18.76415867949374], [-70.43759564022474, 18.76443369962691], [-70.43689515082882, 18.764750479978705], [-70.43639233117875, 18.764830740235805], [-70.43591359152717, 18.764934030479758], [-70.43564066184247, 18.765197930612505], [-70.43542437207356, 18.765374070718728], [-70.43537176230905, 18.76573199073481], [-70.43550220238293, 18.766000550659165], [-70.43519153278385, 18.766374740807986], [-70.43479692306471, 18.766448691009465], [-70.4345672031153, 18.76629334113288], [-70.43411170327317, 18.76608649137447], [-70.43401053326765, 18.765969211430335], [-70.4334343036732, 18.7660692417248], [-70.43313933395942, 18.766258601871264], [-70.43271306444728, 18.76666268207892], [-70.43236468456789, 18.766504232263724], [-70.43150717516566, 18.766643042702295], [-70.43127751535044, 18.766723572818425], [-70.4307369658487, 18.767024383088334], [-70.4305695159652, 18.767051153173995], [-70.43034059619963, 18.767219653287057], [-70.42982626669136, 18.767536923542945], [-70.42977983673119, 18.76755754356629], [-70.42939590716622, 18.767913723753647], [-70.4292960373296, 18.768094613799676], [-70.42930884761446, 18.768608573777247], [-70.42911065804175, 18.769148463863022], [-70.42888491830324, 18.769367863972896], [-70.42854289848451, 18.769322814150964], [-70.42818029871076, 18.769334934337923], [-70.4271251894514, 18.769514724877524], [-70.42671374985702, 18.76978991508166], [-70.42627858013755, 18.769820305305572], [-70.42581310047476, 18.7699179955431], [-70.42559274065198, 18.769995125654596], [-70.42467785147215, 18.77046354611301], [-70.4243638221925, 18.77139476624678], [-70.42355291279046, 18.771583416660093], [-70.42288454324255, 18.771667327002966], [-70.42238263390159, 18.772291307243318], [-70.41802585345602, 18.76688428966011], [-70.43628061669402, 18.756827440541297], [-70.43628410671788, 18.75687308053807]]]]}, "geometry_name": "the_geom", "properties": {"AREA": 1604567.08, "PARCELA": "92-A", "PROVINCIA": "Peravia", "MUNICIPIO": "San Jos\u00e9 de Ocoa", "DC": "2", "area_calc_m2": 1604567, "touches_family_land": false, "owner": null, "owner_source": null, "family": false, "shift_note": "RI historic layer shifted -11.0 m E, -10.5 m N to the plano 2026 frame"}}, {"type": "Feature", "id": "ParcelasHistoricas.92524", "geometry": {"type": "MultiPolygon", "coordinates": [[[[-70.41802585345602, 18.76688428966011], [-70.41366688302877, 18.761508902076304], [-70.41659686016979, 18.75959744062024], [-70.4169515497134, 18.759172320449903], [-70.4175742690212, 18.75861742014505], [-70.41788251883344, 18.758614829985888], [-70.41818146868462, 18.758670759829737], [-70.41891374820733, 18.7586096494533], [-70.41925595770954, 18.758098479292094], [-70.41950649746892, 18.757941759167462], [-70.42035684657891, 18.757280938748377], [-70.42071622605599, 18.756743768579145], [-70.421491095315, 18.756264578193584], [-70.42167389503912, 18.755973918108058], [-70.42205072461658, 18.755631587923908], [-70.42243635431645, 18.755513707728372], [-70.42265832415738, 18.755469887615092], [-70.42305857391725, 18.755472937408307], [-70.42343585377975, 18.755632027208623], [-70.42371658357925, 18.75557781706532], [-70.42397024333559, 18.755419046939203], [-70.42405743306169, 18.755030256906085], [-70.42462449262358, 18.754862616618432], [-70.42516419212551, 18.754560476349035], [-70.42551041181477, 18.754382086175756], [-70.42571345142606, 18.753914526085275], [-70.42591877112001, 18.753594615989083], [-70.42607452106375, 18.75366121590664], [-70.42634689091584, 18.75369058576513], [-70.42726481040158, 18.75376183528909], [-70.427854779728, 18.753204515001677], [-70.4283596096027, 18.753520714731373], [-70.42885668995163, 18.754662454439682], [-70.42899974991077, 18.754742644363372], [-70.42928909977405, 18.754809784211947], [-70.42944027967549, 18.754797204134302], [-70.42970092952325, 18.75480655399948], [-70.43008459936775, 18.75494096379729], [-70.43040022912824, 18.754855353637012], [-70.43072880897599, 18.754936923464907], [-70.43097268894866, 18.755148123332532], [-70.43132761879578, 18.75525661314599], [-70.43146324871351, 18.755256143076004], [-70.4318622985899, 18.755463022863665], [-70.4320650384251, 18.75538878276131], [-70.43248989823607, 18.755508082538356], [-70.43270766811746, 18.755531062425252], [-70.43293175785561, 18.755308892316464], [-70.43345819749199, 18.755229222047245], [-70.43369994725974, 18.755077871927156], [-70.43376307706076, 18.754795071903313], [-70.4338544368525, 18.75452598186448], [-70.43460575645568, 18.75462707147365], [-70.43477118637392, 18.754659191387297], [-70.4350108764929, 18.755123341249256], [-70.43528005647494, 18.75537803110247], [-70.43537796651671, 18.755555611046454], [-70.43563106652861, 18.75584573090687], [-70.43585054649992, 18.75602869078795], [-70.43598888663499, 18.75641333070466], [-70.43608595654408, 18.75635672065631], [-70.43614107658179, 18.756481660624004], [-70.43628061669402, 18.756827440541297], [-70.41802585345602, 18.76688428966011]]]]}, "geometry_name": "the_geom", "properties": {"AREA": 1586727.763, "PARCELA": "92-C", "PROVINCIA": "Peravia", "MUNICIPIO": "San Jos\u00e9 de Ocoa", "DC": "2", "area_calc_m2": 1586727, "touches_family_land": false, "owner": null, "owner_source": null, "family": false, "shift_note": "RI historic layer shifted -11.0 m E, -10.5 m N to the plano 2026 frame"}}, {"type": "Feature", "id": "ParcelasHistoricas.410668", "geometry": {"type": "MultiPolygon", "coordinates": [[[[-70.43463652470484, 18.681052313734767], [-70.43418386544977, 18.681887003941565], [-70.43397748559629, 18.68192624404642], [-70.43355239594052, 18.682082174260074], [-70.43328995593241, 18.68178848440404], [-70.43288047617621, 18.681783494614667], [-70.43233861627874, 18.6813879749054], [-70.43233856619237, 18.68123529491015], [-70.43217433614173, 18.680970995002728], [-70.4317038162707, 18.680698185253], [-70.43182307597746, 18.680306905203782], [-70.43220488554938, 18.67995671501837], [-70.43248517518086, 18.67960370488523], [-70.43263406505174, 18.679533984810867], [-70.43286864489232, 18.679501894691306], [-70.4335990748193, 18.680150274295865], [-70.43393562455103, 18.680034364126495], [-70.43458848465042, 18.680905013764033], [-70.43463249471017, 18.681057443736687], [-70.43463652470484, 18.681052313734767]]]]}, "geometry_name": "the_geom", "properties": {"AREA": null, "PARCELA": "3016", "PROVINCIA": "Peravia", "MUNICIPIO": "San Jos\u00e9 de Ocoa", "DC": "2", "area_calc_m2": 51991, "touches_family_land": false, "owner": null, "owner_source": null, "family": false, "shift_note": "RI historic layer shifted -11.0 m E, -10.5 m N to the plano 2026 frame"}}, {"type": "Feature", "id": "ParcelasHistoricas.173923", "geometry": {"type": "MultiPolygon", "coordinates": [[[[-70.43115873613681, 18.732802753925412], [-70.43133849598247, 18.732722133835225], [-70.43155398578858, 18.732609833727604], [-70.43197031545101, 18.73245815351768], [-70.43268149479528, 18.732059663163408], [-70.43382194379184, 18.73150538259274], [-70.43433321336659, 18.731300182335588], [-70.43468122341972, 18.731763982141896], [-70.43504047352286, 18.7323278019393], [-70.43471880411248, 18.73302412208354], [-70.4344537244853, 18.73339870220857], [-70.43414135477116, 18.733569912364278], [-70.43369341545277, 18.734293762572793], [-70.43348499573136, 18.734562712671913], [-70.43334027589829, 18.734702742742186], [-70.43313634618099, 18.734983632838635], [-70.43306067636442, 18.73522613287015], [-70.43297159655467, 18.735466382908644], [-70.4328672268257, 18.73583260295115], [-70.43268984698186, 18.735918883039925], [-70.43261341706044, 18.735975963077568], [-70.43240555731936, 18.73621081317748], [-70.4319763675363, 18.736136323401052], [-70.43153904751667, 18.735636713641934], [-70.43174405693394, 18.73482873356117], [-70.43144120680876, 18.73428629373403], [-70.43079147715908, 18.734212224071275], [-70.43072233710525, 18.73404394411211], [-70.43108720672103, 18.7337554139329], [-70.43131767643195, 18.73349145382223], [-70.43149267615816, 18.733195453741153], [-70.43119379622078, 18.732987883901618], [-70.43115745613989, 18.732806833925938], [-70.43115873613681, 18.732802753925412]]]]}, "geometry_name": "the_geom", "properties": {"AREA": 120996.189, "PARCELA": "69-E", "PROVINCIA": "Peravia", "MUNICIPIO": "San Jos\u00e9 de Ocoa", "DC": "2", "area_calc_m2": 120996, "touches_family_land": false, "owner": null, "owner_source": null, "family": false, "shift_note": "RI historic layer shifted -11.0 m E, -10.5 m N to the plano 2026 frame"}}, {"type": "Feature", "id": "ParcelasHistoricas.17519", "geometry": {"type": "MultiPolygon", "coordinates": [[[[-70.43491562859386, 18.741124061731465], [-70.43503566865522, 18.74135978166228], [-70.4350860586777, 18.74145293163341], [-70.43544218898221, 18.742367751421465], [-70.43495888971277, 18.743139581646798], [-70.433540490785, 18.74351809236657], [-70.43344537066827, 18.7432114824251], [-70.43342797059108, 18.743057152438844], [-70.43326043997092, 18.741787522564465], [-70.43334141994406, 18.741826352521507], [-70.43354779979992, 18.741792162416132], [-70.43389774939472, 18.741451132246212], [-70.43491334859608, 18.74112554173259], [-70.43491562859386, 18.741124061731465]]]]}, "geometry_name": "the_geom", "properties": {"AREA": 41245, "PARCELA": "4194", "PROVINCIA": "Peravia", "MUNICIPIO": "San Jos\u00e9 de Ocoa", "DC": "2", "area_calc_m2": 41245, "touches_family_land": false, "owner": null, "owner_source": null, "family": false, "shift_note": "RI historic layer shifted -11.0 m E, -10.5 m N to the plano 2026 frame"}}, {"type": "Feature", "id": "ParcelasHistoricas.173924", "geometry": {"type": "MultiPolygon", "coordinates": [[[[-70.43198252753726, 18.73614455339763], [-70.4324117173203, 18.736219033174045], [-70.4331359669643, 18.736362422796237], [-70.43341744692802, 18.736597932643836], [-70.4332479573429, 18.737148112714227], [-70.43310351844079, 18.738927282733737], [-70.43286661865129, 18.73904591285222], [-70.43231855907256, 18.739204663129918], [-70.4316394892884, 18.738862503490633], [-70.43139555931225, 18.73864510362313], [-70.43128627938508, 18.738657103679113], [-70.43130546929756, 18.738523453673334], [-70.43174349784188, 18.73642671351216], [-70.43197870753409, 18.73613491339989], [-70.43198252753726, 18.73614455339763]]]]}, "geometry_name": "the_geom", "properties": {"AREA": 54825.363, "PARCELA": "69-F", "PROVINCIA": "Peravia", "MUNICIPIO": "San Jos\u00e9 de Ocoa", "DC": "2", "area_calc_m2": 54825, "touches_family_land": false, "owner": null, "owner_source": null, "family": false, "shift_note": "RI historic layer shifted -11.0 m E, -10.5 m N to the plano 2026 frame"}}, {"type": "Feature", "id": "ParcelasHistoricas.173914", "geometry": {"type": "MultiPolygon", "coordinates": [[[[-70.4334377591754, 18.74057590251046], [-70.4331675304126, 18.742466082591413], [-70.43360511081303, 18.743636132329595], [-70.43339469156976, 18.744744042403894], [-70.43344539177839, 18.745165042364732], [-70.43349397188132, 18.745397842332494], [-70.43353895211612, 18.745858832295042], [-70.4333726926351, 18.746595182358053], [-70.43321698345355, 18.747869602399017], [-70.4327738443805, 18.74902910259182], [-70.43156636757311, 18.75336050308123], [-70.43132927803424, 18.753919343186354], [-70.43097436833946, 18.75407875336461], [-70.43014800896933, 18.754307853784063], [-70.42954100929585, 18.754236784099547], [-70.42914746940667, 18.75401338430956], [-70.42859108007737, 18.754601214578674], [-70.42767041062119, 18.75457889505462], [-70.42739674077818, 18.75456405519635], [-70.4272373308414, 18.754505845280434], [-70.4270510811419, 18.754836175366435], [-70.42687575151959, 18.75531379544228], [-70.42654053183402, 18.75551032560932], [-70.42601938233697, 18.755840695868248], [-70.42546302278568, 18.756038246149444], [-70.42539875304801, 18.75643105617059], [-70.42515480329335, 18.756603076291285], [-70.42487770350017, 18.756672206432246], [-70.4244916436546, 18.756533536635846], [-70.42409184390671, 18.756551886841724], [-70.42387280407074, 18.75660750695314], [-70.42349471437797, 18.75674581714414], [-70.42313875479915, 18.757107857316893], [-70.42297327506982, 18.75740777739318], [-70.42222801581624, 18.757927847762176], [-70.42190101633014, 18.75848347791408], [-70.42109114722116, 18.759188938310853], [-70.42085028746348, 18.75935886843008], [-70.42063006749886, 18.759187208549083], [-70.42049228752745, 18.759091168623186], [-70.42031681741229, 18.758702548725683], [-70.42034045724016, 18.758425268721926], [-70.4203589571326, 18.758255948717537], [-70.4202359670337, 18.757951638790352], [-70.42009725705034, 18.757833598865602], [-70.41998559704766, 18.757710318927035], [-70.41988383701245, 18.757540418984785], [-70.4197214070413, 18.757418679072394], [-70.41964967697851, 18.75723220911513], [-70.41961969691701, 18.757092329134885], [-70.41962954669414, 18.756711239141417], [-70.41967035651123, 18.756433219128812], [-70.41978467625466, 18.756103789079813], [-70.41983637610322, 18.755892609059554], [-70.41985526593021, 18.755608649058452], [-70.41985993583239, 18.755441739061126], [-70.41988334569092, 18.755218049055863], [-70.41985243553682, 18.754914439081087], [-70.4198780954312, 18.754756109072666], [-70.41984921535901, 18.754598569092387], [-70.41989348522317, 18.754406909075364], [-70.41994541498158, 18.754037489059815], [-70.41997474479751, 18.753745169053584], [-70.41997616471568, 18.753602869057193], [-70.42014363445763, 18.753327208979115], [-70.4201620043184, 18.753102008976505], [-70.42009195415858, 18.75274679902351], [-70.4202602638944, 18.752461198945312], [-70.42033870362744, 18.752075328916582], [-70.42054866337135, 18.751848138815102], [-70.42074087317148, 18.751700968720346], [-70.42104713290462, 18.751557148566604], [-70.4212508426596, 18.75134281846797], [-70.4214104025076, 18.751245088388572], [-70.4215934123754, 18.75120704829524], [-70.42172508222185, 18.751076978231243], [-70.42171431213217, 18.750907868241963], [-70.42155809206781, 18.750628838331142], [-70.42139973192123, 18.75020299842591], [-70.4211695318356, 18.749808028556828], [-70.42103526181081, 18.749621848631833], [-70.4208078618555, 18.7494589287542], [-70.42060887190581, 18.749336088860687], [-70.42046882193314, 18.74923539893606], [-70.42016440185645, 18.74877735910722], [-70.42020913165118, 18.748463999093683], [-70.42023093148427, 18.74819373909067], [-70.4202915712708, 18.747882819068852], [-70.42031213110458, 18.74761246906649], [-70.42048494077754, 18.74722100898923], [-70.42065522043488, 18.746799368914196], [-70.42080848028175, 18.74669287883834], [-70.42102874005111, 18.746521288729884], [-70.42101299989639, 18.746232548746818], [-70.42123605946689, 18.745714218647517], [-70.42145950919894, 18.74548035853933], [-70.42169471886395, 18.745141078428297], [-70.42197160855622, 18.744894028292936], [-70.42225029835684, 18.744839408150767], [-70.42243759822749, 18.74481085805498], [-70.42270284788616, 18.74449232792783], [-70.42281033765111, 18.744193127881505], [-70.4228890074289, 18.74388589785031], [-70.42314431707679, 18.74353778772921], [-70.42323502687591, 18.743280867690263], [-70.42309338677084, 18.74294559777361], [-70.42286471683582, 18.742816967895543], [-70.42268460683201, 18.742618927994545], [-70.42221672622532, 18.741054838283805], [-70.42243599605985, 18.740996678172444], [-70.42268190590144, 18.740979238046094], [-70.42299475570798, 18.74097121788492], [-70.42794786290368, 18.741300525319495], [-70.42799235303531, 18.741579405287982], [-70.42813024309062, 18.74182330520935], [-70.42832092295566, 18.74178851511206], [-70.4289873023937, 18.741507934776962], [-70.42924627221072, 18.741461284644817], [-70.4293724021441, 18.741478144579244], [-70.42972007191754, 18.741449014400807], [-70.42987235182378, 18.741445914322362], [-70.43051320121722, 18.741059804003733], [-70.4311869108624, 18.741151613653432], [-70.43135723076574, 18.741162643565264], [-70.43184823041088, 18.741060143315195], [-70.43219725010267, 18.740888803140493], [-70.43225345993717, 18.74065729311865], [-70.43343114917964, 18.74057633251385], [-70.4334377591754, 18.74057590251046]]]]}, "geometry_name": "the_geom", "properties": {"AREA": 2016185.862, "PARCELA": "91", "PROVINCIA": "Peravia", "MUNICIPIO": "San Jos\u00e9 de Ocoa", "DC": "2", "area_calc_m2": 2016186, "touches_family_land": false, "owner": null, "owner_source": null, "family": false, "shift_note": "RI historic layer shifted -11.0 m E, -10.5 m N to the plano 2026 frame"}}, {"type": "Feature", "id": "ParcelasHistoricas.173927", "geometry": {"type": "MultiPolygon", "coordinates": [[[[-70.42792110291913, 18.741299275333343], [-70.43128627938508, 18.738657103679113], [-70.43139555931225, 18.73864510362313], [-70.43163983928837, 18.73886280349045], [-70.43231890907252, 18.73920496312973], [-70.43316908896752, 18.739924252669127], [-70.43337145900728, 18.740209442555965], [-70.43343114917964, 18.74057633251385], [-70.43225345993717, 18.74065729311865], [-70.43219725010267, 18.740888803140493], [-70.43184823041088, 18.741060143315195], [-70.43135723076574, 18.741162643565264], [-70.4311869108624, 18.741151613653432], [-70.43051320121722, 18.741059804003733], [-70.42987235182378, 18.741445914322362], [-70.42972007191754, 18.741449014400807], [-70.4293724021441, 18.741478144579244], [-70.42924627221072, 18.741461284644817], [-70.4289873023937, 18.741507934776962], [-70.42832092295566, 18.74178851511206], [-70.42812559309392, 18.741824155211724], [-70.4279876930386, 18.741580255290355], [-70.42794320290699, 18.74130137532188], [-70.42792110291913, 18.741299275333343]]]]}, "geometry_name": "the_geom", "properties": {"AREA": 93274.956, "PARCELA": "69-A", "PROVINCIA": "Peravia", "MUNICIPIO": "San Jos\u00e9 de Ocoa", "DC": "2", "area_calc_m2": 93275, "touches_family_land": false, "owner": null, "owner_source": null, "family": false, "shift_note": "RI historic layer shifted -11.0 m E, -10.5 m N to the plano 2026 frame"}}, {"type": "Feature", "id": "ParcelasHistoricas.410697", "geometry": {"type": "MultiPolygon", "coordinates": [[[[-70.42838399533363, 18.675509727119305], [-70.42861358496631, 18.67510476701378], [-70.42866409479646, 18.674858266995418], [-70.42868849462722, 18.674585056991305], [-70.4288302044884, 18.67449048692139], [-70.42889674431353, 18.674252146894542], [-70.4293535838792, 18.673970466668457], [-70.42949777382509, 18.674028236592584], [-70.429937183606, 18.67410850636431], [-70.43012124358813, 18.67427275626467], [-70.4303599134906, 18.67435435613951], [-70.43015498385512, 18.67478062623166], [-70.42999337409798, 18.67503798630677], [-70.42983170427148, 18.675172646385697], [-70.42989533428123, 18.675257556350378], [-70.43002109422297, 18.6752884062848], [-70.43047603392368, 18.675243476052405], [-70.43087259345528, 18.674837455861162], [-70.43109712340018, 18.67497900574142], [-70.43121299350999, 18.675296425672077], [-70.43153695356013, 18.675729815492218], [-70.43076982448241, 18.6765437158613], [-70.43063922459916, 18.676611115926335], [-70.43020294474461, 18.67640395615694], [-70.43005789492972, 18.67657681622615], [-70.42990567497547, 18.676495676306878], [-70.42947021508395, 18.676224096539045], [-70.42934951505627, 18.676046726606543], [-70.4294627748689, 18.675836076554834], [-70.42922487498903, 18.675795276678354], [-70.42878988511636, 18.67555752690923], [-70.42860679526318, 18.675622247001332], [-70.42838399533363, 18.675509727119305]]]]}, "geometry_name": "the_geom", "properties": {"AREA": null, "PARCELA": "3080", "PROVINCIA": "Peravia", "MUNICIPIO": "San Jos\u00e9 de Ocoa", "DC": "2", "area_calc_m2": 51540, "touches_family_land": false, "owner": null, "owner_source": null, "family": false, "shift_note": "RI historic layer shifted -11.0 m E, -10.5 m N to the plano 2026 frame"}}, {"type": "Feature", "id": "ParcelasHistoricas.318505", "geometry": {"type": "MultiPolygon", "coordinates": [[[[-70.42994475205566, 18.706695345355666], [-70.42948560142271, 18.705090495641468], [-70.4300712209516, 18.704882325346443], [-70.43017594102304, 18.705119715285228], [-70.43042248108709, 18.70549497514675], [-70.43099204063056, 18.705295404859744], [-70.43122080044299, 18.705207824744704], [-70.43148183055574, 18.70568443459563], [-70.43156546061408, 18.705876354546668], [-70.43166261064349, 18.706031554491865], [-70.43172085069503, 18.706184424457174], [-70.43190337075575, 18.706485694353926], [-70.43209340081548, 18.706793234246618], [-70.43226472084119, 18.7070208441514], [-70.43244979093934, 18.7073909140447], [-70.43169040155429, 18.70766780442705], [-70.43080826161021, 18.706828074907055], [-70.43077457169404, 18.70694012492094], [-70.43086159177228, 18.707170704869032], [-70.43026408230568, 18.707475985167214], [-70.42994475205566, 18.706695345355666]]]]}, "geometry_name": "the_geom", "properties": {"AREA": 49874.41, "PARCELA": "21", "PROVINCIA": "Trujillo Vald?z", "MUNICIPIO": "San Jos\u00e9 de Ocoa", "DC": "2", "area_calc_m2": 49874, "touches_family_land": false, "owner": null, "owner_source": null, "family": false, "shift_note": "RI historic layer shifted -11.0 m E, -10.5 m N to the plano 2026 frame"}}, {"type": "Feature", "id": "ParcelasHistoricas.327152", "geometry": {"type": "MultiPolygon", "coordinates": [[[[-70.43207708244135, 18.709643764166987], [-70.43176874298489, 18.710274404306247], [-70.43099950404599, 18.711327444669802], [-70.43009110496419, 18.711980395117415], [-70.42927522602226, 18.71297827550682], [-70.43043086583242, 18.713872564884127], [-70.4299238269437, 18.715292495101483], [-70.42965834702986, 18.71516204524223], [-70.42888220665914, 18.71368316568751], [-70.42911963633287, 18.713360445575173], [-70.42862523645104, 18.713043025839557], [-70.4279450465401, 18.712476796207287], [-70.42738383636727, 18.711575376524028], [-70.42743630633785, 18.71157932649689], [-70.42797004650032, 18.712433246195744], [-70.42864920641149, 18.712998805828576], [-70.42913794628866, 18.713301955567545], [-70.42925916603487, 18.712983415514927], [-70.43002005498803, 18.71194685515503], [-70.43063490412172, 18.711073174865376], [-70.4317663125327, 18.709474314332205], [-70.43206980244474, 18.70964202417079], [-70.43207708244135, 18.709643764166987]]]]}, "geometry_name": "the_geom", "properties": {"AREA": 37105, "PARCELA": "12", "PROVINCIA": "Trujillo Vald?z", "MUNICIPIO": "San Jos\u00e9 de Ocoa", "DC": "2", "area_calc_m2": 37105, "touches_family_land": false, "owner": null, "owner_source": null, "family": false, "shift_note": "RI historic layer shifted -11.0 m E, -10.5 m N to the plano 2026 frame"}}, {"type": "Feature", "id": "ParcelasHistoricas.173925", "geometry": {"type": "MultiPolygon", "coordinates": [[[[-70.43115745613989, 18.732806833925938], [-70.43119379622078, 18.732987883901618], [-70.43149267615816, 18.733195453741153], [-70.43131767643195, 18.73349145382223], [-70.43108720672103, 18.7337554139329], [-70.43072233710525, 18.73404394411211], [-70.43079147715908, 18.734212224071275], [-70.43144120680876, 18.73428629373403], [-70.43174405693394, 18.73482873356117], [-70.43141845719416, 18.734940683725576], [-70.43126702738098, 18.73510857379847], [-70.43154138751444, 18.735635303640766], [-70.43197870753409, 18.73613491339989], [-70.43174349784188, 18.73642671351216], [-70.43130546929756, 18.738523453673334], [-70.43128627938508, 18.738657103679113], [-70.43039569933289, 18.737618374170363], [-70.42969348943537, 18.7370522045499], [-70.42938564950131, 18.73684100471515], [-70.42937931944311, 18.736731844721778], [-70.42955347920815, 18.736503384639], [-70.4298924884505, 18.73553005449417], [-70.4293928079606, 18.73413635479472], [-70.42944351748433, 18.73335175479274], [-70.42954796737526, 18.733270764741373], [-70.42991667699128, 18.73298670456004], [-70.43021821658209, 18.732586764416904], [-70.43035769617877, 18.732024904362316], [-70.43069210616589, 18.73235781417967], [-70.43096079593911, 18.73224414404466], [-70.43115195614276, 18.732806013928805], [-70.43115745613989, 18.732806833925938]]]]}, "geometry_name": "the_geom", "properties": {"AREA": 113311.591, "PARCELA": "69-C", "PROVINCIA": "Peravia", "MUNICIPIO": "San Jos\u00e9 de Ocoa", "DC": "2", "area_calc_m2": 113312, "touches_family_land": false, "owner": null, "owner_source": null, "family": false, "shift_note": "RI historic layer shifted -11.0 m E, -10.5 m N to the plano 2026 frame"}}, {"type": "Feature", "id": "ParcelasHistoricas.16690", "geometry": {"type": "MultiPolygon", "coordinates": [[[[-70.43055620746792, 18.699251365270484], [-70.43005341804249, 18.699730485514433], [-70.42916253875455, 18.700039465963357], [-70.42853505924946, 18.70024535627993], [-70.4275729000185, 18.70057906676485], [-70.42686020030793, 18.700331867139262], [-70.42649073041538, 18.700128587335684], [-70.42646763032765, 18.69994924735308], [-70.42607549052663, 18.69988335755694], [-70.42554097074368, 18.699697957837756], [-70.42495997083044, 18.69923338815106], [-70.42462842088521, 18.69897753832957], [-70.42430161093404, 18.69871620850579], [-70.42397007098877, 18.698460358684294], [-70.42344717106684, 18.698042238966252], [-70.42322614110333, 18.69787167908525], [-70.42314383090078, 18.697426819141246], [-70.4231141708175, 18.69724835916198], [-70.42283253096578, 18.697210639308103], [-70.42240695120609, 18.69718226952803], [-70.42208644144557, 18.697264109690497], [-70.4215519216625, 18.69707870997132], [-70.42136966174407, 18.69702891006666], [-70.42087705188717, 18.69675788032853], [-70.4206192919775, 18.69664333046471], [-70.42041072190798, 18.6962990705826], [-70.42024759188041, 18.696077060673357], [-70.42000725178102, 18.69564631081024], [-70.41973911179767, 18.69539077095607], [-70.41953248176272, 18.695109551071013], [-70.41913305218434, 18.69542895126688], [-70.41831275249027, 18.695097121699284], [-70.41758526275339, 18.694788452083202], [-70.41638579314554, 18.694206032718448], [-70.4166776125367, 18.69344197259149], [-70.4161828024529, 18.69276852286671], [-70.41594241231915, 18.692277243005407], [-70.4163781418593, 18.691928812791712], [-70.41708036114018, 18.69140597244618], [-70.41729416096942, 18.69133182233839], [-70.41749817082317, 18.691290492234636], [-70.41764927073933, 18.691303092156488], [-70.41885367009401, 18.6914440215323], [-70.42000390946666, 18.691559230936797], [-70.42116198899687, 18.691960930328538], [-70.42159158862998, 18.6917700201133], [-70.4220790786501, 18.69232367984549], [-70.42351485679313, 18.690572359160342], [-70.42401900653749, 18.690657078898365], [-70.42454012627832, 18.690753618627284], [-70.42485146604575, 18.69067411846955], [-70.42522238577976, 18.690598978281027], [-70.42654453492096, 18.690488747604245], [-70.42714673451832, 18.690418277296637], [-70.42723581444714, 18.690387387251764], [-70.42757191427667, 18.69044385707714], [-70.42758084454758, 18.690931647057536], [-70.42874215493372, 18.692848526401136], [-70.42876385509474, 18.693155896380507], [-70.42872393523248, 18.693356596394864], [-70.42803595710947, 18.69593805666934], [-70.4279902572258, 18.69609473668804], [-70.42790813743163, 18.6963706967218], [-70.4273892774456, 18.69584354700499], [-70.42649125841974, 18.696607797443594], [-70.42705107829332, 18.696979967144078], [-70.4276571881568, 18.697383646819763], [-70.42727728857861, 18.697724007004794], [-70.42718105883468, 18.698073547043563], [-70.42734085887464, 18.698313966953936], [-70.4276628087936, 18.698513336782117], [-70.42788645899894, 18.699113536648557], [-70.42819736845205, 18.698479146508085], [-70.4285079580451, 18.698091326360196], [-70.42897635791874, 18.698366476110692], [-70.4296846277194, 18.69876802573387], [-70.43055620746792, 18.699251365270484]]]]}, "geometry_name": "the_geom", "properties": {"AREA": 876699, "PARCELA": "46", "PROVINCIA": "Trujillo Valdez", "MUNICIPIO": "San Jos\u00e9 de Ocoa", "DC": "2", "area_calc_m2": 872127, "touches_family_land": false, "owner": null, "owner_source": null, "family": false, "shift_note": "RI historic layer shifted -11.0 m E, -10.5 m N to the plano 2026 frame"}}, {"type": "Feature", "id": "ParcelasHistoricas.173928", "geometry": {"type": "MultiPolygon", "coordinates": [[[[-70.42938564950131, 18.73684100471515], [-70.42969348943537, 18.7370522045499], [-70.43039569933289, 18.737618374170363], [-70.43128627938508, 18.738657103679113], [-70.42792110291913, 18.741299275333343], [-70.42740880195203, 18.73905298566663], [-70.42816562145602, 18.738984505278385], [-70.42832901133166, 18.73893930519551], [-70.42856769117768, 18.738922035072942], [-70.42895870093655, 18.738913304871545], [-70.42899430051251, 18.73820484487499], [-70.42929317003373, 18.737679844737013], [-70.42920540988698, 18.73732823479309], [-70.42938482949933, 18.73683666471571], [-70.42938564950131, 18.73684100471515]]]]}, "geometry_name": "the_geom", "properties": {"AREA": 82278.206, "PARCELA": "69-B", "PROVINCIA": "Peravia", "MUNICIPIO": "San Jos\u00e9 de Ocoa", "DC": "2", "area_calc_m2": 82278, "touches_family_land": false, "owner": null, "owner_source": null, "family": false, "shift_note": "RI historic layer shifted -11.0 m E, -10.5 m N to the plano 2026 frame"}}, {"type": "Feature", "id": "ParcelasHistoricas.35107", "geometry": {"type": "MultiPolygon", "coordinates": [[[[-70.41901888813906, 18.705808891008928], [-70.41879913841929, 18.706069451114164], [-70.41930024832833, 18.706441440844692], [-70.41985516787447, 18.706230870565292], [-70.41989338790934, 18.706332980542495], [-70.42011315774502, 18.706276810431014], [-70.42019766766869, 18.70623200038885], [-70.42025464769971, 18.706347230355984], [-70.42015259779379, 18.706404660406797], [-70.42019198789508, 18.706625090379774], [-70.41994269809827, 18.70671840050533], [-70.41991506832063, 18.707081080508495], [-70.420618737747, 18.70681745015409], [-70.42056183750628, 18.70633261019822], [-70.4205042174207, 18.706120520234375], [-70.4204622973779, 18.706000510259624], [-70.4209520969367, 18.70574307001523], [-70.42186895646543, 18.70588644953866], [-70.4219530960822, 18.70530014951326], [-70.42209971604349, 18.705387689435085], [-70.42211158568158, 18.70476215944811], [-70.42218066549138, 18.704500179420553], [-70.42231186527593, 18.704259699360342], [-70.42234239516239, 18.704091909349764], [-70.42252562489483, 18.70381483926389], [-70.42263070470538, 18.7035924092166], [-70.42270541448829, 18.703288959187425], [-70.42271840436412, 18.703083799187013], [-70.42265157417802, 18.702684559233646], [-70.42254615403726, 18.702324279298953], [-70.42254497390019, 18.702081259307], [-70.42329093340214, 18.70199568892556], [-70.42353341316009, 18.701826498805904], [-70.42376183297237, 18.701738198691018], [-70.42406395277537, 18.70171183853629], [-70.42437934260553, 18.701747518372823], [-70.42517912200455, 18.701537627967543], [-70.42540639190392, 18.701601727848587], [-70.42559114188265, 18.7017606277486], [-70.42573065209648, 18.702286137660654], [-70.42591387201242, 18.7023326575649], [-70.42630092179851, 18.702366887364608], [-70.42643482173462, 18.702396507294775], [-70.42653472172354, 18.702483187240684], [-70.42666568185858, 18.70286060716167], [-70.42732602153107, 18.70298503681794], [-70.42772730145886, 18.70328435660216], [-70.42797498153386, 18.703680076462497], [-70.42832329154709, 18.704073796271082], [-70.42850400163555, 18.704422026167343], [-70.42921757131023, 18.704607015794338], [-70.42945422138796, 18.704995815660542], [-70.42983998191208, 18.706330645420834], [-70.42989903213574, 18.70678794537634], [-70.42920859263256, 18.70692995572741], [-70.42909228268752, 18.706903205788105], [-70.42808730329266, 18.70690175630555], [-70.42714728376082, 18.706727866794868], [-70.42666193399374, 18.706622627048002], [-70.42634216418028, 18.706611607212984], [-70.42604360433116, 18.70656023736829], [-70.42583270446089, 18.70656478747674], [-70.42565377455749, 18.70654494756948], [-70.42536126478194, 18.706629797717493], [-70.42504469499794, 18.706674147879138], [-70.4248077151725, 18.706730087999453], [-70.42451622539369, 18.70681023814709], [-70.4243492055233, 18.706861278231532], [-70.42413150572233, 18.706980798339977], [-70.42417674578662, 18.707142278311732], [-70.42428798584132, 18.70735693824787], [-70.42435700596988, 18.70765698820312], [-70.42438265609336, 18.707901958182397], [-70.42441788615186, 18.708042558159946], [-70.4240671363601, 18.708036898340755], [-70.42387034643423, 18.707958438444507], [-70.42368195675469, 18.708323208530345], [-70.42364132692876, 18.708586898543196], [-70.42380058695387, 18.70880046845463], [-70.42396984684004, 18.7087796683681], [-70.4239789070049, 18.70907993835422], [-70.42358878719094, 18.7089932985578], [-70.42345852717494, 18.708826658629995], [-70.42325337721586, 18.70868074874012], [-70.42303586735532, 18.7086954788517], [-70.42292843767493, 18.709144718893274], [-70.42263595799542, 18.709398879036144], [-70.42241326842097, 18.709912369135125], [-70.42223798862393, 18.710083899220162], [-70.42209958880822, 18.710261669286023], [-70.42198434896072, 18.710407999340905], [-70.4218348191139, 18.710519109414534], [-70.4216604493548, 18.71075844949704], [-70.42155669950007, 18.710904259546027], [-70.42148118966436, 18.711113579578527], [-70.4213650898577, 18.711330979631683], [-70.42129697001077, 18.71152837966075], [-70.42120710014639, 18.711671909702655], [-70.42114227032467, 18.711917209728554], [-70.42106926047212, 18.7120995297606], [-70.42090929075731, 18.712432159832858], [-70.42056661099006, 18.712478230008], [-70.41958317157129, 18.712457730515336], [-70.41903199183857, 18.71234319080283], [-70.41912722160258, 18.712028510763364], [-70.41922117144095, 18.711843500720597], [-70.41925607128925, 18.71161325070964], [-70.41930984111627, 18.71136554068949], [-70.41940926092049, 18.71112611064558], [-70.4195437706097, 18.710721310588635], [-70.41967527043319, 18.710549920526113], [-70.42014558028835, 18.710794280276364], [-70.42049836978701, 18.71028549011015], [-70.42115655878783, 18.70922368980353], [-70.42076789894018, 18.709079270008154], [-70.42058258901251, 18.70900988010573], [-70.42045345921134, 18.70922312016573], [-70.42041028930656, 18.70934511018425], [-70.42020559963231, 18.7097018102788], [-70.41978602978993, 18.709533860500066], [-70.41942581993513, 18.709407100689507], [-70.4193801100218, 18.709511290709873], [-70.41925615022342, 18.709734990766908], [-70.41895809075638, 18.710357620901473], [-70.41889799097167, 18.710673190922808], [-70.41861347127679, 18.710908701062223], [-70.41836592152735, 18.711087301184328], [-70.41805277182719, 18.71128303133971], [-70.41782426212214, 18.711560041449022], [-70.41776308223687, 18.711697231476368], [-70.41761581239024, 18.711811061548783], [-70.41780089243531, 18.712087021445008], [-70.41788203240868, 18.712126311401995], [-70.41756211284813, 18.71256081155361], [-70.41752126307277, 18.71291326156392], [-70.41731875338327, 18.713245211658172], [-70.41707711372376, 18.71358847177225], [-70.41727773370526, 18.713768941663364], [-70.4171391238323, 18.71384555173246], [-70.41687061404491, 18.713934961868123], [-70.41659762406894, 18.713687372016352], [-70.4162618439995, 18.71320848220398], [-70.41376639539804, 18.71302259349579], [-70.41345355550071, 18.71287134366164], [-70.41316223578653, 18.7130655638059], [-70.41276356588521, 18.712816164018967], [-70.41223074607319, 18.712581714300736], [-70.41168779653995, 18.71282752457316], [-70.41087106686348, 18.712530555003184], [-70.41012393731353, 18.712530315388353], [-70.40884558788474, 18.712179806057996], [-70.40849336817575, 18.712318576235386], [-70.40840447736832, 18.710802256327018], [-70.40867499665673, 18.70983594621675], [-70.40864286656353, 18.709637726239304], [-70.40915167592826, 18.709058615994515], [-70.40966510540382, 18.708679625741336], [-70.40964137531479, 18.708497625759065], [-70.40945540528315, 18.708244515862575], [-70.40928963533426, 18.708158675950617], [-70.40931082507562, 18.70772549595279], [-70.40948717492519, 18.70764762586425], [-70.40942072491845, 18.70756525590099], [-70.40928905496023, 18.707499095970853], [-70.40985717433549, 18.70700134569309], [-70.41047197372492, 18.706578085389047], [-70.41105812318514, 18.706249115096952], [-70.4116047426965, 18.70596829482377], [-70.41186432252695, 18.705945074690717], [-70.4119504023393, 18.705705774653612], [-70.41219380225613, 18.7058175845248], [-70.41254347181601, 18.70541317435689], [-70.41267867160659, 18.705187644294075], [-70.41305860161006, 18.705597124085887], [-70.41328981157896, 18.705787773960974], [-70.41360992153275, 18.7060461837882], [-70.41390301119208, 18.705757003645964], [-70.41434317071051, 18.70537560343077], [-70.41441910053314, 18.705143603398703], [-70.41474862006835, 18.704674313243196], [-70.41498942976824, 18.70440102312744], [-70.41521197953436, 18.704225083018144], [-70.41575177923984, 18.70427917273843], [-70.41620526901488, 18.70436423250224], [-70.41629398924309, 18.704860752441423], [-70.4166178590089, 18.704791882276695], [-70.41662939881242, 18.70445779228091], [-70.4166702687304, 18.704356612262945], [-70.41668609864061, 18.704215122259093], [-70.4165883685551, 18.703960602317185], [-70.41656591844624, 18.703744832335314], [-70.41646576838903, 18.703537632393207], [-70.41627002814546, 18.702900342513427], [-70.41658036772567, 18.70248984236608], [-70.41675794751204, 18.702301822280337], [-70.41694483725749, 18.702051552191705], [-70.4172924868739, 18.70174445202201], [-70.41761185650992, 18.701441911866752], [-70.41775667631234, 18.7012473817981], [-70.41781990605402, 18.700859031777373], [-70.41835458551265, 18.70047234151383], [-70.41853555531469, 18.700315521425413], [-70.41908212544173, 18.701120221119417], [-70.41925532537908, 18.701193761027984], [-70.41942592525663, 18.701159070941195], [-70.41927241561787, 18.701633001005778], [-70.41853181670452, 18.70276228135272], [-70.4181321470733, 18.70298793155167], [-70.41771796746734, 18.703242751757223], [-70.41752371789129, 18.703783831840784], [-70.41752608802052, 18.704014201832546], [-70.41757237809203, 18.704189421803367], [-70.41779822799887, 18.704265081684728], [-70.41788932799616, 18.704357061635005], [-70.41800856794947, 18.704401401572245], [-70.41811816794011, 18.70450133151274], [-70.41824107788008, 18.704526061448675], [-70.41839916786526, 18.704667871362926], [-70.4186552378168, 18.704854441225347], [-70.41870680786825, 18.704999951194342], [-70.41878701790422, 18.70514859114849], [-70.41891346788998, 18.70525779108004], [-70.41907967783358, 18.705334940992074], [-70.41926386781496, 18.705497770892233], [-70.41901888813906, 18.705808891008928]]]]}, "geometry_name": "the_geom", "properties": {"AREA": 1506547, "PARCELA": "190", "PROVINCIA": "Trujillo Valdez", "MUNICIPIO": "San Jos\u00e9 de Ocoa", "DC": "2", "area_calc_m2": 1506547, "touches_family_land": false, "owner": null, "owner_source": null, "family": false, "shift_note": "RI historic layer shifted -11.0 m E, -10.5 m N to the plano 2026 frame"}}, {"type": "Feature", "id": "ParcelasHistoricas.104723", "geometry": {"type": "MultiPolygon", "coordinates": [[[[-70.4290201562248, 18.71306411563553], [-70.42873075630756, 18.712902275789556], [-70.42799596640883, 18.71229951618652], [-70.427684046354, 18.711871196360324], [-70.42745915627282, 18.711488946487897], [-70.42728792624256, 18.711253536583325], [-70.42770221578951, 18.710895276380988], [-70.4278055955712, 18.71062026633621], [-70.42802407537995, 18.710515376226926], [-70.42809179527664, 18.710405216195447], [-70.42826606510911, 18.710295126109084], [-70.42848332488913, 18.71013822600205], [-70.4293218541191, 18.709672095584633], [-70.42945560409615, 18.709773855512637], [-70.42964650395528, 18.70972847541574], [-70.42982958389562, 18.709817965318713], [-70.43029372377511, 18.710099085071075], [-70.43077203387088, 18.71077669480391], [-70.43035845440019, 18.71127022500164], [-70.4290201562248, 18.71306411563553]]], [[[-70.4290201562248, 18.71306411563553], [-70.42902107622452, 18.713064625635035], [-70.42901791622785, 18.713067115636587], [-70.4290201562248, 18.71306411563553]]]]}, "geometry_name": "the_geom", "properties": {"AREA": 76914.375, "PARCELA": "3642", "PROVINCIA": "Peravia", "MUNICIPIO": "San Jos\u00e9 de Ocoa", "DC": "2", "area_calc_m2": 76914, "touches_family_land": false, "owner": null, "owner_source": null, "family": false, "shift_note": "RI historic layer shifted -11.0 m E, -10.5 m N to the plano 2026 frame"}}, {"type": "Feature", "id": "ParcelasHistoricas.72635", "geometry": {"type": "MultiPolygon", "coordinates": [[[[-70.42946566695406, 18.7148235253519], [-70.42859764735853, 18.714613515805432], [-70.42871247693758, 18.713993555765374], [-70.42900696679345, 18.714052595611886], [-70.42946566695406, 18.7148235253519]]]]}, "geometry_name": "the_geom", "properties": {"AREA": 4448.047, "PARCELA": "3613", "PROVINCIA": "Peravia", "MUNICIPIO": "San Jos\u00e9 de Ocoa", "DC": "2", "area_calc_m2": 4448, "touches_family_land": false, "owner": null, "owner_source": null, "family": false, "shift_note": "RI historic layer shifted -11.0 m E, -10.5 m N to the plano 2026 frame"}}, {"type": "Feature", "id": "ParcelasHistoricas.72632", "geometry": {"type": "MultiPolygon", "coordinates": [[[[-70.42871610632614, 18.712919455796566], [-70.42841546670333, 18.713264725940768], [-70.4281979068001, 18.713203986054687], [-70.4281560668723, 18.713286826073695], [-70.42781331692105, 18.713008336258785], [-70.4278009768543, 18.712877526269164], [-70.42761109689198, 18.712742056371116], [-70.42748674678738, 18.71242546644489], [-70.42741984670606, 18.71221094648595], [-70.42720445665216, 18.711886946606832], [-70.42706868666696, 18.711768666680396], [-70.42682852674396, 18.711649076807756], [-70.42684189665036, 18.711498296805505], [-70.42690059652449, 18.71133882678017], [-70.42687036646252, 18.711197416800093], [-70.42677511629199, 18.710795506861494], [-70.427153476143, 18.71093506666235], [-70.42728793624254, 18.711253526583317], [-70.42745915627282, 18.711488946487897], [-70.427684046354, 18.711871196360324], [-70.42799596640883, 18.71229951618652], [-70.42873075630756, 18.712902275789556], [-70.42871610632614, 18.712919455796566]]]]}, "geometry_name": "the_geom", "properties": {"AREA": 16537.227, "PARCELA": "3641", "PROVINCIA": "Peravia", "MUNICIPIO": "San Jos\u00e9 de Ocoa", "DC": "2", "area_calc_m2": 16537, "touches_family_land": false, "owner": null, "owner_source": null, "family": false, "shift_note": "RI historic layer shifted -11.0 m E, -10.5 m N to the plano 2026 frame"}}, {"type": "Feature", "id": "ParcelasHistoricas.72636", "geometry": {"type": "MultiPolygon", "coordinates": [[[[-70.42900696679345, 18.714052595611886], [-70.42841799708171, 18.713934505918864], [-70.42801583717923, 18.713678796133852], [-70.42813065700761, 18.713498346080268], [-70.4281560668723, 18.713286826073695], [-70.4281979068001, 18.713203986054687], [-70.42841546670333, 18.713264725940768], [-70.42873075630756, 18.712902275789556], [-70.42902107622452, 18.713064625635035], [-70.42873723663055, 18.71347860576847], [-70.42900696679345, 18.714052595611886]]]]}, "geometry_name": "the_geom", "properties": {"AREA": 7234.476, "PARCELA": "3614", "PROVINCIA": "Peravia", "MUNICIPIO": "San Jos\u00e9 de Ocoa", "DC": "2", "area_calc_m2": 7234, "touches_family_land": false, "owner": null, "owner_source": null, "family": false, "shift_note": "RI historic layer shifted -11.0 m E, -10.5 m N to the plano 2026 frame"}}, {"type": "Feature", "id": "ParcelasHistoricas.72612", "geometry": {"type": "MultiPolygon", "coordinates": [[[[-70.42771845887218, 18.716346736204976], [-70.4273351589823, 18.716133306408977], [-70.42695236908871, 18.71591390661291], [-70.426924408958, 18.715653826635315], [-70.42676827877611, 18.715167216730684], [-70.42733459803992, 18.71447166646035], [-70.42776093770873, 18.714341196244767], [-70.42833593745435, 18.714504155943594], [-70.42809417791511, 18.715059296051038], [-70.42784504848179, 18.71579322615678], [-70.42771845887218, 18.716346736204976]]]]}, "geometry_name": "the_geom", "properties": {"AREA": 21350.489, "PARCELA": "3595", "PROVINCIA": "Peravia", "MUNICIPIO": "San Jos\u00e9 de Ocoa", "DC": "2", "area_calc_m2": 21351, "touches_family_land": false, "owner": null, "owner_source": null, "family": false, "shift_note": "RI historic layer shifted -11.0 m E, -10.5 m N to the plano 2026 frame"}}, {"type": "Feature", "id": "ParcelasHistoricas.104269", "geometry": {"type": "MultiPolygon", "coordinates": [[[[-70.4284752589147, 18.717226345788063], [-70.4284496689243, 18.717216055801572], [-70.42797018901135, 18.716859646059525], [-70.42768906900695, 18.716553036213767], [-70.42773456894083, 18.716484886192422], [-70.4278968786476, 18.716140616119397], [-70.42794842849761, 18.715931076099295], [-70.42801932822185, 18.7155204160754], [-70.42842027805744, 18.71565690586468], [-70.42882718789106, 18.715796295650804], [-70.42928187771896, 18.715976425411057], [-70.42931138770842, 18.71598924539546], [-70.42847537891473, 18.717226495787997], [-70.4284752589147, 18.717226345788063]]]]}, "geometry_name": "the_geom", "properties": {"AREA": 17592.995, "PARCELA": "006-6383", "PROVINCIA": "San Jos? de Oc?a", "MUNICIPIO": "San Jos? de Oc?a", "DC": "2", "area_calc_m2": 17593, "touches_family_land": false, "owner": null, "owner_source": null, "family": false, "shift_note": "RI historic layer shifted -11.0 m E, -10.5 m N to the plano 2026 frame"}}, {"type": "Feature", "id": "ParcelasHistoricas.325532", "geometry": {"type": "MultiPolygon", "coordinates": [[[[-70.41061884948701, 18.699265145534735], [-70.41157039860576, 18.698721685061038], [-70.41180845841896, 18.69864510494073], [-70.4119757285363, 18.699029544842926], [-70.41204612865872, 18.699320074797853], [-70.41208557891089, 18.699806534762782], [-70.41221556893376, 18.69998485469042], [-70.41250099898619, 18.700380314531397], [-70.4126703489089, 18.70042385444284], [-70.41264739878144, 18.70017480446222], [-70.41264857855718, 18.699780674473573], [-70.41318534814658, 18.699626694201758], [-70.41330806800494, 18.699507264142174], [-70.4135157475717, 18.698963914051696], [-70.41509232642414, 18.698614653250342], [-70.41515112608278, 18.698075163236467], [-70.41646096442962, 18.696550822608362], [-70.41543406463602, 18.695824163159223], [-70.41560145432229, 18.69544859308446], [-70.41566609423913, 18.695370593053553], [-70.41582640397979, 18.695083422979746], [-70.41592891381639, 18.694904102932426], [-70.4159774538382, 18.694994102904698], [-70.41712090328993, 18.695241582308462], [-70.41749948325463, 18.695581512103196], [-70.41780660327575, 18.695945021933998], [-70.41797839333098, 18.69622494183703], [-70.41802614337878, 18.696359971808327], [-70.41807991367813, 18.6969451317628], [-70.4181743336452, 18.696987341712898], [-70.41827599368379, 18.6971633916552], [-70.41864130353557, 18.697290071463254], [-70.41874606357021, 18.69746248140406], [-70.41879915360792, 18.69758539137297], [-70.41893422352493, 18.697582531303528], [-70.4189667835411, 18.697645611284834], [-70.41909797347301, 18.697664921216703], [-70.41930218341751, 18.697783991107926], [-70.41933466344416, 18.697865511088718], [-70.41948125336147, 18.697875391012946], [-70.41976342313859, 18.697782080870525], [-70.41990971313173, 18.697925410790837], [-70.42010221302486, 18.697941450691246], [-70.42033284290098, 18.69796796057169], [-70.42058692280307, 18.698065260437925], [-70.42064534280782, 18.69813574040569], [-70.42089987268076, 18.698182060273243], [-70.42140098211358, 18.69771406002959], [-70.42194334162872, 18.69743511975893], [-70.42208601159868, 18.697533759682468], [-70.4230640209553, 18.697438169181982], [-70.4232246211319, 18.697920449084545], [-70.42364116105878, 18.698234238860525], [-70.42458165089367, 18.698942718354704], [-70.4255221407285, 18.699651187848882], [-70.42645121037742, 18.70001959735937], [-70.42675241023105, 18.700081607202435], [-70.4269343802112, 18.70024009710391], [-70.42657408054448, 18.700444967283058], [-70.42702027052695, 18.700888497039767], [-70.42744519059153, 18.70145425680366], [-70.42733383098606, 18.702031896843224], [-70.42735159108445, 18.70222432682816], [-70.42750538124209, 18.702665976735418], [-70.42729222139778, 18.702713956843667], [-70.42696615153976, 18.702617717014462], [-70.42687396154375, 18.702526717064718], [-70.42681372140376, 18.70221572710529], [-70.42625296168993, 18.702124297396754], [-70.42602127177072, 18.702020517519212], [-70.42590480177181, 18.7018985675829], [-70.42591321148566, 18.701402767593812], [-70.42547509164858, 18.701224327824807], [-70.42473588231397, 18.701612228193433], [-70.42446621236765, 18.701420258338135], [-70.42381321284961, 18.701576258669526], [-70.42350936310952, 18.701711728821802], [-70.42267062369994, 18.70186163924903], [-70.42266570388333, 18.70217982924182], [-70.4227966040838, 18.70267252915934], [-70.42283140437118, 18.703216359124767], [-70.42277856447649, 18.703345879148014], [-70.42261973478415, 18.70371965921835], [-70.42246124507986, 18.704072719289154], [-70.42233428532695, 18.704373489345326], [-70.42227419543282, 18.704496329372503], [-70.4222181656173, 18.70476207939323], [-70.42226405567314, 18.704909329365083], [-70.42224054593295, 18.70534244936394], [-70.42194325604473, 18.705223599520675], [-70.42180928643675, 18.705772489572873], [-70.42164822644878, 18.70562249966041], [-70.42042518729556, 18.705815910284382], [-70.42023430736509, 18.705735710385138], [-70.41975119800495, 18.706350460615198], [-70.41929519832792, 18.706435360847486], [-70.4192116581954, 18.706112990900355], [-70.41889638833818, 18.70602980106528], [-70.41909964806747, 18.705768470968554], [-70.41899199800115, 18.705537211031064], [-70.41845263809167, 18.70512381132148], [-70.41844287801057, 18.70497049133119], [-70.41825408802343, 18.704792601433855], [-70.41783362809731, 18.704476231660063], [-70.417483298202, 18.704288671846225], [-70.41728008825848, 18.704172351954437], [-70.41723369821374, 18.704044231982234], [-70.41726585797157, 18.703651471977633], [-70.4174668576049, 18.7032184918873], [-70.41777072731479, 18.703029811736545], [-70.4181653969731, 18.702846611538863], [-70.41869364629393, 18.702210251286218], [-70.41891085590544, 18.701755971188216], [-70.41900592574972, 18.701582391144562], [-70.41916317536892, 18.701077951078975], [-70.4188405455698, 18.70108943124476], [-70.41817928546668, 18.700205081612243], [-70.41815568551986, 18.700273781622297], [-70.41804178570783, 18.700484261674536], [-70.41751425623039, 18.700845331935195], [-70.41743233652429, 18.701276541964244], [-70.4173599766218, 18.70137163199861], [-70.41685029721847, 18.70188232224555], [-70.4167637372797, 18.701898342289642], [-70.41653593751676, 18.702074362401618], [-70.41634958780756, 18.70238914248801], [-70.41613710798796, 18.702481502594647], [-70.4162000580307, 18.702623702557887], [-70.41597902830276, 18.702868602664285], [-70.41595351837545, 18.70296963267435], [-70.41613713863087, 18.70361495256014], [-70.4163228985744, 18.703712722461475], [-70.41622703865917, 18.7037603125094], [-70.41626840870566, 18.70388620248426], [-70.41636290881561, 18.704180382426635], [-70.41636846888191, 18.704303152420028], [-70.41630748905834, 18.704549382443947], [-70.41630985920236, 18.70480580243492], [-70.41596684944223, 18.704864342609845], [-70.41588433921358, 18.704373652667268], [-70.41509479950751, 18.704053323083734], [-70.41471661985787, 18.704269323271987], [-70.41464227018173, 18.704761193295344], [-70.41431957053187, 18.70503569345325], [-70.41409041050332, 18.704742053580237], [-70.41377825055561, 18.704502773748327], [-70.41315719065913, 18.70402586408277], [-70.41296815058466, 18.70369390419023], [-70.41242762057469, 18.703102474486652], [-70.412715180321, 18.702960624342804], [-70.41291963011784, 18.702819574241754], [-70.41286097010686, 18.70273794427445], [-70.41271654998634, 18.70237219435995], [-70.41260002992178, 18.70213465442718], [-70.412423579926, 18.701954784523537], [-70.41217624011067, 18.702017734649047], [-70.41173255048814, 18.70221207487174], [-70.41153278045122, 18.70193494498305], [-70.41136361038619, 18.70164073507912], [-70.41123648037778, 18.701490955149158], [-70.41128873011222, 18.701078315134733], [-70.41127418994687, 18.70077142515152], [-70.41121818972928, 18.700328455193784], [-70.41109076966927, 18.70008741526673], [-70.41096282954717, 18.69973635534327], [-70.41059971952185, 18.699306295543348], [-70.41061884948701, 18.699265145534735]]]]}, "geometry_name": "the_geom", "properties": {"AREA": 981795.258, "PARCELA": "38-REF", "PROVINCIA": "Peravia", "MUNICIPIO": "San Jos\u00e9 de Ocoa", "DC": "2", "area_calc_m2": 981795, "touches_family_land": false, "owner": null, "owner_source": null, "family": false, "shift_note": "RI historic layer shifted -11.0 m E, -10.5 m N to the plano 2026 frame"}}, {"type": "Feature", "id": "ParcelasHistoricas.72630", "geometry": {"type": "MultiPolygon", "coordinates": [[[[-70.42761109689198, 18.712742056371116], [-70.42688917719146, 18.71250247675029], [-70.42647321734776, 18.712335796969658], [-70.42628795746027, 18.712337207065026], [-70.42638612721173, 18.712003427024715], [-70.42655869718313, 18.712136446931744], [-70.42657664725365, 18.712279876918103], [-70.42682520714416, 18.712351066787896], [-70.42702746702928, 18.712363616683348], [-70.42748674678738, 18.71242546644489], [-70.42761109689198, 18.712742056371116]]]]}, "geometry_name": "the_geom", "properties": {"AREA": 2905.077, "PARCELA": "3640", "PROVINCIA": "Peravia", "MUNICIPIO": "San Jos\u00e9 de Ocoa", "DC": "2", "area_calc_m2": 2905, "touches_family_land": false, "owner": null, "owner_source": null, "family": false, "shift_note": "RI historic layer shifted -11.0 m E, -10.5 m N to the plano 2026 frame"}}, {"type": "Feature", "id": "ParcelasHistoricas.72627", "geometry": {"type": "MultiPolygon", "coordinates": [[[[-70.42813065700761, 18.713498346080268], [-70.42801583717923, 18.713678796133852], [-70.42776138770786, 18.71434013624457], [-70.42733459803992, 18.71447166646035], [-70.42708051803345, 18.714190146599876], [-70.42654170834356, 18.714163966878218], [-70.42560254881704, 18.714000157367018], [-70.42581865853455, 18.71373197726393], [-70.42603565838516, 18.713699327153154], [-70.42614030811447, 18.713333427110488], [-70.42635793806656, 18.713480316993884], [-70.42666232779331, 18.71332226684195], [-70.4269176475492, 18.71316339671532], [-70.4270094974272, 18.713045986671627], [-70.42742260739118, 18.7134216964473], [-70.42764221713858, 18.713209906340698], [-70.42789439710047, 18.71341085620464], [-70.42813065700761, 18.713498346080268]]]]}, "geometry_name": "the_geom", "properties": {"AREA": 21973.031, "PARCELA": "3610", "PROVINCIA": "Peravia", "MUNICIPIO": "San Jos\u00e9 de Ocoa", "DC": "2", "area_calc_m2": 21973, "touches_family_land": false, "owner": null, "owner_source": null, "family": false, "shift_note": "RI historic layer shifted -11.0 m E, -10.5 m N to the plano 2026 frame"}}, {"type": "Feature", "id": "ParcelasHistoricas.72617", "geometry": {"type": "MultiPolygon", "coordinates": [[[[-70.42733459803992, 18.71447166646035], [-70.42676827877611, 18.715167216730684], [-70.42577807910475, 18.714693847255305], [-70.4254122991614, 18.714404857452607], [-70.42513128920488, 18.714182837604177], [-70.4253602588887, 18.713868917495855], [-70.42560254881704, 18.714000157367018], [-70.42654170834356, 18.714163966878218], [-70.42708051803345, 18.714190146599876], [-70.42733459803992, 18.71447166646035]]]]}, "geometry_name": "the_geom", "properties": {"AREA": 16601.491, "PARCELA": "3597", "PROVINCIA": "Peravia", "MUNICIPIO": "San Jos\u00e9 de Ocoa", "DC": "2", "area_calc_m2": 16601, "touches_family_land": false, "owner": null, "owner_source": null, "family": false, "shift_note": "RI historic layer shifted -11.0 m E, -10.5 m N to the plano 2026 frame"}}, {"type": "Feature", "id": "ParcelasHistoricas.72611", "geometry": {"type": "MultiPolygon", "coordinates": [[[[-70.42771853887206, 18.716346606204937], [-70.42727795946051, 18.71691532641441], [-70.4265233497724, 18.71666275681092], [-70.4262611198515, 18.71652340695029], [-70.42624343980249, 18.71641824696263], [-70.42600263984863, 18.716243587092045], [-70.42644961939877, 18.71592590687153], [-70.42656292929871, 18.71587001681488], [-70.42679818918897, 18.715926696691945], [-70.42695178909253, 18.715920016613033], [-70.42771853887206, 18.716346606204937]]]]}, "geometry_name": "the_geom", "properties": {"AREA": 11952.633, "PARCELA": "3579", "PROVINCIA": "Peravia", "MUNICIPIO": "San Jos\u00e9 de Ocoa", "DC": "2", "area_calc_m2": 11953, "touches_family_land": false, "owner": null, "owner_source": null, "family": false, "shift_note": "RI historic layer shifted -11.0 m E, -10.5 m N to the plano 2026 frame"}}, {"type": "Feature", "id": "ParcelasHistoricas.220655", "geometry": {"type": "MultiPolygon", "coordinates": [[[[-70.42187211355889, 18.718391459154542], [-70.42230625296021, 18.71779798894897], [-70.42246908258593, 18.717311638879938], [-70.42244612253953, 18.71720543889502], [-70.42300625176901, 18.71644303862973], [-70.42322923165915, 18.7164864285135], [-70.42336331160396, 18.71653165844303], [-70.42353546154315, 18.71660747835201], [-70.42402197133613, 18.716759688096673], [-70.42442866117254, 18.716903617882718], [-70.42464816108854, 18.716988937767013], [-70.42488286099902, 18.717080617643273], [-70.4253929307502, 18.717184307377295], [-70.42557045065978, 18.717213647284936], [-70.42592607048384, 18.717281617099623], [-70.4260336804426, 18.717323307042907], [-70.42665592015871, 18.717484496717383], [-70.4270264300069, 18.717610846522614], [-70.42748977998794, 18.718070026269785], [-70.4268818708067, 18.71886654655851], [-70.425799882264, 18.72028418707248], [-70.42468569282438, 18.72008725765267], [-70.42437871297672, 18.720029377812633], [-70.42416132306352, 18.71995127792706], [-70.4232170435198, 18.719751648419802], [-70.42245081386423, 18.719544228821032], [-70.42241627358302, 18.719012158855126], [-70.42187211355889, 18.718391459154542]]], [[[-70.42187211355889, 18.718391459154542], [-70.42185890357712, 18.718409529160798], [-70.42185697355822, 18.718374189162876], [-70.42187211355889, 18.718391459154542]]]]}, "geometry_name": "the_geom", "properties": {"AREA": 157567.45, "PARCELA": "89", "PROVINCIA": "Peravia", "MUNICIPIO": "San Jos\u00e9 de Ocoa", "DC": "2", "area_calc_m2": 157573, "touches_family_land": false, "owner": null, "owner_source": null, "family": false, "shift_note": "RI historic layer shifted -11.0 m E, -10.5 m N to the plano 2026 frame"}}, {"type": "Feature", "id": "ParcelasHistoricas.72626", "geometry": {"type": "MultiPolygon", "coordinates": [[[[-70.42614030811447, 18.713333427110488], [-70.42603565838516, 18.713699327153154], [-70.42581865853455, 18.71373197726393], [-70.42543834866487, 18.713557397465188], [-70.42513397904824, 18.713909617611165], [-70.42475108953451, 18.714359677794604], [-70.42433813963206, 18.71409268801553], [-70.42369500978602, 18.71368052835948], [-70.42436764902887, 18.713060928031958], [-70.423484609361, 18.712707828497663], [-70.42372855902988, 18.71238348838193], [-70.42389475866743, 18.711921258310483], [-70.42502690776037, 18.711525697739454], [-70.42545721759409, 18.711689977512773], [-70.42603293739089, 18.711943797208463], [-70.42623776729856, 18.711998777101275], [-70.42638612721173, 18.712003427024715], [-70.42628795746027, 18.712337207065026], [-70.42592056784056, 18.712617017245666], [-70.42614030811447, 18.713333427110488]]]]}, "geometry_name": "the_geom", "properties": {"AREA": 57252.213, "PARCELA": "3609", "PROVINCIA": "Peravia", "MUNICIPIO": "San Jos\u00e9 de Ocoa", "DC": "2", "area_calc_m2": 57252, "touches_family_land": false, "owner": null, "owner_source": null, "family": false, "shift_note": "RI historic layer shifted -11.0 m E, -10.5 m N to the plano 2026 frame"}}, {"type": "Feature", "id": "ParcelasHistoricas.72614", "geometry": {"type": "MultiPolygon", "coordinates": [[[[-70.42600263984863, 18.716243587092045], [-70.4257945897638, 18.7158729172106], [-70.4256617798068, 18.715807557281032], [-70.42566711969184, 18.715610627284327], [-70.4261580493308, 18.71549615703493], [-70.42644961939877, 18.71592590687153], [-70.42622306962683, 18.71608701698329], [-70.42600263984863, 18.716243587092045]]]]}, "geometry_name": "the_geom", "properties": {"AREA": 3896.696, "PARCELA": "3593", "PROVINCIA": "Peravia", "MUNICIPIO": "San Jos\u00e9 de Ocoa", "DC": "2", "area_calc_m2": 3897, "touches_family_land": false, "owner": null, "owner_source": null, "family": false, "shift_note": "RI historic layer shifted -11.0 m E, -10.5 m N to the plano 2026 frame"}}, {"type": "Feature", "id": "ParcelasHistoricas.72610", "geometry": {"type": "MultiPolygon", "coordinates": [[[[-70.4262611198515, 18.71652340695029], [-70.42613663009881, 18.71682692700511], [-70.42588431025614, 18.71683597713482], [-70.42566791037784, 18.716820397246785], [-70.42497284061827, 18.71650529761456], [-70.42508073019086, 18.71586676757856], [-70.42523979991068, 18.71554208750657], [-70.42566711969184, 18.715610627284327], [-70.4256617798068, 18.715807557281032], [-70.4257945897638, 18.7158729172106], [-70.42595364982776, 18.71615473712001], [-70.42600263984863, 18.716243587092045], [-70.42624343980249, 18.71641824696263], [-70.4262611198515, 18.71652340695029]]]]}, "geometry_name": "the_geom", "properties": {"AREA": 12388.77, "PARCELA": "3580", "PROVINCIA": "Peravia", "MUNICIPIO": "San Jos\u00e9 de Ocoa", "DC": "2", "area_calc_m2": 12389, "touches_family_land": false, "owner": null, "owner_source": null, "family": false, "shift_note": "RI historic layer shifted -11.0 m E, -10.5 m N to the plano 2026 frame"}}, {"type": "Feature", "id": "ParcelasHistoricas.206062", "geometry": {"type": "MultiPolygon", "coordinates": [[[[-70.42350936601464, 18.67152858974697], [-70.4242957457336, 18.671868109332387], [-70.42489968577478, 18.67258316900004], [-70.4252782957027, 18.672858428797003], [-70.42550588554707, 18.672825408681053], [-70.42551313575285, 18.673196828665912], [-70.42531800586116, 18.673180738766696], [-70.42480851627943, 18.673378139022496], [-70.42430722641286, 18.673080839289273], [-70.42278485815208, 18.67453551002722], [-70.42227228857733, 18.674741950284403], [-70.42172145877092, 18.674498380575034], [-70.42159414871591, 18.674265840647607], [-70.4217106085357, 18.674071240593683], [-70.42204023814647, 18.67373391043456], [-70.42215327798692, 18.6735721703814], [-70.42231171780087, 18.673411870304864], [-70.42279656703218, 18.672568980081454], [-70.42350936601464, 18.67152858974697]]]]}, "geometry_name": "the_geom", "properties": {"AREA": 60275.767, "PARCELA": "433", "PROVINCIA": "Trujillo Valdez", "MUNICIPIO": "San Jos\u00e9 de Ocoa", "DC": "2", "area_calc_m2": 60276, "touches_family_land": false, "owner": null, "owner_source": null, "family": false, "shift_note": "RI historic layer shifted -11.0 m E, -10.5 m N to the plano 2026 frame"}}, {"type": "Feature", "id": "ParcelasHistoricas.72615", "geometry": {"type": "MultiPolygon", "coordinates": [[[[-70.42566711969184, 18.715610627284327], [-70.42523979991068, 18.71554208750657], [-70.42508073019086, 18.71586676757856], [-70.42497284061827, 18.71650529761456], [-70.42566791037784, 18.716820397246785], [-70.42588431025614, 18.71683597713482], [-70.42613663009881, 18.71682692700511], [-70.42624842020719, 18.717136756937997], [-70.42615914037263, 18.71733340697796], [-70.42592607048384, 18.717281617099623], [-70.42557045065978, 18.717213647284936], [-70.4253929307502, 18.717184307377295], [-70.42488287099903, 18.717080627643274], [-70.42464816108854, 18.716988937767013], [-70.42442866117254, 18.716903617882718], [-70.42445693112738, 18.71685410786967], [-70.42369540141628, 18.716553868271248], [-70.42359359145492, 18.71651372832493], [-70.42300624176902, 18.716443038629734], [-70.42350852093709, 18.71551086839948], [-70.42366286068147, 18.71522442832874], [-70.42431979017795, 18.71503525799609], [-70.42485973963868, 18.714658727729464], [-70.42516321950396, 18.714743887570513], [-70.42512587963346, 18.71493242758396], [-70.4252526596229, 18.71504856751509], [-70.42549585963276, 18.71532444738133], [-70.42566711969184, 18.715610627284327]]]]}, "geometry_name": "the_geom", "properties": {"AREA": 44934.811, "PARCELA": "3581", "PROVINCIA": "Peravia", "MUNICIPIO": "San Jos\u00e9 de Ocoa", "DC": "2", "area_calc_m2": 44935, "touches_family_land": false, "owner": null, "owner_source": null, "family": false, "shift_note": "RI historic layer shifted -11.0 m E, -10.5 m N to the plano 2026 frame"}}, {"type": "Feature", "id": "ParcelasHistoricas.72625", "geometry": {"type": "MultiPolygon", "coordinates": [[[[-70.42369500978602, 18.71368052835948], [-70.42321719993677, 18.713438428613046], [-70.42331750958479, 18.712924658577105], [-70.423484609361, 18.712707828497663], [-70.42436764902887, 18.713060928031958], [-70.42369500978602, 18.71368052835948]]]]}, "geometry_name": "the_geom", "properties": {"AREA": 7368.055, "PARCELA": "3608", "PROVINCIA": "Peravia", "MUNICIPIO": "San Jos\u00e9 de Ocoa", "DC": "2", "area_calc_m2": 7368, "touches_family_land": false, "owner": null, "owner_source": null, "family": false, "shift_note": "RI historic layer shifted -11.0 m E, -10.5 m N to the plano 2026 frame"}}, {"type": "Feature", "id": "ParcelasHistoricas.206061", "geometry": {"type": "MultiPolygon", "coordinates": [[[[-70.4192781689377, 18.672195891901552], [-70.41932906763755, 18.669952521943895], [-70.41984172725483, 18.66982110168439], [-70.42021100714791, 18.67002467148835], [-70.42036164699522, 18.66991495141427], [-70.42049613689085, 18.66987349134641], [-70.42068968673915, 18.669811151248833], [-70.422609446006, 18.6705564302393], [-70.42335281607923, 18.671476249829038], [-70.42350936601464, 18.67152858974697], [-70.42279656703218, 18.672568980081454], [-70.42231171780087, 18.673411870304864], [-70.42215327798692, 18.6735721703814], [-70.42204058814777, 18.673736580434298], [-70.42185266818721, 18.673606480534886], [-70.42106476816345, 18.672726890966842], [-70.42095713805082, 18.672413451031762], [-70.42051268830124, 18.672383491261158], [-70.42011233844256, 18.672207621472342], [-70.4192781689377, 18.672195891901552]]]]}, "geometry_name": "the_geom", "properties": {"AREA": 115532.311, "PARCELA": "412", "PROVINCIA": "Trujillo Valdez", "MUNICIPIO": "San Jos\u00e9 de Ocoa", "DC": "2", "area_calc_m2": 115532, "touches_family_land": false, "owner": null, "owner_source": null, "family": false, "shift_note": "RI historic layer shifted -11.0 m E, -10.5 m N to the plano 2026 frame"}}, {"type": "Feature", "id": "ParcelasHistoricas.57458", "geometry": {"type": "MultiPolygon", "coordinates": [[[[-70.42201251111508, 18.678949100289145], [-70.42184447106926, 18.678689550383503], [-70.4214449210882, 18.678298240600935], [-70.42098646154254, 18.678613460827044], [-70.4210295608546, 18.677444080840647], [-70.4208062409169, 18.677316730959376], [-70.42048237102097, 18.67715631113082], [-70.4199714313333, 18.67716494139329], [-70.4210019302347, 18.67631960088925], [-70.42184497999328, 18.67678933044141], [-70.4220977099671, 18.677011770304652], [-70.42221317992306, 18.677056690243898], [-70.42235295983284, 18.67704592017236], [-70.42229034997213, 18.677225420199058], [-70.42235673998843, 18.677324830161872], [-70.42236534007277, 18.677482970152607], [-70.42251878011423, 18.677719330066488], [-70.42252529027893, 18.67801721005401], [-70.42201251111508, 18.678949100289145]]]]}, "geometry_name": "the_geom", "properties": {"AREA": 35885.246, "PARCELA": "3228", "PROVINCIA": "Peravia", "MUNICIPIO": "San Jos\u00e9 de Ocoa", "DC": "2", "area_calc_m2": 35885, "touches_family_land": false, "owner": null, "owner_source": null, "family": false, "shift_note": "RI historic layer shifted -11.0 m E, -10.5 m N to the plano 2026 frame"}}, {"type": "Feature", "id": "ParcelasHistoricas.72618", "geometry": {"type": "MultiPolygon", "coordinates": [[[[-70.42356276925354, 18.712601498460657], [-70.423484609361, 18.712707828497663], [-70.42331750958479, 18.712924658577105], [-70.42291824972189, 18.712742018788383], [-70.42254263000171, 18.712836008979014], [-70.42233978008286, 18.712763479085734], [-70.42248073975796, 18.712340649026057], [-70.42273962963844, 18.71240509889072], [-70.42298319951627, 18.712448628763912], [-70.42356276925354, 18.712601498460657]]]]}, "geometry_name": "the_geom", "properties": {"AREA": 4624.797, "PARCELA": "3616", "PROVINCIA": "Peravia", "MUNICIPIO": "San Jos\u00e9 de Ocoa", "DC": "2", "area_calc_m2": 4625, "touches_family_land": false, "owner": null, "owner_source": null, "family": false, "shift_note": "RI historic layer shifted -11.0 m E, -10.5 m N to the plano 2026 frame"}}, {"type": "Feature", "id": "ParcelasHistoricas.72620", "geometry": {"type": "MultiPolygon", "coordinates": [[[[-70.42298231029518, 18.713820448722362], [-70.42270507052781, 18.713935798861666], [-70.42231385079504, 18.713991009061537], [-70.42220940069956, 18.7137117491239], [-70.42218117055859, 18.71343335914695], [-70.42216122043344, 18.71319156916463], [-70.42254761019879, 18.713188638965654], [-70.42284219013698, 18.71339275880765], [-70.42277654033525, 18.713672418832903], [-70.42298231029518, 18.713820448722362]]]]}, "geometry_name": "the_geom", "properties": {"AREA": 5298.389, "PARCELA": "3600", "PROVINCIA": "Peravia", "MUNICIPIO": "San Jos\u00e9 de Ocoa", "DC": "2", "area_calc_m2": 5298, "touches_family_land": false, "owner": null, "owner_source": null, "family": false, "shift_note": "RI historic layer shifted -11.0 m E, -10.5 m N to the plano 2026 frame"}}, {"type": "Feature", "id": "ParcelasHistoricas.57460", "geometry": {"type": "MultiPolygon", "coordinates": [[[[-70.42235295983284, 18.67704592017236], [-70.42221317992306, 18.677056690243898], [-70.4220977099671, 18.677011770304652], [-70.42184497999328, 18.67678933044141], [-70.4210019302347, 18.67631960088925], [-70.4209559802283, 18.676259460914714], [-70.42035486041328, 18.675947281233345], [-70.41982682048635, 18.67551511151806], [-70.41934890075379, 18.67547958176489], [-70.41920512080894, 18.675424211840514], [-70.41932885070796, 18.67537733177833], [-70.41938889054714, 18.67515702175418], [-70.41999220991771, 18.67468630145835], [-70.42074291947246, 18.674697661072027], [-70.42113336968622, 18.675490330847037], [-70.42139438959853, 18.675612910709084], [-70.421626829735, 18.676101130574636], [-70.42187343977083, 18.676426620437873], [-70.42203824982101, 18.67669046034506], [-70.42235295983284, 18.67704592017236]]]]}, "geometry_name": "the_geom", "properties": {"AREA": 28020.326, "PARCELA": "3250", "PROVINCIA": "Peravia", "MUNICIPIO": "San Jos\u00e9 de Ocoa", "DC": "2", "area_calc_m2": 28020, "touches_family_land": false, "owner": null, "owner_source": null, "family": false, "shift_note": "RI historic layer shifted -11.0 m E, -10.5 m N to the plano 2026 frame"}}, {"type": "Feature", "id": "ParcelasHistoricas.51171", "geometry": {"type": "MultiPolygon", "coordinates": [[[[-70.42165732129077, 18.714166969394416], [-70.42231385079504, 18.713991009061537], [-70.42270507052781, 18.713935798861666], [-70.42298231029518, 18.713820448722362], [-70.42309354039, 18.714105748656323], [-70.42297822052564, 18.71422221871217], [-70.42280134057492, 18.71412112880639], [-70.42252383081676, 18.714252398945348], [-70.42236329119424, 18.714747029012937], [-70.42233313142009, 18.71511295901727], [-70.42212261161946, 18.71524055912184], [-70.42181936177212, 18.715187369279715], [-70.42193276144218, 18.714726459235386], [-70.42175266154914, 18.71472355932827], [-70.42133488171557, 18.714572929548144], [-70.42091894200644, 18.7146435697603], [-70.420868211999, 18.714576519788494], [-70.42064746216839, 18.71464050990028], [-70.42028733244716, 18.71474909008253], [-70.42035561219306, 18.71437392005882], [-70.42120131152967, 18.71410345963131], [-70.42115772138365, 18.713799849663058], [-70.42112738123232, 18.713500939687822], [-70.42137203106523, 18.71346641956282], [-70.42145650114861, 18.713703099512067], [-70.42156846123063, 18.71396659944632], [-70.42165732129077, 18.714166969394416]]]]}, "geometry_name": "the_geom", "properties": {"AREA": 19935, "PARCELA": "3592", "PROVINCIA": "Peravia", "MUNICIPIO": "San Jos\u00e9 de Ocoa", "DC": "2", "area_calc_m2": 19935, "touches_family_land": false, "owner": null, "owner_source": null, "family": false, "shift_note": "RI historic layer shifted -11.0 m E, -10.5 m N to the plano 2026 frame"}}, {"type": "Feature", "id": "ParcelasHistoricas.72619", "geometry": {"type": "MultiPolygon", "coordinates": [[[[-70.42231385079504, 18.713991009061537], [-70.42165732129077, 18.714166969394416], [-70.42156846123063, 18.71396659944632], [-70.42145650114861, 18.713703099512067], [-70.42137203106523, 18.71346641956282], [-70.42158835092175, 18.713443419452076], [-70.42170755086518, 18.713470369389842], [-70.42192101061761, 18.713260889286268], [-70.42216122043344, 18.71319156916463], [-70.42218117055859, 18.71343335914695], [-70.42220940069956, 18.7137117491239], [-70.42231385079504, 18.713991009061537]]]]}, "geometry_name": "the_geom", "properties": {"AREA": 6413.084, "PARCELA": "3601", "PROVINCIA": "Peravia", "MUNICIPIO": "San Jos\u00e9 de Ocoa", "DC": "2", "area_calc_m2": 6413, "touches_family_land": false, "owner": null, "owner_source": null, "family": false, "shift_note": "RI historic layer shifted -11.0 m E, -10.5 m N to the plano 2026 frame"}}, {"type": "Feature", "id": "ParcelasHistoricas.51174", "geometry": {"type": "MultiPolygon", "coordinates": [[[[-70.42065033240719, 18.715064309885857], [-70.42063593225897, 18.71478784990172], [-70.42064746216839, 18.71464050990028], [-70.420868211999, 18.714576519788494], [-70.42091894200644, 18.7146435697603], [-70.42133488171557, 18.714572929548144], [-70.42175266154914, 18.71472355932827], [-70.42193276144218, 18.714726459235386], [-70.42181936177212, 18.715187369279715], [-70.42105529234246, 18.71538049966752], [-70.42067100252072, 18.715286309868425], [-70.42065116248337, 18.7151993898813], [-70.42053942254701, 18.715192839939075], [-70.42057722245134, 18.715064429923526], [-70.42065033240719, 18.715064309885857]]]]}, "geometry_name": "the_geom", "properties": {"AREA": 9631.5, "PARCELA": "3591", "PROVINCIA": "Peravia", "MUNICIPIO": "San Jos\u00e9 de Ocoa", "DC": "2", "area_calc_m2": 9631, "touches_family_land": false, "owner": null, "owner_source": null, "family": false, "shift_note": "RI historic layer shifted -11.0 m E, -10.5 m N to the plano 2026 frame"}}, {"type": "Feature", "id": "ParcelasHistoricas.51179", "geometry": {"type": "MultiPolygon", "coordinates": [[[[-70.42044831287768, 18.7156786499712], [-70.42087330267013, 18.71576448974957], [-70.4210073524299, 18.715483619689074], [-70.42105529234246, 18.71538049966752], [-70.42157607220368, 18.715689259389734], [-70.42180219209142, 18.71573171927191], [-70.42181012226494, 18.71604587925822], [-70.42148931243689, 18.716007979424695], [-70.4214146926163, 18.716244789455907], [-70.42160059249933, 18.71623624936037], [-70.42161530256666, 18.71637050934869], [-70.421532622797, 18.716688479381567], [-70.42067672329017, 18.716648019823882], [-70.42044831287768, 18.7156786499712]]]]}, "geometry_name": "the_geom", "properties": {"AREA": 13147, "PARCELA": "3582", "PROVINCIA": "Peravia", "MUNICIPIO": "San Jos\u00e9 de Ocoa", "DC": "2", "area_calc_m2": 13147, "touches_family_land": false, "owner": null, "owner_source": null, "family": false, "shift_note": "RI historic layer shifted -11.0 m E, -10.5 m N to the plano 2026 frame"}}, {"type": "Feature", "id": "ParcelasHistoricas.197546", "geometry": {"type": "MultiPolygon", "coordinates": [[[[-70.42107641448042, 18.719169459540847], [-70.42153678387858, 18.718598349321038], [-70.42185697355822, 18.718374189162876], [-70.42241627358302, 18.719012158855126], [-70.42245081386423, 18.719544228821032], [-70.42240797402272, 18.719777868835966], [-70.42154528478191, 18.720198629267735], [-70.42125668487822, 18.72006165942067], [-70.42105302493344, 18.719942539529278], [-70.4207017550235, 18.719727999716884], [-70.42099804468587, 18.719448079572725], [-70.42108690454224, 18.719289459531776], [-70.42107900447787, 18.719167709539565], [-70.42107641448042, 18.719169459540847]]]]}, "geometry_name": "the_geom", "properties": {"AREA": 21938.323, "PARCELA": "60", "PROVINCIA": "Peravia", "MUNICIPIO": "San Jos\u00e9 de Ocoa", "DC": "2", "area_calc_m2": 21938, "touches_family_land": false, "owner": null, "owner_source": null, "family": false, "shift_note": "RI historic layer shifted -11.0 m E, -10.5 m N to the plano 2026 frame"}}, {"type": "Feature", "id": "ParcelasHistoricas.57469", "geometry": {"type": "MultiPolygon", "coordinates": [[[[-70.41939305169673, 18.67719218168989], [-70.41982682048635, 18.67551511151806], [-70.42035486041328, 18.675947281233345], [-70.41939305169673, 18.67719218168989]]]]}, "geometry_name": "the_geom", "properties": {"AREA": 6263.352, "PARCELA": "3252", "PROVINCIA": "Peravia", "MUNICIPIO": "San Jos\u00e9 de Ocoa", "DC": "2", "area_calc_m2": 6263, "touches_family_land": false, "owner": null, "owner_source": null, "family": false, "shift_note": "RI historic layer shifted -11.0 m E, -10.5 m N to the plano 2026 frame"}}, {"type": "Feature", "id": "ParcelasHistoricas.57470", "geometry": {"type": "MultiPolygon", "coordinates": [[[[-70.4199714313333, 18.67716494139329], [-70.41939305169673, 18.67719218168989], [-70.42035486041328, 18.675947281233345], [-70.4209559802283, 18.676259460914714], [-70.4210019302347, 18.67631960088925], [-70.4199714313333, 18.67716494139329]]]]}, "geometry_name": "the_geom", "properties": {"AREA": 9609.449, "PARCELA": "3251", "PROVINCIA": "Peravia", "MUNICIPIO": "San Jos\u00e9 de Ocoa", "DC": "2", "area_calc_m2": 9609, "touches_family_land": false, "owner": null, "owner_source": null, "family": false, "shift_note": "RI historic layer shifted -11.0 m E, -10.5 m N to the plano 2026 frame"}}, {"type": "Feature", "id": "ParcelasHistoricas.57471", "geometry": {"type": "MultiPolygon", "coordinates": [[[[-70.42098572154435, 18.67861586082735], [-70.42062931161738, 18.678365991018275], [-70.41884846258695, 18.678185741939615], [-70.41871533251484, 18.677916892016288], [-70.4192606318316, 18.677289681755006], [-70.41939305169673, 18.67719218168989], [-70.4199714313333, 18.67716494139329], [-70.42048237102097, 18.67715631113082], [-70.4208062409169, 18.677316730959376], [-70.4210295608546, 18.677444080840647], [-70.42098646154254, 18.678613460827044], [-70.42098572154435, 18.67861586082735]]]]}, "geometry_name": "the_geom", "properties": {"AREA": 26630.927, "PARCELA": "3229", "PROVINCIA": "Peravia", "MUNICIPIO": "San Jos\u00e9 de Ocoa", "DC": "2", "area_calc_m2": 26631, "touches_family_land": false, "owner": null, "owner_source": null, "family": false, "shift_note": "RI historic layer shifted -11.0 m E, -10.5 m N to the plano 2026 frame"}}, {"type": "Feature", "id": "ParcelasHistoricas.57459", "geometry": {"type": "MultiPolygon", "coordinates": [[[[-70.42063410162358, 18.67838203101532], [-70.42049505181396, 18.678570511081062], [-70.41996906269496, 18.679567451321095], [-70.41871262323319, 18.679182721979046], [-70.41829747331359, 18.6788835322017], [-70.41775843359257, 18.678803382481398], [-70.41735789292514, 18.677199072736315], [-70.41760491267576, 18.677021112614707], [-70.41871533251484, 18.677916892016288], [-70.41884846258695, 18.678185741939615], [-70.42062931161738, 18.678365991018275], [-70.42063410162358, 18.67838203101532]]]]}, "geometry_name": "the_geom", "properties": {"AREA": 41440.141, "PARCELA": "3230", "PROVINCIA": "Peravia", "MUNICIPIO": "San Jos\u00e9 de Ocoa", "DC": "2", "area_calc_m2": 41440, "touches_family_land": false, "owner": null, "owner_source": null, "family": false, "shift_note": "RI historic layer shifted -11.0 m E, -10.5 m N to the plano 2026 frame"}}, {"type": "Feature", "id": "ParcelasHistoricas.35108", "geometry": {"type": "MultiPolygon", "coordinates": [[[[-70.41861373127684, 18.710909011062085], [-70.41889821097169, 18.710673460922695], [-70.41895827075642, 18.71035789090137], [-70.4192562402235, 18.709735220766852], [-70.41938017002187, 18.70951152070983], [-70.41942585993523, 18.709407320689483], [-70.41978607978999, 18.70953403050004], [-70.42020567963235, 18.70970193027875], [-70.4204103093066, 18.709345200184234], [-70.42045346921137, 18.709223210165725], [-70.42058256901258, 18.70900996010574], [-70.42076787894023, 18.709079320008158], [-70.42115655878783, 18.70922368980353], [-70.42049851978693, 18.710285560110062], [-70.42014580028827, 18.710794390276238], [-70.41967546043317, 18.710550080526005], [-70.4195439906097, 18.71072149058851], [-70.41940953092043, 18.711126310645433], [-70.4193101511162, 18.71136574068933], [-70.41908957116257, 18.711213150807634], [-70.41861373127684, 18.710909011062085]]]]}, "geometry_name": "the_geom", "properties": {"AREA": 27637, "PARCELA": "336", "PROVINCIA": "Trujillo Valdez", "MUNICIPIO": "San Jos\u00e9 de Ocoa", "DC": "2", "area_calc_m2": 27637, "touches_family_land": false, "owner": null, "owner_source": null, "family": false, "shift_note": "RI historic layer shifted -11.0 m E, -10.5 m N to the plano 2026 frame"}}, {"type": "Feature", "id": "ParcelasHistoricas.49326", "geometry": {"type": "MultiPolygon", "coordinates": [[[[-70.41500941415201, 18.747340051812643], [-70.41547268396664, 18.747505941568377], [-70.41591488369328, 18.747494801340377], [-70.4163522734596, 18.7475483211129], [-70.41685097314777, 18.747529570855967], [-70.41722967290455, 18.74750403066122], [-70.41744001271829, 18.747399870555782], [-70.41763340245349, 18.74713972046385], [-70.41788029210403, 18.746787520347105], [-70.41825871165, 18.746391110163813], [-70.4185417013924, 18.74623866002235], [-70.41945112094784, 18.746422649547267], [-70.41980751085416, 18.746636389356773], [-70.42014732063836, 18.74661780918192], [-70.4200649408614, 18.746922439215144], [-70.42002730102429, 18.747168849227066], [-70.41996420122827, 18.74746044925075], [-70.4202536113404, 18.747964889085942], [-70.42035211132682, 18.74804559903263], [-70.42054757128744, 18.7481838989275], [-70.42075335125867, 18.748351908816147], [-70.42090972130617, 18.74860146872779], [-70.42111828141877, 18.74902087860732], [-70.42125061159274, 18.749467218525382], [-70.42112254182317, 18.749736288583275], [-70.42112166190476, 18.749878778579372], [-70.42102396201157, 18.749962788627254], [-70.42088538210645, 18.749982418698202], [-70.42074392223408, 18.750056528768972], [-70.42054136246196, 18.7502420188679], [-70.42023449271568, 18.750362129022662], [-70.42002522292105, 18.750500929126485], [-70.41982224315247, 18.750692169225463], [-70.41971205344484, 18.751089009270245], [-70.41969404363591, 18.751405709269886], [-70.41973682380144, 18.75174207923754], [-70.41970343394622, 18.751961089248105], [-70.41955004416224, 18.752177829320708], [-70.41953924424583, 18.752313289322146], [-70.41948693445119, 18.75261863933985], [-70.41940872470747, 18.752985989369037], [-70.41935135484877, 18.753173419392954], [-70.41936939492784, 18.75333151937882], [-70.41933294503836, 18.7534870293929], [-70.41934291520487, 18.753790189378506], [-70.41930422535374, 18.754010699391774], [-70.41928813545753, 18.75417602939504], [-70.41924983564037, 18.754456619406266], [-70.41918377579772, 18.754662969434094], [-70.41904720606226, 18.75498281949488], [-70.41898752625391, 18.755256179517378], [-70.41895171649043, 18.75563370952437], [-70.41897210655814, 18.755774339509557], [-70.4190309766304, 18.75596376947337], [-70.41918484661183, 18.75609449938991], [-70.41927483665697, 18.756269339338104], [-70.41937791666817, 18.756398479280925], [-70.41950835666086, 18.75652409920972], [-70.4196104667753, 18.75683356914754], [-70.41958055688836, 18.757000449157896], [-70.41953821706973, 18.75727415917143], [-70.41968710720535, 18.75767044908243], [-70.41981846718477, 18.757773769011433], [-70.42002667716353, 18.75795750889828], [-70.41968012766084, 18.758463219061866], [-70.41894718813523, 18.758518509438805], [-70.41864863828275, 18.758460679594794], [-70.4183403084692, 18.75846095975407], [-70.41771282915987, 18.759008050061585], [-70.41735451961553, 18.759428090233925], [-70.41408533277803, 18.76151259185993], [-70.41263200425946, 18.76257171257899], [-70.41158934509781, 18.762937463106876], [-70.41125031531377, 18.762956963281546], [-70.4111319151935, 18.762620263352936], [-70.4110046449974, 18.76214106343322], [-70.41083340490111, 18.76179041353234], [-70.41064570480253, 18.76141830364061], [-70.41029104493701, 18.761278243828176], [-70.41009779509628, 18.76135290392582], [-70.41004017509451, 18.76128867395754], [-70.40993010518145, 18.761324554013356], [-70.40953715532551, 18.761160794221436], [-70.40957746511178, 18.760828324210642], [-70.40952941504179, 18.76065449424073], [-70.40960998481461, 18.760341134208538], [-70.40967290470294, 18.760211804179924], [-70.40990444450829, 18.760115654063142], [-70.4100228043835, 18.76002212400479], [-70.41009379422664, 18.759821993974143], [-70.41017803375975, 18.75909163395267], [-70.41020140349393, 18.758649723953944], [-70.41016657337354, 18.758401423979453], [-70.41021435328231, 18.758291913958068], [-70.41026714297955, 18.75781631394515], [-70.41040967272984, 18.75752904388018], [-70.4104409525463, 18.75723992387275], [-70.41035458248574, 18.757041963923367], [-70.40995988257461, 18.756779404135287], [-70.40973681250911, 18.756427834261192], [-70.4095895025134, 18.756279174341806], [-70.40930674265623, 18.756230084489424], [-70.40909677273564, 18.756146894600448], [-70.40886411274025, 18.755908244727898], [-70.40870133273792, 18.755731534817357], [-70.40857856275215, 18.75562634488397], [-70.40834994282315, 18.755508605005684], [-70.40836185278725, 18.755458195001047], [-70.40843951265691, 18.755311664965333], [-70.4084578425193, 18.755089444962564], [-70.40848736232984, 18.75478805495641], [-70.40851594217696, 18.754549894948823], [-70.40852896194342, 18.754153604954052], [-70.40858385165956, 18.753713294938976], [-70.40859749150943, 18.753464134939442], [-70.40864612127199, 18.753098674925344], [-70.40888676094984, 18.752788084810376], [-70.40903540069428, 18.752496894742357], [-70.40907251050932, 18.752211374731804], [-70.40915940038758, 18.752089694690586], [-70.40944938007706, 18.75185183454794], [-70.40982244972054, 18.751621264362154], [-70.40996966953547, 18.75145234429119], [-70.41005728939052, 18.75129064425081], [-70.4103139888385, 18.750593214139272], [-70.41031166864506, 18.750250914150815], [-70.4101302586328, 18.750036954251], [-70.4100642786106, 18.749927984288373], [-70.41497931415743, 18.747317661828863], [-70.41500941415201, 18.747340051812643]]]]}, "geometry_name": "the_geom", "properties": {"AREA": 1540419, "PARCELA": "48-B-POR-C", "PROVINCIA": "Peravia", "MUNICIPIO": "San Jos\u00e9 de Ocoa", "DC": "2", "area_calc_m2": 1540476, "touches_family_land": false, "owner": null, "owner_source": null, "family": false, "shift_note": "RI historic layer shifted -11.0 m E, -10.5 m N to the plano 2026 frame"}}, {"type": "Feature", "id": "ParcelasHistoricas.206050", "geometry": {"type": "MultiPolygon", "coordinates": [[[[-70.4192781689377, 18.672195891901552], [-70.41874629928502, 18.67224427217352], [-70.41761241985624, 18.672048502762458], [-70.41733538982808, 18.67170434291539], [-70.41735940943892, 18.671042302923226], [-70.41800097841471, 18.669914342627784], [-70.41806933827547, 18.669740952597934], [-70.41932906763755, 18.669952521943895], [-70.4192781689377, 18.672195891901552]]]]}, "geometry_name": "the_geom", "properties": {"AREA": 47328.332, "PARCELA": "407", "PROVINCIA": "Trujillo Valdez", "MUNICIPIO": "San Jos\u00e9 de Ocoa", "DC": "2", "area_calc_m2": 47328, "touches_family_land": false, "owner": null, "owner_source": null, "family": false, "shift_note": "RI historic layer shifted -11.0 m E, -10.5 m N to the plano 2026 frame"}}, {"type": "Feature", "id": "ParcelasHistoricas.57462", "geometry": {"type": "MultiPolygon", "coordinates": [[[[-70.4182513112651, 18.675216322337327], [-70.41810558125094, 18.67503647241775], [-70.41769555111047, 18.67435256264946], [-70.4182141406309, 18.67405650239183], [-70.41873847033976, 18.674099412120917], [-70.4189265302634, 18.674164392022234], [-70.4189867603082, 18.67430754198689], [-70.41920872017786, 18.674313171872594], [-70.41965720998496, 18.674449081637842], [-70.41999220991771, 18.67468630145835], [-70.41938889054714, 18.67515702175418], [-70.4182513112651, 18.675216322337327]]]]}, "geometry_name": "the_geom", "properties": {"AREA": 20300.989, "PARCELA": "3258", "PROVINCIA": "Peravia", "MUNICIPIO": "San Jos\u00e9 de Ocoa", "DC": "2", "area_calc_m2": 20301, "touches_family_land": false, "owner": null, "owner_source": null, "family": false, "shift_note": "RI historic layer shifted -11.0 m E, -10.5 m N to the plano 2026 frame"}}, {"type": "Feature", "id": "ParcelasHistoricas.57466", "geometry": {"type": "MultiPolygon", "coordinates": [[[[-70.41871533251484, 18.677916892016288], [-70.41760491267576, 18.677021112614707], [-70.41565901310166, 18.675705833655552], [-70.41620563217775, 18.674654713406436], [-70.41664824162783, 18.674153623194073], [-70.41687445142593, 18.674037353081296], [-70.41694402134416, 18.673966823047667], [-70.41769555111047, 18.67435256264946], [-70.4181145012518, 18.675047442412826], [-70.41825529126545, 18.675221182335136], [-70.41836859127561, 18.67535953227265], [-70.41920512080894, 18.675424211840514], [-70.41934890075379, 18.67547958176489], [-70.41982682048635, 18.67551511151806], [-70.41939305169673, 18.67719218168989], [-70.4192606318316, 18.677289681755006], [-70.41871533251484, 18.677916892016288]]]]}, "geometry_name": "the_geom", "properties": {"AREA": 95872.705, "PARCELA": "3253", "PROVINCIA": "Peravia", "MUNICIPIO": "San Jos\u00e9 de Ocoa", "DC": "2", "area_calc_m2": 95873, "touches_family_land": false, "owner": null, "owner_source": null, "family": false, "shift_note": "RI historic layer shifted -11.0 m E, -10.5 m N to the plano 2026 frame"}}, {"type": "Feature", "id": "ParcelasHistoricas.390729", "geometry": {"type": "MultiPolygon", "coordinates": [[[[-70.41883700631283, 18.720018150669233], [-70.41927747589418, 18.719748660450403], [-70.42053829477209, 18.71911153981997], [-70.4207425347954, 18.719369579706814], [-70.42082663481757, 18.719497959659552], [-70.42014572558529, 18.72012681999131], [-70.42001382578023, 18.72033009005309], [-70.42004544579272, 18.720385700035095], [-70.41985380607493, 18.72067913012493], [-70.41988368616185, 18.720863980103882], [-70.42006879620004, 18.721127880000406], [-70.42019316626659, 18.72137718992868], [-70.42061100618345, 18.721674599704194], [-70.42000234689442, 18.722280179999476], [-70.41906641761013, 18.72254641047387], [-70.41881501759461, 18.722252070612452], [-70.4186693977274, 18.72233123068511], [-70.41852682792988, 18.722536370752366], [-70.41822741804575, 18.72242239091021], [-70.41794410817991, 18.722357781058243], [-70.4174083889956, 18.723225091308045], [-70.41690883911308, 18.722901481575484], [-70.41689860905534, 18.72278896158418], [-70.41682749891491, 18.72246620163067], [-70.41701365848816, 18.721912481551534], [-70.41749146810622, 18.72174733131021], [-70.41848023698408, 18.720821360828666], [-70.41882800631736, 18.720016520673926], [-70.41883700631283, 18.720018150669233]]]]}, "geometry_name": "the_geom", "properties": {"AREA": 77898.295, "PARCELA": "3889", "PROVINCIA": "Peravia", "MUNICIPIO": "San Jos\u00e9 de Ocoa", "DC": "2", "area_calc_m2": 77898, "touches_family_land": false, "owner": null, "owner_source": null, "family": false, "shift_note": "RI historic layer shifted -11.0 m E, -10.5 m N to the plano 2026 frame"}}, {"type": "Feature", "id": "ParcelasHistoricas.49327", "geometry": {"type": "MultiPolygon", "coordinates": [[[[-70.41280746300407, 18.742985713081715], [-70.41308252263501, 18.74262882295052], [-70.41320259248573, 18.742493822892612], [-70.41341830220738, 18.74223337278915], [-70.41376275187058, 18.742006792618184], [-70.41412775151748, 18.741773342436833], [-70.41451986111127, 18.741475312243452], [-70.41471374089603, 18.741302602148615], [-70.41520266040438, 18.740957061906716], [-70.4163938893763, 18.740413681308354], [-70.41661399911445, 18.740186871201647], [-70.41649082896251, 18.73978891127732], [-70.4166517988513, 18.739764211194988], [-70.41691509868998, 18.73976005105922], [-70.41755712825668, 18.739679590730322], [-70.41805983802739, 18.739810060466905], [-70.4183451778729, 18.7398412903187], [-70.41860098780738, 18.739997670181925], [-70.4188206577703, 18.740165690063435], [-70.41885413798433, 18.7405776600336], [-70.41900406803589, 18.7408275699486], [-70.41919625807687, 18.741103709841003], [-70.41925260822984, 18.741432559801886], [-70.41924665850834, 18.741916039790222], [-70.41918230872686, 18.74223196981379], [-70.41918917887425, 18.742498479802133], [-70.4192547089726, 18.742740989760918], [-70.4195628490741, 18.743246669586448], [-70.41963171923861, 18.743609119539848], [-70.41969689940711, 18.743974629495053], [-70.41985312954688, 18.744386269401865], [-70.41995151979742, 18.744931299334446], [-70.42024592979806, 18.745245059172916], [-70.42036688987577, 18.74551013910239], [-70.42052220983867, 18.745609819019165], [-70.42033360017139, 18.74599453910478], [-70.42015684046781, 18.74632802918585], [-70.42011723064383, 18.746595449198136], [-70.41977742085963, 18.74661402937298], [-70.4194210309533, 18.74640029956348], [-70.41851162139785, 18.746216310038562], [-70.41822862165547, 18.746368750180025], [-70.41785021210949, 18.746765160363317], [-70.41760332245892, 18.747117350480064], [-70.41740993272371, 18.747377500571986], [-70.41719958291, 18.747481670677423], [-70.41682089315321, 18.74750720087218], [-70.41632219346504, 18.747525951129113], [-70.41588480369872, 18.747472431356588], [-70.41544259397207, 18.747483571584592], [-70.41497932415743, 18.747317681828864], [-70.4146812240364, 18.74678859199885], [-70.41448288384257, 18.746237442118], [-70.41439684376729, 18.746013812169213], [-70.41439799358899, 18.745701682178094], [-70.41432749340089, 18.745296222226802], [-70.41410664329014, 18.74486718235386], [-70.41396510326918, 18.744680132432617], [-70.41387890310118, 18.744293352488857], [-70.41362729299603, 18.743841532632473], [-70.41356079287026, 18.743549872675654], [-70.41339674277435, 18.74320719277075], [-70.41314287291364, 18.743182672902567], [-70.41277267303855, 18.743009393098966], [-70.41280746300407, 18.742985713081715]]]]}, "geometry_name": "the_geom", "properties": {"AREA": 438816, "PARCELA": "48-POR-D", "PROVINCIA": "Peravia", "MUNICIPIO": "San Jos\u00e9 de Ocoa", "DC": "2", "area_calc_m2": 438856, "touches_family_land": false, "owner": null, "owner_source": null, "family": false, "shift_note": "RI historic layer shifted -11.0 m E, -10.5 m N to the plano 2026 frame"}}, {"type": "Feature", "id": "ParcelasHistoricas.206052", "geometry": {"type": "MultiPolygon", "coordinates": [[[[-70.41738532816274, 18.668814812977814], [-70.41800162822342, 18.66957700263774], [-70.41806933827547, 18.669740952597934], [-70.41800097841471, 18.669914342627784], [-70.41735940943892, 18.671042302923226], [-70.41582663046648, 18.671229103705624], [-70.41561050058095, 18.671201693817583], [-70.4149293509, 18.671041674172706], [-70.41432157132029, 18.671138464482283], [-70.41424125138411, 18.671165884522754], [-70.4133390215919, 18.670574565004685], [-70.4132147212014, 18.66975269509356], [-70.41354362110546, 18.669932574918963], [-70.41387518098843, 18.670078014744057], [-70.41441422064395, 18.670042064467975], [-70.41447835055781, 18.669958034437553], [-70.4148291103474, 18.669958894257178], [-70.41516595002652, 18.66974984409035], [-70.41533997989683, 18.669705594002213], [-70.41561335960984, 18.66948899386825], [-70.41584700936023, 18.66929618375399], [-70.416303028955, 18.669064723526592], [-70.41666200868346, 18.66896638334503], [-70.41723985826772, 18.668845753051645], [-70.41737280817345, 18.668820462984073], [-70.41738532816274, 18.668814812977814]]]]}, "geometry_name": "the_geom", "properties": {"AREA": 82323.973, "PARCELA": "410", "PROVINCIA": "Trujillo Valdez", "MUNICIPIO": "San Jos\u00e9 de Ocoa", "DC": "2", "area_calc_m2": 82324, "touches_family_land": false, "owner": null, "owner_source": null, "family": false, "shift_note": "RI historic layer shifted -11.0 m E, -10.5 m N to the plano 2026 frame"}}, {"type": "Feature", "id": "ParcelasHistoricas.111292", "geometry": {"type": "MultiPolygon", "coordinates": [[[[-70.41687172982597, 18.706501742093856], [-70.41752069939004, 18.70642265176194], [-70.41824145901194, 18.706521761387638], [-70.41824608909319, 18.706669881380734], [-70.41824029919043, 18.706835141378683], [-70.4181541193819, 18.70708111141557], [-70.41808714958908, 18.70737515144111], [-70.4180010297653, 18.7075943014788], [-70.4178941399169, 18.707747931529187], [-70.41770043020333, 18.708047041619864], [-70.41754039043855, 18.708291621694862], [-70.4168962706883, 18.708047632034138], [-70.41667774076521, 18.707951142149668], [-70.41637024086921, 18.70780784231245], [-70.4164841505937, 18.70744326226486], [-70.416559340422, 18.707220482232913], [-70.4166497702391, 18.706994182193203], [-70.41677814003202, 18.706765522134038], [-70.41682318993004, 18.706633642114834], [-70.41687936982417, 18.706506672089766], [-70.41687172982597, 18.706501742093856]]]]}, "geometry_name": "the_geom", "properties": {"AREA": 28031.789, "PARCELA": "338", "PROVINCIA": "Peravia", "MUNICIPIO": "San Jos\u00e9 de Ocoa", "DC": "2", "area_calc_m2": 28032, "touches_family_land": false, "owner": null, "owner_source": null, "family": false, "shift_note": "RI historic layer shifted -11.0 m E, -10.5 m N to the plano 2026 frame"}}, {"type": "Feature", "id": "ParcelasHistoricas.341102", "geometry": {"type": "MultiPolygon", "coordinates": [[[[-70.41685130747902, 18.719963081694583], [-70.41661169740212, 18.71957324182997], [-70.41647925738712, 18.719406201903336], [-70.41687792694661, 18.719053771708534], [-70.41721085666173, 18.71890559154141], [-70.41836250594874, 18.71887292094874], [-70.41845358617746, 18.719372510886572], [-70.4183859663342, 18.7195767209152], [-70.41836704641267, 18.719694810921354], [-70.41793503676739, 18.719860741139], [-70.41764672699487, 18.719955181284753], [-70.41703359753004, 18.720246511591974], [-70.4169366876297, 18.720319111639725], [-70.41684272767579, 18.72030049168873], [-70.41693671756984, 18.720213741642915], [-70.4170082074911, 18.720150991607973], [-70.4171617473585, 18.72008056153096], [-70.41698864736435, 18.71990699162549], [-70.41688699746338, 18.719973441675865], [-70.41686103747273, 18.719962361689586], [-70.41685130747902, 18.719963081694583]]]]}, "geometry_name": "the_geom", "properties": {"AREA": 20689.438, "PARCELA": "3826", "PROVINCIA": "Peravia", "MUNICIPIO": "San Jos\u00e9 de Ocoa", "DC": "2", "area_calc_m2": 20689, "touches_family_land": false, "owner": null, "owner_source": null, "family": false, "shift_note": "RI historic layer shifted -11.0 m E, -10.5 m N to the plano 2026 frame"}}, {"type": "Feature", "id": "ParcelasHistoricas.72637", "geometry": {"type": "MultiPolygon", "coordinates": [[[[-70.4181414868835, 18.720284461019663], [-70.41785136709332, 18.72034588116735], [-70.4176449169969, 18.719956831285636], [-70.41793237676939, 18.71986145114035], [-70.4181414868835, 18.720284461019663]]]]}, "geometry_name": "the_geom", "properties": {"AREA": 1558.633, "PARCELA": "3823", "PROVINCIA": "Peravia", "MUNICIPIO": "San Jos\u00e9 de Ocoa", "DC": "2", "area_calc_m2": 1559, "touches_family_land": false, "owner": null, "owner_source": null, "family": false, "shift_note": "RI historic layer shifted -11.0 m E, -10.5 m N to the plano 2026 frame"}}, {"type": "Feature", "id": "ParcelasHistoricas.390552", "geometry": {"type": "MultiPolygon", "coordinates": [[[[-70.41793503676739, 18.719860741139], [-70.41836704641267, 18.719694810921354], [-70.41857380646682, 18.720009810805173], [-70.41848864669122, 18.72031453083978], [-70.4181414868835, 18.720284461019663], [-70.41793237676939, 18.71986145114035], [-70.41793503676739, 18.719860741139]]]]}, "geometry_name": "the_geom", "properties": {"AREA": 3033.895, "PARCELA": "3822", "PROVINCIA": "Peravia", "MUNICIPIO": "San Jos\u00e9 de Ocoa", "DC": "2", "area_calc_m2": 3034, "touches_family_land": false, "owner": null, "owner_source": null, "family": false, "shift_note": "RI historic layer shifted -11.0 m E, -10.5 m N to the plano 2026 frame"}}, {"type": "Feature", "id": "ParcelasHistoricas.390553", "geometry": {"type": "MultiPolygon", "coordinates": [[[[-70.41838341640253, 18.719694380912927], [-70.41862061620276, 18.719594440793696], [-70.41882800631736, 18.720016520673926], [-70.41848023698408, 18.720821360828666], [-70.41749146810622, 18.72174733131021], [-70.41701365848816, 18.721912481551534], [-70.41666481865346, 18.721833121733816], [-70.41613186876943, 18.721471422019608], [-70.4161981987042, 18.72142700198677], [-70.41608281866989, 18.72124407205182], [-70.41616759856583, 18.721150872010938], [-70.41640744827464, 18.720892811895133], [-70.41680942777268, 18.720435731701784], [-70.41689707775494, 18.720497561654714], [-70.41703282768778, 18.720523471583938], [-70.41712206761737, 18.720494271538822], [-70.41703223753227, 18.720249011592603], [-70.4176449169969, 18.719956821285635], [-70.41785136709332, 18.72034588116735], [-70.41814158688344, 18.720284471019607], [-70.41848864669122, 18.72031453083978], [-70.41857380646682, 18.720009810805173], [-70.41836679641258, 18.719694420921495], [-70.41838341640253, 18.719694380912927]]]]}, "geometry_name": "the_geom", "properties": {"AREA": 34331.316, "PARCELA": "3894", "PROVINCIA": "Peravia", "MUNICIPIO": "San Jos\u00e9 de Ocoa", "DC": "2", "area_calc_m2": 34331, "touches_family_land": false, "owner": null, "owner_source": null, "family": false, "shift_note": "RI historic layer shifted -11.0 m E, -10.5 m N to the plano 2026 frame"}}, {"type": "Feature", "id": "ParcelasHistoricas.206051", "geometry": {"type": "MultiPolygon", "coordinates": [[[[-70.41265743295232, 18.672253625304226], [-70.41188801317236, 18.67182513571294], [-70.41261051244996, 18.671316475356797], [-70.41296430230693, 18.67143962517111], [-70.41321734232723, 18.67174424503173], [-70.4133863721842, 18.671671154947024], [-70.41395351178458, 18.671567684658505], [-70.41424125138411, 18.671165884522754], [-70.41432157132029, 18.671138464482283], [-70.4149293509, 18.671041674172706], [-70.41561050058095, 18.671201693817583], [-70.41566600060693, 18.67130656378586], [-70.41556498078334, 18.671510903831585], [-70.4173584406169, 18.673122442860308], [-70.4171858111113, 18.673812382928045], [-70.416514201676, 18.674096313264755], [-70.4163705019573, 18.674440523328165], [-70.4157767124909, 18.67475211362405], [-70.41544371271748, 18.674798533793897], [-70.41453858267468, 18.673761404290943], [-70.41317833323764, 18.67331085500422], [-70.41309326320898, 18.673169865052255], [-70.41316970306775, 18.673001635018057], [-70.41309783303602, 18.67286921505904], [-70.4126762629493, 18.67226832529409], [-70.41265743295232, 18.672253625304226]]]]}, "geometry_name": "the_geom", "properties": {"AREA": 123625.81, "PARCELA": "408", "PROVINCIA": "Trujillo Valdez", "MUNICIPIO": "San Jos\u00e9 de Ocoa", "DC": "2", "area_calc_m2": 123626, "touches_family_land": false, "owner": null, "owner_source": null, "family": false, "shift_note": "RI historic layer shifted -11.0 m E, -10.5 m N to the plano 2026 frame"}}, {"type": "Feature", "id": "ParcelasHistoricas.57467", "geometry": {"type": "MultiPolygon", "coordinates": [[[[-70.41619924395633, 18.677789153314272], [-70.41522043403707, 18.67689185384504], [-70.41565901310166, 18.675705833655552], [-70.41760491267576, 18.677021112614707], [-70.41735789292514, 18.677199072736315], [-70.41688595350668, 18.677724692963025], [-70.41685633361702, 18.67788808297328], [-70.41619924395633, 18.677789153314272]]]]}, "geometry_name": "the_geom", "properties": {"AREA": 31514.209, "PARCELA": "3232", "PROVINCIA": "Peravia", "MUNICIPIO": "San Jos\u00e9 de Ocoa", "DC": "2", "area_calc_m2": 31514, "touches_family_land": false, "owner": null, "owner_source": null, "family": false, "shift_note": "RI historic layer shifted -11.0 m E, -10.5 m N to the plano 2026 frame"}}, {"type": "Feature", "id": "ParcelasHistoricas.390724", "geometry": {"type": "MultiPolygon", "coordinates": [[[[-70.41613064876772, 18.72146711202037], [-70.41666481865346, 18.721833121733816], [-70.41701365848816, 18.721912481551534], [-70.41682749891491, 18.72246620163067], [-70.41639578908824, 18.72231299185793], [-70.41551723015812, 18.723263762282052], [-70.41506682016359, 18.722795222528564], [-70.41483651013837, 18.722506342656104], [-70.41478145011534, 18.722407352687505], [-70.4152599596687, 18.722129002449208], [-70.41535440963803, 18.7221752823991], [-70.41544066954744, 18.72210736235668], [-70.41555066941113, 18.7219841823037], [-70.41550641940854, 18.721932642328095], [-70.41589342890332, 18.721454022143085], [-70.41599941888266, 18.721530202086125], [-70.41613064876772, 18.72146711202037]]]]}, "geometry_name": "the_geom", "properties": {"AREA": 21505.119, "PARCELA": "3808", "PROVINCIA": "Peravia", "MUNICIPIO": "San Jos\u00e9 de Ocoa", "DC": "2", "area_calc_m2": 21505, "touches_family_land": false, "owner": null, "owner_source": null, "family": false, "shift_note": "RI historic layer shifted -11.0 m E, -10.5 m N to the plano 2026 frame"}}, {"type": "Feature", "id": "ParcelasHistoricas.57465", "geometry": {"type": "MultiPolygon", "coordinates": [[[[-70.41522043403707, 18.67689185384504], [-70.41475101413185, 18.676560584096574], [-70.41528727320858, 18.675499693853016], [-70.41565901310166, 18.675705833655552], [-70.41522043403707, 18.67689185384504]]]]}, "geometry_name": "the_geom", "properties": {"AREA": 7044.986, "PARCELA": "3233", "PROVINCIA": "Peravia", "MUNICIPIO": "San Jos\u00e9 de Ocoa", "DC": "2", "area_calc_m2": 7045, "touches_family_land": false, "owner": null, "owner_source": null, "family": false, "shift_note": "RI historic layer shifted -11.0 m E, -10.5 m N to the plano 2026 frame"}}, {"type": "Feature", "id": "ParcelasHistoricas.390720", "geometry": {"type": "MultiPolygon", "coordinates": [[[[-70.4147869600987, 18.722383882685378], [-70.41429661059775, 18.72274189292737], [-70.4137763310953, 18.723065513185865], [-70.41366338120896, 18.723145643241686], [-70.41345867141173, 18.723285303343022], [-70.41333834153689, 18.72337789340228], [-70.41325514162615, 18.7234467334431], [-70.41317581171168, 18.723513063482], [-70.41230338317968, 18.725170873881734], [-70.41191813393267, 18.726087214052697], [-70.41186995389974, 18.72597811408086], [-70.4117821938412, 18.725781954132074], [-70.41162028373134, 18.725416814226666], [-70.41135274358604, 18.72487720438101], [-70.41083823337901, 18.723966874673966], [-70.41060387333778, 18.72364562480458], [-70.4099450437638, 18.723696345142905], [-70.40971623362223, 18.723204425275803], [-70.4091737640162, 18.723322195552086], [-70.40914497400357, 18.723269455568534], [-70.40910343391924, 18.72307696559578], [-70.4090093439271, 18.722990945646913], [-70.4089238838958, 18.7228451756954], [-70.40860598401459, 18.72271702586327], [-70.4084025142482, 18.72291225596233], [-70.40799529458765, 18.72307763616742], [-70.40772759481796, 18.723198946301867], [-70.40650023558685, 18.723250046933554], [-70.40597862596458, 18.72336145719932], [-70.40590641576493, 18.72293360724947], [-70.4056675352732, 18.72181498740641], [-70.40455086514575, 18.720406508024926], [-70.40404381519423, 18.719954148300122], [-70.40366867535455, 18.71983846849716], [-70.40350783524941, 18.71948291859082], [-70.40374514483295, 18.719001658482853], [-70.40373937470373, 18.718768148492856], [-70.4030847234566, 18.71587911891739], [-70.40369652264987, 18.715107838625006], [-70.40478696241058, 18.715843038040447], [-70.40506015247139, 18.716239817887597], [-70.40523442235929, 18.716227277798094], [-70.4054352621694, 18.71610606769815], [-70.40654723162899, 18.716334157117764], [-70.40716111119156, 18.716215306804756], [-70.40729435100616, 18.71603022674162], [-70.41018452950843, 18.71645973523824], [-70.41083045923381, 18.716661654899067], [-70.41115541901166, 18.71661536473292], [-70.41161063897322, 18.71703078448562], [-70.41174365898397, 18.71719088441218], [-70.41237990891591, 18.717746344067294], [-70.41301874875786, 18.71814613372577], [-70.41293821905197, 18.718578503754173], [-70.41286478929699, 18.71893198378132], [-70.41270975948812, 18.719103943856044], [-70.41248145968046, 18.71920028397085], [-70.41227752981746, 18.719225064075257], [-70.41195583993952, 18.719098544244975], [-70.41204573994366, 18.719201224195505], [-70.41185135010403, 18.71927727429344], [-70.41149121043887, 18.71948456447288], [-70.41088861080527, 18.71949011478347], [-70.41065555103803, 18.71965255489875], [-70.41006629144054, 18.71973582520013], [-70.41035313148315, 18.720115215040725], [-70.41102484137454, 18.720636834678505], [-70.4129155701541, 18.720494953707735], [-70.41291423029442, 18.720740533700983], [-70.4128910006439, 18.721331123695055], [-70.41366707992039, 18.720881173308488], [-70.41606408862697, 18.721148622064376], [-70.41593747879594, 18.721311692124697], [-70.41600068875998, 18.72131551209199], [-70.4158979388873, 18.721430572141475], [-70.41551092939251, 18.72190919232648], [-70.41539772952609, 18.722024202381352], [-70.41526546965204, 18.72210553244708], [-70.4147869600987, 18.722383882685378]]]]}, "geometry_name": "the_geom", "properties": {"AREA": 752178.787, "PARCELA": "3821", "PROVINCIA": "Peravia", "MUNICIPIO": "San Jos\u00e9 de Ocoa", "DC": "2", "area_calc_m2": 752179, "touches_family_land": false, "owner": null, "owner_source": null, "family": false, "shift_note": "RI historic layer shifted -11.0 m E, -10.5 m N to the plano 2026 frame"}}, {"type": "Feature", "id": "ParcelasHistoricas.390723", "geometry": {"type": "MultiPolygon", "coordinates": [[[[-70.41473959054605, 18.7231211526874], [-70.4152902304345, 18.723509312391656], [-70.41520540063986, 18.723780802427147], [-70.41487146128613, 18.72456389257557], [-70.41559447123103, 18.725234482182316], [-70.41581177126524, 18.725525412061405], [-70.41549781156984, 18.725728232217165], [-70.41480676216523, 18.726042582564023], [-70.41473875213129, 18.725910622603113], [-70.41462802206067, 18.72566880266757], [-70.41451347202437, 18.72548330273229], [-70.41442828194134, 18.72524674278341], [-70.41430866190122, 18.725049102851106], [-70.41335788173828, 18.723753123380817], [-70.41345183162905, 18.723660573335163], [-70.41360200149676, 18.72358713325994], [-70.41371546139973, 18.723536753202954], [-70.4139121912056, 18.723403853105523], [-70.41402554109574, 18.723330813049284], [-70.414141441102, 18.723464842985447], [-70.41450788102432, 18.723717072788805], [-70.41473741054877, 18.72312360268846], [-70.41473959054605, 18.7231211526874]]]]}, "geometry_name": "the_geom", "properties": {"AREA": 35952.86, "PARCELA": "3814", "PROVINCIA": "Peravia", "MUNICIPIO": "San Jos\u00e9 de Ocoa", "DC": "2", "area_calc_m2": 35953, "touches_family_land": false, "owner": null, "owner_source": null, "family": false, "shift_note": "RI historic layer shifted -11.0 m E, -10.5 m N to the plano 2026 frame"}}, {"type": "Feature", "id": "ParcelasHistoricas.206057", "geometry": {"type": "MultiPolygon", "coordinates": [[[[-70.4118782547352, 18.674574825634572], [-70.41248056432886, 18.67449691532712], [-70.4125524842194, 18.674379995293677], [-70.41259964410519, 18.67422839527401], [-70.41231634402364, 18.673783465433228], [-70.41249462382908, 18.67362919534621], [-70.41315592330345, 18.673403295012935], [-70.41317833323764, 18.67331085500422], [-70.41453858267468, 18.673761404290943], [-70.41544371271748, 18.674798533793897], [-70.41528607301129, 18.675149963864275], [-70.41473764391381, 18.676161354115585], [-70.41402371457374, 18.67656836447044], [-70.41274577539895, 18.67666820512479], [-70.4118782547352, 18.674574825634572]]]]}, "geometry_name": "the_geom", "properties": {"AREA": 92224.485, "PARCELA": "249", "PROVINCIA": "Trujillo Valdez", "MUNICIPIO": "San Jos\u00e9 de Ocoa", "DC": "2", "area_calc_m2": 92225, "touches_family_land": false, "owner": null, "owner_source": null, "family": false, "shift_note": "RI historic layer shifted -11.0 m E, -10.5 m N to the plano 2026 frame"}}, {"type": "Feature", "id": "ParcelasHistoricas.33704", "geometry": {"type": "MultiPolygon", "coordinates": [[[[-70.4145572910012, 18.723728842762966], [-70.41419085107886, 18.723476552959607], [-70.4140749410726, 18.723342513023457], [-70.41392239097922, 18.723016183112033], [-70.41434601057463, 18.72275363290154], [-70.41445743059465, 18.722907152839415], [-70.41478900052297, 18.723132952661572], [-70.4145572910012, 18.723728842762966]]]]}, "geometry_name": "the_geom", "properties": {"AREA": 5356, "PARCELA": "3815", "PROVINCIA": "PERAVIA", "MUNICIPIO": "San Jos\u00e9 de Ocoa", "DC": "2", "area_calc_m2": 5328, "touches_family_land": false, "owner": null, "owner_source": null, "family": false, "shift_note": "RI historic layer shifted -11.0 m E, -10.5 m N to the plano 2026 frame"}}, {"type": "Feature", "id": "ParcelasHistoricas.56058", "geometry": {"type": "MultiPolygon", "coordinates": [[[[-70.41256917408272, 18.727042133687917], [-70.41326351351861, 18.72678636333748], [-70.41425587264573, 18.726303482840255], [-70.41515302195488, 18.72603990238552], [-70.4153370021126, 18.726512822276245], [-70.41422473340458, 18.727605922816778], [-70.41312318438548, 18.728162883368128], [-70.41297354438598, 18.728004933450112], [-70.41281397441557, 18.727887653535994], [-70.41275378435449, 18.727716293572232], [-70.41270791424574, 18.727476283603178], [-70.41268786415314, 18.727292043619105], [-70.41267766412378, 18.72722954362626], [-70.41257080408235, 18.727043213687036], [-70.41256917408272, 18.727042133687917]]]]}, "geometry_name": "the_geom", "properties": {"AREA": 33161.57, "PARCELA": "4203", "PROVINCIA": "Peravia", "MUNICIPIO": "San Jos\u00e9 de Ocoa", "DC": "2", "area_calc_m2": 33162, "touches_family_land": false, "owner": null, "owner_source": null, "family": false, "shift_note": "RI historic layer shifted -11.0 m E, -10.5 m N to the plano 2026 frame"}}, {"type": "Feature", "id": "ParcelasHistoricas.56057", "geometry": {"type": "MultiPolygon", "coordinates": [[[[-70.41325773617437, 18.73145313319893], [-70.41273981641947, 18.731334693469762], [-70.41290310598097, 18.730736573403636], [-70.4133335157579, 18.730800883179604], [-70.41386986547688, 18.730875702900608], [-70.41393859541606, 18.73084160286618], [-70.4144957751223, 18.73091617257645], [-70.41466932501002, 18.73090286248731], [-70.41479327510795, 18.731206722414136], [-70.41462550526215, 18.731299952497864], [-70.41325773617437, 18.73145313319893]]]]}, "geometry_name": "the_geom", "properties": {"AREA": 11998.311, "PARCELA": "4201", "PROVINCIA": "Peravia", "MUNICIPIO": "San Jos\u00e9 de Ocoa", "DC": "2", "area_calc_m2": 11998, "touches_family_land": false, "owner": null, "owner_source": null, "family": false, "shift_note": "RI historic layer shifted -11.0 m E, -10.5 m N to the plano 2026 frame"}}, {"type": "Feature", "id": "ParcelasHistoricas.49328", "geometry": {"type": "MultiPolygon", "coordinates": [[[[-70.41003185862182, 18.74991328430557], [-70.4099276984505, 18.749501864371812], [-70.40990693833469, 18.749276404389352], [-70.40982210820931, 18.748966154442552], [-70.4097327881584, 18.74878195449426], [-70.4095373580747, 18.748427654605916], [-70.40951175797301, 18.748221804625352], [-70.40940712792016, 18.748018024685557], [-70.40971940748841, 18.74759065453716], [-70.40986696727772, 18.747376974467393], [-70.40995991701787, 18.7470190144302], [-70.41008142674275, 18.74666447437815], [-70.41009930661048, 18.746450994375373], [-70.41025328628041, 18.746034324308443], [-70.41031346602671, 18.74565233428891], [-70.41003432606165, 18.74541765444017], [-70.40984747599647, 18.74510494454612], [-70.40976495587898, 18.744810924597623], [-70.40966481566271, 18.744324634664043], [-70.40943546569058, 18.744130344788356], [-70.40929181559461, 18.743809374872242], [-70.40915938544642, 18.743408424952744], [-70.40900595542864, 18.743214455037837], [-70.40891103536364, 18.742999585093347], [-70.40870440530738, 18.74268154520966], [-70.40843832531652, 18.7424154053551], [-70.40779833543459, 18.741944175699842], [-70.40761224542618, 18.74173204580235], [-70.40733273545915, 18.741493585953883], [-70.40713422551559, 18.74138226605976], [-70.40622272580785, 18.74092938654415], [-70.4061225457368, 18.740698296602854], [-70.40609611561293, 18.7404525566239], [-70.40616196482567, 18.73913870662947], [-70.40615985475449, 18.739011356634393], [-70.40612536474654, 18.738960806653722], [-70.40608360459068, 18.73864258668488], [-70.40633773406228, 18.737983276573498], [-70.40717137312807, 18.73722504616591], [-70.40718922299418, 18.737008606163215], [-70.40715348286881, 18.736750326189448], [-70.40712377269416, 18.736411786214997], [-70.40719960251329, 18.73617421618301], [-70.40738318228627, 18.735969746094398], [-70.40820037208668, 18.736485555656937], [-70.40798944243866, 18.736880665753915], [-70.40780223274228, 18.737215895840457], [-70.40791622346248, 18.73860287573976], [-70.40799540351, 18.738770375693825], [-70.40883745336258, 18.739404295239904], [-70.40933378322953, 18.739696864974796], [-70.4094798531343, 18.73968441489975], [-70.40971293300076, 18.739696904779027], [-70.41023897267324, 18.739679124507965], [-70.41047392259817, 18.739796444383106], [-70.4108785525234, 18.740094214165193], [-70.41122066240138, 18.740242673984067], [-70.4114572120597, 18.739892923872528], [-70.41169297170764, 18.739524103761973], [-70.41187045140589, 18.73918186368072], [-70.41209092098644, 18.738678313582156], [-70.41217925083038, 18.738497603542026], [-70.41223995093115, 18.738739223503373], [-70.41229755108175, 18.739065143463765], [-70.41222391142674, 18.73959356348577], [-70.41217971168243, 18.739996213496394], [-70.41225229185699, 18.740380113447298], [-70.41228248213746, 18.740905243415803], [-70.41225169235015, 18.741246483421364], [-70.4121841524525, 18.741354743452952], [-70.41216585272193, 18.741808993448647], [-70.41232914296347, 18.742406853346225], [-70.41248305308231, 18.742779053255486], [-70.41277271303856, 18.74300949309894], [-70.41314290291369, 18.74318276290255], [-70.41339677277439, 18.743207282770733], [-70.41356082287028, 18.74354995267564], [-70.41362732299605, 18.743841602632457], [-70.41387892310121, 18.74429342248884], [-70.4139651232692, 18.7446801824326], [-70.41410665329018, 18.744867232353847], [-70.41432749340092, 18.745296262226802], [-70.41439800358903, 18.74570171217809], [-70.41439684376729, 18.746013822169218], [-70.41448289384256, 18.74623745211799], [-70.4146812240364, 18.74678859199885], [-70.41497931415743, 18.747317661828863], [-70.41006432861046, 18.749927794288357], [-70.41003185862182, 18.74991328430557]]]]}, "geometry_name": "the_geom", "properties": {"AREA": 564779, "PARCELA": "48-A-POR-C", "PROVINCIA": "Peravia", "MUNICIPIO": "San Jos\u00e9 de Ocoa", "DC": "2", "area_calc_m2": 564814, "touches_family_land": false, "owner": null, "owner_source": null, "family": false, "shift_note": "RI historic layer shifted -11.0 m E, -10.5 m N to the plano 2026 frame"}}, {"type": "Feature", "id": "ParcelasHistoricas.206049", "geometry": {"type": "MultiPolygon", "coordinates": [[[[-70.41145468288916, 18.670864715964928], [-70.41194690245247, 18.670616125719334], [-70.41168674233596, 18.67013402586774], [-70.41194899189733, 18.669637725747933], [-70.41185588189197, 18.669529375799094], [-70.41171510178114, 18.669184075881965], [-70.41183584143751, 18.668705275834398], [-70.4119698411988, 18.668425875773973], [-70.41192300117669, 18.66833706580075], [-70.41181609099183, 18.66789693586907], [-70.41170560070525, 18.6672732759448], [-70.41237295028279, 18.667235645602805], [-70.41258990016411, 18.667256405490622], [-70.41281235043805, 18.667976695354387], [-70.41274544059613, 18.668184905382468], [-70.41261543096724, 18.668702465433608], [-70.41273491104305, 18.668963315364252], [-70.41284051115841, 18.669279275300358], [-70.41289598120342, 18.669417705267637], [-70.4126068415534, 18.669728845406873], [-70.41220347215862, 18.670369595594863], [-70.41235061222201, 18.67063783551105], [-70.4129242718129, 18.670524415219486], [-70.4133390215919, 18.670574565004685], [-70.41424125138411, 18.671165884522754], [-70.41395351178458, 18.671567684658505], [-70.4133863721842, 18.671671154947024], [-70.41321734232723, 18.67174424503173], [-70.41296430230693, 18.67143962517111], [-70.41261051244996, 18.671316475356797], [-70.4124518724305, 18.671113635444534], [-70.41240277240465, 18.671015825472757], [-70.41203047260682, 18.670977495665383], [-70.41167084283435, 18.670997475849738], [-70.41145468288916, 18.670864715964928]]], [[[-70.41145468288916, 18.670864715964928], [-70.41145267289093, 18.670865725965935], [-70.41144372289193, 18.67085798597077], [-70.41145468288916, 18.670864715964928]]]]}, "geometry_name": "the_geom", "properties": {"AREA": 51905.715, "PARCELA": "415", "PROVINCIA": "Trujillo Valdez", "MUNICIPIO": "San Jos\u00e9 de Ocoa", "DC": "2", "area_calc_m2": 51906, "touches_family_land": false, "owner": null, "owner_source": null, "family": false, "shift_note": "RI historic layer shifted -11.0 m E, -10.5 m N to the plano 2026 frame"}}, {"type": "Feature", "id": "ParcelasHistoricas.17969", "geometry": {"type": "MultiPolygon", "coordinates": [[[[-70.4066531415655, 18.681084928126293], [-70.4067996515349, 18.68118637804781], [-70.40715457140259, 18.681329617860797], [-70.4076523512497, 18.681588107596777], [-70.40838724089507, 18.681742327213865], [-70.40829347082642, 18.6815216772688], [-70.40812185062394, 18.68098217737343], [-70.40798647051136, 18.680639787453458], [-70.40785202052372, 18.680518887526304], [-70.40789614029384, 18.680160057514446], [-70.40784533002282, 18.67962778755667], [-70.40769419982558, 18.679119277649807], [-70.40766673969698, 18.678863137671673], [-70.40769375931504, 18.678217687677268], [-70.4072110791794, 18.67746596794836], [-70.40734961902719, 18.677344347880737], [-70.40741080891307, 18.67720785785338], [-70.40810217874723, 18.67764897748427], [-70.40862124860953, 18.677956917207858], [-70.40896681848595, 18.678105637025535], [-70.40976944824017, 18.67852387659987], [-70.41012317799071, 18.678459066419812], [-70.41053957786251, 18.678674846199026], [-70.41066449728756, 18.677792506161467], [-70.41064652691043, 18.677107636191458], [-70.41032407712244, 18.6771395663564], [-70.41000688732146, 18.677154176519156], [-70.40987984736957, 18.677104176586038], [-70.409685057458, 18.677053506687788], [-70.40946706759087, 18.677056646799866], [-70.40918619780643, 18.67713898694189], [-70.40884372798578, 18.67709204711953], [-70.40879999795817, 18.676996877144905], [-70.40855377811215, 18.677007317271283], [-70.40805370808161, 18.676422567546275], [-70.4078922779912, 18.67609159763935], [-70.40745034820291, 18.675996277869615], [-70.40681345865414, 18.676116818193705], [-70.4056381192797, 18.67597362880286], [-70.40568964905364, 18.675629288786716], [-70.40505548945363, 18.675662359112067], [-70.4045279494055, 18.675017619402976], [-70.40458771935799, 18.674997169372837], [-70.4046719592787, 18.674946639331008], [-70.40485019906312, 18.67475519924505], [-70.4051156686704, 18.674343689120843], [-70.40554528857871, 18.674637748890902], [-70.40615689825128, 18.67470881857404], [-70.40680028788562, 18.674746158241852], [-70.40746716764482, 18.675028937890175], [-70.40835515722515, 18.675230577427186], [-70.40977337698645, 18.676314806664706], [-70.41074682651306, 18.67651258615788], [-70.41238600581498, 18.677020725299176], [-70.41217830637866, 18.677795385382527], [-70.41177577802162, 18.680268325514632], [-70.41116785807233, 18.6797123758443], [-70.4104234787234, 18.680071226216473], [-70.4101043689971, 18.680215516376325], [-70.40983606895823, 18.679862046525084], [-70.40977478899858, 18.679868216556432], [-70.40956375915506, 18.67992040666346], [-70.4092706093284, 18.679915116814467], [-70.40941522931453, 18.68004417673615], [-70.40890523994145, 18.680609236981518], [-70.40974692964134, 18.680973136537343], [-70.4099532296601, 18.681225256423534], [-70.41023780961257, 18.681443456270472], [-70.4106279297849, 18.68216179604795], [-70.4111734495331, 18.682296585763112], [-70.41139588923635, 18.682009065657358], [-70.41157633911978, 18.681994925564922], [-70.4121117592223, 18.68274440526666], [-70.41311542843148, 18.682414434760187], [-70.41322110854095, 18.682719884696528], [-70.41328403875065, 18.68315684465087], [-70.41397065863845, 18.683688024281416], [-70.41383033900463, 18.684185324338515], [-70.41365077913268, 18.684220594429842], [-70.41342597936178, 18.684386174540503], [-70.41317947952277, 18.684408514666686], [-70.4130288296509, 18.68447469474221], [-70.41289804975787, 18.684524584807995], [-70.41263711004146, 18.684747964935514], [-70.41214524049671, 18.685029055180145], [-70.41149714101327, 18.685252425506942], [-70.41117988130678, 18.68543348566476], [-70.41075334153697, 18.68538680588572], [-70.41050192161453, 18.685256696019078], [-70.40990178224646, 18.685734616313542], [-70.40985485250924, 18.686148426325182], [-70.40965226272378, 18.686311866424518], [-70.40877542301928, 18.6859024568883], [-70.40824919338753, 18.685993587156464], [-70.40766578362339, 18.685790477462955], [-70.40733261385255, 18.685841137632956], [-70.40667956422836, 18.685811047970095], [-70.4064588544204, 18.685915608080577], [-70.40643451448612, 18.68600571809039], [-70.40650027445433, 18.686019408056115], [-70.4066119046552, 18.68649218798438], [-70.40653797478161, 18.686636738018084], [-70.40649546488318, 18.686770788035933], [-70.40625578511009, 18.686916668154932], [-70.4054439357561, 18.687194688564613], [-70.40470477649201, 18.68770834892977], [-70.40464309668909, 18.687990478953033], [-70.40360133789741, 18.689016109458702], [-70.40337847810157, 18.689139719569763], [-70.40220739897781, 18.68944256016387], [-70.40210932900084, 18.689379170216288], [-70.40098667927066, 18.68866425081604], [-70.39596197206274, 18.688259163416816], [-70.39602609190614, 18.688051123389993], [-70.3961701116547, 18.68776055332446], [-70.39616748145215, 18.687400723336566], [-70.39610169129915, 18.6870612633806], [-70.39659890107794, 18.687198343120343], [-70.39872367966262, 18.68695572203298], [-70.39904975946408, 18.686951391865136], [-70.39971029912181, 18.68704829152198], [-70.39996860890214, 18.686934901392316], [-70.40032228874765, 18.68703753120707], [-70.40061826853868, 18.68698296105624], [-70.40127069817159, 18.687027550718863], [-70.4014652881005, 18.687108570616207], [-70.40161526800223, 18.687094350539386], [-70.40214196755643, 18.686866840274945], [-70.40235364742001, 18.6868507901664], [-70.40274203708152, 18.686665849971934], [-70.4028681069052, 18.68648861991234], [-70.40322589631248, 18.6858228097481], [-70.4033339351524, 18.68389128975056], [-70.40340740518685, 18.684030009708543], [-70.4036564751784, 18.68427927957281], [-70.40408387505809, 18.68452050934547], [-70.40497183413092, 18.683827078909154], [-70.40512776380676, 18.683420648841114], [-70.40515243368522, 18.683232388834085], [-70.40572053306067, 18.68273337855665], [-70.40591667254596, 18.68203334847679], [-70.40578107228187, 18.681423518564984], [-70.40640520168299, 18.681029088255602], [-70.40656039147085, 18.68081942818204], [-70.4066531415655, 18.681084928126293]], [[-70.4066531415655, 18.681084928126293], [-70.40665187156577, 18.681084048126973], [-70.40665795157044, 18.681098698123396], [-70.4066531415655, 18.681084928126293]]]]}, "geometry_name": "the_geom", "properties": {"AREA": 839285, "PARCELA": "4122", "PROVINCIA": "Peravia", "MUNICIPIO": "San Jos\u00e9 de Ocoa", "DC": "2", "area_calc_m2": 839286, "touches_family_land": false, "owner": null, "owner_source": null, "family": false, "shift_note": "RI historic layer shifted -11.0 m E, -10.5 m N to the plano 2026 frame"}}, {"type": "Feature", "id": "ParcelasHistoricas.18003", "geometry": {"type": "MultiPolygon", "coordinates": [[[[-70.40666043156365, 18.681089368122404], [-70.4068081915327, 18.68119158804326], [-70.40716302140041, 18.681334717856302], [-70.4076599412486, 18.68159423759269], [-70.4083940708958, 18.68175084721009], [-70.40830031082706, 18.681530027265026], [-70.40813196062184, 18.680989207368007], [-70.40799809050789, 18.68064601744728], [-70.40786417051955, 18.68052441751988], [-70.40790641029056, 18.680165167509], [-70.40785623001892, 18.679632497550912], [-70.40770798981931, 18.679122857642597], [-70.40768202968962, 18.67886640766371], [-70.40770753930833, 18.678220517670095], [-70.4072271491702, 18.677466777940065], [-70.40736533901796, 18.67734472787264], [-70.40742636890383, 18.677208077845354], [-70.40811697873869, 18.67764962747663], [-70.40863574860114, 18.677957537200378], [-70.40898051847886, 18.67810763701842], [-70.40978200823444, 18.678527096593307], [-70.41013563798477, 18.67846179641332], [-70.4105512378576, 18.67867858619291], [-70.41067151728483, 18.677795136157776], [-70.41065554690623, 18.677109796186752], [-70.41033299711827, 18.677141696351743], [-70.41001572731754, 18.67715660651454], [-70.40988884736521, 18.677106056581344], [-70.40969426745292, 18.677054326683027], [-70.40947619758589, 18.677057536795136], [-70.40919578780202, 18.677141386936878], [-70.4088534779801, 18.677092387114495], [-70.40881017795209, 18.676996967139665], [-70.40856390810646, 18.677008017266047], [-70.408064378075, 18.676422207540792], [-70.40790509798259, 18.67609001763279], [-70.40746318819374, 18.675993707863093], [-70.40682676864633, 18.676117138186846], [-70.4056517892681, 18.675967668796], [-70.40570294904212, 18.675623078780063], [-70.40506879944398, 18.675659449105307], [-70.40454546939117, 18.675010899394167], [-70.40460519934359, 18.674990309364052], [-70.40468911926423, 18.6749392693224], [-70.40486649904867, 18.67474697923691], [-70.4051301086563, 18.6743341391137], [-70.40555897856541, 18.67462878888412], [-70.40617049823791, 18.674699688567316], [-70.40681366787344, 18.674738848235187], [-70.40748041763254, 18.67502124788359], [-70.40836740721511, 18.67522587742103], [-70.40978328697864, 18.67631152665971], [-70.41075518650938, 18.676514966153512], [-70.41239047581912, 18.677032775296503], [-70.41218446638179, 18.677807395378995], [-70.41179615801651, 18.68028095550377], [-70.41118870806626, 18.679723775833228], [-70.41044449871744, 18.680082986205306], [-70.41012593899141, 18.68022838636483], [-70.4098597789502, 18.67987307651256], [-70.40979852899075, 18.67987960654388], [-70.40958759914747, 18.67993230665083], [-70.40929438931974, 18.67992506680194], [-70.40943814930681, 18.680054856724027], [-70.40893083993318, 18.68062182696796], [-70.4097708096357, 18.68098852652458], [-70.40997530965618, 18.681241746411676], [-70.4102595496089, 18.68146007625878], [-70.41064759978272, 18.682178856037304], [-70.41119259953199, 18.68231499575271], [-70.41141411923536, 18.682026665647445], [-70.41159451911857, 18.68201205555505], [-70.41212841922216, 18.68276184525756], [-70.41312959842884, 18.68242479475258], [-70.41323465853866, 18.682730214689244], [-70.41329488875, 18.683167234644987], [-70.41397773864219, 18.68370213427734], [-70.4138374790082, 18.684199164334423], [-70.4136579491364, 18.684234754425724], [-70.41343342936548, 18.684400614536234], [-70.4131869395269, 18.684423744662386], [-70.41303634965512, 18.68449008473787], [-70.41290559976208, 18.68454005480364], [-70.41264467004562, 18.684763344931156], [-70.41215272050084, 18.68504427517583], [-70.41150459101748, 18.68526775550264], [-70.41118732131098, 18.685448795660463], [-70.4107607915403, 18.685400585881467], [-70.41050975161704, 18.68526948601466], [-70.4099097822489, 18.68574742630903], [-70.40986327251132, 18.686161026320455], [-70.40966150272584, 18.686325316419357], [-70.40878705301664, 18.685910126882078], [-70.40826111338593, 18.686003397150024], [-70.40767890361882, 18.685796317456028], [-70.40734597384888, 18.685848857625846], [-70.40669274422403, 18.685817387963116], [-70.40647239441624, 18.685922638073393], [-70.40644831448182, 18.68601276808307], [-70.40651399445021, 18.686026708048832], [-70.40662317465267, 18.686499687978348], [-70.40655024477871, 18.68664462801153], [-70.4065084948799, 18.686778818028973], [-70.40626918510688, 18.686925228147782], [-70.40545754575321, 18.687204018557313], [-70.40472149648946, 18.68772156892076], [-70.4046613366857, 18.688003848943247], [-70.40361964789373, 18.689029079448872], [-70.40339743809811, 18.68915371955958], [-70.40222778897669, 18.689462240152768], [-70.40213007899918, 18.689398220205025], [-70.40100827926697, 18.688680680804417], [-70.39598236205502, 18.68826718340607], [-70.39604587189865, 18.688058863379563], [-70.39618922164733, 18.687767823314395], [-70.39618755144409, 18.68740776332603], [-70.3961228212902, 18.687067893369516], [-70.39661909107102, 18.687207523109663], [-70.39874331965396, 18.686961252022694], [-70.39906934945508, 18.686956291854898], [-70.39972963911335, 18.687053881511844], [-70.39998768889349, 18.686939861382346], [-70.400341278739, 18.68704242119713], [-70.40063718852993, 18.68698758104636], [-70.40128923816503, 18.687035670709065], [-70.4014835680943, 18.687117080606534], [-70.40163349799585, 18.68710245052975], [-70.4021590875493, 18.686872440265955], [-70.4023706874125, 18.68685563015748], [-70.40275840707362, 18.686669269963403], [-70.4028842568973, 18.686491789903922], [-70.40324132630457, 18.685825239740083], [-70.40334815514454, 18.683892489743194], [-70.40342079517967, 18.684031499701607], [-70.40366871517232, 18.68428154956643], [-70.40409541505285, 18.684523509339435], [-70.40497979412523, 18.6838254589051], [-70.40513538380104, 18.68341866883725], [-70.40515983367955, 18.683230278830337], [-70.40572659305487, 18.68272954855365], [-70.40591769254222, 18.682027848476427], [-70.40578623227495, 18.68141678856252], [-70.40640894167561, 18.681020038253944], [-70.40656378146348, 18.68081000818058], [-70.40666043156365, 18.681089368122404]]]]}, "geometry_name": "the_geom", "properties": {"AREA": 845692, "PARCELA": "4122", "PROVINCIA": "PERAVIA", "MUNICIPIO": "San Jos\u00e9 de Ocoa", "DC": "2", "area_calc_m2": 841258, "touches_family_land": false, "owner": null, "owner_source": null, "family": false, "shift_note": "RI historic layer shifted -11.0 m E, -10.5 m N to the plano 2026 frame"}}, {"type": "Feature", "id": "ParcelasHistoricas.33707", "geometry": {"type": "MultiPolygon", "coordinates": [[[[-70.41376487137654, 18.723548403177126], [-70.41365141147358, 18.723598763234104], [-70.41338774151367, 18.723389483376444], [-70.41350807138853, 18.723296923317193], [-70.41376487137654, 18.723548403177126]]]]}, "geometry_name": "the_geom", "properties": {"AREA": 534.15, "PARCELA": "3818", "PROVINCIA": "PERAVIA", "MUNICIPIO": "San Jos\u00e9 de Ocoa", "DC": "2", "area_calc_m2": 531, "touches_family_land": false, "owner": null, "owner_source": null, "family": false, "shift_note": "RI historic layer shifted -11.0 m E, -10.5 m N to the plano 2026 frame"}}, {"type": "Feature", "id": "ParcelasHistoricas.56056", "geometry": {"type": "MultiPolygon", "coordinates": [[[[-70.41374284643919, 18.73243387291887], [-70.41284535651539, 18.731615423406794], [-70.41326714616811, 18.731452083194107], [-70.41462550526215, 18.731299952497864], [-70.41479327510795, 18.731206722414136], [-70.41529013487053, 18.731316402154466], [-70.4149300552094, 18.731530402333743], [-70.41462951546616, 18.73166313248477], [-70.41374258644016, 18.73243532291896], [-70.41374284643919, 18.73243387291887]]]]}, "geometry_name": "the_geom", "properties": {"AREA": 14859.555, "PARCELA": "4200", "PROVINCIA": "Peravia", "MUNICIPIO": "San Jos\u00e9 de Ocoa", "DC": "2", "area_calc_m2": 14860, "touches_family_land": false, "owner": null, "owner_source": null, "family": false, "shift_note": "RI historic layer shifted -11.0 m E, -10.5 m N to the plano 2026 frame"}}, {"type": "Feature", "id": "ParcelasHistoricas.206055", "geometry": {"type": "MultiPolygon", "coordinates": [[[[-70.40943894387512, 18.67046569701376], [-70.40920747399548, 18.670432537133824], [-70.408529404549, 18.670690177474807], [-70.40831127448226, 18.670340747597574], [-70.40761974483428, 18.67022828795668], [-70.40759539478108, 18.670108537972826], [-70.40760581459585, 18.66979244797702], [-70.40769884412599, 18.66906140795125], [-70.40805532370639, 18.66869874777885], [-70.40826082353016, 18.668605667675976], [-70.40817179339004, 18.6682636477321], [-70.40802850310284, 18.667604227825723], [-70.40803837303345, 18.66749212782404], [-70.40803083295111, 18.66733869783255], [-70.40788481280362, 18.666923157920206], [-70.40791456235125, 18.666155657928105], [-70.40768885202706, 18.66534335806872], [-70.40782134164066, 18.664801378016968], [-70.40751076166595, 18.66451634818529], [-70.40751489156132, 18.66433586818862], [-70.40754607151389, 18.664285208174114], [-70.40785022135766, 18.664332068016297], [-70.40931695009203, 18.663653207282646], [-70.40958234993478, 18.66365717714607], [-70.40984936988896, 18.663859737002657], [-70.40997274993576, 18.664073486932747], [-70.41003550994922, 18.66416391689774], [-70.41029145979641, 18.664165686766086], [-70.41072105957859, 18.664237016543055], [-70.4110529094093, 18.664290316370835], [-70.41106538946244, 18.664397446361168], [-70.41108509954269, 18.664560186346105], [-70.41116515963, 18.664799496297682], [-70.41115116981247, 18.66510705629555], [-70.41120995992958, 18.665376416257164], [-70.41135230016755, 18.665948026166646], [-70.41178023025019, 18.666548525928413], [-70.41198099038297, 18.666996375811596], [-70.41170760070347, 18.6672722659438], [-70.41181810099003, 18.66789591586807], [-70.4119250111749, 18.66833605579974], [-70.41197184119703, 18.668424855772965], [-70.41183784143574, 18.668704265833398], [-70.41171710177937, 18.669183065880965], [-70.4118578818902, 18.669528365798104], [-70.41195099189555, 18.66963671574693], [-70.41168874233418, 18.670133005866745], [-70.4119489124507, 18.67061510571832], [-70.41145468288916, 18.670864715964928], [-70.41114941303579, 18.670799516123914], [-70.41096230313174, 18.67077031622103], [-70.41014125349105, 18.6705330766505], [-70.40991555357327, 18.670438656769438], [-70.40947016384781, 18.67045064699816], [-70.40943894387512, 18.67046569701376]]]]}, "geometry_name": "the_geom", "properties": {"AREA": 287926.464, "PARCELA": "413", "PROVINCIA": "Trujillo Valdez", "MUNICIPIO": "San Jos\u00e9 de Ocoa", "DC": "2", "area_calc_m2": 287926, "touches_family_land": false, "owner": null, "owner_source": null, "family": false, "shift_note": "RI historic layer shifted -11.0 m E, -10.5 m N to the plano 2026 frame"}}, {"type": "Feature", "id": "ParcelasHistoricas.206058", "geometry": {"type": "MultiPolygon", "coordinates": [[[[-70.41189512317145, 18.671831065709107], [-70.41146986328273, 18.67157600593556], [-70.41124863338709, 18.67152539605087], [-70.41113672344335, 18.671505886109024], [-70.41058436405004, 18.671990866378426], [-70.41001539421795, 18.671683246680406], [-70.40975484437936, 18.671691636814167], [-70.40956806437589, 18.671487216916436], [-70.40974385423038, 18.67141689682814], [-70.41002007397628, 18.671261396690774], [-70.40971142406664, 18.671093276854617], [-70.40952134415907, 18.671054716953552], [-70.40945954384995, 18.670443127003857], [-70.40990492357541, 18.67043113677514], [-70.41013033349371, 18.670526186656318], [-70.4109513831344, 18.67076341622685], [-70.41113849303845, 18.670792616129734], [-70.41144372289193, 18.67085798597077], [-70.41167084283435, 18.670997475849738], [-70.41203047260682, 18.670977495665383], [-70.41240277240465, 18.671015825472757], [-70.4124518724305, 18.671113635444534], [-70.41261051244996, 18.671316475356797], [-70.41188801317236, 18.67182513571294], [-70.41189512317145, 18.671831065709107]]]]}, "geometry_name": "the_geom", "properties": {"AREA": 31331.276, "PARCELA": "414", "PROVINCIA": "Trujillo Valdez", "MUNICIPIO": "San Jos\u00e9 de Ocoa", "DC": "2", "area_calc_m2": 31331, "touches_family_land": false, "owner": null, "owner_source": null, "family": false, "shift_note": "RI historic layer shifted -11.0 m E, -10.5 m N to the plano 2026 frame"}}, {"type": "Feature", "id": "ParcelasHistoricas.206059", "geometry": {"type": "MultiPolygon", "coordinates": [[[[-70.40956194498906, 18.672563556887006], [-70.40938830483246, 18.672102636990275], [-70.40919824475556, 18.671765067098256], [-70.40918870452242, 18.67134319711592], [-70.40967980428447, 18.67144438686026], [-70.41014624415628, 18.671713256612193], [-70.41052772395037, 18.67175467641472], [-70.41083001390047, 18.671987546252183], [-70.41105435386403, 18.672161406131522], [-70.4114745139101, 18.672688935899423], [-70.41152411400691, 18.67291259586713], [-70.41153498418345, 18.67323590585174], [-70.4114458344831, 18.67367041588442], [-70.41155285474626, 18.67424879581184], [-70.4118782547352, 18.674574825634572], [-70.41274577539895, 18.67666820512479], [-70.41120043594739, 18.67599551594018], [-70.40997610523365, 18.67343522664758], [-70.40969883496865, 18.672672856813286], [-70.40956100500355, 18.67258814688675], [-70.40956194498906, 18.672563556887006]]]]}, "geometry_name": "the_geom", "properties": {"AREA": 79611.724, "PARCELA": "248", "PROVINCIA": "Trujillo Valdez", "MUNICIPIO": "San Jos\u00e9 de Ocoa", "DC": "2", "area_calc_m2": 79612, "touches_family_land": false, "owner": null, "owner_source": null, "family": false, "shift_note": "RI historic layer shifted -11.0 m E, -10.5 m N to the plano 2026 frame"}}, {"type": "Feature", "id": "ParcelasHistoricas.111557", "geometry": {"type": "MultiPolygon", "coordinates": [[[[-70.41315383066069, 18.70402505408452], [-70.41279054081224, 18.70390644427529], [-70.41179855176976, 18.70454091476716], [-70.41105195231691, 18.704712635146656], [-70.41065639251352, 18.704639265352704], [-70.41024502261995, 18.704390205572217], [-70.41025841230433, 18.703848225581723], [-70.4099459624401, 18.703755875745514], [-70.409693662375, 18.703373385887094], [-70.40962335226102, 18.70309788593165], [-70.40910406250252, 18.70297238620303], [-70.40932831193555, 18.70221120611049], [-70.40923855185405, 18.70197233616396], [-70.40903111200905, 18.702025316269243], [-70.40859892185513, 18.701295446513985], [-70.40858161164078, 18.700899316534876], [-70.40852161158237, 18.70073265657083], [-70.40827608174222, 18.700753816696693], [-70.40826282167683, 18.70062450670743], [-70.40840550146417, 18.70040114664067], [-70.40900437123275, 18.70062880632523], [-70.4091119710654, 18.700448046275262], [-70.40921419103158, 18.700496896221114], [-70.4098274908036, 18.700745955897606], [-70.40988691069614, 18.700619645870816], [-70.4099521602937, 18.69997950585657], [-70.41031302983619, 18.699556085683472], [-70.41059972952185, 18.699306295543337], [-70.41096282954717, 18.69973636534327], [-70.41109077966928, 18.700087425266716], [-70.41121818972928, 18.700328455193784], [-70.41127418994687, 18.70077142515152], [-70.41128873011222, 18.70107832513473], [-70.41123648037778, 18.701490965149148], [-70.41136361038619, 18.70164073507912], [-70.41153278045124, 18.701934954983056], [-70.41173255048814, 18.70221207487174], [-70.41217624011067, 18.702017734649047], [-70.412423579926, 18.701954784523537], [-70.41260001992177, 18.702134654427184], [-70.41271653998635, 18.702372194359953], [-70.41286096010685, 18.702737944274464], [-70.41291963011784, 18.702819584241755], [-70.41271517032101, 18.702960624342808], [-70.41242761057471, 18.70310248448666], [-70.41296814058468, 18.703693914190236], [-70.41315596065866, 18.704023724083463], [-70.41315383066069, 18.70402505408452]]]]}, "geometry_name": "the_geom", "properties": {"AREA": 146300.452, "PARCELA": "43", "PROVINCIA": "Peravia", "MUNICIPIO": "San Jos\u00e9 de Ocoa", "DC": "2", "area_calc_m2": 146300, "touches_family_land": false, "owner": null, "owner_source": null, "family": false, "shift_note": "RI historic layer shifted -11.0 m E, -10.5 m N to the plano 2026 frame"}}, {"type": "Feature", "id": "ParcelasHistoricas.381291", "geometry": {"type": "MultiPolygon", "coordinates": [[[[-70.39662788863801, 18.753294541131876], [-70.39667196844907, 18.753009661117588], [-70.39689221815195, 18.752721401012302], [-70.39704789800476, 18.752627950934592], [-70.39737048770468, 18.752442940773328], [-70.39749680743593, 18.752105010718093], [-70.3976421872095, 18.751861550650204], [-70.39802500697216, 18.751850410452615], [-70.39826680677818, 18.751766040330118], [-70.39843499659621, 18.751624790247384], [-70.3987599163077, 18.75146251008426], [-70.39908571600681, 18.751279449921295], [-70.39924558579605, 18.75107878984466], [-70.39929064565978, 18.750887289827084], [-70.39938472546362, 18.750642609785775], [-70.39941410531999, 18.750421559777205], [-70.39945245515362, 18.7501701197649], [-70.39957293490482, 18.749860939711873], [-70.39957159465553, 18.749421819725708], [-70.39953670454413, 18.749189259750704], [-70.39954506446496, 18.749059119750278], [-70.39958327435089, 18.748899309735307], [-70.39958839426485, 18.74875364973702], [-70.39951988416415, 18.74850425977989], [-70.39956117394757, 18.748167719768617], [-70.39967466378863, 18.748008839714718], [-70.39989280362416, 18.747951139603696], [-70.40009072350328, 18.747948609501478], [-70.40038977329932, 18.747907309348154], [-70.40068244301844, 18.747724159202384], [-70.40098962270721, 18.74750309905026], [-70.40126432247656, 18.747389128911706], [-70.40145439227433, 18.74723537881809], [-70.40152916201693, 18.746862538790626], [-70.40165353167723, 18.74639770874029], [-70.40171454142987, 18.74602790871985], [-70.40169798119298, 18.74559430874141], [-70.40168257090001, 18.745063408765294], [-70.401600590538, 18.74434061882933], [-70.40160212025138, 18.743838788843586], [-70.40153662004695, 18.743410238890277], [-70.40145088991491, 18.743087458944245], [-70.4013685997385, 18.742690328998666], [-70.40136100948128, 18.742230389016374], [-70.40152773917521, 18.741869388941055], [-70.4019450786152, 18.741327788741696], [-70.40224869847259, 18.74139900858272], [-70.40240562847181, 18.741563978496703], [-70.40263867832651, 18.741555708376556], [-70.40448471702099, 18.741218587433114], [-70.40414492697583, 18.74077899762184], [-70.40390794695146, 18.74048494775308], [-70.40383898698471, 18.740470287789137], [-70.40380694692043, 18.740323337810104], [-70.4037239468814, 18.740166797857675], [-70.40396308650625, 18.73976106774635], [-70.40418756632728, 18.73968448763271], [-70.40459888600591, 18.739555767424147], [-70.40476698575733, 18.739297107345106], [-70.40505202554063, 18.739218467200264], [-70.40532385530629, 18.739094837063597], [-70.40590856485989, 18.738930166766604], [-70.4059434648676, 18.73898075674705], [-70.40594663493857, 18.739108836741565], [-70.40602340564395, 18.740429976662135], [-70.4060518757673, 18.740676966639988], [-70.40615395583754, 18.7409086565803], [-70.40706900554073, 18.741357296094193], [-70.40726839548327, 18.74146776598789], [-70.40754982544874, 18.74170551583538], [-70.40773763545603, 18.741917485732], [-70.4083813953345, 18.742386635385376], [-70.40864963532381, 18.742652325238826], [-70.40885886537868, 18.742970665121167], [-70.40895556544291, 18.74318608506472], [-70.40911057545972, 18.743380044978803], [-70.4092463156067, 18.74378235489656], [-70.4093926157015, 18.744104134811284], [-70.40962353567237, 18.744297834686165], [-70.40972770588742, 18.744786244617615], [-70.40981266600409, 18.745081384564816], [-70.41000208606795, 18.745394524457517], [-70.41028312603143, 18.745628474305292], [-70.41022615628475, 18.74601318432309], [-70.41007569661477, 18.746433514388087], [-70.41005960674677, 18.746648374389913], [-70.40994107702176, 18.747005844440327], [-70.40985113728134, 18.747366534475894], [-70.40970539749225, 18.74758254454465], [-70.40939675792454, 18.748014714691017], [-70.40950306797656, 18.748218844629932], [-70.40953037807779, 18.748425664609574], [-70.40972870816002, 18.748780474496407], [-70.40981954821022, 18.74896503444391], [-70.40990693833469, 18.749276394389355], [-70.40992956845001, 18.749502974370817], [-70.41003919862338, 18.749923824301455], [-70.41010606864509, 18.750032894263622], [-70.41028921865619, 18.750246674162543], [-70.41029438884904, 18.75059089414947], [-70.41004357940083, 18.751294224257776], [-70.40995732954586, 18.751457494297416], [-70.40981155973124, 18.75162849436756], [-70.4094405200889, 18.75186322455217], [-70.40915260040018, 18.752104634693644], [-70.40906675052207, 18.75222766473429], [-70.40903204070668, 18.752515084743546], [-70.40888586096231, 18.752809044810192], [-70.4086478812849, 18.7531232349237], [-70.40860230152191, 18.75349113493614], [-70.40859075167162, 18.753741804934545], [-70.40853955195492, 18.754185024947635], [-70.40852983218778, 18.75458365494063], [-70.40850324234036, 18.754823384947137], [-70.40847616252996, 18.755127604951948], [-70.40846003266707, 18.755351244953538], [-70.40838362279747, 18.755499204988563], [-70.40837213283335, 18.755549994992972], [-70.40812191295342, 18.755495565123926], [-70.40796035301614, 18.755434375209266], [-70.40763471307635, 18.755194785384788], [-70.40740470316558, 18.755107605506296], [-70.40704099342177, 18.755171835692348], [-70.40682872355043, 18.755172725802026], [-70.40662620369756, 18.755216325905383], [-70.40644873376164, 18.755140655999394], [-70.40604254397297, 18.75508110621113], [-70.40584954407667, 18.755058596311564], [-70.40561322413336, 18.754907616438253], [-70.40519954440272, 18.754941986651048], [-70.40488499464249, 18.755029526811004], [-70.40476908475146, 18.755097996868855], [-70.40463254485685, 18.75513830693822], [-70.40442285492263, 18.75503150704983], [-70.40423801504548, 18.75505125714478], [-70.40409981504551, 18.75490487722061], [-70.40378258519286, 18.754827287386927], [-70.40350001533257, 18.754773097534628], [-70.40323958548774, 18.75476949766936], [-70.40306914558187, 18.754754107757925], [-70.40281197585561, 18.754962127884635], [-70.40257479600108, 18.754966138007124], [-70.4023581061757, 18.75504304811684], [-70.4021780363168, 18.755099898208226], [-70.40193774642665, 18.75503813833431], [-70.4017421265674, 18.755077918434257], [-70.40148695667689, 18.754999728568517], [-70.40116881690939, 18.755070718730874], [-70.40098991707967, 18.755180058820088], [-70.40061570726614, 18.75511087901564], [-70.4004128973721, 18.755082009121367], [-70.4001667574475, 18.754953549252466], [-70.39964700779036, 18.75500470951967], [-70.3993531380628, 18.75517158966663], [-70.39899392838315, 18.755353289846934], [-70.3987556585997, 18.75548091996632], [-70.39844347878457, 18.755474690127937], [-70.39822822894567, 18.755529440237616], [-70.39814216896559, 18.755473240283795], [-70.39799090905555, 18.75547090036208], [-70.3978478192013, 18.755575110432968], [-70.39758288935364, 18.755561880570365], [-70.39757889923183, 18.755343890578935], [-70.3975923391061, 18.75513746057814], [-70.39759192895065, 18.754864230586524], [-70.39764641878324, 18.75462817056539], [-70.39756332878133, 18.754536790611084], [-70.39748127875627, 18.754405930657423], [-70.39740763860394, 18.75406059070581], [-70.39735544854182, 18.75389627073771], [-70.39724976854119, 18.753783270795722], [-70.39722307849345, 18.753671190812877], [-70.39684647860443, 18.753467111013695], [-70.39680014856505, 18.75334895104119], [-70.39662788863801, 18.753294541131876]]]]}, "geometry_name": "the_geom", "properties": {"AREA": 1569450.248, "PARCELA": "48-B", "PROVINCIA": "Peravia", "MUNICIPIO": "San Jos\u00e9 de Ocoa", "DC": "2", "area_calc_m2": 1569450, "touches_family_land": false, "owner": null, "owner_source": null, "family": false, "shift_note": "RI historic layer shifted -11.0 m E, -10.5 m N to the plano 2026 frame"}}, {"type": "Feature", "id": "ParcelasHistoricas.218971", "geometry": {"type": "MultiPolygon", "coordinates": [[[[-70.40268295099753, 18.763848997684697], [-70.40205852141732, 18.763923808005423], [-70.40134577207697, 18.764325878362047], [-70.39919174371806, 18.76492266945849], [-70.39865959401912, 18.764887069734865], [-70.39848496354956, 18.76387860985535], [-70.39843677322652, 18.76326092989874], [-70.39868240294389, 18.763025309778705], [-70.39915930222263, 18.76226524955473], [-70.39932812192077, 18.761914549477897], [-70.3996557415083, 18.761537969319697], [-70.39995503121173, 18.761334729170983], [-70.4000318812103, 18.761413599128865], [-70.4004757007419, 18.761061968909836], [-70.40074841053686, 18.760991148770913], [-70.40137102001928, 18.760742638456357], [-70.40259497942911, 18.761003937815545], [-70.40299874820997, 18.759292387658114], [-70.4025536082892, 18.758959717898264], [-70.4028979679018, 18.758644757729662], [-70.4038216467947, 18.757680537281033], [-70.40282470621581, 18.755607927858676], [-70.40343643518212, 18.75444158757745], [-70.40462452463397, 18.754738486954395], [-70.40544999414222, 18.754750126527362], [-70.40559551407, 18.754777566451324], [-70.40586047391982, 18.754794766313857], [-70.40635653372685, 18.754981846051827], [-70.40661261357306, 18.75498332591943], [-70.40675845350646, 18.755020975842914], [-70.40692206340704, 18.755019885758387], [-70.40705588334345, 18.755050095688308], [-70.40846522342262, 18.75668342491066], [-70.40922420300896, 18.756761934516014], [-70.40946748300632, 18.75701526438264], [-70.40961427292211, 18.757023074306534], [-70.40985266296032, 18.757342984173675], [-70.40992463304751, 18.757572394129543], [-70.40975478333989, 18.75790565420726], [-70.40970177342365, 18.757996464231912], [-70.40965805355813, 18.75818620424878], [-70.4095453939864, 18.758818684287913], [-70.40971036484503, 18.760500994151823], [-70.4109617850587, 18.76220323345349], [-70.41109798533958, 18.76284072336381], [-70.41111053571416, 18.763511493337028], [-70.40974060737945, 18.764981494000864], [-70.40857844829358, 18.765353414590557], [-70.40727197877703, 18.764816665282318], [-70.40624823940685, 18.764836565811116], [-70.40580957958737, 18.764688336042433], [-70.40484032011943, 18.764594586546515], [-70.40268668099316, 18.76384526768288], [-70.40268295099753, 18.763848997684697]]]]}, "geometry_name": "the_geom", "properties": {"AREA": 932780.622, "PARCELA": "73", "PROVINCIA": "La Vega", "MUNICIPIO": "Monse?or Nouel", "DC": "4", "area_calc_m2": 932780, "touches_family_land": false, "owner": null, "owner_source": null, "family": false, "shift_note": "RI historic layer shifted -11.0 m E, -10.5 m N to the plano 2026 frame"}}, {"type": "Feature", "id": "ParcelasHistoricas.207942", "geometry": {"type": "MultiPolygon", "coordinates": [[[[-70.40187561543594, 18.68284449053293], [-70.4019868352395, 18.682615940482528], [-70.40214010496878, 18.68230098041307], [-70.40231680470995, 18.68203185033017], [-70.40234516461929, 18.681902000319468], [-70.4025343343152, 18.681566210232162], [-70.40271654408569, 18.68135462014471], [-70.40308968371676, 18.681099559960263], [-70.40342207335263, 18.680809759797864], [-70.40355052323366, 18.680736149733946], [-70.40387750277017, 18.680265299579787], [-70.4040339120015, 18.679074919535097], [-70.40395836186367, 18.678751569583714], [-70.40409930087465, 18.677155749559212], [-70.40385347082817, 18.676812879696055], [-70.40382275068286, 18.676523899720568], [-70.40385668048972, 18.676219019712285], [-70.40407553009507, 18.675754659613627], [-70.40456399999054, 18.676088479352178], [-70.40488335988171, 18.676235269183397], [-70.4050860500667, 18.67677684906277], [-70.40513396041963, 18.6774505690178], [-70.40537975039959, 18.677676048884507], [-70.40569638029744, 18.677831758716852], [-70.40579176050353, 18.67829668865375], [-70.4058867505244, 18.678434348600707], [-70.4061068305728, 18.67875326847782], [-70.40629051045497, 18.67874027838368], [-70.40632926071372, 18.67923805834872], [-70.40618180096493, 18.679524898415956], [-70.40572872151691, 18.680018118634294], [-70.40540915200174, 18.680534528783227], [-70.40375418418543, 18.682631349572066], [-70.40366759439556, 18.68291016960827], [-70.40336477471264, 18.68314827975702], [-70.40307569509342, 18.683513279894886], [-70.40258656537249, 18.683486700147547], [-70.40230035551154, 18.68342836029668], [-70.4018459755172, 18.68295637054483], [-70.40187561543594, 18.68284449053293]]]]}, "geometry_name": "the_geom", "properties": {"AREA": 147752.989, "PARCELA": "209", "PROVINCIA": "Peravia", "MUNICIPIO": "San Jos\u00e9 de Ocoa", "DC": "2", "area_calc_m2": 147753, "touches_family_land": false, "owner": null, "owner_source": null, "family": false, "shift_note": "RI historic layer shifted -11.0 m E, -10.5 m N to the plano 2026 frame"}}, {"type": "Feature", "id": "ParcelasHistoricas.389367", "geometry": {"type": "MultiPolygon", "coordinates": [[[[-70.40713904239709, 18.735905696222368], [-70.40695722262457, 18.73611277631], [-70.40688339280534, 18.7363523063409], [-70.4069159129793, 18.73669262631385], [-70.40695380310409, 18.73695215628647], [-70.40693775323767, 18.737170006288185], [-70.40611065417409, 18.73793903669209], [-70.40586208470245, 18.738604166800425], [-70.40590655485786, 18.73892448676781], [-70.40532184530429, 18.739089157064818], [-70.40505001553862, 18.739212777201477], [-70.4047649757553, 18.73929142734632], [-70.40459687600388, 18.739550087425346], [-70.4041875663273, 18.739684497632716], [-70.40396308650625, 18.73976106774635], [-70.4037239468814, 18.74016680785768], [-70.40380694692043, 18.7403233478101], [-70.40383898698471, 18.740470287789137], [-70.40390794695146, 18.74048494775308], [-70.40414492697583, 18.74077899762184], [-70.40448471702099, 18.741218587433114], [-70.40263867832651, 18.741555708376556], [-70.40240562847181, 18.741563978496703], [-70.40224869847259, 18.74139900858272], [-70.4019450786152, 18.741327788741696], [-70.40184671864348, 18.74127324879415], [-70.40175330866117, 18.74120532884444], [-70.40169772857354, 18.740992438879545], [-70.40148354861621, 18.74084043899474], [-70.40150783839601, 18.740479308993027], [-70.40137584829594, 18.74016359907067], [-70.40147988818805, 18.740084279019307], [-70.40184240802121, 18.74017531882931], [-70.4021403475115, 18.739595478692806], [-70.40294716694324, 18.739452078280365], [-70.40311792668192, 18.739173858200516], [-70.40330716641432, 18.738904198110873], [-70.40365820612544, 18.738768617933644], [-70.40373484593104, 18.738508227901885], [-70.40373863571435, 18.73813137791125], [-70.40428989523596, 18.737875017634263], [-70.40479361465428, 18.73738663738882], [-70.40509275454905, 18.73751882723037], [-70.40541929437256, 18.737554817060662], [-70.40549590418779, 18.73731125702844], [-70.40569860398233, 18.737165016928166], [-70.40566643386784, 18.736929636951864], [-70.40590979344408, 18.73644278684087], [-70.40619961317383, 18.736274996696284], [-70.40643958291852, 18.73608064657823], [-70.40713353240045, 18.73590573622521], [-70.40713904239709, 18.735905696222368]]]]}, "geometry_name": "the_geom", "properties": {"AREA": 119724.261, "PARCELA": "2287", "PROVINCIA": "Peravia", "MUNICIPIO": "San Jos\u00e9 de Ocoa", "DC": "2", "area_calc_m2": 119724, "touches_family_land": false, "owner": null, "owner_source": null, "family": false, "shift_note": "RI historic layer shifted -11.0 m E, -10.5 m N to the plano 2026 frame"}}, {"type": "Feature", "id": "ParcelasHistoricas.17970", "geometry": {"type": "MultiPolygon", "coordinates": [[[[-70.40607019111324, 18.67966816846909], [-70.40613979118837, 18.67987458842704], [-70.40612050136039, 18.68015767842843], [-70.40633531131625, 18.68030778831333], [-70.40653419130282, 18.680495148205317], [-70.40656037147085, 18.68081942818205], [-70.406405181683, 18.681029088255617], [-70.40578106228189, 18.681423528564984], [-70.40591667254596, 18.68203334847679], [-70.40572054306067, 18.682733378556648], [-70.4051524436852, 18.683232388834075], [-70.40512778380675, 18.683420648841107], [-70.4049718541309, 18.683827078909143], [-70.40408391505808, 18.684520529345452], [-70.40365649517838, 18.684279299572793], [-70.40340742518687, 18.684030029708538], [-70.4033339551524, 18.68389130975054], [-70.40301089515374, 18.68355095992713], [-70.40329336477951, 18.68319046979252], [-70.4036083044706, 18.6829796496367], [-70.40368578426079, 18.68269173960547], [-70.40531588212184, 18.680647498827827], [-70.40562017164419, 18.680127538686868], [-70.40607054109842, 18.679642398469685], [-70.40607019111324, 18.67966816846909]]]]}, "geometry_name": "the_geom", "properties": {"AREA": 76298, "PARCELA": "250", "PROVINCIA": "Peravia", "MUNICIPIO": "San Jos\u00e9 de Ocoa", "DC": "2", "area_calc_m2": 76298, "touches_family_land": false, "owner": null, "owner_source": null, "family": false, "shift_note": "RI historic layer shifted -11.0 m E, -10.5 m N to the plano 2026 frame"}}, {"type": "Feature", "id": "ParcelasHistoricas.389364", "geometry": {"type": "MultiPolygon", "coordinates": [[[[-70.3889584988645, 18.745572865327244], [-70.38909119877847, 18.745562285258938], [-70.38921369866462, 18.74549213519767], [-70.38928080854369, 18.74535087516715], [-70.38941196839095, 18.745221585103163], [-70.38956744807392, 18.74482965503439], [-70.38950696802705, 18.744683375069993], [-70.38960702776481, 18.744328945028766], [-70.38968480752754, 18.743994794998457], [-70.38978718737013, 18.7438267949505], [-70.38978236729196, 18.74368446495721], [-70.38998530708157, 18.74352996485687], [-70.39013972696739, 18.74349293477813], [-70.39076224657506, 18.743463094457177], [-70.39100017634054, 18.743303204338922], [-70.39136703619083, 18.74342871414553], [-70.39158069606589, 18.743435534034877], [-70.39193283582115, 18.743378613854535], [-70.39221257553531, 18.743172893716036], [-70.39253998528267, 18.74307596354967], [-70.39276777503075, 18.742874783437895], [-70.39302700463618, 18.742456403316346], [-70.39315247449085, 18.742334063255132], [-70.39335030433291, 18.742266213154895], [-70.39354588410701, 18.742076623059447], [-70.39359978389064, 18.741753683041193], [-70.39377480362835, 18.74147839295893], [-70.3938916133627, 18.74113557290876], [-70.39390177319203, 18.740846602912114], [-70.39391304302005, 18.74055649291493], [-70.39413585272067, 18.74026665280841], [-70.39423398247196, 18.739933742767604], [-70.39451989186409, 18.73916886264264], [-70.3945270115116, 18.738557202657177], [-70.39469756123069, 18.738244412578368], [-70.39483791094412, 18.737889642516414], [-70.39499007062525, 18.737490672449674], [-70.39516403019287, 18.736915282376945], [-70.39515673011219, 18.736765822385177], [-70.39486347996575, 18.736197982553605], [-70.3951754794053, 18.73554375241191], [-70.39535090911139, 18.735213142331133], [-70.39534166897444, 18.734962742343374], [-70.39527785892268, 18.73480422238106], [-70.39502559907602, 18.734806452511314], [-70.39458752920467, 18.734568532744717], [-70.39321700915693, 18.73303324349846], [-70.39277176882862, 18.73198493375966], [-70.39260152873189, 18.731634663858017], [-70.39304717845884, 18.73162677362804], [-70.39339153815932, 18.731465113454966], [-70.3936982377627, 18.73109292330761], [-70.3943835771213, 18.73069151296556], [-70.39476437685462, 18.730626142770827], [-70.39543128629414, 18.73034746243468], [-70.39559905609133, 18.73016870235336], [-70.39604641575849, 18.730057552125636], [-70.39597164609125, 18.730563252149167], [-70.3959530062043, 18.73074218215346], [-70.39594193646218, 18.731183712146002], [-70.39628357619557, 18.731077011972744], [-70.39646536611939, 18.731135701877104], [-70.39664401600065, 18.73111626178541], [-70.39696801587385, 18.731236631614493], [-70.3972599957396, 18.731309961461502], [-70.39742515565479, 18.731335881375433], [-70.39765114561847, 18.73151148125348], [-70.39782282559433, 18.73165095116064], [-70.39800679559762, 18.73185164105964], [-70.39830435556955, 18.73211757089801], [-70.39897614557401, 18.73283722052955], [-70.39918277571832, 18.733309810408706], [-70.39978014567934, 18.733874340083293], [-70.39982784582605, 18.734182730049433], [-70.39976785606007, 18.734530450069993], [-70.39975397620513, 18.734770700069976], [-70.39981378630605, 18.73501144003188], [-70.39961793657491, 18.735276440125094], [-70.39953896673953, 18.735482040159734], [-70.39948472694041, 18.7357776301789], [-70.39936662711827, 18.735965010234292], [-70.39922696747152, 18.73643781029228], [-70.39920142757322, 18.73658948030094], [-70.39931246761692, 18.736783930237763], [-70.3994306576142, 18.736904400173106], [-70.39953750770654, 18.73717984010967], [-70.3994144480024, 18.737569360161583], [-70.3994625981553, 18.737889020127138], [-70.39999819779185, 18.7378179098526], [-70.40040832762145, 18.737953089636694], [-70.40065442740442, 18.737832509513197], [-70.40104883710043, 18.737716309312955], [-70.40132664684334, 18.73755893917418], [-70.40162864661181, 18.737472159020793], [-70.40200372614922, 18.73705669883953], [-70.40231503563662, 18.736485718695892], [-70.403721373825, 18.734792158020515], [-70.40468702349673, 18.735238867508468], [-70.40643958291852, 18.73608064657823], [-70.40619961317383, 18.736274996696284], [-70.40590979344408, 18.73644278684087], [-70.40566643386784, 18.736929636951864], [-70.40569860398233, 18.737165016928166], [-70.40549795418569, 18.737309777027424], [-70.40541929437256, 18.737554817060662], [-70.40509275454905, 18.73751882723037], [-70.40479361465428, 18.73738663738882], [-70.40428989523596, 18.737875017634263], [-70.40373863571435, 18.73813137791125], [-70.40373484593104, 18.738508227901885], [-70.40365820612544, 18.738768617933644], [-70.40330716641432, 18.738904198110873], [-70.40312764666162, 18.739148488196257], [-70.40294716694324, 18.739452078280365], [-70.4021403475115, 18.739595478692806], [-70.40184240802121, 18.74017531882931], [-70.40147988818805, 18.740084279019307], [-70.40137584829594, 18.74016359907067], [-70.40150783839601, 18.740479308993027], [-70.40148354861621, 18.74084043899474], [-70.40169772857354, 18.740992438879545], [-70.40175330866117, 18.74120532884444], [-70.40184671864348, 18.74127324879415], [-70.40193819861717, 18.74132396874537], [-70.40153745915491, 18.741844028936804], [-70.40137073946096, 18.742205019012115], [-70.40137831971819, 18.74266495899441], [-70.40146060989463, 18.74306208893999], [-70.40154635002663, 18.743384878886012], [-70.40161184023108, 18.743813428839317], [-70.40161031051768, 18.744315258825065], [-70.40169229087972, 18.74503804876103], [-70.40170770117268, 18.74556894873715], [-70.40172426140956, 18.746002548715587], [-70.40166325165691, 18.746372348736035], [-70.40153888199663, 18.746837178786365], [-70.40146411225402, 18.747210018813828], [-70.40127404245625, 18.747363758907436], [-70.4009993426869, 18.747477729045986], [-70.40069216299813, 18.74769878919812], [-70.40039949327901, 18.747881939343895], [-70.40010044348298, 18.747923249497216], [-70.39990252360383, 18.747925769599426], [-70.39968456376818, 18.74798341971037], [-70.39957107392712, 18.74814230976426], [-70.3995297841437, 18.748478849775537], [-70.3995982942444, 18.748728229732663], [-70.39959318433046, 18.748873899730942], [-70.39955496444452, 18.74903369974591], [-70.39954661452369, 18.749163839746334], [-70.39958149463509, 18.749396399721352], [-70.39958283488438, 18.74983552970752], [-70.39945245515362, 18.7501701197649], [-70.39941410531999, 18.750421559777205], [-70.39938472546362, 18.750642609785775], [-70.39929064565978, 18.750887289827084], [-70.39924558579605, 18.75107878984466], [-70.39908571600681, 18.751279439921298], [-70.3987599163077, 18.75146251008426], [-70.39843499659621, 18.751624790247384], [-70.39826680677818, 18.751766040330118], [-70.39802500697216, 18.751850410452615], [-70.3976421972095, 18.751861550650197], [-70.39749680743593, 18.752105010718093], [-70.39737049770467, 18.752442930773313], [-70.39704789800476, 18.752627950934592], [-70.39689222815193, 18.752721401012295], [-70.39667196844907, 18.753009661117588], [-70.39662788863801, 18.753294541131876], [-70.39639733870798, 18.753173211254712], [-70.39623891875526, 18.753088401339166], [-70.39596265879028, 18.752857331488908], [-70.39572285885184, 18.75271141161726], [-70.39549279897116, 18.75267722173724], [-70.39532723904028, 18.75262321182447], [-70.39483678924078, 18.752455762083077], [-70.3946863492142, 18.752249802167007], [-70.394500659303, 18.752209062264246], [-70.3943405894101, 18.75222751234647], [-70.39407104952323, 18.752140672488444], [-70.39377082961202, 18.751978632648523], [-70.39354206974117, 18.75196307276729], [-70.39316310988282, 18.751810432967805], [-70.39291987994761, 18.751666653097868], [-70.39243032009409, 18.75140545335881], [-70.39222858018665, 18.751354303464662], [-70.39169624038941, 18.751146633746142], [-70.39125934060439, 18.75106143397463], [-70.39106313077919, 18.751160454073172], [-70.39085968079763, 18.75097747418382], [-70.39083195073336, 18.75083533420238], [-70.39068508081836, 18.75082906427853], [-70.39047005090895, 18.75076044439178], [-70.39026063106056, 18.750804844498777], [-70.39005629113383, 18.75071713460706], [-70.38988535122085, 18.75068895469631], [-70.38977379123776, 18.750600544756633], [-70.38964691130008, 18.750575584822993], [-70.38952529133424, 18.750506824887943], [-70.38912100149165, 18.750355215101543], [-70.38894157146377, 18.75011643520142], [-70.38905416135123, 18.750038095145506], [-70.38932607108731, 18.749862735010066], [-70.38939965075018, 18.749349034987226], [-70.38954835055372, 18.74916162491588], [-70.38951568039562, 18.74884964494202], [-70.38944768028833, 18.748589414984895], [-70.38944977019013, 18.74841928498886], [-70.38937201015418, 18.748273885033388], [-70.38940815001804, 18.74807324502063], [-70.38940264974217, 18.747583275037996], [-70.38944956960573, 18.747393485019362], [-70.38940857943406, 18.74704881505077], [-70.3891097193798, 18.746637325217513], [-70.38904638930646, 18.746441575256057], [-70.38902382915768, 18.74615659527617], [-70.38891653910548, 18.74595140533773], [-70.38892294899613, 18.745766275339896], [-70.38888323897618, 18.745689225362717], [-70.3889584988645, 18.745572865327244]]]]}, "geometry_name": "the_geom", "properties": {"AREA": 2138251.838, "PARCELA": "48-(POR-A)", "PROVINCIA": "Peravia", "MUNICIPIO": "San Jos\u00e9 de Ocoa", "DC": "2", "area_calc_m2": 2138252, "touches_family_land": false, "owner": null, "owner_source": null, "family": false, "shift_note": "RI historic layer shifted -11.0 m E, -10.5 m N to the plano 2026 frame"}}, {"type": "Feature", "id": "ParcelasHistoricas.207950", "geometry": {"type": "MultiPolygon", "coordinates": [[[[-70.40355052323366, 18.680736149733946], [-70.40325154332805, 18.680585499892402], [-70.4026881535446, 18.680369890188928], [-70.40243439355515, 18.680119310327104], [-70.40236575346105, 18.679880460369613], [-70.40218003349872, 18.679749950469155], [-70.40180800354075, 18.67942948067031], [-70.40270920218471, 18.677992830249547], [-70.40237591178065, 18.676926240453167], [-70.402425781216, 18.675982670455863], [-70.40210981091838, 18.67512222064435], [-70.40193632075497, 18.674649800747837], [-70.40155090085835, 18.67442341095301], [-70.40145151075276, 18.67413163101293], [-70.40244221019742, 18.674202450500914], [-70.4026321700606, 18.674162480404352], [-70.40287375010226, 18.674492290270102], [-70.40355344985528, 18.674777489911715], [-70.40390521961174, 18.674720879732387], [-70.40422990947198, 18.674818709562345], [-70.40405024975333, 18.67512467964559], [-70.40416849992741, 18.675557389571708], [-70.40407553009507, 18.675754659613627], [-70.40385668048972, 18.676219019712285], [-70.40382275068286, 18.676523899720568], [-70.40385347082817, 18.676812879696055], [-70.40409930087465, 18.677155749559212], [-70.40395836186367, 18.678751569583714], [-70.4040339120015, 18.679074919535097], [-70.40387750277017, 18.680265299579787], [-70.40355052323366, 18.680736149733946]]]]}, "geometry_name": "the_geom", "properties": {"AREA": 120291.487, "PARCELA": "97", "PROVINCIA": "Peravia", "MUNICIPIO": "San Jos\u00e9 de Ocoa", "DC": "2", "area_calc_m2": 120292, "touches_family_land": false, "owner": null, "owner_source": null, "family": false, "shift_note": "RI historic layer shifted -11.0 m E, -10.5 m N to the plano 2026 frame"}}, {"type": "Feature", "id": "ParcelasHistoricas.207946", "geometry": {"type": "MultiPolygon", "coordinates": [[[[-70.40122974501286, 18.681413150908472], [-70.40143117449936, 18.680720950825542], [-70.40055443397087, 18.678858691332827], [-70.399777563502, 18.677207561782314], [-70.39914124352725, 18.676577312128796], [-70.398859923434, 18.67611445228749], [-70.39869207340146, 18.675879042380952], [-70.39854152340324, 18.675722532463144], [-70.39837966331356, 18.67539268255635], [-70.39809959319288, 18.674882762715793], [-70.39798196313905, 18.67466303278293], [-70.39791370302935, 18.674397102826028], [-70.39785710285918, 18.67403679286595], [-70.39834392205064, 18.673126272642605], [-70.39872009155843, 18.672656532463037], [-70.39886442126472, 18.672291232399704], [-70.39918895088951, 18.671973192242195], [-70.39985862069541, 18.6723408518865], [-70.39944485123623, 18.67285649208401], [-70.39929003143857, 18.67304942215791], [-70.39952420139457, 18.673220112032265], [-70.40011978108718, 18.673309271723042], [-70.40055497099704, 18.67361178148998], [-70.4010306507423, 18.6736667312435], [-70.40131952064773, 18.673806221090633], [-70.40170404040278, 18.67378179089346], [-70.40145151075276, 18.67413163101293], [-70.40155090085835, 18.67442341095301], [-70.40193632075497, 18.674649800747837], [-70.40210981091838, 18.67512222064435], [-70.402425781216, 18.675982670455863], [-70.40237591178065, 18.676926240453167], [-70.40270920218471, 18.677992830249547], [-70.40180800354075, 18.67942948067031], [-70.40218003349872, 18.679749950469155], [-70.40236575346105, 18.679880460369613], [-70.40243439355515, 18.680119310327104], [-70.4026881535446, 18.680369890188928], [-70.40325154332805, 18.680585499892402], [-70.40355052323366, 18.680736149733946], [-70.40342207335263, 18.680809759797864], [-70.40308968371676, 18.681099559960263], [-70.40271654408569, 18.68135462014471], [-70.4025343343152, 18.681566210232162], [-70.40234516461929, 18.681902000319468], [-70.40231680470995, 18.68203185033017], [-70.40214010496878, 18.68230098041307], [-70.4019868352395, 18.682615940482528], [-70.40187561543594, 18.68284449053293], [-70.40176249537932, 18.682624630597786], [-70.40156799528195, 18.682246600709284], [-70.4015744450717, 18.6818825707169], [-70.4015384150357, 18.681780820738506], [-70.40145178494912, 18.68153620079045], [-70.40122974501286, 18.681413150908472]]]]}, "geometry_name": "the_geom", "properties": {"AREA": 269575.033, "PARCELA": "207", "PROVINCIA": "Peravia", "MUNICIPIO": "San Jos\u00e9 de Ocoa", "DC": "2", "area_calc_m2": 269575, "touches_family_land": false, "owner": null, "owner_source": null, "family": false, "shift_note": "RI historic layer shifted -11.0 m E, -10.5 m N to the plano 2026 frame"}}, {"type": "Feature", "id": "ParcelasHistoricas.207953", "geometry": {"type": "MultiPolygon", "coordinates": [[[[-70.40187561543594, 18.68284449053293], [-70.4018459755172, 18.68295637054483], [-70.40230035551154, 18.68342836029668], [-70.40258656537249, 18.683486700147547], [-70.40307569509342, 18.683513279894886], [-70.40337401511667, 18.683870779730537], [-70.40328611626192, 18.685797509717847], [-70.40292733685989, 18.686471529882347], [-70.40280213704168, 18.68665932994118], [-70.40241177737822, 18.686838740136835], [-70.40219298753354, 18.686880610248256], [-70.40165612797422, 18.687088280518516], [-70.40147403808876, 18.687097190612036], [-70.40129652815209, 18.68702057070577], [-70.40063736853111, 18.686989861046204], [-70.40033979876267, 18.687082601196696], [-70.39996094889943, 18.686921991396655], [-70.39971071912217, 18.68704939152173], [-70.39902086948291, 18.68695396187994], [-70.39868307969601, 18.686971562053415], [-70.39875874940635, 18.686541052027334], [-70.39891856902375, 18.686035901960135], [-70.39893518870353, 18.685488901967954], [-70.3989599985787, 18.685295111960983], [-70.39964020698035, 18.683197711673483], [-70.39966543684018, 18.682977221667098], [-70.39988511667615, 18.682920891555657], [-70.40032142646386, 18.683009191328313], [-70.40168714553484, 18.682819020630742], [-70.40187561543594, 18.68284449053293]]]]}, "geometry_name": "the_geom", "properties": {"AREA": 184869.153, "PARCELA": "214", "PROVINCIA": "Peravia", "MUNICIPIO": "San Jos\u00e9 de Ocoa", "DC": "2", "area_calc_m2": 184869, "touches_family_land": false, "owner": null, "owner_source": null, "family": false, "shift_note": "RI historic layer shifted -11.0 m E, -10.5 m N to the plano 2026 frame"}}, {"type": "Feature", "id": "ParcelasHistoricas.26599", "geometry": {"type": "MultiPolygon", "coordinates": [[[[-70.39630424578006, 18.730368591983208], [-70.39637527558581, 18.730102411954462], [-70.39730177489002, 18.729860901483214], [-70.39767257444294, 18.729467821303473], [-70.3978189743248, 18.729415251229447], [-70.39836657389381, 18.72923779095199], [-70.39825840371915, 18.72881611102046], [-70.39819760351888, 18.72839957106431], [-70.39772061376995, 18.728335571312503], [-70.3975447036404, 18.72792146141571], [-70.39799003341602, 18.727998811183458], [-70.3984098233603, 18.72834566095634], [-70.39917718283839, 18.728241150563267], [-70.3993674726105, 18.72804213047098], [-70.3994861125457, 18.728053940409367], [-70.3995353824562, 18.727948750387082], [-70.39954118239704, 18.727850890387018], [-70.39955239222702, 18.727563790389823], [-70.3996879517336, 18.726839830341518], [-70.39974682158321, 18.726637790317174], [-70.40012714145244, 18.726810870115656], [-70.40022971146698, 18.72694515005868], [-70.40024888154731, 18.72710674004394], [-70.40001271189078, 18.727460420155275], [-70.40039963174752, 18.72761853995079], [-70.40071251148497, 18.72748849979316], [-70.400905381472, 18.727670129688153], [-70.40116276129119, 18.727624969556636], [-70.40125892137063, 18.727866559499756], [-70.40142716142182, 18.72813491940485], [-70.40165498136132, 18.72827001928319], [-70.4018951813565, 18.728516139151804], [-70.4019776614203, 18.728715789103244], [-70.40404444150958, 18.731063807965775], [-70.39960189508102, 18.732633770212484], [-70.39872855563439, 18.732681030662096], [-70.39844413555673, 18.73224315082208], [-70.39637573605151, 18.730921451929785], [-70.39646211589285, 18.73073410189076], [-70.39630424578006, 18.730368591983208]]]]}, "geometry_name": "the_geom", "properties": {"AREA": 274722, "PARCELA": "4007", "PROVINCIA": "Peravia", "MUNICIPIO": "San Jos\u00e9 de Ocoa", "DC": "2", "area_calc_m2": 274722, "touches_family_land": false, "owner": null, "owner_source": null, "family": false, "shift_note": "RI historic layer shifted -11.0 m E, -10.5 m N to the plano 2026 frame"}}, {"type": "Feature", "id": "ParcelasHistoricas.207945", "geometry": {"type": "MultiPolygon", "coordinates": [[[[-70.40055443397087, 18.678858691332827], [-70.40143117449936, 18.680720950825542], [-70.40122974501286, 18.681413150908472], [-70.40010795498101, 18.680167211523464], [-70.3991482850388, 18.679251472045046], [-70.39952013467995, 18.67901275186074], [-70.40015285418977, 18.678818971540778], [-70.4004534940231, 18.678843791385248], [-70.40055415397015, 18.67885713133302], [-70.40055443397087, 18.678858691332827]]]]}, "geometry_name": "the_geom", "properties": {"AREA": 28982.523, "PARCELA": "206-A", "PROVINCIA": "Peravia", "MUNICIPIO": "San Jos\u00e9 de Ocoa", "DC": "2", "area_calc_m2": 28983, "touches_family_land": false, "owner": null, "owner_source": null, "family": false, "shift_note": "RI historic layer shifted -11.0 m E, -10.5 m N to the plano 2026 frame"}}, {"type": "Feature", "id": "ParcelasHistoricas.207943", "geometry": {"type": "MultiPolygon", "coordinates": [[[[-70.39966543684018, 18.682977221667098], [-70.39934718696576, 18.68286123183447], [-70.3989162571227, 18.682681102061792], [-70.39746450702727, 18.680973522860565], [-70.3968949872123, 18.680696103162163], [-70.39646853742747, 18.680623503383956], [-70.39619610752162, 18.68050073352793], [-70.396265247085, 18.679803993513136], [-70.39677906671082, 18.679688743251965], [-70.39684080642014, 18.679241503233538], [-70.39680436618697, 18.678791603265758], [-70.39659130614413, 18.678490113384488], [-70.3959734563105, 18.67812862371346], [-70.39572289613918, 18.677560813859447], [-70.39561884606803, 18.67732502392007], [-70.39535439612128, 18.677138614061803], [-70.39543355593347, 18.676891244028425], [-70.39583417560345, 18.67673374382684], [-70.39635512510702, 18.676410283568263], [-70.39642245499232, 18.676279303537505], [-70.39770549471358, 18.677147872850906], [-70.398129004703, 18.67757823261997], [-70.39818742482349, 18.67785274258168], [-70.39807057510366, 18.678223092630766], [-70.40010795498101, 18.680167211523464], [-70.40122974501286, 18.681413150908472], [-70.40145178494912, 18.68153620079045], [-70.4015384150357, 18.681780820738506], [-70.4015744450717, 18.6818825707169], [-70.40156799528195, 18.682246600709284], [-70.40176249537932, 18.682624630597786], [-70.40187561543594, 18.68284449053293], [-70.40168714553484, 18.682819020630742], [-70.40032142646386, 18.683009191328313], [-70.39988511667615, 18.682920891555657], [-70.39966543684018, 18.682977221667098]]]]}, "geometry_name": "the_geom", "properties": {"AREA": 205631.043, "PARCELA": "213", "PROVINCIA": "Peravia", "MUNICIPIO": "San Jos\u00e9 de Ocoa", "DC": "2", "area_calc_m2": 205631, "touches_family_land": false, "owner": null, "owner_source": null, "family": false, "shift_note": "RI historic layer shifted -11.0 m E, -10.5 m N to the plano 2026 frame"}}, {"type": "Feature", "id": "ParcelasHistoricas.26595", "geometry": {"type": "MultiPolygon", "coordinates": [[[[-70.39517424040278, 18.719716792884377], [-70.39527916973076, 18.718645902862153], [-70.39563164967923, 18.71892872267179], [-70.39617516943565, 18.719076082386856], [-70.3964080292881, 18.719063222267064], [-70.39703996883563, 18.718936881944686], [-70.39948550629323, 18.71705552073896], [-70.39963140624756, 18.717129850661454], [-70.39969090617343, 18.717062440632773], [-70.4005036854301, 18.7166159202268], [-70.4009306955262, 18.717237699987848], [-70.40088016591909, 18.7178755099948], [-70.40132305599205, 18.71847335974835], [-70.40163425608725, 18.718970789572865], [-70.40135035671689, 18.719777689695146], [-70.40101061693294, 18.719797679869863], [-70.40057449727054, 18.719929360090948], [-70.398349798882, 18.720406401224754], [-70.39804060892747, 18.720158751391732], [-70.39771171902433, 18.719980611566807], [-70.39745626914625, 18.719924421700327], [-70.39721024922127, 18.71979572183114], [-70.39703660943805, 18.71999301191487], [-70.39697767967779, 18.720352281934552], [-70.396879449816, 18.720491301981102], [-70.3967517400499, 18.720767422038776], [-70.39674655016523, 18.72096476203556], [-70.39660138035127, 18.721138142105314], [-70.39668321044445, 18.721388732055594], [-70.39680605046306, 18.721551611987323], [-70.39694775047774, 18.72172757190893], [-70.39717052018953, 18.721456711802027], [-70.39789224955193, 18.72109999144017], [-70.3980785694399, 18.721100361343986], [-70.39792211022444, 18.722314491388442], [-70.39791337034183, 18.722511711387067], [-70.39827589081365, 18.723725621163634], [-70.39824830089614, 18.723841481174414], [-70.39842024092107, 18.7240675210789], [-70.39863051086652, 18.72419442096656], [-70.3986239109126, 18.724268470967754], [-70.39804555125754, 18.7242622212665], [-70.39778745144078, 18.724310981398283], [-70.39788078125983, 18.72409162135666], [-70.39696707146946, 18.72349216184625], [-70.39687113137265, 18.7232202719039], [-70.39700761102439, 18.722752411847416], [-70.39689382076087, 18.722168381923602], [-70.39651673084408, 18.721915242125807], [-70.39611612119467, 18.722107352326873], [-70.3958222813307, 18.7220352924807], [-70.39587025114338, 18.721756692464258], [-70.39574805086096, 18.721130502546018], [-70.39556736087856, 18.720970052644077], [-70.39518183068598, 18.720222962865364], [-70.39527433043723, 18.71988341282774], [-70.39517424040278, 18.719716792884377]]]]}, "geometry_name": "the_geom", "properties": {"AREA": 210215, "PARCELA": "4003", "PROVINCIA": "Peravia", "MUNICIPIO": "San Jos\u00e9 de Ocoa", "DC": "2", "area_calc_m2": 210215, "touches_family_land": false, "owner": null, "owner_source": null, "family": false, "shift_note": "RI historic layer shifted -11.0 m E, -10.5 m N to the plano 2026 frame"}}, {"type": "Feature", "id": "ParcelasHistoricas.207949", "geometry": {"type": "MultiPolygon", "coordinates": [[[[-70.39653595296889, 18.672829613582174], [-70.3970858630303, 18.673521013278414], [-70.397846692895, 18.67408896286975], [-70.39699298378787, 18.674759233289198], [-70.39726948366777, 18.67484048314442], [-70.39740177386071, 18.67532118306193], [-70.39768094405204, 18.675954732899246], [-70.39794987439879, 18.67685166273395], [-70.3980850642926, 18.67680764266566], [-70.3984879840822, 18.676863672456538], [-70.39863511393844, 18.67676604238371], [-70.39888042382029, 18.676817742255864], [-70.39929913354072, 18.676768522041776], [-70.39933055351973, 18.676764822025717], [-70.399777563502, 18.677207561782314], [-70.40055415397015, 18.67885713133302], [-70.4004534940231, 18.678843791385248], [-70.40015285418977, 18.678818971540778], [-70.39952013467995, 18.67901275186074], [-70.3991482850388, 18.679251472045046], [-70.39807057510366, 18.678223092630766], [-70.39818742482349, 18.67785274258168], [-70.398129004703, 18.67757823261997], [-70.39770549471358, 18.677147872850906], [-70.39642245499232, 18.676279303537505], [-70.39559192390021, 18.673472084048978], [-70.39537407386217, 18.673174054170037], [-70.39636258286984, 18.672471023682135], [-70.39653342296847, 18.67282618358357], [-70.39653595296889, 18.672829613582174]]]]}, "geometry_name": "the_geom", "properties": {"AREA": 114905.736, "PARCELA": "206-C", "PROVINCIA": "Peravia", "MUNICIPIO": "San Jos\u00e9 de Ocoa", "DC": "2", "area_calc_m2": 114906, "touches_family_land": false, "owner": null, "owner_source": null, "family": false, "shift_note": "RI historic layer shifted -11.0 m E, -10.5 m N to the plano 2026 frame"}}, {"type": "Feature", "id": "ParcelasHistoricas.26601", "geometry": {"type": "MultiPolygon", "coordinates": [[[[-70.39927671159612, 18.726162270574093], [-70.39943424127532, 18.725765060504667], [-70.39980560094655, 18.725580460318486], [-70.39999467098659, 18.72585125021278], [-70.40007122100201, 18.725959520170026], [-70.40014372100482, 18.72604131013015], [-70.40021069100509, 18.72611272009344], [-70.40043631101298, 18.726365739969392], [-70.40059902100185, 18.726518619880814], [-70.40065785094814, 18.726486519851406], [-70.40072425095975, 18.726577319814407], [-70.40048001128352, 18.726887819931186], [-70.40022971146698, 18.72694515005868], [-70.40012148145131, 18.726802870118817], [-70.39974116158207, 18.726629780320337], [-70.39953281155856, 18.726367610435744], [-70.39927671159612, 18.726162270574093]]]]}, "geometry_name": "the_geom", "properties": {"AREA": 10962, "PARCELA": "3998", "PROVINCIA": "Peravia", "MUNICIPIO": "San Jos\u00e9 de Ocoa", "DC": "2", "area_calc_m2": 10962, "touches_family_land": false, "owner": null, "owner_source": null, "family": false, "shift_note": "RI historic layer shifted -11.0 m E, -10.5 m N to the plano 2026 frame"}}, {"type": "Feature", "id": "ParcelasHistoricas.207952", "geometry": {"type": "MultiPolygon", "coordinates": [[[[-70.39761793152822, 18.671434453066933], [-70.39787889151953, 18.67169580292479], [-70.39784852142839, 18.6715027929462], [-70.39776029137708, 18.67131869299713], [-70.39775861092093, 18.67051182302213], [-70.39801836073534, 18.67045973289001], [-70.3983604807285, 18.67081045270342], [-70.39886338064251, 18.671191972433167], [-70.3987824408649, 18.671498662465634], [-70.39918895088951, 18.671973192242195], [-70.39886442126472, 18.672291232399704], [-70.39872009155843, 18.672656532463037], [-70.39834392205064, 18.673126272642605], [-70.39785710285918, 18.67403679286595], [-70.39786330287761, 18.67407592286159], [-70.397846692895, 18.67408896286975], [-70.3970858630303, 18.673521013278414], [-70.39757065228031, 18.672711583053065], [-70.39791749184101, 18.672304122886718], [-70.39756112199302, 18.672194513073435], [-70.39759976167153, 18.671668123069296], [-70.39761710152729, 18.67143196306744], [-70.39761793152822, 18.671434453066933]]]]}, "geometry_name": "the_geom", "properties": {"AREA": 40375.899, "PARCELA": "206-D", "PROVINCIA": "Peravia", "MUNICIPIO": "San Jos\u00e9 de Ocoa", "DC": "2", "area_calc_m2": 40376, "touches_family_land": false, "owner": null, "owner_source": null, "family": false, "shift_note": "RI historic layer shifted -11.0 m E, -10.5 m N to the plano 2026 frame"}}, {"type": "Feature", "id": "ParcelasHistoricas.207951", "geometry": {"type": "MultiPolygon", "coordinates": [[[[-70.39786303287843, 18.674077072861692], [-70.39791370302935, 18.674397102826028], [-70.39798196313905, 18.67466303278293], [-70.39809959319288, 18.674882762715793], [-70.39837966331356, 18.67539268255635], [-70.39854152340324, 18.675722532463144], [-70.39869207340146, 18.675879042380952], [-70.398859923434, 18.67611445228749], [-70.39914124352725, 18.676577312128796], [-70.39933055351973, 18.676764822025717], [-70.39929913354072, 18.676768522041776], [-70.39888042382029, 18.676817742255864], [-70.39863511393844, 18.67676604238371], [-70.3984879840822, 18.676863672456538], [-70.3980850642926, 18.67680764266566], [-70.39794987439879, 18.67685166273395], [-70.39768094405204, 18.675954732899246], [-70.3974017338607, 18.67532110306195], [-70.39726944366774, 18.674840403144437], [-70.39699294378785, 18.67475915328922], [-70.39784665289497, 18.67408888286977], [-70.39786326287759, 18.67407584286161], [-70.39786303287843, 18.674077072861692]]]]}, "geometry_name": "the_geom", "properties": {"AREA": 29222.111, "PARCELA": "206-B", "PROVINCIA": "Peravia", "MUNICIPIO": "San Jos\u00e9 de Ocoa", "DC": "2", "area_calc_m2": 29222, "touches_family_land": false, "owner": null, "owner_source": null, "family": false, "shift_note": "RI historic layer shifted -11.0 m E, -10.5 m N to the plano 2026 frame"}}, {"type": "Feature", "id": "ParcelasHistoricas.26600", "geometry": {"type": "MultiPolygon", "coordinates": [[[[-70.39854441110704, 18.724526181001085], [-70.39835324119494, 18.7244781711012], [-70.39856254099074, 18.72434086099727], [-70.3986239109126, 18.724268470967754], [-70.39864137080133, 18.724091270964042], [-70.39865523074087, 18.723999620959624], [-70.39890842049864, 18.723841950833652], [-70.39904711041078, 18.72383437076229], [-70.39914718039007, 18.72390402070855], [-70.39931778030706, 18.723938810619444], [-70.39962642031072, 18.724272360450147], [-70.39973535025437, 18.724288700393437], [-70.3997026003438, 18.724411270406666], [-70.39955952054598, 18.72461518047442], [-70.39932589082923, 18.724865760587516], [-70.39853625141458, 18.725058370989384], [-70.39858001121698, 18.72475724097579], [-70.39854441110704, 18.724526181001085]]]]}, "geometry_name": "the_geom", "properties": {"AREA": 11605, "PARCELA": "4002", "PROVINCIA": "Peravia", "MUNICIPIO": "San Jos\u00e9 de Ocoa", "DC": "2", "area_calc_m2": 11605, "touches_family_land": false, "owner": null, "owner_source": null, "family": false, "shift_note": "RI historic layer shifted -11.0 m E, -10.5 m N to the plano 2026 frame"}}, {"type": "Feature", "id": "ParcelasHistoricas.207947", "geometry": {"type": "MultiPolygon", "coordinates": [[[[-70.39636540287044, 18.672475083680563], [-70.39613087286705, 18.672220463808905], [-70.39580850279346, 18.671748793988947], [-70.39555882260306, 18.671148174135418], [-70.39573758251126, 18.67117567404258], [-70.39623141243034, 18.671556403776993], [-70.39675552197406, 18.67130684351466], [-70.3971493615429, 18.67096351332221], [-70.39761710152729, 18.67143196306744], [-70.39759976167153, 18.671668123069296], [-70.39756112199302, 18.672194513073435], [-70.39791749184101, 18.672304122886718], [-70.39757065228031, 18.672711583053065], [-70.3970858630303, 18.673521013278414], [-70.39653595296889, 18.672829613582174], [-70.39636540287044, 18.672475083680563]], [[-70.39636540287044, 18.672475083680563], [-70.39636541287045, 18.67247509368056], [-70.39636510287028, 18.672474463680736], [-70.39636540287044, 18.672475083680563]]]]}, "geometry_name": "the_geom", "properties": {"AREA": 32583.925, "PARCELA": "206-E", "PROVINCIA": "Peravia", "MUNICIPIO": "San Jos\u00e9 de Ocoa", "DC": "2", "area_calc_m2": 32584, "touches_family_land": false, "owner": null, "owner_source": null, "family": false, "shift_note": "RI historic layer shifted -11.0 m E, -10.5 m N to the plano 2026 frame"}}, {"type": "Feature", "id": "ParcelasHistoricas.207944", "geometry": {"type": "MultiPolygon", "coordinates": [[[[-70.39619610752162, 18.68050073352793], [-70.3958738277114, 18.680493793694126], [-70.39522005793617, 18.680197214039694], [-70.3937958880124, 18.678822214814215], [-70.39330932813496, 18.67852271507375], [-70.39252954802554, 18.677503395505727], [-70.39232844799734, 18.67724053561712], [-70.39259428739001, 18.676451125503718], [-70.39291302655292, 18.675312435373478], [-70.39282801643374, 18.675012165426196], [-70.39301970616853, 18.674747455335364], [-70.39298560581751, 18.674092135372444], [-70.39279959543246, 18.673215735494328], [-70.39271626488129, 18.672155005568825], [-70.39268387482547, 18.67202221558946], [-70.39320561448952, 18.671982425322017], [-70.39364601415309, 18.671855625099045], [-70.39420675360816, 18.67148845482131], [-70.39488964314553, 18.671396014472506], [-70.39531599285671, 18.671338304254743], [-70.39555882260306, 18.671148174135418], [-70.39580850279346, 18.671748793988947], [-70.39613087286705, 18.672220463808905], [-70.39636258286984, 18.672471023682135], [-70.39537407386217, 18.673174054170037], [-70.39559192390021, 18.673472084048978], [-70.39642245499232, 18.676279303537505], [-70.39635512510702, 18.676410283568263], [-70.39583417560345, 18.67673374382684], [-70.39543355593347, 18.676891244028425], [-70.39535439612128, 18.677138614061803], [-70.39561884606803, 18.67732502392007], [-70.39572289613918, 18.677560813859447], [-70.3959734563105, 18.67812862371346], [-70.39659130614413, 18.678490113384488], [-70.39680436618697, 18.678791603265758], [-70.39684080642014, 18.679241503233538], [-70.39677906671082, 18.679688743251965], [-70.396265247085, 18.679803993513136], [-70.39619610752162, 18.68050073352793]]]]}, "geometry_name": "the_geom", "properties": {"AREA": 301414.416, "PARCELA": "99", "PROVINCIA": "Peravia", "MUNICIPIO": "San Jos\u00e9 de Ocoa", "DC": "2", "area_calc_m2": 301415, "touches_family_land": false, "owner": null, "owner_source": null, "family": false, "shift_note": "RI historic layer shifted -11.0 m E, -10.5 m N to the plano 2026 frame"}}, {"type": "Feature", "id": "ParcelasHistoricas.50752", "geometry": {"type": "MultiPolygon", "coordinates": [[[[-70.39557857256189, 18.671096414126797], [-70.39544575272943, 18.671251274190542], [-70.39502352303673, 18.67134593440508], [-70.39434720348412, 18.671418464751092], [-70.39379233402089, 18.671777455026042], [-70.39336082436199, 18.6719219152439], [-70.39284124469727, 18.6719627955102], [-70.39250846485433, 18.67188725568379], [-70.39174632526183, 18.671798536078857], [-70.39157730555526, 18.67213708615582], [-70.391256565818, 18.672260716317293], [-70.3907123056825, 18.671445006621802], [-70.39030839571984, 18.671082906840553], [-70.39051314552991, 18.670964776738618], [-70.39064526533214, 18.67075586667681], [-70.39046593526518, 18.6704477667783], [-70.39082524494546, 18.670264366598737], [-70.39086597458504, 18.669671626595395], [-70.39104007438625, 18.6695053765107], [-70.39052662373493, 18.667812076825378], [-70.39067399357064, 18.66767830675349], [-70.39077854349121, 18.66764890670054], [-70.39110398237698, 18.66602746658122], [-70.39182051187149, 18.665894676216336], [-70.39200128164507, 18.665686626129485], [-70.39258386124473, 18.66559748583228], [-70.39477317991276, 18.66556700470641], [-70.39395936095302, 18.666540525096213], [-70.39372848138122, 18.667051585199815], [-70.39340114180973, 18.667460935356093], [-70.39301091227466, 18.66786782554484], [-70.39287938259022, 18.66828531560011], [-70.39286882266266, 18.668401975602066], [-70.39275281288094, 18.668664195653975], [-70.39435576243078, 18.66956880480185], [-70.39471946207107, 18.669319534622076], [-70.39475927200641, 18.669247624603734], [-70.39545847218214, 18.67029895421243], [-70.39558775255705, 18.671097624122034], [-70.39557857256189, 18.671096414126797]]]]}, "geometry_name": "the_geom", "properties": {"AREA": 244821, "PARCELA": "197", "PROVINCIA": "Trujillo Valdez", "MUNICIPIO": "San Jos\u00e9 de Ocoa", "DC": "2", "area_calc_m2": 244821, "touches_family_land": false, "owner": null, "owner_source": null, "family": false, "shift_note": "RI historic layer shifted -11.0 m E, -10.5 m N to the plano 2026 frame"}}, {"type": "Feature", "id": "ParcelasHistoricas.328081", "geometry": {"type": "MultiPolygon", "coordinates": [[[[-70.37493556610559, 18.655487775216464], [-70.37515894625933, 18.65599537508658], [-70.3757281665818, 18.65716654475915], [-70.37584317667066, 18.65744500469176], [-70.3755872272887, 18.65826460479955], [-70.37515116786966, 18.658828165007616], [-70.37397765828273, 18.65831541562702], [-70.37253544901206, 18.65807647637682], [-70.37200870881937, 18.657179536674324], [-70.37198429878453, 18.65709222668945], [-70.37313088733731, 18.65575190613808], [-70.37366777693921, 18.655617435865526], [-70.37385126677684, 18.65552506577373], [-70.37445933631481, 18.655353125465638], [-70.37449331640082, 18.655540825442646], [-70.37472313626027, 18.655535955324442], [-70.37493556610559, 18.655487775216464]]]]}, "geometry_name": "the_geom", "properties": {"AREA": 100006.953, "PARCELA": "24", "PROVINCIA": "San Crist?bal", "MUNICIPIO": "San Crist?bal", "DC": "25", "area_calc_m2": 100007, "touches_family_land": false, "owner": null, "owner_source": null, "family": false, "shift_note": "RI historic layer shifted -11.0 m E, -10.5 m N to the plano 2026 frame"}}, {"type": "Feature", "id": "ParcelasHistoricas.67438", "geometry": {"type": "MultiPolygon", "coordinates": [[[[-70.35322259757348, 18.758148743465316], [-70.35247580770536, 18.757592513868435], [-70.35212706796027, 18.757671134047015], [-70.35174080786223, 18.75709247426381], [-70.3513939469334, 18.755101284500494], [-70.35288426361454, 18.750861803849023], [-70.35293681261952, 18.74917485387001], [-70.34960487340713, 18.74704258565773], [-70.34886486417318, 18.747604266025284], [-70.34600320550679, 18.746924587527978], [-70.34546252525465, 18.74591364783696], [-70.3458796137424, 18.74370506768345], [-70.3450916825447, 18.740777668174896], [-70.34438281256772, 18.740071358562293], [-70.34255656337025, 18.739553699523434], [-70.34202032377598, 18.73969958979724], [-70.33599213607357, 18.73737746298748], [-70.33535697583555, 18.736292343347255], [-70.3329622279471, 18.73746972455578], [-70.32960493961045, 18.73685032631402], [-70.32603749169789, 18.736753018166944], [-70.32449805188986, 18.735470949001083], [-70.31947288511599, 18.73583580159791], [-70.3188046153916, 18.73561605195072], [-70.31847978545426, 18.73538449212566], [-70.3168826665624, 18.735645672947193], [-70.31557881760837, 18.73610609361114], [-70.31228099045741, 18.737626515281082], [-70.3099263731997, 18.739949826439915], [-70.30948899368383, 18.74033718665643], [-70.30935601381994, 18.7404355267228], [-70.30859852460209, 18.74100792710051], [-70.30848912502377, 18.74163010714033], [-70.30598392714761, 18.742713768411946], [-70.30482933781897, 18.74267600901274], [-70.30397631826271, 18.742556809459124], [-70.30278487978018, 18.743958650040017], [-70.3006656817185, 18.745122781109625], [-70.3010207722127, 18.74635807089162], [-70.30108598222634, 18.74645023085522], [-70.30125791214917, 18.74649567076465], [-70.30274409206969, 18.747914739953792], [-70.30394728333577, 18.751386959234132], [-70.30444396326625, 18.75178631896512], [-70.3048981929923, 18.751784238729094], [-70.30544846278399, 18.751997448437297], [-70.30564300272398, 18.752096658333496], [-70.30633935229385, 18.752075797972164], [-70.30654561212415, 18.75199574786715], [-70.3069974218339, 18.751962687633256], [-70.30731533180241, 18.752241117460443], [-70.30766071180824, 18.752613517270795], [-70.30790325174725, 18.75276137714072], [-70.30844236188618, 18.75356948683849], [-70.30849990219411, 18.754167546792253], [-70.30864665238177, 18.754649136702824], [-70.30888974254432, 18.755187966561774], [-70.30911619250188, 18.755351386439617], [-70.30933843237493, 18.75536283632381], [-70.30940743244963, 18.755565666282394], [-70.30923421262248, 18.755685796369136], [-70.30640776573466, 18.758154777770944], [-70.30605849620466, 18.758608927940145], [-70.30601879630316, 18.75873923795724], [-70.30579889670884, 18.759216698058566], [-70.30547746720143, 18.759739418211453], [-70.30502768782061, 18.76034842842875], [-70.30416980952505, 18.762423308818434], [-70.30234313272666, 18.766093919668894], [-70.30210330267109, 18.765745629803106], [-70.30207673250216, 18.765423129825674], [-70.30189076240522, 18.765059189932284], [-70.30159137244954, 18.764822720094443], [-70.30130093251455, 18.764631750250704], [-70.30064713199509, 18.763040550633917], [-70.29820615073595, 18.758286352032183], [-70.29645094072012, 18.75642005299548], [-70.29579373048591, 18.75532301336688], [-70.29501747995394, 18.753581743817502], [-70.29517810947837, 18.752920123751785], [-70.29498240915227, 18.752146083874404], [-70.29540594828771, 18.75108086368284], [-70.29698468630592, 18.74927550291066], [-70.29783312501388, 18.747908832506486], [-70.2977740545456, 18.747029352560943], [-70.29693994418854, 18.745532003034945], [-70.2966648636599, 18.7443207032106], [-70.2968201328147, 18.743007483165343], [-70.29715793194117, 18.74183580302141], [-70.2978935106805, 18.740404582677826], [-70.29825588997623, 18.739554062512514], [-70.29998314757036, 18.73716093167991], [-70.30219844556542, 18.735979470561286], [-70.3028477143115, 18.73446859026513], [-70.30383084334198, 18.73380472977266], [-70.30559967215105, 18.733577718860424], [-70.30694476086433, 18.73273882818497], [-70.30804552947312, 18.731460847648442], [-70.30984204681805, 18.72870195679149], [-70.31040658645045, 18.728651346499927], [-70.31085428613794, 18.72857449626971], [-70.31146983557286, 18.7282319759597], [-70.31261940434617, 18.727292325389033], [-70.31421773137835, 18.723776524656515], [-70.31517039055707, 18.723339254174455], [-70.31532033012647, 18.722742934113118], [-70.31646529881688, 18.721652683549397], [-70.31862049675372, 18.72030393246918], [-70.32124437497221, 18.71994074111903], [-70.32316251351483, 18.719403860139717], [-70.32661274064768, 18.71800774839062], [-70.3273748898253, 18.717368088013565], [-70.32789879903764, 18.716538687765265], [-70.32894732812976, 18.716050277235723], [-70.32981324817419, 18.71703893675955], [-70.33071365799275, 18.71766804627554], [-70.33133574801155, 18.71835542593406], [-70.33255804687644, 18.717651825320637], [-70.33532410587847, 18.718813213855427], [-70.33866384531163, 18.721335052054815], [-70.34224801459726, 18.723856800127482], [-70.34284834473752, 18.72473496979174], [-70.34363120487781, 18.725805479356005], [-70.34472463453403, 18.726354638774204], [-70.34580087405317, 18.72664544820864], [-70.34754020299391, 18.726621037308718], [-70.34852348253115, 18.726845836793217], [-70.34973457219999, 18.727541606146364], [-70.35194874123304, 18.728180094981845], [-70.35489729987019, 18.728899083434946], [-70.35623652909067, 18.72894435274047], [-70.35708997854128, 18.728881012300565], [-70.35950951725405, 18.729175621039925], [-70.36155950636794, 18.729784309961587], [-70.36397614570618, 18.73117402867099], [-70.36683047384271, 18.730917957201658], [-70.37240187133848, 18.732407994276432], [-70.37461348077814, 18.733761433093107], [-70.37568745023289, 18.73393945253247], [-70.37714961941356, 18.734046761773193], [-70.37809122898089, 18.73428266127938], [-70.37878327875244, 18.734613260911832], [-70.38015116895434, 18.73641400015165], [-70.38041602968828, 18.73798231996861], [-70.38126169017117, 18.739724079480084], [-70.3826364302885, 18.74138384872029], [-70.38449237000249, 18.742844897717415], [-70.38399566071509, 18.74357007795292], [-70.37862597548462, 18.746260330651573], [-70.37448367936602, 18.748689602724188], [-70.37030861299692, 18.750644634828646], [-70.3671912450553, 18.750960536433762], [-70.36472548783173, 18.753222537645417], [-70.36217627036756, 18.754974458915537], [-70.36021433176867, 18.755358539921115], [-70.35936055272042, 18.756124580341538], [-70.35801893365846, 18.75635206103035], [-70.35679223436756, 18.756300041667668], [-70.35550349533929, 18.756642482325898], [-70.35528634553707, 18.75675971243511], [-70.35511261591178, 18.757232502511638], [-70.35411871697545, 18.758046623003608], [-70.35322259757348, 18.758148743465316]]]]}, "geometry_name": "the_geom", "properties": {"AREA": 18341851.926, "PARCELA": "16-B-REF", "PROVINCIA": "Monsenor Nouel", "MUNICIPIO": "Monsenor Nouel", "DC": "5", "area_calc_m2": 18341852, "touches_family_land": false, "owner": null, "owner_source": null, "family": false, "shift_note": "RI historic layer shifted -11.0 m E, -10.5 m N to the plano 2026 frame"}}]}