{
"type": "FeatureCollection",
"name": "roads",
"crs": { "type": "name", "properties": { "name": "urn:ogc:def:crs:OGC:1.3:CRS84" } },
"features": [
{ "type": "Feature", "properties": { "osm_id": "way/179790657", "name": "Carretera San José de Ocoa - Constanza", "highway": "secondary", "surface": "dirt", "smoothness": "bad", "ref": "RD-41", "surf_class": "unpaved" }, "geometry": { "type": "MultiLineString", "coordinates": [ [ [ -70.5315022, 18.6411862 ], [ -70.5315479, 18.6414178 ], [ -70.5315366, 18.6415899 ], [ -70.5314681, 18.6416953 ], [ -70.5313326, 18.6417789 ], [ -70.5310031, 18.6418512 ], [ -70.530687, 18.6419319 ], [ -70.5302543, 18.6420784 ], [ -70.5300076, 18.6421099 ], [ -70.5298642, 18.6420848 ], [ -70.5297185, 18.6420168 ], [ -70.5295607, 18.6419825 ], [ -70.5294901, 18.6419962 ], [ -70.5294562, 18.6420317 ], [ -70.5292555, 18.642232 ], [ -70.5291092, 18.6423541 ], [ -70.5286531, 18.6424888 ], [ -70.5282386, 18.6425345 ], [ -70.5279857, 18.6425489 ], [ -70.5278431, 18.64257 ], [ -70.5277474, 18.6426545 ], [ -70.5277243, 18.6427567 ], [ -70.5277579, 18.642865 ], [ -70.5278498, 18.6429989 ], [ -70.5280991, 18.6432833 ], [ -70.5281906, 18.6433472 ], [ -70.5282982, 18.643326 ], [ -70.5284103, 18.6432707 ], [ -70.528556, 18.6433047 ], [ -70.5286435, 18.6433366 ], [ -70.5287252, 18.6433904 ], [ -70.5291053, 18.6436127 ], [ -70.5291972, 18.6437381 ], [ -70.5293003, 18.6438868 ], [ -70.5293808, 18.6439458 ], [ -70.5296052, 18.6439654 ], [ -70.5297756, 18.6440185 ], [ -70.5299079, 18.6440949 ], [ -70.5301186, 18.6442585 ], [ -70.5302557, 18.644414 ], [ -70.5302755, 18.6445665 ], [ -70.5302284, 18.6446748 ], [ -70.5301455, 18.6448108 ], [ -70.5300914, 18.6449578 ], [ -70.5300289, 18.6453546 ], [ -70.5301096, 18.6456031 ], [ -70.5301657, 18.6456562 ], [ -70.5302397, 18.6456764 ], [ -70.5303159, 18.6456392 ], [ -70.5304975, 18.6454098 ], [ -70.5306299, 18.6452907 ], [ -70.5309212, 18.6451974 ], [ -70.5312261, 18.6451676 ], [ -70.5315101, 18.6452095 ], [ -70.5317641, 18.6453397 ], [ -70.5319668, 18.6455043 ], [ -70.5320953, 18.6456979 ], [ -70.532129, 18.6459231 ], [ -70.5321514, 18.6462651 ], [ -70.5322014, 18.6464054 ], [ -70.5323195, 18.6465221 ], [ -70.5324027, 18.6465193 ], [ -70.5326289, 18.646452 ], [ -70.5328419, 18.6463373 ], [ -70.5333059, 18.6462183 ], [ -70.5336557, 18.6461631 ], [ -70.5338145, 18.6461871 ], [ -70.5339157, 18.6462736 ], [ -70.5339785, 18.6464074 ], [ -70.534104, 18.6466347 ], [ -70.5341594, 18.6466708 ], [ -70.534261, 18.6466708 ], [ -70.5343708, 18.6466368 ], [ -70.5345524, 18.6466474 ], [ -70.5348124, 18.6467184 ], [ -70.534994, 18.6468216 ], [ -70.5351599, 18.6470128 ], [ -70.5352048, 18.6471997 ], [ -70.5351846, 18.6473569 ], [ -70.5351689, 18.6474758 ], [ -70.5352294, 18.647565 ], [ -70.5353191, 18.6475735 ], [ -70.535461, 18.6475189 ], [ -70.5355747, 18.6474652 ], [ -70.5357182, 18.6474376 ], [ -70.5359401, 18.6472889 ], [ -70.5362226, 18.6469129 ], [ -70.536344, 18.6467901 ], [ -70.5364557, 18.6467005 ], [ -70.5366239, 18.6466623 ], [ -70.5367965, 18.6467175 ], [ -70.5369128, 18.6468092 ], [ -70.5370453, 18.6469851 ], [ -70.5371529, 18.6471763 ], [ -70.5372538, 18.6474949 ], [ -70.5372807, 18.6476925 ], [ -70.537381, 18.6478245 ], [ -70.5376529, 18.6482511 ], [ -70.5377986, 18.6484699 ], [ -70.5378058, 18.6486459 ], [ -70.5377919, 18.6487503 ], [ -70.5377268, 18.6488353 ], [ -70.5376327, 18.6488863 ], [ -70.5374982, 18.6489988 ], [ -70.5374668, 18.6491242 ], [ -70.5375347, 18.6491919 ], [ -70.537617, 18.649224 ], [ -70.5377089, 18.6492112 ], [ -70.5378748, 18.649156 ], [ -70.5380564, 18.6491369 ], [ -70.5381921, 18.6492558 ], [ -70.5382313, 18.6493918 ], [ -70.5382021, 18.6496573 ], [ -70.538074, 18.650063 ], [ -70.5379488, 18.6502329 ], [ -70.5377448, 18.6503859 ], [ -70.5375417, 18.6505725 ], [ -70.5374242, 18.6507725 ], [ -70.5374107, 18.6510231 ], [ -70.5374354, 18.6511612 ], [ -70.5375299, 18.6512787 ], [ -70.5377201, 18.6515117 ], [ -70.5378188, 18.6517134 ], [ -70.5378406, 18.6519641 ], [ -70.5378513, 18.6521201 ], [ -70.5380553, 18.6523235 ], [ -70.5381913, 18.652371 ], [ -70.5384132, 18.6524151 ], [ -70.5386136, 18.6522964 ] ] ] } },
{ "type": "Feature", "properties": { "osm_id": "way/184939724", "highway": "unclassified", "surf_class": "unknown" }, "geometry": { "type": "MultiLineString", "coordinates": [ [ [ -70.3860223, 18.6375515 ], [ -70.3856423, 18.6376826 ], [ -70.38506, 18.6380697 ], [ -70.3845645, 18.6383333 ], [ -70.3841039, 18.6385309 ], [ -70.3839561, 18.6388686 ], [ -70.3837238, 18.6390817 ], [ -70.3834779, 18.6392884 ], [ -70.3834288, 18.6394719 ], [ -70.3831447, 18.6397698 ], [ -70.3828927, 18.6400004 ], [ -70.382771, 18.6400992 ] ] ] } },
{ "type": "Feature", "properties": { "osm_id": "way/184939730", "highway": "unclassified", "surf_class": "unknown" }, "geometry": { "type": "MultiLineString", "coordinates": [ [ [ -70.3910958, 18.6372195 ], [ -70.3908991, 18.6373476 ], [ -70.3905642, 18.637403 ], [ -70.3902476, 18.6373913 ], [ -70.3900018, 18.6373127 ], [ -70.389759, 18.6371292 ], [ -70.3896392, 18.6370535 ], [ -70.3894917, 18.6370652 ], [ -70.3892458, 18.6372049 ], [ -70.3890123, 18.6372108 ], [ -70.3885483, 18.6372166 ], [ -70.3881642, 18.6372312 ], [ -70.3879429, 18.6372661 ], [ -70.3877186, 18.6373797 ], [ -70.3874942, 18.6374292 ], [ -70.3871839, 18.6374466 ], [ -70.3869811, 18.637467 ], [ -70.3867936, 18.637534 ], [ -70.3865232, 18.6375718 ], [ -70.3862743, 18.6375922 ], [ -70.3860223, 18.6375515 ], [ -70.3859362, 18.6372777 ] ] ] } },
{ "type": "Feature", "properties": { "osm_id": "way/184939735", "highway": "unclassified", "surf_class": "unknown" }, "geometry": { "type": "MultiLineString", "coordinates": [ [ [ -70.3954444, 18.64159 ], [ -70.3950402, 18.6411288 ], [ -70.3949533, 18.6410217 ], [ -70.3947534, 18.6409682 ], [ -70.3941964, 18.6401808 ], [ -70.3938553, 18.639712 ], [ -70.3937816, 18.6395868 ], [ -70.3935941, 18.6394383 ], [ -70.393591, 18.6393597 ], [ -70.3936679, 18.639086 ], [ -70.3937355, 18.6388705 ], [ -70.3937846, 18.6387074 ], [ -70.3937416, 18.638556 ], [ -70.393591, 18.6384163 ], [ -70.3934005, 18.6382066 ], [ -70.3933083, 18.6380668 ], [ -70.3932069, 18.6378514 ], [ -70.3931178, 18.6377436 ], [ -70.3930102, 18.6376767 ], [ -70.3927798, 18.6376505 ], [ -70.3925677, 18.637633 ], [ -70.3923895, 18.6375806 ], [ -70.3920638, 18.6374554 ], [ -70.3918241, 18.6374379 ], [ -70.3914307, 18.6374117 ], [ -70.3912218, 18.6373185 ], [ -70.3910958, 18.6372195 ], [ -70.391022, 18.6370157 ], [ -70.3909083, 18.6367769 ], [ -70.3908376, 18.6364886 ], [ -70.3908335, 18.6362565 ], [ -70.3908422, 18.6360588 ], [ -70.3907639, 18.6358982 ], [ -70.3907118, 18.6356594 ], [ -70.3908422, 18.6350829 ], [ -70.3910073, 18.6349017 ], [ -70.3912768, 18.6347452 ], [ -70.3913984, 18.6346628 ], [ -70.3915636, 18.6342263 ], [ -70.3914941, 18.6339875 ], [ -70.3914506, 18.6336992 ], [ -70.3916157, 18.6335263 ], [ -70.391468, 18.6334192 ], [ -70.3915984, 18.6332133 ], [ -70.3916853, 18.632901 ], [ -70.3917896, 18.6326457 ], [ -70.3917027, 18.6323986 ], [ -70.3914854, 18.6321845 ], [ -70.3912855, 18.632168 ], [ -70.391355, 18.6317727 ], [ -70.3911551, 18.6315009 ], [ -70.3910073, 18.6312126 ], [ -70.390538, 18.6310396 ], [ -70.3903641, 18.6310644 ], [ -70.3904597, 18.6307761 ], [ -70.390451, 18.6305784 ], [ -70.3903467, 18.630356 ], [ -70.3903207, 18.6299854 ], [ -70.3902511, 18.6297383 ], [ -70.3899209, 18.6294748 ], [ -70.3899035, 18.6290218 ], [ -70.3897731, 18.6287582 ], [ -70.3896427, 18.6284452 ], [ -70.3895123, 18.6281816 ], [ -70.3893472, 18.6280499 ], [ -70.3893385, 18.6279098 ], [ -70.3895558, 18.6278357 ], [ -70.3897296, 18.6275722 ], [ -70.3897383, 18.6273827 ], [ -70.3896775, 18.6271274 ], [ -70.389521, 18.6269462 ], [ -70.389521, 18.6266909 ], [ -70.3893729, 18.6264762 ], [ -70.3891854, 18.626348 ], [ -70.3889519, 18.6262985 ], [ -70.3887829, 18.6263043 ], [ -70.3885862, 18.6263364 ], [ -70.388537, 18.6262898 ], [ -70.3886722, 18.6262053 ], [ -70.3889181, 18.626118 ], [ -70.3890379, 18.6259636 ], [ -70.3891608, 18.6257569 ], [ -70.3893176, 18.6255822 ], [ -70.3894866, 18.6253667 ], [ -70.3895507, 18.6252422 ], [ -70.3895507, 18.6250774 ], [ -70.3894898, 18.6249292 ], [ -70.3895941, 18.6246491 ], [ -70.3895333, 18.6243526 ], [ -70.3894637, 18.6241055 ], [ -70.3894724, 18.6239243 ], [ -70.3896376, 18.6237843 ], [ -70.389655, 18.6236278 ], [ -70.389681, 18.6234301 ], [ -70.3896897, 18.6232901 ], [ -70.3896289, 18.6231006 ], [ -70.3896463, 18.6229524 ], [ -70.389794, 18.6227465 ], [ -70.3898375, 18.6225982 ], [ -70.3898114, 18.6223676 ], [ -70.3897853, 18.622137 ], [ -70.389945, 18.6218924 ], [ -70.3900034, 18.6217322 ], [ -70.390071, 18.6215895 ], [ -70.3902339, 18.6214002 ], [ -70.390366, 18.6212663 ], [ -70.3904736, 18.6211527 ], [ -70.3905135, 18.6210391 ], [ -70.3904828, 18.620943 ], [ -70.3904429, 18.6208294 ], [ -70.3904705, 18.6207013 ], [ -70.3905473, 18.6205819 ], [ -70.390615, 18.6205004 ], [ -70.3906334, 18.6203635 ], [ -70.3907409, 18.620282 ], [ -70.39087, 18.6201247 ], [ -70.3909007, 18.6200286 ], [ -70.3908577, 18.6198684 ], [ -70.3908424, 18.6197316 ], [ -70.3909223, 18.619586 ], [ -70.3910175, 18.6195044 ], [ -70.3909899, 18.6192598 ], [ -70.3909806, 18.6190705 ], [ -70.3908915, 18.618887 ], [ -70.39087, 18.618689 ], [ -70.3907932, 18.6185638 ], [ -70.390658, 18.6183454 ], [ -70.3905443, 18.6182551 ], [ -70.3903998, 18.618258 ], [ -70.3901724, 18.6182405 ], [ -70.3900065, 18.6182318 ], [ -70.3898283, 18.6182726 ], [ -70.3896623, 18.6182318 ], [ -70.3894626, 18.6182202 ], [ -70.3893212, 18.6181823 ], [ -70.3890846, 18.6181794 ], [ -70.3889371, 18.6182027 ], [ -70.3888173, 18.6182668 ], [ -70.388682, 18.6182697 ], [ -70.388596, 18.618191 ], [ -70.3883809, 18.6180833 ], [ -70.3881781, 18.6180629 ], [ -70.3879753, 18.6180163 ], [ -70.3877171, 18.6180833 ], [ -70.3873392, 18.6181736 ], [ -70.3871947, 18.6181648 ], [ -70.3871271, 18.618025 ], [ -70.386912, 18.6178853 ], [ -70.3867307, 18.617859 ], [ -70.3864818, 18.6178357 ], [ -70.3863527, 18.6177047 ], [ -70.3862052, 18.6176523 ], [ -70.3861038, 18.6173785 ], [ -70.3858057, 18.6171514 ], [ -70.3857685, 18.6172158 ], [ -70.3857654, 18.6173643 ], [ -70.3857193, 18.6174546 ], [ -70.3855779, 18.6175419 ], [ -70.3854489, 18.6176322 ], [ -70.3853567, 18.6175711 ], [ -70.3853137, 18.6174953 ], [ -70.3852245, 18.6175157 ], [ -70.38516, 18.6176002 ], [ -70.38516, 18.6177341 ], [ -70.3851692, 18.6178797 ], [ -70.3851108, 18.6179496 ], [ -70.3848742, 18.6179351 ], [ -70.3847021, 18.6179001 ], [ -70.3846007, 18.6177603 ], [ -70.3844471, 18.6177341 ], [ -70.3842781, 18.6176963 ], [ -70.3841705, 18.6176934 ], [ -70.3840353, 18.6176846 ], [ -70.3839093, 18.6177866 ], [ -70.3838171, 18.6179205 ], [ -70.3837157, 18.6179555 ], [ -70.3835344, 18.6179351 ], [ -70.3833193, 18.6179351 ], [ -70.3831718, 18.6180516 ], [ -70.3827877, 18.6182787 ], [ -70.3826309, 18.6183865 ], [ -70.3825387, 18.6184476 ], [ -70.382422, 18.6183894 ], [ -70.3822653, 18.6183399 ], [ -70.3821208, 18.6183137 ], [ -70.3819518, 18.6183603 ], [ -70.3818012, 18.6184418 ], [ -70.3816845, 18.6185233 ], [ -70.3815585, 18.6185466 ], [ -70.3814509, 18.6185233 ], [ -70.3812696, 18.618468 ], [ -70.3811344, 18.6184331 ], [ -70.3810084, 18.618503 ], [ -70.3809008, 18.6186427 ], [ -70.3808209, 18.6187883 ], [ -70.3806489, 18.6188437 ], [ -70.3803231, 18.6189543 ], [ -70.3802064, 18.6189922 ], [ -70.3801111, 18.618966 ], [ -70.3799728, 18.6188961 ], [ -70.3798499, 18.6188379 ], [ -70.3797393, 18.6187971 ], [ -70.3795948, 18.6187621 ], [ -70.3794658, 18.6186777 ], [ -70.3793582, 18.6185612 ], [ -70.3792722, 18.6184069 ], [ -70.3791861, 18.6182496 ], [ -70.3791585, 18.6180603 ], [ -70.3791431, 18.6179118 ], [ -70.3791585, 18.6177866 ], [ -70.3792046, 18.6176642 ], [ -70.3791708, 18.6175681 ], [ -70.3790816, 18.6173439 ], [ -70.379014, 18.6172129 ], [ -70.3788481, 18.6171022 ], [ -70.3787559, 18.6169624 ], [ -70.3787743, 18.6167265 ], [ -70.3786944, 18.616479 ], [ -70.3785746, 18.6164062 ], [ -70.3784732, 18.6161965 ], [ -70.3783749, 18.6160829 ], [ -70.3782181, 18.6160858 ], [ -70.3781966, 18.6162431 ], [ -70.3780891, 18.6162198 ], [ -70.3780337, 18.616115 ], [ -70.3780491, 18.6159723 ], [ -70.3780337, 18.615914 ], [ -70.3779262, 18.6160305 ], [ -70.3778432, 18.6161295 ], [ -70.3776035, 18.6160684 ], [ -70.3774192, 18.6161645 ], [ -70.377244, 18.616278 ], [ -70.3770442, 18.6164906 ], [ -70.3768783, 18.6166275 ], [ -70.3768168, 18.6167673 ], [ -70.3765956, 18.6168401 ], [ -70.3764266, 18.6168838 ], [ -70.3763129, 18.6168721 ], [ -70.3758304, 18.6171604 ], [ -70.3755539, 18.6175157 ], [ -70.3754063, 18.6174808 ], [ -70.3752865, 18.6174691 ], [ -70.375222, 18.6175448 ], [ -70.3752373, 18.6176031 ], [ -70.3752343, 18.6177895 ], [ -70.3751544, 18.6177836 ], [ -70.3751697, 18.617839 ], [ -70.3750898, 18.6178681 ], [ -70.3750714, 18.6179496 ], [ -70.3749608, 18.6179496 ], [ -70.3749731, 18.6180603 ], [ -70.3748686, 18.6180778 ], [ -70.3747825, 18.6182525 ], [ -70.3747026, 18.6184884 ], [ -70.3745367, 18.6185466 ], [ -70.3743369, 18.6187359 ], [ -70.3743001, 18.6188291 ], [ -70.3741003, 18.6188524 ], [ -70.3739658, 18.6188857 ], [ -70.3737814, 18.6189847 ], [ -70.3736739, 18.6190575 ], [ -70.3736278, 18.6192614 ], [ -70.3735479, 18.6194099 ], [ -70.3735878, 18.6194827 ], [ -70.3735356, 18.6195584 ], [ -70.3736001, 18.619605 ], [ -70.3735417, 18.6197506 ], [ -70.3735571, 18.61987 ], [ -70.3734987, 18.620004 ], [ -70.3735325, 18.6200593 ], [ -70.3734188, 18.620036 ], [ -70.3733942, 18.6200768 ], [ -70.3733113, 18.6201787 ], [ -70.3731914, 18.6202282 ], [ -70.3731177, 18.6203359 ], [ -70.3730531, 18.6202864 ], [ -70.3729394, 18.6203534 ], [ -70.3728442, 18.6203563 ], [ -70.3727274, 18.6204699 ], [ -70.3726444, 18.6205311 ], [ -70.3725307, 18.6205311 ], [ -70.3723156, 18.6205951 ], [ -70.3721312, 18.6206388 ], [ -70.372079, 18.620598 ], [ -70.3720729, 18.6206621 ], [ -70.372205, 18.6207611 ], [ -70.3721097, 18.6207844 ], [ -70.3720452, 18.620764 ], [ -70.3720421, 18.6208194 ], [ -70.3720882, 18.620866 ], [ -70.3719591, 18.6208689 ], [ -70.3719069, 18.6208106 ], [ -70.3718823, 18.6208456 ], [ -70.37191, 18.6209184 ], [ -70.3718454, 18.6208863 ], [ -70.3718055, 18.6209213 ], [ -70.3718362, 18.6209795 ], [ -70.3718024, 18.6210319 ], [ -70.3717072, 18.6210349 ], [ -70.3717041, 18.6210873 ], [ -70.3717533, 18.6211455 ], [ -70.3717164, 18.6211688 ], [ -70.3716549, 18.6211717 ], [ -70.3716303, 18.6212096 ], [ -70.3716088, 18.6212882 ], [ -70.3715535, 18.6213698 ], [ -70.3715289, 18.6214513 ], [ -70.3714705, 18.6215154 ], [ -70.3713538, 18.621626 ] ] ] } },
{ "type": "Feature", "properties": { "osm_id": "way/184939755", "highway": "unclassified", "surf_class": "unknown" }, "geometry": { "type": "MultiLineString", "coordinates": [ [ [ -70.3731831, 18.6602339 ], [ -70.3735003, 18.6600002 ], [ -70.3738633, 18.6597664 ], [ -70.3742264, 18.6595026 ], [ -70.3744872, 18.6592288 ], [ -70.3747656, 18.6589884 ], [ -70.3749876, 18.6588882 ], [ -70.3751463, 18.6587246 ], [ -70.3754529, 18.6583706 ], [ -70.3755727, 18.6581202 ], [ -70.3755974, 18.6577996 ], [ -70.375608, 18.657479 ], [ -70.3755939, 18.657252 ], [ -70.3754917, 18.6569581 ], [ -70.3753225, 18.6566075 ], [ -70.3751286, 18.6562869 ], [ -70.374889, 18.655973 ], [ -70.3746775, 18.6557192 ], [ -70.3745612, 18.6555022 ], [ -70.3745224, 18.655245 ], [ -70.3745506, 18.6548543 ], [ -70.3745541, 18.6543501 ], [ -70.3745436, 18.6538325 ], [ -70.3744977, 18.6534852 ], [ -70.3744973, 18.6529258 ], [ -70.3744878, 18.6523544 ], [ -70.374502, 18.6517651 ], [ -70.3746065, 18.6512387 ], [ -70.3748724, 18.6509328 ], [ -70.3752285, 18.6507033 ], [ -70.3756118, 18.6505463 ], [ -70.3757711, 18.6503867 ], [ -70.3758468, 18.6501602 ], [ -70.3758558, 18.6498536 ], [ -70.3758468, 18.6495133 ], [ -70.375826, 18.649191 ], [ -70.3756778, 18.6486806 ], [ -70.3755238, 18.648213 ], [ -70.3753999, 18.6479164 ], [ -70.3753065, 18.6475984 ], [ -70.3752666, 18.6473556 ], [ -70.3752329, 18.6471453 ], [ -70.3751845, 18.6468389 ], [ -70.3751493, 18.6465273 ], [ -70.3751689, 18.6463765 ], [ -70.3752199, 18.6462526 ], [ -70.3753514, 18.6461198 ], [ -70.3754731, 18.6459784 ], [ -70.3755314, 18.6458737 ], [ -70.3754498, 18.6458354 ], [ -70.3753188, 18.6458512 ], [ -70.3751728, 18.6458698 ], [ -70.3750619, 18.6458131 ], [ -70.3750926, 18.6457344 ], [ -70.3751787, 18.6456733 ], [ -70.3752954, 18.6456413 ], [ -70.3753831, 18.645573 ], [ -70.375455, 18.6454864 ], [ -70.3755652, 18.645351 ], [ -70.3756365, 18.6452016 ], [ -70.3757318, 18.644925 ], [ -70.3759953, 18.6445663 ], [ -70.3760831, 18.6444284 ], [ -70.3761584, 18.6443595 ], [ -70.3763436, 18.6442752 ], [ -70.3765492, 18.6440078 ], [ -70.3766629, 18.6438564 ], [ -70.3766752, 18.6437457 ], [ -70.3766967, 18.6436002 ], [ -70.3766383, 18.6434866 ], [ -70.3765093, 18.6433934 ], [ -70.3763187, 18.6432449 ], [ -70.3761651, 18.6430033 ], [ -70.3758701, 18.6425927 ], [ -70.3757134, 18.6423627 ], [ -70.375556, 18.6420079 ], [ -70.3755299, 18.6416373 ], [ -70.3755299, 18.6414314 ] ] ] } },
{ "type": "Feature", "properties": { "osm_id": "way/184939761", "highway": "unclassified", "surf_class": "unknown" }, "geometry": { "type": "MultiLineString", "coordinates": [ [ [ -70.3963544, 18.6711087 ], [ -70.396288, 18.6710243 ], [ -70.3962114, 18.6708844 ], [ -70.3961376, 18.6706693 ], [ -70.3960501, 18.6704983 ], [ -70.3958423, 18.6704387 ], [ -70.3955824, 18.6704439 ], [ -70.3953527, 18.670374 ], [ -70.3952023, 18.6701589 ], [ -70.3950054, 18.6698739 ], [ -70.3947155, 18.6694335 ], [ -70.3946444, 18.6691278 ], [ -70.3947101, 18.6686977 ], [ -70.3948194, 18.6683609 ], [ -70.3948796, 18.6678997 ], [ -70.394907, 18.6674489 ], [ -70.3950437, 18.6668426 ], [ -70.3950218, 18.6664902 ], [ -70.3951148, 18.6661638 ], [ -70.395175, 18.6658529 ], [ -70.3952078, 18.6656819 ], [ -70.3953445, 18.6655264 ], [ -70.3954703, 18.6652777 ], [ -70.3954484, 18.6650859 ], [ -70.3954813, 18.6647336 ], [ -70.3956002, 18.6646283 ], [ -70.3959083, 18.6644749 ], [ -70.3961637, 18.6643678 ], [ -70.3963646, 18.6641812 ], [ -70.3964945, 18.6639564 ], [ -70.3966955, 18.6637978 ], [ -70.3968553, 18.663644 ], [ -70.3970021, 18.6635244 ], [ -70.3972211, 18.6633804 ], [ -70.3974247, 18.6632705 ], [ -70.3976334, 18.6632852 ], [ -70.3978163, 18.663251 ], [ -70.3978833, 18.6631338 ], [ -70.3980121, 18.663002 ], [ -70.398244, 18.6628311 ], [ -70.398414, 18.6625724 ], [ -70.3985377, 18.662421 ], [ -70.3989036, 18.6622258 ], [ -70.3992488, 18.6619914 ], [ -70.3994498, 18.6617278 ], [ -70.3995477, 18.6614886 ], [ -70.3997178, 18.6611859 ], [ -70.3997435, 18.6609759 ], [ -70.3995735, 18.6607514 ], [ -70.399455, 18.6605024 ], [ -70.3993674, 18.6602485 ], [ -70.3991664, 18.6600874 ], [ -70.3989397, 18.6599507 ], [ -70.3987438, 18.6597652 ], [ -70.398682, 18.6595455 ], [ -70.398682, 18.6592037 ], [ -70.3986305, 18.6589743 ], [ -70.3985068, 18.658862 ], [ -70.3984553, 18.658735 ], [ -70.3983572, 18.6585549 ], [ -70.39821, 18.6584039 ], [ -70.3980649, 18.6583225 ], [ -70.3979463, 18.6582276 ], [ -70.397795, 18.6581347 ], [ -70.3976397, 18.6580688 ], [ -70.3974864, 18.6579158 ], [ -70.397327, 18.6576873 ], [ -70.3972534, 18.6576292 ], [ -70.3970367, 18.6575944 ], [ -70.3967914, 18.6574859 ], [ -70.3965829, 18.6573581 ], [ -70.3963949, 18.657207 ], [ -70.3962927, 18.6569863 ], [ -70.3961946, 18.6567655 ], [ -70.3961905, 18.6565757 ], [ -70.3963458, 18.656231 ], [ -70.3963417, 18.6559366 ], [ -70.3963744, 18.6556422 ], [ -70.3964153, 18.6553556 ], [ -70.3964562, 18.655251 ], [ -70.3964358, 18.6551658 ], [ -70.3964521, 18.6550729 ], [ -70.3965339, 18.654945 ], [ -70.396726, 18.6546778 ], [ -70.3967546, 18.6543292 ], [ -70.3967832, 18.6541317 ], [ -70.3968977, 18.6539767 ], [ -70.3969018, 18.6537753 ], [ -70.3967587, 18.6535894 ], [ -70.3965952, 18.6533996 ], [ -70.3965216, 18.6531207 ], [ -70.396493, 18.6528922 ], [ -70.3965952, 18.6526365 ], [ -70.3967052, 18.652428 ], [ -70.3967593, 18.6522248 ], [ -70.3966866, 18.6520374 ], [ -70.3966194, 18.6518306 ], [ -70.3966605, 18.6515514 ], [ -70.3967332, 18.6513358 ], [ -70.396737, 18.651083 ], [ -70.3966717, 18.6508639 ], [ -70.3966138, 18.6506978 ], [ -70.3965057, 18.6506006 ], [ -70.3962986, 18.6505087 ], [ -70.3962576, 18.6504044 ], [ -70.3961979, 18.6502595 ], [ -70.3961028, 18.6500103 ], [ -70.3960561, 18.6497419 ], [ -70.3960174, 18.6495635 ], [ -70.3959375, 18.6493446 ], [ -70.3958618, 18.6491634 ], [ -70.3958054, 18.6489777 ], [ -70.3957626, 18.6488205 ], [ -70.395819, 18.6486964 ], [ -70.3960095, 18.6485159 ], [ -70.3961201, 18.6483761 ], [ -70.3962, 18.6482072 ], [ -70.39624, 18.6480383 ], [ -70.3963199, 18.6478316 ], [ -70.3963782, 18.6476598 ], [ -70.3965135, 18.6475346 ], [ -70.3966794, 18.6473774 ], [ -70.3968085, 18.6472376 ], [ -70.3968914, 18.6470251 ], [ -70.3969007, 18.646897 ], [ -70.3968607, 18.6467776 ], [ -70.3967009, 18.6465738 ], [ -70.396535, 18.6464195 ], [ -70.3963076, 18.6463175 ], [ -70.3961201, 18.6462011 ], [ -70.3960659, 18.6461236 ], [ -70.3959204, 18.6458691 ], [ -70.3958405, 18.6457614 ], [ -70.3958466, 18.6456275 ], [ -70.3958774, 18.6454324 ], [ -70.3958651, 18.6452344 ], [ -70.3958786, 18.6450887 ], [ -70.3959156, 18.6448931 ], [ -70.395896, 18.6448108 ], [ -70.3958134, 18.6446461 ], [ -70.3957635, 18.6445287 ], [ -70.3957591, 18.6443763 ], [ -70.3957973, 18.64396 ], [ -70.3957365, 18.6436882 ], [ -70.3957104, 18.6434 ], [ -70.3956365, 18.6431735 ], [ -70.3954854, 18.6430473 ], [ -70.3953133, 18.6429075 ], [ -70.3951873, 18.6427474 ], [ -70.3951402, 18.64264 ], [ -70.3952184, 18.6424012 ], [ -70.3951793, 18.6421706 ], [ -70.3952184, 18.6420182 ], [ -70.3953488, 18.641767 ], [ -70.3954444, 18.64159 ], [ -70.3954531, 18.6412235 ], [ -70.3955487, 18.6410711 ], [ -70.3960963, 18.6411246 ] ] ] } },
{ "type": "Feature", "properties": { "osm_id": "way/184943279", "highway": "unclassified", "surf_class": "unknown" }, "geometry": { "type": "MultiLineString", "coordinates": [ [ [ -70.4788928, 18.6497397 ], [ -70.4792694, 18.6493987 ], [ -70.4795429, 18.649029 ], [ -70.4802819, 18.648733 ], [ -70.4814553, 18.6479342 ], [ -70.4817769, 18.6478189 ], [ -70.4820811, 18.6475965 ], [ -70.48262, 18.6470777 ], [ -70.4828199, 18.6469706 ], [ -70.4829763, 18.6467565 ], [ -70.4832892, 18.6465671 ], [ -70.4836803, 18.6464353 ], [ -70.4839498, 18.6463859 ], [ -70.4842975, 18.6464106 ], [ -70.4846799, 18.6463529 ], [ -70.4853318, 18.6465094 ], [ -70.4855578, 18.6464106 ], [ -70.4858185, 18.6464929 ], [ -70.4859663, 18.6467071 ], [ -70.4861923, 18.6466988 ], [ -70.4864878, 18.6466082 ], [ -70.4867485, 18.6466577 ], [ -70.487018, 18.6466082 ], [ -70.4871184, 18.6465498 ], [ -70.487315, 18.6463197 ], [ -70.4881939, 18.6459179 ], [ -70.4886948, 18.6454637 ], [ -70.4888454, 18.6454259 ], [ -70.4893954, 18.6457403 ], [ -70.4901266, 18.645782 ], [ -70.4905351, 18.6455678 ], [ -70.490709, 18.6456749 ] ] ] } },
{ "type": "Feature", "properties": { "osm_id": "way/200197183", "name": "Carretera San José de Ocoa - Constanza", "highway": "secondary", "surface": "dirt", "ref": "RD-41", "surf_class": "unpaved" }, "geometry": { "type": "MultiLineString", "coordinates": [ [ [ -70.5315022, 18.6411862 ], [ -70.5313932, 18.6409229 ], [ -70.5312026, 18.6406531 ], [ -70.5309986, 18.6403769 ], [ -70.5308724, 18.6401065 ], [ -70.5308484, 18.6399139 ], [ -70.5308932, 18.6397715 ], [ -70.5309493, 18.6396122 ], [ -70.5309784, 18.6394295 ], [ -70.5309286, 18.6392509 ], [ -70.5308125, 18.6391279 ], [ -70.5306982, 18.6390259 ], [ -70.5297653, 18.6381881 ], [ -70.5295616, 18.637985 ], [ -70.5293775, 18.6376742 ], [ -70.5293352, 18.6375028 ], [ -70.5293755, 18.6372182 ], [ -70.5294645, 18.6367588 ], [ -70.5295683, 18.6365363 ], [ -70.529649, 18.6364513 ], [ -70.5298294, 18.6362027 ], [ -70.5299293, 18.635916 ], [ -70.5300175, 18.6355216 ], [ -70.5302319, 18.6352447 ], [ -70.5306175, 18.6348156 ], [ -70.530761, 18.6346138 ], [ -70.530916, 18.6344781 ], [ -70.5312766, 18.6344396 ], [ -70.5316599, 18.6344821 ], [ -70.5321666, 18.6345586 ], [ -70.5323867, 18.6345235 ], [ -70.5326351, 18.634361 ], [ -70.5327829, 18.634147 ], [ -70.5327495, 18.6339319 ], [ -70.5326027, 18.6337426 ], [ -70.5320767, 18.6334767 ], [ -70.5318886, 18.6333073 ], [ -70.5316908, 18.6330475 ], [ -70.5315636, 18.6329249 ], [ -70.5313904, 18.6328547 ], [ -70.5310076, 18.6328017 ], [ -70.5304688, 18.6326012 ], [ -70.5302566, 18.6324194 ], [ -70.5298928, 18.6319959 ], [ -70.5298037, 18.6318522 ], [ -70.5296468, 18.6312722 ], [ -70.5294854, 18.6305542 ], [ -70.5293881, 18.6303707 ], [ -70.529167, 18.6301952 ], [ -70.5290236, 18.630159 ], [ -70.5288765, 18.6301987 ], [ -70.5287837, 18.6302461 ], [ -70.528724, 18.6303373 ], [ -70.5286805, 18.6304543 ], [ -70.5286761, 18.6307942 ], [ -70.5285735, 18.6309574 ], [ -70.5284048, 18.63103 ], [ -70.528175, 18.6310917 ], [ -70.5277995, 18.6311193 ], [ -70.5274516, 18.6311914 ], [ -70.5271539, 18.6311745 ], [ -70.5269102, 18.6311419 ], [ -70.5265374, 18.6312276 ], [ -70.5261807, 18.6313554 ], [ -70.5258026, 18.6313759 ], [ -70.5254416, 18.6313547 ], [ -70.5253425, 18.6312977 ], [ -70.5252902, 18.6312131 ], [ -70.5252864, 18.6310619 ], [ -70.5254276, 18.6307326 ], [ -70.5255487, 18.6305521 ], [ -70.5256721, 18.6304129 ], [ -70.5258783, 18.6301952 ], [ -70.52608, 18.6299572 ], [ -70.526219, 18.6296874 ], [ -70.5263244, 18.6294474 ], [ -70.5269095, 18.6285127 ], [ -70.5271221, 18.6282571 ], [ -70.5272301, 18.628092 ], [ -70.5273736, 18.6277309 ], [ -70.5275327, 18.627153 ], [ -70.5276062, 18.6267902 ], [ -70.5276291, 18.6266071 ], [ -70.5276336, 18.6264223 ], [ -70.527609, 18.6260165 ], [ -70.5276343, 18.6254782 ], [ -70.5276381, 18.6251943 ], [ -70.5276706, 18.6249104 ], [ -70.5278329, 18.6243302 ], [ -70.5282221, 18.6239779 ], [ -70.5283998, 18.6237146 ], [ -70.5284607, 18.6234223 ], [ -70.5284696, 18.6231648 ], [ -70.5284556, 18.6228947 ], [ -70.5283775, 18.6216033 ], [ -70.5283305, 18.6213284 ], [ -70.5282029, 18.62112 ], [ -70.5275707, 18.6205713 ], [ -70.5274629, 18.6204297 ], [ -70.5273912, 18.6202746 ], [ -70.5273835, 18.6201536 ], [ -70.5274338, 18.6200324 ], [ -70.52764, 18.6197669 ], [ -70.5276827, 18.6196025 ], [ -70.5276535, 18.6194652 ], [ -70.5275474, 18.6192699 ], [ -70.527436, 18.6190913 ], [ -70.5273765, 18.6188582 ], [ -70.5274024, 18.6185007 ], [ -70.5273716, 18.6183926 ], [ -70.5272791, 18.6183095 ], [ -70.5271806, 18.6182677 ], [ -70.5270235, 18.6182224 ], [ -70.5268852, 18.618118 ], [ -70.5268262, 18.6180057 ], [ -70.5267366, 18.6176424 ], [ -70.5266787, 18.6175057 ], [ -70.5263556, 18.6172673 ], [ -70.5262815, 18.6171622 ], [ -70.5262289, 18.6170285 ], [ -70.5262142, 18.6169137 ], [ -70.5262366, 18.6167989 ], [ -70.5263913, 18.6166332 ], [ -70.5266716, 18.6164144 ], [ -70.5269406, 18.6161913 ], [ -70.5270078, 18.6161 ], [ -70.5270372, 18.6160011 ], [ -70.5269773, 18.6158144 ], [ -70.5267078, 18.6155981 ], [ -70.5265703, 18.6154475 ], [ -70.5264669, 18.6152496 ], [ -70.5264435, 18.6149819 ], [ -70.5265144, 18.6148019 ], [ -70.5268251, 18.614261 ], [ -70.5268995, 18.6140714 ], [ -70.526898, 18.6138855 ], [ -70.5268111, 18.6137432 ], [ -70.5266888, 18.6136631 ], [ -70.5265454, 18.6136138 ], [ -70.5263242, 18.6136391 ], [ -70.52613, 18.6137215 ], [ -70.5259786, 18.6137413 ], [ -70.5258322, 18.6136698 ], [ -70.525725, 18.6135159 ], [ -70.5255943, 18.6129789 ], [ -70.5254135, 18.6126943 ], [ -70.5252267, 18.6124591 ], [ -70.5250145, 18.6123714 ], [ -70.5245303, 18.6124147 ], [ -70.5243778, 18.6123884 ], [ -70.5242192, 18.6122919 ], [ -70.5240998, 18.6120442 ], [ -70.5240991, 18.6117438 ], [ -70.5242881, 18.6114153 ], [ -70.5243819, 18.6110516 ], [ -70.5243509, 18.6108714 ], [ -70.5242382, 18.6107266 ], [ -70.524037, 18.6106547 ], [ -70.523555, 18.6107514 ], [ -70.5234048, 18.6107142 ], [ -70.5232841, 18.6106083 ], [ -70.5232076, 18.6104082 ], [ -70.5231627, 18.6095159 ], [ -70.5231425, 18.6089083 ], [ -70.5231246, 18.6086066 ], [ -70.5230792, 18.6083667 ], [ -70.5230036, 18.608239 ], [ -70.5228556, 18.6080499 ], [ -70.5224431, 18.6077482 ], [ -70.5217196, 18.6071983 ], [ -70.521497, 18.6070131 ], [ -70.5213599, 18.6067836 ], [ -70.5213065, 18.6065074 ], [ -70.5213932, 18.6062199 ], [ -70.521571, 18.606023 ], [ -70.5218157, 18.6059066 ], [ -70.5220687, 18.6058764 ], [ -70.5223243, 18.6059486 ], [ -70.5227089, 18.6061552 ], [ -70.523165, 18.6064012 ], [ -70.5233219, 18.6064458 ], [ -70.5234936, 18.6064235 ], [ -70.5236044, 18.6063459 ], [ -70.523647, 18.606176 ], [ -70.5236755, 18.6059422 ], [ -70.5237321, 18.605802 ], [ -70.5238375, 18.6056915 ], [ -70.5240079, 18.6056427 ], [ -70.524185, 18.6056666 ], [ -70.5243509, 18.6057404 ], [ -70.5245011, 18.60587 ], [ -70.5246782, 18.6061101 ], [ -70.5248351, 18.6063098 ], [ -70.5249652, 18.6064415 ], [ -70.5251167, 18.6064979 ], [ -70.5252566, 18.6064777 ], [ -70.5253844, 18.6064139 ], [ -70.5255234, 18.6063013 ], [ -70.5257117, 18.6062057 ], [ -70.5258926, 18.6061726 ], [ -70.5260323, 18.6062312 ], [ -70.5261197, 18.6063544 ], [ -70.5261735, 18.6065712 ], [ -70.5262296, 18.6067709 ], [ -70.5263656, 18.6069083 ], [ -70.5266039, 18.6069748 ], [ -70.5268236, 18.6069345 ], [ -70.5271299, 18.6067881 ], [ -70.5273056, 18.6066668 ], [ -70.5274357, 18.6064798 ], [ -70.5274558, 18.6063204 ], [ -70.5274046, 18.6061582 ], [ -70.5272294, 18.6059592 ], [ -70.5269245, 18.6057213 ], [ -70.5267071, 18.6055237 ], [ -70.52652, 18.605313 ], [ -70.5264336, 18.60512 ], [ -70.5263685, 18.6049054 ], [ -70.5262363, 18.6045166 ], [ -70.5259278, 18.60377 ], [ -70.5257565, 18.6031504 ], [ -70.5256512, 18.6025236 ], [ -70.5256063, 18.6021794 ], [ -70.5255727, 18.6020073 ], [ -70.5255054, 18.6017587 ], [ -70.5253866, 18.6015038 ], [ -70.5252552, 18.6013146 ], [ -70.5250046, 18.600991 ], [ -70.52488, 18.6008217 ], [ -70.5247346, 18.600691 ], [ -70.524537, 18.6005965 ], [ -70.5243431, 18.6005445 ], [ -70.524148, 18.6005558 ], [ -70.5237898, 18.600682 ], [ -70.5233099, 18.6009136 ], [ -70.5226738, 18.601262 ], [ -70.5225375, 18.6013191 ], [ -70.5223833, 18.6014381 ], [ -70.5221176, 18.6018264 ], [ -70.5219942, 18.602003 ], [ -70.5218709, 18.6020844 ], [ -70.5217475, 18.6020869 ], [ -70.5216161, 18.6020297 ], [ -70.5214819, 18.6019331 ], [ -70.5214109, 18.6018149 ], [ -70.5213639, 18.6016586 ], [ -70.5213532, 18.6015277 ], [ -70.5213921, 18.6010904 ], [ -70.5213693, 18.6006456 ], [ -70.521258, 18.6004498 ], [ -70.5211158, 18.6003494 ], [ -70.5209093, 18.6003011 ], [ -70.5206786, 18.6003113 ], [ -70.5204949, 18.600371 ], [ -70.5200014, 18.600685 ], [ -70.5198673, 18.600746 ], [ -70.5197466, 18.6007816 ], [ -70.5195829, 18.6008044 ], [ -70.5194301, 18.6007561 ], [ -70.5192235, 18.6006036 ], [ -70.5189204, 18.6004409 ], [ -70.518561, 18.6002858 ], [ -70.5183196, 18.6002096 ], [ -70.5179414, 18.6000723 ], [ -70.5177859, 18.600024 ], [ -70.5176544, 18.600024 ], [ -70.5175579, 18.6000723 ], [ -70.5173916, 18.6001842 ], [ -70.5171542, 18.6004104 ], [ -70.5168991, 18.6007471 ], [ -70.5167071, 18.600842 ], [ -70.5165178, 18.6008688 ], [ -70.5163266, 18.600854 ], [ -70.5161364, 18.600821 ], [ -70.5157588, 18.6006861 ], [ -70.5152233, 18.6002741 ], [ -70.5150448, 18.6001906 ], [ -70.5148207, 18.6001719 ], [ -70.5146463, 18.600226 ], [ -70.5144979, 18.6003088 ], [ -70.5141866, 18.6005055 ], [ -70.5139964, 18.6005956 ], [ -70.5137982, 18.6006104 ], [ -70.5136191, 18.6005355 ], [ -70.5134352, 18.6003943 ], [ -70.51303, 18.5999572 ], [ -70.5128994, 18.5998715 ], [ -70.5127497, 18.5998766 ], [ -70.5125506, 18.6000007 ], [ -70.5124327, 18.6001778 ], [ -70.512427, 18.6003883 ], [ -70.5124904, 18.6006107 ], [ -70.5126141, 18.6010313 ], [ -70.512613, 18.601185 ], [ -70.5125792, 18.6012897 ], [ -70.5124936, 18.6013559 ], [ -70.5123604, 18.6013833 ], [ -70.512259, 18.6013589 ], [ -70.5121565, 18.601297 ], [ -70.5121068, 18.6012026 ], [ -70.5120973, 18.6010223 ], [ -70.5121321, 18.6008661 ], [ -70.5121353, 18.6006897 ], [ -70.5119736, 18.6004784 ], [ -70.5117937, 18.6003268 ], [ -70.5115361, 18.6000548 ], [ -70.5113145, 18.5996898 ], [ -70.5111616, 18.5990101 ], [ -70.5110732, 18.5986695 ], [ -70.5110415, 18.5984652 ], [ -70.5110541, 18.5982333 ], [ -70.5114156, 18.5974405 ], [ -70.5114857, 18.5971972 ], [ -70.5115266, 18.5967614 ], [ -70.5116081, 18.596351 ], [ -70.5117358, 18.5961334 ], [ -70.5119879, 18.5957991 ], [ -70.5123731, 18.5951358 ], [ -70.5124168, 18.5949604 ], [ -70.512389, 18.5947301 ], [ -70.5122789, 18.5945796 ], [ -70.5121829, 18.5945198 ], [ -70.5120624, 18.5944957 ], [ -70.5119261, 18.5945348 ], [ -70.5118201, 18.5946089 ], [ -70.5116027, 18.5950486 ], [ -70.5115107, 18.5951538 ], [ -70.5113951, 18.5952139 ], [ -70.5112888, 18.595247 ], [ -70.5111778, 18.5952379 ], [ -70.5111279, 18.5951272 ], [ -70.5111176, 18.5949585 ], [ -70.5111546, 18.5947339 ], [ -70.5111874, 18.5944957 ], [ -70.5111774, 18.5942552 ], [ -70.5111461, 18.5939638 ], [ -70.511051, 18.5936483 ], [ -70.5108354, 18.5933989 ], [ -70.5108006, 18.5932817 ], [ -70.5108323, 18.5931165 ], [ -70.5108259, 18.5929872 ], [ -70.5107157, 18.5926583 ], [ -70.510194, 18.5920606 ], [ -70.5100555, 18.5919024 ], [ -70.5099065, 18.5917702 ], [ -70.5095659, 18.5916473 ], [ -70.509307, 18.5915837 ], [ -70.5091342, 18.5915334 ], [ -70.5089218, 18.5914342 ], [ -70.5086526, 18.5911705 ], [ -70.5085097, 18.5908753 ], [ -70.5084078, 18.5906701 ], [ -70.5081673, 18.5903524 ], [ -70.5080404, 18.5901962 ], [ -70.5078748, 18.5900771 ], [ -70.5075871, 18.5898927 ], [ -70.5072542, 18.5896012 ], [ -70.5070544, 18.589472 ], [ -70.5068864, 18.5893367 ], [ -70.5066296, 18.5890693 ], [ -70.5064101, 18.5889422 ], [ -70.5062048, 18.588892 ], [ -70.5059828, 18.588889 ], [ -70.505822, 18.5889682 ], [ -70.5056975, 18.5891384 ], [ -70.505577, 18.5893608 ], [ -70.5054787, 18.589487 ], [ -70.5053678, 18.5895441 ], [ -70.5052356, 18.5895529 ], [ -70.5051205, 18.5895261 ], [ -70.5050349, 18.589472 ], [ -70.5049366, 18.5893638 ], [ -70.5048317, 18.589197 ], [ -70.5046893, 18.5890513 ], [ -70.5044927, 18.5889671 ], [ -70.5042736, 18.5889785 ], [ -70.5039413, 18.58914 ], [ -70.503656, 18.5893443 ], [ -70.5030747, 18.5897858 ], [ -70.5027435, 18.5900594 ], [ -70.5026414, 18.5902518 ], [ -70.5026287, 18.5905403 ], [ -70.502568, 18.5906897 ], [ -70.502261, 18.5909911 ], [ -70.5017612, 18.5913198 ], [ -70.501405, 18.5916221 ], [ -70.5011523, 18.591893 ] ] ] } },
{ "type": "Feature", "properties": { "osm_id": "way/236767919", "highway": "unclassified", "surf_class": "unknown" }, "geometry": { "type": "MultiLineString", "coordinates": [ [ [ -70.5282386, 18.6425345 ], [ -70.5277797, 18.6424573 ], [ -70.5266956, 18.6421927 ], [ -70.5265776, 18.6419182 ], [ -70.5256871, 18.6415827 ], [ -70.5256549, 18.6417149 ], [ -70.5258051, 18.6419589 ], [ -70.5257193, 18.642335 ], [ -70.5253223, 18.6417962 ], [ -70.5251936, 18.6411557 ], [ -70.5247644, 18.6413997 ], [ -70.5246679, 18.641725 ], [ -70.5247966, 18.6421622 ], [ -70.5245499, 18.6426705 ], [ -70.5244962, 18.6435244 ], [ -70.5247644, 18.6437481 ], [ -70.5250327, 18.643809 ], [ -70.5248181, 18.6447646 ], [ -70.5242709, 18.6447951 ], [ -70.5239812, 18.6444292 ], [ -70.5237881, 18.6453847 ], [ -70.5231873, 18.6445105 ], [ -70.5230478, 18.6431279 ], [ -70.5226938, 18.6424062 ], [ -70.5221359, 18.6443987 ], [ -70.522211, 18.6456287 ], [ -70.5224792, 18.6464318 ], [ -70.5228118, 18.6468588 ], [ -70.5227152, 18.6469909 ], [ -70.5220501, 18.6463911 ], [ -70.521696, 18.6457812 ], [ -70.5213741, 18.6457812 ], [ -70.5211381, 18.6459439 ], [ -70.5214492, 18.6462997 ], [ -70.5217067, 18.6469604 ], [ -70.522093, 18.6475907 ], [ -70.5218998, 18.6481295 ], [ -70.5219931, 18.6490397 ], [ -70.5220071, 18.6491765 ], [ -70.5221573, 18.6496136 ], [ -70.5221466, 18.6502032 ], [ -70.5228547, 18.6512096 ], [ -70.523359, 18.6526531 ], [ -70.523198, 18.653446 ], [ -70.5232946, 18.6538729 ], [ -70.5231015, 18.6542185 ], [ -70.5232624, 18.6546353 ], [ -70.5235092, 18.6548793 ], [ -70.5240134, 18.6567497 ], [ -70.5239598, 18.6577763 ], [ -70.5235735, 18.6581931 ], [ -70.523359, 18.658986 ], [ -70.523198, 18.6591994 ], [ -70.5234019, 18.6596568 ], [ -70.5236272, 18.6612324 ], [ -70.5241529, 18.6621777 ], [ -70.5243567, 18.6631129 ], [ -70.5243031, 18.6638447 ] ] ] } },
{ "type": "Feature", "properties": { "osm_id": "way/236767920", "highway": "unclassified", "surf_class": "unknown" }, "geometry": { "type": "MultiLineString", "coordinates": [ [ [ -70.5284556, 18.6228947 ], [ -70.5281655, 18.6236287 ], [ -70.5280543, 18.6237086 ], [ -70.5279187, 18.6236693 ], [ -70.5276827, 18.6230288 ], [ -70.5277256, 18.6227441 ], [ -70.5274252, 18.6226221 ], [ -70.5272965, 18.6223273 ], [ -70.5268888, 18.6221849 ], [ -70.5267922, 18.6219511 ], [ -70.5266527, 18.6219409 ], [ -70.5264596, 18.6223781 ], [ -70.5251185, 18.6224391 ], [ -70.524464, 18.6227543 ], [ -70.5241207, 18.6231 ], [ -70.5237237, 18.6230288 ], [ -70.5238954, 18.6226628 ], [ -70.5242387, 18.622429 ], [ -70.5242924, 18.6217274 ], [ -70.5241529, 18.6215749 ], [ -70.5236594, 18.6219918 ], [ -70.5232839, 18.6219409 ], [ -70.5231337, 18.6211581 ], [ -70.5233482, 18.6206904 ], [ -70.5233161, 18.6199685 ], [ -70.5229942, 18.6193686 ], [ -70.522844, 18.6195313 ], [ -70.5228869, 18.6203752 ], [ -70.5222003, 18.6218088 ], [ -70.5221359, 18.6240557 ], [ -70.5219749, 18.6251131 ], [ -70.5214922, 18.6256417 ], [ -70.520827, 18.6259061 ], [ -70.5204085, 18.6266788 ], [ -70.5193678, 18.6271261 ], [ -70.5183915, 18.6272074 ], [ -70.517265, 18.6267093 ], [ -70.5157093, 18.6272583 ], [ -70.5150227, 18.6267296 ], [ -70.5138747, 18.6253672 ], [ -70.513585, 18.6254384 ], [ -70.5134455, 18.6256722 ], [ -70.5138639, 18.6259264 ], [ -70.5144969, 18.6267296 ], [ -70.5147223, 18.6275836 ], [ -70.5155055, 18.6290578 ], [ -70.5152694, 18.6306438 ], [ -70.5153553, 18.6309691 ], [ -70.514969, 18.6313351 ], [ -70.5141858, 18.6309894 ], [ -70.5134241, 18.6311013 ], [ -70.5132524, 18.6311826 ], [ -70.5132739, 18.6315283 ], [ -70.5136279, 18.6322094 ], [ -70.5156986, 18.6334294 ], [ -70.5158488, 18.6338157 ], [ -70.5157844, 18.6342936 ], [ -70.5155162, 18.6346291 ], [ -70.5151407, 18.6357474 ], [ -70.514733, 18.636276 ], [ -70.5142931, 18.6375264 ], [ -70.5140463, 18.6379229 ], [ -70.5139712, 18.6383601 ], [ -70.5136279, 18.6388074 ], [ -70.5133382, 18.6397833 ], [ -70.513349, 18.640251 ], [ -70.5130271, 18.6409524 ], [ -70.5131022, 18.6412879 ], [ -70.5132739, 18.6415624 ], [ -70.5131237, 18.6420199 ], [ -70.5129091, 18.6421215 ], [ -70.5126301, 18.6424875 ], [ -70.5141751, 18.6441039 ], [ -70.5138961, 18.6452628 ], [ -70.5141322, 18.6454966 ], [ -70.5145506, 18.6453542 ], [ -70.5148188, 18.6455372 ], [ -70.5151407, 18.6451204 ], [ -70.5155698, 18.6450391 ], [ -70.5156235, 18.6447748 ], [ -70.5159024, 18.6447545 ], [ -70.5159024, 18.6451509 ], [ -70.516235, 18.6452933 ], [ -70.5166427, 18.6458625 ], [ -70.5170182, 18.6457202 ], [ -70.5171255, 18.646015 ], [ -70.5174367, 18.646076 ], [ -70.5175547, 18.6462082 ], [ -70.5174903, 18.6464826 ], [ -70.5179087, 18.6467978 ], [ -70.5181984, 18.6471332 ], [ -70.5185846, 18.6471739 ], [ -70.5190138, 18.64755 ], [ -70.5196039, 18.647794 ], [ -70.5197863, 18.6479567 ], [ -70.5201725, 18.6480278 ], [ -70.5202691, 18.6481498 ], [ -70.5206231, 18.6480278 ], [ -70.5209128, 18.6482616 ], [ -70.5213849, 18.6482718 ], [ -70.5219931, 18.6490397 ] ] ] } },
{ "type": "Feature", "properties": { "osm_id": "way/236768382", "highway": "track", "surf_class": "unpaved (assumed)" }, "geometry": { "type": "MultiLineString", "coordinates": [ [ [ -70.5079631, 18.6820282 ], [ -70.5081618, 18.6822939 ], [ -70.5075395, 18.6826446 ], [ -70.507019, 18.6831564 ], [ -70.5070404, 18.683939 ], [ -70.5067185, 18.6841728 ], [ -70.5069224, 18.6846504 ], [ -70.508006, 18.6847216 ], [ -70.5081884, 18.6850875 ], [ -70.5082206, 18.6855245 ], [ -70.5087248, 18.6861749 ], [ -70.5095402, 18.686429 ], [ -70.5098406, 18.6867238 ], [ -70.5103663, 18.6866933 ], [ -70.5113319, 18.6870388 ], [ -70.5119435, 18.687984 ], [ -70.5118684, 18.688421 ], [ -70.5123405, 18.6889597 ], [ -70.5123512, 18.6895796 ], [ -70.5120937, 18.6899048 ], [ -70.5125658, 18.6905756 ], [ -70.5131022, 18.6911142 ], [ -70.5129413, 18.691724 ], [ -70.5136923, 18.6925167 ], [ -70.5140142, 18.6937363 ], [ -70.5138318, 18.6942647 ], [ -70.5142395, 18.6947119 ], [ -70.5145399, 18.695657 ], [ -70.514969, 18.6963989 ], [ -70.516396, 18.6967444 ], [ -70.5159132, 18.6972831 ], [ -70.5165354, 18.6978827 ], [ -70.517619, 18.6981875 ], [ -70.5181984, 18.6981367 ], [ -70.5186705, 18.6978928 ], [ -70.5188421, 18.6980757 ], [ -70.5195824, 18.6996306 ], [ -70.519797, 18.7003013 ], [ -70.5207733, 18.7006875 ], [ -70.5215136, 18.7005859 ], [ -70.5226401, 18.7012058 ], [ -70.5228118, 18.7016529 ], [ -70.523241, 18.7018765 ], [ -70.5235735, 18.70272 ], [ -70.5255369, 18.7033602 ], [ -70.5243246, 18.7037159 ], [ -70.5236701, 18.7035533 ], [ -70.5236379, 18.7038785 ], [ -70.5244855, 18.704285 ], [ -70.5237989, 18.7051081 ], [ -70.5229942, 18.7052504 ], [ -70.5231766, 18.7057382 ], [ -70.5244319, 18.70648 ], [ -70.5252687, 18.7063479 ], [ -70.5258481, 18.706541 ], [ -70.5262343, 18.7073946 ], [ -70.5270819, 18.7080145 ], [ -70.5278436, 18.7091424 ], [ -70.5285088, 18.7092034 ], [ -70.5293778, 18.7088274 ], [ -70.5299572, 18.7089798 ], [ -70.5299465, 18.7096302 ], [ -70.52941, 18.7101078 ], [ -70.5296353, 18.7116524 ], [ -70.5305687, 18.7140709 ], [ -70.529925, 18.7154021 ], [ -70.5289594, 18.7166722 ], [ -70.5288307, 18.7172413 ], [ -70.5285517, 18.717536 ], [ -70.5287019, 18.7186029 ], [ -70.5285517, 18.7190602 ] ] ] } },
{ "type": "Feature", "properties": { "osm_id": "way/236768383", "highway": "track", "surf_class": "unpaved (assumed)" }, "geometry": { "type": "MultiLineString", "coordinates": [ [ [ -70.5516509, 18.7191516 ], [ -70.5517046, 18.7188874 ], [ -70.551372, 18.7186334 ], [ -70.5521122, 18.7179831 ], [ -70.5531208, 18.7176071 ], [ -70.5534748, 18.7166418 ], [ -70.5534963, 18.7159508 ], [ -70.5529598, 18.7152903 ], [ -70.5533568, 18.7149245 ], [ -70.5535714, 18.7144469 ], [ -70.5539362, 18.7143961 ], [ -70.5543546, 18.7130446 ], [ -70.554537, 18.7118658 ], [ -70.5545048, 18.7108903 ], [ -70.5542151, 18.7108191 ], [ -70.5539898, 18.7092034 ], [ -70.5537216, 18.7082685 ], [ -70.5530886, 18.7078315 ], [ -70.5533353, 18.7076588 ], [ -70.5545584, 18.7076385 ], [ -70.5551914, 18.707984 ], [ -70.5553953, 18.7075572 ], [ -70.5564896, 18.7059008 ], [ -70.5564574, 18.7051081 ], [ -70.5567471, 18.704976 ], [ -70.55679, 18.7043764 ], [ -70.5572514, 18.7032281 ], [ -70.5570153, 18.7028114 ], [ -70.5570153, 18.7023643 ], [ -70.5564038, 18.7015513 ], [ -70.5547515, 18.7009111 ], [ -70.5540542, 18.700403 ], [ -70.5537645, 18.6995595 ], [ -70.553743, 18.699031 ], [ -70.5533353, 18.6991835 ], [ -70.5523161, 18.6984924 ], [ -70.5521015, 18.698218 ], [ -70.5522946, 18.6978014 ], [ -70.5522517, 18.6974253 ], [ -70.5520371, 18.6970696 ], [ -70.5521981, 18.6967749 ], [ -70.5520264, 18.6958298 ], [ -70.5523161, 18.6954538 ], [ -70.5516187, 18.6947221 ], [ -70.5514471, 18.6950066 ], [ -70.5512432, 18.6950676 ], [ -70.5510072, 18.6946204 ], [ -70.549827, 18.6931671 ], [ -70.5487649, 18.6927098 ], [ -70.5487541, 18.6922017 ], [ -70.5483893, 18.6922931 ], [ -70.5479173, 18.6914293 ], [ -70.5483357, 18.6913378 ], [ -70.5482177, 18.6911041 ], [ -70.547692, 18.6911142 ], [ -70.5474452, 18.6913988 ], [ -70.5473486, 18.6912667 ], [ -70.5480353, 18.6905349 ], [ -70.5476491, 18.690352 ], [ -70.5475632, 18.6899658 ], [ -70.547177, 18.6896203 ], [ -70.5468229, 18.6887361 ], [ -70.5465976, 18.6886344 ], [ -70.5445591, 18.6865612 ], [ -70.5445484, 18.6862766 ], [ -70.5453531, 18.6853924 ], [ -70.5449561, 18.6850163 ], [ -70.5445055, 18.6850367 ], [ -70.5441836, 18.6846708 ], [ -70.544366, 18.6845082 ], [ -70.5448166, 18.6845793 ], [ -70.5450098, 18.683441 ], [ -70.5454175, 18.6832784 ], [ -70.5448596, 18.6825364 ], [ -70.5448059, 18.6817335 ], [ -70.5443982, 18.6819775 ], [ -70.5441515, 18.6818148 ], [ -70.544248, 18.6799854 ], [ -70.5439583, 18.6792434 ], [ -70.544248, 18.6787556 ], [ -70.5433146, 18.6772818 ], [ -70.5430678, 18.6774241 ], [ -70.5428103, 18.6774038 ], [ -70.5422954, 18.6776985 ], [ -70.5422954, 18.6779628 ], [ -70.5420808, 18.6781762 ], [ -70.5416945, 18.6781762 ], [ -70.5412332, 18.6783389 ], [ -70.5408792, 18.6786539 ], [ -70.5404929, 18.6786133 ], [ -70.5402032, 18.6788674 ], [ -70.5400209, 18.6788369 ], [ -70.5402676, 18.6784608 ], [ -70.5407933, 18.6782067 ], [ -70.5409113, 18.6775156 ], [ -70.540847, 18.6770989 ], [ -70.5403213, 18.6767228 ], [ -70.5402569, 18.6760723 ], [ -70.5403427, 18.6756861 ], [ -70.5397204, 18.6753405 ], [ -70.5397204, 18.6750153 ], [ -70.5394522, 18.6747713 ], [ -70.5397312, 18.6743445 ], [ -70.5387441, 18.6731349 ], [ -70.5384544, 18.6730333 ], [ -70.5380682, 18.6726471 ], [ -70.5378429, 18.6716103 ], [ -70.5373172, 18.6710615 ], [ -70.5369524, 18.671031 ], [ -70.5366198, 18.6706955 ], [ -70.5360512, 18.6706244 ], [ -70.5360083, 18.670167 ], [ -70.5358044, 18.6696486 ], [ -70.5354826, 18.6695673 ], [ -70.535268, 18.6698621 ], [ -70.5334763, 18.6699027 ], [ -70.5338947, 18.6690083 ], [ -70.5343024, 18.6690693 ], [ -70.5347315, 18.6688253 ], [ -70.5346993, 18.6683984 ], [ -70.534989, 18.6679105 ], [ -70.534635, 18.6675446 ], [ -70.5341629, 18.6674328 ], [ -70.5334763, 18.6673108 ], [ -70.5330364, 18.6669144 ], [ -70.5323068, 18.6670669 ], [ -70.5319099, 18.6668839 ], [ -70.5311159, 18.6668941 ], [ -70.5304507, 18.6662537 ], [ -70.5293457, 18.6664468 ], [ -70.5274788, 18.6653186 ], [ -70.527275, 18.66479 ], [ -70.5267493, 18.6642208 ], [ -70.5257622, 18.6643631 ], [ -70.5252794, 18.6648409 ], [ -70.5248825, 18.6645867 ], [ -70.5246464, 18.6645867 ], [ -70.5243567, 18.6643123 ], [ -70.5243031, 18.6638447 ] ] ] } },
{ "type": "Feature", "properties": { "osm_id": "way/236769623", "highway": "track", "surf_class": "unpaved (assumed)" }, "geometry": { "type": "MultiLineString", "coordinates": [ [ [ -70.5473486, 18.6912667 ], [ -70.5472628, 18.691663 ], [ -70.5469731, 18.6914395 ], [ -70.5463294, 18.6915817 ], [ -70.5465654, 18.6930554 ], [ -70.5463079, 18.6935737 ], [ -70.5455569, 18.6936956 ], [ -70.5449347, 18.6933907 ], [ -70.5445377, 18.6930757 ], [ -70.5443017, 18.6930858 ], [ -70.5443124, 18.6934314 ], [ -70.544645, 18.6941123 ], [ -70.5442051, 18.6942139 ], [ -70.5428962, 18.6937058 ], [ -70.5417294, 18.6932612 ], [ -70.5406887, 18.6940539 ], [ -70.5405278, 18.6946992 ], [ -70.5401684, 18.694811 ], [ -70.5400986, 18.6958679 ], [ -70.539809, 18.6964828 ], [ -70.5383686, 18.6965361 ], [ -70.5385617, 18.6971459 ], [ -70.5377893, 18.6975727 ], [ -70.5372206, 18.6985483 ], [ -70.5374352, 18.6992292 ], [ -70.5372743, 18.6997881 ], [ -70.5369631, 18.6998186 ], [ -70.5364052, 18.6996763 ], [ -70.5364696, 18.7002454 ], [ -70.5361799, 18.700215 ], [ -70.5363409, 18.7005402 ], [ -70.5366413, 18.7006824 ], [ -70.5363623, 18.7008349 ], [ -70.5365769, 18.7013735 ], [ -70.5359868, 18.7020848 ], [ -70.5349461, 18.7023694 ], [ -70.5339912, 18.7024913 ] ] ] } },
{ "type": "Feature", "properties": { "osm_id": "way/236770355", "highway": "unclassified", "surf_class": "unknown" }, "geometry": { "type": "MultiLineString", "coordinates": [ [ [ -70.4599996, 18.7135711 ], [ -70.4599462, 18.7134612 ], [ -70.4593639, 18.712464 ], [ -70.4586158, 18.7114695 ], [ -70.4584235, 18.7110488 ], [ -70.4582954, 18.7103637 ], [ -70.4578932, 18.7098815 ], [ -70.4575354, 18.7094683 ], [ -70.4572582, 18.7089378 ], [ -70.4569562, 18.7084857 ], [ -70.4563249, 18.7080017 ], [ -70.4562501, 18.7079129 ], [ -70.4559365, 18.7073147 ], [ -70.4555744, 18.7069412 ], [ -70.4547313, 18.7061184 ], [ -70.4544157, 18.7057167 ], [ -70.4542998, 18.7055246 ], [ -70.4541416, 18.7052624 ], [ -70.4537367, 18.7041586 ], [ -70.4535171, 18.7037427 ], [ -70.4532165, 18.7033501 ], [ -70.4499152, 18.700831 ], [ -70.449739, 18.7007068 ], [ -70.449204, 18.700093 ], [ -70.4490218, 18.699975 ], [ -70.4477004, 18.6997712 ], [ -70.4470551, 18.6997036 ], [ -70.4466892, 18.6996706 ], [ -70.4465488, 18.6996371 ], [ -70.4464548, 18.6995457 ], [ -70.4462074, 18.6992326 ], [ -70.4457843, 18.6986694 ], [ -70.4455382, 18.6983127 ] ] ] } },
{ "type": "Feature", "properties": { "osm_id": "way/236770357", "name": "Carretera Blas Olivo", "highway": "secondary", "ref": "RD-201", "surf_class": "paved (assumed)" }, "geometry": { "type": "MultiLineString", "coordinates": [ [ [ -70.4696454, 18.6617476 ], [ -70.4693814, 18.6628682 ] ] ] } },
{ "type": "Feature", "properties": { "osm_id": "way/236770359", "name": "Carretera Blas Olivo", "highway": "secondary", "ref": "RD-201", "surf_class": "paved (assumed)" }, "geometry": { "type": "MultiLineString", "coordinates": [ [ [ -70.4580695, 18.6358294 ], [ -70.4579998, 18.6359487 ], [ -70.4579988, 18.6360452 ], [ -70.4580398, 18.6361748 ], [ -70.4583245, 18.6369696 ], [ -70.4585822, 18.6380282 ], [ -70.458624, 18.6382491 ], [ -70.4586581, 18.6383813 ], [ -70.4587164, 18.6385523 ], [ -70.4588791, 18.6388548 ], [ -70.4589385, 18.6389816 ], [ -70.4589632, 18.639101 ], [ -70.4589594, 18.6392364 ], [ -70.4587307, 18.6397992 ], [ -70.458673, 18.6399564 ], [ -70.4586562, 18.6401056 ], [ -70.4586763, 18.6403194 ], [ -70.458713, 18.6404885 ], [ -70.4587714, 18.6406198 ], [ -70.458919, 18.6407941 ], [ -70.4591492, 18.6410193 ], [ -70.4592056, 18.6410684 ], [ -70.4592676, 18.6411292 ], [ -70.4593916, 18.6412689 ], [ -70.4595857, 18.6414956 ], [ -70.4598056, 18.641823 ], [ -70.4600074, 18.6421355 ], [ -70.4601856, 18.6423393 ], [ -70.4602901, 18.6424587 ], [ -70.4604048, 18.6425842 ], [ -70.4604321, 18.6426711 ], [ -70.4604305, 18.6427476 ], [ -70.4604144, 18.642818 ], [ -70.4603659, 18.642876 ], [ -70.4602838, 18.6429207 ], [ -70.4601897, 18.6429495 ], [ -70.4600794, 18.6429954 ], [ -70.4600104, 18.643068 ], [ -70.4599745, 18.6431507 ], [ -70.4599877, 18.643267 ], [ -70.4600569, 18.6434177 ], [ -70.460253, 18.6436473 ], [ -70.4603178, 18.6437486 ], [ -70.460327, 18.6439 ], [ -70.4602982, 18.6440339 ], [ -70.4602686, 18.6441591 ], [ -70.4602402, 18.6442847 ], [ -70.460244, 18.6444661 ], [ -70.4603329, 18.6446764 ], [ -70.460416, 18.6448351 ], [ -70.4604929, 18.6449511 ], [ -70.4605906, 18.6450746 ], [ -70.4607, 18.6451486 ], [ -70.4608256, 18.6451929 ], [ -70.4610013, 18.6452384 ], [ -70.4610633, 18.645285 ], [ -70.4611602, 18.6454043 ], [ -70.4611959, 18.6454968 ], [ -70.4611872, 18.6455898 ], [ -70.4611317, 18.6456982 ], [ -70.4610161, 18.6457761 ], [ -70.460979, 18.6458702 ], [ -70.4609662, 18.645976 ], [ -70.461009, 18.6461307 ], [ -70.461041, 18.6462184 ], [ -70.4610338, 18.6463167 ], [ -70.4610277, 18.6464366 ], [ -70.4610154, 18.6465118 ], [ -70.4610092, 18.6467156 ], [ -70.4610295, 18.6469007 ], [ -70.4610737, 18.6470854 ], [ -70.4611206, 18.6472549 ], [ -70.4612154, 18.6473663 ], [ -70.4613863, 18.6475274 ], [ -70.4615878, 18.6476239 ], [ -70.461807, 18.6477225 ], [ -70.4619781, 18.6478602 ], [ -70.4620572, 18.6479826 ], [ -70.4620904, 18.6480896 ], [ -70.4621014, 18.6482197 ], [ -70.4620882, 18.6483518 ], [ -70.4620882, 18.6485763 ], [ -70.4621992, 18.6488411 ], [ -70.462314, 18.6489455 ], [ -70.4627125, 18.6491615 ], [ -70.4632952, 18.6494685 ], [ -70.4634874, 18.6495538 ], [ -70.4636933, 18.6496 ], [ -70.4638638, 18.649623 ], [ -70.4640608, 18.6496314 ], [ -70.4641737, 18.6496482 ], [ -70.4642452, 18.6497361 ], [ -70.4642556, 18.6498097 ], [ -70.4642578, 18.6498957 ], [ -70.4641826, 18.6500992 ], [ -70.4641051, 18.6502419 ], [ -70.4640232, 18.6504957 ], [ -70.4639855, 18.6506845 ], [ -70.4639346, 18.6509509 ], [ -70.463846, 18.6511816 ], [ -70.4636778, 18.6516683 ], [ -70.4636512, 18.651748 ], [ -70.4636584, 18.65185 ], [ -70.4637088, 18.6519976 ], [ -70.4637907, 18.6520731 ], [ -70.4639368, 18.6521277 ], [ -70.4640831, 18.6521527 ], [ -70.464291, 18.6521319 ], [ -70.4644881, 18.6521507 ], [ -70.464725, 18.6522032 ], [ -70.4651744, 18.6522472 ], [ -70.4653424, 18.6523153 ], [ -70.4654799, 18.6524507 ], [ -70.4655774, 18.6525955 ], [ -70.4657722, 18.6527465 ], [ -70.4660002, 18.6528849 ], [ -70.4662327, 18.652973 ], [ -70.4664519, 18.6530842 ], [ -70.4666755, 18.6532751 ], [ -70.4670931, 18.6535963 ], [ -70.467229, 18.6537408 ], [ -70.4675367, 18.6542232 ], [ -70.4677182, 18.6544833 ], [ -70.4679706, 18.6547539 ], [ -70.4681389, 18.6548798 ], [ -70.4682518, 18.6550287 ], [ -70.4684603, 18.6553288 ], [ -70.4685308, 18.6554315 ], [ -70.4686326, 18.6555049 ], [ -70.4689891, 18.6555678 ], [ -70.4692636, 18.6555909 ], [ -70.4695169, 18.6556471 ], [ -70.4697019, 18.6557545 ], [ -70.4699256, 18.6559873 ], [ -70.4701447, 18.6561698 ], [ -70.4703102, 18.6563431 ], [ -70.4705477, 18.6567656 ], [ -70.4708091, 18.6571371 ], [ -70.4709307, 18.6577892 ], [ -70.4709422, 18.6580851 ], [ -70.4708975, 18.6584017 ], [ -70.4707956, 18.6586114 ], [ -70.4706363, 18.6587983 ], [ -70.4704702, 18.6590981 ], [ -70.4702858, 18.6593659 ], [ -70.470175, 18.6596545 ], [ -70.4701832, 18.6599683 ], [ -70.4701661, 18.6601915 ], [ -70.4700244, 18.6603845 ], [ -70.4698916, 18.6607159 ], [ -70.4697565, 18.661282 ], [ -70.4696454, 18.6617476 ] ] ] } },
{ "type": "Feature", "properties": { "osm_id": "way/236771035", "highway": "unclassified", "surf_class": "unknown" }, "geometry": { "type": "MultiLineString", "coordinates": [ [ [ -70.3271368, 18.7556745 ], [ -70.3271978, 18.7556752 ], [ -70.3272897, 18.7556889 ], [ -70.3277779, 18.7556663 ], [ -70.3279362, 18.7556515 ], [ -70.3284964, 18.75567 ], [ -70.3292015, 18.7559891 ], [ -70.3298727, 18.7561946 ], [ -70.3300737, 18.7562748 ], [ -70.3303284, 18.7563888 ], [ -70.3313532, 18.757114 ], [ -70.3318358, 18.7575748 ], [ -70.3321067, 18.7583443 ], [ -70.3327076, 18.7592383 ], [ -70.3329758, 18.7606606 ], [ -70.3349391, 18.7619609 ], [ -70.3350572, 18.7630783 ], [ -70.3357116, 18.7636676 ], [ -70.3357449, 18.7637713 ], [ -70.3358647, 18.7641449 ], [ -70.3359316, 18.7643533 ] ] ] } },
{ "type": "Feature", "properties": { "osm_id": "way/236771722", "name": "Camino La Yautía", "highway": "residential", "surf_class": "unknown" }, "geometry": { "type": "MultiLineString", "coordinates": [ [ [ -70.3717949, 18.7524548 ], [ -70.3694775, 18.7512357 ], [ -70.3668703, 18.7509614 ], [ -70.3655185, 18.7520789 ], [ -70.3649713, 18.752404 ], [ -70.3647782, 18.7527697 ], [ -70.3636732, 18.7533996 ], [ -70.3635525, 18.7537374 ], [ -70.3626646, 18.7543647 ], [ -70.3620531, 18.7549133 ], [ -70.3601648, 18.7552791 ], [ -70.3594996, 18.7560613 ], [ -70.3587486, 18.756234 ], [ -70.3573217, 18.7558988 ], [ -70.3541245, 18.7565185 ], [ -70.3534225, 18.7568524 ] ] ] } },
{ "type": "Feature", "properties": { "osm_id": "way/262153847", "name": "Carretera Blas Olivo", "highway": "secondary", "ref": "RD-201", "surf_class": "paved (assumed)" }, "geometry": { "type": "MultiLineString", "coordinates": [ [ [ -70.4451482, 18.692629 ], [ -70.4453174, 18.6922586 ], [ -70.4454221, 18.6918353 ], [ -70.4454413, 18.6915372 ], [ -70.4453484, 18.6909374 ], [ -70.4451285, 18.6900297 ], [ -70.4447373, 18.6885424 ], [ -70.4445654, 18.6880748 ], [ -70.4444982, 18.6870617 ], [ -70.4443609, 18.6860718 ], [ -70.4442644, 18.683982 ], [ -70.4442945, 18.6836642 ], [ -70.4444318, 18.6833747 ], [ -70.4452199, 18.6821415 ], [ -70.4457026, 18.681483 ], [ -70.4461188, 18.6808496 ], [ -70.4463404, 18.6806122 ], [ -70.4485462, 18.6791193 ], [ -70.4495868, 18.6783727 ], [ -70.4503971, 18.6778735 ], [ -70.4507927, 18.6777471 ], [ -70.4510385, 18.6777195 ], [ -70.4512855, 18.6777479 ], [ -70.4515148, 18.6777672 ], [ -70.4517432, 18.6778735 ], [ -70.4519581, 18.6780485 ], [ -70.4523586, 18.6784859 ], [ -70.4526996, 18.6789431 ], [ -70.4529033, 18.6792451 ], [ -70.4530592, 18.6793274 ], [ -70.4532379, 18.6793748 ], [ -70.4533724, 18.6793091 ], [ -70.4537496, 18.6788767 ], [ -70.4540894, 18.678338 ], [ -70.4543887, 18.6780265 ] ] ] } },
{ "type": "Feature", "properties": { "osm_id": "way/262153848", "name": "Carretera Blas Olivo", "highway": "secondary", "ref": "RD-201", "surf_class": "paved (assumed)" }, "geometry": { "type": "MultiLineString", "coordinates": [ [ [ -70.492338, 18.5905987 ], [ -70.4919985, 18.5914167 ], [ -70.4919611, 18.5916299 ], [ -70.4919632, 18.591823 ], [ -70.4919615, 18.5923331 ], [ -70.491961, 18.5924907 ], [ -70.4919345, 18.5925801 ], [ -70.491882, 18.5926497 ], [ -70.4917646, 18.5927685 ], [ -70.4913208, 18.5931555 ], [ -70.4912468, 18.593217 ], [ -70.4911349, 18.5932851 ], [ -70.4910627, 18.5933245 ], [ -70.4909104, 18.5933816 ], [ -70.4902022, 18.5936998 ], [ -70.4899724, 18.5938391 ], [ -70.4897816, 18.5940261 ], [ -70.4896416, 18.5942262 ], [ -70.4895723, 18.5944096 ], [ -70.489529, 18.5945758 ], [ -70.4894317, 18.5951808 ], [ -70.4893607, 18.595846 ], [ -70.4892674, 18.5960919 ], [ -70.4891644, 18.5962138 ], [ -70.4890809, 18.5962768 ], [ -70.4889085, 18.5963856 ], [ -70.4887565, 18.5964917 ], [ -70.4886368, 18.5966132 ], [ -70.4885192, 18.5968177 ], [ -70.4884311, 18.5970021 ], [ -70.4882303, 18.5973945 ], [ -70.4881244, 18.597584 ], [ -70.4880372, 18.5976793 ], [ -70.4875141, 18.5982125 ], [ -70.4872288, 18.5985663 ], [ -70.486988, 18.5989321 ], [ -70.4868913, 18.5991176 ], [ -70.4868294, 18.5994045 ], [ -70.4868086, 18.5996465 ], [ -70.4868355, 18.6003561 ], [ -70.486798, 18.6006078 ], [ -70.486739, 18.6008468 ], [ -70.4865995, 18.601223 ], [ -70.4865459, 18.6013297 ], [ -70.4864922, 18.6013933 ], [ -70.4864225, 18.6014174 ], [ -70.4863259, 18.6014111 ], [ -70.4862575, 18.6013793 ], [ -70.4861945, 18.6013056 ], [ -70.4861024, 18.601075 ], [ -70.4859491, 18.6007293 ], [ -70.4857546, 18.6004044 ], [ -70.4856238, 18.6001405 ], [ -70.485535, 18.5998633 ], [ -70.4854905, 18.5997185 ], [ -70.4854086, 18.5995884 ], [ -70.4852567, 18.5994847 ], [ -70.4850525, 18.5994723 ], [ -70.4849044, 18.5995121 ], [ -70.4847783, 18.5995986 ], [ -70.4846683, 18.5997587 ], [ -70.4845288, 18.6000384 ], [ -70.4844457, 18.6001756 ], [ -70.4843065, 18.6004301 ], [ -70.4842615, 18.6005443 ], [ -70.4842526, 18.6006453 ], [ -70.4842435, 18.6008645 ], [ -70.48423, 18.6010148 ], [ -70.4841932, 18.6011471 ], [ -70.4841314, 18.601315 ], [ -70.4839817, 18.6015382 ], [ -70.4838395, 18.601678 ], [ -70.4836974, 18.6017568 ], [ -70.4833958, 18.6018704 ], [ -70.4831744, 18.6019116 ], [ -70.4830261, 18.6019061 ], [ -70.4828732, 18.6018789 ], [ -70.4827117, 18.6018411 ], [ -70.4825472, 18.6017898 ], [ -70.4823795, 18.6017112 ], [ -70.4822612, 18.6016399 ], [ -70.4821532, 18.6015928 ], [ -70.4820581, 18.6015735 ], [ -70.4819229, 18.6016057 ], [ -70.4818334, 18.6016853 ], [ -70.4817973, 18.6017592 ], [ -70.4817774, 18.6018432 ], [ -70.4817764, 18.6019806 ], [ -70.481835, 18.6022838 ], [ -70.4818438, 18.6024894 ], [ -70.4818318, 18.6026992 ], [ -70.4818031, 18.6028779 ], [ -70.4817352, 18.6030888 ], [ -70.4816294, 18.603381 ], [ -70.4815005, 18.6035971 ], [ -70.4813535, 18.6037691 ], [ -70.4811673, 18.603926 ], [ -70.4809563, 18.6039957 ], [ -70.4808109, 18.6040083 ], [ -70.4807094, 18.6039811 ], [ -70.4806067, 18.603933 ], [ -70.480509, 18.6038074 ], [ -70.4804497, 18.60366 ], [ -70.4803257, 18.6034546 ], [ -70.4801895, 18.6032575 ], [ -70.4800243, 18.6031298 ], [ -70.4798505, 18.6030096 ], [ -70.479692, 18.6029011 ], [ -70.4795584, 18.6028287 ], [ -70.4793749, 18.6027325 ], [ -70.4792518, 18.6025977 ], [ -70.4791602, 18.6024251 ], [ -70.4790724, 18.6022697 ], [ -70.4789271, 18.6021254 ], [ -70.4787508, 18.6020176 ], [ -70.4786122, 18.6019468 ], [ -70.4784077, 18.6018695 ], [ -70.4782539, 18.6017305 ], [ -70.4781654, 18.6016188 ], [ -70.4780602, 18.601451 ], [ -70.4778948, 18.6013299 ], [ -70.4777223, 18.6012702 ], [ -70.4775345, 18.6012496 ], [ -70.4773048, 18.6013013 ], [ -70.4770857, 18.6013691 ], [ -70.476965, 18.6014022 ], [ -70.4768282, 18.6014136 ], [ -70.4766271, 18.6014073 ], [ -70.4763106, 18.6013699 ], [ -70.4760407, 18.6013214 ], [ -70.4758192, 18.6012815 ], [ -70.4755568, 18.6012168 ], [ -70.4753159, 18.601156 ], [ -70.474578, 18.601058 ], [ -70.4743727, 18.6010044 ], [ -70.4741748, 18.6009222 ], [ -70.474025, 18.6008616 ], [ -70.4738644, 18.6008188 ], [ -70.4737061, 18.6008073 ], [ -70.4735948, 18.6008124 ], [ -70.4734781, 18.6008467 ], [ -70.4733668, 18.6009154 ], [ -70.4732984, 18.6010158 ], [ -70.4732622, 18.6011569 ], [ -70.4732314, 18.6012853 ], [ -70.473174, 18.601427 ], [ -70.4730825, 18.6015916 ], [ -70.4729162, 18.6018448 ], [ -70.4728602, 18.6019663 ], [ -70.4728617, 18.6020914 ], [ -70.4729173, 18.6022274 ], [ -70.4730086, 18.6023949 ], [ -70.4730423, 18.6025436 ], [ -70.4730396, 18.6026801 ], [ -70.4729819, 18.6031829 ], [ -70.4729605, 18.6032833 ], [ -70.4729144, 18.603408 ], [ -70.4728183, 18.603516 ], [ -70.4726849, 18.603634 ], [ -70.4725153, 18.6037497 ], [ -70.4723006, 18.6038525 ], [ -70.4721424, 18.6038731 ], [ -70.4718474, 18.6038833 ], [ -70.4716736, 18.6038773 ], [ -70.4715657, 18.603901 ], [ -70.4714946, 18.6039532 ], [ -70.4714464, 18.604018 ], [ -70.4714199, 18.6041117 ], [ -70.4714109, 18.6042316 ], [ -70.471382, 18.6043904 ], [ -70.4713498, 18.6044819 ], [ -70.4712835, 18.6045693 ], [ -70.4711627, 18.6046631 ], [ -70.4708505, 18.6048301 ], [ -70.4704387, 18.6050871 ], [ -70.4702679, 18.6051415 ], [ -70.4700898, 18.605175 ], [ -70.4700032, 18.6051512 ], [ -70.4698924, 18.6051253 ], [ -70.4698049, 18.6050818 ], [ -70.4697391, 18.6050246 ], [ -70.4696781, 18.6049282 ], [ -70.4696097, 18.6048091 ], [ -70.4695254, 18.6047086 ], [ -70.4694253, 18.6046459 ], [ -70.4692755, 18.6045969 ], [ -70.4689869, 18.6045386 ], [ -70.4688084, 18.6045556 ], [ -70.4686502, 18.6046141 ], [ -70.4684691, 18.6047105 ], [ -70.4683262, 18.6047902 ], [ -70.4680789, 18.6048791 ], [ -70.4678152, 18.6049994 ], [ -70.467437, 18.6051675 ], [ -70.4672094, 18.605298 ], [ -70.467052, 18.6053555 ], [ -70.4668978, 18.6053856 ], [ -70.4667362, 18.6053848 ], [ -70.4666306, 18.6053937 ], [ -70.4665224, 18.6054203 ], [ -70.4664212, 18.60548 ], [ -70.4663797, 18.6055458 ], [ -70.466366, 18.6056181 ], [ -70.4663655, 18.6058361 ], [ -70.466376, 18.6059674 ], [ -70.4663971, 18.6060478 ], [ -70.4664454, 18.6061177 ], [ -70.4665515, 18.6062018 ], [ -70.4667755, 18.6063173 ], [ -70.4668491, 18.6063675 ], [ -70.4668893, 18.6064126 ], [ -70.4669114, 18.606464 ], [ -70.4669101, 18.6064946 ], [ -70.4668933, 18.6065295 ], [ -70.4668712, 18.6065537 ], [ -70.4668383, 18.6065804 ], [ -70.4667947, 18.6066007 ], [ -70.4667398, 18.6066083 ], [ -70.4666472, 18.6066109 ], [ -70.4664493, 18.6065838 ], [ -70.4663368, 18.6065581 ], [ -70.4662436, 18.6065072 ], [ -70.4661463, 18.6064448 ], [ -70.4659611, 18.6062725 ], [ -70.4658741, 18.6061673 ], [ -70.4657748, 18.6060872 ], [ -70.465643, 18.6060088 ], [ -70.4654829, 18.6059531 ], [ -70.465221, 18.6058991 ], [ -70.4651284, 18.6058584 ], [ -70.4650667, 18.6058012 ], [ -70.4650359, 18.6057275 ], [ -70.4650265, 18.6056309 ], [ -70.4650399, 18.6055318 ], [ -70.4650761, 18.6054403 ], [ -70.4651617, 18.6053012 ], [ -70.4654078, 18.6050578 ], [ -70.4656971, 18.6048175 ], [ -70.4659051, 18.6047005 ], [ -70.4660361, 18.6046433 ], [ -70.4661986, 18.6045785 ], [ -70.4663864, 18.604487 ], [ -70.4665459, 18.6043524 ], [ -70.4667897, 18.6040315 ], [ -70.4670646, 18.60364 ], [ -70.4671973, 18.6033192 ], [ -70.4672627, 18.6030812 ], [ -70.4672517, 18.6028797 ], [ -70.4671961, 18.602572 ], [ -70.4670693, 18.602339 ], [ -70.466952, 18.6022196 ], [ -70.4668259, 18.6021615 ], [ -70.4666358, 18.6020873 ], [ -70.4662174, 18.6019754 ], [ -70.4658724, 18.6019373 ], [ -70.4656383, 18.601942 ], [ -70.4654092, 18.6019766 ], [ -70.4652116, 18.602107 ], [ -70.4650268, 18.6022642 ], [ -70.4648259, 18.6024942 ], [ -70.4645169, 18.6029643 ], [ -70.4642897, 18.6033384 ], [ -70.4641829, 18.6035628 ], [ -70.4640102, 18.6040965 ], [ -70.4638641, 18.6043636 ], [ -70.4636633, 18.6045728 ], [ -70.463414, 18.6047314 ], [ -70.4630687, 18.6048808 ], [ -70.4627303, 18.6050332 ], [ -70.4624359, 18.6052321 ], [ -70.4609441, 18.6063852 ], [ -70.4605756, 18.6067927 ], [ -70.460195, 18.6072569 ], [ -70.4597842, 18.6077741 ], [ -70.4594935, 18.6080948 ], [ -70.4591948, 18.6083813 ], [ -70.458667, 18.6089387 ], [ -70.4581472, 18.6094798 ], [ -70.457838, 18.6098084 ], [ -70.457079, 18.6105829 ], [ -70.4567635, 18.6109 ], [ -70.4566168, 18.6110409 ], [ -70.4564538, 18.6111656 ], [ -70.4561582, 18.6113947 ], [ -70.4558351, 18.6115989 ], [ -70.4554418, 18.6118625 ], [ -70.4552276, 18.6120527 ], [ -70.4550564, 18.6122709 ], [ -70.4549018, 18.6125313 ], [ -70.4546541, 18.6128658 ], [ -70.4544222, 18.6131215 ], [ -70.4542267, 18.6133072 ], [ -70.4541039, 18.6134595 ], [ -70.4539344, 18.613649 ], [ -70.4536915, 18.6140152 ], [ -70.453362, 18.6144583 ], [ -70.4531029, 18.6147951 ], [ -70.4529539, 18.6150158 ], [ -70.4527958, 18.6153543 ], [ -70.4527062, 18.6154961 ], [ -70.4525317, 18.615693 ], [ -70.4523039, 18.6158958 ], [ -70.4520036, 18.6162275 ], [ -70.4518789, 18.6164405 ], [ -70.4518095, 18.6165814 ], [ -70.4517851, 18.6166671 ], [ -70.451767, 18.6168244 ], [ -70.4517174, 18.6172069 ], [ -70.4516812, 18.6174268 ], [ -70.451674, 18.6175279 ], [ -70.4516906, 18.6176174 ], [ -70.451747, 18.6177335 ], [ -70.4518406, 18.6178688 ], [ -70.4521386, 18.6182828 ], [ -70.4523714, 18.6186922 ], [ -70.4525889, 18.6192212 ], [ -70.4527236, 18.6195218 ], [ -70.452836, 18.6197401 ], [ -70.4529987, 18.6199401 ], [ -70.4531687, 18.6200869 ], [ -70.4532858, 18.6201879 ], [ -70.453657, 18.6204862 ], [ -70.4543617, 18.6210317 ], [ -70.4544943, 18.6211551 ], [ -70.4545551, 18.6212455 ], [ -70.4546054, 18.6213957 ], [ -70.4546329, 18.621528 ], [ -70.4546668, 18.6220917 ], [ -70.4547363, 18.6227939 ], [ -70.4547947, 18.6231295 ], [ -70.4548621, 18.6234302 ], [ -70.4549357, 18.6237061 ], [ -70.4550335, 18.6239961 ], [ -70.4550965, 18.6241715 ], [ -70.4551964, 18.6243732 ], [ -70.4553311, 18.6246203 ], [ -70.4555789, 18.6249292 ], [ -70.4557136, 18.6251104 ], [ -70.4557652, 18.6251894 ], [ -70.4559396, 18.6254563 ], [ -70.4562438, 18.625897 ], [ -70.4564046, 18.6260947 ], [ -70.4565741, 18.6262841 ], [ -70.4567218, 18.62642 ], [ -70.4569695, 18.6265765 ], [ -70.4573346, 18.6268607 ], [ -70.4574997, 18.6269925 ], [ -70.4575673, 18.6270906 ], [ -70.4576331, 18.6272146 ], [ -70.4577968, 18.62758 ], [ -70.4579225, 18.6278834 ], [ -70.4580355, 18.6285259 ], [ -70.458058, 18.6287212 ], [ -70.4580555, 18.6288957 ], [ -70.4580239, 18.6292982 ], [ -70.4579418, 18.6299171 ], [ -70.4579254, 18.6300411 ], [ -70.4579159, 18.6304952 ], [ -70.4578932, 18.6307868 ], [ -70.457873, 18.6313621 ], [ -70.4578616, 18.6321741 ], [ -70.4578729, 18.6325365 ], [ -70.4579088, 18.6327364 ], [ -70.4579428, 18.6329009 ], [ -70.4579723, 18.6331944 ], [ -70.4579888, 18.6333165 ], [ -70.4580203, 18.6334227 ], [ -70.4580746, 18.6335024 ], [ -70.4582641, 18.63375 ], [ -70.4583943, 18.6339487 ], [ -70.4584941, 18.6341632 ], [ -70.4585607, 18.634378 ], [ -70.4586348, 18.6347118 ], [ -70.4586589, 18.6348942 ], [ -70.4586525, 18.6350416 ], [ -70.45862, 18.6351485 ], [ -70.458476, 18.6353227 ] ] ] } },
{ "type": "Feature", "properties": { "osm_id": "way/262614222", "name": "Carretera Blas Olivo", "highway": "secondary", "surface": "asphalt", "ref": "RD-201", "lanes": "2", "surf_class": "paved" }, "geometry": { "type": "MultiLineString", "coordinates": [ [ [ -70.3212316, 18.7843143 ], [ -70.3213045, 18.7841774 ], [ -70.3213658, 18.7840621 ], [ -70.3214847, 18.7837862 ], [ -70.3215391, 18.7835904 ], [ -70.3215745, 18.7833869 ], [ -70.3216507, 18.7828304 ], [ -70.3217105, 18.7826114 ], [ -70.3218221, 18.7824362 ], [ -70.3219391, 18.7823074 ], [ -70.3220942, 18.7821503 ], [ -70.3223971, 18.7818505 ], [ -70.3225476, 18.7816259 ], [ -70.3227098, 18.7813104 ], [ -70.3229164, 18.7809085 ], [ -70.3229874, 18.7808082 ], [ -70.3230706, 18.7807244 ], [ -70.3231618, 18.7806597 ], [ -70.3232865, 18.7806229 ], [ -70.3237093, 18.7805847 ], [ -70.3238498, 18.7805403 ], [ -70.3239571, 18.7804794 ], [ -70.3240327, 18.7804069 ], [ -70.3240818, 18.780294 ], [ -70.3240952, 18.7801848 ], [ -70.3240845, 18.7800464 ], [ -70.3239973, 18.7796376 ], [ -70.323949, 18.7794128 ], [ -70.323941, 18.7792643 ], [ -70.323949, 18.7790979 ], [ -70.3239859, 18.778962 ], [ -70.3240348, 18.7788503 ], [ -70.3241421, 18.7786878 ], [ -70.3242199, 18.778604 ], [ -70.3243822, 18.778491 ], [ -70.324641, 18.7783526 ], [ -70.3250472, 18.7781278 ], [ -70.3252029, 18.7780453 ], [ -70.3253652, 18.7778917 ], [ -70.3254497, 18.7777673 ], [ -70.3255409, 18.7775794 ], [ -70.3255852, 18.7774587 ], [ -70.3256133, 18.7772873 ], [ -70.3256227, 18.7771248 ], [ -70.325612, 18.7769064 ], [ -70.3255771, 18.7766905 ], [ -70.3255825, 18.7764912 ], [ -70.3255811, 18.7763261 ], [ -70.3256388, 18.7761408 ], [ -70.3256938, 18.7760252 ], [ -70.325793, 18.7758386 ], [ -70.3261055, 18.7754424 ], [ -70.3264249, 18.7750287 ], [ -70.3264924, 18.7749459 ], [ -70.3267774, 18.7745637 ], [ -70.326882, 18.7743872 ], [ -70.3269638, 18.7742082 ], [ -70.3270228, 18.7740749 ], [ -70.3271167, 18.7738768 ], [ -70.327291, 18.7735263 ], [ -70.3274775, 18.7732064 ], [ -70.3276035, 18.7730007 ], [ -70.327743, 18.7727886 ], [ -70.3279482, 18.7724864 ], [ -70.3282218, 18.7720496 ], [ -70.3284028, 18.7717868 ], [ -70.328604, 18.7714849 ], [ -70.328731, 18.7712942 ], [ -70.3287743, 18.7712293 ], [ -70.3288695, 18.7710986 ], [ -70.3290586, 18.7709068 ], [ -70.3291431, 18.7708459 ], [ -70.3292812, 18.7707392 ], [ -70.3295253, 18.7705957 ], [ -70.3297238, 18.7704916 ], [ -70.3299505, 18.7704053 ], [ -70.3302334, 18.770258 ], [ -70.3304158, 18.7701577 ], [ -70.3305821, 18.7700485 ], [ -70.3307095, 18.7699494 ], [ -70.3308383, 18.7698288 ], [ -70.3312165, 18.7694288 ], [ -70.3315477, 18.7690631 ], [ -70.3319822, 18.7686123 ], [ -70.332166, 18.7684231 ], [ -70.3324208, 18.7681946 ], [ -70.3330041, 18.7677019 ], [ -70.3341548, 18.7667876 ], [ -70.3342607, 18.7667092 ], [ -70.3343761, 18.7666238 ], [ -70.3346604, 18.7663749 ], [ -70.33482, 18.7661984 ], [ -70.3349327, 18.7660486 ], [ -70.3350279, 18.7659089 ], [ -70.3350674, 18.7658379 ], [ -70.3353511, 18.7653273 ], [ -70.3354832, 18.7650878 ], [ -70.3356662, 18.7647559 ], [ -70.3357816, 18.7645362 ], [ -70.3358527, 18.7644308 ], [ -70.3359316, 18.7643533 ], [ -70.3360109, 18.7643153 ], [ -70.3361759, 18.7642594 ], [ -70.3368826, 18.7640397 ], [ -70.3370798, 18.7639826 ], [ -70.3372742, 18.7639178 ], [ -70.3376511, 18.7637769 ], [ -70.3378724, 18.7636867 ], [ -70.3382579, 18.7635063 ], [ -70.3385724, 18.7633591 ], [ -70.3391824, 18.7630813 ], [ -70.3393757, 18.7629807 ], [ -70.3396252, 18.7628105 ], [ -70.3399193, 18.7626305 ], [ -70.3401294, 18.7625705 ], [ -70.3402971, 18.762535 ], [ -70.3406847, 18.7625172 ], [ -70.3411326, 18.7624626 ], [ -70.3414437, 18.7624347 ], [ -70.341673, 18.7624271 ], [ -70.3423557, 18.7624258 ], [ -70.3425407, 18.7624207 ], [ -70.3426963, 18.7624004 ], [ -70.3428519, 18.7623509 ], [ -70.3429981, 18.7622899 ], [ -70.3436592, 18.7620156 ], [ -70.3439851, 18.7618671 ], [ -70.3443445, 18.7616766 ], [ -70.3455488, 18.7609286 ], [ -70.3458211, 18.7607674 ], [ -70.3461344, 18.7606152 ], [ -70.3463428, 18.7605274 ], [ -70.346685, 18.7604171 ], [ -70.3469892, 18.7603267 ], [ -70.3473245, 18.760234 ], [ -70.3478222, 18.7600686 ], [ -70.3488319, 18.7596474 ], [ -70.3490062, 18.759528 ], [ -70.3491671, 18.7594035 ], [ -70.3492959, 18.7592639 ], [ -70.3495815, 18.7589083 ], [ -70.34969, 18.7588201 ], [ -70.3498431, 18.7586683 ], [ -70.3510715, 18.7576791 ], [ -70.3512485, 18.7575571 ], [ -70.351447, 18.7574403 ], [ -70.3516938, 18.7573171 ], [ -70.3519902, 18.7572079 ], [ -70.3522222, 18.7571444 ], [ -70.3524973, 18.7570671 ], [ -70.3529709, 18.7569721 ], [ -70.3531958, 18.7569171 ], [ -70.3534225, 18.7568524 ], [ -70.3535633, 18.756766 ], [ -70.3536572, 18.7566911 ], [ -70.3537859, 18.7565679 ], [ -70.35403, 18.7562796 ], [ -70.3541896, 18.7560854 ], [ -70.3542928, 18.7559825 ], [ -70.3544524, 18.7558606 ], [ -70.3546321, 18.7557603 ], [ -70.3548454, 18.755679 ], [ -70.3553201, 18.7555082 ], [ -70.3554824, 18.7554606 ], [ -70.3556648, 18.7553742 ], [ -70.3557546, 18.755312 ], [ -70.3558445, 18.7552218 ], [ -70.3559252, 18.7550982 ], [ -70.3559893, 18.7549564 ], [ -70.3560765, 18.7548117 ], [ -70.356165, 18.7547101 ], [ -70.3562901, 18.7546057 ], [ -70.3564453, 18.7545602 ], [ -70.3566948, 18.7545221 ], [ -70.3569321, 18.754512 ], [ -70.3573336, 18.7545055 ], [ -70.3579498, 18.7544878 ], [ -70.3581861, 18.7544586 ], [ -70.3584597, 18.7544053 ], [ -70.3586474, 18.754357 ], [ -70.3588057, 18.754291 ], [ -70.3589626, 18.7541983 ], [ -70.3591141, 18.7540967 ], [ -70.3592885, 18.7539469 ], [ -70.3594963, 18.7536992 ], [ -70.3596452, 18.7534922 ], [ -70.3597458, 18.7533144 ], [ -70.3597833, 18.7531875 ], [ -70.3597914, 18.7530427 ], [ -70.3597619, 18.7529246 ], [ -70.3597257, 18.7527747 ], [ -70.3596921, 18.7526058 ], [ -70.3596975, 18.7524509 ], [ -70.3597444, 18.7522845 ], [ -70.3598115, 18.7520928 ], [ -70.3600314, 18.7516826 ], [ -70.360081, 18.7515594 ], [ -70.3601159, 18.7514375 ], [ -70.3601226, 18.7512902 ], [ -70.3601083, 18.7511412 ], [ -70.3600609, 18.7509372 ], [ -70.3600448, 18.7507911 ], [ -70.3600564, 18.7506528 ], [ -70.3601173, 18.7504749 ], [ -70.3601973, 18.7503071 ], [ -70.3604412, 18.7498256 ], [ -70.3604861, 18.7497041 ], [ -70.3605055, 18.7495709 ], [ -70.3605102, 18.749445 ], [ -70.3604834, 18.7493247 ], [ -70.3603801, 18.7490551 ], [ -70.3603573, 18.7489738 ], [ -70.3603412, 18.74889 ], [ -70.36036, 18.7488062 ], [ -70.3604002, 18.7487376 ], [ -70.3604619, 18.748711 ], [ -70.3605384, 18.7487211 ], [ -70.3606188, 18.7487529 ], [ -70.3607288, 18.7488405 ], [ -70.3611352, 18.749172 ], [ -70.3612907, 18.7493218 ], [ -70.3613792, 18.7494513 ], [ -70.3614034, 18.7495682 ], [ -70.3614503, 18.7498564 ], [ -70.3614946, 18.7499542 ], [ -70.3615589, 18.750052 ], [ -70.3616367, 18.7501447 ], [ -70.3617722, 18.7502349 ], [ -70.3619412, 18.7502984 ], [ -70.3621088, 18.7503136 ], [ -70.3622121, 18.7503124 ], [ -70.3623757, 18.7502654 ], [ -70.3624751, 18.7502066 ], [ -70.3625782, 18.7501358 ], [ -70.3626577, 18.7500494 ], [ -70.3627378, 18.7499085 ], [ -70.3627952, 18.7497575 ], [ -70.3631294, 18.7477102 ], [ -70.3631629, 18.7476099 ], [ -70.3632192, 18.7475121 ], [ -70.3633198, 18.7473978 ], [ -70.3634274, 18.7473126 ], [ -70.3636068, 18.7472708 ], [ -70.3637329, 18.7472658 ], [ -70.3638428, 18.7472835 ], [ -70.3639783, 18.7473382 ], [ -70.3640856, 18.747408 ], [ -70.3641634, 18.7474944 ], [ -70.3642546, 18.7475972 ], [ -70.3643845, 18.7477486 ], [ -70.3644678, 18.7478042 ], [ -70.3646126, 18.7478728 ], [ -70.364724, 18.7479084 ], [ -70.3648822, 18.7479452 ], [ -70.3651249, 18.7479858 ], [ -70.3653261, 18.7480188 ], [ -70.3656426, 18.7480849 ], [ -70.3658518, 18.748123 ], [ -70.366031, 18.7481379 ], [ -70.3661925, 18.7481192 ], [ -70.3663601, 18.7480595 ], [ -70.3664875, 18.7479871 ], [ -70.3666163, 18.7478969 ], [ -70.3667329, 18.7477763 ], [ -70.3668226, 18.747629 ], [ -70.3668684, 18.7474893 ], [ -70.3668965, 18.7473382 ], [ -70.3668764, 18.747168 ], [ -70.3668291, 18.7470166 ], [ -70.3667745, 18.7468949 ], [ -70.3664718, 18.7463992 ], [ -70.3663708, 18.7462079 ], [ -70.3662996, 18.7460312 ], [ -70.3662501, 18.7459018 ], [ -70.3662112, 18.7457418 ], [ -70.3661925, 18.7455462 ], [ -70.3661911, 18.7453735 ], [ -70.3661978, 18.7451005 ], [ -70.3662318, 18.7449025 ], [ -70.3662622, 18.7447614 ], [ -70.3663205, 18.7446284 ], [ -70.3664178, 18.7444922 ], [ -70.3665143, 18.7443855 ], [ -70.3666417, 18.7442648 ], [ -70.3668161, 18.7441417 ], [ -70.3670266, 18.7439664 ], [ -70.3671299, 18.743847 ], [ -70.3671916, 18.7437238 ], [ -70.3672332, 18.7435943 ], [ -70.3672895, 18.7432616 ], [ -70.3673029, 18.7430825 ], [ -70.3673029, 18.7429656 ], [ -70.3672989, 18.7427866 ], [ -70.3672828, 18.7425237 ], [ -70.3672466, 18.7422176 ], [ -70.3672479, 18.74197 ], [ -70.3672841, 18.7416588 ], [ -70.3673927, 18.7411864 ], [ -70.3674813, 18.7407749 ], [ -70.3675483, 18.7404549 ], [ -70.3675979, 18.7402415 ], [ -70.3676181, 18.7400929 ], [ -70.3676274, 18.7399227 ], [ -70.3676341, 18.7397653 ], [ -70.367602, 18.7392026 ], [ -70.3675403, 18.7384394 ], [ -70.3675027, 18.7380774 ], [ -70.3674705, 18.7378437 ], [ -70.3674786, 18.7377256 ], [ -70.367496, 18.7376418 ], [ -70.3675483, 18.7375478 ], [ -70.3676301, 18.7374843 ], [ -70.3677267, 18.7374564 ], [ -70.3678273, 18.7374589 ], [ -70.3679882, 18.7375008 ], [ -70.368129, 18.737544 ], [ -70.3682444, 18.7375567 ], [ -70.3683342, 18.7375465 ], [ -70.3684053, 18.7375072 ], [ -70.3684748, 18.7374486 ], [ -70.3685166, 18.7373802 ], [ -70.3686708, 18.7370652 ], [ -70.3687379, 18.7369953 ], [ -70.368809, 18.7369433 ], [ -70.3688854, 18.7369191 ], [ -70.368986, 18.7369115 ], [ -70.3690772, 18.7369255 ], [ -70.369273, 18.7369649 ], [ -70.3693508, 18.7369826 ], [ -70.3694487, 18.7369776 ], [ -70.3695345, 18.7369445 ], [ -70.3696002, 18.7368963 ], [ -70.3696565, 18.7368366 ], [ -70.3697209, 18.7367413 ], [ -70.3698041, 18.7365737 ], [ -70.3699623, 18.7362917 ], [ -70.370016, 18.7362244 ], [ -70.3700656, 18.7361813 ], [ -70.3701299, 18.736147 ], [ -70.3702144, 18.7361355 ], [ -70.3702922, 18.7361495 ], [ -70.3703673, 18.7361838 ], [ -70.3704397, 18.7362409 ], [ -70.3704934, 18.7362943 ], [ -70.3706999, 18.7365445 ], [ -70.3707777, 18.7366321 ], [ -70.3708743, 18.736688 ], [ -70.3709561, 18.7367172 ], [ -70.3710486, 18.7367223 ], [ -70.3711291, 18.7367058 ], [ -70.3712001, 18.7366753 ], [ -70.3712659, 18.7366143 ], [ -70.3713276, 18.7365483 ], [ -70.3713664, 18.7364683 ], [ -70.3713866, 18.7363756 ], [ -70.3713852, 18.7361279 ], [ -70.3714013, 18.7360161 ], [ -70.3714281, 18.7359222 ], [ -70.3714858, 18.7358498 ], [ -70.3715421, 18.7358028 ], [ -70.371628, 18.735766 ], [ -70.371754, 18.7357431 ] ] ] } },
{ "type": "Feature", "properties": { "osm_id": "way/262614226", "highway": "residential", "surface": "asphalt", "surf_class": "paved" }, "geometry": { "type": "MultiLineString", "coordinates": [ [ [ -70.4067582, 18.726911 ], [ -70.4067984, 18.7269923 ], [ -70.4068682, 18.727071 ], [ -70.4070076, 18.7271269 ], [ -70.4072088, 18.727193 ], [ -70.4075307, 18.7272768 ], [ -70.4077882, 18.7273276 ], [ -70.407992, 18.727386 ], [ -70.408161, 18.7275029 ], [ -70.4082897, 18.7276502 ], [ -70.4083943, 18.7278179 ], [ -70.4084641, 18.7279957 ], [ -70.4085606, 18.7282167 ], [ -70.4086357, 18.7284173 ], [ -70.4086599, 18.7285723 ], [ -70.4086572, 18.7288085 ], [ -70.4086813, 18.7289406 ], [ -70.4087323, 18.7291159 ], [ -70.4088511, 18.7293331 ], [ -70.409022, 18.7295909 ], [ -70.409199, 18.7298068 ], [ -70.4093358, 18.729883 ], [ -70.4095048, 18.7299288 ], [ -70.4097274, 18.7299592 ], [ -70.4099098, 18.7299694 ], [ -70.4100144, 18.7299033 ], [ -70.4100546, 18.7298094 ], [ -70.41006, 18.7297001 ], [ -70.4100493, 18.7290702 ], [ -70.4100841, 18.7287958 ], [ -70.4101029, 18.7285342 ], [ -70.410229, 18.7279779 ], [ -70.4103336, 18.7275308 ], [ -70.4104114, 18.7273251 ], [ -70.4105133, 18.7271803 ], [ -70.4106554, 18.7270761 ], [ -70.4107869, 18.7270075 ], [ -70.4109907, 18.7268983 ], [ -70.4113662, 18.7267103 ], [ -70.411621, 18.7265554 ], [ -70.4117847, 18.7264411 ], [ -70.4119, 18.7263268 ], [ -70.4119536, 18.726248 ], [ -70.41201, 18.7261108 ], [ -70.4124898, 18.724862 ] ] ] } },
{ "type": "Feature", "properties": { "osm_id": "way/265626720", "highway": "unclassified", "surf_class": "unknown" }, "geometry": { "type": "MultiLineString", "coordinates": [ [ [ -70.4648332, 18.7646989 ], [ -70.4639478, 18.7645219 ], [ -70.4636773, 18.7645382 ], [ -70.4630526, 18.7649224 ], [ -70.4622976, 18.764925 ], [ -70.461908, 18.76506 ], [ -70.4615671, 18.7657088 ], [ -70.4612819, 18.7665058 ], [ -70.4606755, 18.7667876 ], [ -70.4602909, 18.7669919 ] ] ] } },
{ "type": "Feature", "properties": { "osm_id": "way/265626723", "highway": "unclassified", "surf_class": "unknown" }, "geometry": { "type": "MultiLineString", "coordinates": [ [ [ -70.4602068, 18.7670346 ], [ -70.4600482, 18.7671432 ], [ -70.4598626, 18.7672727 ], [ -70.4595596, 18.7674323 ], [ -70.4587726, 18.7677071 ], [ -70.4580077, 18.7683079 ], [ -70.4566181, 18.7691066 ], [ -70.4555926, 18.7702197 ], [ -70.4554499, 18.7704153 ], [ -70.4551646, 18.7706249 ], [ -70.4548178, 18.7707413 ], [ -70.4541759, 18.7707739 ], [ -70.4538414, 18.7707483 ], [ -70.4535143, 18.7706575 ], [ -70.4519043, 18.7697839 ], [ -70.4513313, 18.7695813 ], [ -70.4506106, 18.7691878 ], [ -70.4503135, 18.7691414 ] ] ] } },
{ "type": "Feature", "properties": { "osm_id": "way/265626725", "highway": "unclassified", "surf_class": "unknown" }, "geometry": { "type": "MultiLineString", "coordinates": [ [ [ -70.4602909, 18.7669919 ], [ -70.4602068, 18.7670346 ] ] ] } },
{ "type": "Feature", "properties": { "osm_id": "way/265626727", "highway": "unclassified", "surf_class": "unknown" }, "geometry": { "type": "MultiLineString", "coordinates": [ [ [ -70.4305343, 18.7320514 ], [ -70.4305728, 18.7321859 ] ] ] } },
{ "type": "Feature", "properties": { "osm_id": "way/265626732", "highway": "unclassified", "surf_class": "unknown" }, "geometry": { "type": "MultiLineString", "coordinates": [ [ [ -70.4392196, 18.7633842 ], [ -70.4389796, 18.7633058 ] ] ] } },
{ "type": "Feature", "properties": { "osm_id": "way/265626734", "highway": "unclassified", "surface": "dirt", "surf_class": "unpaved" }, "geometry": { "type": "MultiLineString", "coordinates": [ [ [ -70.4305728, 18.7321859 ], [ -70.4306402, 18.7325119 ], [ -70.430621, 18.7333325 ], [ -70.4305126, 18.7336631 ], [ -70.4298844, 18.7347824 ], [ -70.4298459, 18.735008 ], [ -70.4298459, 18.7352497 ], [ -70.4299301, 18.735578 ], [ -70.4301155, 18.7361433 ], [ -70.4301295, 18.7361705 ], [ -70.4302816, 18.736467 ], [ -70.4312629, 18.7376392 ], [ -70.4315928, 18.7378666 ], [ -70.4318328, 18.7380253 ], [ -70.4320702, 18.7380939 ], [ -70.4326683, 18.7382603 ], [ -70.4330693, 18.7383619 ], [ -70.4333295, 18.738433 ], [ -70.4335226, 18.7385105 ], [ -70.4338767, 18.7386921 ], [ -70.4339974, 18.7388089 ], [ -70.4341529, 18.7389563 ], [ -70.4342133, 18.7390617 ], [ -70.4343031, 18.7391874 ], [ -70.4344587, 18.7395113 ], [ -70.4345486, 18.7397424 ], [ -70.4346505, 18.7399342 ], [ -70.4348664, 18.7402466 ], [ -70.4353412, 18.7408333 ], [ -70.4356589, 18.741257 ], [ -70.4357918, 18.7413851 ], [ -70.4361406, 18.7417578 ], [ -70.4367536, 18.7423655 ], [ -70.4377743, 18.7434164 ], [ -70.4383707, 18.7439601 ], [ -70.4389715, 18.7447614 ], [ -70.4391365, 18.7450141 ], [ -70.4393215, 18.7453443 ], [ -70.4395938, 18.7456783 ], [ -70.4398258, 18.7461444 ], [ -70.4398155, 18.7463751 ], [ -70.4397048, 18.7466236 ], [ -70.4395676, 18.7468675 ], [ -70.4395023, 18.7470532 ], [ -70.4394304, 18.7472573 ], [ -70.4394497, 18.7474898 ], [ -70.4392949, 18.74818 ], [ -70.4393269, 18.7486021 ], [ -70.4393536, 18.7489865 ], [ -70.4394302, 18.7500914 ], [ -70.4395884, 18.7507492 ], [ -70.4396157, 18.7509841 ], [ -70.4396904, 18.7511642 ], [ -70.4397869, 18.7515112 ], [ -70.4399747, 18.7519582 ], [ -70.4402617, 18.7528649 ], [ -70.4404494, 18.7535379 ], [ -70.4405594, 18.7540129 ], [ -70.4405332, 18.7545083 ], [ -70.4405076, 18.7547028 ], [ -70.4404887, 18.7548335 ], [ -70.4404709, 18.7549564 ], [ -70.4403408, 18.7557844 ], [ -70.4403073, 18.756733 ], [ -70.440307, 18.756799 ], [ -70.4403059, 18.7571229 ], [ -70.4402295, 18.7576625 ], [ -70.4401993, 18.7580537 ], [ -70.4402211, 18.7581256 ], [ -70.4404219, 18.7587881 ], [ -70.4405165, 18.7590327 ], [ -70.4406318, 18.759448 ], [ -70.4406157, 18.7598645 ], [ -70.4405326, 18.7600169 ], [ -70.4404441, 18.7601489 ], [ -70.4403274, 18.760215 ], [ -70.4397306, 18.7602531 ], [ -70.439586, 18.7602911 ], [ -70.4395683, 18.7603966 ], [ -70.4395835, 18.7604657 ], [ -70.439909, 18.7607547 ], [ -70.4404119, 18.7611724 ], [ -70.4406349, 18.761436 ], [ -70.440715, 18.7615229 ], [ -70.4408531, 18.761754 ], [ -70.4408866, 18.7619039 ], [ -70.4406278, 18.762074 ], [ -70.4404856, 18.7621782 ], [ -70.4404092, 18.7622036 ], [ -70.4399318, 18.7623915 ], [ -70.4393095, 18.7626213 ], [ -70.4389219, 18.7628575 ], [ -70.4387999, 18.7629794 ], [ -70.4387757, 18.7630417 ], [ -70.4387704, 18.763095 ], [ -70.438761, 18.7631521 ], [ -70.4388052, 18.763208 ], [ -70.4388629, 18.7632651 ], [ -70.4389796, 18.7633058 ] ] ] } },
{ "type": "Feature", "properties": { "osm_id": "way/265626735", "name": "Calle Antonio Agüilera", "highway": "unclassified", "surf_class": "unknown" }, "geometry": { "type": "MultiLineString", "coordinates": [ [ [ -70.4223506, 18.7178174 ], [ -70.4224642, 18.7178148 ] ] ] } },
{ "type": "Feature", "properties": { "osm_id": "way/265626736", "highway": "unclassified", "surf_class": "unknown" }, "geometry": { "type": "MultiLineString", "coordinates": [ [ [ -70.4503135, 18.7691414 ], [ -70.4499761, 18.7690921 ] ] ] } },
{ "type": "Feature", "properties": { "osm_id": "way/265626740", "name": "Calle Antonio Agüilera", "highway": "unclassified", "surf_class": "unknown" }, "geometry": { "type": "MultiLineString", "coordinates": [ [ [ -70.4207494, 18.7180591 ], [ -70.4214898, 18.7179135 ], [ -70.4223506, 18.7178174 ] ] ] } },
{ "type": "Feature", "properties": { "osm_id": "way/265626741", "name": "Calle Antonio Agüilera", "highway": "unclassified", "surf_class": "unknown" }, "geometry": { "type": "MultiLineString", "coordinates": [ [ [ -70.4224642, 18.7178148 ], [ -70.4225055, 18.7178165 ], [ -70.4229305, 18.717834 ], [ -70.4233036, 18.7179776 ], [ -70.4242723, 18.7186001 ], [ -70.4248643, 18.7190651 ], [ -70.4252069, 18.7195022 ], [ -70.4254652, 18.719912 ], [ -70.4256113, 18.7203411 ], [ -70.4256284, 18.7204181 ], [ -70.4257266, 18.7209833 ], [ -70.4260367, 18.722655 ], [ -70.4262273, 18.7232135 ], [ -70.4267069, 18.724102 ], [ -70.4267382, 18.7243551 ], [ -70.4267093, 18.7247905 ], [ -70.4268113, 18.7254894 ], [ -70.4268078, 18.7257915 ], [ -70.42639, 18.7264823 ], [ -70.4263203, 18.7267141 ], [ -70.4262855, 18.7269003 ], [ -70.4262585, 18.7271972 ], [ -70.4263535, 18.7274062 ], [ -70.4265451, 18.7275901 ], [ -70.4272461, 18.7279023 ], [ -70.4277354, 18.728058 ], [ -70.4283473, 18.7282476 ], [ -70.4286639, 18.7284654 ], [ -70.4303827, 18.7301433 ], [ -70.4304597, 18.730296 ], [ -70.430491, 18.7305377 ], [ -70.4303754, 18.7309207 ], [ -70.4302767, 18.7315088 ], [ -70.430308, 18.731698 ], [ -70.4305343, 18.7320514 ] ] ] } },
{ "type": "Feature", "properties": { "osm_id": "way/265626744", "highway": "unclassified", "surf_class": "unknown" }, "geometry": { "type": "MultiLineString", "coordinates": [ [ [ -70.4499761, 18.7690921 ], [ -70.4497552, 18.7691019 ], [ -70.4494909, 18.7691694 ], [ -70.4492179, 18.7691694 ], [ -70.4489987, 18.7691036 ], [ -70.4487605, 18.7688747 ], [ -70.4485709, 18.768766 ], [ -70.4482788, 18.7687463 ], [ -70.4479623, 18.7686771 ], [ -70.447811, 18.7685273 ], [ -70.4475849, 18.7681897 ], [ -70.4473414, 18.7681041 ], [ -70.4472805, 18.7679641 ], [ -70.4472527, 18.7676348 ], [ -70.447051, 18.7666814 ], [ -70.4469084, 18.7662549 ], [ -70.4466806, 18.7657873 ], [ -70.4466301, 18.7656012 ], [ -70.4465519, 18.7654695 ], [ -70.4464266, 18.765402 ], [ -70.4458388, 18.7653098 ], [ -70.4452371, 18.76502 ], [ -70.4443937, 18.7647038 ], [ -70.4438824, 18.764605 ], [ -70.4437293, 18.7646248 ], [ -70.4435346, 18.7647367 ], [ -70.4433015, 18.7648042 ], [ -70.4430754, 18.7647861 ], [ -70.4424442, 18.764577 ], [ -70.4402797, 18.7641333 ], [ -70.4397138, 18.763642 ], [ -70.4392196, 18.7633842 ] ] ] } },
{ "type": "Feature", "properties": { "osm_id": "way/310598159", "name": "Carretera Blas Olivo", "highway": "secondary", "surface": "asphalt", "ref": "RD-201", "surf_class": "paved" }, "geometry": { "type": "MultiLineString", "coordinates": [ [ [ -70.458476, 18.6353227 ], [ -70.4580695, 18.6358294 ] ] ] } },
{ "type": "Feature", "properties": { "osm_id": "way/310655302", "name": "Carretera Blas Olivo", "highway": "secondary", "ref": "RD-201", "surf_class": "paved (assumed)" }, "geometry": { "type": "MultiLineString", "coordinates": [ [ [ -70.4552811, 18.6759062 ], [ -70.4554033, 18.676128 ], [ -70.4554227, 18.6763424 ], [ -70.4553759, 18.6765768 ], [ -70.4552682, 18.6767433 ], [ -70.4549627, 18.677345 ], [ -70.4547537, 18.6776273 ], [ -70.4543887, 18.6780265 ] ] ] } },
{ "type": "Feature", "properties": { "osm_id": "way/310655304", "highway": "residential", "surface": "asphalt", "surf_class": "paved" }, "geometry": { "type": "MultiLineString", "coordinates": [ [ [ -70.4462074, 18.6992326 ], [ -70.4456681, 18.6992382 ], [ -70.4450637, 18.6991989 ] ] ] } },
{ "type": "Feature", "properties": { "osm_id": "way/310655305", "highway": "residential", "surf_class": "unknown" }, "geometry": { "type": "MultiLineString", "coordinates": [ [ [ -70.4465858, 18.6973863 ], [ -70.4464484, 18.6972738 ], [ -70.4462167, 18.6971137 ], [ -70.4461478, 18.6970573 ], [ -70.4464012, 18.6967125 ] ] ] } },
{ "type": "Feature", "properties": { "osm_id": "way/310655306", "highway": "residential", "surface": "asphalt", "surf_class": "paved" }, "geometry": { "type": "MultiLineString", "coordinates": [ [ [ -70.4466329, 18.6973447 ], [ -70.4465614, 18.6975687 ], [ -70.4464863, 18.6978144 ], [ -70.4463705, 18.6982004 ], [ -70.4462483, 18.6983665 ], [ -70.4460761, 18.698488 ], [ -70.4457843, 18.6986694 ] ] ] } },
{ "type": "Feature", "properties": { "osm_id": "way/310655307", "name": "Carretera Blas Olivo", "highway": "secondary", "ref": "RD-201", "surf_class": "paved (assumed)" }, "geometry": { "type": "MultiLineString", "coordinates": [ [ [ -70.4552811, 18.6759062 ], [ -70.4550774, 18.6757342 ], [ -70.4547483, 18.6755884 ], [ -70.4545578, 18.675469 ], [ -70.4543594, 18.6752759 ], [ -70.4542272, 18.6751008 ], [ -70.4540855, 18.6749288 ], [ -70.4538686, 18.6747274 ], [ -70.4536899, 18.6745526 ], [ -70.4535788, 18.6743611 ], [ -70.4535055, 18.6741569 ], [ -70.4534532, 18.6739761 ], [ -70.4533711, 18.6737916 ], [ -70.4530097, 18.6731167 ], [ -70.4527629, 18.6727218 ], [ -70.4524872, 18.6723512 ], [ -70.4523641, 18.6721221 ], [ -70.452337, 18.671956 ], [ -70.4523464, 18.6717959 ], [ -70.4524013, 18.6716498 ], [ -70.4525386, 18.6715012 ], [ -70.4528707, 18.6712285 ], [ -70.4530183, 18.6710806 ], [ -70.4531443, 18.6708748 ], [ -70.4532317, 18.6706377 ], [ -70.4533135, 18.6702344 ], [ -70.4534662, 18.6696576 ], [ -70.4535547, 18.6694188 ], [ -70.4537443, 18.669105 ], [ -70.4543718, 18.6685312 ], [ -70.4550822, 18.6680164 ], [ -70.45605, 18.6673944 ], [ -70.4563093, 18.6672843 ], [ -70.4564837, 18.6672614 ], [ -70.4567733, 18.6672589 ], [ -70.4570523, 18.6673275 ], [ -70.4573651, 18.6674741 ], [ -70.4578838, 18.667843 ], [ -70.4581134, 18.667923 ], [ -70.4583038, 18.6680404 ], [ -70.4584587, 18.6682166 ], [ -70.4585396, 18.6682829 ], [ -70.4586428, 18.6683223 ], [ -70.4587139, 18.6683185 ], [ -70.4588749, 18.6682829 ], [ -70.458962, 18.6682473 ], [ -70.4590613, 18.6682435 ], [ -70.4591954, 18.6682639 ], [ -70.4593883, 18.6683781 ], [ -70.4595702, 18.6685732 ], [ -70.4597296, 18.6688123 ], [ -70.4598233, 18.6690627 ], [ -70.4599074, 18.6692109 ], [ -70.4599578, 18.6692847 ], [ -70.4600108, 18.6693324 ], [ -70.4600957, 18.6693756 ], [ -70.4601744, 18.6693966 ], [ -70.4602823, 18.6694105 ], [ -70.4604029, 18.6694017 ], [ -70.460526, 18.6693825 ], [ -70.4609384, 18.6692569 ], [ -70.4610904, 18.669185 ], [ -70.4612241, 18.6690841 ], [ -70.4614577, 18.6688458 ], [ -70.4616286, 18.6686234 ], [ -70.4617446, 18.6683697 ], [ -70.4618417, 18.6678768 ], [ -70.4619213, 18.6675583 ], [ -70.4619994, 18.6674151 ], [ -70.4620821, 18.6673235 ], [ -70.4622096, 18.667233 ], [ -70.4631237, 18.6668025 ], [ -70.4633774, 18.6666578 ], [ -70.463452, 18.6666274 ], [ -70.4635392, 18.6666045 ], [ -70.4636324, 18.6666029 ], [ -70.4637424, 18.6666357 ], [ -70.4638254, 18.6666854 ], [ -70.4638772, 18.6667182 ], [ -70.4639429, 18.6667494 ], [ -70.4640265, 18.6667704 ], [ -70.4641403, 18.666773 ], [ -70.4645939, 18.6667369 ], [ -70.4651791, 18.6667703 ], [ -70.4657161, 18.66687 ], [ -70.4669052, 18.6670328 ], [ -70.467391, 18.6670841 ], [ -70.4679233, 18.667099 ], [ -70.4687049, 18.6670001 ], [ -70.4690414, 18.666912 ], [ -70.4694323, 18.6668006 ], [ -70.4701857, 18.6665969 ], [ -70.4707405, 18.666419 ], [ -70.4708593, 18.6663641 ], [ -70.4709709, 18.666268 ], [ -70.4710663, 18.6661059 ], [ -70.4710984, 18.6658891 ], [ -70.4710863, 18.6653713 ], [ -70.4710296, 18.6648103 ], [ -70.4709796, 18.6645824 ], [ -70.4708504, 18.6643291 ], [ -70.4706764, 18.6641456 ], [ -70.4704398, 18.6639708 ], [ -70.4700361, 18.6637829 ], [ -70.4695469, 18.6635433 ], [ -70.4694265, 18.6634323 ], [ -70.4693769, 18.6633572 ], [ -70.4693368, 18.6632485 ], [ -70.4693293, 18.6630777 ], [ -70.4693814, 18.6628682 ] ] ] } },
{ "type": "Feature", "properties": { "osm_id": "way/339737577", "name": "Carretera San José de Ocoa - Constanza", "highway": "secondary", "surface": "paved", "smoothness": "bad", "ref": "RD-41", "surf_class": "paved" }, "geometry": { "type": "MultiLineString", "coordinates": [ [ [ -70.5386136, 18.6522964 ], [ -70.5388814, 18.6511547 ] ] ] } },
{ "type": "Feature", "properties": { "osm_id": "way/339737582", "name": "Carretera San José de Ocoa - Constanza", "highway": "secondary", "surface": "dirt", "smoothness": "bad", "ref": "RD-41", "surf_class": "unpaved" }, "geometry": { "type": "MultiLineString", "coordinates": [ [ [ -70.5388814, 18.6511547 ], [ -70.5390753, 18.650693 ], [ -70.5392667, 18.6504111 ], [ -70.5393891, 18.6501662 ], [ -70.5394474, 18.6500366 ], [ -70.539573, 18.6499623 ], [ -70.5397433, 18.6499729 ], [ -70.5399175, 18.6500624 ], [ -70.5403307, 18.6504678 ], [ -70.5403684, 18.6507886 ], [ -70.5403845, 18.6516573 ], [ -70.5404255, 18.6519781 ], [ -70.5405611, 18.6522843 ], [ -70.5407545, 18.6525547 ], [ -70.5411493, 18.6530851 ], [ -70.5414234, 18.6535429 ], [ -70.541658, 18.6539815 ], [ -70.5417722, 18.6540266 ], [ -70.5419239, 18.6539938 ], [ -70.5420543, 18.6539094 ], [ -70.5420797, 18.6537622 ], [ -70.5419814, 18.6535519 ], [ -70.5418456, 18.6534028 ], [ -70.5416897, 18.6532576 ], [ -70.5415154, 18.6530653 ], [ -70.5414139, 18.652804 ], [ -70.5412047, 18.6524856 ], [ -70.5411349, 18.6523564 ], [ -70.5410961, 18.6521985 ], [ -70.5410905, 18.6518127 ], [ -70.5410525, 18.6515754 ], [ -70.5411381, 18.6514282 ], [ -70.5412522, 18.6513591 ], [ -70.5413646, 18.651355 ], [ -70.5414805, 18.6513981 ], [ -70.5415534, 18.6514913 ], [ -70.5415629, 18.6515964 ], [ -70.5414837, 18.6518427 ], [ -70.5415312, 18.652032 ], [ -70.5418488, 18.6525655 ], [ -70.5419421, 18.6527816 ], [ -70.5420498, 18.6528921 ], [ -70.5422695, 18.6530238 ], [ -70.5424197, 18.6530641 ], [ -70.5425721, 18.6531406 ], [ -70.5426719, 18.6532898 ], [ -70.5427828, 18.6536015 ], [ -70.5428523, 18.653746 ], [ -70.5429891, 18.6539308 ], [ -70.5431531, 18.6540719 ], [ -70.5433814, 18.6542494 ], [ -70.5437132, 18.6543811 ], [ -70.5440181, 18.6544023 ], [ -70.5444597, 18.6543853 ], [ -70.5445651, 18.6544002 ], [ -70.5446974, 18.6544851 ], [ -70.5448184, 18.6545701 ], [ -70.5449102, 18.6545509 ], [ -70.5449283, 18.6544915 ], [ -70.5448834, 18.6544342 ], [ -70.5447736, 18.6543981 ], [ -70.5446503, 18.6543492 ], [ -70.544509, 18.6542706 ], [ -70.5443454, 18.6541538 ], [ -70.544168, 18.6540698 ], [ -70.5437804, 18.6538628 ], [ -70.5435721, 18.653568 ], [ -70.5435383, 18.6532319 ], [ -70.5435495, 18.6530578 ], [ -70.5435294, 18.652873 ], [ -70.543572, 18.6526648 ], [ -70.5436595, 18.6525732 ], [ -70.5438432, 18.6524567 ], [ -70.5440053, 18.6524454 ], [ -70.5441907, 18.6525437 ], [ -70.5442749, 18.6526595 ], [ -70.5443073, 18.6528581 ], [ -70.5442893, 18.6531194 ], [ -70.5442871, 18.6532702 ], [ -70.5443545, 18.6534261 ], [ -70.5445046, 18.6536589 ], [ -70.5446971, 18.6538269 ], [ -70.5449856, 18.6539433 ], [ -70.5452696, 18.6540353 ], [ -70.5454736, 18.6540583 ], [ -70.5456387, 18.6540123 ], [ -70.5457188, 18.6539663 ], [ -70.5458742, 18.6540721 ], [ -70.5460247, 18.6541687 ], [ -70.5461606, 18.6542009 ], [ -70.5462796, 18.6541894 ], [ -70.5463961, 18.6541457 ], [ -70.5464811, 18.6540422 ], [ -70.5464835, 18.6539157 ], [ -70.5464374, 18.6538168 ], [ -70.546333, 18.6537547 ], [ -70.5461655, 18.6537248 ], [ -70.5459446, 18.6537271 ], [ -70.5458038, 18.6537179 ], [ -70.5456411, 18.6536581 ], [ -70.5454396, 18.6535201 ], [ -70.5453837, 18.6533682 ], [ -70.5454032, 18.6532532 ], [ -70.5454389, 18.6531207 ], [ -70.5455634, 18.6530071 ], [ -70.5457164, 18.6529749 ], [ -70.5458936, 18.6529979 ], [ -70.5461267, 18.6531566 ], [ -70.5463427, 18.6532739 ], [ -70.5466268, 18.6533682 ], [ -70.5467676, 18.6533452 ], [ -70.5468841, 18.6533774 ], [ -70.5470104, 18.6536604 ], [ -70.5470724, 18.6541026 ], [ -70.5470998, 18.6542685 ], [ -70.5471984, 18.6544625 ], [ -70.5474363, 18.6547663 ], [ -70.5475015, 18.6549679 ], [ -70.5476457, 18.6552184 ], [ -70.5477625, 18.6553583 ], [ -70.5479307, 18.6554396 ], [ -70.5482912, 18.6555372 ], [ -70.548456, 18.6555763 ], [ -70.5485007, 18.6556381 ], [ -70.5484801, 18.6557389 ], [ -70.5483668, 18.6558918 ], [ -70.5482809, 18.6560577 ], [ -70.5481848, 18.6563668 ], [ -70.5480749, 18.656666 ], [ -70.5480131, 18.6568612 ], [ -70.548044, 18.6569946 ], [ -70.5481533, 18.6571563 ], [ -70.5483393, 18.6572191 ], [ -70.5484972, 18.6571768 ], [ -70.5486552, 18.6570954 ], [ -70.5487788, 18.6568872 ], [ -70.5488543, 18.656679 ], [ -70.5488474, 18.6563993 ], [ -70.5489333, 18.6561846 ], [ -70.5490672, 18.6560642 ], [ -70.5492457, 18.6560447 ], [ -70.5494105, 18.6561228 ], [ -70.5494792, 18.6562757 ], [ -70.549462, 18.6567213 ], [ -70.5494346, 18.6569263 ], [ -70.5494964, 18.6571735 ], [ -70.5496709, 18.6573924 ], [ -70.5498163, 18.6574206 ], [ -70.5499387, 18.6573566 ], [ -70.5499902, 18.6571322 ], [ -70.5500348, 18.6567938 ], [ -70.550076, 18.6564132 ], [ -70.5500657, 18.6561725 ], [ -70.5500919, 18.6559124 ], [ -70.5501572, 18.6558181 ], [ -70.5502739, 18.6557839 ], [ -70.5504473, 18.6558522 ], [ -70.550504, 18.655888 ], [ -70.5506052, 18.6559124 ], [ -70.5506645, 18.6559278 ], [ -70.5506962, 18.6559205 ], [ -70.5507014, 18.6558969 ], [ -70.5506808, 18.655849 ], [ -70.5505846, 18.6557058 ], [ -70.5505041, 18.6556061 ], [ -70.5504217, 18.6554499 ], [ -70.5503101, 18.6553605 ], [ -70.55025, 18.6552401 ], [ -70.5501659, 18.6550547 ], [ -70.5500148, 18.6548676 ], [ -70.5498363, 18.6547066 ], [ -70.5495753, 18.6545879 ], [ -70.549299, 18.6544187 ], [ -70.549062, 18.6542577 ], [ -70.548899, 18.6540592 ], [ -70.5488337, 18.6538445 ], [ -70.5488509, 18.6536038 ], [ -70.5490363, 18.6533598 ], [ -70.5493899, 18.6532492 ], [ -70.5497127, 18.653285 ], [ -70.5498878, 18.6535387 ], [ -70.5502895, 18.6540723 ], [ -70.5504715, 18.6542739 ], [ -70.5511925, 18.6547391 ], [ -70.5514878, 18.6549506 ], [ -70.5519204, 18.6551848 ], [ -70.5521779, 18.65538 ], [ -70.5526517, 18.6558322 ], [ -70.5530637, 18.6561249 ], [ -70.5533899, 18.6563754 ], [ -70.553644, 18.656717 ], [ -70.5538843, 18.6569935 ], [ -70.5540938, 18.6571008 ], [ -70.5542551, 18.6571659 ], [ -70.5545161, 18.6571529 ], [ -70.5547599, 18.6570813 ], [ -70.5549339, 18.656953 ], [ -70.5550654, 18.6567333 ], [ -70.5551307, 18.6564014 ], [ -70.5552096, 18.6562258 ], [ -70.5554397, 18.6561087 ], [ -70.5560241, 18.6558887 ], [ -70.5565254, 18.6557423 ], [ -70.5569649, 18.6554983 ], [ -70.5575108, 18.6554885 ], [ -70.5579057, 18.6555926 ], [ -70.5581632, 18.6560285 ], [ -70.5583589, 18.6560741 ], [ -70.5584379, 18.6560188 ], [ -70.5584791, 18.6559244 ], [ -70.5585683, 18.6558659 ], [ -70.5585992, 18.6557683 ], [ -70.5585718, 18.6556674 ], [ -70.5583692, 18.6555438 ], [ -70.5581872, 18.6554039 ], [ -70.5580327, 18.6552413 ], [ -70.5578439, 18.655147 ], [ -70.5573735, 18.6549811 ], [ -70.557195, 18.6548835 ], [ -70.5569203, 18.6548704 ], [ -70.5566731, 18.6548574 ], [ -70.5563915, 18.6548867 ], [ -70.555698, 18.6552999 ], [ -70.555231, 18.6553714 ], [ -70.5549975, 18.6553682 ], [ -70.5547572, 18.6552153 ], [ -70.5546199, 18.6550429 ], [ -70.5545203, 18.6547859 ], [ -70.5545375, 18.6545386 ], [ -70.5546954, 18.6540084 ], [ -70.5551212, 18.6536766 ], [ -70.5552963, 18.653631 ], [ -70.5555709, 18.6536636 ], [ -70.555904, 18.6536961 ], [ -70.5560183, 18.6535929 ], [ -70.5560413, 18.6534749 ], [ -70.5560001, 18.6533448 ], [ -70.5560379, 18.6532211 ], [ -70.5561154, 18.6530616 ], [ -70.5562926, 18.6529627 ], [ -70.5565087, 18.6529397 ], [ -70.5566277, 18.6528845 ], [ -70.5567491, 18.6526061 ], [ -70.5568947, 18.6524704 ], [ -70.5569506, 18.6523508 ], [ -70.5569044, 18.6521783 ], [ -70.5567758, 18.652008 ], [ -70.556533, 18.6517136 ], [ -70.5564601, 18.6515825 ], [ -70.5564407, 18.6514606 ], [ -70.556465, 18.6513409 ], [ -70.5565548, 18.6512213 ], [ -70.5567005, 18.65115 ], [ -70.5568122, 18.6511454 ], [ -70.5570792, 18.6511569 ], [ -70.5574337, 18.6510856 ], [ -70.5576235, 18.6510948 ], [ -70.5580253, 18.6510721 ], [ -70.5583051, 18.6511225 ], [ -70.5584201, 18.6511241 ], [ -70.5585128, 18.6511225 ], [ -70.558669, 18.6510753 ], [ -70.5588816, 18.6510775 ], [ -70.5591497, 18.6511355 ], [ -70.5592974, 18.651212 ], [ -70.5597145, 18.6513258 ], [ -70.5599514, 18.651373 ], [ -70.5602433, 18.6515275 ], [ -70.5604733, 18.6515747 ], [ -70.5609341, 18.6516767 ], [ -70.5612934, 18.6517871 ], [ -70.5616017, 18.6518101 ], [ -70.5617668, 18.6519688 ], [ -70.5619586, 18.652001 ], [ -70.562063, 18.6519619 ], [ -70.5621213, 18.6518515 ], [ -70.5622208, 18.6518078 ], [ -70.5624296, 18.6517825 ], [ -70.5626152, 18.6518094 ], [ -70.5628796, 18.6518886 ], [ -70.5630414, 18.6519665 ], [ -70.5632212, 18.6521115 ], [ -70.5633174, 18.6523424 ], [ -70.5633706, 18.652427 ], [ -70.5637637, 18.6524986 ], [ -70.5640418, 18.6525718 ], [ -70.5643251, 18.6527084 ], [ -70.564495, 18.6527182 ], [ -70.5645963, 18.6527084 ], [ -70.5648315, 18.6526385 ], [ -70.5649465, 18.6525262 ], [ -70.5654307, 18.65224 ], [ -70.5657843, 18.6520204 ], [ -70.5660401, 18.6518236 ], [ -70.5662907, 18.6517113 ], [ -70.5667955, 18.651399 ], [ -70.5670409, 18.6512543 ], [ -70.5672933, 18.651155 ], [ -70.5675766, 18.6509826 ], [ -70.5677191, 18.6508915 ], [ -70.5679251, 18.650898 ], [ -70.56815, 18.6510477 ], [ -70.5682667, 18.6512396 ], [ -70.5683173, 18.6514379 ], [ -70.5682663, 18.6518313 ], [ -70.5683149, 18.6520314 ], [ -70.5685261, 18.6520981 ], [ -70.5688344, 18.652059 ], [ -70.5690894, 18.6519716 ], [ -70.5693054, 18.6517876 ], [ -70.5694293, 18.6515483 ], [ -70.5696113, 18.651017 ], [ -70.5696065, 18.6506397 ], [ -70.5694681, 18.6501382 ], [ -70.5695264, 18.6498622 ], [ -70.5694827, 18.6497679 ], [ -70.569473, 18.649577 ], [ -70.5695189, 18.6494451 ], [ -70.5695928, 18.6493248 ], [ -70.5696305, 18.6491735 ], [ -70.5697009, 18.6490678 ], [ -70.5698022, 18.6489458 ], [ -70.5699124, 18.6489076 ], [ -70.5699979, 18.6488905 ], [ -70.5701095, 18.6489181 ], [ -70.5702451, 18.648962 ], [ -70.570343, 18.6489588 ], [ -70.5705421, 18.6490434 ], [ -70.5710007, 18.6492046 ], [ -70.5713478, 18.6493909 ], [ -70.5715154, 18.6495083 ], [ -70.5715902, 18.6497019 ], [ -70.5715825, 18.6499044 ], [ -70.5715154, 18.6501155 ], [ -70.5714314, 18.650307 ], [ -70.5712815, 18.6504294 ], [ -70.5711929, 18.6505409 ], [ -70.5711807, 18.6506111 ], [ -70.5711859, 18.6506892 ], [ -70.5712742, 18.6507836 ], [ -70.5714454, 18.6508331 ], [ -70.5715583, 18.6508124 ], [ -70.5716651, 18.6507744 ], [ -70.5719117, 18.650687 ], [ -70.5720914, 18.650687 ], [ -70.5728003, 18.6507215 ], [ -70.5734584, 18.650782 ], [ -70.5737303, 18.6509555 ], [ -70.5740496, 18.6511813 ], [ -70.5743229, 18.651777 ], [ -70.5747298, 18.6525885 ], [ -70.5749629, 18.6528534 ], [ -70.57531, 18.6530928 ], [ -70.5759449, 18.6533739 ], [ -70.5762079, 18.6535203 ], [ -70.5763229, 18.6535284 ], [ -70.576486, 18.6534942 ], [ -70.5767415, 18.6533478 ], [ -70.5769423, 18.6532373 ], [ -70.5770375, 18.6530873 ], [ -70.5771564, 18.6529562 ], [ -70.5772948, 18.6526917 ], [ -70.5774526, 18.6525951 ], [ -70.577642, 18.6525652 ], [ -70.5778265, 18.6526365 ], [ -70.578079, 18.6528918 ], [ -70.5783277, 18.6530243 ], [ -70.5788591, 18.6530195 ], [ -70.5791173, 18.6531353 ], [ -70.5797237, 18.652822 ], [ -70.5803035, 18.6530051 ], [ -70.5806184, 18.6531136 ], [ -70.5809692, 18.6529169 ], [ -70.5808767, 18.6525907 ], [ -70.5805826, 18.652293 ], [ -70.580189, 18.6516555 ], [ -70.5799959, 18.6513214 ], [ -70.5801675, 18.6511266 ], [ -70.5804395, 18.6510587 ], [ -70.5805826, 18.6502314 ], [ -70.58062, 18.6502007 ], [ -70.5808475, 18.6500144 ], [ -70.5812197, 18.6500279 ], [ -70.5813692, 18.6502642 ], [ -70.5809548, 18.6508689 ], [ -70.5808045, 18.6513978 ], [ -70.5810121, 18.6519472 ], [ -70.5814559, 18.6524151 ], [ -70.5817554, 18.6525006 ], [ -70.5820643, 18.6524219 ], [ -70.5827657, 18.6524693 ], [ -70.5832095, 18.6522727 ], [ -70.5836891, 18.6522049 ], [ -70.5837821, 18.6522862 ], [ -70.5836962, 18.6526525 ], [ -70.5835459, 18.6529102 ], [ -70.5833169, 18.6533917 ], [ -70.5834028, 18.6536782 ], [ -70.5832843, 18.653944 ], [ -70.5829661, 18.6540834 ], [ -70.5826996, 18.6543304 ], [ -70.5825653, 18.6544903 ], [ -70.5826567, 18.654737 ], [ -70.5831522, 18.6550938 ], [ -70.5841615, 18.6553108 ], [ -70.5851421, 18.6554872 ], [ -70.5855968, 18.6557624 ], [ -70.5864876, 18.6556473 ], [ -70.5867862, 18.6557432 ], [ -70.5870949, 18.6560022 ], [ -70.5874543, 18.6560885 ], [ -70.5877023, 18.6562419 ] ] ] } },
{ "type": "Feature", "properties": { "osm_id": "way/364056582", "highway": "unclassified", "surf_class": "unknown" }, "geometry": { "type": "MultiLineString", "coordinates": [ [ [ -70.4453484, 18.6909374 ], [ -70.445274, 18.6914087 ], [ -70.445213, 18.6917766 ], [ -70.4451464, 18.6920078 ], [ -70.4450687, 18.6920551 ], [ -70.4449689, 18.6920341 ], [ -70.4449522, 18.6919815 ], [ -70.4449689, 18.6916872 ], [ -70.4449578, 18.6913456 ], [ -70.4449189, 18.6910145 ], [ -70.4447858, 18.6906098 ], [ -70.4446637, 18.6905151 ], [ -70.4444806, 18.6904836 ], [ -70.4442975, 18.6903995 ], [ -70.444242, 18.6902629 ], [ -70.4441921, 18.6901893 ], [ -70.4437593, 18.6898582 ], [ -70.4433487, 18.6897005 ], [ -70.4429603, 18.6894745 ], [ -70.4426329, 18.6892169 ], [ -70.4423944, 18.6891486 ], [ -70.4419782, 18.6891381 ], [ -70.4416342, 18.6891328 ], [ -70.4414012, 18.6890277 ], [ -70.4412708, 18.6889068 ], [ -70.4410849, 18.6888017 ], [ -70.4408713, 18.6887176 ], [ -70.4406743, 18.6886256 ], [ -70.4404746, 18.6886414 ], [ -70.4401361, 18.6887124 ], [ -70.4398559, 18.6888017 ], [ -70.4397089, 18.6887965 ], [ -70.4395119, 18.6887255 ], [ -70.4393344, 18.6886335 ], [ -70.4392289, 18.6885442 ], [ -70.4390819, 18.6884601 ], [ -70.4388794, 18.6884023 ], [ -70.4385742, 18.6883891 ], [ -70.4383328, 18.6884023 ], [ -70.4382052, 18.6883628 ], [ -70.4380832, 18.6882998 ], [ -70.4379528, 18.6882025 ], [ -70.4377558, 18.6880843 ], [ -70.4375838, 18.6880054 ], [ -70.4373813, 18.6878267 ], [ -70.4372065, 18.6876375 ], [ -70.4370345, 18.6874956 ], [ -70.4367598, 18.6873826 ], [ -70.4365656, 18.6873116 ], [ -70.4362244, 18.6873169 ], [ -70.4359997, 18.687288 ], [ -70.4358332, 18.6872039 ], [ -70.4355669, 18.6872144 ], [ -70.4354254, 18.6872118 ], [ -70.4352978, 18.6871277 ], [ -70.4351979, 18.6870252 ], [ -70.4349649, 18.6869989 ], [ -70.4347846, 18.6870147 ], [ -70.4345654, 18.6870383 ], [ -70.4343906, 18.6870331 ], [ -70.4342131, 18.6869516 ], [ -70.4340827, 18.6868754 ], [ -70.4337414, 18.6866546 ], [ -70.4336, 18.6865679 ], [ -70.4334474, 18.6864339 ], [ -70.4333087, 18.6861685 ], [ -70.433206, 18.6860213 ], [ -70.4331228, 18.6859898 ], [ -70.4330146, 18.6860134 ], [ -70.432923, 18.6860318 ], [ -70.4327732, 18.6861658 ], [ -70.4325263, 18.6863419 ], [ -70.4322905, 18.686405 ], [ -70.4320852, 18.6864339 ], [ -70.4318771, 18.686426 ], [ -70.4317523, 18.6863498 ], [ -70.4316275, 18.6862236 ], [ -70.4314666, 18.6861501 ], [ -70.4313029, 18.6861396 ], [ -70.4310378, 18.6863156 ], [ -70.4307867, 18.6864902 ], [ -70.4305239, 18.6865869 ], [ -70.4298726, 18.6867913 ], [ -70.4294645, 18.6869585 ], [ -70.4290212, 18.6872484 ], [ -70.4286563, 18.6874714 ], [ -70.4283895, 18.6877724 ], [ -70.4281071, 18.6880995 ], [ -70.4278952, 18.6883039 ], [ -70.4278363, 18.6884786 ], [ -70.4277853, 18.6886421 ], [ -70.4277383, 18.6887202 ], [ -70.4276716, 18.6887573 ], [ -70.4275421, 18.688761 ], [ -70.4274087, 18.6886793 ], [ -70.4273067, 18.6884489 ], [ -70.4271576, 18.6881961 ], [ -70.4270085, 18.6880326 ], [ -70.426471, 18.6878059 ], [ -70.4261924, 18.6877613 ], [ -70.4256902, 18.6877799 ], [ -70.4252822, 18.6877539 ], [ -70.4250939, 18.687687 ], [ -70.4250076, 18.6875792 ], [ -70.424988, 18.6873859 ], [ -70.4250115, 18.6872038 ], [ -70.4251174, 18.6870589 ], [ -70.4253018, 18.6867244 ], [ -70.4254313, 18.6864382 ], [ -70.4255686, 18.6861557 ], [ -70.4256118, 18.6860257 ], [ -70.4255137, 18.685877 ], [ -70.425345, 18.6857618 ], [ -70.4252547, 18.6856131 ], [ -70.4252901, 18.6854236 ], [ -70.4253058, 18.685182 ], [ -70.4252901, 18.6849404 ], [ -70.4251567, 18.6845167 ], [ -70.42509, 18.6844052 ], [ -70.4249605, 18.6840856 ], [ -70.4248742, 18.6837251 ], [ -70.4248506, 18.6833162 ], [ -70.4248506, 18.6830524 ], [ -70.4247329, 18.6824205 ], [ -70.4246898, 18.6820786 ], [ -70.4247172, 18.6818036 ], [ -70.4247055, 18.6816103 ], [ -70.4244936, 18.6810974 ], [ -70.424321, 18.6807517 ], [ -70.4241209, 18.6804656 ], [ -70.4240503, 18.6802165 ], [ -70.4239012, 18.6800158 ], [ -70.4237605, 18.6798963 ], [ -70.4236036, 18.6795692 ], [ -70.4235016, 18.6791752 ], [ -70.4233525, 18.6789671 ], [ -70.4233603, 18.6786252 ], [ -70.4232662, 18.678194 ], [ -70.4231563, 18.6780156 ], [ -70.4229915, 18.6778223 ], [ -70.4229131, 18.6776216 ], [ -70.4229915, 18.6773912 ], [ -70.4230935, 18.6772128 ], [ -70.4229915, 18.6769154 ], [ -70.4223873, 18.6757484 ], [ -70.4222853, 18.6755254 ], [ -70.4223049, 18.675451 ], [ -70.4222618, 18.6753581 ], [ -70.4222186, 18.6752317 ], [ -70.4222775, 18.6750645 ], [ -70.4223834, 18.6748415 ], [ -70.4224383, 18.6746705 ], [ -70.4223795, 18.6745516 ], [ -70.4222068, 18.6744512 ], [ -70.421944, 18.6744549 ], [ -70.4217753, 18.6744549 ], [ -70.4217007, 18.6743657 ], [ -70.4215673, 18.6742654 ], [ -70.4214143, 18.6741985 ], [ -70.4213084, 18.6740423 ], [ -70.4212221, 18.6738639 ], [ -70.4211358, 18.6737227 ], [ -70.4210063, 18.6735815 ], [ -70.4208925, 18.6733882 ], [ -70.4208219, 18.6731875 ], [ -70.420869, 18.6729459 ], [ -70.4209004, 18.6727526 ], [ -70.4207905, 18.6725705 ], [ -70.4204766, 18.6723921 ], [ -70.4199862, 18.6722657 ], [ -70.4194762, 18.6722582 ], [ -70.4191231, 18.6722768 ], [ -70.4186836, 18.6722099 ], [ -70.4182364, 18.6721839 ], [ -70.4179107, 18.6722322 ], [ -70.4176675, 18.6723623 ], [ -70.4175812, 18.6725965 ], [ -70.4174949, 18.6728938 ], [ -70.4173693, 18.6731429 ], [ -70.4172438, 18.6732878 ], [ -70.4171771, 18.6735071 ], [ -70.4170358, 18.6738119 ], [ -70.4167886, 18.6740349 ], [ -70.4163767, 18.6742654 ], [ -70.4162276, 18.6744958 ], [ -70.415796, 18.6747448 ], [ -70.4154625, 18.6749344 ], [ -70.415184, 18.6752169 ], [ -70.4148701, 18.67557 ], [ -70.4147524, 18.6758524 ], [ -70.4146543, 18.6760383 ], [ -70.4145405, 18.6761424 ], [ -70.4144817, 18.676291 ], [ -70.4143522, 18.6764546 ], [ -70.4141443, 18.6766181 ], [ -70.414003, 18.6766739 ], [ -70.4136813, 18.6766627 ], [ -70.4133361, 18.6765921 ], [ -70.4130693, 18.6765475 ], [ -70.4126259, 18.6766776 ], [ -70.4123591, 18.6767445 ], [ -70.4120413, 18.6766776 ], [ -70.4117628, 18.6765103 ], [ -70.411547, 18.6763877 ], [ -70.4110958, 18.6763245 ], [ -70.4108329, 18.6762799 ], [ -70.4106093, 18.6762316 ], [ -70.4102915, 18.676239 ], [ -70.4100129, 18.676239 ], [ -70.4098089, 18.6761535 ], [ -70.4097226, 18.676042 ], [ -70.4095696, 18.6758673 ], [ -70.4094323, 18.6757075 ], [ -70.4089536, 18.6754324 ], [ -70.4088045, 18.6753358 ], [ -70.4085848, 18.6750645 ], [ -70.4082827, 18.6750124 ], [ -70.4078747, 18.6750013 ], [ -70.4077178, 18.6749195 ], [ -70.4076228, 18.6748363 ], [ -70.4073675, 18.6747679 ], [ -70.4072011, 18.6747259 ], [ -70.4070069, 18.6746628 ], [ -70.4067239, 18.6745892 ], [ -70.4063022, 18.6745524 ], [ -70.4059083, 18.6745209 ], [ -70.4056031, 18.6744631 ], [ -70.4053257, 18.6742738 ], [ -70.4050982, 18.6740057 ], [ -70.4048873, 18.673806 ], [ -70.4046321, 18.6737955 ], [ -70.4044102, 18.673827 ], [ -70.4042104, 18.6736904 ], [ -70.4040218, 18.6734486 ], [ -70.4037998, 18.6732909 ], [ -70.4033171, 18.6730648 ], [ -70.4030286, 18.6729229 ], [ -70.40279, 18.6729177 ], [ -70.4026069, 18.6730018 ], [ -70.4023178, 18.6731469 ], [ -70.4019627, 18.6732994 ], [ -70.4016187, 18.6732836 ], [ -70.4012081, 18.6730944 ], [ -70.4009362, 18.6729262 ], [ -70.4006366, 18.6728894 ], [ -70.4004147, 18.6729524 ], [ -70.4001983, 18.672963 ], [ -70.4000762, 18.6728421 ], [ -70.4000041, 18.6725372 ], [ -70.3999153, 18.6722954 ], [ -70.3997489, 18.6721482 ], [ -70.3995713, 18.6719853 ], [ -70.399427, 18.6717487 ], [ -70.3993716, 18.6716226 ], [ -70.3990165, 18.6714018 ], [ -70.3983173, 18.67116 ], [ -70.3980399, 18.6711547 ], [ -70.3976293, 18.6711232 ], [ -70.3969136, 18.6710549 ], [ -70.3963544, 18.6711087 ], [ -70.3962588, 18.6711179 ], [ -70.3956707, 18.6712388 ], [ -70.3953988, 18.6712599 ], [ -70.3948884, 18.6714333 ], [ -70.3944889, 18.671612 ], [ -70.3943557, 18.671817 ], [ -70.3941227, 18.6719432 ], [ -70.3934236, 18.6722271 ], [ -70.392619, 18.6724321 ], [ -70.3918533, 18.6727264 ], [ -70.3912652, 18.6728315 ], [ -70.3909933, 18.6727685 ], [ -70.3905661, 18.6724794 ], [ -70.3901277, 18.6722218 ], [ -70.3898226, 18.6721587 ], [ -70.3893787, 18.6721955 ], [ -70.3888571, 18.6722691 ], [ -70.3884243, 18.6722113 ], [ -70.3881968, 18.6721219 ], [ -70.3880748, 18.6721482 ], [ -70.3876753, 18.6722586 ], [ -70.3872259, 18.6723269 ], [ -70.3869151, 18.6722691 ], [ -70.3865267, 18.6723112 ], [ -70.3861273, 18.6723427 ], [ -70.3859164, 18.6723427 ], [ -70.3858926, 18.6721827 ], [ -70.3858834, 18.672066 ], [ -70.3857611, 18.6719432 ], [ -70.3856279, 18.6716594 ], [ -70.3853505, 18.6713282 ], [ -70.3850508, 18.6711337 ], [ -70.3846014, 18.6710811 ], [ -70.384324, 18.6710969 ], [ -70.3840077, 18.6709497 ], [ -70.3836859, 18.6707447 ], [ -70.3834917, 18.6705134 ], [ -70.3832698, 18.6702979 ], [ -70.3831588, 18.6701192 ], [ -70.3831255, 18.6698774 ], [ -70.3831144, 18.6695883 ], [ -70.3832198, 18.669399 ], [ -70.3832587, 18.6692203 ], [ -70.383242, 18.6690206 ], [ -70.3830756, 18.6686684 ], [ -70.382837, 18.6681953 ], [ -70.3825984, 18.6677642 ], [ -70.3825263, 18.6675803 ], [ -70.3823931, 18.6674804 ], [ -70.3820879, 18.6673332 ], [ -70.3818272, 18.6671335 ], [ -70.3816884, 18.6669547 ], [ -70.3815719, 18.6667707 ], [ -70.3810504, 18.6663239 ], [ -70.3806564, 18.6661032 ], [ -70.3805177, 18.6659349 ], [ -70.3801571, 18.6656563 ], [ -70.3800683, 18.665383 ], [ -70.3794635, 18.6649414 ], [ -70.379408, 18.6647364 ], [ -70.3793858, 18.6645104 ], [ -70.3794635, 18.6643211 ], [ -70.3794746, 18.6642107 ], [ -70.3793969, 18.6641056 ], [ -70.3793692, 18.6640057 ], [ -70.3793081, 18.6638743 ], [ -70.3791583, 18.6637639 ], [ -70.3787366, 18.6635957 ], [ -70.3781873, 18.6634433 ], [ -70.3775659, 18.6631962 ], [ -70.3770721, 18.6629596 ], [ -70.3768002, 18.6627073 ], [ -70.3765727, 18.6622079 ], [ -70.376323, 18.6616034 ], [ -70.3762842, 18.6611881 ], [ -70.3762786, 18.6608937 ], [ -70.3761954, 18.6608149 ], [ -70.3760179, 18.6608306 ], [ -70.3758237, 18.6609147 ], [ -70.3755906, 18.6610619 ], [ -70.3752855, 18.6611303 ], [ -70.3747972, 18.6612144 ], [ -70.3745253, 18.6612354 ], [ -70.3743034, 18.6611198 ], [ -70.3741813, 18.6609883 ], [ -70.3740881, 18.6608459 ], [ -70.3739881, 18.6606859 ], [ -70.3738807, 18.6605184 ], [ -70.3738064, 18.6604435 ], [ -70.3736154, 18.6604871 ], [ -70.3735265, 18.6605515 ], [ -70.3734496, 18.6606724 ], [ -70.3734426, 18.6608099 ], [ -70.3729495, 18.6612039 ], [ -70.3725001, 18.6618378 ], [ -70.372034, 18.6625737 ], [ -70.3719342, 18.6628996 ], [ -70.37169, 18.6630784 ], [ -70.3714348, 18.6633412 ], [ -70.3710464, 18.6633307 ], [ -70.370936, 18.6633967 ], [ -70.3706732, 18.6634227 ], [ -70.370528, 18.6634227 ], [ -70.3703083, 18.6634896 ], [ -70.3701317, 18.66359 ], [ -70.3697943, 18.6637573 ] ] ] } },
{ "type": "Feature", "properties": { "osm_id": "way/394903040", "name": "Carretera Blas Olivo", "highway": "secondary", "surface": "asphalt", "ref": "RD-201", "surf_class": "paved" }, "geometry": { "type": "MultiLineString", "coordinates": [ [ [ -70.4355517, 18.7050426 ], [ -70.4357542, 18.7050347 ], [ -70.4362657, 18.7049546 ], [ -70.4366222, 18.7047317 ], [ -70.4389555, 18.7032729 ], [ -70.4395902, 18.7029664 ], [ -70.4401203, 18.7027746 ], [ -70.4406901, 18.7026501 ], [ -70.4412036, 18.7025967 ], [ -70.4417172, 18.7024115 ], [ -70.4419926, 18.7021934 ], [ -70.4421595, 18.7019402 ], [ -70.4424112, 18.701674 ], [ -70.4435899, 18.700764 ], [ -70.4436497, 18.7007179 ], [ -70.4445839, 18.7000258 ], [ -70.4447413, 18.6998692 ], [ -70.4449184, 18.6996069 ], [ -70.4450399, 18.6992676 ], [ -70.4450637, 18.6991989 ], [ -70.4451664, 18.6989023 ], [ -70.445312, 18.6985449 ], [ -70.4455382, 18.6983127 ], [ -70.4465858, 18.6973863 ], [ -70.4466329, 18.6973447 ], [ -70.4467045, 18.6972055 ], [ -70.4467179, 18.6970207 ], [ -70.4466716, 18.6969318 ], [ -70.446601, 18.6968514 ], [ -70.4464012, 18.6967125 ], [ -70.446184, 18.6965697 ] ] ] } },
{ "type": "Feature", "properties": { "osm_id": "way/394903041", "name": "Carretera Blas Olivo", "highway": "secondary", "surface": "asphalt", "ref": "RD-201", "surf_class": "paved" }, "geometry": { "type": "MultiLineString", "coordinates": [ [ [ -70.4351421, 18.7050584 ], [ -70.4355517, 18.7050426 ] ] ] } },
{ "type": "Feature", "properties": { "osm_id": "way/394903140", "name": "Carretera Blas Olivo", "highway": "secondary", "surface": "asphalt", "ref": "RD-201", "surf_class": "paved" }, "geometry": { "type": "MultiLineString", "coordinates": [ [ [ -70.446184, 18.6965697 ], [ -70.4458438, 18.6964033 ] ] ] } },
{ "type": "Feature", "properties": { "osm_id": "way/394903141", "name": "Carretera Blas Olivo", "highway": "secondary", "ref": "RD-201", "surf_class": "paved (assumed)" }, "geometry": { "type": "MultiLineString", "coordinates": [ [ [ -70.4458438, 18.6964033 ], [ -70.4457836, 18.6963739 ], [ -70.4456623, 18.6963145 ], [ -70.4453979, 18.6960229 ], [ -70.4452694, 18.6957146 ], [ -70.4451978, 18.6955427 ], [ -70.44512, 18.6951297 ], [ -70.445034, 18.6945613 ], [ -70.4450128, 18.694111 ], [ -70.4450111, 18.6940758 ], [ -70.4450738, 18.6933198 ], [ -70.4451351, 18.6927552 ], [ -70.4451482, 18.692629 ] ] ] } },
{ "type": "Feature", "properties": { "osm_id": "way/398826618", "name": "Carretera Blas Olivo", "highway": "secondary", "surface": "asphalt", "ref": "RD-201", "surf_class": "paved" }, "geometry": { "type": "MultiLineString", "coordinates": [ [ [ -70.4124898, 18.724862 ], [ -70.4129431, 18.7239223 ], [ -70.4132302, 18.7235718 ], [ -70.4135506, 18.7233225 ], [ -70.4144022, 18.722762 ], [ -70.4153487, 18.7221359 ], [ -70.4160754, 18.7212699 ], [ -70.4167396, 18.7204784 ], [ -70.4172702, 18.7202 ], [ -70.4176893, 18.7200349 ], [ -70.4182622, 18.7198091 ], [ -70.4184587, 18.7197264 ], [ -70.4190221, 18.7194892 ], [ -70.4200739, 18.7190629 ], [ -70.420395, 18.71883 ], [ -70.4206462, 18.7185404 ], [ -70.4207511, 18.7183896 ], [ -70.4207494, 18.7180591 ], [ -70.4204451, 18.7164755 ], [ -70.4202768, 18.7155821 ], [ -70.4201887, 18.7151083 ], [ -70.4201746, 18.7149186 ], [ -70.420194, 18.7146268 ], [ -70.4203311, 18.7142035 ], [ -70.4208932, 18.7131918 ], [ -70.4209732, 18.7130517 ], [ -70.4210564, 18.7129269 ], [ -70.4211386, 18.7127636 ], [ -70.4211936, 18.712567 ], [ -70.4211175, 18.712353 ], [ -70.4210913, 18.7122794 ], [ -70.4209321, 18.711897 ], [ -70.4207975, 18.7115561 ], [ -70.42068, 18.711286 ], [ -70.4203429, 18.7089041 ], [ -70.4202933, 18.7085488 ], [ -70.4202697, 18.708261 ], [ -70.4203386, 18.7079941 ], [ -70.4205061, 18.7076715 ], [ -70.4207143, 18.7074544 ], [ -70.4216641, 18.7069733 ], [ -70.4219033, 18.7068423 ], [ -70.4220895, 18.706754 ] ] ] } },
{ "type": "Feature", "properties": { "osm_id": "way/438360208", "highway": "residential", "surf_class": "unknown" }, "geometry": { "type": "MultiLineString", "coordinates": [ [ [ -70.4466716, 18.6969318 ], [ -70.4467754, 18.6966889 ], [ -70.4468023, 18.696384 ] ] ] } },
{ "type": "Feature", "properties": { "osm_id": "way/438360209", "highway": "residential", "surf_class": "unknown" }, "geometry": { "type": "MultiLineString", "coordinates": [ [ [ -70.4468023, 18.696384 ], [ -70.4473494, 18.6963078 ] ] ] } },
{ "type": "Feature", "properties": { "osm_id": "way/438360210", "highway": "residential", "surf_class": "unknown" }, "geometry": { "type": "MultiLineString", "coordinates": [ [ [ -70.4473494, 18.6963078 ], [ -70.4472818, 18.6956156 ], [ -70.4472188, 18.6949705 ], [ -70.44721, 18.69488 ], [ -70.4472153, 18.6947275 ], [ -70.4472301, 18.6947044 ], [ -70.4473387, 18.6945344 ], [ -70.4476713, 18.6943414 ], [ -70.4478443, 18.6942915 ], [ -70.44802, 18.6942549 ], [ -70.4485242, 18.6943007 ], [ -70.4486367, 18.6942979 ], [ -70.4487334, 18.6942956 ], [ -70.4491787, 18.694133 ], [ -70.4495381, 18.6938027 ] ] ] } },
{ "type": "Feature", "properties": { "osm_id": "way/438360211", "highway": "residential", "surf_class": "unknown" }, "geometry": { "type": "MultiLineString", "coordinates": [ [ [ -70.4486367, 18.6942979 ], [ -70.4488783, 18.6944582 ], [ -70.4492431, 18.6943718 ], [ -70.4493004, 18.6944366 ], [ -70.4493825, 18.6945293 ], [ -70.4496347, 18.694819 ], [ -70.4496937, 18.6950781 ], [ -70.4496937, 18.6954948 ], [ -70.4496132, 18.6955609 ], [ -70.4494523, 18.6955609 ], [ -70.449286, 18.6954338 ] ] ] } },
{ "type": "Feature", "properties": { "osm_id": "way/438360212", "highway": "residential", "surf_class": "unknown" }, "geometry": { "type": "MultiLineString", "coordinates": [ [ [ -70.449286, 18.6954338 ], [ -70.4493004, 18.6944366 ] ] ] } },
{ "type": "Feature", "properties": { "osm_id": "way/438360220", "highway": "residential", "surf_class": "unknown" }, "geometry": { "type": "MultiLineString", "coordinates": [ [ [ -70.4280414, 18.7046325 ], [ -70.4284758, 18.7066311 ], [ -70.4284947, 18.7066427 ] ] ] } },
{ "type": "Feature", "properties": { "osm_id": "way/438360221", "highway": "residential", "surf_class": "unknown" }, "geometry": { "type": "MultiLineString", "coordinates": [ [ [ -70.4284947, 18.7066427 ], [ -70.4285268, 18.7066451 ], [ -70.42913, 18.7065458 ], [ -70.42958, 18.7064607 ], [ -70.4299195, 18.7063973 ] ] ] } },
{ "type": "Feature", "properties": { "osm_id": "way/438360222", "highway": "residential", "surf_class": "unknown" }, "geometry": { "type": "MultiLineString", "coordinates": [ [ [ -70.4272789, 18.7075837 ], [ -70.4273406, 18.7075456 ], [ -70.4275015, 18.7075252 ], [ -70.4277402, 18.7075379 ], [ -70.4279977, 18.7075354 ], [ -70.4286253, 18.7074821 ], [ -70.4288828, 18.7074033 ], [ -70.4289848, 18.7073042 ], [ -70.4291484, 18.7070883 ], [ -70.4292557, 18.7069994 ], [ -70.4295748, 18.7068698 ], [ -70.4298806, 18.7067428 ], [ -70.4299047, 18.7066691 ], [ -70.4299208, 18.7065446 ], [ -70.4299195, 18.7063973 ], [ -70.4299162, 18.7063361 ], [ -70.4297545, 18.705865 ], [ -70.4296038, 18.7051101 ], [ -70.4296019, 18.7050694 ], [ -70.4296215, 18.7049644 ] ] ] } },
{ "type": "Feature", "properties": { "osm_id": "way/438360223", "highway": "residential", "surf_class": "unknown" }, "geometry": { "type": "MultiLineString", "coordinates": [ [ [ -70.4292074, 18.7048798 ], [ -70.4292194, 18.7050419 ], [ -70.4293196, 18.705452 ], [ -70.42958, 18.7064607 ] ] ] } },
{ "type": "Feature", "properties": { "osm_id": "way/438360224", "highway": "residential", "surf_class": "unknown" }, "geometry": { "type": "MultiLineString", "coordinates": [ [ [ -70.42913, 18.7065458 ], [ -70.4288138, 18.7053112 ], [ -70.4287402, 18.704947 ], [ -70.4287497, 18.704779 ] ] ] } },
{ "type": "Feature", "properties": { "osm_id": "way/438360322", "highway": "residential", "surf_class": "unknown" }, "geometry": { "type": "MultiLineString", "coordinates": [ [ [ -70.4211936, 18.712567 ], [ -70.4215215, 18.712582 ], [ -70.4222349, 18.7126786 ], [ -70.4233186, 18.7129199 ], [ -70.4233832, 18.7129132 ], [ -70.423442, 18.7128742 ], [ -70.4235573, 18.7125795 ], [ -70.4236766, 18.71214 ], [ -70.4238546, 18.7113947 ], [ -70.4238492, 18.7109018 ], [ -70.4238117, 18.710066 ] ] ] } },
{ "type": "Feature", "properties": { "osm_id": "way/438360323", "highway": "unclassified", "surf_class": "unknown" }, "geometry": { "type": "MultiLineString", "coordinates": [ [ [ -70.4256113, 18.7203411 ], [ -70.4258073, 18.7203022 ], [ -70.4260165, 18.7201447 ], [ -70.4263545, 18.7198983 ], [ -70.4265503, 18.7198094 ], [ -70.426722, 18.7198043 ], [ -70.4270009, 18.7199466 ], [ -70.427194, 18.7201092 ], [ -70.4275105, 18.7203378 ], [ -70.427929, 18.7205258 ], [ -70.4290555, 18.7209932 ], [ -70.4295812, 18.7212269 ], [ -70.4303913, 18.7214962 ], [ -70.4313836, 18.7218264 ], [ -70.4337655, 18.7224361 ], [ -70.434318, 18.7225631 ], [ -70.434554, 18.722497 ], [ -70.4349027, 18.7222328 ], [ -70.4355786, 18.7217248 ] ] ] } },
{ "type": "Feature", "properties": { "osm_id": "way/438360324", "highway": "unclassified", "surf_class": "unknown" }, "geometry": { "type": "MultiLineString", "coordinates": [ [ [ -70.4303913, 18.7214962 ], [ -70.4306059, 18.7210135 ], [ -70.4311154, 18.7198094 ], [ -70.4312495, 18.7195147 ], [ -70.4313408, 18.7192657 ], [ -70.4313515, 18.7188441 ], [ -70.431389, 18.7184224 ], [ -70.431625, 18.7177924 ], [ -70.4321347, 18.7169287 ], [ -70.4326979, 18.7159735 ], [ -70.4328052, 18.7153892 ], [ -70.4331485, 18.7147287 ], [ -70.4349939, 18.7121273 ], [ -70.4356859, 18.7112178 ], [ -70.4364423, 18.7101132 ], [ -70.4365174, 18.7100035 ], [ -70.4369573, 18.709409 ], [ -70.4370258, 18.7093415 ], [ -70.4370753, 18.7093277 ], [ -70.4376332, 18.7091956 ], [ -70.4379926, 18.7090229 ], [ -70.4386524, 18.7087383 ] ] ] } },
{ "type": "Feature", "properties": { "osm_id": "way/438360325", "highway": "unclassified", "surf_class": "unknown" }, "geometry": { "type": "MultiLineString", "coordinates": [ [ [ -70.4379926, 18.7090229 ], [ -70.4379551, 18.7089365 ], [ -70.4371584, 18.7072013 ], [ -70.437035, 18.7071023 ], [ -70.4368259, 18.7070515 ], [ -70.4367886, 18.7070124 ], [ -70.4367667, 18.7069895 ], [ -70.4367346, 18.7068609 ], [ -70.4367856, 18.7059387 ], [ -70.43685, 18.705146 ], [ -70.4368307, 18.7049243 ], [ -70.4366222, 18.7047317 ] ] ] } },
{ "type": "Feature", "properties": { "osm_id": "way/438360346", "highway": "residential", "surf_class": "unknown" }, "geometry": { "type": "MultiLineString", "coordinates": [ [ [ -70.3358647, 18.7641449 ], [ -70.3360378, 18.7640723 ], [ -70.3365314, 18.7637625 ], [ -70.3371016, 18.7635383 ], [ -70.3371644, 18.7635136 ], [ -70.3375399, 18.763346 ], [ -70.3376472, 18.7632139 ], [ -70.3377384, 18.7630057 ], [ -70.3376257, 18.7627415 ], [ -70.3376901, 18.7625892 ], [ -70.3379637, 18.7622946 ], [ -70.3381621, 18.7621066 ], [ -70.3381768, 18.7617718 ], [ -70.338158, 18.7616601 ], [ -70.3382704, 18.7613457 ], [ -70.3384148, 18.7610885 ], [ -70.3386521, 18.760828 ], [ -70.3390511, 18.7605121 ], [ -70.3392688, 18.7604204 ], [ -70.3395701, 18.7602481 ], [ -70.3397667, 18.7601055 ], [ -70.3399864, 18.7598717 ], [ -70.3401938, 18.7597147 ], [ -70.3403306, 18.7596486 ], [ -70.3405559, 18.7595953 ], [ -70.340808, 18.7596131 ], [ -70.3409508, 18.7595508 ], [ -70.3410843, 18.7595674 ], [ -70.3412265, 18.7594277 ], [ -70.3412157, 18.7591534 ], [ -70.3412399, 18.7590645 ], [ -70.3412935, 18.758935 ], [ -70.3413364, 18.7588232 ], [ -70.3414508, 18.7585742 ], [ -70.341704, 18.7583187 ], [ -70.3419195, 18.7580948 ], [ -70.3422103, 18.7576986 ], [ -70.3425785, 18.7574154 ], [ -70.342796, 18.7574471 ], [ -70.3429529, 18.7574391 ], [ -70.3430847, 18.7573718 ], [ -70.34316, 18.7571559 ], [ -70.343181, 18.7568508 ], [ -70.3431998, 18.7562426 ], [ -70.3431287, 18.7560723 ], [ -70.3429362, 18.7557177 ], [ -70.3428274, 18.7552858 ], [ -70.3427877, 18.7550323 ], [ -70.3428473, 18.754548 ], [ -70.3429002, 18.7544497 ], [ -70.3429833, 18.7539545 ], [ -70.343096, 18.7537284 ], [ -70.3433508, 18.7528852 ], [ -70.3433347, 18.7527277 ], [ -70.3431925, 18.7522223 ] ] ] } },
{ "type": "Feature", "properties": { "osm_id": "way/479123803", "highway": "unclassified", "surf_class": "unknown" }, "geometry": { "type": "MultiLineString", "coordinates": [ [ [ -70.3735265, 18.6605515 ], [ -70.3734178, 18.6605062 ], [ -70.3733575, 18.6604485 ], [ -70.3732873, 18.6603784 ], [ -70.3731831, 18.6602339 ] ] ] } },
{ "type": "Feature", "properties": { "osm_id": "way/479124631", "highway": "unclassified", "surf_class": "unknown" }, "geometry": { "type": "MultiLineString", "coordinates": [ [ [ -70.4778999, 18.649347 ], [ -70.4778588, 18.6492663 ] ] ] } },
{ "type": "Feature", "properties": { "osm_id": "way/479124632", "highway": "unclassified", "surf_class": "unknown" }, "geometry": { "type": "MultiLineString", "coordinates": [ [ [ -70.4778588, 18.6492663 ], [ -70.4777566, 18.6492622 ] ] ] } },
{ "type": "Feature", "properties": { "osm_id": "way/479124633", "highway": "unclassified", "surf_class": "unknown" }, "geometry": { "type": "MultiLineString", "coordinates": [ [ [ -70.4778588, 18.6492663 ], [ -70.4779716, 18.6491482 ], [ -70.4780996, 18.6490731 ], [ -70.4781992, 18.6490712 ], [ -70.4783273, 18.6490904 ], [ -70.4784635, 18.6490288 ], [ -70.4786403, 18.6488998 ], [ -70.4788416, 18.6487303 ], [ -70.4789676, 18.6485434 ], [ -70.4790225, 18.648399 ] ] ] } },
{ "type": "Feature", "properties": { "osm_id": "way/479124634", "highway": "unclassified", "surf_class": "unknown" }, "geometry": { "type": "MultiLineString", "coordinates": [ [ [ -70.4766539, 18.6482675 ], [ -70.4763904, 18.6484772 ], [ -70.476047, 18.6487314 ], [ -70.4757144, 18.6488025 ], [ -70.4752102, 18.6487314 ], [ -70.4748464, 18.6485657 ], [ -70.4746909, 18.6485509 ], [ -70.4746045, 18.6486239 ], [ -70.4745809, 18.6488468 ], [ -70.4744364, 18.6490752 ], [ -70.4742017, 18.6492905 ] ] ] } },
{ "type": "Feature", "properties": { "osm_id": "way/479124635", "highway": "unclassified", "surf_class": "unknown" }, "geometry": { "type": "MultiLineString", "coordinates": [ [ [ -70.4788928, 18.6497397 ], [ -70.4786378, 18.6496311 ], [ -70.4782353, 18.6494577 ], [ -70.4778999, 18.649347 ], [ -70.477823, 18.6493061 ], [ -70.4777566, 18.6492622 ], [ -70.4777153, 18.6491847 ], [ -70.4777536, 18.6490831 ], [ -70.4778156, 18.6490186 ], [ -70.4778145, 18.6489531 ], [ -70.4777153, 18.6489035 ], [ -70.4775046, 18.6489117 ], [ -70.4773369, 18.6487682 ], [ -70.4766539, 18.6482675 ], [ -70.4767148, 18.6479593 ], [ -70.4767311, 18.6476858 ], [ -70.476662, 18.6472582 ], [ -70.4765156, 18.6469346 ], [ -70.4765156, 18.6466727 ], [ -70.4765156, 18.646195 ], [ -70.4763652, 18.6457675 ], [ -70.4762026, 18.6454477 ] ] ] } },
{ "type": "Feature", "properties": { "osm_id": "way/479124636", "highway": "unclassified", "surf_class": "unknown" }, "geometry": { "type": "MultiLineString", "coordinates": [ [ [ -70.4788928, 18.6497397 ], [ -70.4789132, 18.6503587 ], [ -70.4787831, 18.6509288 ], [ -70.4787018, 18.6511445 ], [ -70.478962, 18.6519457 ], [ -70.4795962, 18.6522847 ], [ -70.4795962, 18.6528701 ], [ -70.4794498, 18.6539333 ], [ -70.479027, 18.6553508 ], [ -70.4787668, 18.6552429 ], [ -70.4785615, 18.6551094 ], [ -70.478488, 18.6551221 ], [ -70.4784667, 18.6551992 ], [ -70.4787782, 18.6559101 ], [ -70.4788348, 18.6562387 ], [ -70.478941, 18.6563292 ], [ -70.4791392, 18.6563292 ], [ -70.4794258, 18.6562152 ], [ -70.4794896, 18.6563024 ], [ -70.4792914, 18.6566344 ], [ -70.4789693, 18.6569764 ], [ -70.4789976, 18.6571105 ], [ -70.4791356, 18.6572413 ], [ -70.4793409, 18.6573184 ], [ -70.4795851, 18.6573922 ], [ -70.4796984, 18.6575398 ], [ -70.4796028, 18.6578482 ], [ -70.4790578, 18.6585323 ], [ -70.4788773, 18.6589146 ], [ -70.4785092, 18.6593773 ], [ -70.4781942, 18.659716 ], [ -70.4778014, 18.6601418 ], [ -70.4777058, 18.6604503 ], [ -70.4777412, 18.6610706 ], [ -70.4777685, 18.6614284 ], [ -70.4776918, 18.6621684 ], [ -70.4775469, 18.6626868 ], [ -70.4774289, 18.6629917 ], [ -70.4772948, 18.6630019 ], [ -70.4772197, 18.6627783 ], [ -70.4770748, 18.6624581 ], [ -70.4765545, 18.6623615 ], [ -70.4762434, 18.6622345 ], [ -70.4760449, 18.6618584 ], [ -70.4758571, 18.6617161 ], [ -70.4749881, 18.66165 ], [ -70.4748754, 18.661894 ], [ -70.4746984, 18.662265 ], [ -70.4743765, 18.6622751 ], [ -70.4741405, 18.6621176 ], [ -70.4737811, 18.6622446 ], [ -70.4734968, 18.662575 ], [ -70.4732768, 18.6626004 ], [ -70.4729389, 18.6623514 ], [ -70.472322, 18.6622853 ], [ -70.4719089, 18.6622904 ], [ -70.4717909, 18.6621938 ], [ -70.4719465, 18.6620159 ], [ -70.4722415, 18.6619549 ], [ -70.472204, 18.6618533 ], [ -70.4719572, 18.6617771 ], [ -70.4713725, 18.6618635 ], [ -70.4708736, 18.662021 ], [ -70.4705195, 18.6619194 ], [ -70.4700582, 18.6618025 ], [ -70.4699187, 18.6616348 ], [ -70.4697565, 18.661282 ] ] ] } },
{ "type": "Feature", "properties": { "osm_id": "way/513204342", "highway": "unclassified", "surf_class": "unknown" }, "geometry": { "type": "MultiLineString", "coordinates": [ [ [ -70.4119536, 18.726248 ], [ -70.412097, 18.7263361 ], [ -70.4122536, 18.7264402 ], [ -70.4124781, 18.7268033 ], [ -70.4125856, 18.7268963 ], [ -70.4126277, 18.7270048 ], [ -70.4124874, 18.7270823 ], [ -70.4122419, 18.7271864 ], [ -70.4120105, 18.7273037 ], [ -70.4118936, 18.7274986 ], [ -70.4118538, 18.7276491 ], [ -70.4120011, 18.7280565 ], [ -70.41227, 18.72832 ], [ -70.4123331, 18.7285724 ], [ -70.4123284, 18.7287429 ], [ -70.4123752, 18.7291548 ], [ -70.4123448, 18.7293939 ], [ -70.4123612, 18.7297327 ], [ -70.4124944, 18.7302973 ], [ -70.4123892, 18.7308242 ], [ -70.4122326, 18.731318 ], [ -70.4124033, 18.7315505 ], [ -70.4127025, 18.731794 ], [ -70.4132894, 18.7321084 ], [ -70.4138575, 18.7328723 ] ] ] } },
{ "type": "Feature", "properties": { "osm_id": "way/513212552", "highway": "unclassified", "surf_class": "unknown" }, "geometry": { "type": "MultiLineString", "coordinates": [ [ [ -70.4099358, 18.7334822 ], [ -70.4102593, 18.7331685 ], [ -70.410448, 18.7330846 ], [ -70.4108754, 18.7329606 ], [ -70.4114516, 18.7327413 ], [ -70.4115648, 18.7326471 ], [ -70.4115869, 18.7324562 ], [ -70.4116228, 18.7321425 ], [ -70.4117884, 18.7319725 ], [ -70.4121419, 18.7318574 ], [ -70.4124033, 18.7315505 ] ] ] } },
{ "type": "Feature", "properties": { "osm_id": "way/513212554", "highway": "unclassified", "surf_class": "unknown" }, "geometry": { "type": "MultiLineString", "coordinates": [ [ [ -70.4074423, 18.7339147 ], [ -70.4077135, 18.7338548 ], [ -70.408151, 18.7336954 ], [ -70.4083985, 18.7335885 ], [ -70.4086519, 18.7333429 ], [ -70.4090201, 18.7330936 ], [ -70.4093012, 18.7328667 ], [ -70.4093923, 18.732608 ], [ -70.409325, 18.7322106 ], [ -70.4093349, 18.7319462 ], [ -70.4094695, 18.731605 ], [ -70.4095922, 18.731215 ], [ -70.4097763, 18.7310725 ], [ -70.4101663, 18.7308663 ], [ -70.410204, 18.7306563 ], [ -70.4103109, 18.7305663 ], [ -70.4105959, 18.7303976 ], [ -70.4107919, 18.7300845 ], [ -70.4112552, 18.7297808 ], [ -70.4113878, 18.7295446 ], [ -70.4114195, 18.7292896 ], [ -70.4113997, 18.7289465 ], [ -70.4112868, 18.7282884 ], [ -70.4112235, 18.7281272 ], [ -70.4112156, 18.7278197 ], [ -70.4112809, 18.727531 ], [ -70.4114888, 18.7271785 ], [ -70.4117243, 18.7270323 ], [ -70.4117956, 18.7269535 ], [ -70.41176, 18.7268354 ], [ -70.4117085, 18.7267942 ], [ -70.411621, 18.7265554 ] ] ] } },
{ "type": "Feature", "properties": { "osm_id": "way/513212559", "highway": "unclassified", "surf_class": "unknown" }, "geometry": { "type": "MultiLineString", "coordinates": [ [ [ -70.4114317, 18.701418 ], [ -70.4122958, 18.7015415 ], [ -70.4124263, 18.7018659 ], [ -70.4124817, 18.7021902 ], [ -70.4123839, 18.702394 ], [ -70.4119795, 18.7027183 ], [ -70.412436, 18.7033083 ] ] ] } },
{ "type": "Feature", "properties": { "osm_id": "way/513212561", "highway": "unclassified", "surf_class": "unknown" }, "geometry": { "type": "MultiLineString", "coordinates": [ [ [ -70.3855024, 18.7058924 ], [ -70.3856091, 18.7059328 ], [ -70.3858138, 18.7059167 ], [ -70.3859717, 18.7058884 ], [ -70.3860826, 18.7058238 ], [ -70.386202, 18.705747 ], [ -70.3862745, 18.7056823 ], [ -70.386411, 18.7056217 ], [ -70.3865774, 18.7055854 ], [ -70.3867566, 18.7055611 ], [ -70.3869827, 18.7055571 ], [ -70.3872002, 18.705549 ], [ -70.3873367, 18.7055328 ], [ -70.3874934, 18.7054602 ], [ -70.3876198, 18.7054407 ], [ -70.3878137, 18.7053878 ], [ -70.3880106, 18.7053683 ], [ -70.3881663, 18.7054073 ], [ -70.3883514, 18.7054713 ], [ -70.3884542, 18.7055464 ], [ -70.3885688, 18.7056522 ], [ -70.3886305, 18.7056995 ], [ -70.3886981, 18.7057079 ], [ -70.3887686, 18.70568 ], [ -70.3888098, 18.7056411 ], [ -70.3888685, 18.7055409 ], [ -70.3889214, 18.7054713 ], [ -70.3890536, 18.7053071 ], [ -70.3892946, 18.7050204 ], [ -70.3894268, 18.7047783 ], [ -70.3894973, 18.7046392 ], [ -70.3896031, 18.7045752 ], [ -70.3898176, 18.7044722 ], [ -70.389991, 18.7043609 ], [ -70.3901437, 18.7042356 ], [ -70.390273, 18.7041605 ], [ -70.3903817, 18.7041326 ], [ -70.3905198, 18.7041104 ], [ -70.3906432, 18.7040965 ], [ -70.3907931, 18.7040297 ], [ -70.3910076, 18.7038933 ], [ -70.3911222, 18.7037736 ], [ -70.391228, 18.7036345 ], [ -70.3913337, 18.703473 ], [ -70.3914072, 18.7033896 ], [ -70.3914807, 18.7033367 ], [ -70.3915952, 18.7033088 ], [ -70.3917216, 18.7033033 ], [ -70.3918479, 18.7032114 ], [ -70.3919713, 18.7030445 ], [ -70.3920977, 18.7028719 ], [ -70.3921094, 18.7027773 ], [ -70.3920771, 18.7027272 ], [ -70.3919772, 18.7026743 ], [ -70.3919155, 18.7026131 ], [ -70.3918391, 18.7025157 ], [ -70.3917921, 18.7023849 ], [ -70.3918068, 18.7022958 ], [ -70.3918597, 18.7021733 ], [ -70.3920066, 18.7020091 ], [ -70.3920859, 18.7018644 ], [ -70.3921094, 18.7017336 ], [ -70.3921124, 18.7015583 ], [ -70.3921124, 18.7014024 ], [ -70.3921594, 18.7012382 ], [ -70.3922622, 18.7010907 ], [ -70.3923856, 18.70101 ], [ -70.3925737, 18.7009042 ], [ -70.3927647, 18.7008263 ], [ -70.392941, 18.700715 ], [ -70.3931143, 18.7006203 ], [ -70.3932612, 18.7005591 ], [ -70.3933935, 18.7005118 ], [ -70.3935639, 18.7005035 ], [ -70.3937255, 18.7004895 ], [ -70.3938988, 18.7004339 ], [ -70.3940399, 18.7003699 ], [ -70.3941368, 18.7003559 ], [ -70.3942426, 18.700381 ], [ -70.3943043, 18.7004367 ], [ -70.3943513, 18.7005313 ], [ -70.3943425, 18.7005758 ], [ -70.3943249, 18.7006677 ], [ -70.3942838, 18.7007595 ], [ -70.3942691, 18.7008708 ], [ -70.3943396, 18.7010044 ], [ -70.3944366, 18.7011074 ], [ -70.3945776, 18.7011853 ], [ -70.3947509, 18.7012076 ], [ -70.3949184, 18.7011992 ], [ -70.3950918, 18.7011631 ], [ -70.3952358, 18.7011102 ], [ -70.3953357, 18.7010406 ], [ -70.395462, 18.7010044 ], [ -70.395556, 18.70101 ], [ -70.3956706, 18.7010657 ], [ -70.3957617, 18.7011324 ], [ -70.3957999, 18.7012159 ], [ -70.3958205, 18.70133 ], [ -70.3958175, 18.7014414 ], [ -70.3958499, 18.7015249 ], [ -70.3959439, 18.7016779 ], [ -70.3960144, 18.7017587 ], [ -70.3961172, 18.7018449 ], [ -70.3962377, 18.7019451 ], [ -70.3964111, 18.7020676 ], [ -70.3965932, 18.7021789 ], [ -70.3967666, 18.702357 ], [ -70.3968753, 18.7024544 ], [ -70.3970663, 18.7025602 ], [ -70.3972338, 18.7026771 ], [ -70.3973337, 18.702794 ], [ -70.3974277, 18.702922 ], [ -70.3974777, 18.7030723 ], [ -70.3975188, 18.7032198 ], [ -70.3975864, 18.7032866 ], [ -70.3977832, 18.7034063 ], [ -70.3980007, 18.7034452 ], [ -70.3981446, 18.7034508 ], [ -70.3982592, 18.7034174 ], [ -70.3984649, 18.7033923 ], [ -70.398603, 18.7034118 ], [ -70.3987558, 18.7034647 ], [ -70.3988763, 18.7034925 ], [ -70.3990908, 18.7035148 ], [ -70.39927, 18.7034925 ], [ -70.3994199, 18.7035204 ], [ -70.3995491, 18.7036289 ], [ -70.3997049, 18.7037736 ], [ -70.3998195, 18.7039295 ], [ -70.399887, 18.7040408 ], [ -70.3999311, 18.7041466 ], [ -70.4000251, 18.7042356 ], [ -70.4001045, 18.7042968 ], [ -70.4002132, 18.7043442 ], [ -70.4003072, 18.7044026 ], [ -70.4003983, 18.7045111 ], [ -70.4004394, 18.704564 ], [ -70.4004571, 18.7046169 ], [ -70.40046, 18.7047087 ], [ -70.4004776, 18.7048061 ], [ -70.4005129, 18.7048395 ], [ -70.4005893, 18.704859 ], [ -70.4006363, 18.7048423 ], [ -70.4007068, 18.7047867 ], [ -70.4007626, 18.7047171 ], [ -70.400839, 18.7046865 ], [ -70.4009272, 18.7047115 ], [ -70.4010506, 18.704731 ], [ -70.4011329, 18.7047282 ], [ -70.4014032, 18.7047867 ], [ -70.40165, 18.7048312 ], [ -70.401791, 18.7047867 ], [ -70.4018998, 18.7047004 ], [ -70.4020702, 18.7045668 ], [ -70.4024235, 18.7043883 ], [ -70.4026058, 18.7043019 ], [ -70.4027184, 18.7041851 ], [ -70.4029668, 18.7038922 ], [ -70.4031456, 18.7037534 ], [ -70.4031956, 18.7036654 ], [ -70.403226, 18.7035079 ], [ -70.4032725, 18.703408 ], [ -70.4033457, 18.7033217 ], [ -70.4034387, 18.7032404 ], [ -70.4035638, 18.7032252 ], [ -70.4036299, 18.7032303 ], [ -70.4036746, 18.7032878 ], [ -70.4037247, 18.7033539 ], [ -70.4038015, 18.7034555 ], [ -70.403873, 18.7034995 ], [ -70.4039517, 18.7035232 ], [ -70.404016, 18.7035164 ], [ -70.4040911, 18.7034808 ], [ -70.4042108, 18.7034267 ], [ -70.4043074, 18.7033928 ], [ -70.4044146, 18.703403 ], [ -70.404529, 18.7034334 ], [ -70.4046273, 18.7034267 ], [ -70.4047238, 18.7034047 ], [ -70.4047971, 18.703386 ], [ -70.4048632, 18.7033843 ], [ -70.4049383, 18.703408 ], [ -70.4049919, 18.7034538 ], [ -70.405126, 18.7036112 ], [ -70.4052118, 18.7037094 ], [ -70.4052886, 18.7037907 ], [ -70.4053691, 18.7038262 ], [ -70.4054549, 18.7038821 ], [ -70.4055603, 18.7039481 ], [ -70.4056568, 18.7040209 ], [ -70.4057784, 18.7041462 ], [ -70.405891, 18.7042749 ], [ -70.4059804, 18.7043883 ], [ -70.4060733, 18.7044645 ], [ -70.4062771, 18.7046101 ], [ -70.4066542, 18.704864 ], [ -70.4070403, 18.7051552 ], [ -70.4072608, 18.705298 ], [ -70.4073986, 18.7053679 ], [ -70.4075255, 18.7053854 ], [ -70.4076818, 18.7053714 ], [ -70.4078345, 18.705333 ], [ -70.4081263, 18.7051919 ], [ -70.4083479, 18.7050787 ], [ -70.4086249, 18.70487 ], [ -70.4087529, 18.7048117 ], [ -70.4088859, 18.704723 ], [ -70.4089445, 18.7046695 ], [ -70.40953, 18.7041557 ], [ -70.4098308, 18.7037894 ], [ -70.4101369, 18.703591 ], [ -70.4105935, 18.7034434 ], [ -70.4111437, 18.7031928 ], [ -70.4114437, 18.7031125 ], [ -70.411711, 18.7030971 ], [ -70.4122491, 18.703304 ], [ -70.412436, 18.7033083 ], [ -70.4127708, 18.7033133 ], [ -70.41326, 18.7033658 ], [ -70.4138143, 18.7033874 ], [ -70.4143621, 18.7035141 ], [ -70.4149328, 18.703687 ], [ -70.4151252, 18.7038044 ], [ -70.4152752, 18.7038476 ], [ -70.4154284, 18.7038446 ], [ -70.4156241, 18.7037488 ], [ -70.4157578, 18.7035542 ], [ -70.4157643, 18.7033874 ], [ -70.4155524, 18.7027666 ], [ -70.4156045, 18.7026894 ], [ -70.4159208, 18.7025504 ], [ -70.4169741, 18.7023218 ], [ -70.4174795, 18.7021859 ], [ -70.4180632, 18.7018771 ], [ -70.4183143, 18.7017813 ], [ -70.4189013, 18.7018647 ], [ -70.419185, 18.701735 ], [ -70.41941, 18.7016979 ], [ -70.4202187, 18.7020408 ], [ -70.4203165, 18.702396 ], [ -70.4204111, 18.7024825 ], [ -70.4205969, 18.7024855 ], [ -70.4208415, 18.7024207 ], [ -70.4210828, 18.7024392 ], [ -70.4214415, 18.7022508 ], [ -70.4217219, 18.702152 ], [ -70.4220121, 18.7021612 ], [ -70.4223904, 18.7023991 ], [ -70.4229056, 18.702223 ], [ -70.4232121, 18.7022076 ], [ -70.4236035, 18.7020531 ], [ -70.4241448, 18.7020871 ], [ -70.4245295, 18.7019172 ], [ -70.4251719, 18.7016423 ], [ -70.4253121, 18.7016392 ], [ -70.4254393, 18.7017628 ], [ -70.4255828, 18.7021489 ], [ -70.4258045, 18.7023311 ], [ -70.42616, 18.7024361 ], [ -70.4263263, 18.7025288 ], [ -70.4268969, 18.7031465 ], [ -70.4268156, 18.7044721 ] ] ] } },
{ "type": "Feature", "properties": { "osm_id": "way/513212565", "highway": "residential", "surf_class": "unknown" }, "geometry": { "type": "MultiLineString", "coordinates": [ [ [ -70.4273955, 18.7031646 ], [ -70.4273758, 18.7035907 ], [ -70.427445, 18.7038251 ], [ -70.4273377, 18.7044872 ] ] ] } },
{ "type": "Feature", "properties": { "osm_id": "way/513212567", "highway": "residential", "surf_class": "unknown" }, "geometry": { "type": "MultiLineString", "coordinates": [ [ [ -70.4279893, 18.7039032 ], [ -70.4277975, 18.7045894 ] ] ] } },
{ "type": "Feature", "properties": { "osm_id": "way/513212569", "highway": "residential", "surf_class": "unknown" }, "geometry": { "type": "MultiLineString", "coordinates": [ [ [ -70.4350939, 18.7050615 ], [ -70.4353829, 18.7046598 ], [ -70.4354046, 18.7045398 ], [ -70.435373, 18.7044405 ], [ -70.4352661, 18.7042642 ], [ -70.4351275, 18.7041498 ], [ -70.4340785, 18.7039145 ], [ -70.4328924, 18.7040298 ], [ -70.4319284, 18.7040064 ], [ -70.431564, 18.7041004 ], [ -70.4311948, 18.7042651 ], [ -70.4309552, 18.7044911 ], [ -70.4306251, 18.7045814 ], [ -70.4302997, 18.7046061 ], [ -70.4300752, 18.704626 ], [ -70.4298228, 18.7048113 ], [ -70.4297215, 18.704984 ] ] ] } },
{ "type": "Feature", "properties": { "osm_id": "way/513223191", "highway": "residential", "surf_class": "unknown" }, "geometry": { "type": "MultiLineString", "coordinates": [ [ [ -70.4587164, 18.6385523 ], [ -70.4579978, 18.6387326 ], [ -70.4578958, 18.6384933 ], [ -70.4578775, 18.63824 ], [ -70.4577862, 18.6381596 ], [ -70.4577275, 18.6379093 ], [ -70.4576721, 18.6376714 ], [ -70.4577178, 18.6376096 ], [ -70.4579274, 18.6375647 ], [ -70.4582265, 18.6375204 ] ] ] } },
{ "type": "Feature", "properties": { "osm_id": "way/513223192", "highway": "residential", "surf_class": "unknown" }, "geometry": { "type": "MultiLineString", "coordinates": [ [ [ -70.4578775, 18.63824 ], [ -70.458083, 18.6381596 ], [ -70.4583015, 18.6381102 ], [ -70.4583243, 18.638002 ], [ -70.4582982, 18.6378197 ], [ -70.4582265, 18.6375204 ], [ -70.458158, 18.6369824 ], [ -70.4583245, 18.6369696 ] ] ] } },
{ "type": "Feature", "properties": { "osm_id": "way/513223193", "highway": "residential", "surf_class": "unknown" }, "geometry": { "type": "MultiLineString", "coordinates": [ [ [ -70.4579274, 18.6375647 ], [ -70.4577862, 18.6367753 ], [ -70.4580631, 18.6367212 ], [ -70.4580957, 18.6367425 ], [ -70.458158, 18.6369824 ] ] ] } },
{ "type": "Feature", "properties": { "osm_id": "way/513223194", "highway": "residential", "surf_class": "unknown" }, "geometry": { "type": "MultiLineString", "coordinates": [ [ [ -70.4582982, 18.6378197 ], [ -70.4577275, 18.6379093 ] ] ] } },
{ "type": "Feature", "properties": { "osm_id": "way/513228345", "highway": "residential", "surf_class": "unknown" }, "geometry": { "type": "MultiLineString", "coordinates": [ [ [ -70.4468023, 18.696384 ], [ -70.4466575, 18.696381 ], [ -70.4462466, 18.6963733 ], [ -70.4462296, 18.6964359 ], [ -70.4462344, 18.6964561 ], [ -70.4465957, 18.6966823 ], [ -70.4466172, 18.6967054 ], [ -70.446601, 18.6968514 ] ] ] } },
{ "type": "Feature", "properties": { "osm_id": "way/513228346", "highway": "residential", "surf_class": "unknown" }, "geometry": { "type": "MultiLineString", "coordinates": [ [ [ -70.4472818, 18.6956156 ], [ -70.4467407, 18.6955975 ], [ -70.4462627, 18.6956916 ] ] ] } },
{ "type": "Feature", "properties": { "osm_id": "way/513228347", "highway": "residential", "surf_class": "unknown" }, "geometry": { "type": "MultiLineString", "coordinates": [ [ [ -70.4462466, 18.6963733 ], [ -70.4462627, 18.6956916 ], [ -70.4461821, 18.6952235 ], [ -70.4472188, 18.6949705 ] ] ] } },
{ "type": "Feature", "properties": { "osm_id": "way/513228348", "highway": "residential", "surf_class": "unknown" }, "geometry": { "type": "MultiLineString", "coordinates": [ [ [ -70.4428152, 18.6984188 ], [ -70.442812, 18.6982055 ], [ -70.4428754, 18.6980973 ], [ -70.4431482, 18.6979651 ], [ -70.4434781, 18.6975986 ], [ -70.4437064, 18.6973973 ], [ -70.4438745, 18.6971059 ], [ -70.4443329, 18.6967886 ], [ -70.4446869, 18.6960552 ], [ -70.4447274, 18.6959713 ], [ -70.4448565, 18.6958788 ], [ -70.4452694, 18.6957146 ] ] ] } },
{ "type": "Feature", "properties": { "osm_id": "way/513228349", "highway": "residential", "surf_class": "unknown" }, "geometry": { "type": "MultiLineString", "coordinates": [ [ [ -70.4562341, 18.6992828 ], [ -70.4550467, 18.6996493 ], [ -70.4530248, 18.6998819 ], [ -70.4526016, 18.7000402 ], [ -70.4524292, 18.7000452 ], [ -70.4519643, 18.6999957 ], [ -70.4517187, 18.7000303 ], [ -70.451144, 18.7002629 ], [ -70.4503081, 18.7006835 ], [ -70.4499152, 18.700831 ] ] ] } },
{ "type": "Feature", "properties": { "osm_id": "way/513228685", "highway": "residential", "surf_class": "unknown" }, "geometry": { "type": "MultiLineString", "coordinates": [ [ [ -70.4624481, 18.7073059 ], [ -70.462432, 18.7068321 ], [ -70.4624586, 18.7063184 ], [ -70.4624984, 18.7057502 ], [ -70.4625427, 18.7050163 ], [ -70.4625604, 18.7043474 ], [ -70.4625427, 18.7039134 ], [ -70.4625228, 18.7037226 ], [ -70.4624387, 18.7035234 ], [ -70.4620181, 18.7030327 ], [ -70.461427, 18.702303 ], [ -70.4609976, 18.7017872 ], [ -70.4603755, 18.7008122 ], [ -70.4600545, 18.7003152 ], [ -70.4596118, 18.699682 ], [ -70.4594059, 18.6995205 ], [ -70.4589986, 18.6993025 ], [ -70.4587927, 18.6991075 ], [ -70.4586267, 18.6990699 ], [ -70.4584268, 18.6989835 ], [ -70.4582182, 18.6988024 ], [ -70.457943, 18.6986844 ], [ -70.4576171, 18.6988161 ], [ -70.457453, 18.6988338 ], [ -70.457188, 18.6988461 ], [ -70.4569788, 18.6989086 ], [ -70.4563623, 18.6992616 ], [ -70.4562341, 18.6992828 ] ] ] } },
{ "type": "Feature", "properties": { "osm_id": "way/513228686", "highway": "residential", "surf_class": "unknown" }, "geometry": { "type": "MultiLineString", "coordinates": [ [ [ -70.4562341, 18.6992828 ], [ -70.4560597, 18.6989312 ], [ -70.4559798, 18.6984142 ], [ -70.4559883, 18.6982157 ], [ -70.4559879, 18.6976051 ], [ -70.4559927, 18.6973182 ], [ -70.4560705, 18.6971227 ], [ -70.4561754, 18.6969945 ], [ -70.4561415, 18.6963375 ], [ -70.4560874, 18.6957798 ], [ -70.4558336, 18.6947287 ], [ -70.4556882, 18.6942832 ], [ -70.4557085, 18.6940268 ], [ -70.4555258, 18.6938601 ], [ -70.4553464, 18.6937832 ], [ -70.4549337, 18.6939723 ], [ -70.4544908, 18.6941188 ] ] ] } },
{ "type": "Feature", "properties": { "osm_id": "way/513321912", "highway": "residential", "surf_class": "unknown" }, "geometry": { "type": "MultiLineString", "coordinates": [ [ [ -70.4608333, 18.7157295 ], [ -70.4614448, 18.7155165 ], [ -70.4616832, 18.7154341 ], [ -70.4621945, 18.7153043 ], [ -70.4632248, 18.7150705 ], [ -70.4636629, 18.7149536 ], [ -70.463922, 18.7149945 ], [ -70.4640675, 18.7150581 ], [ -70.4644876, 18.7152695 ], [ -70.4646263, 18.7152902 ], [ -70.4653165, 18.7152809 ], [ -70.4654121, 18.7152834 ], [ -70.4655139, 18.7153043 ], [ -70.4656226, 18.7153584 ], [ -70.4657125, 18.7154282 ], [ -70.4658717, 18.7155789 ], [ -70.4659043, 18.7155851 ], [ -70.4659371, 18.7155813 ], [ -70.4659653, 18.7155667 ], [ -70.4659827, 18.7155432 ], [ -70.4659894, 18.7154974 ], [ -70.4659934, 18.715425 ], [ -70.4660203, 18.7152891 ], [ -70.4660632, 18.715204 ], [ -70.466088, 18.7151758 ], [ -70.4661218, 18.7151593 ], [ -70.4661497, 18.7151542 ], [ -70.4661825, 18.7151532 ], [ -70.4662258, 18.7151656 ], [ -70.466243, 18.7151843 ], [ -70.4662515, 18.7151962 ], [ -70.4662593, 18.7152072 ], [ -70.4662757, 18.7152437 ], [ -70.4663488, 18.7156029 ], [ -70.4664226, 18.715768 ], [ -70.4664803, 18.7158436 ], [ -70.4665433, 18.7159103 ], [ -70.4666191, 18.7159598 ], [ -70.4666506, 18.7159858 ], [ -70.4666875, 18.7160017 ], [ -70.466723, 18.7160093 ] ] ] } },
{ "type": "Feature", "properties": { "osm_id": "way/513321913", "highway": "unclassified", "surf_class": "unknown" }, "geometry": { "type": "MultiLineString", "coordinates": [ [ [ -70.4606053, 18.7149292 ], [ -70.4604925, 18.7146826 ], [ -70.4596688, 18.7138818 ], [ -70.4596581, 18.7138208 ], [ -70.4596849, 18.7137687 ], [ -70.4597758, 18.7137036 ], [ -70.4599996, 18.7135711 ], [ -70.460105, 18.7134759 ], [ -70.46016, 18.7134234 ], [ -70.4605776, 18.7130173 ], [ -70.460661, 18.7129353 ], [ -70.4607949, 18.7129183 ], [ -70.4609178, 18.7129458 ], [ -70.4610862, 18.7130295 ], [ -70.4613723, 18.7132143 ], [ -70.4617156, 18.7133823 ], [ -70.4620249, 18.7135481 ], [ -70.4623429, 18.7138051 ], [ -70.4626146, 18.7141119 ], [ -70.4629541, 18.7146562 ], [ -70.4632248, 18.7150705 ] ] ] } },
{ "type": "Feature", "properties": { "osm_id": "way/513321914", "highway": "residential", "surf_class": "unknown" }, "geometry": { "type": "MultiLineString", "coordinates": [ [ [ -70.4662013, 18.7180251 ], [ -70.4656842, 18.7182322 ], [ -70.4650319, 18.7185687 ], [ -70.4645603, 18.7181771 ], [ -70.4637817, 18.7176832 ], [ -70.4632693, 18.7173239 ], [ -70.4626366, 18.7168383 ], [ -70.4624488, 18.7167579 ], [ -70.4622966, 18.7167519 ], [ -70.4617035, 18.7169592 ], [ -70.46142, 18.7169854 ] ] ] } },
{ "type": "Feature", "properties": { "osm_id": "way/513321915", "highway": "residential", "surf_class": "unknown" }, "geometry": { "type": "MultiLineString", "coordinates": [ [ [ -70.4621405, 18.7161297 ], [ -70.461995, 18.7161749 ], [ -70.4618108, 18.7162352 ], [ -70.4611276, 18.7164973 ] ] ] } },
{ "type": "Feature", "properties": { "osm_id": "way/513321916", "highway": "residential", "surf_class": "unknown" }, "geometry": { "type": "MultiLineString", "coordinates": [ [ [ -70.4618949, 18.7158971 ], [ -70.4616812, 18.7159768 ], [ -70.4609808, 18.7162223 ] ] ] } },
{ "type": "Feature", "properties": { "osm_id": "way/513321917", "highway": "residential", "surf_class": "unknown" }, "geometry": { "type": "MultiLineString", "coordinates": [ [ [ -70.4619177, 18.71647 ], [ -70.4618108, 18.7162352 ], [ -70.4616812, 18.7159768 ], [ -70.4614448, 18.7155165 ] ] ] } },
{ "type": "Feature", "properties": { "osm_id": "way/513321918", "highway": "residential", "surf_class": "unknown" }, "geometry": { "type": "MultiLineString", "coordinates": [ [ [ -70.461995, 18.7161749 ], [ -70.4618949, 18.7158971 ], [ -70.4616832, 18.7154341 ] ] ] } },
{ "type": "Feature", "properties": { "osm_id": "way/513321919", "highway": "residential", "surf_class": "unknown" }, "geometry": { "type": "MultiLineString", "coordinates": [ [ [ -70.4605094, 18.7138915 ], [ -70.46016, 18.7134234 ] ] ] } },
{ "type": "Feature", "properties": { "osm_id": "way/513322747", "highway": "residential", "surf_class": "unknown" }, "geometry": { "type": "MultiLineString", "coordinates": [ [ [ -70.4582954, 18.7103637 ], [ -70.4583814, 18.7103701 ], [ -70.459332, 18.7110078 ], [ -70.4597328, 18.7113412 ], [ -70.4599388, 18.7116428 ], [ -70.4601149, 18.7118699 ], [ -70.460452, 18.7120579 ] ] ] } },
{ "type": "Feature", "properties": { "osm_id": "way/513322749", "highway": "residential", "surf_class": "unknown" }, "geometry": { "type": "MultiLineString", "coordinates": [ [ [ -70.4582954, 18.7103637 ], [ -70.4580857, 18.7103517 ], [ -70.4568186, 18.7104668 ], [ -70.4566377, 18.7105292 ], [ -70.4564638, 18.7106245 ], [ -70.4556024, 18.710826 ], [ -70.4553403, 18.7108305 ], [ -70.4547795, 18.7106416 ], [ -70.454377, 18.710583 ], [ -70.4542045, 18.710583 ], [ -70.4540187, 18.7106416 ] ] ] } },
{ "type": "Feature", "properties": { "osm_id": "way/513322751", "highway": "residential", "surf_class": "unknown" }, "geometry": { "type": "MultiLineString", "coordinates": [ [ [ -70.4563249, 18.7080017 ], [ -70.4561122, 18.7080019 ], [ -70.4558346, 18.7079206 ], [ -70.4556377, 18.7078972 ] ] ] } },
{ "type": "Feature", "properties": { "osm_id": "way/513322753", "highway": "residential", "surf_class": "unknown" }, "geometry": { "type": "MultiLineString", "coordinates": [ [ [ -70.4556377, 18.7078972 ], [ -70.455536, 18.7076248 ], [ -70.4548592, 18.7073232 ], [ -70.4544618, 18.7070439 ] ] ] } },
{ "type": "Feature", "properties": { "osm_id": "way/513322755", "highway": "residential", "surf_class": "unknown" }, "geometry": { "type": "MultiLineString", "coordinates": [ [ [ -70.4568962, 18.7063207 ], [ -70.4568595, 18.7064531 ], [ -70.4567936, 18.7065585 ], [ -70.4567299, 18.7068893 ], [ -70.4571604, 18.7075794 ], [ -70.4571606, 18.7076231 ], [ -70.4568985, 18.7078176 ], [ -70.4565933, 18.7079558 ], [ -70.4563249, 18.7080017 ] ] ] } },
{ "type": "Feature", "properties": { "osm_id": "way/517127210", "highway": "residential", "surf_class": "unknown" }, "geometry": { "type": "MultiLineString", "coordinates": [ [ [ -70.4457836, 18.6963739 ], [ -70.4457807, 18.6958955 ], [ -70.4457421, 18.695112 ], [ -70.4456737, 18.6942444 ], [ -70.4454964, 18.6934474 ], [ -70.4453397, 18.6929518 ], [ -70.4451351, 18.6927552 ] ] ] } },
{ "type": "Feature", "properties": { "osm_id": "way/531300246", "highway": "residential", "surf_class": "unknown" }, "geometry": { "type": "MultiLineString", "coordinates": [ [ [ -70.4326683, 18.7382603 ], [ -70.4328006, 18.7370666 ], [ -70.4328038, 18.7370436 ], [ -70.4327984, 18.7370284 ], [ -70.432785, 18.7370119 ], [ -70.432494, 18.7369077 ], [ -70.4324591, 18.7368988 ], [ -70.4324216, 18.7369026 ], [ -70.4324001, 18.7369103 ], [ -70.4322982, 18.737003 ], [ -70.4322834, 18.7370258 ], [ -70.4322687, 18.7370652 ], [ -70.4320702, 18.7380939 ] ] ] } },
{ "type": "Feature", "properties": { "osm_id": "way/531300248", "highway": "service", "surf_class": "unknown" }, "geometry": { "type": "MultiLineString", "coordinates": [ [ [ -70.4330693, 18.7383619 ], [ -70.4332726, 18.736956 ], [ -70.4332852, 18.736909 ], [ -70.4333054, 18.7368658 ], [ -70.4333469, 18.7368315 ], [ -70.4334019, 18.7368061 ], [ -70.4334743, 18.7367921 ], [ -70.4335293, 18.7368048 ], [ -70.4335696, 18.7368379 ], [ -70.4336983, 18.7370411 ], [ -70.43376, 18.7370944 ], [ -70.4338405, 18.7371122 ], [ -70.4342079, 18.7371147 ], [ -70.434334, 18.7370842 ], [ -70.4347846, 18.7369039 ], [ -70.4349026, 18.7368785 ], [ -70.435026, 18.7368683 ], [ -70.4355517, 18.736881 ], [ -70.4359205, 18.7368404 ], [ -70.4362813, 18.7367197 ], [ -70.4364543, 18.7366626 ], [ -70.4366326, 18.7365508 ], [ -70.4367426, 18.7364302 ], [ -70.4368553, 18.7362473 ], [ -70.4369773, 18.7361216 ], [ -70.4371664, 18.73602 ], [ -70.4373622, 18.7358256 ], [ -70.4374534, 18.7357139 ], [ -70.4375969, 18.7356529 ], [ -70.437845, 18.7355615 ], [ -70.4379536, 18.7354802 ], [ -70.438022, 18.73539 ], [ -70.4380408, 18.7353049 ], [ -70.4380247, 18.7351995 ], [ -70.4380234, 18.7350966 ], [ -70.4381454, 18.7347372 ], [ -70.4381615, 18.7344591 ], [ -70.4381293, 18.7342813 ], [ -70.4380488, 18.7342076 ], [ -70.437959, 18.7341365 ], [ -70.4378665, 18.7339587 ], [ -70.4377592, 18.7336755 ], [ -70.437845, 18.7335281 ], [ -70.4393162, 18.7320498 ], [ -70.4394235, 18.7320256 ], [ -70.4395683, 18.7320917 ], [ -70.439921, 18.7323698 ], [ -70.4401799, 18.7325553 ], [ -70.4403918, 18.7326454 ], [ -70.4409255, 18.7328436 ], [ -70.4412688, 18.7330176 ], [ -70.4414941, 18.7331204 ], [ -70.441651, 18.73317 ], [ -70.4423283, 18.7333719 ], [ -70.4425187, 18.7333224 ], [ -70.4424182, 18.7331154 ], [ -70.4424262, 18.7330112 ], [ -70.4424705, 18.7328867 ], [ -70.4429211, 18.7319558 ] ] ] } },
{ "type": "Feature", "properties": { "osm_id": "way/563817875", "highway": "track", "surface": "compacted", "tracktype": "grade4", "smoothness": "horrible", "surf_class": "unpaved" }, "geometry": { "type": "MultiLineString", "coordinates": [ [ [ -70.3859164, 18.6723427 ], [ -70.3858316, 18.6724096 ], [ -70.3858316, 18.6725621 ], [ -70.3858316, 18.6727958 ], [ -70.3858427, 18.6728869 ], [ -70.3858584, 18.6729534 ], [ -70.3859121, 18.6730957 ], [ -70.3859711, 18.6732481 ], [ -70.3859872, 18.6735277 ], [ -70.3859925, 18.6738275 ], [ -70.3860033, 18.6740664 ], [ -70.3860033, 18.6743459 ], [ -70.3859925, 18.6745746 ], [ -70.3859282, 18.674849 ], [ -70.3858584, 18.6749964 ], [ -70.3857619, 18.6751336 ], [ -70.385676, 18.6752555 ], [ -70.3855687, 18.6753318 ], [ -70.3854351, 18.6753943 ], [ -70.385322, 18.675408 ], [ -70.3851771, 18.6754334 ], [ -70.3850859, 18.6754995 ], [ -70.3850001, 18.6756062 ], [ -70.3849572, 18.6757383 ], [ -70.3849357, 18.6758705 ], [ -70.384925, 18.6759823 ], [ -70.3849357, 18.6761042 ], [ -70.3849733, 18.6762465 ], [ -70.3850001, 18.676338 ], [ -70.3850216, 18.6764244 ], [ -70.3850538, 18.6765616 ], [ -70.3850913, 18.6767496 ], [ -70.3851074, 18.6769682 ], [ -70.3850216, 18.6772426 ], [ -70.3849894, 18.677395 ], [ -70.3849036, 18.6775729 ], [ -70.3848606, 18.6776847 ], [ -70.3848177, 18.6777914 ], [ -70.384866, 18.6778524 ], [ -70.384984, 18.677827 ], [ -70.3851235, 18.677827 ], [ -70.3852469, 18.6778422 ], [ -70.3853488, 18.6779236 ], [ -70.38544, 18.6779896 ], [ -70.3856492, 18.6781624 ], [ -70.3857565, 18.678264 ], [ -70.3857833, 18.6784013 ], [ -70.3857404, 18.6785334 ], [ -70.3856492, 18.6786503 ], [ -70.3855527, 18.678757 ], [ -70.3854668, 18.6789196 ], [ -70.3854132, 18.6790365 ], [ -70.3852952, 18.6792042 ], [ -70.385161, 18.6793821 ], [ -70.3849519, 18.6796006 ], [ -70.3848767, 18.679692 ], [ -70.3849143, 18.6798597 ], [ -70.3850001, 18.6800427 ], [ -70.3851235, 18.6801951 ], [ -70.3851986, 18.6802612 ], [ -70.3853595, 18.6803374 ], [ -70.3854775, 18.6803781 ], [ -70.385617, 18.6803933 ], [ -70.3857136, 18.6803933 ], [ -70.3858209, 18.6804238 ], [ -70.3859711, 18.6805255 ], [ -70.3861159, 18.6806678 ], [ -70.3863198, 18.6807237 ], [ -70.3864163, 18.6808304 ], [ -70.3865236, 18.6809981 ], [ -70.3866363, 18.6810997 ], [ -70.3866631, 18.6811556 ], [ -70.3866094, 18.6813131 ] ] ] } },
{ "type": "Feature", "properties": { "osm_id": "way/563841649", "highway": "track", "surface": "unpaved", "tracktype": "grade5", "smoothness": "very_horrible", "surf_class": "unpaved" }, "geometry": { "type": "MultiLineString", "coordinates": [ [ [ -70.3849519, 18.6796006 ], [ -70.3854668, 18.6796234 ], [ -70.3857055, 18.6796488 ], [ -70.3858584, 18.6796844 ], [ -70.3860462, 18.6798089 ], [ -70.3863412, 18.6800706 ], [ -70.3865021, 18.6802104 ], [ -70.3866899, 18.6802841 ], [ -70.3868884, 18.6805001 ], [ -70.3870949, 18.6807668 ], [ -70.3872773, 18.6809777 ], [ -70.3873524, 18.6810489 ], [ -70.3874972, 18.6810895 ], [ -70.3876179, 18.681087 ], [ -70.3877735, 18.6810743 ], [ -70.3878889, 18.6810692 ], [ -70.3880712, 18.6810032 ], [ -70.3881624, 18.6810032 ], [ -70.3883153, 18.6810565 ], [ -70.3887633, 18.6811378 ], [ -70.3888518, 18.6811912 ], [ -70.3891119, 18.6812954 ], [ -70.3893104, 18.681369 ], [ -70.3894365, 18.6814122 ], [ -70.3895867, 18.6814453 ], [ -70.3896511, 18.6814503 ], [ -70.3897449, 18.6814072 ], [ -70.38982, 18.6813487 ], [ -70.3899327, 18.681336 ], [ -70.3899971, 18.6813894 ], [ -70.3901097, 18.681458 ], [ -70.390158, 18.6815799 ], [ -70.3903645, 18.6816003 ], [ -70.3904906, 18.6815977 ], [ -70.3905684, 18.6816257 ], [ -70.3906032, 18.6816917 ], [ -70.3906059, 18.6817553 ], [ -70.3906059, 18.6818823 ], [ -70.390791, 18.6820271 ], [ -70.3909493, 18.6820983 ], [ -70.3910887, 18.6821542 ], [ -70.3912121, 18.6821847 ], [ -70.3913489, 18.6821999 ], [ -70.3915635, 18.6822202 ], [ -70.3916869, 18.6822355 ], [ -70.3918263, 18.6822584 ], [ -70.3919229, 18.6822761 ], [ -70.3920463, 18.6822711 ], [ -70.3920785, 18.6823244 ], [ -70.3920677, 18.6824311 ], [ -70.392006, 18.6825074 ], [ -70.3918397, 18.6825887 ], [ -70.3916654, 18.6826217 ], [ -70.3915232, 18.6826801 ], [ -70.391373, 18.6827005 ], [ -70.3911665, 18.682764 ], [ -70.39096, 18.6828275 ], [ -70.3908446, 18.6828682 ], [ -70.3907776, 18.6829342 ], [ -70.3907535, 18.6830028 ], [ -70.3907213, 18.6830714 ], [ -70.3906837, 18.6830663 ], [ -70.3906032, 18.6829317 ], [ -70.3904772, 18.6828504 ], [ -70.3903887, 18.6827818 ], [ -70.3902546, 18.6827462 ], [ -70.3901687, 18.6827233 ], [ -70.390099, 18.68267 ], [ -70.3900346, 18.682642 ], [ -70.3899005, 18.6826674 ], [ -70.3898576, 18.6826369 ], [ -70.3898093, 18.6826141 ], [ -70.3896779, 18.6825887 ], [ -70.3895357, 18.682581 ], [ -70.3893292, 18.6826115 ], [ -70.3892595, 18.682576 ], [ -70.3891441, 18.6825531 ], [ -70.3889805, 18.6825353 ], [ -70.3888786, 18.6825531 ], [ -70.3887579, 18.6825658 ], [ -70.388664, 18.6825633 ], [ -70.3885272, 18.6825506 ], [ -70.3883475, 18.6824997 ], [ -70.3881866, 18.6824743 ], [ -70.3880766, 18.6824997 ], [ -70.3880122, 18.6825048 ], [ -70.3879157, 18.6824438 ], [ -70.3877762, 18.6824311 ], [ -70.3876635, 18.6824311 ], [ -70.3876233, 18.682393 ], [ -70.3876367, 18.682332 ], [ -70.3876689, 18.6822634 ], [ -70.3877172, 18.6821847 ], [ -70.3877735, 18.682144 ], [ -70.3878379, 18.6821135 ], [ -70.3879505, 18.6821135 ], [ -70.3880203, 18.6820881 ], [ -70.388023, 18.6820271 ], [ -70.3878728, 18.6819357 ], [ -70.3877789, 18.6818366 ], [ -70.3877199, 18.681773 ], [ -70.3875965, 18.6817324 ], [ -70.3874597, 18.6817298 ], [ -70.3873819, 18.6817527 ], [ -70.3873175, 18.6817654 ], [ -70.3872719, 18.6817502 ], [ -70.3871942, 18.6816892 ], [ -70.3871405, 18.6816104 ], [ -70.3870842, 18.681524 ], [ -70.3870198, 18.6814529 ], [ -70.3869313, 18.6813919 ], [ -70.3868777, 18.6813106 ], [ -70.386816, 18.6812496 ], [ -70.3867757, 18.6812217 ], [ -70.3867248, 18.6812115 ], [ -70.3867006, 18.6811861 ], [ -70.3866631, 18.6811556 ] ] ] } },
{ "type": "Feature", "properties": { "osm_id": "way/563842138", "highway": "track", "surface": "compacted", "tracktype": "grade4", "smoothness": "very_horrible", "surf_class": "unpaved" }, "geometry": { "type": "MultiLineString", "coordinates": [ [ [ -70.3887633, 18.6811378 ], [ -70.3886801, 18.6810438 ], [ -70.3885192, 18.680993 ], [ -70.3884012, 18.6809066 ], [ -70.3882831, 18.6807999 ], [ -70.3881812, 18.6807186 ], [ -70.3880364, 18.6807033 ], [ -70.3879076, 18.6806932 ], [ -70.3877628, 18.6806881 ], [ -70.387677, 18.6806271 ], [ -70.3876394, 18.6805407 ], [ -70.3876019, 18.6804543 ], [ -70.387634, 18.6803883 ], [ -70.3877199, 18.6803883 ], [ -70.3878433, 18.6804391 ], [ -70.3879666, 18.6805001 ], [ -70.3880632, 18.680495 ], [ -70.3882134, 18.6804746 ], [ -70.3883797, 18.6804594 ], [ -70.3885192, 18.6804594 ], [ -70.3886586, 18.6805102 ], [ -70.389002, 18.6807389 ], [ -70.38912, 18.6807796 ], [ -70.3892916, 18.6807643 ], [ -70.3895813, 18.6807389 ], [ -70.3901178, 18.6807694 ], [ -70.3903216, 18.6808151 ], [ -70.3906918, 18.6809473 ], [ -70.3909278, 18.6810387 ], [ -70.3911907, 18.6811353 ], [ -70.3913194, 18.6811607 ], [ -70.3915018, 18.6811861 ], [ -70.3916359, 18.6811759 ], [ -70.3918022, 18.6811454 ], [ -70.3920221, 18.681115 ], [ -70.3922099, 18.6810946 ], [ -70.3923976, 18.6810743 ], [ -70.3925693, 18.6810794 ], [ -70.3926873, 18.6811454 ], [ -70.3927893, 18.6812217 ], [ -70.3928644, 18.6812877 ], [ -70.3930038, 18.6813487 ], [ -70.3930897, 18.68143 ], [ -70.3931433, 18.6814859 ], [ -70.3932023, 18.6815774 ], [ -70.3932077, 18.6817248 ], [ -70.3931969, 18.6818772 ], [ -70.3931969, 18.6819585 ], [ -70.393272, 18.6820602 ], [ -70.3933847, 18.6821516 ], [ -70.3934437, 18.6822482 ], [ -70.3934866, 18.6823549 ], [ -70.3934652, 18.6824464 ], [ -70.3934652, 18.6825226 ], [ -70.3935027, 18.6826039 ], [ -70.3935403, 18.6827157 ], [ -70.3935295, 18.6828072 ], [ -70.393433, 18.6828987 ], [ -70.3933042, 18.6829444 ], [ -70.3931969, 18.6829901 ], [ -70.3931648, 18.6830409 ], [ -70.393154, 18.6831121 ], [ -70.393095, 18.6832188 ], [ -70.3929931, 18.6833001 ], [ -70.3929395, 18.6833458 ], [ -70.3927463, 18.6834068 ], [ -70.3926551, 18.6834272 ], [ -70.3924567, 18.6834475 ], [ -70.3923118, 18.6834373 ], [ -70.3921348, 18.6834373 ], [ -70.3919953, 18.6834729 ], [ -70.3919309, 18.6835339 ], [ -70.3918451, 18.6836508 ], [ -70.3917378, 18.6837219 ], [ -70.3916681, 18.6837575 ], [ -70.3916037, 18.6838134 ], [ -70.3914911, 18.6838337 ], [ -70.3913462, 18.6838337 ], [ -70.3911907, 18.6838083 ], [ -70.3909171, 18.6837829 ], [ -70.3907937, 18.6837625 ], [ -70.390622, 18.6837117 ], [ -70.3904986, 18.6836406 ], [ -70.3903753, 18.683605 ], [ -70.3901553, 18.6835135 ], [ -70.3898764, 18.6833865 ], [ -70.3896833, 18.6833001 ], [ -70.389576, 18.6832493 ], [ -70.3894848, 18.6832544 ], [ -70.3893131, 18.6832188 ], [ -70.3890717, 18.6832595 ], [ -70.3889698, 18.683229 ], [ -70.3886908, 18.6831223 ], [ -70.3885675, 18.6830409 ], [ -70.3883958, 18.68298 ], [ -70.3882349, 18.6828987 ], [ -70.3881061, 18.6828377 ], [ -70.387972, 18.6826954 ], [ -70.3878862, 18.6826547 ], [ -70.3878754, 18.6825785 ], [ -70.3880122, 18.6825048 ] ] ] } },
{ "type": "Feature", "properties": { "osm_id": "way/563843722", "highway": "track", "surface": "compacted", "tracktype": "grade4", "smoothness": "very_horrible", "surf_class": "unpaved" }, "geometry": { "type": "MultiLineString", "coordinates": [ [ [ -70.3848767, 18.679692 ], [ -70.3848445, 18.6798597 ], [ -70.3848767, 18.679997 ], [ -70.3849411, 18.6801647 ], [ -70.385043, 18.6804035 ], [ -70.3851771, 18.6805255 ], [ -70.3853113, 18.6806423 ], [ -70.3854722, 18.6807643 ], [ -70.3856331, 18.6808355 ], [ -70.385794, 18.6809117 ], [ -70.3859389, 18.6809981 ], [ -70.3859561, 18.6810781 ], [ -70.3859657, 18.6811251 ], [ -70.3859335, 18.6815164 ], [ -70.3858209, 18.6816333 ], [ -70.3855956, 18.6817044 ], [ -70.3853327, 18.6817654 ], [ -70.3851986, 18.6818315 ], [ -70.3850699, 18.6818366 ], [ -70.384866, 18.6817756 ], [ -70.3846729, 18.6817553 ], [ -70.3844905, 18.6817298 ], [ -70.3843081, 18.68174 ], [ -70.3841847, 18.6817857 ], [ -70.3839862, 18.6819484 ], [ -70.3839004, 18.6820957 ], [ -70.3838575, 18.6822482 ], [ -70.3838843, 18.6825277 ], [ -70.3838843, 18.6828377 ], [ -70.3838521, 18.6829495 ], [ -70.3839219, 18.683107 ], [ -70.3839755, 18.6833204 ], [ -70.3841096, 18.6835999 ], [ -70.3843188, 18.6841996 ], [ -70.3845602, 18.684535 ], [ -70.3845978, 18.6846874 ], [ -70.3846031, 18.6848399 ], [ -70.3846997, 18.6849923 ], [ -70.3848231, 18.6851194 ], [ -70.3849304, 18.6853226 ], [ -70.3850538, 18.6853938 ], [ -70.3852952, 18.6854649 ], [ -70.3855419, 18.685592 ], [ -70.3857136, 18.6857901 ], [ -70.385837, 18.6859172 ], [ -70.385896, 18.6860391 ], [ -70.3859711, 18.6862018 ], [ -70.3859711, 18.6864406 ], [ -70.3859711, 18.6865727 ], [ -70.3858745, 18.6867912 ], [ -70.3857994, 18.686837 ], [ -70.3857082, 18.6869233 ], [ -70.3857297, 18.6869843 ], [ -70.385896, 18.6870047 ], [ -70.3860676, 18.6870402 ], [ -70.3861588, 18.6871266 ], [ -70.3862768, 18.6872384 ], [ -70.386368, 18.687462 ], [ -70.3864163, 18.6876348 ], [ -70.3865182, 18.6878075 ], [ -70.3865397, 18.6880159 ], [ -70.3865773, 18.6881734 ], [ -70.3866524, 18.6883259 ], [ -70.3866416, 18.688519 ], [ -70.3865558, 18.6885901 ], [ -70.3864753, 18.6886511 ], [ -70.3864378, 18.6887934 ], [ -70.3864753, 18.688956 ], [ -70.3865504, 18.6890983 ], [ -70.3865451, 18.6892456 ], [ -70.386529, 18.689454 ], [ -70.3865022, 18.6895912 ], [ -70.3864378, 18.6896928 ], [ -70.3862822, 18.6898402 ], [ -70.3862447, 18.6899977 ], [ -70.3861588, 18.6900536 ], [ -70.3860837, 18.6901095 ], [ -70.3859711, 18.6901603 ], [ -70.3858316, 18.6901908 ], [ -70.3857726, 18.6902569 ], [ -70.3857136, 18.6903636 ], [ -70.3856438, 18.6904652 ], [ -70.3855527, 18.6905363 ], [ -70.3854078, 18.690516 ], [ -70.3852522, 18.6905313 ], [ -70.3851074, 18.6905363 ], [ -70.3849679, 18.6904957 ], [ -70.3847426, 18.6904449 ], [ -70.3845227, 18.6903737 ], [ -70.3843188, 18.6902823 ], [ -70.3841525, 18.6902162 ], [ -70.3840077, 18.6901298 ], [ -70.3838897, 18.6901298 ], [ -70.3838468, 18.6901908 ], [ -70.3838629, 18.6903178 ], [ -70.383938, 18.6904144 ], [ -70.3840184, 18.6905262 ], [ -70.3840828, 18.6906176 ], [ -70.3840989, 18.6907091 ], [ -70.3840667, 18.6907752 ], [ -70.3839701, 18.6908209 ], [ -70.3838414, 18.6908209 ], [ -70.3837341, 18.6908311 ], [ -70.3835946, 18.6908666 ], [ -70.3834337, 18.690887 ], [ -70.3833157, 18.6909327 ], [ -70.3831548, 18.690953 ], [ -70.3829455, 18.6909835 ], [ -70.3828383, 18.6910242 ], [ -70.3826988, 18.6910648 ], [ -70.3825081, 18.6911224 ], [ -70.382425, 18.6911602 ], [ -70.382375, 18.6912358 ], [ -70.3822852, 18.6913304 ], [ -70.3821987, 18.6914312 ], [ -70.3820856, 18.6915258 ], [ -70.3819691, 18.691592 ], [ -70.3818693, 18.6916203 ], [ -70.3817762, 18.6916203 ], [ -70.3816597, 18.6916361 ], [ -70.38152, 18.6916771 ], [ -70.3813969, 18.691718 ], [ -70.3813204, 18.6917716 ], [ -70.3812605, 18.6918504 ], [ -70.3812039, 18.6919418 ], [ -70.3810875, 18.6920332 ], [ -70.3809611, 18.6920899 ], [ -70.3808579, 18.6921372 ], [ -70.3806882, 18.6921656 ], [ -70.3805352, 18.6921687 ], [ -70.3804088, 18.6921561 ], [ -70.3802557, 18.6921403 ], [ -70.3800993, 18.6921656 ], [ -70.3797999, 18.6922191 ], [ -70.3796602, 18.6922254 ], [ -70.3795005, 18.6923231 ], [ -70.3792776, 18.6924776 ], [ -70.3791678, 18.6925469 ], [ -70.3790214, 18.6926194 ], [ -70.378845, 18.6927013 ], [ -70.3787519, 18.6927423 ], [ -70.3786288, 18.6928368 ], [ -70.3784591, 18.6929282 ], [ -70.378326, 18.6929408 ], [ -70.3782096, 18.6929345 ], [ -70.3781098, 18.6928715 ], [ -70.3780066, 18.6928179 ], [ -70.3778968, 18.6927959 ], [ -70.3778004, 18.6928211 ], [ -70.3777105, 18.6928652 ], [ -70.3775941, 18.6929913 ], [ -70.3773379, 18.6933222 ], [ -70.3772115, 18.6934892 ], [ -70.3771349, 18.6935711 ], [ -70.3770451, 18.6935995 ], [ -70.3768355, 18.693609 ], [ -70.3766658, 18.6935995 ], [ -70.3765294, 18.6935869 ], [ -70.3764396, 18.6935964 ] ] ] } },
{ "type": "Feature", "properties": { "osm_id": "way/642889445", "highway": "track", "surf_class": "unpaved (assumed)" }, "geometry": { "type": "MultiLineString", "coordinates": [ [ [ -70.5613738, 18.7087316 ], [ -70.561234, 18.7088384 ], [ -70.5610626, 18.7090222 ], [ -70.5609588, 18.7091162 ], [ -70.5608731, 18.7092144 ], [ -70.56081, 18.7092828 ], [ -70.5607423, 18.709317 ], [ -70.5606205, 18.7093042 ], [ -70.5605574, 18.7093597 ], [ -70.5605844, 18.7094323 ], [ -70.5606521, 18.7094793 ], [ -70.5606972, 18.7095819 ], [ -70.5607107, 18.7097229 ], [ -70.5606566, 18.7098895 ], [ -70.5604987, 18.7101245 ], [ -70.5603408, 18.7102826 ], [ -70.5601829, 18.7104022 ], [ -70.5600657, 18.7104492 ], [ -70.5599439, 18.710509 ], [ -70.5598942, 18.7106073 ], [ -70.5598401, 18.7107525 ], [ -70.5598131, 18.7108636 ], [ -70.5598717, 18.7110858 ], [ -70.5598717, 18.7112311 ], [ -70.5598356, 18.7114062 ], [ -70.5597634, 18.7115729 ], [ -70.5596552, 18.711795 ], [ -70.559601, 18.7118634 ], [ -70.5595379, 18.7119104 ], [ -70.5594522, 18.7120001 ], [ -70.5593935, 18.7121155 ], [ -70.5592898, 18.7122565 ], [ -70.5592288, 18.7124048 ], [ -70.5591484, 18.7125623 ], [ -70.5590518, 18.7126817 ], [ -70.5590008, 18.7127935 ], [ -70.5589288, 18.7130219 ], [ -70.558796, 18.7133614 ], [ -70.5587505, 18.7135177 ], [ -70.5586879, 18.7135985 ], [ -70.5586822, 18.7136776 ], [ -70.5586197, 18.7137853 ], [ -70.55854, 18.7138716 ], [ -70.5584091, 18.7140135 ], [ -70.5582896, 18.7141554 ], [ -70.5582517, 18.7143332 ], [ -70.558265, 18.7144823 ], [ -70.5583088, 18.7146397 ], [ -70.5583833, 18.71477 ], [ -70.5584577, 18.7148747 ], [ -70.5585468, 18.714974 ], [ -70.5586077, 18.7150328 ], [ -70.5587377, 18.7151239 ], [ -70.5590542, 18.7152662 ], [ -70.5594351, 18.7153983 ], [ -70.5595826, 18.7154771 ], [ -70.5597047, 18.7155613 ], [ -70.5597959, 18.715654 ], [ -70.5598631, 18.7157184 ], [ -70.5599624, 18.7157804 ], [ -70.5600481, 18.7157782 ], [ -70.5601552, 18.7157526 ], [ -70.5604125, 18.7156452 ], [ -70.560611, 18.7155234 ], [ -70.560717, 18.7152841 ], [ -70.5607869, 18.7151154 ], [ -70.5608952, 18.7149445 ], [ -70.5609606, 18.7147992 ], [ -70.5610441, 18.7146668 ], [ -70.5610644, 18.7145322 ], [ -70.561123, 18.7144062 ], [ -70.5612065, 18.7143143 ] ] ] } },
{ "type": "Feature", "properties": { "osm_id": "way/659593662", "highway": "track", "surf_class": "unpaved (assumed)" }, "geometry": { "type": "MultiLineString", "coordinates": [ [ [ -70.3992538, 18.7671133 ], [ -70.3991249, 18.7673212 ], [ -70.3989761, 18.7674494 ], [ -70.3988362, 18.7675049 ], [ -70.3986829, 18.7675433 ], [ -70.3985114, 18.7675732 ], [ -70.3983491, 18.7675988 ], [ -70.3982182, 18.7675988 ], [ -70.3980919, 18.7676159 ], [ -70.3980062, 18.767586 ], [ -70.3978889, 18.7675946 ], [ -70.3977671, 18.7675988 ], [ -70.3976408, 18.7675177 ], [ -70.3975326, 18.7674579 ], [ -70.3974288, 18.7674921 ], [ -70.3973509, 18.7675755 ], [ -70.3972712, 18.7676208 ], [ -70.3971882, 18.7676782 ], [ -70.3971181, 18.7677506 ], [ -70.3970224, 18.7678684 ], [ -70.3969618, 18.7679439 ], [ -70.3968629, 18.7680375 ], [ -70.39678, 18.768107 ], [ -70.3966683, 18.7681704 ], [ -70.3965503, 18.768258 ], [ -70.3964195, 18.7683365 ], [ -70.3963302, 18.7684332 ], [ -70.3961803, 18.7685117 ], [ -70.3959985, 18.7686174 ], [ -70.3958868, 18.768702 ], [ -70.395772, 18.7687382 ], [ -70.395654, 18.7688288 ], [ -70.3954977, 18.7689073 ], [ -70.3954084, 18.7689436 ], [ -70.3953127, 18.7689315 ], [ -70.3952329, 18.7689436 ], [ -70.3949331, 18.7689496 ], [ -70.394729, 18.7689526 ], [ -70.3944866, 18.7689526 ], [ -70.3943462, 18.7689526 ], [ -70.3942346, 18.7690342 ], [ -70.3941134, 18.7691006 ], [ -70.3939634, 18.7691429 ], [ -70.3938454, 18.7691912 ], [ -70.3937242, 18.7692697 ], [ -70.3936604, 18.7693483 ], [ -70.3936212, 18.7694728 ], [ -70.3936076, 18.7695625 ], [ -70.3935355, 18.7696863 ], [ -70.3934723, 18.7698444 ], [ -70.393346, 18.7699298 ], [ -70.3932468, 18.7700238 ], [ -70.3932107, 18.7701177 ], [ -70.3930979, 18.7701818 ], [ -70.3929535, 18.77028 ], [ -70.3928498, 18.7703782 ], [ -70.3927551, 18.7704893 ], [ -70.3926784, 18.7706302 ], [ -70.3926197, 18.7707669 ], [ -70.3925431, 18.7709036 ], [ -70.3924258, 18.7709377 ], [ -70.3919702, 18.7710061 ], [ -70.3918993, 18.7710314 ], [ -70.3917759, 18.7710365 ], [ -70.3916096, 18.7710035 ], [ -70.3914428, 18.7709974 ], [ -70.391296, 18.7709431 ], [ -70.3911774, 18.7708389 ], [ -70.3907322, 18.7704732 ], [ -70.3905927, 18.7704325 ], [ -70.3905364, 18.7702979 ], [ -70.3905042, 18.770237 ], [ -70.3904398, 18.7701481 ], [ -70.3903728, 18.7700668 ], [ -70.3902709, 18.7699983 ], [ -70.3901636, 18.7699475 ], [ -70.3900375, 18.7698967 ], [ -70.3899248, 18.7699018 ], [ -70.3897183, 18.7698916 ], [ -70.3896191, 18.7698713 ], [ -70.3894957, 18.7698865 ], [ -70.3892892, 18.7699424 ], [ -70.3890558, 18.7700237 ], [ -70.38897, 18.7700389 ], [ -70.3888386, 18.7700364 ], [ -70.3887152, 18.7700643 ], [ -70.3886025, 18.7700872 ], [ -70.3884872, 18.7701532 ], [ -70.3883423, 18.7702522 ], [ -70.3881653, 18.7703995 ], [ -70.3880393, 18.7705113 ], [ -70.3878542, 18.7707068 ], [ -70.3877093, 18.7708592 ], [ -70.3875591, 18.7710065 ], [ -70.3874519, 18.7711106 ], [ -70.3873285, 18.7711944 ], [ -70.3871809, 18.7712858 ], [ -70.3869583, 18.7714179 ], [ -70.3867893, 18.7714966 ], [ -70.3865319, 18.7716185 ], [ -70.3863468, 18.7716998 ], [ -70.3861349, 18.7717912 ], [ -70.3857916, 18.7719791 ], [ -70.3856655, 18.7720655 ], [ -70.3856145, 18.7720959 ], [ -70.3855528, 18.7720883 ], [ -70.3854912, 18.7720985 ], [ -70.3853463, 18.7721747 ], [ -70.3852176, 18.7722381 ], [ -70.3851371, 18.772294 ], [ -70.3850593, 18.7723981 ], [ -70.3849735, 18.7724896 ], [ -70.3848206, 18.7726597 ], [ -70.3847348, 18.772774 ], [ -70.3846275, 18.7728426 ], [ -70.3845604, 18.772901 ], [ -70.3844826, 18.7729492 ], [ -70.3844102, 18.7730533 ], [ -70.3842922, 18.7731879 ], [ -70.3842117, 18.7732844 ], [ -70.3841098, 18.7733352 ], [ -70.3840401, 18.7733835 ], [ -70.3839516, 18.7734876 ], [ -70.3838738, 18.7735942 ], [ -70.383804, 18.7736704 ], [ -70.3837182, 18.7737212 ], [ -70.3836378, 18.7737619 ], [ -70.3835841, 18.7737669 ], [ -70.3835278, 18.7737288 ], [ -70.3834259, 18.7736958 ], [ -70.3833695, 18.7737111 ], [ -70.3833105, 18.7737568 ], [ -70.3831791, 18.7738584 ], [ -70.3828787, 18.7737542 ], [ -70.3826695, 18.7736933 ], [ -70.3824683, 18.7736527 ], [ -70.3823664, 18.773673 ], [ -70.3821947, 18.7737492 ], [ -70.3820257, 18.773838 ], [ -70.381897, 18.7739117 ], [ -70.3817817, 18.7739676 ], [ -70.3816636, 18.773998 ], [ -70.3815027, 18.7740056 ], [ -70.3813954, 18.7740158 ], [ -70.3812962, 18.7740336 ], [ -70.3812104, 18.7740818 ], [ -70.3811379, 18.7741504 ], [ -70.3811057, 18.7742164 ], [ -70.3810467, 18.7743104 ], [ -70.3809958, 18.7743739 ], [ -70.3809073, 18.7745034 ], [ -70.3808483, 18.7745821 ], [ -70.3807785, 18.7746202 ], [ -70.3806122, 18.7746685 ], [ -70.3804432, 18.7747319 ], [ -70.3801896, 18.7748665 ], [ -70.3800002, 18.7750245 ], [ -70.3798739, 18.7751655 ], [ -70.3797701, 18.7754004 ], [ -70.3796348, 18.7756737 ], [ -70.3795265, 18.7759556 ], [ -70.3794228, 18.7762204 ], [ -70.3792739, 18.776545 ], [ -70.3791251, 18.7769379 ], [ -70.3790439, 18.7771941 ], [ -70.3790033, 18.7773906 ], [ -70.3790348, 18.7775144 ], [ -70.3791386, 18.7777323 ], [ -70.3791882, 18.7778305 ], [ -70.3791927, 18.7779373 ], [ -70.3791386, 18.7780141 ], [ -70.3790033, 18.7781551 ], [ -70.3788679, 18.7782747 ], [ -70.3787822, 18.7784028 ], [ -70.3787461, 18.7785608 ], [ -70.3786604, 18.778706 ], [ -70.3784935, 18.7789665 ], [ -70.3783266, 18.7792911 ], [ -70.3781913, 18.7795772 ], [ -70.3780289, 18.7798121 ], [ -70.3778755, 18.779983 ], [ -70.3777131, 18.7801026 ], [ -70.3776004, 18.7802221 ], [ -70.3775372, 18.7803802 ], [ -70.3775102, 18.7804826 ], [ -70.377253, 18.7806449 ], [ -70.377014, 18.7807944 ], [ -70.3767839, 18.7808884 ], [ -70.3764862, 18.781008 ], [ -70.3763238, 18.7810677 ], [ -70.3762516, 18.781166 ], [ -70.3760441, 18.7813453 ], [ -70.3756697, 18.7816229 ], [ -70.3755434, 18.7816913 ], [ -70.3754442, 18.7818279 ], [ -70.3753945, 18.7819646 ], [ -70.3753224, 18.7820671 ], [ -70.3752186, 18.782208 ], [ -70.3751149, 18.7822678 ], [ -70.3750517, 18.782366 ], [ -70.3749705, 18.7824856 ], [ -70.3748622, 18.7825411 ], [ -70.3747778, 18.782539 ], [ -70.3746758, 18.7824937 ], [ -70.3745514, 18.7824423 ], [ -70.3745184, 18.7824238 ], [ -70.3744728, 18.7824669 ], [ -70.3743818, 18.7825243 ], [ -70.3743609, 18.7825728 ], [ -70.374359, 18.7826518 ], [ -70.3743628, 18.7827183 ], [ -70.3743818, 18.7827721 ], [ -70.3744311, 18.782808 ], [ -70.3744766, 18.7828476 ], [ -70.374562, 18.7829194 ], [ -70.3746094, 18.7829607 ], [ -70.3746511, 18.7830469 ], [ -70.3746758, 18.783142 ], [ -70.3746947, 18.7832157 ], [ -70.3746947, 18.7832947 ], [ -70.3746947, 18.7833808 ], [ -70.3746682, 18.7834455 ], [ -70.3745919, 18.7835328 ], [ -70.3745217, 18.7835962 ], [ -70.3744324, 18.7836295 ], [ -70.3742889, 18.7836536 ], [ -70.3741677, 18.7836868 ], [ -70.3740433, 18.7836868 ], [ -70.3738774, 18.7836929 ], [ -70.3736988, 18.7836838 ], [ -70.3736095, 18.7836959 ], [ -70.3734468, 18.7836747 ], [ -70.3732905, 18.7836747 ], [ -70.37308, 18.7836506 ], [ -70.3727674, 18.7836204 ], [ -70.3724835, 18.7835902 ], [ -70.372273, 18.7835691 ], [ -70.3721007, 18.7835026 ], [ -70.3719285, 18.7834754 ], [ -70.3718137, 18.7834785 ], [ -70.3716478, 18.7834664 ], [ -70.3715075, 18.7834392 ], [ -70.3712172, 18.7833607 ], [ -70.3710673, 18.7833093 ], [ -70.370911, 18.7832308 ], [ -70.3707706, 18.7831735 ], [ -70.3706845, 18.7831614 ], [ -70.3703942, 18.7831916 ], [ -70.3700689, 18.7831886 ], [ -70.3696191, 18.7831855 ], [ -70.3694182, 18.7831946 ], [ -70.3691981, 18.7832127 ], [ -70.3690546, 18.7832369 ], [ -70.3688983, 18.7832459 ], [ -70.3686941, 18.7832339 ], [ -70.3683815, 18.7831946 ], [ -70.3681136, 18.7831614 ], [ -70.3679796, 18.7831282 ], [ -70.3678648, 18.7830859 ], [ -70.3677755, 18.7829862 ], [ -70.3677308, 18.7829107 ], [ -70.3676671, 18.7828836 ], [ -70.3676798, 18.7828141 ], [ -70.3676447, 18.7827809 ], [ -70.367565, 18.7827567 ], [ -70.3673513, 18.7828081 ], [ -70.367179, 18.7828262 ], [ -70.3669908, 18.7828564 ], [ -70.3668122, 18.7829077 ], [ -70.3665826, 18.7829802 ], [ -70.3663688, 18.7830376 ], [ -70.3661966, 18.7830738 ], [ -70.3660371, 18.7830949 ], [ -70.3658362, 18.7830949 ], [ -70.3656352, 18.7830919 ], [ -70.365396, 18.7830829 ], [ -70.3651536, 18.7830194 ], [ -70.3648474, 18.7829439 ], [ -70.3645858, 18.7828745 ], [ -70.3642796, 18.782802 ], [ -70.3640053, 18.7827295 ], [ -70.3637597, 18.7826631 ], [ -70.3636531, 18.7826354 ], [ -70.3635799, 18.782617 ], [ -70.3633992, 18.7826299 ] ] ] } },
{ "type": "Feature", "properties": { "osm_id": "way/659593664", "highway": "unclassified", "surf_class": "unknown" }, "geometry": { "type": "MultiLineString", "coordinates": [ [ [ -70.3633992, 18.7826299 ], [ -70.3632665, 18.7827808 ], [ -70.3628646, 18.783276 ], [ -70.3625074, 18.7836928 ], [ -70.3622267, 18.7840431 ], [ -70.3620736, 18.7842061 ], [ -70.3619651, 18.7842907 ], [ -70.3617929, 18.7843305 ], [ -70.361391, 18.7844272 ], [ -70.3606318, 18.7846688 ], [ -70.360147, 18.7848258 ], [ -70.3597961, 18.785013 ], [ -70.359324, 18.7852848 ], [ -70.3591071, 18.785466 ], [ -70.3589668, 18.7855928 ], [ -70.3588392, 18.7858404 ], [ -70.3587244, 18.7861485 ], [ -70.3586223, 18.7864867 ], [ -70.3584054, 18.7869578 ], [ -70.3582204, 18.7873745 ], [ -70.3578695, 18.7880086 ], [ -70.3575761, 18.7885643 ], [ -70.3574612, 18.7887998 ], [ -70.357474, 18.7889327 ], [ -70.3575059, 18.7890716 ], [ -70.3575952, 18.7891924 ], [ -70.3577228, 18.7893192 ], [ -70.3577994, 18.7893615 ], [ -70.3578823, 18.7893675 ], [ -70.3579588, 18.7893554 ], [ -70.358214, 18.7889629 ], [ -70.3587052, 18.7881415 ], [ -70.3588966, 18.7880267 ], [ -70.359037, 18.7879784 ], [ -70.3592028, 18.7880449 ], [ -70.3593878, 18.7881717 ], [ -70.3595537, 18.7883529 ], [ -70.3597323, 18.7885461 ], [ -70.3598532, 18.7886805 ], [ -70.3599875, 18.78883 ], [ -70.360013, 18.7889508 ], [ -70.360013, 18.7891501 ], [ -70.359962, 18.7893494 ], [ -70.3597706, 18.7896816 ], [ -70.359592, 18.7901647 ], [ -70.3594006, 18.7905814 ], [ -70.3591454, 18.7909559 ], [ -70.3590051, 18.7912216 ], [ -70.3589604, 18.7914451 ], [ -70.3589094, 18.7917833 ], [ -70.3588328, 18.7922121 ], [ -70.3586733, 18.792514 ], [ -70.3581438, 18.7938608 ], [ -70.3580782, 18.7940037 ], [ -70.3578887, 18.7944164 ], [ -70.3577866, 18.7946821 ], [ -70.3577655, 18.7947433 ], [ -70.3576718, 18.7950143 ], [ -70.3576644, 18.795062 ], [ -70.357608, 18.795425 ], [ -70.3575506, 18.7957813 ], [ -70.3574676, 18.7962403 ], [ -70.3574485, 18.7964335 ], [ -70.3574804, 18.7966449 ], [ -70.3576718, 18.7971642 ], [ -70.3578695, 18.7977078 ], [ -70.3580099, 18.7981245 ], [ -70.3584182, 18.7990424 ], [ -70.3585202, 18.7993866 ], [ -70.3586351, 18.7998818 ], [ -70.3587116, 18.8003831 ], [ -70.3588456, 18.8012648 ], [ -70.3588775, 18.8016754 ], [ -70.3588902, 18.8020499 ], [ -70.358852, 18.8023699 ], [ -70.3587626, 18.8029678 ], [ -70.3586925, 18.8037226 ], [ -70.3586159, 18.8042118 ], [ -70.3584883, 18.8052444 ], [ -70.3584182, 18.805794 ], [ -70.3583607, 18.8064824 ], [ -70.3582523, 18.807044 ], [ -70.3582714, 18.8073882 ], [ -70.3583735, 18.8078653 ], [ -70.3584309, 18.8081793 ], [ -70.3584437, 18.8084027 ], [ -70.3582842, 18.8087892 ], [ -70.3579652, 18.8095441 ], [ -70.3577994, 18.8101117 ], [ -70.3577547, 18.8103955 ], [ -70.3579319, 18.8109548 ], [ -70.3580942, 18.8114672 ], [ -70.3581754, 18.8119711 ], [ -70.3581754, 18.8124749 ], [ -70.3580311, 18.8128251 ], [ -70.3578236, 18.8133033 ], [ -70.3575168, 18.8138157 ], [ -70.3571379, 18.8142512 ], [ -70.356768, 18.8145501 ], [ -70.356353, 18.8147209 ], [ -70.355947, 18.8148832 ], [ -70.3557305, 18.8150027 ], [ -70.3556042, 18.8152077 ], [ -70.3556042, 18.8154468 ], [ -70.3556674, 18.8158994 ], [ -70.3556042, 18.8162581 ], [ -70.3556403, 18.8164972 ], [ -70.3558388, 18.8170608 ], [ -70.3561094, 18.8177013 ], [ -70.3563891, 18.818077 ], [ -70.3565806, 18.818313 ], [ -70.3568964, 18.8184753 ], [ -70.3571851, 18.8185436 ], [ -70.3575911, 18.8186461 ], [ -70.357979, 18.8187485 ], [ -70.358367, 18.8188169 ], [ -70.3588, 18.8189193 ], [ -70.3591248, 18.8190047 ], [ -70.3594586, 18.8191584 ], [ -70.3598917, 18.8194317 ], [ -70.3602796, 18.8196708 ], [ -70.3608931, 18.8200807 ], [ -70.3615968, 18.8205162 ], [ -70.3621832, 18.8209346 ], [ -70.3625621, 18.8212933 ], [ -70.3628147, 18.8216434 ], [ -70.3631305, 18.8219081 ], [ -70.3635365, 18.8224205 ], [ -70.3635545, 18.8226511 ], [ -70.3636177, 18.8238551 ], [ -70.3636357, 18.8251189 ], [ -70.3637079, 18.8254434 ], [ -70.3639334, 18.8260155 ], [ -70.3641951, 18.8265791 ], [ -70.3654672, 18.829491 ], [ -70.3663152, 18.8314208 ], [ -70.3666039, 18.8321722 ], [ -70.3668114, 18.832898 ], [ -70.3669828, 18.8331627 ], [ -70.3671903, 18.8333249 ], [ -70.367479, 18.8334018 ], [ -70.3678399, 18.8334445 ], [ -70.3681917, 18.8335555 ], [ -70.3685526, 18.8337263 ], [ -70.3689406, 18.8339397 ], [ -70.3692744, 18.8341617 ], [ -70.3695721, 18.8344435 ], [ -70.3698608, 18.8346826 ], [ -70.3702307, 18.8350242 ], [ -70.3703841, 18.8353999 ], [ -70.3704382, 18.8356389 ], [ -70.3703389, 18.8358183 ], [ -70.3701585, 18.8360232 ], [ -70.3698157, 18.8362281 ], [ -70.3688684, 18.8366977 ], [ -70.3683181, 18.836971 ], [ -70.3675692, 18.8373381 ], [ -70.3668836, 18.8377138 ], [ -70.366225, 18.8380383 ], [ -70.365828, 18.8382347 ], [ -70.3656295, 18.8383713 ], [ -70.3653499, 18.838636 ], [ -70.3647183, 18.8393789 ], [ -70.3634372, 18.8408902 ], [ -70.3628869, 18.8415989 ], [ -70.3626253, 18.8419148 ], [ -70.3623907, 18.8421112 ], [ -70.3621561, 18.8422051 ], [ -70.3615517, 18.8424612 ], [ -70.3609111, 18.8427345 ], [ -70.3605683, 18.8429308 ], [ -70.3600992, 18.8432211 ], [ -70.3595037, 18.8438786 ], [ -70.3587037, 18.8448855 ], [ -70.3586286, 18.84498 ], [ -70.3580151, 18.8458253 ], [ -70.3572483, 18.8467987 ], [ -70.3568603, 18.8472683 ], [ -70.3566438, 18.8476696 ], [ -70.3565601, 18.8478623 ], [ -70.3564363, 18.8481477 ], [ -70.3562107, 18.8487966 ], [ -70.3561716, 18.8489175 ], [ -70.3560754, 18.8492149 ], [ -70.3560675, 18.8492365 ], [ -70.3559449, 18.8495724 ], [ -70.355904, 18.8496845 ], [ -70.3558228, 18.8500175 ], [ -70.3558318, 18.8503932 ], [ -70.3559039, 18.8507753 ], [ -70.355922, 18.8508713 ], [ -70.3560213, 18.8512982 ], [ -70.3559852, 18.8517763 ], [ -70.3560303, 18.8526984 ], [ -70.3560393, 18.8535693 ], [ -70.3560032, 18.8542438 ], [ -70.3559401, 18.8546109 ], [ -70.3557687, 18.8549353 ], [ -70.3555612, 18.8553024 ], [ -70.3553356, 18.8556354 ], [ -70.3552749, 18.8557081 ], [ -70.3550199, 18.8559342 ], [ -70.3540996, 18.8568392 ], [ -70.3536937, 18.8572746 ], [ -70.3532335, 18.8578552 ], [ -70.3527103, 18.8584784 ], [ -70.3524125, 18.8588029 ], [ -70.3516818, 18.8597249 ], [ -70.3506998, 18.8607413 ] ] ] } },
{ "type": "Feature", "properties": { "osm_id": "way/710001937", "highway": "residential", "surf_class": "unknown" }, "geometry": { "type": "MultiLineString", "coordinates": [ [ [ -70.3346634, 18.7645536 ], [ -70.3349989, 18.7647999 ], [ -70.3350926, 18.7648686 ], [ -70.3352535, 18.7649752 ], [ -70.3354832, 18.7650878 ] ] ] } },
{ "type": "Feature", "properties": { "osm_id": "way/710001938", "highway": "residential", "surf_class": "unknown" }, "geometry": { "type": "MultiLineString", "coordinates": [ [ [ -70.3337041, 18.7660157 ], [ -70.3338967, 18.7659095 ], [ -70.3339315, 18.7658803 ], [ -70.3339583, 18.7658448 ], [ -70.3339825, 18.7657356 ], [ -70.3339899, 18.7656975 ], [ -70.334014, 18.7656518 ], [ -70.3343292, 18.7653521 ], [ -70.334358, 18.7653223 ], [ -70.3343949, 18.7652892 ], [ -70.3344894, 18.765347 ], [ -70.3345263, 18.7653661 ], [ -70.3345645, 18.7653705 ], [ -70.3346115, 18.765354 ], [ -70.3346537, 18.7653096 ], [ -70.3346872, 18.7652651 ], [ -70.3347275, 18.7651699 ], [ -70.3347945, 18.7650899 ], [ -70.3349219, 18.7649743 ], [ -70.3350926, 18.7648686 ] ] ] } },
{ "type": "Feature", "properties": { "osm_id": "way/710001939", "highway": "residential", "surf_class": "unknown" }, "geometry": { "type": "MultiLineString", "coordinates": [ [ [ -70.3357116, 18.7636676 ], [ -70.3357788, 18.7634751 ], [ -70.3358564, 18.7633264 ], [ -70.3359765, 18.7632022 ], [ -70.3362962, 18.7630535 ], [ -70.3364698, 18.7629888 ], [ -70.3366453, 18.7629888 ], [ -70.3369225, 18.76298 ], [ -70.3370666, 18.7629293 ], [ -70.3372236, 18.7628191 ], [ -70.337353, 18.7626651 ], [ -70.337449, 18.7625759 ], [ -70.337632, 18.7624744 ], [ -70.3379637, 18.7622946 ] ] ] } },
{ "type": "Feature", "properties": { "osm_id": "way/710001941", "highway": "residential", "surf_class": "unknown" }, "geometry": { "type": "MultiLineString", "coordinates": [ [ [ -70.4154412, 18.7175303 ], [ -70.4155963, 18.7176475 ], [ -70.4157146, 18.717819 ], [ -70.4158291, 18.717917 ], [ -70.4159382, 18.717966 ], [ -70.4162208, 18.71798 ], [ -70.4164887, 18.7180255 ], [ -70.4168897, 18.7181392 ], [ -70.4170301, 18.7182512 ], [ -70.4174218, 18.7184787 ], [ -70.4175492, 18.7185504 ], [ -70.4177395, 18.7186239 ], [ -70.4179631, 18.7187884 ], [ -70.4181479, 18.7189932 ], [ -70.4182532, 18.7191279 ], [ -70.4183289, 18.7193239 ], [ -70.418377, 18.7195531 ], [ -70.4184587, 18.7197264 ] ] ] } },
{ "type": "Feature", "properties": { "osm_id": "way/710001942", "highway": "residential", "surf_class": "unknown" }, "geometry": { "type": "MultiLineString", "coordinates": [ [ [ -70.4153638, 18.7191119 ], [ -70.4157526, 18.7192586 ], [ -70.4158923, 18.7192874 ], [ -70.4162143, 18.7193133 ], [ -70.4166091, 18.7193909 ], [ -70.4168248, 18.7194542 ], [ -70.4172014, 18.719621 ], [ -70.4174973, 18.7198232 ], [ -70.4176396, 18.7199421 ], [ -70.4176893, 18.7200349 ] ] ] } },
{ "type": "Feature", "properties": { "osm_id": "way/710001943", "highway": "residential", "surf_class": "unknown" }, "geometry": { "type": "MultiLineString", "coordinates": [ [ [ -70.4252591, 18.6971154 ], [ -70.4257959, 18.6970766 ], [ -70.4259428, 18.6970364 ], [ -70.4260505, 18.6970318 ], [ -70.4261481, 18.6970779 ], [ -70.4262985, 18.6971523 ], [ -70.4265287, 18.6971943 ], [ -70.4268174, 18.6973008 ], [ -70.4270476, 18.6972874 ], [ -70.4272382, 18.6973395 ], [ -70.4273061, 18.6974153 ], [ -70.4273372, 18.6974492 ], [ -70.4272888, 18.6975015 ], [ -70.4273009, 18.6976239 ], [ -70.4273471, 18.6976888 ], [ -70.4275174, 18.6978432 ], [ -70.4276807, 18.6979574 ], [ -70.4277611, 18.6980584 ], [ -70.4278481, 18.6982019 ], [ -70.4279768, 18.6986111 ], [ -70.427984, 18.6986639 ], [ -70.4279658, 18.6987025 ], [ -70.4279538, 18.6988331 ], [ -70.4280266, 18.6990804 ], [ -70.4280475, 18.6991898 ], [ -70.4280496, 18.6993185 ], [ -70.4279955, 18.6995912 ], [ -70.4278976, 18.700041 ], [ -70.4278868, 18.700096 ], [ -70.4278388, 18.7003995 ], [ -70.4278355, 18.7005726 ], [ -70.4278485, 18.7006952 ], [ -70.4278753, 18.7007889 ], [ -70.4280972, 18.7013095 ], [ -70.4282262, 18.7015348 ], [ -70.4283297, 18.7016687 ], [ -70.4286324, 18.7019333 ], [ -70.4292565, 18.7024108 ], [ -70.4294161, 18.7025114 ], [ -70.430041, 18.7026678 ], [ -70.4303274, 18.7027477 ], [ -70.4305615, 18.7027806 ], [ -70.430671, 18.7027981 ], [ -70.4307599, 18.7028762 ], [ -70.430903, 18.7030275 ], [ -70.4309621, 18.7031184 ], [ -70.4309911, 18.7032083 ], [ -70.4310782, 18.7035179 ], [ -70.4312193, 18.7038093 ], [ -70.4312952, 18.7038742 ], [ -70.4313878, 18.7039331 ], [ -70.4314991, 18.7040196 ], [ -70.431564, 18.7041004 ] ] ] } },
{ "type": "Feature", "properties": { "osm_id": "way/710001944", "highway": "residential", "surf_class": "unknown" }, "geometry": { "type": "MultiLineString", "coordinates": [ [ [ -70.4222564, 18.7000335 ], [ -70.4224956, 18.7000919 ], [ -70.4226922, 18.7000291 ], [ -70.4227894, 18.700038 ], [ -70.42314, 18.6998518 ], [ -70.423301, 18.6997912 ], [ -70.4233721, 18.6997508 ], [ -70.4234906, 18.6997037 ], [ -70.4236753, 18.6997284 ], [ -70.4239525, 18.6997777 ], [ -70.4241183, 18.6998495 ], [ -70.4243504, 18.6999707 ], [ -70.4245565, 18.7001457 ], [ -70.4247034, 18.700305 ], [ -70.4247887, 18.7004554 ], [ -70.4249, 18.7005541 ], [ -70.4250872, 18.7006775 ], [ -70.425298, 18.700765 ], [ -70.4254093, 18.7008032 ], [ -70.4254686, 18.7007987 ], [ -70.4255491, 18.7007583 ], [ -70.4257812, 18.7004083 ], [ -70.425857, 18.7003118 ], [ -70.4259423, 18.7002714 ], [ -70.4261034, 18.7002691 ], [ -70.4261745, 18.7002848 ], [ -70.4262479, 18.7003163 ], [ -70.4263166, 18.7003208 ], [ -70.4264635, 18.7002467 ], [ -70.4265819, 18.7001929 ], [ -70.4267323, 18.7001786 ], [ -70.4278868, 18.700096 ] ] ] } },
{ "type": "Feature", "properties": { "osm_id": "way/710001945", "highway": "residential", "surf_class": "unknown" }, "geometry": { "type": "MultiLineString", "coordinates": [ [ [ -70.4265819, 18.7001929 ], [ -70.4268567, 18.7004374 ], [ -70.4270604, 18.7005429 ], [ -70.4273613, 18.7006439 ], [ -70.4278753, 18.7007889 ] ] ] } },
{ "type": "Feature", "properties": { "osm_id": "way/710001946", "highway": "residential", "surf_class": "unknown" }, "geometry": { "type": "MultiLineString", "coordinates": [ [ [ -70.4265283, 18.6991906 ], [ -70.426734, 18.699455 ], [ -70.4268434, 18.6994864 ], [ -70.4269376, 18.6994863 ], [ -70.4270484, 18.6994497 ], [ -70.4272116, 18.6993774 ], [ -70.4276026, 18.6990962 ], [ -70.4278337, 18.6989418 ], [ -70.4278931, 18.698929 ], [ -70.427947, 18.6989593 ], [ -70.4280266, 18.6990804 ] ] ] } },
{ "type": "Feature", "properties": { "osm_id": "way/710001947", "highway": "unclassified", "surf_class": "unknown" }, "geometry": { "type": "MultiLineString", "coordinates": [ [ [ -70.4565741, 18.6262841 ], [ -70.456637, 18.6264895 ], [ -70.4567248, 18.6267532 ], [ -70.4567583, 18.6269931 ], [ -70.4567541, 18.627227 ], [ -70.4566558, 18.628087 ], [ -70.4565246, 18.62862 ], [ -70.4564131, 18.6290013 ], [ -70.456388, 18.6291203 ], [ -70.4563867, 18.6294431 ], [ -70.456417, 18.6295278 ], [ -70.4564746, 18.6295783 ], [ -70.4567038, 18.6296739 ], [ -70.4570024, 18.629789 ], [ -70.457215, 18.6298538 ], [ -70.4579254, 18.6300411 ] ] ] } },
{ "type": "Feature", "properties": { "osm_id": "way/710001948", "highway": "residential", "surf_class": "unknown" }, "geometry": { "type": "MultiLineString", "coordinates": [ [ [ -70.4531687, 18.6200869 ], [ -70.4535443, 18.620088 ], [ -70.4538347, 18.6200586 ], [ -70.4541121, 18.6199844 ], [ -70.4545217, 18.6198158 ], [ -70.4547974, 18.6196782 ], [ -70.4549345, 18.6196612 ], [ -70.455176, 18.6197463 ], [ -70.4553652, 18.6198854 ], [ -70.4555937, 18.6200988 ], [ -70.4558857, 18.6204374 ], [ -70.4559011, 18.6204605 ], [ -70.4561154, 18.6207824 ], [ -70.456246, 18.6210674 ], [ -70.4563766, 18.621502 ], [ -70.4564799, 18.6217063 ], [ -70.4567927, 18.6222561 ], [ -70.4568443, 18.6226187 ], [ -70.456981, 18.6231195 ], [ -70.456981, 18.6232692 ], [ -70.456896, 18.6234793 ], [ -70.4568018, 18.6236002 ], [ -70.45641, 18.6239053 ], [ -70.4562794, 18.6240434 ], [ -70.4562126, 18.6241989 ], [ -70.4562065, 18.6244377 ], [ -70.4557652, 18.6251894 ] ] ] } },
{ "type": "Feature", "properties": { "osm_id": "way/710001949", "highway": "unclassified", "surf_class": "unknown" }, "geometry": { "type": "MultiLineString", "coordinates": [ [ [ -70.456981, 18.6231195 ], [ -70.4579165, 18.6225532 ] ] ] } },
{ "type": "Feature", "properties": { "osm_id": "way/710001950", "highway": "unclassified", "surf_class": "unknown" }, "geometry": { "type": "MultiLineString", "coordinates": [ [ [ -70.4567927, 18.6222561 ], [ -70.4573364, 18.6224236 ], [ -70.4576675, 18.6225071 ], [ -70.4579165, 18.6225532 ], [ -70.4582233, 18.6225877 ], [ -70.4585361, 18.6226021 ], [ -70.4588945, 18.6224927 ], [ -70.4591952, 18.6223949 ], [ -70.4595384, 18.6223258 ], [ -70.4600973, 18.622274 ], [ -70.4603554, 18.6223028 ], [ -70.4608535, 18.6222366 ], [ -70.4612879, 18.6221617 ], [ -70.4615308, 18.6220955 ], [ -70.4616797, 18.621989 ] ] ] } },
{ "type": "Feature", "properties": { "osm_id": "way/755420544", "name": "Carretera Blas Olivo", "highway": "secondary", "surface": "asphalt", "ref": "RD-201", "surf_class": "paved" }, "geometry": { "type": "MultiLineString", "coordinates": [ [ [ -70.4226271, 18.7064738 ], [ -70.4227562, 18.706423 ], [ -70.4228031, 18.7063992 ], [ -70.4232925, 18.7061563 ], [ -70.4235513, 18.7060325 ], [ -70.4250915, 18.7052302 ], [ -70.4266729, 18.704506 ], [ -70.4268156, 18.7044721 ], [ -70.42692, 18.7044473 ], [ -70.4271704, 18.7044591 ], [ -70.4273377, 18.7044872 ], [ -70.4277975, 18.7045894 ], [ -70.4280414, 18.7046325 ], [ -70.428492, 18.7047336 ], [ -70.4287497, 18.704779 ], [ -70.4292074, 18.7048798 ], [ -70.4296215, 18.7049644 ], [ -70.4296544, 18.7049711 ], [ -70.4297215, 18.704984 ], [ -70.4301228, 18.7050614 ], [ -70.4313567, 18.7052989 ], [ -70.4350939, 18.7050615 ], [ -70.4351421, 18.7050584 ] ] ] } },
{ "type": "Feature", "properties": { "osm_id": "way/755420545", "name": "Carretera Blas Olivo", "highway": "secondary", "surface": "asphalt", "ref": "RD-201", "surf_class": "paved" }, "geometry": { "type": "MultiLineString", "coordinates": [ [ [ -70.4220895, 18.706754 ], [ -70.4226271, 18.7064738 ] ] ] } },
{ "type": "Feature", "properties": { "osm_id": "way/755425324", "highway": "track", "surf_class": "unpaved (assumed)" }, "geometry": { "type": "MultiLineString", "coordinates": [ [ [ -70.386202, 18.705747 ], [ -70.386212, 18.7058026 ], [ -70.3861987, 18.7058751 ], [ -70.3862253, 18.7059476 ], [ -70.3862852, 18.7060421 ], [ -70.3863251, 18.7061398 ], [ -70.3863118, 18.7062564 ], [ -70.3863184, 18.7063824 ], [ -70.3863351, 18.7064612 ], [ -70.3863883, 18.7065274 ], [ -70.3864249, 18.7066188 ], [ -70.3863617, 18.7067354 ], [ -70.3862985, 18.7068583 ], [ -70.3862519, 18.7069623 ], [ -70.386192, 18.7070001 ], [ -70.3860656, 18.7070253 ], [ -70.3860157, 18.7070064 ], [ -70.3859857, 18.7069812 ], [ -70.3859092, 18.7070379 ], [ -70.3857562, 18.7070537 ], [ -70.3856264, 18.7071009 ], [ -70.3856763, 18.707186 ], [ -70.3857528, 18.7072459 ], [ -70.3857994, 18.7073436 ], [ -70.3858427, 18.707457 ], [ -70.385866, 18.707539 ], [ -70.3857761, 18.7076335 ], [ -70.3857063, 18.7077406 ], [ -70.3856564, 18.7078257 ], [ -70.3856697, 18.7079014 ], [ -70.3857429, 18.7080117 ], [ -70.3857961, 18.7080936 ], [ -70.3858759, 18.7082575 ], [ -70.3859425, 18.7084056 ], [ -70.386002, 18.7087271 ], [ -70.3859972, 18.7088598 ], [ -70.3860407, 18.7090199 ], [ -70.3861035, 18.7091206 ], [ -70.3862001, 18.7092441 ], [ -70.3862725, 18.7093539 ], [ -70.3862967, 18.7094774 ], [ -70.3862725, 18.7095689 ], [ -70.3862387, 18.7096329 ], [ -70.38606, 18.7095872 ], [ -70.3859392, 18.7096329 ], [ -70.3858233, 18.7095918 ], [ -70.3856977, 18.7095963 ], [ -70.3855818, 18.7096878 ], [ -70.3854562, 18.7097107 ], [ -70.3852534, 18.7097427 ], [ -70.3851423, 18.70988 ], [ -70.3850408, 18.7100172 ], [ -70.3850263, 18.7102185 ], [ -70.3851084, 18.7103055 ], [ -70.3851326, 18.7104336 ], [ -70.3850988, 18.7105113 ], [ -70.3851423, 18.7105708 ], [ -70.3852292, 18.7106028 ], [ -70.3853789, 18.7106806 ], [ -70.3854659, 18.7107401 ], [ -70.38549, 18.7108224 ], [ -70.3854755, 18.7110008 ], [ -70.3854272, 18.7112387 ], [ -70.3854031, 18.7113897 ], [ -70.3853596, 18.7115453 ], [ -70.3853017, 18.7116505 ], [ -70.3853258, 18.7117191 ], [ -70.3854079, 18.7118015 ], [ -70.385548, 18.7119021 ], [ -70.3856639, 18.7119845 ], [ -70.3856977, 18.7120759 ], [ -70.3857509, 18.7121766 ], [ -70.3857798, 18.7122955 ], [ -70.3858378, 18.7123779 ], [ -70.3859489, 18.7124419 ], [ -70.3860455, 18.7125106 ], [ -70.3861083, 18.7125426 ], [ -70.3862291, 18.712538 ], [ -70.3863981, 18.7124831 ], [ -70.3865237, 18.7124785 ], [ -70.3867266, 18.7124968 ], [ -70.3868908, 18.7125106 ], [ -70.3870164, 18.7125197 ], [ -70.3871323, 18.7125289 ], [ -70.3872386, 18.7125151 ], [ -70.3873545, 18.7124785 ], [ -70.3874656, 18.7124648 ], [ -70.3876105, 18.7124694 ], [ -70.3877312, 18.7124511 ] ] ] } },
{ "type": "Feature", "properties": { "osm_id": "way/755425325", "highway": "unclassified", "surf_class": "unknown" }, "geometry": { "type": "MultiLineString", "coordinates": [ [ [ -70.3874934, 18.7054602 ], [ -70.3874131, 18.7054167 ], [ -70.3873456, 18.7053503 ], [ -70.3872911, 18.7052692 ], [ -70.3872444, 18.7051463 ], [ -70.3871925, 18.7049349 ], [ -70.3871328, 18.7047629 ], [ -70.3870679, 18.7046129 ], [ -70.3869979, 18.704404 ], [ -70.3868785, 18.7041607 ], [ -70.3868162, 18.7040599 ], [ -70.3867436, 18.7040132 ], [ -70.386606, 18.7039346 ], [ -70.3863569, 18.7038731 ], [ -70.3861286, 18.7038854 ], [ -70.3858328, 18.70391 ], [ -70.3856304, 18.7038903 ], [ -70.3854591, 18.7038633 ], [ -70.385293, 18.7038117 ], [ -70.3849998, 18.7037871 ], [ -70.3847377, 18.703792 ], [ -70.3845872, 18.7037674 ], [ -70.3844497, 18.7037035 ], [ -70.3843433, 18.7036028 ], [ -70.3842836, 18.7035118 ], [ -70.3842525, 18.7033717 ], [ -70.3842732, 18.7032439 ], [ -70.3842914, 18.7030841 ], [ -70.3842836, 18.7029858 ], [ -70.3842343, 18.7028875 ], [ -70.3841227, 18.7028015 ], [ -70.3839956, 18.7026688 ], [ -70.3839229, 18.7026098 ], [ -70.3838477, 18.7026196 ], [ -70.383762, 18.7026393 ], [ -70.3836842, 18.7026737 ], [ -70.3836349, 18.7026589 ], [ -70.3835804, 18.7026122 ], [ -70.3835155, 18.7025115 ], [ -70.3834169, 18.702364 ], [ -70.3833494, 18.702278 ], [ -70.3832508, 18.7022214 ], [ -70.3831055, 18.7021747 ], [ -70.3829109, 18.7020936 ], [ -70.3827059, 18.7019904 ], [ -70.3824853, 18.7019044 ], [ -70.3823296, 18.7018159 ], [ -70.3822129, 18.7016954 ], [ -70.382148, 18.7015602 ], [ -70.3820675, 18.7014029 ], [ -70.382039, 18.7013169 ], [ -70.3819586, 18.7012481 ], [ -70.3818885, 18.7012333 ], [ -70.3817743, 18.7012604 ], [ -70.381712, 18.7013194 ], [ -70.3816355, 18.7013798 ], [ -70.3815689, 18.701405 ], [ -70.3814458, 18.7014239 ], [ -70.3812396, 18.7014491 ], [ -70.3810499, 18.7014775 ], [ -70.3809301, 18.7015153 ], [ -70.380817, 18.7015531 ], [ -70.3806839, 18.7015815 ], [ -70.3805841, 18.7015878 ], [ -70.3805109, 18.7015657 ], [ -70.3804544, 18.7015374 ], [ -70.3803779, 18.7014806 ], [ -70.3802913, 18.7013703 ], [ -70.3802348, 18.7012128 ], [ -70.3801283, 18.7010237 ], [ -70.3800585, 18.7009039 ], [ -70.3799686, 18.700781 ], [ -70.3799187, 18.7007117 ], [ -70.3798821, 18.7006644 ], [ -70.3798322, 18.7005384 ], [ -70.3797557, 18.7002989 ], [ -70.379616, 18.6999774 ], [ -70.3794762, 18.6996686 ], [ -70.3794064, 18.6994543 ], [ -70.3793598, 18.6992463 ], [ -70.3792899, 18.6991076 ], [ -70.3791502, 18.6989469 ], [ -70.3790038, 18.6988019 ], [ -70.3788607, 18.6987042 ], [ -70.3787043, 18.698616 ], [ -70.3785846, 18.6985656 ], [ -70.3784981, 18.698553 ], [ -70.3783816, 18.6985719 ], [ -70.3782485, 18.698575 ], [ -70.3781055, 18.6985719 ], [ -70.3779158, 18.6984963 ], [ -70.3778426, 18.6984175 ], [ -70.3777694, 18.6983292 ], [ -70.3777229, 18.6981874 ], [ -70.377633, 18.6979416 ], [ -70.3775798, 18.6978155 ], [ -70.3774833, 18.6976138 ], [ -70.3774001, 18.6974594 ], [ -70.3773469, 18.6972829 ], [ -70.377297, 18.6971065 ], [ -70.3773236, 18.6969867 ], [ -70.3773569, 18.6968323 ], [ -70.3773702, 18.6966243 ], [ -70.3773602, 18.6963816 ], [ -70.3773103, 18.69612 ], [ -70.3772837, 18.695953 ], [ -70.3772504, 18.695827 ], [ -70.3771573, 18.6957419 ], [ -70.376961, 18.6955937 ], [ -70.3768046, 18.6954456 ], [ -70.3767247, 18.6953637 ], [ -70.3766748, 18.6952628 ], [ -70.3766782, 18.695058 ], [ -70.3766516, 18.6948531 ], [ -70.3766083, 18.6947113 ], [ -70.3765018, 18.6944718 ], [ -70.3764054, 18.6943079 ], [ -70.3763255, 18.694185 ], [ -70.376229, 18.6940558 ] ] ] } },
{ "type": "Feature", "properties": { "osm_id": "way/755425326", "highway": "track", "surf_class": "unpaved (assumed)" }, "geometry": { "type": "MultiLineString", "coordinates": [ [ [ -70.3811259, 18.6889569 ], [ -70.380945, 18.6890461 ], [ -70.3807454, 18.6891067 ], [ -70.3805457, 18.6892031 ], [ -70.3802971, 18.6892816 ], [ -70.3800522, 18.689378 ], [ -70.3798261, 18.6894529 ], [ -70.3796001, 18.6894707 ], [ -70.3794871, 18.6895207 ], [ -70.3793326, 18.6895849 ], [ -70.3792648, 18.6895956 ], [ -70.3791857, 18.6896456 ], [ -70.3790501, 18.6897313 ], [ -70.3789672, 18.6898526 ], [ -70.3788504, 18.6900774 ], [ -70.3786884, 18.6902844 ], [ -70.3785603, 18.690445 ], [ -70.3784511, 18.6905342 ], [ -70.3782665, 18.6906305 ], [ -70.3780103, 18.6906591 ], [ -70.3779312, 18.6906555 ], [ -70.3776449, 18.6907162 ], [ -70.3774791, 18.6907662 ], [ -70.3772606, 18.6907233 ], [ -70.3770798, 18.6906769 ], [ -70.3769781, 18.6906091 ], [ -70.3768726, 18.6905735 ], [ -70.3767633, 18.6905735 ], [ -70.3765599, 18.6907198 ], [ -70.376413, 18.6908839 ], [ -70.3762435, 18.6911052 ], [ -70.3763188, 18.6912158 ], [ -70.376364, 18.6912943 ], [ -70.376364, 18.6914335 ], [ -70.3763791, 18.6916583 ], [ -70.3763678, 18.6917689 ], [ -70.3762849, 18.691901 ], [ -70.3762585, 18.6920009 ], [ -70.3762811, 18.6921115 ], [ -70.3762585, 18.6922186 ], [ -70.3762623, 18.6923185 ], [ -70.3762284, 18.6925041 ], [ -70.376187, 18.692629 ], [ -70.3761493, 18.6927467 ], [ -70.3761493, 18.6928538 ], [ -70.3761757, 18.6929608 ], [ -70.376202, 18.6930358 ], [ -70.3762322, 18.6931107 ], [ -70.3762322, 18.6931928 ] ] ] } },
{ "type": "Feature", "properties": { "osm_id": "way/755425327", "highway": "track", "surf_class": "unpaved (assumed)" }, "geometry": { "type": "MultiLineString", "coordinates": [ [ [ -70.3767633, 18.6905735 ], [ -70.3768236, 18.6905128 ], [ -70.3768575, 18.6904485 ], [ -70.3768877, 18.6903344 ], [ -70.3769969, 18.6901916 ], [ -70.3771062, 18.690031 ], [ -70.3771627, 18.6899311 ], [ -70.3771928, 18.6898455 ], [ -70.3772569, 18.6897634 ], [ -70.3774641, 18.6896099 ], [ -70.3776072, 18.6895207 ], [ -70.3776675, 18.6895278 ], [ -70.3777165, 18.6895207 ], [ -70.377788, 18.6894886 ], [ -70.3779312, 18.6893673 ], [ -70.3780668, 18.6892245 ], [ -70.3781987, 18.6891032 ] ] ] } },
{ "type": "Feature", "properties": { "osm_id": "way/755425328", "highway": "track", "surf_class": "unpaved (assumed)" }, "geometry": { "type": "MultiLineString", "coordinates": [ [ [ -70.3762435, 18.6911052 ], [ -70.3761524, 18.6910293 ], [ -70.376016, 18.690941 ], [ -70.3758796, 18.6908402 ], [ -70.3757897, 18.6907456 ], [ -70.3756999, 18.690629 ], [ -70.3756866, 18.690503 ], [ -70.3757132, 18.6903612 ], [ -70.3757665, 18.6902414 ] ] ] } },
{ "type": "Feature", "properties": { "osm_id": "way/755425329", "highway": "unclassified", "surf_class": "unknown" }, "geometry": { "type": "MultiLineString", "coordinates": [ [ [ -70.374973, 18.6926926 ], [ -70.3750532, 18.6927143 ], [ -70.3751518, 18.6927317 ], [ -70.3752618, 18.6927578 ], [ -70.3753855, 18.6928033 ], [ -70.3754634, 18.6928316 ], [ -70.3755551, 18.6928402 ], [ -70.3756926, 18.6928424 ], [ -70.3758209, 18.6928402 ], [ -70.3758576, 18.6928489 ], [ -70.3759287, 18.6928815 ], [ -70.3759768, 18.6929271 ], [ -70.3760776, 18.6929944 ], [ -70.3761234, 18.6930269 ], [ -70.3761853, 18.6931072 ], [ -70.3762322, 18.6931928 ], [ -70.376277, 18.6932679 ], [ -70.3763251, 18.6933352 ], [ -70.3763664, 18.6933938 ], [ -70.3763939, 18.6934893 ], [ -70.3764396, 18.6935964 ], [ -70.3764259, 18.6936847 ], [ -70.3763526, 18.693828 ], [ -70.3763045, 18.6939408 ], [ -70.376229, 18.6940558 ], [ -70.3760914, 18.6940906 ], [ -70.3759447, 18.694134 ], [ -70.3757591, 18.694184 ], [ -70.3756078, 18.694223 ], [ -70.3754978, 18.6942708 ], [ -70.3753603, 18.6943077 ], [ -70.3751999, 18.6943316 ], [ -70.3750532, 18.694362 ], [ -70.3748516, 18.6944922 ], [ -70.3746934, 18.6946246 ], [ -70.3745582, 18.6946984 ], [ -70.3743107, 18.6947896 ], [ -70.3741663, 18.6948721 ], [ -70.3740907, 18.6948938 ], [ -70.3739005, 18.6948678 ], [ -70.3737493, 18.6948026 ], [ -70.3735911, 18.6947462 ], [ -70.3734811, 18.6947201 ], [ -70.3733872, 18.6947288 ], [ -70.3732726, 18.6948005 ], [ -70.3731649, 18.6948678 ], [ -70.3730182, 18.6948981 ], [ -70.3727615, 18.6949264 ], [ -70.3726149, 18.6949264 ], [ -70.3724407, 18.6949025 ], [ -70.3723467, 18.6948634 ], [ -70.3722413, 18.6948764 ], [ -70.3721084, 18.6949133 ], [ -70.3719595, 18.695011 ], [ -70.3718724, 18.6951174 ], [ -70.3717899, 18.6952216 ], [ -70.3716845, 18.6953149 ], [ -70.3714782, 18.6954039 ], [ -70.3711436, 18.6955385 ], [ -70.3708686, 18.6957013 ], [ -70.3707563, 18.6957751 ], [ -70.3706555, 18.6958772 ], [ -70.3705776, 18.6959466 ], [ -70.3705226, 18.6959922 ], [ -70.3704515, 18.6960117 ], [ -70.370353, 18.6959792 ], [ -70.3702361, 18.6959141 ], [ -70.3700757, 18.6957925 ], [ -70.3699794, 18.695697 ], [ -70.3699199, 18.6956254 ], [ -70.3698671, 18.6955429 ], [ -70.3697984, 18.6953909 ], [ -70.3697251, 18.6952824 ], [ -70.369599, 18.6952107 ], [ -70.369489, 18.695189 ], [ -70.3693699, 18.695163 ], [ -70.3692392, 18.6951196 ], [ -70.3690696, 18.6950414 ], [ -70.368939, 18.6949893 ], [ -70.3688359, 18.6949698 ], [ -70.3687144, 18.6949633 ], [ -70.3685632, 18.6949568 ], [ -70.3684142, 18.6949351 ], [ -70.3682653, 18.6948786 ], [ -70.3680819, 18.6947853 ], [ -70.3680109, 18.6947115 ], [ -70.3679123, 18.6945725 ], [ -70.3678482, 18.6944814 ], [ -70.3678069, 18.6943533 ], [ -70.3677565, 18.6942361 ], [ -70.3676419, 18.6941297 ], [ -70.3674678, 18.6940233 ], [ -70.367273, 18.6938909 ], [ -70.3671492, 18.6938019 ], [ -70.3670919, 18.6937281 ], [ -70.367053, 18.6936109 ], [ -70.36703, 18.6934719 ], [ -70.3670002, 18.6933395 ], [ -70.3669544, 18.6932375 ], [ -70.3668925, 18.6931507 ], [ -70.3668009, 18.6930638 ], [ -70.3666817, 18.6930031 ], [ -70.3665648, 18.692964 ], [ -70.3664457, 18.6929423 ], [ -70.3663082, 18.6929466 ], [ -70.3659896, 18.6929857 ], [ -70.3657559, 18.6930204 ], [ -70.3656092, 18.6930334 ], [ -70.3654877, 18.6929987 ], [ -70.3653227, 18.6929097 ], [ -70.3651898, 18.6928272 ], [ -70.3651073, 18.6927881 ], [ -70.3649973, 18.6927274 ], [ -70.3649354, 18.6926796 ], [ -70.3647773, 18.692634 ], [ -70.3646352, 18.6925949 ], [ -70.3644565, 18.692558 ], [ -70.3643534, 18.692456 ], [ -70.3642823, 18.6923735 ], [ -70.3641998, 18.6923106 ], [ -70.3640715, 18.6922454 ], [ -70.3639202, 18.6921825 ], [ -70.3637758, 18.6921239 ], [ -70.3636796, 18.6920718 ], [ -70.3635123, 18.6920132 ], [ -70.3633725, 18.6919871 ], [ -70.3632946, 18.6919915 ], [ -70.3632006, 18.6920284 ], [ -70.3631136, 18.6920631 ], [ -70.3627052, 18.6922641 ], [ -70.3623767, 18.6924095 ], [ -70.3620866, 18.6925429 ], [ -70.3618819, 18.6926116 ], [ -70.3617752, 18.6926358 ], [ -70.3616643, 18.6926196 ], [ -70.3616089, 18.6925509 ], [ -70.3615705, 18.6924742 ], [ -70.3615363, 18.6923327 ], [ -70.3615449, 18.6922398 ], [ -70.3616003, 18.6921267 ], [ -70.3616814, 18.6920297 ], [ -70.3617411, 18.6919287 ], [ -70.3617752, 18.6917226 ], [ -70.3618495, 18.6914969 ], [ -70.3618885, 18.691379 ], [ -70.3619741, 18.6912856 ], [ -70.3620182, 18.6912487 ], [ -70.362039, 18.6911823 ], [ -70.3620078, 18.6911159 ], [ -70.3619611, 18.6910619 ], [ -70.361943, 18.6910127 ], [ -70.3619611, 18.6909685 ], [ -70.3619248, 18.6908996 ], [ -70.3618495, 18.6908087 ], [ -70.3617847, 18.6907497 ], [ -70.3617639, 18.690703 ], [ -70.3617665, 18.6906563 ] ] ] } },
{ "type": "Feature", "properties": { "osm_id": "way/755425332", "highway": "track", "surf_class": "unpaved (assumed)" }, "geometry": { "type": "MultiLineString", "coordinates": [ [ [ -70.3617665, 18.6906563 ], [ -70.3617164, 18.690618 ], [ -70.3616694, 18.6905401 ], [ -70.3616165, 18.6904065 ], [ -70.361546, 18.6902284 ], [ -70.3614989, 18.6900808 ], [ -70.361449, 18.6899612 ], [ -70.3614108, 18.6898777 ], [ -70.3614079, 18.6897886 ], [ -70.3614196, 18.6897246 ], [ -70.3613932, 18.6896244 ], [ -70.3613197, 18.6895103 ], [ -70.3612462, 18.6894101 ], [ -70.361161, 18.6893321 ], [ -70.3610993, 18.6892681 ] ] ] } },
{ "type": "Feature", "properties": { "osm_id": "way/755425333", "highway": "track", "surf_class": "unpaved (assumed)" }, "geometry": { "type": "MultiLineString", "coordinates": [ [ [ -70.3617847, 18.6907497 ], [ -70.3616752, 18.690696 ], [ -70.3615842, 18.6906737 ], [ -70.3614637, 18.6906375 ], [ -70.3613814, 18.6906013 ], [ -70.3613285, 18.6905429 ], [ -70.361308, 18.6904315 ], [ -70.3613021, 18.6903703 ] ] ] } },
{ "type": "Feature", "properties": { "osm_id": "way/755425334", "highway": "track", "surf_class": "unpaved (assumed)" }, "geometry": { "type": "MultiLineString", "coordinates": [ [ [ -70.3614637, 18.6906375 ], [ -70.3614079, 18.690657 ], [ -70.3612521, 18.690682 ] ] ] } },
{ "type": "Feature", "properties": { "osm_id": "way/755425335", "highway": "track", "surf_class": "unpaved (assumed)" }, "geometry": { "type": "MultiLineString", "coordinates": [ [ [ -70.3614108, 18.6898777 ], [ -70.3613231, 18.6899229 ], [ -70.3612223, 18.6900597 ] ] ] } },
{ "type": "Feature", "properties": { "osm_id": "way/755425336", "highway": "track", "surf_class": "unpaved (assumed)" }, "geometry": { "type": "MultiLineString", "coordinates": [ [ [ -70.3613231, 18.6899229 ], [ -70.3612864, 18.6898491 ], [ -70.3612521, 18.6897558 ], [ -70.3612131, 18.6896559 ], [ -70.3611764, 18.6895539 ], [ -70.3611283, 18.6893824 ], [ -70.3610993, 18.6892681 ], [ -70.3610252, 18.6890872 ], [ -70.3609725, 18.6889569 ], [ -70.3609014, 18.6888028 ], [ -70.3608419, 18.6886964 ], [ -70.3608098, 18.6885987 ], [ -70.3607685, 18.6885119 ], [ -70.3606952, 18.6884164 ], [ -70.3606516, 18.6883404 ], [ -70.3606196, 18.6882818 ], [ -70.3605898, 18.6881624 ], [ -70.3605394, 18.6880256 ], [ -70.3605348, 18.6879106 ], [ -70.3606402, 18.6876956 ], [ -70.3607502, 18.6874742 ], [ -70.3609037, 18.6870422 ], [ -70.3609771, 18.6868685 ], [ -70.3610298, 18.6867122 ], [ -70.3610114, 18.6864865 ], [ -70.3609519, 18.6861565 ] ] ] } },
{ "type": "Feature", "properties": { "osm_id": "way/755425337", "highway": "track", "surf_class": "unpaved (assumed)" }, "geometry": { "type": "MultiLineString", "coordinates": [ [ [ -70.361161, 18.6893321 ], [ -70.3611458, 18.6892821 ], [ -70.3611721, 18.6892552 ], [ -70.3612348, 18.689238 ], [ -70.3612753, 18.6892054 ], [ -70.3613138, 18.6891555 ], [ -70.3613401, 18.689075 ] ] ] } },
{ "type": "Feature", "properties": { "osm_id": "way/755425338", "highway": "track", "surf_class": "unpaved (assumed)" }, "geometry": { "type": "MultiLineString", "coordinates": [ [ [ -70.3614196, 18.6897246 ], [ -70.3614919, 18.689723 ], [ -70.3616194, 18.6896981 ], [ -70.3617368, 18.6897039 ], [ -70.3618278, 18.6897154 ], [ -70.3619209, 18.6897269 ], [ -70.3620019, 18.6897326 ], [ -70.3620707, 18.6897575 ] ] ] } },
{ "type": "Feature", "properties": { "osm_id": "way/755425339", "highway": "track", "surf_class": "unpaved (assumed)" }, "geometry": { "type": "MultiLineString", "coordinates": [ [ [ -70.3617665, 18.6906563 ], [ -70.3618542, 18.6906529 ], [ -70.3619817, 18.6906682 ], [ -70.3621294, 18.6906931 ], [ -70.3621982, 18.6906682 ], [ -70.3622954, 18.6906682 ], [ -70.3623925, 18.6907065 ], [ -70.3624613, 18.6907219 ], [ -70.3626961, 18.6906797 ], [ -70.362856, 18.6906452 ], [ -70.3629309, 18.6906088 ], [ -70.3629734, 18.6905148 ], [ -70.3630179, 18.6904477 ], [ -70.3631555, 18.6904707 ], [ -70.3633336, 18.6905225 ], [ -70.3635401, 18.6905858 ], [ -70.3636574, 18.6906375 ], [ -70.363789, 18.6906759 ], [ -70.3638963, 18.6906912 ], [ -70.3639772, 18.6906586 ], [ -70.3640683, 18.6905858 ], [ -70.3642282, 18.6904995 ], [ -70.3644124, 18.6904343 ], [ -70.3645884, 18.690396 ], [ -70.3647686, 18.6903442 ], [ -70.3648778, 18.6903001 ], [ -70.3649305, 18.6902445 ], [ -70.364979, 18.6901755 ], [ -70.3650317, 18.6901486 ], [ -70.3651187, 18.6901486 ], [ -70.3651652, 18.690187 ], [ -70.3652239, 18.6902502 ], [ -70.3652786, 18.690325 ], [ -70.3653008, 18.6903729 ], [ -70.3653251, 18.6904017 ], [ -70.3653697, 18.6904075 ], [ -70.3654466, 18.6903614 ], [ -70.3654992, 18.690325 ], [ -70.3655599, 18.6902886 ], [ -70.3656004, 18.6902771 ], [ -70.3656449, 18.6903058 ], [ -70.3656307, 18.6903729 ], [ -70.3655943, 18.6904324 ], [ -70.3655579, 18.6904937 ], [ -70.3655181, 18.6905696 ], [ -70.3655415, 18.6906778 ], [ -70.3655389, 18.6907933 ], [ -70.3655415, 18.6908843 ], [ -70.3655493, 18.6909605 ], [ -70.3655622, 18.6909924 ], [ -70.3656453, 18.691017 ], [ -70.3657646, 18.6909875 ], [ -70.3658477, 18.6909433 ], [ -70.3659748, 18.6908671 ], [ -70.3661357, 18.6908031 ], [ -70.3662421, 18.6908154 ], [ -70.3664108, 18.6908228 ], [ -70.3665639, 18.69084 ], [ -70.36673, 18.6908253 ], [ -70.366896, 18.6908081 ], [ -70.3670673, 18.6907982 ], [ -70.3672074, 18.6908105 ], [ -70.3673631, 18.6908474 ], [ -70.3674747, 18.6908867 ], [ -70.3675551, 18.6909138 ], [ -70.3676486, 18.6909162 ], [ -70.3677264, 18.6909408 ], [ -70.3677913, 18.6909752 ], [ -70.3678717, 18.6910121 ], [ -70.368017, 18.6910244 ], [ -70.3681572, 18.6910047 ], [ -70.3682765, 18.6909875 ], [ -70.3683985, 18.690931 ], [ -70.3685178, 18.690872 ], [ -70.3686061, 18.6908228 ], [ -70.368767, 18.6907614 ], [ -70.3688785, 18.6907122 ], [ -70.3689979, 18.6907097 ], [ -70.3691432, 18.6907269 ], [ -70.3692885, 18.6907417 ], [ -70.3694572, 18.6907466 ], [ -70.3695844, 18.6907614 ], [ -70.3697011, 18.6907859 ], [ -70.3697401, 18.6907909 ], [ -70.369862, 18.690899 ], [ -70.3699269, 18.6909285 ], [ -70.3700852, 18.6909285 ], [ -70.3701812, 18.690931 ], [ -70.3703213, 18.6909801 ], [ -70.3704433, 18.6910367 ], [ -70.3705393, 18.691076 ], [ -70.3706301, 18.6911006 ], [ -70.3707235, 18.6911325 ], [ -70.3708169, 18.6911964 ], [ -70.3708559, 18.6912382 ], [ -70.3709078, 18.691307 ], [ -70.3709934, 18.6914472 ], [ -70.3710479, 18.6914963 ], [ -70.3711465, 18.6915258 ], [ -70.3712814, 18.691543 ], [ -70.3714267, 18.6915725 ], [ -70.3715279, 18.6915873 ], [ -70.3716266, 18.691575 ], [ -70.3716733, 18.6915381 ], [ -70.3717329, 18.6915111 ], [ -70.3718004, 18.6915283 ], [ -70.3718575, 18.6915774 ], [ -70.371912, 18.6915676 ], [ -70.3719613, 18.6915996 ], [ -70.3719691, 18.691661 ], [ -70.3719613, 18.6917372 ], [ -70.3719457, 18.6918134 ], [ -70.3719379, 18.6918798 ], [ -70.3719353, 18.6919093 ], [ -70.3720002, 18.6919683 ], [ -70.3720495, 18.6920322 ], [ -70.3721352, 18.6920715 ], [ -70.3722078, 18.6920813 ], [ -70.3723402, 18.6920789 ], [ -70.3724907, 18.6920592 ], [ -70.3726515, 18.6920518 ], [ -70.3727138, 18.6920789 ], [ -70.3727917, 18.69216 ], [ -70.3728591, 18.6922264 ], [ -70.3728851, 18.6923026 ], [ -70.3728643, 18.6924132 ], [ -70.3728643, 18.6925164 ], [ -70.3729007, 18.6926196 ], [ -70.3729422, 18.6927278 ], [ -70.3729837, 18.6928015 ], [ -70.3730408, 18.6928065 ], [ -70.3730927, 18.6927548 ], [ -70.373129, 18.6926368 ], [ -70.3732069, 18.6925189 ], [ -70.3732769, 18.6925164 ], [ -70.3733003, 18.6925779 ], [ -70.3733132, 18.6926614 ], [ -70.3733574, 18.6927032 ], [ -70.3734586, 18.6927229 ], [ -70.3736298, 18.6927008 ], [ -70.3737985, 18.6927278 ], [ -70.3740269, 18.692804 ], [ -70.3741384, 18.6928507 ], [ -70.3742837, 18.6928507 ], [ -70.3744161, 18.6928679 ], [ -70.3745614, 18.6928458 ], [ -70.3746367, 18.6927868 ], [ -70.3747301, 18.6927352 ], [ -70.3748339, 18.692713 ], [ -70.374973, 18.6926926 ] ] ] } },
{ "type": "Feature", "properties": { "osm_id": "way/755425340", "highway": "track", "surf_class": "unpaved (assumed)" }, "geometry": { "type": "MultiLineString", "coordinates": [ [ [ -70.3661357, 18.6908031 ], [ -70.3661944, 18.6907304 ], [ -70.3662631, 18.690674 ], [ -70.3663617, 18.6906067 ], [ -70.3664717, 18.6905785 ], [ -70.3666367, 18.6905567 ], [ -70.3667879, 18.6905372 ], [ -70.3668842, 18.6905133 ], [ -70.366969, 18.6904764 ], [ -70.3670194, 18.6904243 ], [ -70.3670263, 18.6903635 ], [ -70.3670125, 18.6903049 ], [ -70.3669713, 18.6902811 ], [ -70.3669231, 18.6902637 ], [ -70.3668292, 18.6902311 ], [ -70.3667971, 18.6902116 ], [ -70.3667673, 18.690166 ], [ -70.3667696, 18.6901074 ], [ -70.3668246, 18.690014 ], [ -70.3668888, 18.6899619 ], [ -70.3670011, 18.6899467 ], [ -70.3671225, 18.6899315 ], [ -70.3672256, 18.6898794 ], [ -70.3673448, 18.6898816 ], [ -70.3674181, 18.6899294 ], [ -70.36748, 18.6899836 ], [ -70.3675717, 18.6900075 ], [ -70.3677, 18.6899511 ], [ -70.3678559, 18.6898925 ], [ -70.3678925, 18.6898599 ], [ -70.3679727, 18.6897036 ], [ -70.368014, 18.689569 ], [ -70.3680507, 18.6894214 ], [ -70.3681263, 18.6893215 ], [ -70.3682179, 18.6892521 ], [ -70.3683073, 18.689213 ], [ -70.3684036, 18.6891913 ], [ -70.368509, 18.6891566 ], [ -70.3686098, 18.6891435 ], [ -70.3687061, 18.6891305 ], [ -70.3687496, 18.6890958 ], [ -70.3687542, 18.6890372 ], [ -70.368713, 18.6889699 ], [ -70.3686557, 18.6889395 ], [ -70.3685411, 18.6888852 ], [ -70.3684334, 18.6888244 ], [ -70.3682432, 18.6887007 ], [ -70.3682088, 18.6886486 ], [ -70.3682202, 18.688603 ], [ -70.3683279, 18.6885617 ], [ -70.3684013, 18.6884879 ], [ -70.3684379, 18.6884206 ], [ -70.3684563, 18.6883273 ], [ -70.3684609, 18.6882339 ], [ -70.3684265, 18.6881059 ], [ -70.3684586, 18.6880017 ], [ -70.3684929, 18.6879061 ], [ -70.3685777, 18.6878367 ], [ -70.3686327, 18.6878041 ], [ -70.3687221, 18.6877998 ], [ -70.3687771, 18.687815 ], [ -70.3687955, 18.6878758 ], [ -70.3687909, 18.6879517 ], [ -70.3687817, 18.6880429 ], [ -70.3687794, 18.6880907 ], [ -70.3687977, 18.6881384 ], [ -70.3688252, 18.6881493 ], [ -70.3688619, 18.6881297 ], [ -70.368894, 18.6880972 ], [ -70.3689077, 18.6880603 ], [ -70.36891, 18.687993 ], [ -70.3689123, 18.6878953 ], [ -70.3688848, 18.6877954 ], [ -70.3688459, 18.6877086 ], [ -70.3687886, 18.6876413 ], [ -70.3686511, 18.6875458 ], [ -70.368525, 18.6874264 ], [ -70.3684586, 18.6873699 ], [ -70.3684104, 18.6872484 ], [ -70.3683394, 18.6871094 ], [ -70.3682592, 18.6870117 ], [ -70.3682042, 18.686901 ], [ -70.3681446, 18.686773 ], [ -70.3681079, 18.6866709 ], [ -70.3680644, 18.6865928 ], [ -70.3679934, 18.6865537 ], [ -70.3678238, 18.6864907 ], [ -70.3676771, 18.6864408 ], [ -70.3675327, 18.6863887 ], [ -70.3674617, 18.6863779 ], [ -70.3673425, 18.6863583 ], [ -70.3672073, 18.6863431 ] ] ] } },
{ "type": "Feature", "properties": { "osm_id": "way/755425341", "highway": "track", "surf_class": "unpaved (assumed)" }, "geometry": { "type": "MultiLineString", "coordinates": [ [ [ -70.3679727, 18.6897036 ], [ -70.3680307, 18.6897779 ], [ -70.3681041, 18.6898408 ], [ -70.3681659, 18.6899016 ], [ -70.3682209, 18.6899494 ], [ -70.3682897, 18.6900058 ], [ -70.368402, 18.6899906 ], [ -70.3685807, 18.6899732 ], [ -70.3687113, 18.6899667 ], [ -70.3688282, 18.6899363 ], [ -70.3689336, 18.6898842 ], [ -70.3690161, 18.6898517 ], [ -70.3690734, 18.6898582 ], [ -70.3691193, 18.6899125 ], [ -70.3691697, 18.6899819 ], [ -70.3692155, 18.6900188 ], [ -70.3693003, 18.690008 ], [ -70.3693782, 18.6899494 ], [ -70.3694584, 18.6898756 ], [ -70.3695295, 18.6897779 ], [ -70.369612, 18.6897236 ], [ -70.3697174, 18.6897019 ], [ -70.3698549, 18.6896541 ], [ -70.3699557, 18.689589 ], [ -70.3700428, 18.6895109 ], [ -70.3701116, 18.6894826 ], [ -70.3702216, 18.689487 ], [ -70.3703109, 18.6894783 ], [ -70.3703614, 18.6894501 ], [ -70.3704095, 18.6893263 ], [ -70.3704439, 18.6892243 ], [ -70.3704255, 18.6891635 ], [ -70.3703637, 18.6890875 ], [ -70.3703109, 18.6890007 ], [ -70.3703132, 18.6889508 ], [ -70.3703476, 18.6889226 ], [ -70.3704072, 18.6889508 ], [ -70.3704897, 18.6889877 ], [ -70.3706134, 18.6890419 ], [ -70.3707074, 18.6890702 ], [ -70.3707647, 18.6890897 ], [ -70.3708266, 18.689081 ], [ -70.3708976, 18.6890354 ], [ -70.3709962, 18.6890094 ], [ -70.3710649, 18.6889551 ], [ -70.3710901, 18.6888922 ], [ -70.3710901, 18.6887988 ], [ -70.3710901, 18.688725 ], [ -70.371136, 18.6886577 ], [ -70.3711451, 18.6886099 ], [ -70.3711337, 18.6885665 ], [ -70.3711451, 18.6885318 ], [ -70.3711818, 18.6884992 ] ] ] } },
{ "type": "Feature", "properties": { "osm_id": "way/755425342", "highway": "track", "surf_class": "unpaved (assumed)" }, "geometry": { "type": "MultiLineString", "coordinates": [ [ [ -70.3621982, 18.6906682 ], [ -70.3621617, 18.6904659 ], [ -70.3621228, 18.6902767 ], [ -70.3620942, 18.6901415 ], [ -70.3620786, 18.6899719 ], [ -70.3620707, 18.6897575 ], [ -70.3620838, 18.6896204 ], [ -70.3621591, 18.6893672 ], [ -70.3622447, 18.689173 ], [ -70.3623563, 18.68891 ], [ -70.3624264, 18.6887404 ], [ -70.3625457, 18.6886887 ], [ -70.3626833, 18.6886617 ], [ -70.3627741, 18.6886617 ], [ -70.3628312, 18.6886691 ], [ -70.3628986, 18.6887207 ] ] ] } },
{ "type": "Feature", "properties": { "osm_id": "way/755425343", "highway": "track", "surf_class": "unpaved (assumed)" }, "geometry": { "type": "MultiLineString", "coordinates": [ [ [ -70.3630179, 18.6904477 ], [ -70.3630997, 18.6903819 ], [ -70.3631672, 18.690286 ], [ -70.3631983, 18.6901951 ], [ -70.3631983, 18.690109 ], [ -70.3631827, 18.6900033 ], [ -70.3631646, 18.6899173 ], [ -70.3631412, 18.6898435 ], [ -70.3631438, 18.6897624 ], [ -70.3631827, 18.6897133 ], [ -70.363245, 18.6897256 ], [ -70.3633151, 18.6897895 ], [ -70.3634915, 18.6899222 ], [ -70.3635771, 18.6899959 ], [ -70.3636524, 18.6900304 ], [ -70.3637536, 18.6900402 ], [ -70.36386, 18.6900033 ], [ -70.3639301, 18.6899271 ], [ -70.3640364, 18.6897968 ], [ -70.3641454, 18.6896911 ], [ -70.3642492, 18.6896199 ], [ -70.3644257, 18.6895142 ], [ -70.364693, 18.6892708 ], [ -70.364872, 18.6891258 ], [ -70.3650718, 18.6889955 ], [ -70.3652716, 18.6888603 ], [ -70.3653728, 18.6887964 ], [ -70.3654844, 18.6887448 ], [ -70.365609, 18.6886809 ], [ -70.365679, 18.6886219 ], [ -70.3657465, 18.6884842 ], [ -70.3658062, 18.6883515 ], [ -70.3658944, 18.6881794 ], [ -70.3659463, 18.6879828 ], [ -70.3659826, 18.6878255 ], [ -70.3660138, 18.6876657 ], [ -70.3661176, 18.6875379 ], [ -70.3661876, 18.6874518 ], [ -70.3661954, 18.6873535 ], [ -70.3661643, 18.6872429 ], [ -70.3661513, 18.6871421 ], [ -70.3661695, 18.6870266 ], [ -70.3662317, 18.6868692 ], [ -70.3662785, 18.6867857 ], [ -70.3663355, 18.6866923 ], [ -70.3664809, 18.6865694 ], [ -70.3665535, 18.6864981 ], [ -70.3666314, 18.6864194 ], [ -70.366691, 18.6864071 ], [ -70.3667767, 18.6864047 ], [ -70.3668649, 18.6864071 ], [ -70.3669505, 18.6863973 ], [ -70.3670647, 18.6863702 ], [ -70.3672073, 18.6863431 ], [ -70.3673709, 18.6862768 ], [ -70.3675629, 18.6862351 ], [ -70.3676875, 18.6862129 ], [ -70.3678328, 18.6861588 ], [ -70.3679418, 18.6861638 ], [ -70.3681001, 18.6861908 ], [ -70.368261, 18.6862252 ], [ -70.3683959, 18.6862498 ], [ -70.3685464, 18.686267 ], [ -70.3686865, 18.6862523 ], [ -70.3688474, 18.6862056 ], [ -70.3690187, 18.6861392 ], [ -70.3691822, 18.6861072 ], [ -70.3694001, 18.6859892 ], [ -70.369574, 18.6859032 ], [ -70.3696363, 18.6858368 ], [ -70.3697089, 18.6856795 ], [ -70.3697479, 18.6855566 ], [ -70.3697946, 18.685473 ], [ -70.3698854, 18.685355 ], [ -70.3699503, 18.6852567 ], [ -70.3699477, 18.6851289 ], [ -70.3699503, 18.6850158 ] ] ] } },
{ "type": "Feature", "properties": { "osm_id": "way/755425344", "highway": "track", "surf_class": "unpaved (assumed)" }, "geometry": { "type": "MultiLineString", "coordinates": [ [ [ -70.3678328, 18.6861588 ], [ -70.3678986, 18.6861162 ], [ -70.3680449, 18.6860721 ], [ -70.3681814, 18.6860595 ], [ -70.3682579, 18.6860563 ], [ -70.3683178, 18.6860153 ], [ -70.3683843, 18.6859145 ], [ -70.3684508, 18.6858168 ], [ -70.3685074, 18.6857632 ], [ -70.368524, 18.6857002 ], [ -70.3685906, 18.685634 ], [ -70.3686837, 18.6855394 ], [ -70.368737, 18.6854102 ], [ -70.3687736, 18.6853031 ], [ -70.3688335, 18.6852243 ], [ -70.3689432, 18.6851013 ], [ -70.3689932, 18.6850226 ], [ -70.3689599, 18.6849438 ], [ -70.3688933, 18.6848965 ], [ -70.3688235, 18.6848335 ], [ -70.3687503, 18.6847862 ], [ -70.3686738, 18.6847515 ], [ -70.3685739, 18.6847263 ], [ -70.3684608, 18.6847074 ], [ -70.3683976, 18.6846633 ], [ -70.3683444, 18.6846317 ] ] ] } },
{ "type": "Feature", "properties": { "osm_id": "way/755425345", "highway": "track", "surf_class": "unpaved (assumed)" }, "geometry": { "type": "MultiLineString", "coordinates": [ [ [ -70.3654844, 18.6887448 ], [ -70.3654315, 18.6886632 ], [ -70.365372, 18.6885459 ], [ -70.3652917, 18.6883657 ], [ -70.3651978, 18.6882789 ], [ -70.3650878, 18.6881942 ], [ -70.3649847, 18.6881487 ], [ -70.3648838, 18.6880445 ], [ -70.3648334, 18.6880076 ], [ -70.3646592, 18.6879164 ], [ -70.3645882, 18.6878795 ], [ -70.3645309, 18.6878968 ], [ -70.3644644, 18.6879272 ], [ -70.3643613, 18.6879055 ], [ -70.3643086, 18.6879077 ], [ -70.364249, 18.6879446 ], [ -70.3641642, 18.6880032 ], [ -70.3640428, 18.6880575 ], [ -70.363974, 18.6881031 ], [ -70.3639144, 18.6881508 ], [ -70.3638709, 18.6881378 ], [ -70.3638503, 18.6880944 ], [ -70.363848, 18.6880227 ], [ -70.3638617, 18.6879685 ], [ -70.3638847, 18.6879207 ], [ -70.3638526, 18.6878838 ], [ -70.3637769, 18.6879012 ], [ -70.3636899, 18.6879034 ], [ -70.3636028, 18.6879706 ], [ -70.3634905, 18.6880879 ], [ -70.3633667, 18.6882442 ], [ -70.363314, 18.6883853 ], [ -70.3633461, 18.6884895 ], [ -70.3633713, 18.6885785 ], [ -70.3633828, 18.6886697 ], [ -70.3633667, 18.6887044 ], [ -70.363298, 18.6887413 ], [ -70.3632384, 18.6887304 ], [ -70.3631788, 18.6886827 ], [ -70.363078, 18.6886002 ] ] ] } },
{ "type": "Feature", "properties": { "osm_id": "way/852444314", "name": "Carretera Blas Olivo", "highway": "secondary", "surface": "asphalt", "ref": "RD-201", "lanes": "2", "surf_class": "paved" }, "geometry": { "type": "MultiLineString", "coordinates": [ [ [ -70.3719619, 18.7357342 ], [ -70.3723374, 18.7357291 ], [ -70.3726485, 18.7357291 ], [ -70.3728631, 18.735738 ], [ -70.3732051, 18.735766 ], [ -70.3734559, 18.7357774 ], [ -70.373649, 18.735766 ], [ -70.3737952, 18.7357139 ], [ -70.3739481, 18.7356339 ], [ -70.374046, 18.7355526 ], [ -70.3743719, 18.7351805 ], [ -70.3744631, 18.7351043 ], [ -70.3745408, 18.7350535 ], [ -70.3746656, 18.7350408 ], [ -70.3747635, 18.7350598 ], [ -70.374881, 18.7351003 ], [ -70.3750236, 18.7351589 ], [ -70.3751269, 18.7352084 ], [ -70.3752396, 18.7352465 ], [ -70.3753482, 18.7352579 ], [ -70.3754582, 18.7352478 ], [ -70.3755601, 18.7352173 ], [ -70.375666, 18.7351614 ], [ -70.3757827, 18.7350789 ], [ -70.3759383, 18.7349468 ], [ -70.3760268, 18.7349036 ], [ -70.3761099, 18.734882 ], [ -70.3762119, 18.7348896 ], [ -70.3763071, 18.7349226 ], [ -70.3764009, 18.7349798 ], [ -70.3765351, 18.735103 ], [ -70.376645, 18.7352059 ], [ -70.3767496, 18.7353049 ], [ -70.3768757, 18.7353672 ], [ -70.3769977, 18.7354053 ], [ -70.3771091, 18.7354103 ], [ -70.3772485, 18.7353926 ], [ -70.3773437, 18.7353646 ], [ -70.3774644, 18.7352922 ], [ -70.3776773, 18.7350996 ], [ -70.3777514, 18.7350433 ], [ -70.3778279, 18.7350001 ], [ -70.3779164, 18.7349798 ], [ -70.3780223, 18.7349747 ], [ -70.3781135, 18.7349925 ], [ -70.3782074, 18.7350344 ], [ -70.3782852, 18.7350954 ], [ -70.378363, 18.7351894 ], [ -70.3784783, 18.7353811 ], [ -70.3785548, 18.7355285 ], [ -70.3786446, 18.7356364 ], [ -70.378705, 18.7356847 ], [ -70.3787975, 18.7357202 ], [ -70.3788954, 18.7357558 ], [ -70.379051, 18.7357723 ], [ -70.3792454, 18.7357761 ], [ -70.3793406, 18.7357609 ], [ -70.3794238, 18.7357342 ], [ -70.3794801, 18.7356936 ], [ -70.3795351, 18.7356199 ], [ -70.3795566, 18.7355539 ], [ -70.3795619, 18.7354865 ], [ -70.3795512, 18.735418 ], [ -70.3794895, 18.7352948 ], [ -70.37935, 18.7350535 ], [ -70.3793326, 18.7349836 ], [ -70.3793433, 18.7349176 ], [ -70.3793634, 18.734863 ], [ -70.3794184, 18.7347906 ], [ -70.3795445, 18.7347017 ], [ -70.3796558, 18.7346305 ], [ -70.3799254, 18.7344705 ], [ -70.3800166, 18.7343968 ], [ -70.3801131, 18.7343117 ], [ -70.3801842, 18.7342178 ], [ -70.3802741, 18.7340704 ], [ -70.3803934, 18.7338291 ], [ -70.3804873, 18.733664 ], [ -70.3805678, 18.7335332 ], [ -70.3806402, 18.7334113 ], [ -70.3807032, 18.7332855 ], [ -70.3807367, 18.7331662 ], [ -70.3807783, 18.7328347 ], [ -70.3807904, 18.7327216 ], [ -70.3808118, 18.7326289 ], [ -70.3808521, 18.7325362 ], [ -70.3809392, 18.7324156 ], [ -70.3810455, 18.7322953 ], [ -70.3811646, 18.7322454 ], [ -70.3812732, 18.7322187 ], [ -70.38141, 18.7322238 ], [ -70.3815079, 18.7322365 ], [ -70.3816138, 18.7322682 ], [ -70.381756, 18.7323571 ], [ -70.3818555, 18.7324426 ], [ -70.3820497, 18.7326124 ], [ -70.3821918, 18.7326912 ], [ -70.3822951, 18.732728 ], [ -70.3823756, 18.7327394 ], [ -70.3825164, 18.7327229 ], [ -70.3826438, 18.7326924 ], [ -70.3828597, 18.7326048 ], [ -70.383148, 18.7324956 ], [ -70.3832889, 18.7324397 ], [ -70.3835879, 18.732333 ], [ -70.3839406, 18.7321971 ], [ -70.3840882, 18.7321234 ], [ -70.3841713, 18.7320599 ], [ -70.3842276, 18.7319545 ], [ -70.3842397, 18.7318631 ], [ -70.3842317, 18.7317856 ], [ -70.3842169, 18.7316929 ], [ -70.3841619, 18.7315849 ], [ -70.3840372, 18.7313347 ], [ -70.3840131, 18.731242 ], [ -70.384005, 18.7311569 ], [ -70.3840332, 18.7310566 ], [ -70.3840801, 18.7309613 ], [ -70.3841743, 18.7308919 ], [ -70.3842343, 18.7308508 ], [ -70.384343, 18.7307962 ], [ -70.3845334, 18.7307175 ], [ -70.3847601, 18.7306032 ], [ -70.3849722, 18.7305082 ], [ -70.3851262, 18.730466 ], [ -70.3853568, 18.7304355 ], [ -70.3856733, 18.7304292 ], [ -70.3858477, 18.7304266 ], [ -70.3859805, 18.7303961 ], [ -70.3861314, 18.7303533 ], [ -70.386246, 18.7302907 ], [ -70.3863533, 18.7302132 ], [ -70.3864901, 18.7300862 ], [ -70.3865826, 18.7299605 ], [ -70.3866322, 18.7298576 ], [ -70.3866886, 18.7297192 ], [ -70.3867221, 18.7295934 ], [ -70.3867382, 18.7294525 ], [ -70.3867207, 18.7293166 ], [ -70.3866832, 18.7291667 ], [ -70.3866121, 18.7290003 ], [ -70.3865424, 18.7288733 ], [ -70.386478, 18.7287831 ], [ -70.3864257, 18.7286764 ], [ -70.3864083, 18.7286142 ], [ -70.3863975, 18.7285317 ], [ -70.3864136, 18.7284618 ], [ -70.3864633, 18.7283856 ], [ -70.386533, 18.7283157 ], [ -70.3867181, 18.7282357 ], [ -70.3870051, 18.7281265 ], [ -70.387162, 18.7280389 ], [ -70.3872693, 18.7279715 ], [ -70.3874248, 18.7278712 ], [ -70.3875656, 18.7277759 ], [ -70.3877132, 18.72764 ], [ -70.387968, 18.7273873 ], [ -70.3881584, 18.7272006 ], [ -70.3882416, 18.7271358 ], [ -70.3883502, 18.7270761 ], [ -70.3884991, 18.7270596 ], [ -70.3885983, 18.7270863 ], [ -70.3886734, 18.7271218 ], [ -70.3887351, 18.7271841 ], [ -70.388786, 18.7272819 ], [ -70.3888062, 18.7273771 ], [ -70.3888021, 18.7274902 ], [ -70.3887807, 18.7275842 ], [ -70.3887472, 18.7276908 ], [ -70.3887324, 18.7278331 ], [ -70.3887257, 18.7279245 ], [ -70.3887525, 18.7279969 ], [ -70.3887995, 18.7280757 ], [ -70.3888732, 18.728129 ], [ -70.3889738, 18.7281519 ], [ -70.389057, 18.7281455 ], [ -70.3892179, 18.7280871 ], [ -70.3893761, 18.7280325 ], [ -70.3894928, 18.7280122 ], [ -70.3895867, 18.72803 ], [ -70.3896672, 18.7280833 ], [ -70.3897369, 18.7281494 ], [ -70.3897691, 18.7282065 ], [ -70.3897838, 18.7282599 ], [ -70.3897825, 18.7283246 ], [ -70.3897503, 18.7284567 ], [ -70.3896832, 18.7287857 ], [ -70.3895827, 18.7292556 ], [ -70.3895451, 18.7294385 ], [ -70.3895451, 18.7295795 ], [ -70.3895532, 18.7297687 ], [ -70.3895921, 18.7299351 ], [ -70.3896256, 18.7300392 ], [ -70.3896926, 18.7302056 ], [ -70.3898026, 18.7303872 ], [ -70.3898777, 18.7304901 ], [ -70.3900386, 18.7306527 ], [ -70.3901929, 18.7307886 ], [ -70.3904168, 18.7309778 ], [ -70.3905872, 18.731096 ], [ -70.3907266, 18.7311798 ], [ -70.3908929, 18.7312623 ], [ -70.391078, 18.7313309 ], [ -70.3912698, 18.7313906 ], [ -70.391428, 18.7314249 ], [ -70.3916305, 18.7314452 ], [ -70.3917968, 18.7314503 ], [ -70.3920878, 18.7314528 ], [ -70.3924432, 18.7314427 ], [ -70.3926837, 18.7314344 ], [ -70.3927825, 18.7314236 ], [ -70.3929032, 18.7313982 ], [ -70.3930159, 18.7313563 ], [ -70.3931192, 18.7313004 ], [ -70.3932197, 18.7312242 ], [ -70.3934826, 18.7309575 ], [ -70.3936757, 18.7307391 ], [ -70.3939547, 18.7304495 ], [ -70.3940204, 18.7303695 ], [ -70.394078, 18.7302729 ], [ -70.3941035, 18.7302031 ], [ -70.394125, 18.7301218 ], [ -70.3941357, 18.7300151 ], [ -70.3941277, 18.7298627 ], [ -70.394129, 18.7297205 ], [ -70.3941599, 18.7295909 ], [ -70.3942122, 18.729502 ], [ -70.3942685, 18.7294487 ], [ -70.3943516, 18.7294055 ], [ -70.3944616, 18.7293737 ], [ -70.3947379, 18.729342 ], [ -70.3950973, 18.7292988 ], [ -70.3954594, 18.7292454 ], [ -70.3958899, 18.7291578 ], [ -70.3960428, 18.7291159 ], [ -70.3961608, 18.7290638 ], [ -70.3963016, 18.7289762 ], [ -70.3964357, 18.7288619 ], [ -70.3966382, 18.7286904 ], [ -70.3968823, 18.7284605 ], [ -70.3971411, 18.728223 ], [ -70.3974053, 18.7279525 ], [ -70.397514, 18.7278725 ], [ -70.3976266, 18.727814 ], [ -70.3977084, 18.7278052 ], [ -70.3977822, 18.7278128 ], [ -70.3978559, 18.7278331 ], [ -70.3979726, 18.7278966 ], [ -70.398159, 18.7280554 ], [ -70.398273, 18.7281506 ], [ -70.3983843, 18.7282078 ], [ -70.3984983, 18.7282446 ], [ -70.3986043, 18.7282599 ], [ -70.3987236, 18.7282599 ], [ -70.398843, 18.7282484 ], [ -70.3989516, 18.7282243 ], [ -70.3990294, 18.7281976 ], [ -70.3991179, 18.7281455 ], [ -70.3991702, 18.7280897 ], [ -70.3992118, 18.7280249 ], [ -70.3992467, 18.7279372 ], [ -70.3992587, 18.7278636 ], [ -70.3992467, 18.7277429 ], [ -70.3990898, 18.7272107 ], [ -70.3990576, 18.7270761 ], [ -70.3990321, 18.7268551 ], [ -70.3990294, 18.7266951 ], [ -70.3990262, 18.726443 ], [ -70.3990388, 18.7262823 ], [ -70.3990737, 18.7261553 ], [ -70.399126, 18.7260448 ], [ -70.3992064, 18.725933 ], [ -70.3993057, 18.7258352 ], [ -70.3994237, 18.7257311 ], [ -70.3995471, 18.7256574 ], [ -70.3996235, 18.7256409 ], [ -70.3997067, 18.7256472 ], [ -70.3997871, 18.725665 ], [ -70.3998636, 18.7257133 ], [ -70.3999373, 18.7257908 ], [ -70.4000379, 18.7259229 ], [ -70.400105, 18.7260054 ], [ -70.4002348, 18.7261476 ], [ -70.400455, 18.7263687 ], [ -70.400573, 18.7264969 ], [ -70.4006401, 18.7265973 ], [ -70.4007272, 18.7267319 ], [ -70.4008158, 18.726831 ], [ -70.4008815, 18.7268818 ], [ -70.401029, 18.726958 ], [ -70.4012382, 18.7270672 ], [ -70.4013911, 18.7271549 ], [ -70.4015024, 18.7272501 ], [ -70.4016593, 18.7274076 ], [ -70.401839, 18.7276007 ], [ -70.4019664, 18.7277785 ], [ -70.4020885, 18.7279766 ], [ -70.4022682, 18.7282078 ], [ -70.4023916, 18.7283411 ], [ -70.4025324, 18.7284542 ], [ -70.4026343, 18.7285126 ], [ -70.4027885, 18.7285532 ], [ -70.4029039, 18.7285761 ], [ -70.4030219, 18.7285621 ], [ -70.4031439, 18.7285151 ], [ -70.4032123, 18.7284732 ], [ -70.4033223, 18.7283627 ], [ -70.4034483, 18.7282141 ], [ -70.4035744, 18.7280312 ], [ -70.4036535, 18.7278877 ], [ -70.4037581, 18.727729 ], [ -70.4038654, 18.7275854 ], [ -70.4039754, 18.7274673 ], [ -70.4040974, 18.7273771 ], [ -70.4042664, 18.7272958 ], [ -70.4043978, 18.727245 ], [ -70.4045896, 18.7271968 ], [ -70.4047693, 18.7271879 ], [ -70.4049866, 18.7272107 ], [ -70.4052682, 18.7272552 ], [ -70.4053567, 18.7272654 ], [ -70.405468, 18.7272527 ], [ -70.4055566, 18.7272209 ], [ -70.4056518, 18.7271587 ], [ -70.4057148, 18.7270901 ], [ -70.4057644, 18.727005 ], [ -70.4057939, 18.7269097 ], [ -70.4058208, 18.7267967 ], [ -70.4058369, 18.7266722 ], [ -70.4058704, 18.7265503 ], [ -70.4059227, 18.7264754 ], [ -70.4060099, 18.7264258 ], [ -70.4061118, 18.7264119 ], [ -70.4061989, 18.7264296 ], [ -70.4063089, 18.7264881 ], [ -70.4064243, 18.726582 ], [ -70.4065222, 18.7266748 ], [ -70.4066375, 18.7267903 ], [ -70.4067582, 18.726911 ], [ -70.4070506, 18.7270609 ], [ -70.4072331, 18.7271108 ], [ -70.4075736, 18.7271676 ], [ -70.4078096, 18.7272082 ], [ -70.4080296, 18.7272717 ], [ -70.4082119, 18.7273403 ], [ -70.4084373, 18.7274394 ], [ -70.408625, 18.7275029 ], [ -70.4087859, 18.7275308 ], [ -70.4088905, 18.7275207 ], [ -70.409022, 18.7274622 ], [ -70.4090971, 18.7273886 ], [ -70.4091454, 18.7272946 ], [ -70.4092124, 18.7271345 ], [ -70.4093036, 18.7269821 ], [ -70.4093828, 18.7268761 ], [ -70.4094538, 18.7268196 ], [ -70.4095718, 18.7267688 ], [ -70.4097971, 18.7267052 ], [ -70.4100246, 18.72667 ], [ -70.4102612, 18.7266189 ], [ -70.4104248, 18.7265579 ], [ -70.4105642, 18.7264614 ], [ -70.4106823, 18.7263344 ], [ -70.4108213, 18.7261635 ], [ -70.4109983, 18.7258876 ], [ -70.4111827, 18.725636 ], [ -70.4113367, 18.7254732 ], [ -70.4114628, 18.725364 ], [ -70.4116157, 18.7252827 ], [ -70.4118061, 18.7252091 ], [ -70.411959, 18.7251405 ], [ -70.4121602, 18.7250643 ], [ -70.4122567, 18.725016 ], [ -70.4123667, 18.724955 ], [ -70.4124898, 18.724862 ] ] ] } },
{ "type": "Feature", "properties": { "osm_id": "way/852444315", "name": "Carretera Blas Olivo", "highway": "secondary", "surface": "asphalt", "ref": "RD-201", "lanes": "2", "surf_class": "paved" }, "geometry": { "type": "MultiLineString", "coordinates": [ [ [ -70.371754, 18.7357431 ], [ -70.3719619, 18.7357342 ] ] ] } },
{ "type": "Feature", "properties": { "osm_id": "way/870837812", "highway": "residential", "surf_class": "unknown" }, "geometry": { "type": "MultiLineString", "coordinates": [ [ [ -70.4477004, 18.6997712 ], [ -70.4477584, 18.6987784 ], [ -70.4477524, 18.6987453 ], [ -70.447741, 18.698732 ], [ -70.4477142, 18.6987212 ], [ -70.4474567, 18.6986793 ], [ -70.4474393, 18.698678 ], [ -70.4474245, 18.6986856 ], [ -70.4471898, 18.6989638 ], [ -70.4471751, 18.6989892 ], [ -70.4471657, 18.6990108 ], [ -70.4471603, 18.6990324 ], [ -70.4470551, 18.6997036 ] ] ] } },
{ "type": "Feature", "properties": { "osm_id": "way/932977627", "highway": "unclassified", "surf_class": "unknown" }, "geometry": { "type": "MultiLineString", "coordinates": [ [ [ -70.4295811, 18.7380863 ], [ -70.4298936, 18.738132 ] ] ] } },
{ "type": "Feature", "properties": { "osm_id": "way/932977628", "highway": "unclassified", "surf_class": "unknown" }, "geometry": { "type": "MultiLineString", "coordinates": [ [ [ -70.4301295, 18.7361705 ], [ -70.4299432, 18.7362892 ], [ -70.429903, 18.7364086 ], [ -70.429844, 18.7364721 ], [ -70.4296964, 18.7365483 ], [ -70.4295677, 18.7365661 ], [ -70.4292646, 18.7367744 ], [ -70.4292458, 18.736876 ], [ -70.4293826, 18.7371681 ], [ -70.4293263, 18.7373129 ], [ -70.4292566, 18.7374043 ], [ -70.4293129, 18.7375821 ], [ -70.4294148, 18.7378729 ], [ -70.4295033, 18.7379656 ], [ -70.4295811, 18.7380863 ], [ -70.4294926, 18.7384419 ] ] ] } },
{ "type": "Feature", "properties": { "osm_id": "way/932977688", "highway": "service", "surface": "dirt", "surf_class": "unpaved" }, "geometry": { "type": "MultiLineString", "coordinates": [ [ [ -70.425808, 18.7548399 ], [ -70.4258207, 18.7550974 ], [ -70.4257375, 18.7553158 ], [ -70.4256034, 18.7553742 ], [ -70.4256275, 18.7555825 ], [ -70.4254317, 18.7556307 ] ] ] } },
{ "type": "Feature", "properties": { "osm_id": "way/932977691", "highway": "unclassified", "surface": "dirt", "surf_class": "unpaved" }, "geometry": { "type": "MultiLineString", "coordinates": [ [ [ -70.4333214, 18.7410823 ], [ -70.433135, 18.741302 ], [ -70.4330331, 18.7416144 ], [ -70.4329218, 18.7417985 ], [ -70.4324658, 18.7421935 ], [ -70.4322593, 18.7422887 ], [ -70.4321346, 18.742445 ], [ -70.4320447, 18.742732 ], [ -70.4319585, 18.7430073 ], [ -70.431692, 18.7433911 ], [ -70.4314238, 18.7438737 ], [ -70.431397, 18.7440769 ], [ -70.431311, 18.7447284 ], [ -70.4313272, 18.7449709 ], [ -70.4310912, 18.7458244 ], [ -70.4309097, 18.7464805 ], [ -70.4311609, 18.7470638 ], [ -70.4313594, 18.747074 ], [ -70.4318345, 18.7475753 ], [ -70.4319133, 18.7476175 ], [ -70.4319168, 18.7480239 ], [ -70.4321507, 18.7483071 ] ] ] } },
{ "type": "Feature", "properties": { "osm_id": "way/932977715", "highway": "service", "surface": "dirt", "surf_class": "unpaved" }, "geometry": { "type": "MultiLineString", "coordinates": [ [ [ -70.4360258, 18.7441546 ], [ -70.4360063, 18.7442674 ], [ -70.4360493, 18.7443751 ], [ -70.4361432, 18.7446102 ], [ -70.4362078, 18.7447722 ], [ -70.4362611, 18.7448503 ], [ -70.4363604, 18.7449316 ], [ -70.436465, 18.7449862 ], [ -70.4365602, 18.7450129 ], [ -70.4366796, 18.7450154 ], [ -70.4367225, 18.7450205 ], [ -70.4367265, 18.7450611 ], [ -70.4369102, 18.7452592 ], [ -70.4370792, 18.7454789 ], [ -70.4372026, 18.7455526 ], [ -70.4374225, 18.7455983 ], [ -70.4375902, 18.7456047 ], [ -70.4377125, 18.7456093 ], [ -70.4378517, 18.7456618 ], [ -70.4379146, 18.7457373 ], [ -70.4379303, 18.7458397 ], [ -70.4384444, 18.7462028 ] ] ] } },
{ "type": "Feature", "properties": { "osm_id": "way/932977716", "highway": "service", "surface": "dirt", "surf_class": "unpaved" }, "geometry": { "type": "MultiLineString", "coordinates": [ [ [ -70.4356589, 18.741257 ], [ -70.4355893, 18.7415001 ], [ -70.4355604, 18.7417141 ], [ -70.4355711, 18.7418703 ], [ -70.4356791, 18.7420576 ], [ -70.4358374, 18.7422824 ], [ -70.4358709, 18.7425377 ], [ -70.435828, 18.7426926 ], [ -70.4356094, 18.7430774 ], [ -70.4357287, 18.74324 ], [ -70.4360493, 18.7435079 ], [ -70.4362021, 18.7437035 ], [ -70.4362303, 18.7438623 ], [ -70.4361941, 18.7439816 ], [ -70.4360881, 18.7441137 ], [ -70.4360258, 18.7441546 ], [ -70.4359527, 18.7442026 ], [ -70.4356389, 18.7443106 ] ] ] } },
{ "type": "Feature", "properties": { "osm_id": "way/932977728", "highway": "service", "surf_class": "unknown" }, "geometry": { "type": "MultiLineString", "coordinates": [ [ [ -70.4392949, 18.74818 ], [ -70.4391284, 18.748062 ] ] ] } },
{ "type": "Feature", "properties": { "osm_id": "way/932977732", "highway": "service", "surf_class": "unknown" }, "geometry": { "type": "MultiLineString", "coordinates": [ [ [ -70.441085, 18.7490743 ], [ -70.4411294, 18.7494221 ] ] ] } },
{ "type": "Feature", "properties": { "osm_id": "way/932977733", "highway": "service", "surf_class": "unknown" }, "geometry": { "type": "MultiLineString", "coordinates": [ [ [ -70.4395023, 18.7470532 ], [ -70.4398285, 18.7475629 ], [ -70.4401423, 18.7479731 ], [ -70.4403743, 18.7482042 ], [ -70.4404333, 18.7484748 ], [ -70.4407137, 18.7487859 ], [ -70.441085, 18.7490743 ], [ -70.4411669, 18.7491504 ] ] ] } },
{ "type": "Feature", "properties": { "osm_id": "way/932977734", "highway": "unclassified", "surface": "dirt", "surf_class": "unpaved" }, "geometry": { "type": "MultiLineString", "coordinates": [ [ [ -70.4393536, 18.7489865 ], [ -70.4395334, 18.7490856 ], [ -70.4395469, 18.7492558 ], [ -70.4396783, 18.749525 ], [ -70.4398178, 18.7497256 ], [ -70.4401691, 18.7500571 ], [ -70.4406881, 18.7507454 ] ] ] } },
{ "type": "Feature", "properties": { "osm_id": "way/932977739", "highway": "path", "surface": "dirt", "surf_class": "unpaved" }, "geometry": { "type": "MultiLineString", "coordinates": [ [ [ -70.4393095, 18.7547266 ], [ -70.4392263, 18.7548409 ], [ -70.439229, 18.755011 ], [ -70.4392102, 18.7551507 ], [ -70.4392491, 18.7552472 ], [ -70.4392739, 18.7552714 ], [ -70.439276, 18.7553964 ], [ -70.4394315, 18.7555025 ], [ -70.4394858, 18.7555971 ], [ -70.4397467, 18.7557082 ], [ -70.4399586, 18.7558212 ], [ -70.4401276, 18.7558987 ] ] ] } },
{ "type": "Feature", "properties": { "osm_id": "way/932977740", "highway": "unclassified", "surface": "dirt", "surf_class": "unpaved" }, "geometry": { "type": "MultiLineString", "coordinates": [ [ [ -70.4404887, 18.7548335 ], [ -70.440267, 18.7548307 ], [ -70.439972, 18.7547799 ], [ -70.4397118, 18.7547418 ], [ -70.4394758, 18.7547139 ], [ -70.4393095, 18.7547266 ], [ -70.438993, 18.754719 ], [ -70.4384136, 18.7548078 ], [ -70.4380783, 18.7549069 ], [ -70.4377914, 18.7549933 ], [ -70.4375151, 18.7550161 ], [ -70.4373032, 18.7549272 ], [ -70.4371342, 18.7547367 ], [ -70.4370591, 18.7546123 ] ] ] } },
{ "type": "Feature", "properties": { "osm_id": "way/932977741", "highway": "unclassified", "surface": "dirt", "surf_class": "unpaved" }, "geometry": { "type": "MultiLineString", "coordinates": [ [ [ -70.4402211, 18.7581256 ], [ -70.4398915, 18.7581324 ], [ -70.4396099, 18.7580283 ], [ -70.4391646, 18.7578073 ], [ -70.4386658, 18.7576168 ], [ -70.4383492, 18.7573984 ], [ -70.4380944, 18.7569717 ], [ -70.4377216, 18.7564663 ], [ -70.43755, 18.7563165 ], [ -70.437558, 18.7560346 ] ] ] } },
{ "type": "Feature", "properties": { "osm_id": "way/932981929", "highway": "service", "surf_class": "unknown" }, "geometry": { "type": "MultiLineString", "coordinates": [ [ [ -70.440307, 18.756799 ], [ -70.4406305, 18.7568625 ], [ -70.4408343, 18.7571914 ], [ -70.4407887, 18.7576511 ], [ -70.4410301, 18.7577362 ], [ -70.441419, 18.757613 ], [ -70.4408343, 18.7571914 ] ] ] } },
{ "type": "Feature", "properties": { "osm_id": "way/933067816", "highway": "service", "surface": "dirt", "surf_class": "unpaved" }, "geometry": { "type": "MultiLineString", "coordinates": [ [ [ -70.4670514, 18.8077613 ], [ -70.4671391, 18.80789 ], [ -70.467184, 18.8081242 ], [ -70.4671475, 18.8082201 ], [ -70.4671854, 18.8083052 ], [ -70.4671559, 18.8084529 ] ] ] } },
{ "type": "Feature", "properties": { "osm_id": "way/933067817", "highway": "service", "surface": "dirt", "surf_class": "unpaved" }, "geometry": { "type": "MultiLineString", "coordinates": [ [ [ -70.4666077, 18.8086845 ], [ -70.4666822, 18.80859 ], [ -70.4667482, 18.8084995 ], [ -70.4669212, 18.8083718 ], [ -70.4670533, 18.808437 ], [ -70.4670842, 18.8084795 ], [ -70.4671334, 18.8084689 ], [ -70.4671559, 18.8084529 ], [ -70.4672164, 18.8084529 ], [ -70.4672543, 18.8084875 ], [ -70.467274, 18.8085235 ], [ -70.4672642, 18.8085927 ], [ -70.4673668, 18.8088016 ], [ -70.4674427, 18.8088495 ], [ -70.4675327, 18.8088468 ], [ -70.4676395, 18.8088295 ], [ -70.4677436, 18.8088176 ], [ -70.467901, 18.8088029 ], [ -70.4680191, 18.808743 ] ] ] } },
{ "type": "Feature", "properties": { "osm_id": "way/933067818", "highway": "unclassified", "surface": "dirt", "surf_class": "unpaved" }, "geometry": { "type": "MultiLineString", "coordinates": [ [ [ -70.4659244, 18.8090451 ], [ -70.4660004, 18.8090012 ], [ -70.4661395, 18.8089852 ], [ -70.4662624, 18.8088673 ], [ -70.4663378, 18.8087949 ], [ -70.4664094, 18.8088096 ], [ -70.4664643, 18.8088149 ], [ -70.4664966, 18.8087976 ], [ -70.4665191, 18.8087643 ], [ -70.4665571, 18.8087111 ], [ -70.4666077, 18.8086845 ], [ -70.4666639, 18.8087071 ], [ -70.4666836, 18.8087869 ], [ -70.4667019, 18.8088229 ] ] ] } },
{ "type": "Feature", "properties": { "osm_id": "way/933067819", "highway": "service", "surface": "dirt", "surf_class": "unpaved" }, "geometry": { "type": "MultiLineString", "coordinates": [ [ [ -70.4656953, 18.8076878 ], [ -70.4656829, 18.8077959 ], [ -70.4656642, 18.8079583 ], [ -70.4656391, 18.8081775 ], [ -70.4658007, 18.8082028 ], [ -70.4659244, 18.8081721 ], [ -70.4659891, 18.8081216 ], [ -70.4660186, 18.8080457 ], [ -70.4661269, 18.8080085 ], [ -70.4661691, 18.8079512 ], [ -70.4667243, 18.807902 ], [ -70.4668874, 18.8078727 ], [ -70.4670238, 18.8077849 ], [ -70.4670514, 18.8077613 ], [ -70.4674076, 18.8074575 ] ] ] } },
{ "type": "Feature", "properties": { "osm_id": "way/933068139", "highway": "service", "surface": "dirt", "surf_class": "unpaved" }, "geometry": { "type": "MultiLineString", "coordinates": [ [ [ -70.4656829, 18.8077959 ], [ -70.4659244, 18.8078727 ], [ -70.4659807, 18.8078767 ], [ -70.4661691, 18.8079512 ] ] ] } },
{ "type": "Feature", "properties": { "osm_id": "way/933068140", "highway": "service", "surface": "dirt", "surf_class": "unpaved" }, "geometry": { "type": "MultiLineString", "coordinates": [ [ [ -70.4656642, 18.8079583 ], [ -70.465812, 18.808055 ], [ -70.4659891, 18.8081216 ] ] ] } },
{ "type": "Feature", "properties": { "osm_id": "way/933069012", "highway": "unclassified", "surface": "dirt", "surf_class": "unpaved" }, "geometry": { "type": "MultiLineString", "coordinates": [ [ [ -70.4668987, 18.8102162 ], [ -70.4666751, 18.8099913 ], [ -70.466408, 18.8095574 ], [ -70.4665486, 18.8090464 ], [ -70.4666836, 18.8087869 ] ] ] } },
{ "type": "Feature", "properties": { "osm_id": "way/933080183", "highway": "unclassified", "surface": "dirt", "surf_class": "unpaved" }, "geometry": { "type": "MultiLineString", "coordinates": [ [ [ -70.3933216, 18.8091775 ], [ -70.3934839, 18.8094375 ], [ -70.3935054, 18.8096254 ], [ -70.393433, 18.8097118 ], [ -70.3933364, 18.8097498 ], [ -70.3932452, 18.8097651 ], [ -70.3930467, 18.8097321 ], [ -70.3928483, 18.8097397 ], [ -70.3926898, 18.8097499 ] ] ] } },
{ "type": "Feature", "properties": { "osm_id": "way/933080184", "highway": "unclassified", "surface": "dirt", "surf_class": "unpaved" }, "geometry": { "type": "MultiLineString", "coordinates": [ [ [ -70.394007, 18.8086454 ], [ -70.3934437, 18.8090669 ] ] ] } },
{ "type": "Feature", "properties": { "osm_id": "way/933080186", "highway": "unclassified", "surface": "dirt", "surf_class": "unpaved" }, "geometry": { "type": "MultiLineString", "coordinates": [ [ [ -70.400227, 18.806962 ], [ -70.3995216, 18.80699 ], [ -70.3991434, 18.8072642 ], [ -70.3990173, 18.8072946 ], [ -70.3987283, 18.8073156 ], [ -70.3978425, 18.807348 ], [ -70.3973517, 18.807414 ], [ -70.3969279, 18.8075308 ], [ -70.3960978, 18.8079357 ], [ -70.3953964, 18.8080106 ], [ -70.3945112, 18.8083407 ], [ -70.394007, 18.8086454 ], [ -70.3937227, 18.8087596 ], [ -70.3935349, 18.8088409 ], [ -70.3934437, 18.8090669 ], [ -70.3933216, 18.8091775 ], [ -70.3926898, 18.8097499 ], [ -70.392631, 18.8098032 ], [ -70.3925478, 18.8099987 ], [ -70.3924593, 18.8102018 ], [ -70.3924432, 18.8103313 ], [ -70.3924754, 18.8104557 ], [ -70.3927785, 18.8109711 ], [ -70.3929395, 18.8111945 ], [ -70.3929824, 18.8113722 ], [ -70.3927007, 18.8115779 ], [ -70.3925666, 18.8117378 ], [ -70.3924137, 18.8120933 ], [ -70.3923547, 18.812794 ], [ -70.392344, 18.8134338 ], [ -70.3921026, 18.8138959 ], [ -70.3918397, 18.8140686 ], [ -70.3917003, 18.8147134 ], [ -70.3912711, 18.814815 ], [ -70.3912979, 18.8152822 ], [ -70.3904718, 18.8157138 ], [ -70.39015, 18.8160946 ], [ -70.3901446, 18.8167141 ], [ -70.3901339, 18.816907 ], [ -70.3903055, 18.8171152 ], [ -70.3903431, 18.817557 ], [ -70.3903484, 18.8177093 ], [ -70.3900051, 18.8179937 ], [ -70.3896189, 18.8183592 ], [ -70.3895277, 18.8187502 ], [ -70.3892916, 18.8189889 ], [ -70.3893936, 18.8192478 ], [ -70.3888786, 18.8196794 ], [ -70.3887713, 18.8198927 ], [ -70.3887177, 18.8200958 ], [ -70.3887981, 18.8203801 ], [ -70.3889054, 18.8210301 ], [ -70.3889054, 18.8212992 ], [ -70.3888679, 18.8217003 ], [ -70.3889054, 18.8221725 ], [ -70.3885084, 18.8231373 ], [ -70.3881598, 18.823249 ], [ -70.387795, 18.8232997 ], [ -70.3875375, 18.8232642 ], [ -70.3873015, 18.8234419 ], [ -70.3871727, 18.8235587 ], [ -70.387221, 18.8240411 ], [ -70.3874785, 18.8243609 ], [ -70.3877306, 18.8245945 ], [ -70.3878647, 18.8248484 ], [ -70.3878701, 18.8250058 ], [ -70.3876823, 18.8252749 ], [ -70.3874731, 18.8254475 ], [ -70.3873605, 18.8256811 ], [ -70.3873873, 18.8258943 ], [ -70.3872424, 18.8259654 ], [ -70.3869742, 18.8259705 ], [ -70.3868347, 18.8260263 ], [ -70.3867596, 18.8262091 ], [ -70.3866845, 18.8264478 ], [ -70.3865397, 18.826793 ], [ -70.3862822, 18.8269251 ], [ -70.3856653, 18.8272754 ], [ -70.3853971, 18.8274328 ], [ -70.3849787, 18.8276054 ], [ -70.3847909, 18.8278136 ], [ -70.3846246, 18.8280116 ], [ -70.3844798, 18.8282198 ], [ -70.384292, 18.8284889 ], [ -70.384174, 18.8286463 ], [ -70.3842384, 18.8290372 ], [ -70.3843188, 18.8294993 ], [ -70.3843886, 18.8297735 ], [ -70.3844369, 18.8301086 ], [ -70.3843832, 18.830398 ], [ -70.3841472, 18.8306163 ], [ -70.3838038, 18.8308854 ], [ -70.3820175, 18.8326421 ], [ -70.3822167, 18.8330076 ], [ -70.3821006, 18.8336626 ], [ -70.3819317, 18.8339622 ], [ -70.3818083, 18.8343481 ], [ -70.3815991, 18.8351249 ], [ -70.3815025, 18.8352873 ], [ -70.3813567, 18.8355856 ], [ -70.3815073, 18.8359827 ] ] ] } },
{ "type": "Feature", "properties": { "osm_id": "way/933080190", "highway": "unclassified", "surface": "dirt", "surf_class": "unpaved" }, "geometry": { "type": "MultiLineString", "coordinates": [ [ [ -70.3990173, 18.8072946 ], [ -70.3994036, 18.8091278 ], [ -70.3996933, 18.8099809 ], [ -70.4001117, 18.8106105 ], [ -70.4002136, 18.8106207 ], [ -70.4002512, 18.8105293 ], [ -70.4003906, 18.8104074 ], [ -70.4005891, 18.8102652 ], [ -70.4008091, 18.8101688 ], [ -70.4010022, 18.8101434 ], [ -70.4012436, 18.8101586 ], [ -70.4012972, 18.8102094 ], [ -70.4013401, 18.8102652 ], [ -70.4012758, 18.8102957 ], [ -70.4011953, 18.8103338 ], [ -70.4011282, 18.8104049 ], [ -70.4011819, 18.8105369 ], [ -70.4013294, 18.8106893 ], [ -70.4013321, 18.810839 ], [ -70.4013026, 18.8109482 ], [ -70.4012221, 18.8110142 ], [ -70.4011819, 18.8111107 ], [ -70.4011416, 18.8113545 ], [ -70.4012114, 18.8115601 ], [ -70.4011953, 18.8118648 ], [ -70.401147, 18.8120501 ], [ -70.4009432, 18.8120019 ], [ -70.4009861, 18.8123015 ], [ -70.401324, 18.8126874 ], [ -70.4014903, 18.8129311 ], [ -70.4016727, 18.8130124 ], [ -70.4018176, 18.8135506 ], [ -70.402016, 18.8136877 ], [ -70.4019624, 18.8138045 ], [ -70.4018068, 18.814033 ], [ -70.401898, 18.8142107 ], [ -70.4020429, 18.8144443 ], [ -70.4020912, 18.8145865 ], [ -70.4025525, 18.8151501 ], [ -70.4025418, 18.8154954 ], [ -70.4027724, 18.8161149 ] ] ] } },
{ "type": "Feature", "properties": { "osm_id": "way/942378689", "highway": "residential", "surf_class": "unknown" }, "geometry": { "type": "MultiLineString", "coordinates": [ [ [ -70.429817, 18.6954719 ], [ -70.4296254, 18.6956252 ], [ -70.429519, 18.6957502 ], [ -70.4294892, 18.6958873 ], [ -70.4294296, 18.6961696 ], [ -70.4294083, 18.6962503 ], [ -70.4293572, 18.6963027 ], [ -70.4292039, 18.6963793 ], [ -70.4288761, 18.6965649 ], [ -70.4288165, 18.6966496 ], [ -70.4286547, 18.6969359 ], [ -70.4285485, 18.6970939 ], [ -70.4284063, 18.6974877 ], [ -70.4283607, 18.6976198 ], [ -70.4283902, 18.6977824 ], [ -70.4283848, 18.6978968 ], [ -70.4279768, 18.6986111 ] ] ] } },
{ "type": "Feature", "properties": { "osm_id": "way/942378690", "highway": "residential", "surf_class": "unknown" }, "geometry": { "type": "MultiLineString", "coordinates": [ [ [ -70.4277499, 18.696466 ], [ -70.4279606, 18.696704 ], [ -70.4279795, 18.6967516 ] ] ] } },
{ "type": "Feature", "properties": { "osm_id": "way/942378691", "highway": "residential", "surf_class": "unknown" }, "geometry": { "type": "MultiLineString", "coordinates": [ [ [ -70.4278116, 18.6969258 ], [ -70.4275604, 18.6966879 ] ] ] } },
{ "type": "Feature", "properties": { "osm_id": "way/942378692", "highway": "residential", "surf_class": "unknown" }, "geometry": { "type": "MultiLineString", "coordinates": [ [ [ -70.4280799, 18.6966475 ], [ -70.4279795, 18.6967516 ], [ -70.4278116, 18.6969258 ], [ -70.4277882, 18.6970085 ], [ -70.4277478, 18.697071 ], [ -70.4273372, 18.6974492 ] ] ] } },
{ "type": "Feature", "properties": { "osm_id": "way/942378693", "highway": "residential", "surf_class": "unknown" }, "geometry": { "type": "MultiLineString", "coordinates": [ [ [ -70.4250334, 18.6964156 ], [ -70.4251527, 18.6969238 ], [ -70.4252591, 18.6971154 ] ] ] } },
{ "type": "Feature", "properties": { "osm_id": "way/942378694", "highway": "residential", "surf_class": "unknown" }, "geometry": { "type": "MultiLineString", "coordinates": [ [ [ -70.4246077, 18.6977082 ], [ -70.4247822, 18.6975671 ], [ -70.4249015, 18.6974904 ], [ -70.4250462, 18.6974178 ], [ -70.4250952, 18.6973795 ], [ -70.425225, 18.6971456 ], [ -70.4252591, 18.6971154 ] ] ] } },
{ "type": "Feature", "properties": { "osm_id": "way/942378695", "highway": "residential", "surf_class": "unknown" }, "geometry": { "type": "MultiLineString", "coordinates": [ [ [ -70.4276026, 18.6990962 ], [ -70.4274353, 18.6987733 ], [ -70.427151, 18.6979514 ], [ -70.4271027, 18.6978752 ], [ -70.427033, 18.6978358 ], [ -70.4269928, 18.6978142 ], [ -70.4269633, 18.6977685 ], [ -70.4268976, 18.6975614 ] ] ] } },
{ "type": "Feature", "properties": { "osm_id": "way/942378696", "highway": "residential", "surf_class": "unknown" }, "geometry": { "type": "MultiLineString", "coordinates": [ [ [ -70.430671, 18.7027981 ], [ -70.4305683, 18.7029367 ], [ -70.4304196, 18.7030888 ], [ -70.4301627, 18.7032872 ] ] ] } },
{ "type": "Feature", "properties": { "osm_id": "way/942378697", "highway": "residential", "surf_class": "unknown" }, "geometry": { "type": "MultiLineString", "coordinates": [ [ [ -70.4300752, 18.704626 ], [ -70.4300309, 18.7045028 ], [ -70.4300292, 18.7043612 ], [ -70.4300064, 18.7042779 ] ] ] } },
{ "type": "Feature", "properties": { "osm_id": "way/942378698", "highway": "residential", "surf_class": "unknown" }, "geometry": { "type": "MultiLineString", "coordinates": [ [ [ -70.4299162, 18.7063361 ], [ -70.4306257, 18.7061728 ], [ -70.4307264, 18.7061613 ], [ -70.4309586, 18.7062209 ] ] ] } },
{ "type": "Feature", "properties": { "osm_id": "way/982356813", "highway": "track", "surf_class": "unpaved (assumed)" }, "geometry": { "type": "MultiLineString", "coordinates": [ [ [ -70.4312629, 18.7376392 ], [ -70.431979, 18.7385638 ], [ -70.4323974, 18.7390756 ], [ -70.4328038, 18.739524 ], [ -70.433072, 18.7400497 ], [ -70.4332437, 18.7404434 ], [ -70.4333255, 18.7407622 ], [ -70.4333442, 18.7408714 ], [ -70.4333214, 18.7410823 ], [ -70.4333404, 18.7414202 ], [ -70.4332561, 18.7416119 ], [ -70.4331277, 18.7419088 ], [ -70.4330587, 18.7424857 ], [ -70.433026, 18.7428418 ], [ -70.4330832, 18.7431637 ], [ -70.4331186, 18.7432903 ], [ -70.4331379, 18.7434436 ], [ -70.4331458, 18.743606 ], [ -70.4331997, 18.743788 ], [ -70.433264, 18.744054 ], [ -70.4332858, 18.7442678 ], [ -70.4332666, 18.7445901 ], [ -70.4333104, 18.7448666 ], [ -70.4333094, 18.7453037 ], [ -70.4332745, 18.7456694 ], [ -70.4332611, 18.7459895 ], [ -70.4331619, 18.7464847 ], [ -70.4331076, 18.7470308 ], [ -70.4330165, 18.7473146 ], [ -70.43288, 18.7477241 ], [ -70.4328459, 18.7479324 ], [ -70.4327548, 18.748209 ], [ -70.4326903, 18.7484676 ], [ -70.4325272, 18.7488986 ], [ -70.4324703, 18.7492255 ], [ -70.4323545, 18.7500228 ], [ -70.4323143, 18.7504952 ], [ -70.4323717, 18.7509209 ], [ -70.4322687, 18.751148 ], [ -70.4322419, 18.751374 ], [ -70.4316927, 18.7520631 ], [ -70.4312034, 18.7526234 ], [ -70.4308127, 18.7532448 ], [ -70.4306041, 18.7535609 ], [ -70.4303651, 18.7537836 ], [ -70.4301603, 18.753938 ], [ -70.4299706, 18.7539991 ], [ -70.4297164, 18.7540314 ], [ -70.4294699, 18.7540063 ], [ -70.4291778, 18.7539345 ], [ -70.4290944, 18.7538842 ], [ -70.4286657, 18.7537477 ], [ -70.4283926, 18.7536794 ], [ -70.4282485, 18.753701 ], [ -70.428055, 18.7537908 ], [ -70.4276909, 18.7540063 ], [ -70.4271978, 18.7542038 ], [ -70.4268298, 18.7543367 ], [ -70.4265074, 18.7544732 ], [ -70.4261357, 18.7546349 ], [ -70.4259498, 18.7547749 ], [ -70.425808, 18.7548399 ], [ -70.4252291, 18.7551054 ], [ -70.4247397, 18.7554502 ], [ -70.424478, 18.7556837 ], [ -70.4242808, 18.7558381 ], [ -70.4240683, 18.7559459 ], [ -70.4236776, 18.7561108 ], [ -70.4235488, 18.7564155 ], [ -70.4238117, 18.756766 ], [ -70.4244554, 18.7576092 ], [ -70.4247022, 18.75798 ], [ -70.4246163, 18.7582391 ], [ -70.4244715, 18.7582492 ], [ -70.4243213, 18.7578987 ], [ -70.4241121, 18.7577718 ], [ -70.4235113, 18.7578581 ], [ -70.4233074, 18.7576854 ], [ -70.4231572, 18.7574213 ], [ -70.4227924, 18.7571419 ], [ -70.4223955, 18.7570657 ], [ -70.4219985, 18.7570454 ], [ -70.421741, 18.7567406 ], [ -70.4215586, 18.7564917 ], [ -70.4212636, 18.7564155 ], [ -70.4209203, 18.7563546 ], [ -70.4208076, 18.7563901 ], [ -70.4207861, 18.7566593 ], [ -70.4210061, 18.7568168 ], [ -70.4213133, 18.75698 ], [ -70.4213512, 18.7573176 ], [ -70.4213968, 18.7576121 ], [ -70.4216319, 18.7577989 ], [ -70.4219885, 18.7581006 ], [ -70.4220416, 18.7582443 ], [ -70.4222464, 18.7584885 ], [ -70.422512, 18.7586968 ], [ -70.4226713, 18.7589483 ], [ -70.4226789, 18.7591207 ], [ -70.4225195, 18.75925 ], [ -70.4223526, 18.7593003 ], [ -70.4221251, 18.7592572 ], [ -70.4219278, 18.7591638 ], [ -70.4216168, 18.759171 ], [ -70.4212223, 18.7593003 ], [ -70.4207747, 18.7595876 ], [ -70.4205622, 18.7597815 ], [ -70.420145, 18.7598965 ], [ -70.4197808, 18.7600689 ], [ -70.4193408, 18.7602197 ], [ -70.4188335, 18.7604182 ] ] ] } },
{ "type": "Feature", "properties": { "osm_id": "way/982356814", "highway": "track", "surf_class": "unpaved (assumed)" }, "geometry": { "type": "MultiLineString", "coordinates": [ [ [ -70.4188335, 18.7604182 ], [ -70.4183698, 18.7606651 ], [ -70.4178842, 18.7610027 ], [ -70.4172242, 18.7613906 ], [ -70.4168752, 18.7616636 ], [ -70.4166173, 18.7619366 ], [ -70.4164428, 18.7623244 ], [ -70.4163366, 18.762856 ], [ -70.4161469, 18.7633732 ], [ -70.4159497, 18.7640269 ], [ -70.4157752, 18.7644004 ], [ -70.4156007, 18.7646877 ], [ -70.4154793, 18.7648601 ], [ -70.4152745, 18.7649176 ], [ -70.4149407, 18.764853 ], [ -70.4145538, 18.7647739 ], [ -70.4142731, 18.7647021 ], [ -70.4140531, 18.7647021 ], [ -70.413742, 18.7647596 ], [ -70.4133855, 18.7649176 ], [ -70.4128772, 18.7652121 ], [ -70.4122779, 18.7655785 ], [ -70.4114585, 18.7659592 ], [ -70.4108592, 18.7662609 ], [ -70.4102295, 18.7665985 ], [ -70.4094557, 18.7670294 ], [ -70.408864, 18.7673455 ], [ -70.4082722, 18.7676328 ], [ -70.407855, 18.7678339 ], [ -70.4073922, 18.7681069 ], [ -70.4070887, 18.7682434 ], [ -70.4067853, 18.7683224 ], [ -70.4064894, 18.7682937 ], [ -70.4061404, 18.7683152 ], [ -70.4058522, 18.7683583 ], [ -70.4055942, 18.7682649 ], [ -70.4054349, 18.7681428 ], [ -70.4052452, 18.7679632 ], [ -70.4051239, 18.7677334 ], [ -70.4051314, 18.7675179 ], [ -70.4050328, 18.767482 ], [ -70.4048052, 18.7676759 ], [ -70.4045321, 18.7678268 ], [ -70.4041376, 18.7679776 ], [ -70.4036748, 18.768071 ], [ -70.4033199, 18.7680994 ], [ -70.4029766, 18.7680486 ], [ -70.4027728, 18.7679165 ], [ -70.4025689, 18.7679775 ], [ -70.40229, 18.7679775 ], [ -70.4019467, 18.7679572 ], [ -70.4017213, 18.7678556 ], [ -70.4015926, 18.7677946 ], [ -70.4012493, 18.7678251 ], [ -70.4009596, 18.7677337 ], [ -70.4008481, 18.7676843 ], [ -70.4007624, 18.767539 ], [ -70.4007173, 18.7672358 ], [ -70.4007489, 18.7670949 ], [ -70.4009428, 18.7669368 ], [ -70.4009609, 18.7668429 ], [ -70.4009473, 18.7666549 ], [ -70.4009248, 18.7664456 ], [ -70.4008887, 18.7663346 ], [ -70.4007353, 18.7662364 ], [ -70.4006, 18.7662022 ], [ -70.4004511, 18.7662193 ], [ -70.4002482, 18.7663218 ], [ -70.4000316, 18.7664542 ], [ -70.3998061, 18.7665994 ], [ -70.3996572, 18.7667702 ], [ -70.3994858, 18.7669838 ], [ -70.3992538, 18.7671133 ] ] ] } },
{ "type": "Feature", "properties": { "osm_id": "way/983294968", "highway": "residential", "surf_class": "unknown" }, "geometry": { "type": "MultiLineString", "coordinates": [ [ [ -70.4544618, 18.7070439 ], [ -70.4547313, 18.7061184 ] ] ] } },
{ "type": "Feature", "properties": { "osm_id": "way/983294969", "highway": "unclassified", "surf_class": "unknown" }, "geometry": { "type": "MultiLineString", "coordinates": [ [ [ -70.4596029, 18.7271585 ], [ -70.4599462, 18.7256547 ], [ -70.4604826, 18.7250654 ], [ -70.4611049, 18.7232364 ], [ -70.4622207, 18.72283 ], [ -70.4627357, 18.7213261 ], [ -70.4628859, 18.7195784 ], [ -70.4626498, 18.7187655 ], [ -70.46142, 18.7169854 ], [ -70.4611276, 18.7164973 ], [ -70.4610012, 18.7162605 ], [ -70.4609808, 18.7162223 ], [ -70.4608737, 18.7159359 ], [ -70.4608333, 18.7157295 ], [ -70.4606053, 18.7149292 ] ] ] } },
{ "type": "Feature", "properties": { "osm_id": "way/985374345", "highway": "unclassified", "surf_class": "unknown" }, "geometry": { "type": "MultiLineString", "coordinates": [ [ [ -70.3574612, 18.7887998 ], [ -70.3571389, 18.7887546 ], [ -70.3565256, 18.7880569 ], [ -70.3562566, 18.7880518 ], [ -70.3560845, 18.7882504 ], [ -70.3557079, 18.7883319 ], [ -70.3551862, 18.7893046 ], [ -70.3548257, 18.7896407 ], [ -70.3546966, 18.7903079 ], [ -70.3541695, 18.7908884 ], [ -70.3540027, 18.7914486 ], [ -70.354035, 18.791856 ], [ -70.3535186, 18.7927472 ], [ -70.3536638, 18.7932157 ] ] ] } },
{ "type": "Feature", "properties": { "osm_id": "way/985545905", "highway": "unclassified", "surf_class": "unknown" }, "geometry": { "type": "MultiLineString", "coordinates": [ [ [ -70.4680467, 18.7193867 ], [ -70.4684329, 18.7204588 ], [ -70.4687333, 18.7212005 ], [ -70.4687762, 18.7215054 ], [ -70.4693127, 18.7227958 ], [ -70.4698169, 18.7232937 ], [ -70.4707611, 18.7241574 ], [ -70.472306, 18.7262912 ], [ -70.4728639, 18.726596 ], [ -70.4744625, 18.7281405 ], [ -70.4775739, 18.7295122 ], [ -70.4782927, 18.7296239 ] ] ] } },
{ "type": "Feature", "properties": { "osm_id": "way/985545907", "highway": "track", "surf_class": "unpaved (assumed)" }, "geometry": { "type": "MultiLineString", "coordinates": [ [ [ -70.4668987, 18.716024 ], [ -70.4668665, 18.7165161 ], [ -70.4670757, 18.7176085 ], [ -70.4671937, 18.7177812 ], [ -70.4676604, 18.7193867 ], [ -70.4680467, 18.7193867 ] ] ] } },
{ "type": "Feature", "properties": { "osm_id": "way/985545908", "highway": "unclassified", "surf_class": "unknown" }, "geometry": { "type": "MultiLineString", "coordinates": [ [ [ -70.4680467, 18.7193867 ], [ -70.4684329, 18.7192242 ], [ -70.469597, 18.7189549 ], [ -70.470289, 18.7184722 ] ] ] } },
{ "type": "Feature", "properties": { "osm_id": "way/985545909", "highway": "unclassified", "surf_class": "unknown" }, "geometry": { "type": "MultiLineString", "coordinates": [ [ [ -70.5243031, 18.6638447 ], [ -70.5239061, 18.663987 ], [ -70.5234233, 18.6640683 ], [ -70.5230693, 18.6646172 ], [ -70.5233482, 18.665156 ], [ -70.5231873, 18.6665587 ], [ -70.5236165, 18.6671177 ], [ -70.5235735, 18.6680935 ], [ -70.5227152, 18.6687135 ], [ -70.522093, 18.6688558 ], [ -70.5215458, 18.6696385 ], [ -70.5212668, 18.6708277 ], [ -70.5208484, 18.6711834 ], [ -70.5203978, 18.6711326 ], [ -70.5194859, 18.6719152 ], [ -70.5197755, 18.6729723 ], [ -70.5194, 18.6740802 ], [ -70.5191962, 18.6744054 ], [ -70.5191747, 18.6749848 ], [ -70.5184666, 18.6749035 ], [ -70.518016, 18.6751677 ], [ -70.5176298, 18.6751677 ], [ -70.5173401, 18.675493 ], [ -70.5170719, 18.6755336 ], [ -70.5167715, 18.6758894 ], [ -70.5171362, 18.6769769 ], [ -70.5164925, 18.6777189 ], [ -70.5159668, 18.6778205 ], [ -70.5155591, 18.6783389 ], [ -70.5152802, 18.6781559 ], [ -70.5154625, 18.6777697 ], [ -70.5144969, 18.6769363 ], [ -70.5137674, 18.6767838 ], [ -70.5128554, 18.677414 ], [ -70.5116645, 18.6776376 ], [ -70.511053, 18.6781153 ], [ -70.5101732, 18.6779933 ], [ -70.509787, 18.6786844 ], [ -70.5091111, 18.678908 ], [ -70.5087785, 18.6800464 ], [ -70.5086282, 18.6809713 ], [ -70.5079631, 18.6820282 ] ] ] } },
{ "type": "Feature", "properties": { "osm_id": "way/985545910", "highway": "unclassified", "surf_class": "unknown" }, "geometry": { "type": "MultiLineString", "coordinates": [ [ [ -70.4696453, 18.7159979 ], [ -70.469715, 18.7154593 ], [ -70.4704365, 18.7149538 ], [ -70.4705223, 18.714748 ], [ -70.4704258, 18.7145372 ], [ -70.4701871, 18.7142933 ], [ -70.4700288, 18.7141739 ], [ -70.4697579, 18.7141079 ], [ -70.4694495, 18.7139529 ], [ -70.4692832, 18.713803 ], [ -70.4691705, 18.7134931 ], [ -70.4687682, 18.7131527 ], [ -70.4686475, 18.712891 ], [ -70.4684544, 18.7122686 ], [ -70.4680413, 18.7119028 ], [ -70.4677355, 18.7119434 ], [ -70.4675853, 18.7119688 ], [ -70.4675371, 18.7117656 ], [ -70.4679233, 18.7110238 ], [ -70.4685402, 18.7102464 ], [ -70.4688835, 18.7091286 ], [ -70.4687977, 18.7087831 ], [ -70.4681862, 18.7077364 ], [ -70.4681862, 18.7075433 ], [ -70.4684329, 18.7072486 ], [ -70.4685295, 18.7067405 ], [ -70.4689264, 18.7062426 ], [ -70.4692161, 18.7061105 ], [ -70.4690015, 18.7056125 ], [ -70.4691196, 18.7052873 ], [ -70.4691303, 18.7047894 ], [ -70.4693878, 18.7041289 ], [ -70.4693341, 18.7036817 ], [ -70.4693663, 18.7031634 ], [ -70.4693556, 18.7029907 ], [ -70.4690659, 18.7028992 ], [ -70.4684436, 18.7021574 ], [ -70.4684544, 18.7018423 ], [ -70.4691839, 18.7012631 ], [ -70.469538, 18.7007753 ], [ -70.4705572, 18.7003688 ], [ -70.4715979, 18.6993017 ], [ -70.4721129, 18.699068 ], [ -70.4728317, 18.6993627 ], [ -70.4738295, 18.6996473 ], [ -70.4752886, 18.7011208 ], [ -70.4758787, 18.7011818 ], [ -70.4763615, 18.7021777 ], [ -70.4770053, 18.7025435 ], [ -70.4777134, 18.7025944 ], [ -70.4779923, 18.7029704 ], [ -70.4782176, 18.7040374 ], [ -70.4787004, 18.7041695 ], [ -70.4796016, 18.7040069 ], [ -70.4799128, 18.7040374 ], [ -70.4801917, 18.703885 ], [ -70.480578, 18.7039561 ], [ -70.4809857, 18.703763 ], [ -70.4824019, 18.7036309 ], [ -70.4830778, 18.7037529 ], [ -70.4844618, 18.703763 ], [ -70.4853201, 18.7033667 ], [ -70.4860818, 18.7033362 ], [ -70.4871225, 18.7031838 ], [ -70.4874551, 18.7030212 ], [ -70.4881847, 18.7023606 ], [ -70.4885709, 18.7022285 ], [ -70.4892469, 18.7024419 ], [ -70.4900622, 18.7026248 ], [ -70.4906416, 18.7031533 ], [ -70.4918486, 18.7032701 ], [ -70.4927445, 18.7027925 ], [ -70.4932755, 18.7027011 ], [ -70.4936349, 18.7027417 ], [ -70.4943109, 18.7029602 ], [ -70.4952657, 18.7029145 ], [ -70.4955608, 18.7026045 ], [ -70.4957646, 18.7020456 ], [ -70.495711, 18.7014358 ], [ -70.4959256, 18.7011056 ], [ -70.4962796, 18.7007804 ], [ -70.4967195, 18.7000385 ], [ -70.497213, 18.6999471 ], [ -70.497492, 18.6994694 ], [ -70.4974705, 18.6992967 ], [ -70.4970253, 18.6987276 ], [ -70.4963493, 18.6971523 ], [ -70.4958075, 18.6966544 ], [ -70.4955018, 18.6961971 ], [ -70.4949278, 18.6957753 ], [ -70.4948849, 18.6954806 ], [ -70.4949546, 18.6950029 ], [ -70.4947293, 18.693946 ], [ -70.4944772, 18.6934074 ], [ -70.4941821, 18.6923708 ], [ -70.4941124, 18.6917457 ], [ -70.4942143, 18.6912274 ], [ -70.494386, 18.690887 ], [ -70.4948366, 18.6904804 ], [ -70.4948634, 18.6893066 ], [ -70.4953998, 18.6888035 ], [ -70.4955715, 18.6884732 ], [ -70.496065, 18.688087 ], [ -70.4966068, 18.6872537 ], [ -70.4970038, 18.6871723 ], [ -70.4970253, 18.6870148 ], [ -70.4968643, 18.6866693 ], [ -70.4969609, 18.6862831 ], [ -70.4976261, 18.6857901 ], [ -70.4982752, 18.6855665 ], [ -70.4984844, 18.6852921 ], [ -70.4985648, 18.6848348 ], [ -70.4988706, 18.6845096 ], [ -70.4991067, 18.6838439 ], [ -70.4992569, 18.6835593 ], [ -70.4994607, 18.6833967 ], [ -70.4998416, 18.6833154 ], [ -70.5002976, 18.6832645 ], [ -70.5006355, 18.6831273 ], [ -70.5010378, 18.6827513 ], [ -70.501349, 18.6824006 ], [ -70.5015904, 18.6821516 ], [ -70.5019552, 18.6821567 ], [ -70.5023789, 18.6822126 ], [ -70.5025613, 18.6827055 ], [ -70.5027974, 18.682985 ], [ -70.5031461, 18.6831629 ], [ -70.5038381, 18.6828834 ], [ -70.5043799, 18.6826751 ], [ -70.5048412, 18.6827259 ], [ -70.5056351, 18.6830613 ], [ -70.505898, 18.683046 ], [ -70.506177, 18.6827614 ], [ -70.5066651, 18.6825582 ], [ -70.5077541, 18.6822939 ], [ -70.5079097, 18.6822177 ], [ -70.5079631, 18.6820282 ] ] ] } },
{ "type": "Feature", "properties": { "osm_id": "way/985545911", "highway": "unclassified", "surf_class": "unknown" }, "geometry": { "type": "MultiLineString", "coordinates": [ [ [ -70.4703507, 18.7168184 ], [ -70.469941, 18.7167103 ] ] ] } },
{ "type": "Feature", "properties": { "osm_id": "way/985545912", "highway": "unclassified", "surf_class": "unknown" }, "geometry": { "type": "MultiLineString", "coordinates": [ [ [ -70.4701882, 18.7180871 ], [ -70.4704043, 18.717075 ], [ -70.4703507, 18.7168184 ], [ -70.470458, 18.7165466 ] ] ] } },
{ "type": "Feature", "properties": { "osm_id": "way/985545913", "highway": "unclassified", "surf_class": "unknown" }, "geometry": { "type": "MultiLineString", "coordinates": [ [ [ -70.4689213, 18.7159199 ], [ -70.4691142, 18.7161249 ], [ -70.4696935, 18.7163129 ], [ -70.4699135, 18.7165415 ], [ -70.469941, 18.7167103 ], [ -70.4701281, 18.7178575 ], [ -70.4701882, 18.7180871 ], [ -70.470289, 18.7184722 ] ] ] } },
{ "type": "Feature", "properties": { "osm_id": "way/985545914", "highway": "unclassified", "surf_class": "unknown" }, "geometry": { "type": "MultiLineString", "coordinates": [ [ [ -70.4714316, 18.7160131 ], [ -70.4700422, 18.7160792 ], [ -70.4696453, 18.7159979 ], [ -70.4689213, 18.7159199 ], [ -70.4687494, 18.7159014 ], [ -70.4682183, 18.7160081 ], [ -70.467824, 18.716097 ], [ -70.4673385, 18.7161376 ], [ -70.4672286, 18.7161389 ], [ -70.4671186, 18.7161224 ], [ -70.4668987, 18.716024 ] ] ] } },
{ "type": "Feature", "properties": { "osm_id": "way/985545915", "highway": "unclassified", "surf_class": "unknown" }, "geometry": { "type": "MultiLineString", "coordinates": [ [ [ -70.4544618, 18.7070439 ], [ -70.454243, 18.707021 ], [ -70.4539624, 18.7070632 ], [ -70.4540616, 18.7081683 ] ] ] } },
{ "type": "Feature", "properties": { "osm_id": "way/985545916", "highway": "unclassified", "surf_class": "unknown" }, "geometry": { "type": "MultiLineString", "coordinates": [ [ [ -70.4540187, 18.7106416 ], [ -70.4539543, 18.7113083 ] ] ] } },
{ "type": "Feature", "properties": { "osm_id": "way/985545917", "highway": "unclassified", "surf_class": "unknown" }, "geometry": { "type": "MultiLineString", "coordinates": [ [ [ -70.4542923, 18.710033 ], [ -70.4543204, 18.7102731 ], [ -70.4541206, 18.7104598 ], [ -70.4540187, 18.7106416 ] ] ] } },
{ "type": "Feature", "properties": { "osm_id": "way/985545918", "highway": "unclassified", "surf_class": "unknown" }, "geometry": { "type": "MultiLineString", "coordinates": [ [ [ -70.4556377, 18.7078972 ], [ -70.455569, 18.7086053 ], [ -70.4554081, 18.7087628 ], [ -70.4551345, 18.7086764 ], [ -70.4549575, 18.708651 ], [ -70.4548878, 18.7087526 ], [ -70.4546571, 18.7097129 ], [ -70.4542923, 18.710033 ] ] ] } },
{ "type": "Feature", "properties": { "osm_id": "way/985545919", "highway": "unclassified", "surf_class": "unknown" }, "geometry": { "type": "MultiLineString", "coordinates": [ [ [ -70.4126277, 18.7270048 ], [ -70.4142791, 18.7260981 ], [ -70.4148799, 18.726027 ], [ -70.4159796, 18.7254072 ], [ -70.4169077, 18.7247772 ], [ -70.4175407, 18.7240863 ], [ -70.418061, 18.7234715 ] ] ] } },
{ "type": "Feature", "properties": { "osm_id": "way/985545920", "highway": "unclassified", "surf_class": "unknown" }, "geometry": { "type": "MultiLineString", "coordinates": [ [ [ -70.4160754, 18.7212699 ], [ -70.4156041, 18.7210989 ], [ -70.415293, 18.7207179 ], [ -70.4148585, 18.7204638 ] ] ] } },
{ "type": "Feature", "properties": { "osm_id": "way/985545921", "highway": "service", "surf_class": "unknown" }, "geometry": { "type": "MultiLineString", "coordinates": [ [ [ -70.4207975, 18.7115561 ], [ -70.4193431, 18.7114658 ], [ -70.4192211, 18.711448 ], [ -70.4188938, 18.7112664 ], [ -70.4187557, 18.7111635 ], [ -70.4184392, 18.7109679 ], [ -70.4178008, 18.7108637 ], [ -70.4157543, 18.7105284 ], [ -70.4121092, 18.7099492 ] ] ] } },
{ "type": "Feature", "properties": { "osm_id": "way/985545922", "highway": "unclassified", "surf_class": "unknown" }, "geometry": { "type": "MultiLineString", "coordinates": [ [ [ -70.4710663, 18.6661059 ], [ -70.4713672, 18.6659502 ], [ -70.4715711, 18.665447 ], [ -70.4717052, 18.6648829 ], [ -70.4717239, 18.6641125 ] ] ] } },
{ "type": "Feature", "properties": { "osm_id": "way/985545923", "highway": "unclassified", "surf_class": "unknown" }, "geometry": { "type": "MultiLineString", "coordinates": [ [ [ -70.4532317, 18.6706377 ], [ -70.4528895, 18.6702523 ], [ -70.452683, 18.6702243 ], [ -70.4522967, 18.6703183 ], [ -70.45194, 18.6703259 ], [ -70.4517844, 18.6703285 ], [ -70.4516611, 18.670143 ], [ -70.4515189, 18.6697517 ], [ -70.4514277, 18.66965 ], [ -70.4506633, 18.6692409 ], [ -70.4499579, 18.6688572 ], [ -70.4494858, 18.6685828 ], [ -70.4490995, 18.6686234 ], [ -70.4487026, 18.6688928 ], [ -70.448252, 18.669523 ], [ -70.4478014, 18.6695687 ], [ -70.4473132, 18.6695433 ], [ -70.4470503, 18.6699041 ], [ -70.4467553, 18.6704784 ], [ -70.4460901, 18.6707071 ], [ -70.4447651, 18.6709256 ], [ -70.4444754, 18.6707935 ], [ -70.443939, 18.6712052 ], [ -70.4432899, 18.6711188 ] ] ] } },
{ "type": "Feature", "properties": { "osm_id": "way/986476903", "highway": "residential", "surf_class": "unknown" }, "geometry": { "type": "MultiLineString", "coordinates": [ [ [ -70.4594312, 18.7091966 ], [ -70.4591741, 18.7088572 ], [ -70.4591422, 18.708837 ], [ -70.4590996, 18.708835 ], [ -70.4586739, 18.7088168 ], [ -70.4583652, 18.7087604 ], [ -70.4581861, 18.708746 ], [ -70.4579884, 18.7087301 ], [ -70.4577542, 18.7087342 ], [ -70.4573518, 18.7088007 ] ] ] } },
{ "type": "Feature", "properties": { "osm_id": "way/986476904", "highway": "residential", "surf_class": "unknown" }, "geometry": { "type": "MultiLineString", "coordinates": [ [ [ -70.4583814, 18.7103701 ], [ -70.4583652, 18.7101678 ], [ -70.4583822, 18.7101275 ], [ -70.4584184, 18.7100972 ], [ -70.4586909, 18.7099742 ], [ -70.4588101, 18.7098775 ], [ -70.4590102, 18.7096214 ], [ -70.4592827, 18.7092907 ], [ -70.4593721, 18.7092383 ], [ -70.4594312, 18.7091966 ], [ -70.4595063, 18.7091435 ], [ -70.4603088, 18.7083934 ], [ -70.4607048, 18.7080728 ], [ -70.4609319, 18.7078901 ], [ -70.4611245, 18.7077749 ], [ -70.461672, 18.707474 ], [ -70.4619423, 18.7073684 ], [ -70.4622532, 18.7072947 ], [ -70.4623986, 18.7072819 ], [ -70.4624481, 18.7073059 ], [ -70.4625066, 18.7073947 ], [ -70.4628915, 18.7088606 ], [ -70.4630014, 18.7091362 ], [ -70.4631288, 18.7096888 ], [ -70.463267, 18.7102108 ], [ -70.4632992, 18.7104268 ], [ -70.4632589, 18.7107494 ], [ -70.4632804, 18.7108332 ], [ -70.4633689, 18.711039 ], [ -70.4639161, 18.7118342 ], [ -70.4639348, 18.7119358 ], [ -70.4638839, 18.7119764 ], [ -70.4635781, 18.7120958 ] ] ] } },
{ "type": "Feature", "properties": { "osm_id": "way/986476905", "highway": "residential", "surf_class": "unknown" }, "geometry": { "type": "MultiLineString", "coordinates": [ [ [ -70.4578932, 18.7098815 ], [ -70.4571757, 18.7101371 ] ] ] } },
{ "type": "Feature", "properties": { "osm_id": "way/986476906", "highway": "residential", "surf_class": "unknown" }, "geometry": { "type": "MultiLineString", "coordinates": [ [ [ -70.4566365, 18.7091455 ], [ -70.4566323, 18.7091798 ], [ -70.4566578, 18.7092564 ], [ -70.4566536, 18.7092846 ] ] ] } },
{ "type": "Feature", "properties": { "osm_id": "way/986476907", "highway": "residential", "surf_class": "unknown" }, "geometry": { "type": "MultiLineString", "coordinates": [ [ [ -70.4566536, 18.7092846 ], [ -70.4566323, 18.7092988 ], [ -70.4559411, 18.7095573 ] ] ] } },
{ "type": "Feature", "properties": { "osm_id": "way/986476908", "highway": "residential", "surf_class": "unknown" }, "geometry": { "type": "MultiLineString", "coordinates": [ [ [ -70.4572582, 18.7089378 ], [ -70.457124, 18.7089862 ], [ -70.4566621, 18.7091233 ], [ -70.4566365, 18.7091455 ] ] ] } },
{ "type": "Feature", "properties": { "osm_id": "way/986476909", "highway": "residential", "surf_class": "unknown" }, "geometry": { "type": "MultiLineString", "coordinates": [ [ [ -70.4560141, 18.7097011 ], [ -70.4566198, 18.7094489 ] ] ] } },
{ "type": "Feature", "properties": { "osm_id": "way/986476910", "highway": "residential", "surf_class": "unknown" }, "geometry": { "type": "MultiLineString", "coordinates": [ [ [ -70.456181, 18.7099869 ], [ -70.4566046, 18.7098266 ] ] ] } },
{ "type": "Feature", "properties": { "osm_id": "way/986476911", "highway": "residential", "surf_class": "unknown" }, "geometry": { "type": "MultiLineString", "coordinates": [ [ [ -70.4556905, 18.7089688 ], [ -70.4556432, 18.7089432 ], [ -70.4549876, 18.7088535 ] ] ] } },
{ "type": "Feature", "properties": { "osm_id": "way/986476912", "highway": "residential", "surf_class": "unknown" }, "geometry": { "type": "MultiLineString", "coordinates": [ [ [ -70.4564638, 18.7106245 ], [ -70.456181, 18.7099869 ], [ -70.4560141, 18.7097011 ], [ -70.4559411, 18.7095573 ], [ -70.4557682, 18.7091672 ], [ -70.4557378, 18.7090424 ], [ -70.4556905, 18.7089688 ] ] ] } },
{ "type": "Feature", "properties": { "osm_id": "way/1032785767", "highway": "service", "surf_class": "unknown" }, "geometry": { "type": "MultiLineString", "coordinates": [ [ [ -70.4465488, 18.6996371 ], [ -70.4462269, 18.7000969 ], [ -70.4460821, 18.7002748 ], [ -70.4459345, 18.7003561 ], [ -70.445728, 18.7004145 ], [ -70.4452103, 18.7006025 ], [ -70.4451567, 18.7006127 ], [ -70.4451004, 18.7005873 ], [ -70.445044, 18.7005466 ], [ -70.4445839, 18.7000258 ] ] ] } },
{ "type": "Feature", "properties": { "osm_id": "way/1033108053", "highway": "residential", "surf_class": "unknown" }, "geometry": { "type": "MultiLineString", "coordinates": [ [ [ -70.4446869, 18.6960552 ], [ -70.4447597, 18.6960294 ], [ -70.444804, 18.6960256 ], [ -70.4448965, 18.6960459 ], [ -70.4450186, 18.6961259 ], [ -70.4451916, 18.6962593 ], [ -70.4454437, 18.6964791 ], [ -70.4455309, 18.6965477 ], [ -70.4455456, 18.6965769 ], [ -70.4455818, 18.6967903 ] ] ] } },
{ "type": "Feature", "properties": { "osm_id": "way/1033108054", "highway": "service", "surf_class": "unknown" }, "geometry": { "type": "MultiLineString", "coordinates": [ [ [ -70.4472301, 18.6947044 ], [ -70.4471335, 18.694604 ], [ -70.4470356, 18.694477 ], [ -70.4469699, 18.6944008 ], [ -70.4469337, 18.6943462 ], [ -70.4469216, 18.6943093 ], [ -70.4469162, 18.6942572 ], [ -70.4469283, 18.6941975 ], [ -70.4470061, 18.6940375 ], [ -70.4473051, 18.6937212 ] ] ] } },
{ "type": "Feature", "properties": { "osm_id": "way/1034972980", "highway": "residential", "surf_class": "unknown" }, "geometry": { "type": "MultiLineString", "coordinates": [ [ [ -70.3357449, 18.7637713 ], [ -70.3351566, 18.7640575 ] ] ] } },
{ "type": "Feature", "properties": { "osm_id": "way/1034972981", "highway": "residential", "surf_class": "unknown" }, "geometry": { "type": "MultiLineString", "coordinates": [ [ [ -70.3349989, 18.7647999 ], [ -70.335229, 18.7646162 ], [ -70.3353766, 18.764507 ], [ -70.3354812, 18.7644181 ], [ -70.3355697, 18.7643267 ], [ -70.3356448, 18.7642556 ], [ -70.3357467, 18.764187 ], [ -70.3358647, 18.7641449 ] ] ] } },
{ "type": "Feature", "properties": { "osm_id": "way/1034972982", "highway": "residential", "surf_class": "unknown" }, "geometry": { "type": "MultiLineString", "coordinates": [ [ [ -70.3372742, 18.7639178 ], [ -70.3371016, 18.7635383 ] ] ] } },
{ "type": "Feature", "properties": { "osm_id": "way/1035016023", "highway": "residential", "surf_class": "unknown" }, "geometry": { "type": "MultiLineString", "coordinates": [ [ [ -70.3347747, 18.7656406 ], [ -70.3346269, 18.7657521 ], [ -70.3345578, 18.7657826 ], [ -70.3344888, 18.7658022 ], [ -70.3342567, 18.7658327 ] ] ] } },
{ "type": "Feature", "properties": { "osm_id": "way/1035016024", "highway": "residential", "surf_class": "unknown" }, "geometry": { "type": "MultiLineString", "coordinates": [ [ [ -70.3343949, 18.7652892 ], [ -70.3343774, 18.7652492 ], [ -70.334364, 18.7652308 ], [ -70.3343345, 18.7652086 ], [ -70.3340516, 18.7651521 ], [ -70.3335755, 18.7651838 ], [ -70.3334722, 18.7651711 ], [ -70.3333528, 18.7651267 ], [ -70.3332911, 18.7650924 ], [ -70.3331999, 18.7649883 ] ] ] } },
{ "type": "Feature", "properties": { "osm_id": "way/1035016025", "highway": "residential", "surf_class": "unknown" }, "geometry": { "type": "MultiLineString", "coordinates": [ [ [ -70.3350674, 18.7658379 ], [ -70.3348911, 18.7657311 ], [ -70.3347747, 18.7656406 ], [ -70.3346316, 18.7655292 ], [ -70.3346115, 18.7655121 ], [ -70.334596, 18.7654835 ], [ -70.3345645, 18.7653705 ] ] ] } },
{ "type": "Feature", "properties": { "osm_id": "way/1035016026", "highway": "residential", "surf_class": "unknown" }, "geometry": { "type": "MultiLineString", "coordinates": [ [ [ -70.3342607, 18.7667092 ], [ -70.3337041, 18.7660157 ], [ -70.3335339, 18.7658035 ], [ -70.3335084, 18.7657997 ], [ -70.3334715, 18.7658054 ], [ -70.3334306, 18.7658257 ], [ -70.3332026, 18.7660143 ], [ -70.3331557, 18.7660384 ], [ -70.3328405, 18.7661705 ] ] ] } },
{ "type": "Feature", "properties": { "osm_id": "way/1035948524", "highway": "residential", "surf_class": "unknown" }, "geometry": { "type": "MultiLineString", "coordinates": [ [ [ -70.4230741, 18.7069666 ], [ -70.4229011, 18.706691 ], [ -70.4228394, 18.706569 ], [ -70.4227562, 18.706423 ] ] ] } },
{ "type": "Feature", "properties": { "osm_id": "way/1035951972", "highway": "residential", "surf_class": "unknown" }, "geometry": { "type": "MultiLineString", "coordinates": [ [ [ -70.4209732, 18.7130517 ], [ -70.4207835, 18.712957 ], [ -70.4206909, 18.7129196 ], [ -70.4206554, 18.712891 ], [ -70.4206339, 18.7128478 ], [ -70.4205957, 18.7127754 ], [ -70.4205521, 18.7126389 ], [ -70.42053, 18.712609 ], [ -70.4204924, 18.7125887 ], [ -70.4203382, 18.7125874 ] ] ] } },
{ "type": "Feature", "properties": { "osm_id": "way/1035953368", "highway": "residential", "surf_class": "unknown" }, "geometry": { "type": "MultiLineString", "coordinates": [ [ [ -70.4225055, 18.7178165 ], [ -70.4225095, 18.7175945 ], [ -70.4224934, 18.7173824 ], [ -70.4225108, 18.7172948 ], [ -70.4226342, 18.7170712 ], [ -70.4228649, 18.7167105 ], [ -70.4230942, 18.716304 ], [ -70.4232457, 18.7160093 ], [ -70.4234093, 18.7156334 ], [ -70.4235106, 18.7154212 ], [ -70.4235803, 18.715319 ], [ -70.4236085, 18.7152885 ], [ -70.4236863, 18.7152529 ], [ -70.4241027, 18.7151297 ], [ -70.4243947, 18.7150526 ], [ -70.4245322, 18.7149986 ], [ -70.4246485, 18.7149233 ] ] ] } },
{ "type": "Feature", "properties": { "osm_id": "way/1037025023", "highway": "service", "surf_class": "unknown" }, "geometry": { "type": "MultiLineString", "coordinates": [ [ [ -70.4562341, 18.6992828 ], [ -70.4562919, 18.6994364 ], [ -70.4563402, 18.6995761 ], [ -70.4564099, 18.6998073 ], [ -70.4564394, 18.7000347 ], [ -70.4564515, 18.7002786 ], [ -70.4564676, 18.7004501 ], [ -70.4565105, 18.7007207 ], [ -70.4565239, 18.7008883 ], [ -70.4565333, 18.7009341 ], [ -70.4565561, 18.7009722 ], [ -70.4566272, 18.701009 ], [ -70.4571274, 18.701258 ], [ -70.4574761, 18.7014511 ], [ -70.4576772, 18.7015502 ], [ -70.4578167, 18.701601 ], [ -70.4579401, 18.7016365 ], [ -70.4580635, 18.7016442 ], [ -70.4582942, 18.7016111 ] ] ] } },
{ "type": "Feature", "properties": { "osm_id": "way/1037260843", "highway": "service", "surf_class": "unknown" }, "geometry": { "type": "MultiLineString", "coordinates": [ [ [ -70.4597328, 18.7113412 ], [ -70.4606921, 18.711166 ], [ -70.4615819, 18.7109685 ], [ -70.4616308, 18.710952 ], [ -70.4616328, 18.7109107 ], [ -70.4615269, 18.7106954 ] ] ] } },
{ "type": "Feature", "properties": { "osm_id": "way/1037263718", "highway": "service", "surf_class": "unknown" }, "geometry": { "type": "MultiLineString", "coordinates": [ [ [ -70.4120904, 18.7058209 ], [ -70.4131383, 18.7065106 ], [ -70.4139894, 18.7070708 ], [ -70.4140565, 18.707086 ] ] ] } },
{ "type": "Feature", "properties": { "osm_id": "way/1037263719", "highway": "service", "surf_class": "unknown" }, "geometry": { "type": "MultiLineString", "coordinates": [ [ [ -70.4134154, 18.7054017 ], [ -70.4136407, 18.7053204 ], [ -70.4140055, 18.705046 ], [ -70.4141665, 18.704952 ], [ -70.4142201, 18.7048834 ], [ -70.4143623, 18.7045226 ], [ -70.4144159, 18.704449 ], [ -70.4147029, 18.7043905 ], [ -70.4148746, 18.7043524 ], [ -70.4151857, 18.7043397 ], [ -70.4154754, 18.7044134 ], [ -70.4156417, 18.7045455 ], [ -70.4158831, 18.7047614 ], [ -70.4161406, 18.704924 ], [ -70.4161996, 18.7049545 ], [ -70.4162076, 18.7049952 ], [ -70.4161754, 18.7050663 ], [ -70.4160199, 18.7053686 ], [ -70.4159153, 18.7054753 ], [ -70.4156175, 18.7057065 ], [ -70.4153815, 18.7059403 ], [ -70.4152608, 18.7060419 ] ] ] } },
{ "type": "Feature", "properties": { "osm_id": "way/1037263720", "highway": "service", "surf_class": "unknown" }, "geometry": { "type": "MultiLineString", "coordinates": [ [ [ -70.4148987, 18.7056557 ], [ -70.4152608, 18.7060419 ], [ -70.4152367, 18.7060673 ], [ -70.4149175, 18.7063366 ], [ -70.4141343, 18.7069997 ], [ -70.4140565, 18.707086 ], [ -70.4141155, 18.7071165 ], [ -70.4146814, 18.7073375 ], [ -70.4162452, 18.7079269 ], [ -70.4174092, 18.7084223 ], [ -70.4176882, 18.7084655 ], [ -70.4190668, 18.7086891 ], [ -70.4203429, 18.7089041 ] ] ] } },
{ "type": "Feature", "properties": { "osm_id": "way/1037265240", "highway": "residential", "surf_class": "unknown" }, "geometry": { "type": "MultiLineString", "coordinates": [ [ [ -70.4563764, 18.6202825 ], [ -70.4563281, 18.6202978 ], [ -70.4562329, 18.6203219 ], [ -70.4561779, 18.6203448 ], [ -70.4561323, 18.6203563 ], [ -70.4560411, 18.6203944 ], [ -70.4559011, 18.6204605 ] ] ] } },
{ "type": "Feature", "properties": { "osm_id": "way/1190100581", "highway": "service", "surf_class": "unknown" }, "geometry": { "type": "MultiLineString", "coordinates": [ [ [ -70.4105736, 18.7086891 ], [ -70.4102773, 18.7082648 ] ] ] } },
{ "type": "Feature", "properties": { "osm_id": "way/1190100582", "highway": "service", "surf_class": "unknown" }, "geometry": { "type": "MultiLineString", "coordinates": [ [ [ -70.4131383, 18.7065106 ], [ -70.4120448, 18.7071546 ], [ -70.4102773, 18.7082648 ], [ -70.4102477, 18.7082216 ], [ -70.41017, 18.7081264 ], [ -70.4101351, 18.7081035 ], [ -70.4100922, 18.7081022 ], [ -70.4100359, 18.7081099 ], [ -70.4096013, 18.708336 ], [ -70.409545, 18.7083461 ], [ -70.4095209, 18.7083258 ], [ -70.4094914, 18.7082877 ], [ -70.4093438, 18.7078837 ] ] ] } },
{ "type": "Feature", "properties": { "osm_id": "way/1190100706", "highway": "residential", "surf_class": "unknown" }, "geometry": { "type": "MultiLineString", "coordinates": [ [ [ -70.4235573, 18.7125795 ], [ -70.422977, 18.7124049 ], [ -70.4227603, 18.7123397 ], [ -70.4227375, 18.7123143 ], [ -70.4227415, 18.7122775 ], [ -70.4228649, 18.7118672 ] ] ] } },
{ "type": "Feature", "properties": { "osm_id": "way/1190100707", "highway": "residential", "surf_class": "unknown" }, "geometry": { "type": "MultiLineString", "coordinates": [ [ [ -70.4225447, 18.7118447 ], [ -70.4218832, 18.7116907 ] ] ] } },
{ "type": "Feature", "properties": { "osm_id": "way/1190100708", "highway": "residential", "surf_class": "unknown" }, "geometry": { "type": "MultiLineString", "coordinates": [ [ [ -70.4222349, 18.7126786 ], [ -70.422425, 18.712167 ], [ -70.4225447, 18.7118447 ], [ -70.422615, 18.7116664 ], [ -70.4226476, 18.7115891 ], [ -70.4226811, 18.7115712 ], [ -70.4227616, 18.7115941 ], [ -70.423239, 18.7117465 ] ] ] } },
{ "type": "Feature", "properties": { "osm_id": "way/1190300524", "highway": "residential", "surf_class": "unknown" }, "geometry": { "type": "MultiLineString", "coordinates": [ [ [ -70.3382579, 18.7635063 ], [ -70.3381205, 18.7632766 ], [ -70.3381124, 18.7632588 ], [ -70.3381044, 18.7632131 ], [ -70.3381231, 18.7631674 ], [ -70.3384182, 18.7629426 ], [ -70.338508, 18.762855 ], [ -70.3385523, 18.7627712 ], [ -70.3385831, 18.7627267 ], [ -70.338669, 18.7626201 ], [ -70.3387119, 18.7626036 ], [ -70.3388084, 18.7625972 ] ] ] } },
{ "type": "Feature", "properties": { "osm_id": "way/1190741426", "highway": "service", "surf_class": "unknown" }, "geometry": { "type": "MultiLineString", "coordinates": [ [ [ -70.4262855, 18.7269003 ], [ -70.4259709, 18.7268907 ], [ -70.4252118, 18.7267561 ], [ -70.4251099, 18.7267103 ] ] ] } },
{ "type": "Feature", "properties": { "osm_id": "way/1190741427", "highway": "service", "surf_class": "unknown" }, "geometry": { "type": "MultiLineString", "coordinates": [ [ [ -70.42651, 18.7277798 ], [ -70.4263807, 18.7278937 ], [ -70.4262418, 18.728016 ], [ -70.4259816, 18.7282116 ], [ -70.425075, 18.7287679 ], [ -70.424383, 18.7291616 ] ] ] } },
{ "type": "Feature", "properties": { "osm_id": "way/1190741428", "highway": "service", "surf_class": "unknown" }, "geometry": { "type": "MultiLineString", "coordinates": [ [ [ -70.4268184, 18.7284783 ], [ -70.4270089, 18.7287425 ] ] ] } },
{ "type": "Feature", "properties": { "osm_id": "way/1190741429", "highway": "service", "surf_class": "unknown" }, "geometry": { "type": "MultiLineString", "coordinates": [ [ [ -70.4265451, 18.7275901 ], [ -70.4265046, 18.7277264 ], [ -70.42651, 18.7277798 ], [ -70.4265878, 18.7278687 ], [ -70.4266763, 18.7279601 ], [ -70.4268104, 18.7283894 ], [ -70.4268184, 18.7284783 ], [ -70.4267809, 18.7287908 ], [ -70.4263786, 18.7295401 ] ] ] } },
{ "type": "Feature", "properties": { "osm_id": "way/1190741639", "highway": "service", "surf_class": "unknown" }, "geometry": { "type": "MultiLineString", "coordinates": [ [ [ -70.4263807, 18.7278937 ], [ -70.4262471, 18.7278255 ], [ -70.4259762, 18.7278356 ] ] ] } },
{ "type": "Feature", "properties": { "osm_id": "way/1190742103", "highway": "service", "surf_class": "unknown" }, "geometry": { "type": "MultiLineString", "coordinates": [ [ [ -70.4260367, 18.722655 ], [ -70.4257482, 18.7229482 ], [ -70.4256517, 18.7230397 ], [ -70.4255149, 18.7230854 ], [ -70.4252037, 18.723126 ], [ -70.4250509, 18.7231108 ], [ -70.4249489, 18.7230143 ], [ -70.4245949, 18.7226205 ] ] ] } },
{ "type": "Feature", "properties": { "osm_id": "way/1190742799", "highway": "residential", "surf_class": "unknown" }, "geometry": { "type": "MultiLineString", "coordinates": [ [ [ -70.4257266, 18.7209833 ], [ -70.4253942, 18.7210176 ], [ -70.4251367, 18.7210481 ], [ -70.4249463, 18.7209947 ] ] ] } },
{ "type": "Feature", "properties": { "osm_id": "way/1190750353", "highway": "residential", "surf_class": "unknown" }, "geometry": { "type": "MultiLineString", "coordinates": [ [ [ -70.4617156, 18.7133823 ], [ -70.4617998, 18.7132111 ], [ -70.4618347, 18.712482 ], [ -70.4618427, 18.7124388 ], [ -70.461899, 18.7124134 ], [ -70.4635781, 18.7120958 ] ] ] } },
{ "type": "Feature", "properties": { "osm_id": "way/1190783012", "highway": "residential", "surf_class": "unknown" }, "geometry": { "type": "MultiLineString", "coordinates": [ [ [ -70.3577655, 18.7947433 ], [ -70.3576174, 18.7946931 ], [ -70.3575128, 18.7946791 ], [ -70.3573935, 18.7946855 ], [ -70.357254, 18.7946929 ], [ -70.3571011, 18.7947147 ], [ -70.3569777, 18.794721 ], [ -70.3568946, 18.794716 ], [ -70.35679, 18.7946855 ], [ -70.3567162, 18.7946233 ], [ -70.356625, 18.794523 ], [ -70.3565577, 18.7944204 ], [ -70.3565251, 18.7943654 ], [ -70.3564185, 18.7942665 ], [ -70.3563005, 18.7942005 ], [ -70.3559759, 18.7940862 ], [ -70.3552737, 18.793839 ] ] ] } },
{ "type": "Feature", "properties": { "osm_id": "way/1190948722", "highway": "service", "surf_class": "unknown" }, "geometry": { "type": "MultiLineString", "coordinates": [ [ [ -70.3626646, 18.7543647 ], [ -70.3625205, 18.7542186 ], [ -70.362483, 18.754178 ], [ -70.3622603, 18.7536878 ], [ -70.3622255, 18.7536395 ], [ -70.3621504, 18.7535964 ], [ -70.3620324, 18.7535862 ], [ -70.3615657, 18.7537411 ], [ -70.3614798, 18.7537411 ], [ -70.3613806, 18.7537183 ], [ -70.3611633, 18.7536091 ], [ -70.3610802, 18.7535125 ], [ -70.3609139, 18.753289 ], [ -70.3607959, 18.7529868 ], [ -70.3606886, 18.7527938 ] ] ] } },
{ "type": "Feature", "properties": { "osm_id": "way/1191753362", "highway": "service", "surf_class": "unknown" }, "geometry": { "type": "MultiLineString", "coordinates": [ [ [ -70.4364423, 18.7101132 ], [ -70.4375982, 18.710912 ] ] ] } },
{ "type": "Feature", "properties": { "osm_id": "way/1191753363", "highway": "service", "surf_class": "unknown" }, "geometry": { "type": "MultiLineString", "coordinates": [ [ [ -70.4362345, 18.71155 ], [ -70.4361901, 18.7116436 ], [ -70.4362088, 18.7117122 ], [ -70.4362893, 18.7117961 ], [ -70.4364851, 18.7119002 ] ] ] } },
{ "type": "Feature", "properties": { "osm_id": "way/1191753364", "highway": "service", "surf_class": "unknown" }, "geometry": { "type": "MultiLineString", "coordinates": [ [ [ -70.4350877, 18.7108205 ], [ -70.4356859, 18.7112178 ], [ -70.4362345, 18.71155 ], [ -70.4378825, 18.712548 ] ] ] } },
{ "type": "Feature", "properties": { "osm_id": "way/1191949091", "highway": "service", "surf_class": "unknown" }, "geometry": { "type": "MultiLineString", "coordinates": [ [ [ -70.4367886, 18.7070124 ], [ -70.4363322, 18.7071495 ], [ -70.4360063, 18.7072054 ], [ -70.4357488, 18.7073007 ], [ -70.4355316, 18.7074608 ], [ -70.4352473, 18.707899 ], [ -70.4351355, 18.7080751 ] ] ] } },
{ "type": "Feature", "properties": { "osm_id": "way/1191949092", "highway": "service", "surf_class": "unknown" }, "geometry": { "type": "MultiLineString", "coordinates": [ [ [ -70.4370258, 18.7093415 ], [ -70.4351355, 18.7080751 ], [ -70.434621, 18.7077466 ] ] ] } },
{ "type": "Feature", "properties": { "osm_id": "way/1192561813", "highway": "residential", "surf_class": "unknown" }, "geometry": { "type": "MultiLineString", "coordinates": [ [ [ -70.3300737, 18.7562748 ], [ -70.3303407, 18.7556396 ], [ -70.3304788, 18.7554326 ], [ -70.3306036, 18.7553653 ], [ -70.3308222, 18.7553361 ], [ -70.3311172, 18.7553717 ], [ -70.3312862, 18.7553704 ], [ -70.331376, 18.7552955 ], [ -70.3314686, 18.7551494 ], [ -70.3317288, 18.7544802 ], [ -70.331718, 18.7543875 ], [ -70.3316698, 18.7543075 ], [ -70.3316081, 18.7542478 ], [ -70.3315263, 18.7542326 ], [ -70.3314552, 18.7542694 ], [ -70.3313747, 18.7544345 ], [ -70.3312969, 18.7545462 ], [ -70.3312191, 18.7545691 ], [ -70.3311253, 18.7545589 ], [ -70.3310582, 18.7544904 ], [ -70.3310475, 18.7543481 ], [ -70.3310931, 18.7542466 ], [ -70.3314096, 18.7539037 ], [ -70.3316161, 18.7538199 ], [ -70.331887, 18.7537297 ], [ -70.332056, 18.7536522 ], [ -70.3322531, 18.7535303 ], [ -70.3326756, 18.753284 ], [ -70.3329921, 18.7531392 ], [ -70.3331235, 18.7530427 ], [ -70.3331852, 18.7529335 ], [ -70.3332898, 18.7528293 ], [ -70.3334373, 18.7527557 ], [ -70.3337592, 18.7526363 ] ] ] } },
{ "type": "Feature", "properties": { "osm_id": "way/1192601776", "highway": "service", "surf_class": "unknown" }, "geometry": { "type": "MultiLineString", "coordinates": [ [ [ -70.4518139, 18.6939054 ], [ -70.4534125, 18.6940171 ], [ -70.4544908, 18.6941188 ] ] ] } },
{ "type": "Feature", "properties": { "osm_id": "way/1192601777", "highway": "service", "surf_class": "unknown" }, "geometry": { "type": "MultiLineString", "coordinates": [ [ [ -70.4495381, 18.6938027 ], [ -70.4493409, 18.6932143 ], [ -70.4492739, 18.692729 ], [ -70.4494616, 18.6920532 ], [ -70.4495931, 18.6917153 ], [ -70.4495475, 18.6915425 ], [ -70.4493544, 18.6913392 ], [ -70.4485792, 18.6910953 ], [ -70.4484344, 18.691014 ], [ -70.44837, 18.6908362 ], [ -70.4484022, 18.6901552 ], [ -70.4484022, 18.6896217 ] ] ] } },
{ "type": "Feature", "properties": { "osm_id": "way/1192601778", "highway": "service", "surf_class": "unknown" }, "geometry": { "type": "MultiLineString", "coordinates": [ [ [ -70.4517818, 18.6971295 ], [ -70.451881, 18.6971879 ], [ -70.4526159, 18.6972591 ], [ -70.4527018, 18.6972159 ], [ -70.4527286, 18.6971142 ], [ -70.4526159, 18.6967281 ], [ -70.4523772, 18.6959862 ], [ -70.4521707, 18.6953104 ], [ -70.4521251, 18.694947 ], [ -70.4518139, 18.6939054 ], [ -70.4495381, 18.6938027 ] ] ] } },
{ "type": "Feature", "properties": { "osm_id": "way/1192603617", "highway": "service", "surf_class": "unknown" }, "geometry": { "type": "MultiLineString", "coordinates": [ [ [ -70.44837, 18.6908362 ], [ -70.4485792, 18.6905618 ], [ -70.4486489, 18.6903915 ] ] ] } },
{ "type": "Feature", "properties": { "osm_id": "way/1193456198", "highway": "residential", "surf_class": "unknown" }, "geometry": { "type": "MultiLineString", "coordinates": [ [ [ -70.4579998, 18.6359487 ], [ -70.4579777, 18.6357399 ], [ -70.4579636, 18.6355918 ], [ -70.4579629, 18.6355486 ] ] ] } },
{ "type": "Feature", "properties": { "osm_id": "way/1193456199", "highway": "residential", "surf_class": "unknown" }, "geometry": { "type": "MultiLineString", "coordinates": [ [ [ -70.458476, 18.6353227 ], [ -70.4582164, 18.6354514 ], [ -70.4579629, 18.6355486 ], [ -70.4577363, 18.6355594 ], [ -70.4574573, 18.6356128 ], [ -70.4570979, 18.6356865 ], [ -70.4570416, 18.6357551 ], [ -70.4570054, 18.6359089 ], [ -70.4570201, 18.636252 ], [ -70.4570335, 18.6364426 ], [ -70.4570255, 18.6369026 ], [ -70.4570362, 18.637003 ], [ -70.457067, 18.6370272 ], [ -70.4571113, 18.6370233 ], [ -70.4572226, 18.6370144 ], [ -70.4573084, 18.6369865 ], [ -70.4574385, 18.636928 ], [ -70.4575431, 18.6368632 ], [ -70.4576075, 18.6368213 ], [ -70.4577862, 18.6367753 ] ] ] } },
{ "type": "Feature", "properties": { "osm_id": "way/1193457687", "highway": "service", "surf_class": "unknown" }, "geometry": { "type": "MultiLineString", "coordinates": [ [ [ -70.4442401, 18.6942084 ], [ -70.4443507, 18.6947667 ], [ -70.44434, 18.6947895 ], [ -70.4441589, 18.69482 ] ] ] } },
{ "type": "Feature", "properties": { "osm_id": "way/1193457688", "highway": "service", "surf_class": "unknown" }, "geometry": { "type": "MultiLineString", "coordinates": [ [ [ -70.4375287, 18.6944641 ], [ -70.4375339, 18.6951426 ], [ -70.4375446, 18.6956838 ] ] ] } },
{ "type": "Feature", "properties": { "osm_id": "way/1193457689", "highway": "service", "surf_class": "unknown" }, "geometry": { "type": "MultiLineString", "coordinates": [ [ [ -70.437475, 18.6944657 ], [ -70.4374775, 18.6938545 ], [ -70.4374614, 18.693321 ] ] ] } },
{ "type": "Feature", "properties": { "osm_id": "way/1193457690", "highway": "service", "surf_class": "unknown" }, "geometry": { "type": "MultiLineString", "coordinates": [ [ [ -70.4386523, 18.6944371 ], [ -70.4386416, 18.693852 ], [ -70.4386202, 18.6932854 ] ] ] } },
{ "type": "Feature", "properties": { "osm_id": "way/1193457691", "highway": "service", "surf_class": "unknown" }, "geometry": { "type": "MultiLineString", "coordinates": [ [ [ -70.4387516, 18.6944375 ], [ -70.4387623, 18.6950766 ], [ -70.4387409, 18.6951122 ], [ -70.4386845, 18.6951274 ], [ -70.4375339, 18.6951426 ], [ -70.4369518, 18.6951503 ] ] ] } },
{ "type": "Feature", "properties": { "osm_id": "way/1193457692", "highway": "service", "surf_class": "unknown" }, "geometry": { "type": "MultiLineString", "coordinates": [ [ [ -70.4401088, 18.693841 ], [ -70.4400994, 18.6933007 ], [ -70.4400766, 18.6932549 ], [ -70.4400525, 18.6932384 ], [ -70.4400216, 18.6932295 ], [ -70.4399908, 18.6932524 ], [ -70.4399706, 18.6932854 ], [ -70.4399666, 18.6938418 ] ] ] } },
{ "type": "Feature", "properties": { "osm_id": "way/1193457693", "highway": "service", "surf_class": "unknown" }, "geometry": { "type": "MultiLineString", "coordinates": [ [ [ -70.4412837, 18.6938337 ], [ -70.4412782, 18.6927214 ] ] ] } },
{ "type": "Feature", "properties": { "osm_id": "way/1193457694", "highway": "service", "surf_class": "unknown" }, "geometry": { "type": "MultiLineString", "coordinates": [ [ [ -70.4424745, 18.6944429 ], [ -70.4424718, 18.6939231 ], [ -70.4424557, 18.6938545 ], [ -70.4424208, 18.6938266 ], [ -70.4412837, 18.6938337 ], [ -70.4401088, 18.693841 ], [ -70.4399666, 18.6938418 ], [ -70.4386416, 18.693852 ], [ -70.4374775, 18.6938545 ], [ -70.4363644, 18.6938672 ] ] ] } },
{ "type": "Feature", "properties": { "osm_id": "way/1193457695", "highway": "service", "surf_class": "unknown" }, "geometry": { "type": "MultiLineString", "coordinates": [ [ [ -70.4450128, 18.694111 ], [ -70.4442401, 18.6942084 ], [ -70.4426515, 18.6944414 ], [ -70.4424745, 18.6944429 ], [ -70.4417074, 18.6944491 ], [ -70.4387516, 18.6944375 ], [ -70.4386523, 18.6944371 ], [ -70.4384539, 18.6944364 ], [ -70.4375287, 18.6944641 ], [ -70.437475, 18.6944657 ], [ -70.4363376, 18.6944999 ] ] ] } },
{ "type": "Feature", "properties": { "osm_id": "way/1193459198", "highway": "residential", "surf_class": "unknown" }, "geometry": { "type": "MultiLineString", "coordinates": [ [ [ -70.4693293, 18.6630777 ], [ -70.4695916, 18.6629338 ], [ -70.4697686, 18.6628246 ], [ -70.4699966, 18.6627941 ], [ -70.4702649, 18.6627865 ], [ -70.4704928, 18.6629161 ], [ -70.4710883, 18.6634345 ], [ -70.4715255, 18.6639122 ], [ -70.4717239, 18.6641125 ], [ -70.47196, 18.6643366 ], [ -70.4720888, 18.6644941 ], [ -70.47218, 18.6646567 ], [ -70.4722658, 18.664921 ], [ -70.4722846, 18.6650735 ], [ -70.4722685, 18.665198 ], [ -70.4721934, 18.6653962 ], [ -70.47207, 18.6655716 ], [ -70.4719251, 18.6657977 ] ] ] } },
{ "type": "Feature", "properties": { "osm_id": "way/1194171047", "highway": "unclassified", "surf_class": "unknown" }, "geometry": { "type": "MultiLineString", "coordinates": [ [ [ -70.470289, 18.7184722 ], [ -70.4706109, 18.7186704 ], [ -70.4708684, 18.7189041 ], [ -70.4710507, 18.7190514 ], [ -70.4711634, 18.71928 ], [ -70.4714102, 18.7198897 ], [ -70.4719627, 18.7206671 ], [ -70.47207, 18.7207687 ], [ -70.4721773, 18.7207737 ], [ -70.4723007, 18.7207382 ], [ -70.472467, 18.7205197 ], [ -70.4727191, 18.7202962 ], [ -70.4730249, 18.7201133 ], [ -70.4734111, 18.720032 ], [ -70.4742694, 18.7200015 ], [ -70.47553, 18.7201082 ], [ -70.4764313, 18.7202301 ], [ -70.4772091, 18.7205451 ], [ -70.478062, 18.7209008 ], [ -70.4785609, 18.7211853 ], [ -70.4788828, 18.7218203 ], [ -70.4792261, 18.7221709 ], [ -70.4793763, 18.7225469 ], [ -70.4796928, 18.7229889 ], [ -70.4799986, 18.7232734 ], [ -70.4803687, 18.7233242 ], [ -70.4805994, 18.7232632 ], [ -70.4809213, 18.7231057 ], [ -70.481168, 18.7230041 ], [ -70.4812914, 18.7229889 ], [ -70.4816079, 18.7230752 ], [ -70.4822356, 18.7232988 ], [ -70.4825574, 18.7232937 ], [ -70.4828686, 18.7234258 ], [ -70.4830724, 18.7235731 ], [ -70.4830939, 18.7236951 ], [ -70.4830241, 18.7237662 ], [ -70.4827827, 18.7237916 ], [ -70.4819727, 18.7240863 ], [ -70.4813612, 18.7244622 ], [ -70.48105, 18.7245892 ], [ -70.4807121, 18.7249804 ], [ -70.4801595, 18.7259 ], [ -70.4799235, 18.726469 ], [ -70.4799396, 18.7266671 ], [ -70.4799825, 18.7267738 ], [ -70.4800737, 18.7267942 ], [ -70.4802936, 18.7267586 ], [ -70.4807121, 18.7266062 ], [ -70.4811144, 18.7262302 ], [ -70.4813236, 18.7260524 ], [ -70.4816347, 18.7255596 ], [ -70.4818225, 18.7253361 ], [ -70.4822946, 18.7250465 ], [ -70.4825199, 18.7248687 ], [ -70.4828203, 18.7249398 ], [ -70.4831314, 18.7251329 ], [ -70.4834104, 18.7252446 ], [ -70.4837537, 18.7256206 ], [ -70.4841614, 18.725712 ], [ -70.4844833, 18.7257222 ], [ -70.4847783, 18.7256358 ], [ -70.4852879, 18.7254377 ], [ -70.4854757, 18.7252802 ], [ -70.4854757, 18.7251532 ], [ -70.4852504, 18.7248839 ], [ -70.4849231, 18.7244521 ], [ -70.4848158, 18.7242692 ], [ -70.4848118, 18.7241853 ], [ -70.4848467, 18.7241523 ], [ -70.4849768, 18.7241371 ], [ -70.4851967, 18.7241523 ], [ -70.4853576, 18.7241066 ], [ -70.4856044, 18.7239847 ], [ -70.4857385, 18.7238221 ], [ -70.4858083, 18.7236341 ], [ -70.4856902, 18.723375 ], [ -70.485654, 18.7232937 ], [ -70.4855937, 18.7232175 ], [ -70.4854374, 18.723133 ], [ -70.4854307, 18.7230968 ], [ -70.4854488, 18.7230752 ], [ -70.485599, 18.7230702 ], [ -70.4857868, 18.723121 ], [ -70.4859424, 18.7231261 ], [ -70.4861194, 18.7230397 ], [ -70.4862857, 18.7229584 ], [ -70.486452, 18.7229432 ], [ -70.4866129, 18.7230854 ], [ -70.486865, 18.7232683 ], [ -70.4873049, 18.7239186 ], [ -70.4875141, 18.7241269 ], [ -70.4876322, 18.7241168 ], [ -70.4878146, 18.7240405 ], [ -70.4883885, 18.7236443 ], [ -70.4892039, 18.7231159 ], [ -70.4893971, 18.7229482 ], [ -70.4894829, 18.7226231 ], [ -70.4895955, 18.7219067 ], [ -70.4896706, 18.721231 ], [ -70.4897511, 18.7208195 ], [ -70.4898691, 18.720413 ], [ -70.4899389, 18.72022 ], [ -70.4900837, 18.7201285 ], [ -70.4903036, 18.7201133 ], [ -70.4909366, 18.7201387 ], [ -70.491178, 18.7201463 ], [ -70.4912639, 18.7201095 ], [ -70.4912773, 18.7200523 ], [ -70.4913551, 18.7193562 ], [ -70.4914302, 18.7190819 ], [ -70.4913765, 18.718899 ], [ -70.4913712, 18.7186704 ], [ -70.4914248, 18.7185332 ], [ -70.4913765, 18.7184519 ], [ -70.4911995, 18.7183249 ], [ -70.4911673, 18.7181775 ], [ -70.4911941, 18.7180099 ], [ -70.4912692, 18.7179083 ], [ -70.4914463, 18.7178016 ], [ -70.4916072, 18.7177508 ], [ -70.4918861, 18.7177355 ], [ -70.4921544, 18.7176339 ], [ -70.4924333, 18.7175577 ], [ -70.4925567, 18.7174307 ], [ -70.4925835, 18.7173392 ], [ -70.4924709, 18.7172274 ], [ -70.4923475, 18.7170344 ], [ -70.4923528, 18.7168261 ], [ -70.4924494, 18.716699 ], [ -70.4923636, 18.7165111 ], [ -70.4923797, 18.7163485 ], [ -70.4925299, 18.71613 ], [ -70.492723, 18.7159725 ], [ -70.4928303, 18.7158099 ], [ -70.4929751, 18.7157845 ], [ -70.49312, 18.7158607 ], [ -70.4932112, 18.7159166 ], [ -70.493297, 18.715881 ], [ -70.4933506, 18.7158048 ], [ -70.4933667, 18.7156727 ], [ -70.4933292, 18.7155356 ], [ -70.4933828, 18.715439 ], [ -70.493651, 18.7152866 ], [ -70.4938495, 18.7150834 ], [ -70.4941928, 18.7148242 ], [ -70.4944289, 18.7146921 ], [ -70.4947615, 18.7146617 ], [ -70.4949921, 18.7146617 ], [ -70.4951155, 18.7145753 ], [ -70.4952657, 18.7144076 ], [ -70.4956681, 18.7142908 ], [ -70.4958934, 18.7140469 ], [ -70.496124, 18.7136607 ], [ -70.4962796, 18.7135896 ], [ -70.4965693, 18.7135998 ], [ -70.4968965, 18.7136658 ], [ -70.4971057, 18.7136099 ], [ -70.497272, 18.7135083 ], [ -70.4974008, 18.7133559 ], [ -70.4974437, 18.7132441 ], [ -70.497492, 18.7129647 ], [ -70.4974759, 18.7128072 ], [ -70.4975241, 18.7127106 ], [ -70.4976314, 18.7125836 ], [ -70.4980499, 18.7124617 ], [ -70.4983556, 18.712482 ], [ -70.4985648, 18.7125684 ], [ -70.4986239, 18.7127614 ], [ -70.4986829, 18.712924 ], [ -70.4987741, 18.7129545 ], [ -70.4988545, 18.7128834 ], [ -70.4991764, 18.7125887 ], [ -70.4996109, 18.7122432 ], [ -70.4998094, 18.7122127 ], [ -70.5000401, 18.7122025 ], [ -70.5001044, 18.7122788 ], [ -70.500083, 18.7123855 ], [ -70.4997665, 18.7127818 ], [ -70.4994124, 18.7132949 ], [ -70.4994071, 18.7135591 ], [ -70.4992354, 18.7138132 ], [ -70.4988438, 18.7141993 ], [ -70.4987526, 18.7143314 ], [ -70.4987794, 18.7146667 ], [ -70.4987526, 18.7152968 ], [ -70.4984629, 18.7156575 ], [ -70.4983342, 18.7159166 ], [ -70.4981518, 18.7160792 ], [ -70.4980499, 18.7162367 ], [ -70.4980284, 18.7166127 ], [ -70.4978728, 18.7168769 ], [ -70.4978406, 18.7170445 ], [ -70.4979372, 18.7170953 ], [ -70.4980445, 18.7171004 ], [ -70.4981464, 18.717009 ], [ -70.4982483, 18.7169328 ], [ -70.4984736, 18.7168667 ], [ -70.498656, 18.7168362 ], [ -70.498758, 18.7167702 ], [ -70.4989886, 18.7168616 ], [ -70.4991818, 18.7169937 ], [ -70.4994124, 18.7170344 ], [ -70.499686, 18.7169632 ], [ -70.4998577, 18.7167956 ], [ -70.4999811, 18.7165974 ], [ -70.5001688, 18.7165669 ], [ -70.5003405, 18.7166889 ], [ -70.5004585, 18.716948 ], [ -70.5005175, 18.7171462 ], [ -70.5008125, 18.717263 ], [ -70.5011398, 18.7172783 ], [ -70.5013865, 18.7173697 ], [ -70.501762, 18.7176136 ], [ -70.5021161, 18.7177508 ], [ -70.5022717, 18.7178016 ], [ -70.5023307, 18.7179235 ], [ -70.5023253, 18.7181166 ], [ -70.5021322, 18.7186399 ], [ -70.5019444, 18.7189803 ], [ -70.5018371, 18.7194375 ], [ -70.5019927, 18.7198033 ], [ -70.5022663, 18.7203775 ], [ -70.5025372, 18.720667 ], [ -70.5026767, 18.7207941 ], [ -70.5027089, 18.7209465 ], [ -70.5026525, 18.721231 ], [ -70.5026284, 18.7220464 ], [ -70.502674, 18.7222395 ], [ -70.5027974, 18.7223208 ], [ -70.50291, 18.7224351 ], [ -70.5028403, 18.7227044 ], [ -70.5025533, 18.7233775 ], [ -70.5024219, 18.7235045 ], [ -70.5022314, 18.7236214 ], [ -70.5020142, 18.72385 ], [ -70.501923, 18.7240329 ], [ -70.5019337, 18.7241523 ], [ -70.502108, 18.7241904 ], [ -70.5022502, 18.7241955 ], [ -70.5023253, 18.7242615 ], [ -70.5022931, 18.7243708 ], [ -70.5021161, 18.7244952 ], [ -70.5020544, 18.7245715 ], [ -70.5021429, 18.7246121 ], [ -70.5022931, 18.7245613 ], [ -70.5024755, 18.7245181 ], [ -70.5025533, 18.7246045 ], [ -70.5024916, 18.7246985 ], [ -70.5023468, 18.7248306 ], [ -70.5023333, 18.7249169 ], [ -70.5023843, 18.7249322 ], [ -70.5026606, 18.7248509 ], [ -70.5030522, 18.7248052 ], [ -70.5034572, 18.7248128 ], [ -70.503653, 18.7248204 ], [ -70.5038139, 18.7247899 ], [ -70.5042887, 18.7246832 ], [ -70.5048198, 18.7245308 ], [ -70.5050048, 18.7244851 ], [ -70.5051255, 18.724419 ], [ -70.5052274, 18.7243327 ], [ -70.5053884, 18.7242184 ], [ -70.5055359, 18.7241422 ], [ -70.5056325, 18.7239567 ], [ -70.5055842, 18.72369 ], [ -70.5054903, 18.7231997 ], [ -70.5054876, 18.7231006 ], [ -70.5055203, 18.7230101 ], [ -70.5055413, 18.7229558 ], [ -70.505662, 18.7227882 ], [ -70.505839, 18.7227044 ], [ -70.5059785, 18.7227145 ], [ -70.5060348, 18.7228517 ], [ -70.5060643, 18.7233166 ], [ -70.5061018, 18.7235325 ], [ -70.5061609, 18.7236163 ], [ -70.5062306, 18.7236214 ], [ -70.5063406, 18.7235452 ], [ -70.5067563, 18.7228238 ], [ -70.5069226, 18.7226307 ], [ -70.5071613, 18.7224681 ], [ -70.5072847, 18.72243 ], [ -70.5074242, 18.7224402 ], [ -70.5077004, 18.7225545 ], [ -70.5078131, 18.7226739 ], [ -70.5079687, 18.7227247 ], [ -70.5082181, 18.7227018 ], [ -70.5085963, 18.7227094 ], [ -70.5093554, 18.722745 ], [ -70.5096343, 18.7227831 ], [ -70.5097684, 18.7228111 ], [ -70.5099025, 18.722778 ], [ -70.5100098, 18.7226815 ], [ -70.5102646, 18.7220922 ], [ -70.510329, 18.7219778 ], [ -70.5102968, 18.7218864 ], [ -70.5103156, 18.7216857 ], [ -70.5105329, 18.7213961 ], [ -70.510616, 18.7212894 ], [ -70.5106428, 18.7211675 ], [ -70.5106294, 18.721043 ], [ -70.5105865, 18.7209719 ], [ -70.5104698, 18.7209109 ], [ -70.5103907, 18.7208512 ], [ -70.5103706, 18.7208042 ], [ -70.5103934, 18.7207242 ], [ -70.510435, 18.7206696 ], [ -70.510494, 18.7206658 ], [ -70.5105905, 18.7207394 ], [ -70.5107018, 18.7208245 ], [ -70.5108024, 18.7208614 ], [ -70.5108775, 18.7208576 ], [ -70.5110586, 18.7206785 ], [ -70.5111162, 18.7206696 ], [ -70.5113482, 18.7206772 ], [ -70.5115306, 18.7206759 ], [ -70.5116862, 18.7207077 ], [ -70.5117734, 18.7207661 ], [ -70.5118364, 18.7208639 ], [ -70.5118901, 18.720916 ], [ -70.5119638, 18.7209058 ], [ -70.5121274, 18.7208995 ], [ -70.5121945, 18.7209262 ], [ -70.5123004, 18.7210265 ], [ -70.5123849, 18.7211408 ], [ -70.5124895, 18.7212297 ], [ -70.5126263, 18.7212894 ], [ -70.5128194, 18.7213453 ], [ -70.5129348, 18.7213669 ], [ -70.5131266, 18.7213733 ], [ -70.5131869, 18.721405 ], [ -70.5132231, 18.7214469 ], [ -70.5133103, 18.7215396 ], [ -70.5134793, 18.7216692 ], [ -70.5137287, 18.7218165 ], [ -70.5139513, 18.7219308 ], [ -70.5140412, 18.7219893 ], [ -70.5140801, 18.7220464 ], [ -70.5141404, 18.7221391 ], [ -70.5142061, 18.7222395 ], [ -70.5142799, 18.7222916 ], [ -70.5143845, 18.7222941 ], [ -70.5145736, 18.7222611 ], [ -70.5147037, 18.7222725 ], [ -70.5147976, 18.7222954 ], [ -70.5150671, 18.7223995 ], [ -70.5153152, 18.7224173 ], [ -70.5155137, 18.7224529 ], [ -70.5157927, 18.7225494 ], [ -70.5166778, 18.7228847 ], [ -70.5168602, 18.7229762 ], [ -70.5169085, 18.7230803 ], [ -70.516938, 18.7232454 ], [ -70.5170426, 18.7237535 ], [ -70.5171083, 18.7239186 ], [ -70.5171405, 18.7240888 ], [ -70.5171378, 18.7244051 ], [ -70.5170949, 18.7247785 ], [ -70.5170815, 18.724922 ], [ -70.517115, 18.7250236 ], [ -70.5171955, 18.725096 ], [ -70.517296, 18.7251621 ], [ -70.5174489, 18.7251798 ], [ -70.5175589, 18.7251659 ], [ -70.5176823, 18.7251113 ], [ -70.5181329, 18.7248344 ], [ -70.5183072, 18.7247632 ], [ -70.5184668, 18.7247531 ], [ -70.5187002, 18.7247886 ], [ -70.5189215, 18.7248445 ], [ -70.5190945, 18.7250681 ], [ -70.519191, 18.7252815 ], [ -70.5193225, 18.7259381 ], [ -70.5193385, 18.7263737 ], [ -70.5193385, 18.7264436 ], [ -70.5193868, 18.7264855 ], [ -70.5195639, 18.7265986 ], [ -70.5196068, 18.7266341 ], [ -70.5196242, 18.7266976 ], [ -70.5196202, 18.7268818 ], [ -70.5196014, 18.7270075 ], [ -70.5196282, 18.7271015 ], [ -70.5196658, 18.7271765 ], [ -70.5196993, 18.7273174 ], [ -70.5197154, 18.7274737 ], [ -70.5197087, 18.7275867 ], [ -70.5196497, 18.7276756 ], [ -70.5196323, 18.7277417 ], [ -70.5196644, 18.7278318 ], [ -70.5197744, 18.727983 ], [ -70.5198629, 18.7280566 ], [ -70.5199099, 18.7280947 ], [ -70.5199434, 18.7281481 ], [ -70.5199166, 18.7283145 ], [ -70.5198656, 18.728491 ], [ -70.5197462, 18.7286549 ], [ -70.5195679, 18.7288047 ], [ -70.519525, 18.728886 ], [ -70.519533, 18.7289609 ], [ -70.5195558, 18.7293636 ], [ -70.519529, 18.7298005 ], [ -70.5195531, 18.7298576 ], [ -70.5196135, 18.7298983 ], [ -70.5197114, 18.7299097 ], [ -70.5199836, 18.7298995 ], [ -70.5200399, 18.7299059 ], [ -70.5200882, 18.7299389 ], [ -70.5205616, 18.7308292 ], [ -70.5207199, 18.7311734 ], [ -70.5207923, 18.7312433 ], [ -70.5208741, 18.7312915 ], [ -70.5209774, 18.7313639 ], [ -70.521192, 18.7314274 ], [ -70.5213127, 18.7315951 ], [ -70.5213851, 18.7317729 ], [ -70.5215353, 18.7321488 ], [ -70.5216882, 18.7324943 ], [ -70.5217499, 18.7327229 ], [ -70.5217633, 18.732916 ], [ -70.5217096, 18.7334062 ], [ -70.5216908, 18.7336145 ], [ -70.5217257, 18.7337745 ], [ -70.521825, 18.733965 ], [ -70.5221039, 18.7342876 ], [ -70.5222595, 18.7343841 ], [ -70.5222809, 18.7344908 ], [ -70.5221415, 18.7347956 ], [ -70.5217338, 18.7354053 ], [ -70.521546, 18.735893 ], [ -70.5214977, 18.7360365 ], [ -70.5215125, 18.7361254 ], [ -70.5215701, 18.7362041 ], [ -70.5219872, 18.7365369 ], [ -70.5222394, 18.7368061 ], [ -70.5223185, 18.7369268 ], [ -70.5223171, 18.7370106 ], [ -70.5222756, 18.7371655 ], [ -70.5219845, 18.7376469 ], [ -70.5217901, 18.7382057 ], [ -70.5217512, 18.7384521 ], [ -70.5217539, 18.7385384 ], [ -70.5218209, 18.7386654 ], [ -70.5219054, 18.738847 ], [ -70.5219121, 18.7389524 ], [ -70.5218035, 18.7391023 ], [ -70.5217324, 18.7392344 ], [ -70.5215795, 18.7395252 ], [ -70.521375, 18.7397964 ], [ -70.5212952, 18.7399437 ], [ -70.5210739, 18.740333 ], [ -70.5210364, 18.7406886 ], [ -70.5210981, 18.7408994 ], [ -70.5212536, 18.7411915 ], [ -70.5213046, 18.7413794 ], [ -70.5212992, 18.7415699 ], [ -70.5212376, 18.7416461 ], [ -70.5211732, 18.7418798 ], [ -70.5212429, 18.7421541 ], [ -70.5213261, 18.7423319 ], [ -70.5215031, 18.7424869 ], [ -70.5215433, 18.7425313 ], [ -70.5216157, 18.7426374 ], [ -70.521715, 18.7428583 ], [ -70.5218297, 18.7429987 ], [ -70.5219014, 18.7430444 ], [ -70.5219966, 18.7431022 ], [ -70.52224, 18.7432724 ], [ -70.5224057, 18.7434432 ], [ -70.5226585, 18.7437003 ], [ -70.5227879, 18.7438292 ], [ -70.5229682, 18.7439632 ], [ -70.5231433, 18.7440674 ], [ -70.5232465, 18.7441486 ], [ -70.5232841, 18.744195 ], [ -70.5233176, 18.7442813 ], [ -70.5233632, 18.7443633 ], [ -70.5234242, 18.7444217 ], [ -70.523557, 18.744475 ], [ -70.5238071, 18.7445849 ], [ -70.5242121, 18.7448541 ], [ -70.5243784, 18.7449405 ], [ -70.5245152, 18.7450014 ], [ -70.5247191, 18.7450103 ], [ -70.5250262, 18.7450116 ], [ -70.5252501, 18.7450129 ], [ -70.5254687, 18.7450408 ], [ -70.5256109, 18.7451094 ], [ -70.5256833, 18.7452186 ], [ -70.525682, 18.7453113 ], [ -70.5256256, 18.7454002 ], [ -70.5254674, 18.745564 ], [ -70.5250396, 18.7458434 ], [ -70.5249524, 18.7458942 ], [ -70.5248679, 18.7460618 ], [ -70.5248599, 18.7462003 ], [ -70.5251536, 18.7467641 ], [ -70.5252595, 18.7468568 ], [ -70.5253856, 18.7469305 ], [ -70.5255304, 18.7470092 ], [ -70.5256833, 18.7471477 ], [ -70.5261366, 18.7475439 ], [ -70.5262868, 18.747728 ], [ -70.5263458, 18.7478525 ], [ -70.5264303, 18.748029 ], [ -70.5265403, 18.7482792 ], [ -70.5266261, 18.7484227 ], [ -70.5267388, 18.7485484 ], [ -70.5269989, 18.7487872 ], [ -70.5271934, 18.7489662 ], [ -70.5272323, 18.7490234 ], [ -70.5272202, 18.7490869 ], [ -70.527184, 18.7493434 ], [ -70.5271344, 18.7494742 ], [ -70.5269359, 18.7496533 ], [ -70.5264142, 18.750038 ], [ -70.5263297, 18.7501066 ], [ -70.5263016, 18.750212 ], [ -70.5263042, 18.7502819 ], [ -70.5263498, 18.7503644 ], [ -70.5264598, 18.7504673 ], [ -70.5266958, 18.75064 ], [ -70.5267991, 18.7507746 ], [ -70.5269238, 18.7509384 ], [ -70.5271666, 18.7511911 ], [ -70.5273248, 18.7514324 ], [ -70.5275005, 18.7517601 ], [ -70.5275488, 18.7518756 ], [ -70.5275448, 18.7520014 ], [ -70.5274817, 18.7523684 ], [ -70.5274254, 18.7526109 ], [ -70.527302, 18.7527354 ], [ -70.5271679, 18.7527963 ], [ -70.5266422, 18.75287 ], [ -70.5264518, 18.7529132 ], [ -70.5263364, 18.7529843 ], [ -70.5261594, 18.75335 ], [ -70.5260173, 18.7538326 ], [ -70.5260414, 18.7540764 ], [ -70.5261433, 18.7543126 ], [ -70.5261634, 18.7545005 ], [ -70.5261205, 18.7546745 ], [ -70.5260937, 18.7551799 ], [ -70.5261178, 18.7553488 ], [ -70.5261755, 18.7555152 ], [ -70.5263847, 18.7558847 ], [ -70.5265014, 18.7560371 ], [ -70.5265161, 18.7561298 ], [ -70.5264826, 18.7561984 ], [ -70.5263928, 18.7563838 ], [ -70.5263606, 18.7564892 ], [ -70.5263579, 18.7566606 ], [ -70.5263753, 18.7569832 ], [ -70.526429, 18.7570949 ], [ -70.5265309, 18.7571927 ], [ -70.5266462, 18.75726 ], [ -70.5270258, 18.7574124 ], [ -70.5271384, 18.7575076 ], [ -70.5272269, 18.7575851 ], [ -70.5272685, 18.7576854 ], [ -70.5272993, 18.757853 ], [ -70.5273181, 18.7580181 ], [ -70.5272765, 18.7581794 ], [ -70.5271961, 18.7583089 ], [ -70.5271907, 18.7584219 ], [ -70.5272296, 18.7586035 ], [ -70.5272645, 18.758761 ], [ -70.5272417, 18.75894 ], [ -70.5272082, 18.7591534 ], [ -70.527117, 18.7593566 ], [ -70.5270633, 18.7594658 ], [ -70.5270687, 18.7595851 ], [ -70.5272377, 18.7598975 ], [ -70.5272377, 18.7600702 ], [ -70.5271357, 18.7602531 ], [ -70.5270043, 18.7604664 ], [ -70.5268648, 18.7605629 ], [ -70.5267897, 18.7606772 ], [ -70.5267736, 18.7608017 ], [ -70.5268246, 18.760954 ], [ -70.5269238, 18.7611115 ], [ -70.5271089, 18.7611801 ], [ -70.5273449, 18.7611521 ], [ -70.5276293, 18.761208 ], [ -70.5279592, 18.761274 ], [ -70.528281, 18.7614797 ], [ -70.5284876, 18.7616398 ], [ -70.5286941, 18.7619191 ], [ -70.5290991, 18.7625667 ], [ -70.5293056, 18.7628588 ], [ -70.5294693, 18.7630264 ], [ -70.5295309, 18.7631255 ], [ -70.5295175, 18.7632499 ], [ -70.5293861, 18.7634251 ], [ -70.5292949, 18.7636715 ], [ -70.5291608, 18.7639128 ], [ -70.5290777, 18.7640702 ], [ -70.5290549, 18.7641362 ], [ -70.5291045, 18.7642734 ], [ -70.529079, 18.7644981 ], [ -70.5289838, 18.7649807 ], [ -70.5288966, 18.7652016 ], [ -70.5287558, 18.7654188 ], [ -70.5286042, 18.7655965 ], [ -70.528501, 18.7657019 ], [ -70.5283575, 18.7658162 ], [ -70.5282716, 18.7659686 ], [ -70.5280906, 18.7662365 ], [ -70.5279404, 18.7663533 ], [ -70.5278385, 18.7664638 ], [ -70.5277339, 18.7665692 ], [ -70.5277097, 18.7666429 ], [ -70.5277084, 18.766766 ], [ -70.5276681, 18.7668486 ], [ -70.5275837, 18.7670289 ], [ -70.5274723, 18.7672257 ], [ -70.5274268, 18.7673082 ], [ -70.5274348, 18.7673832 ], [ -70.5274898, 18.7674708 ], [ -70.5275515, 18.7676308 ], [ -70.5275823, 18.7677031 ], [ -70.5277057, 18.7678085 ], [ -70.5278613, 18.7679457 ], [ -70.5279619, 18.7680231 ], [ -70.5280128, 18.7681146 ], [ -70.5280866, 18.768225 ], [ -70.5282274, 18.7684257 ], [ -70.5284151, 18.768705 ], [ -70.5285734, 18.7688574 ], [ -70.5287397, 18.7689031 ], [ -70.5289891, 18.7689133 ], [ -70.5292547, 18.768931 ], [ -70.5294398, 18.7689666 ], [ -70.5297777, 18.7690834 ], [ -70.5301157, 18.7691494 ], [ -70.5304456, 18.7692891 ], [ -70.5306092, 18.7693018 ], [ -70.5307218, 18.7692866 ], [ -70.5309981, 18.7691672 ] ] ] } },
{ "type": "Feature", "properties": { "osm_id": "way/1195530356", "highway": "residential", "surf_class": "unknown" }, "geometry": { "type": "MultiLineString", "coordinates": [ [ [ -70.4149845, 18.7218635 ], [ -70.4142952, 18.7221938 ], [ -70.4139707, 18.7223538 ], [ -70.4135603, 18.7225545 ], [ -70.4132572, 18.7228085 ], [ -70.4128964, 18.7231769 ] ] ] } },
{ "type": "Feature", "properties": { "osm_id": "way/1195530357", "highway": "residential", "surf_class": "unknown" }, "geometry": { "type": "MultiLineString", "coordinates": [ [ [ -70.4126684, 18.7229622 ], [ -70.4125169, 18.722839 ], [ -70.4124954, 18.7226993 ], [ -70.4125196, 18.7225316 ], [ -70.4125705, 18.7223386 ], [ -70.4125544, 18.7221887 ], [ -70.4125384, 18.7220185 ], [ -70.4124579, 18.7218178 ], [ -70.4124498, 18.7217187 ], [ -70.4124874, 18.7216324 ], [ -70.4126456, 18.7215308 ], [ -70.4127663, 18.7214393 ], [ -70.4128039, 18.7213021 ], [ -70.4127395, 18.721231 ], [ -70.4125813, 18.7212259 ], [ -70.4123895, 18.7212983 ], [ -70.4122178, 18.7213136 ], [ -70.4120556, 18.721292 ], [ -70.4119751, 18.7212539 ], [ -70.4119027, 18.7212755 ], [ -70.4117672, 18.7213453 ], [ -70.4116425, 18.7213999 ], [ -70.4115526, 18.7213923 ], [ -70.4114883, 18.7213339 ], [ -70.4114869, 18.721264 ], [ -70.4115084, 18.7211446 ], [ -70.4114816, 18.7210138 ], [ -70.4114279, 18.7208982 ], [ -70.4113568, 18.7208157 ], [ -70.4112656, 18.7207979 ], [ -70.4110953, 18.72085 ], [ -70.4109398, 18.7209287 ], [ -70.4108499, 18.7210138 ] ] ] } },
{ "type": "Feature", "properties": { "osm_id": "way/1195530358", "highway": "residential", "surf_class": "unknown" }, "geometry": { "type": "MultiLineString", "coordinates": [ [ [ -70.4107118, 18.7237395 ], [ -70.4104663, 18.7238068 ] ] ] } },
{ "type": "Feature", "properties": { "osm_id": "way/1195530359", "highway": "residential", "surf_class": "unknown" }, "geometry": { "type": "MultiLineString", "coordinates": [ [ [ -70.4120636, 18.723502 ], [ -70.4111651, 18.7240177 ], [ -70.4110605, 18.7240609 ], [ -70.4109558, 18.7240685 ], [ -70.4108351, 18.7239974 ], [ -70.4107775, 18.7239173 ], [ -70.4107399, 18.7238386 ] ] ] } },
{ "type": "Feature", "properties": { "osm_id": "way/1195530360", "highway": "residential", "surf_class": "unknown" }, "geometry": { "type": "MultiLineString", "coordinates": [ [ [ -70.4116157, 18.7252827 ], [ -70.4116546, 18.7251646 ], [ -70.411794, 18.7250427 ], [ -70.4119134, 18.7249233 ], [ -70.4119778, 18.7248331 ], [ -70.4119992, 18.7246997 ], [ -70.4120234, 18.7245778 ], [ -70.4121521, 18.7243873 ], [ -70.412309, 18.7242057 ], [ -70.4123586, 18.7240698 ], [ -70.4124324, 18.7238157 ], [ -70.4125075, 18.7236735 ], [ -70.4126617, 18.7234728 ], [ -70.4127878, 18.7233331 ], [ -70.4128549, 18.7232492 ], [ -70.4128964, 18.7231769 ], [ -70.412887, 18.7231235 ], [ -70.4128334, 18.7230498 ], [ -70.4126684, 18.7229622 ], [ -70.4119751, 18.7230435 ], [ -70.4116881, 18.7231438 ], [ -70.4115593, 18.7232416 ], [ -70.4113702, 18.7234258 ], [ -70.41122, 18.7235401 ], [ -70.4111195, 18.7235554 ], [ -70.4110269, 18.7235211 ], [ -70.4109491, 18.7235414 ], [ -70.4107413, 18.7236354 ], [ -70.4107024, 18.7236938 ], [ -70.4107118, 18.7237395 ], [ -70.4107399, 18.7238386 ] ] ] } },
{ "type": "Feature", "properties": { "osm_id": "way/1247531155", "highway": "service", "surf_class": "unknown" }, "geometry": { "type": "MultiLineString", "coordinates": [ [ [ -70.4530248, 18.6998819 ], [ -70.4523852, 18.6986412 ] ] ] } },
{ "type": "Feature", "properties": { "osm_id": "way/1252727721", "highway": "service", "surf_class": "unknown" }, "geometry": { "type": "MultiLineString", "coordinates": [ [ [ -70.4581861, 18.708746 ], [ -70.4581171, 18.7084681 ], [ -70.4580796, 18.7082902 ], [ -70.4580206, 18.708148 ], [ -70.4577363, 18.7076754 ], [ -70.4575646, 18.7074519 ], [ -70.4573822, 18.707274 ], [ -70.4573232, 18.7071927 ], [ -70.4572964, 18.707081 ], [ -70.4593885, 18.7055312 ] ] ] } },
{ "type": "Feature", "properties": { "osm_id": "way/1252846076", "highway": "residential", "surf_class": "unknown" }, "geometry": { "type": "MultiLineString", "coordinates": [ [ [ -70.3576644, 18.795062 ], [ -70.3577878, 18.7950575 ], [ -70.3579031, 18.7950238 ], [ -70.3579701, 18.7949864 ], [ -70.3580332, 18.7949324 ], [ -70.3581398, 18.7947864 ], [ -70.3582927, 18.7946011 ], [ -70.3584154, 18.7944525 ], [ -70.3585891, 18.794224 ], [ -70.3585911, 18.7941853 ], [ -70.3585663, 18.7941478 ], [ -70.3585113, 18.7941211 ], [ -70.3582699, 18.7940621 ], [ -70.3580782, 18.7940037 ] ] ] } },
{ "type": "Feature", "properties": { "osm_id": "way/1312401028", "highway": "service", "surf_class": "unknown" }, "geometry": { "type": "MultiLineString", "coordinates": [ [ [ -70.4606053, 18.7149292 ], [ -70.4604775, 18.7149792 ], [ -70.4603326, 18.7150605 ], [ -70.4602629, 18.7151189 ], [ -70.4602388, 18.7151723 ], [ -70.4602522, 18.7152434 ], [ -70.46033, 18.7154517 ], [ -70.460338, 18.7155025 ], [ -70.4603139, 18.7155762 ], [ -70.4602549, 18.7156499 ], [ -70.4599223, 18.715942 ], [ -70.4593402, 18.7162926 ] ] ] } },
{ "type": "Feature", "properties": { "osm_id": "way/1312401029", "highway": "residential", "surf_class": "unknown" }, "geometry": { "type": "MultiLineString", "coordinates": [ [ [ -70.4650583, 18.717226 ], [ -70.4646371, 18.7173971 ] ] ] } },
{ "type": "Feature", "properties": { "osm_id": "way/1312401030", "highway": "residential", "surf_class": "unknown" }, "geometry": { "type": "MultiLineString", "coordinates": [ [ [ -70.4644619, 18.7170509 ], [ -70.4646371, 18.7173971 ], [ -70.4646684, 18.7175006 ] ] ] } },
{ "type": "Feature", "properties": { "osm_id": "way/1312401031", "highway": "residential", "surf_class": "unknown" }, "geometry": { "type": "MultiLineString", "coordinates": [ [ [ -70.4644378, 18.7173443 ], [ -70.4643908, 18.717249 ], [ -70.4643613, 18.717188 ], [ -70.4643197, 18.7170992 ] ] ] } },
{ "type": "Feature", "properties": { "osm_id": "way/1312401032", "highway": "residential", "surf_class": "unknown" }, "geometry": { "type": "MultiLineString", "coordinates": [ [ [ -70.4645155, 18.7177952 ], [ -70.4640374, 18.7173787 ] ] ] } },
{ "type": "Feature", "properties": { "osm_id": "way/1312401033", "highway": "residential", "surf_class": "unknown" }, "geometry": { "type": "MultiLineString", "coordinates": [ [ [ -70.466255, 18.7178092 ], [ -70.4660328, 18.7176113 ], [ -70.4657601, 18.7171309 ], [ -70.4656313, 18.7168921 ], [ -70.4656059, 18.7168692 ], [ -70.4655549, 18.7168578 ], [ -70.4649085, 18.7169251 ], [ -70.4647221, 18.7169582 ], [ -70.4644619, 18.7170509 ], [ -70.4643197, 18.7170992 ], [ -70.4641534, 18.7172516 ], [ -70.4640374, 18.7173787 ], [ -70.4637817, 18.7176832 ] ] ] } },
{ "type": "Feature", "properties": { "osm_id": "way/1312401034", "highway": "residential", "surf_class": "unknown" }, "geometry": { "type": "MultiLineString", "coordinates": [ [ [ -70.4656842, 18.7182322 ], [ -70.465508, 18.7179387 ], [ -70.4650583, 18.717226 ], [ -70.4649085, 18.7169251 ] ] ] } },
{ "type": "Feature", "properties": { "osm_id": "way/1312401035", "highway": "residential", "surf_class": "unknown" }, "geometry": { "type": "MultiLineString", "coordinates": [ [ [ -70.4599598, 18.7180022 ], [ -70.4600698, 18.7179629 ], [ -70.4601274, 18.7179032 ], [ -70.4609133, 18.7170649 ], [ -70.4609348, 18.7170204 ], [ -70.4609442, 18.7169696 ], [ -70.4609321, 18.7169213 ], [ -70.4608785, 18.7168667 ], [ -70.4607014, 18.7167727 ], [ -70.4606371, 18.7167194 ], [ -70.4606156, 18.7166673 ], [ -70.460621, 18.7166101 ], [ -70.4606625, 18.7165619 ], [ -70.4607417, 18.7165022 ], [ -70.4608007, 18.7164412 ], [ -70.4608476, 18.7163409 ], [ -70.4609053, 18.7162989 ], [ -70.4610012, 18.7162605 ] ] ] } },
{ "type": "Feature", "properties": { "osm_id": "way/1382234297", "highway": "residential", "surf_class": "unknown" }, "geometry": { "type": "MultiLineString", "coordinates": [ [ [ -70.4640675, 18.7150581 ], [ -70.4648227, 18.7143975 ] ] ] } },
{ "type": "Feature", "properties": { "osm_id": "way/1382234298", "highway": "residential", "surf_class": "unknown" }, "geometry": { "type": "MultiLineString", "coordinates": [ [ [ -70.4663582, 18.7174586 ], [ -70.4660328, 18.7176113 ], [ -70.4657681, 18.7177876 ], [ -70.465508, 18.7179387 ] ] ] } },
{ "type": "Feature", "properties": { "osm_id": "way/1417157793", "highway": "residential", "surf_class": "unknown" }, "geometry": { "type": "MultiLineString", "coordinates": [ [ [ -70.4542998, 18.7055246 ], [ -70.4542011, 18.7056202 ], [ -70.4541233, 18.705892 ], [ -70.4540697, 18.7061638 ], [ -70.454067, 18.706362 ], [ -70.4540911, 18.7066846 ], [ -70.454126, 18.7068371 ], [ -70.4541957, 18.7069488 ], [ -70.454243, 18.707021 ] ] ] } },
{ "type": "Feature", "properties": { "osm_id": "way/1442592833", "highway": "service", "surf_class": "unknown" }, "geometry": { "type": "MultiLineString", "coordinates": [ [ [ -70.4578932, 18.6307868 ], [ -70.4576585, 18.6307443 ], [ -70.4573581, 18.6306719 ] ] ] } },
{ "type": "Feature", "properties": { "osm_id": "way/1442592834", "highway": "service", "surf_class": "unknown" }, "geometry": { "type": "MultiLineString", "coordinates": [ [ [ -70.457215, 18.6298538 ], [ -70.4571482, 18.6300809 ] ] ] } },
{ "type": "Feature", "properties": { "osm_id": "way/1442592835", "highway": "service", "surf_class": "unknown" }, "geometry": { "type": "MultiLineString", "coordinates": [ [ [ -70.4579159, 18.6304952 ], [ -70.4581305, 18.6305105 ], [ -70.4584685, 18.6305816 ], [ -70.4586723, 18.6306681 ] ] ] } },
{ "type": "Feature", "properties": { "osm_id": "way/1442592836", "highway": "service", "surf_class": "unknown" }, "geometry": { "type": "MultiLineString", "coordinates": [ [ [ -70.4579418, 18.6299171 ], [ -70.4586697, 18.6300174 ], [ -70.4588038, 18.6299894 ] ] ] } },
{ "type": "Feature", "properties": { "osm_id": "way/1442592837", "highway": "residential", "surf_class": "unknown" }, "geometry": { "type": "MultiLineString", "coordinates": [ [ [ -70.4566558, 18.628087 ], [ -70.4569745, 18.6280908 ], [ -70.4574332, 18.6280069 ], [ -70.4579225, 18.6278834 ] ] ] } },
{ "type": "Feature", "properties": { "osm_id": "way/1466924741", "highway": "residential", "surf_class": "unknown" }, "geometry": { "type": "MultiLineString", "coordinates": [ [ [ -70.4668276, 18.7160087 ], [ -70.4668987, 18.716024 ] ] ] } },
{ "type": "Feature", "properties": { "osm_id": "way/1466924742", "highway": "residential", "surf_class": "unknown" }, "geometry": { "type": "MultiLineString", "coordinates": [ [ [ -70.466723, 18.7160093 ], [ -70.4668276, 18.7160087 ] ] ] } },
{ "type": "Feature", "properties": { "osm_id": "way/1514025723", "highway": "service", "surf_class": "unknown" }, "geometry": { "type": "MultiLineString", "coordinates": [ [ [ -70.44512, 18.6951297 ], [ -70.4447007, 18.6954526 ] ] ] } },
{ "type": "Feature", "properties": { "osm_id": "way/1514025724", "highway": "service", "surf_class": "unknown" }, "geometry": { "type": "MultiLineString", "coordinates": [ [ [ -70.4464863, 18.6978144 ], [ -70.447057, 18.6978421 ], [ -70.4470785, 18.697851 ], [ -70.4470892, 18.6978714 ], [ -70.4470772, 18.6983198 ] ] ] } },
{ "type": "Feature", "properties": { "osm_id": "way/1514025725", "highway": "service", "surf_class": "unknown" }, "geometry": { "type": "MultiLineString", "coordinates": [ [ [ -70.4476713, 18.6943414 ], [ -70.4477289, 18.6927188 ], [ -70.4478282, 18.6910242 ] ] ] } },
{ "type": "Feature", "properties": { "osm_id": "way/1533582017", "highway": "track", "surf_class": "unpaved (assumed)" }, "geometry": { "type": "MultiLineString", "coordinates": [ [ [ -70.4270263, 18.7109615 ], [ -70.426809, 18.7109133 ], [ -70.4266763, 18.7109222 ], [ -70.4264832, 18.7109946 ], [ -70.426404, 18.7110593 ], [ -70.4263021, 18.7112308 ], [ -70.4262538, 18.7112854 ], [ -70.4262069, 18.7112854 ], [ -70.4260044, 18.7112207 ], [ -70.4255833, 18.7110238 ], [ -70.4255337, 18.7110149 ], [ -70.4254948, 18.7110454 ], [ -70.4254411, 18.711166 ], [ -70.4254197, 18.7114125 ], [ -70.4254116, 18.7118189 ], [ -70.4253794, 18.7118888 ], [ -70.4253083, 18.7118926 ], [ -70.4251917, 18.7118494 ], [ -70.4250442, 18.7118024 ], [ -70.4248685, 18.7118291 ], [ -70.424552, 18.7119841 ], [ -70.4241563, 18.7121517 ], [ -70.4239874, 18.7121975 ], [ -70.4238573, 18.7121822 ], [ -70.4236766, 18.71214 ] ] ] } },
{ "type": "Feature", "properties": { "osm_id": "way/1533582018", "highway": "residential", "surf_class": "unknown" }, "geometry": { "type": "MultiLineString", "coordinates": [ [ [ -70.422977, 18.7124049 ], [ -70.4231009, 18.7119574 ] ] ] } },
{ "type": "Feature", "properties": { "osm_id": "way/1533582019", "highway": "residential", "surf_class": "unknown" }, "geometry": { "type": "MultiLineString", "coordinates": [ [ [ -70.4203311, 18.7142035 ], [ -70.4206064, 18.7142425 ], [ -70.4208022, 18.7142844 ], [ -70.4210369, 18.714414 ] ] ] } },
{ "type": "Feature", "properties": { "osm_id": "way/1533582020", "highway": "service", "surf_class": "unknown" }, "geometry": { "type": "MultiLineString", "coordinates": [ [ [ -70.4201746, 18.7149186 ], [ -70.4200459, 18.7149684 ], [ -70.4200321, 18.7149903 ], [ -70.4200385, 18.7150465 ], [ -70.4200673, 18.7150662 ], [ -70.4201887, 18.7151083 ] ] ] } },
{ "type": "Feature", "properties": { "osm_id": "way/1533582021", "highway": "residential", "surf_class": "unknown" }, "geometry": { "type": "MultiLineString", "coordinates": [ [ [ -70.4209591, 18.7154263 ], [ -70.420931, 18.7152078 ] ] ] } },
{ "type": "Feature", "properties": { "osm_id": "way/1533582022", "highway": "residential", "surf_class": "unknown" }, "geometry": { "type": "MultiLineString", "coordinates": [ [ [ -70.4211697, 18.715178 ], [ -70.4211529, 18.7153946 ], [ -70.4211382, 18.7154206 ], [ -70.4211013, 18.7154289 ], [ -70.4209591, 18.7154263 ], [ -70.4209042, 18.7154466 ], [ -70.4208787, 18.7154739 ], [ -70.4208478, 18.7155082 ], [ -70.4208056, 18.7155495 ], [ -70.4207446, 18.7155597 ], [ -70.4202768, 18.7155821 ] ] ] } },
{ "type": "Feature", "properties": { "osm_id": "way/1533582023", "highway": "service", "surf_class": "unknown" }, "geometry": { "type": "MultiLineString", "coordinates": [ [ [ -70.4192211, 18.711448 ], [ -70.4191285, 18.7117516 ], [ -70.4190387, 18.7120285 ], [ -70.4189622, 18.712092 ], [ -70.4188228, 18.7121136 ], [ -70.4186256, 18.7120907 ] ] ] } },
{ "type": "Feature", "properties": { "osm_id": "way/1533582024", "highway": "residential", "surf_class": "unknown" }, "geometry": { "type": "MultiLineString", "coordinates": [ [ [ -70.420703, 18.7119498 ], [ -70.4205233, 18.7122813 ] ] ] } },
{ "type": "Feature", "properties": { "osm_id": "way/1533582025", "highway": "residential", "surf_class": "unknown" }, "geometry": { "type": "MultiLineString", "coordinates": [ [ [ -70.4201478, 18.7122762 ], [ -70.4201384, 18.711993 ], [ -70.420129, 18.7116621 ] ] ] } },
{ "type": "Feature", "properties": { "osm_id": "way/1533582026", "highway": "residential", "surf_class": "unknown" }, "geometry": { "type": "MultiLineString", "coordinates": [ [ [ -70.4209321, 18.711897 ], [ -70.420703, 18.7119498 ], [ -70.4201384, 18.711993 ], [ -70.4197213, 18.7119714 ], [ -70.419264, 18.7119129 ] ] ] } },
{ "type": "Feature", "properties": { "osm_id": "way/1533582027", "highway": "service", "surf_class": "unknown" }, "geometry": { "type": "MultiLineString", "coordinates": [ [ [ -70.4197012, 18.7126208 ], [ -70.4193042, 18.7125341 ], [ -70.418981, 18.7124629 ], [ -70.4185975, 18.7124134 ], [ -70.4183755, 18.7123766 ], [ -70.4182984, 18.7123708 ], [ -70.4182555, 18.7123816 ], [ -70.41823, 18.712421 ], [ -70.4181375, 18.7126249 ], [ -70.4179618, 18.712898 ], [ -70.4178585, 18.7130364 ] ] ] } },
{ "type": "Feature", "properties": { "osm_id": "way/1533582028", "highway": "residential", "surf_class": "unknown" }, "geometry": { "type": "MultiLineString", "coordinates": [ [ [ -70.419618, 18.7129901 ], [ -70.4196288, 18.712905 ], [ -70.4196127, 18.7128427 ], [ -70.419614, 18.7127856 ], [ -70.4196774, 18.7126484 ], [ -70.4197012, 18.7126208 ], [ -70.4197364, 18.712616 ], [ -70.4199936, 18.7126052 ], [ -70.4203382, 18.7125874 ] ] ] } },
{ "type": "Feature", "properties": { "osm_id": "way/1533582442", "highway": "residential", "surf_class": "unknown" }, "geometry": { "type": "MultiLineString", "coordinates": [ [ [ -70.4215653, 18.7123283 ], [ -70.4213427, 18.7123264 ], [ -70.4212341, 18.7123346 ], [ -70.4211175, 18.712353 ] ] ] } },
{ "type": "Feature", "properties": { "osm_id": "way/1533582443", "highway": "residential", "surf_class": "unknown" }, "geometry": { "type": "MultiLineString", "coordinates": [ [ [ -70.4211382, 18.7154206 ], [ -70.4211751, 18.7154987 ], [ -70.4212341, 18.7155635 ], [ -70.4213266, 18.7156257 ] ] ] } },
{ "type": "Feature", "properties": { "osm_id": "way/1534019361", "highway": "residential", "surf_class": "unknown" }, "geometry": { "type": "MultiLineString", "coordinates": [ [ [ -70.422615, 18.7116664 ], [ -70.422378, 18.7116005 ], [ -70.4216941, 18.7114391 ], [ -70.4216485, 18.7114061 ], [ -70.4216592, 18.7113464 ], [ -70.4217343, 18.7111927 ] ] ] } },
{ "type": "Feature", "properties": { "osm_id": "way/1534019445", "highway": "service", "surf_class": "unknown" }, "geometry": { "type": "MultiLineString", "coordinates": [ [ [ -70.422425, 18.712167 ], [ -70.4219918, 18.7120577 ] ] ] } },
{ "type": "Feature", "properties": { "osm_id": "way/1534026148", "highway": "service", "surf_class": "unknown" }, "geometry": { "type": "MultiLineString", "coordinates": [ [ [ -70.4191285, 18.7117516 ], [ -70.4188603, 18.7117262 ], [ -70.4187396, 18.7117376 ], [ -70.4186632, 18.7117745 ], [ -70.4186216, 18.7118367 ], [ -70.4185881, 18.712052 ], [ -70.4185911, 18.7120793 ], [ -70.4186256, 18.7120907 ] ] ] } },
{ "type": "Feature", "properties": { "osm_id": "way/1534026149", "highway": "service", "surf_class": "unknown" }, "geometry": { "type": "MultiLineString", "coordinates": [ [ [ -70.4188938, 18.7112664 ], [ -70.4188603, 18.7117262 ] ] ] } }
]
}
