{
"type": "FeatureCollection",
"name": "waterways",
"crs": { "type": "name", "properties": { "name": "urn:ogc:def:crs:OGC:1.3:CRS84" } },
"features": [
{ "type": "Feature", "properties": { "osm_id": "way/31754095", "waterway": "river", "relation": null }, "geometry": { "type": "MultiLineString", "coordinates": [ [ [ -70.5732212, 18.6921559 ], [ -70.571569, 18.6923389 ], [ -70.5707107, 18.6908144 ], [ -70.5677924, 18.6903673 ], [ -70.5662046, 18.6890461 ], [ -70.5642948, 18.6857938 ], [ -70.5617199, 18.6830497 ], [ -70.5589304, 18.6823789 ], [ -70.557128, 18.6787607 ], [ -70.5569154, 18.6766503 ], [ -70.5565915, 18.6734348 ], [ -70.5554114, 18.6734145 ], [ -70.5554972, 18.6719711 ], [ -70.5522785, 18.6696131 ], [ -70.5506263, 18.6672549 ], [ -70.5498967, 18.6662588 ], [ -70.5504117, 18.6655676 ], [ -70.550283, 18.6650391 ], [ -70.5491028, 18.6651814 ], [ -70.5492745, 18.6643072 ], [ -70.5480514, 18.6637787 ], [ -70.5496822, 18.6636973 ], [ -70.5509911, 18.661766 ], [ -70.5508409, 18.6605869 ], [ -70.5504117, 18.6599974 ], [ -70.5496822, 18.6603836 ], [ -70.5488668, 18.661766 ], [ -70.5482445, 18.6616441 ], [ -70.5480728, 18.6606073 ], [ -70.5470643, 18.6608715 ], [ -70.5463777, 18.6606479 ], [ -70.5467854, 18.6591435 ], [ -70.5461202, 18.6590419 ], [ -70.5461631, 18.6584726 ], [ -70.5444036, 18.6580864 ], [ -70.5448756, 18.6568666 ], [ -70.5435882, 18.6570902 ], [ -70.543202, 18.6564396 ], [ -70.5438457, 18.6555044 ], [ -70.5418072, 18.6552198 ], [ -70.5404554, 18.6537967 ], [ -70.539136, 18.6527171 ], [ -70.5386366, 18.6520638 ], [ -70.5382561, 18.65139 ], [ -70.538318, 18.6510244 ], [ -70.5386677, 18.6505358 ], [ -70.5389233, 18.6501662 ], [ -70.5388785, 18.6496649 ], [ -70.53946830000001, 18.6490393 ] ] ] } },
{ "type": "Feature", "properties": { "osm_id": "way/48565494", "name": "Río Malo", "waterway": "river", "relation": null }, "geometry": { "type": "MultiLineString", "coordinates": [ [ [ -70.5981445, 18.7581527 ], [ -70.5976349, 18.7583254 ], [ -70.597533, 18.7583559 ], [ -70.5973774, 18.7583203 ], [ -70.597216500000016, 18.7582442 ], [ -70.5970395, 18.758234 ], [ -70.5956662, 18.7585997 ], [ -70.5952907, 18.7586556 ], [ -70.5949581, 18.7585286 ], [ -70.5945021, 18.7582949 ], [ -70.593971, 18.7578683 ], [ -70.5937725, 18.7577159 ], [ -70.5932361, 18.757594 ], [ -70.592984, 18.7575229 ], [ -70.5925924, 18.7575229 ], [ -70.5918574, 18.7576702 ], [ -70.5911279, 18.7576803 ], [ -70.5907577, 18.7575889 ], [ -70.5903715, 18.7571622 ], [ -70.590173, 18.7570149 ], [ -70.5899531, 18.7570048 ], [ -70.5896688, 18.75702 ], [ -70.5891269, 18.7572333 ], [ -70.5888426, 18.7574467 ], [ -70.588671, 18.7577413 ], [ -70.5884993, 18.7579038 ], [ -70.5877483, 18.7582594 ], [ -70.5869919, 18.7584219 ], [ -70.5867773, 18.7584423 ], [ -70.586611, 18.7583457 ], [ -70.5863375, 18.7579749 ], [ -70.5861819, 18.7578276 ], [ -70.5859888, 18.7577413 ], [ -70.5854952, 18.7576499 ], [ -70.5852538, 18.7575381 ], [ -70.5850714, 18.7573197 ], [ -70.5845511, 18.7563647 ], [ -70.584325800000016, 18.7561463 ], [ -70.5839986, 18.756065 ], [ -70.5833763, 18.7560549 ], [ -70.5824161, 18.7561666 ], [ -70.581927900000011, 18.7562682 ], [ -70.5816704, 18.756253 ], [ -70.5811018, 18.7559533 ], [ -70.5806887, 18.7555876 ], [ -70.5805653, 18.7553437 ], [ -70.5801362, 18.754851 ], [ -70.579868, 18.754597 ], [ -70.5794656, 18.7537284 ], [ -70.5792189, 18.7533779 ], [ -70.5790311, 18.7531595 ], [ -70.5787253, 18.7529055 ], [ -70.5783445, 18.7528192 ], [ -70.5781514, 18.752743 ], [ -70.5780494, 18.7525957 ], [ -70.5779797, 18.7523823 ], [ -70.5780065, 18.7521029 ], [ -70.5779904, 18.7519556 ], [ -70.5778939, 18.7518896 ], [ -70.5774915, 18.7517931 ], [ -70.5773789, 18.7516915 ], [ -70.577287700000014, 18.7514578 ], [ -70.5771697, 18.7513054 ], [ -70.5769873, 18.7512191 ], [ -70.5766386, 18.7511073 ], [ -70.5764186, 18.7509803 ], [ -70.5762845, 18.7505689 ], [ -70.5762416, 18.7497968 ], [ -70.5761558, 18.7496647 ], [ -70.5761182, 18.7495682 ], [ -70.5761397, 18.7494259 ], [ -70.5761933, 18.7492685 ], [ -70.5761451, 18.7491466 ], [ -70.5759412, 18.7488875 ], [ -70.575791, 18.7486233 ], [ -70.5756247, 18.7480188 ], [ -70.5754209, 18.7476379 ], [ -70.5752277, 18.7474499 ], [ -70.57504, 18.7473534 ], [ -70.5746001, 18.7473026 ], [ -70.5743533, 18.7471959 ], [ -70.5741173, 18.7468454 ], [ -70.5740637, 18.7464847 ], [ -70.5740744, 18.746307 ], [ -70.5739832, 18.7461647 ], [ -70.5735916, 18.7458904 ], [ -70.5733663, 18.745799 ], [ -70.5729586, 18.7457532 ], [ -70.5727118, 18.7457228 ], [ -70.5725133, 18.7455805 ], [ -70.5721593, 18.745164 ], [ -70.5718535, 18.7446814 ], [ -70.571714, 18.7445696 ], [ -70.5708611, 18.7441328 ], [ -70.5698526, 18.7436502 ], [ -70.5693698, 18.7434876 ], [ -70.5689192, 18.7434521 ], [ -70.5687153, 18.7434216 ], [ -70.568592, 18.74332 ], [ -70.5685169, 18.7432895 ], [ -70.5683988, 18.7432844 ], [ -70.5680716, 18.7433352 ], [ -70.5674976, 18.7433454 ], [ -70.56584, 18.743386 ], [ -70.5645204, 18.743259 ], [ -70.5639571, 18.7431625 ], [ -70.5636996, 18.7431574 ], [ -70.5635333, 18.7431828 ], [ -70.5633563, 18.7431473 ], [ -70.5628306, 18.7429085 ], [ -70.5616289, 18.7425935 ], [ -70.5612212, 18.7424005 ], [ -70.5610764, 18.7422329 ], [ -70.5610013, 18.7420195 ], [ -70.5610496, 18.7413032 ], [ -70.5610281, 18.7410442 ], [ -70.5607706, 18.7408257 ], [ -70.5603415, 18.7407749 ], [ -70.5598141, 18.7408247 ], [ -70.5594564, 18.7408308 ], [ -70.5590648, 18.7408816 ], [ -70.5588824, 18.7409883 ], [ -70.5587268, 18.741095 ], [ -70.5585605, 18.7411051 ], [ -70.5582762, 18.7411102 ], [ -70.5579758, 18.741095 ], [ -70.557423200000017, 18.7409832 ], [ -70.5568171, 18.7406987 ], [ -70.5565381, 18.7406428 ], [ -70.5562431, 18.7407038 ], [ -70.556109, 18.740719 ], [ -70.5556798, 18.7406632 ], [ -70.5550683, 18.7405819 ], [ -70.5543226, 18.7403025 ], [ -70.5536467, 18.7401602 ], [ -70.5529118, 18.7401856 ], [ -70.5524772, 18.740206 ], [ -70.5520803, 18.7401348 ], [ -70.551753, 18.7400231 ], [ -70.5514044, 18.7400231 ], [ -70.5509591, 18.7401044 ], [ -70.5506641, 18.7401399 ], [ -70.5503637, 18.7400993 ], [ -70.5498809, 18.7399367 ], [ -70.5491942, 18.7397234 ], [ -70.5487597, 18.7396624 ], [ -70.5485022, 18.7397488 ], [ -70.548293, 18.7397742 ], [ -70.5481911, 18.7397691 ], [ -70.5474669, 18.7394693 ], [ -70.5472523, 18.7392814 ], [ -70.5471772, 18.7390274 ], [ -70.5473022, 18.7379997 ], [ -70.5473167, 18.737859 ], [ -70.5472416, 18.7377574 ], [ -70.5464262, 18.7374373 ], [ -70.5457985, 18.7372036 ], [ -70.5455142, 18.736975 ], [ -70.5454445, 18.7369344 ], [ -70.5451495, 18.7368988 ], [ -70.5449081, 18.7368582 ], [ -70.5447096, 18.7367363 ], [ -70.5441088, 18.7365178 ], [ -70.5436313, 18.736274 ], [ -70.5433953, 18.7362587 ], [ -70.543148500000015, 18.7363197 ], [ -70.5428052, 18.7365635 ], [ -70.5424458, 18.7366194 ], [ -70.5421722, 18.736528 ], [ -70.5417162, 18.7360962 ], [ -70.5407935, 18.7347702 ], [ -70.539785, 18.7338355 ], [ -70.5386102, 18.7334037 ], [ -70.5376285, 18.7330176 ], [ -70.5374515, 18.7329718 ], [ -70.5372208, 18.7329922 ], [ -70.5364537, 18.733109 ], [ -70.5360997, 18.7330989 ], [ -70.535911900000016, 18.7329769 ], [ -70.5358636, 18.7328347 ], [ -70.5359441, 18.7325654 ], [ -70.5363303, 18.731524 ], [ -70.5366576, 18.7309905 ], [ -70.5368829, 18.7307568 ], [ -70.5369204, 18.730513 ], [ -70.5368453, 18.7300558 ], [ -70.536561, 18.7297154 ], [ -70.5363035, 18.7296595 ], [ -70.535987, 18.7296544 ], [ -70.5355525, 18.7296646 ], [ -70.535354, 18.7297713 ], [ -70.5350161, 18.7300507 ], [ -70.5342436, 18.7308127 ], [ -70.5337125, 18.7309702 ], [ -70.5334443, 18.7309855 ], [ -70.5332458, 18.7309042 ], [ -70.5329722, 18.7306349 ], [ -70.5328757, 18.7302539 ], [ -70.5327362, 18.729944 ], [ -70.5326557, 18.7296239 ], [ -70.5326665, 18.7293344 ], [ -70.5328435, 18.728872 ], [ -70.532881, 18.7285469 ], [ -70.5327576, 18.7281862 ], [ -70.5324358, 18.7278661 ], [ -70.5321783, 18.7277848 ], [ -70.5316579, 18.7277544 ], [ -70.5311698, 18.7277594 ], [ -70.5307889, 18.727856 ], [ -70.5306011, 18.728049 ], [ -70.5300325, 18.7294055 ] ] ] } },
{ "type": "Feature", "properties": { "osm_id": "way/135615662", "name": "Río Yuna", "waterway": "river", "relation": null }, "geometry": { "type": "MultiLineString", "coordinates": [ [ [ -70.4207405, 18.7839647 ], [ -70.4209685, 18.7836549 ], [ -70.4211241, 18.7834517 ], [ -70.421341400000017, 18.7832816 ], [ -70.4215238, 18.7831851 ], [ -70.4217571, 18.7830048 ], [ -70.4218403, 18.7828956 ], [ -70.4218912, 18.782728 ], [ -70.4219019, 18.7825604 ], [ -70.4219234, 18.7823852 ], [ -70.4219905, 18.7822633 ], [ -70.4220924, 18.7821363 ], [ -70.4222506, 18.781923 ], [ -70.4224786, 18.7815523 ], [ -70.4225135, 18.781438 ], [ -70.4225162, 18.7813466 ], [ -70.4224223, 18.7811333 ], [ -70.4223445, 18.7809428 ], [ -70.4223338, 18.7808438 ], [ -70.4223579, 18.7807727 ], [ -70.4224438, 18.7807092 ], [ -70.4225564, 18.7806736 ], [ -70.4226744, 18.7806254 ], [ -70.4227334, 18.7805518 ], [ -70.4227656, 18.7804299 ], [ -70.422771, 18.780247 ], [ -70.4227951, 18.7801556 ], [ -70.422856800000019, 18.7800693 ], [ -70.4230928, 18.7798864 ], [ -70.4233074, 18.7797747 ], [ -70.4234308, 18.7797188 ], [ -70.4234791, 18.7796173 ], [ -70.4234791, 18.7795208 ], [ -70.423404, 18.7793735 ], [ -70.4231143, 18.779018 ], [ -70.4229266, 18.7787843 ], [ -70.4228246, 18.7785761 ], [ -70.422771, 18.7783729 ], [ -70.4227442, 18.7781241 ], [ -70.4226959, 18.7780123 ], [ -70.4225135, 18.7778498 ], [ -70.4223579, 18.7776822 ], [ -70.4222453, 18.7773521 ], [ -70.4220682, 18.7770067 ], [ -70.4220522, 18.7768239 ], [ -70.4221219, 18.7766004 ], [ -70.422197, 18.776316 ], [ -70.4221916, 18.7761331 ], [ -70.4220629, 18.7759198 ], [ -70.42202, 18.7757509 ], [ -70.4220709, 18.7756176 ], [ -70.4222506, 18.7754576 ], [ -70.4223526, 18.7753637 ], [ -70.4224652, 18.7752392 ], [ -70.4226208, 18.7749243 ], [ -70.4228032, 18.7746196 ], [ -70.4229426, 18.7743453 ], [ -70.4230231, 18.7740914 ], [ -70.4230124, 18.7739035 ], [ -70.4229748, 18.7737003 ], [ -70.4227603, 18.7732787 ], [ -70.4227281, 18.7730908 ], [ -70.4227871, 18.7728877 ], [ -70.422897, 18.7726388 ], [ -70.423117, 18.7723137 ], [ -70.423345, 18.7720649 ], [ -70.4235193, 18.7719455 ], [ -70.4237044, 18.7718769 ], [ -70.4238841, 18.7718566 ], [ -70.4241684, 18.7718642 ], [ -70.4243964, 18.7718668 ], [ -70.4245842, 18.771816 ], [ -70.4247504, 18.7717017 ], [ -70.4248577, 18.7715722 ], [ -70.4249892, 18.7713716 ], [ -70.4251286, 18.7710821 ], [ -70.4252628, 18.7708484 ], [ -70.4253861, 18.7707519 ], [ -70.4254907, 18.7707037 ], [ -70.4256544, 18.7706656 ], [ -70.4258475, 18.7705894 ], [ -70.4260245, 18.7704573 ], [ -70.4262123, 18.7703811 ], [ -70.4265046, 18.7703151 ], [ -70.426746, 18.7702846 ], [ -70.4271215, 18.7702542 ], [ -70.4273093, 18.7702161 ], [ -70.4274568, 18.7701526 ], [ -70.4276472, 18.7699773 ], [ -70.427886, 18.7698097 ], [ -70.4280227, 18.7697335 ], [ -70.4281327, 18.7697107 ], [ -70.4282212, 18.7697183 ], [ -70.4283607, 18.7697869 ], [ -70.428527, 18.7698148 ], [ -70.4287979, 18.7698224 ], [ -70.4291976, 18.7698402 ], [ -70.4294041, 18.7698123 ], [ -70.4295355, 18.7697589 ], [ -70.4295945, 18.7696751 ], [ -70.4296106, 18.7695659 ], [ -70.4296026, 18.7694186 ], [ -70.4295811, 18.7692663 ], [ -70.4296052, 18.769185 ], [ -70.4296911, 18.7690987 ], [ -70.4299942, 18.7689463 ], [ -70.4300746, 18.7688523 ], [ -70.4300988, 18.768733 ], [ -70.430093400000018, 18.7686034 ], [ -70.430072, 18.7684282 ], [ -70.4300746, 18.7683114 ], [ -70.4301256, 18.7682047 ], [ -70.43019, 18.7681412 ], [ -70.4303053, 18.7680904 ], [ -70.430595, 18.7680269 ], [ -70.4308498, 18.7679635 ], [ -70.4310644, 18.7678822 ], [ -70.4312602, 18.7677324 ], [ -70.4315579, 18.7674733 ], [ -70.4318744, 18.7672143 ], [ -70.4321158, 18.7669984 ], [ -70.4322714, 18.7669349 ], [ -70.4323867, 18.7669171 ], [ -70.4325289, 18.7669578 ], [ -70.4326576, 18.7670467 ], [ -70.4328346, 18.7672016 ], [ -70.432958, 18.7672905 ], [ -70.4330251, 18.7673108 ], [ -70.4331458, 18.7673108 ], [ -70.433258400000014, 18.7672676 ], [ -70.4333577, 18.7671863 ], [ -70.4336098, 18.7669222 ], [ -70.4338405, 18.7667546 ], [ -70.4340202, 18.7666556 ], [ -70.4341999, 18.7666378 ], [ -70.4343876, 18.7666581 ], [ -70.4346317, 18.7667368 ], [ -70.4348248, 18.7668384 ], [ -70.4350501, 18.7669756 ], [ -70.4352835, 18.7670314 ], [ -70.4354873, 18.7670086 ], [ -70.4356831, 18.7669552 ], [ -70.4359058, 18.766846 ], [ -70.4360265, 18.7667292 ], [ -70.4360962, 18.7666149 ], [ -70.4361177, 18.7664651 ], [ -70.4361203, 18.7661934 ], [ -70.4361472, 18.7659419 ], [ -70.4361659, 18.7658226 ], [ -70.4362035, 18.765693 ], [ -70.436343, 18.7655711 ], [ -70.4365683, 18.7654797 ], [ -70.4368901, 18.765368 ], [ -70.43722, 18.7652283 ], [ -70.4375714, 18.7651673 ], [ -70.4379147, 18.7651267 ], [ -70.4381159, 18.7650632 ], [ -70.4383117, 18.7649743 ], [ -70.438478, 18.7648702 ], [ -70.4387113, 18.7646975 ], [ -70.4388025, 18.7646289 ], [ -70.4388642, 18.7644994 ], [ -70.4389018, 18.7643089 ], [ -70.4389742, 18.7639432 ], [ -70.4390359, 18.7635877 ], [ -70.4391351, 18.7633134 ], [ -70.439274600000019, 18.7630797 ], [ -70.4394785, 18.7628766 ], [ -70.4396608, 18.7627547 ], [ -70.4398164, 18.762648 ], [ -70.4399934, 18.7625769 ], [ -70.4401919, 18.7625312 ], [ -70.4404092, 18.7625261 ], [ -70.4406023, 18.762549 ], [ -70.4408222, 18.7625947 ], [ -70.441015400000012, 18.762648 ], [ -70.441466, 18.7628029 ], [ -70.4418388, 18.7629096 ], [ -70.4422331, 18.7629832 ], [ -70.4424235, 18.7630544 ], [ -70.4426193, 18.7631432 ], [ -70.4427668, 18.7631712 ], [ -70.4429573, 18.7631686 ], [ -70.4431638, 18.7631559 ], [ -70.4433113, 18.7631864 ], [ -70.443413300000017, 18.7632397 ], [ -70.4434589, 18.7633083 ], [ -70.4435018, 18.7634353 ], [ -70.4435366, 18.7635928 ], [ -70.4436386, 18.7637426 ], [ -70.4437351, 18.763867 ], [ -70.4438183, 18.7639305 ], [ -70.4439524, 18.7639534 ], [ -70.444236700000019, 18.7639458 ], [ -70.4445478, 18.7639686 ], [ -70.4448429, 18.763994 ], [ -70.445213, 18.7640931 ], [ -70.4456046, 18.7642861 ], [ -70.4459345, 18.764502 ], [ -70.4461786, 18.7646772 ], [ -70.4466078, 18.7650277 ], [ -70.4469109, 18.7652994 ], [ -70.447053, 18.7654619 ], [ -70.447222, 18.7657057 ], [ -70.4474071, 18.7658759 ], [ -70.447723600000018, 18.7661172 ], [ -70.4479033, 18.766259399999988 ], [ -70.4480267, 18.7663127 ], [ -70.4482734, 18.7664067 ], [ -70.448437, 18.7664905 ], [ -70.4485121, 18.7665768 ], [ -70.4485497, 18.766681 ], [ -70.448547, 18.7668232 ], [ -70.4485041, 18.76694 ], [ -70.4484075, 18.7670771 ], [ -70.4483056, 18.7671787 ], [ -70.4481608, 18.7673006 ], [ -70.4479516, 18.7674098 ], [ -70.4477182, 18.7675013 ], [ -70.4475492, 18.7676282 ], [ -70.4475144, 18.7677044 ], [ -70.4475358, 18.7677882 ], [ -70.4476324, 18.7678517 ], [ -70.447965, 18.7680828 ], [ -70.4481822, 18.768286 ], [ -70.4483271, 18.7683952 ], [ -70.4485256, 18.7684638 ], [ -70.4488152, 18.7684942 ], [ -70.4489708, 18.7684942 ], [ -70.4491881, 18.7684561 ], [ -70.4495716, 18.76838 ], [ -70.44989080000002, 18.7683495 ], [ -70.4500625, 18.7683673 ], [ -70.4501456, 18.7684231 ], [ -70.4502046, 18.7685425 ], [ -70.4501939, 18.7686796 ], [ -70.4501188, 18.7689006 ], [ -70.4500437, 18.7692663 ], [ -70.4500705, 18.7695253 ], [ -70.4501724, 18.7696777 ], [ -70.4503387, 18.7698301 ], [ -70.4507089, 18.7701094 ], [ -70.4511327, 18.7704142 ], [ -70.4516047, 18.7708002 ], [ -70.4517764, 18.7708763 ], [ -70.4519856, 18.7708814 ], [ -70.4523397, 18.7708256 ], [ -70.452522, 18.7708865 ], [ -70.4525918, 18.7709729 ], [ -70.452565, 18.7711303 ], [ -70.4523182, 18.7713436 ], [ -70.4521304, 18.7714909 ], [ -70.4520446, 18.7716281 ], [ -70.4520017, 18.7717449 ], [ -70.4519534, 18.7718871 ], [ -70.451889, 18.7721461 ], [ -70.4516584, 18.7727048 ], [ -70.451653, 18.77304 ], [ -70.4517442, 18.7733702 ], [ -70.4519212, 18.7736343 ], [ -70.4521143, 18.7738527 ], [ -70.452286, 18.7739746 ], [ -70.4524201, 18.774193 ], [ -70.4525767, 18.7744188 ], [ -70.4527151, 18.7745841 ], [ -70.4528332, 18.7747212 ], [ -70.4528868, 18.7750107 ], [ -70.4528707, 18.7754602 ], [ -70.4529217, 18.7757446 ], [ -70.4531819, 18.7760189 ], [ -70.4534957, 18.776222 ], [ -70.4538068, 18.7763338 ], [ -70.4542092, 18.7763338 ], [ -70.4547161, 18.7761763 ], [ -70.4551841, 18.7759836 ], [ -70.4554993, 18.7758538 ], [ -70.4560679, 18.7757522 ], [ -70.4564488, 18.7758944 ], [ -70.456872600000011, 18.7761204 ], [ -70.4569665, 18.7762728 ], [ -70.4570523, 18.776641 ], [ -70.4570389, 18.7771464 ], [ -70.4569691, 18.7775578 ], [ -70.4567787, 18.7779184 ], [ -70.4564112, 18.7781749 ], [ -70.4560411, 18.7784694 ], [ -70.4558963, 18.7787234 ], [ -70.455848, 18.7789367 ], [ -70.4557461, 18.7791094 ], [ -70.4556388, 18.7792059 ], [ -70.4553974, 18.7793024 ], [ -70.455158700000013, 18.7793912 ], [ -70.454995, 18.7795258 ], [ -70.4549494, 18.7796731 ], [ -70.4549333, 18.7798382 ], [ -70.4549146, 18.7800312 ], [ -70.4548582, 18.7802064 ], [ -70.4546356, 18.7805898 ], [ -70.4545659, 18.7808057 ], [ -70.4544666, 18.7811663 ], [ -70.454399600000016, 18.7812831 ], [ -70.4542547, 18.7814278 ], [ -70.4538605, 18.7818342 ], [ -70.45378, 18.7821414 ], [ -70.4537612, 18.7824131 ], [ -70.4538927, 18.7826036 ], [ -70.4540375, 18.7827585 ], [ -70.4543486, 18.7830784 ], [ -70.4544452, 18.7832232 ], [ -70.4544666, 18.7832943 ], [ -70.4544345, 18.7834009 ], [ -70.4543191, 18.7834568 ], [ -70.4542199, 18.7834619 ], [ -70.4540482, 18.7834213 ], [ -70.4539999, 18.7832765 ], [ -70.453946300000013, 18.7831165 ], [ -70.4537907, 18.7830429 ], [ -70.4533562, 18.7830454 ], [ -70.4531845, 18.7832359 ], [ -70.4529807, 18.7835558 ], [ -70.4527205, 18.7838783 ], [ -70.4524845, 18.7840866 ], [ -70.4523236, 18.7842313 ], [ -70.4521546, 18.7842999 ], [ -70.451999, 18.7843126 ], [ -70.4518971, 18.7843405 ], [ -70.4518461, 18.7844141 ], [ -70.451843400000016, 18.7845563 ], [ -70.451910500000011, 18.7846808 ], [ -70.4520017, 18.7848357 ], [ -70.4521143, 18.7849144 ], [ -70.4525247, 18.7851277 ], [ -70.4528171, 18.785275 ], [ -70.4530209, 18.7854375 ], [ -70.4531658, 18.785534 ], [ -70.4533804, 18.785534 ], [ -70.4535627, 18.7853562 ], [ -70.4539168, 18.7849449 ], [ -70.454185, 18.7844395 ], [ -70.4543218, 18.784338 ], [ -70.4545391, 18.7843303 ], [ -70.4547054, 18.7843659 ], [ -70.4548824, 18.7844522 ], [ -70.4550836, 18.7847671 ], [ -70.4551265, 18.7850515 ], [ -70.4551479, 18.7853461 ], [ -70.455223, 18.7855543 ], [ -70.4554269, 18.7857498 ], [ -70.4554912, 18.7857981 ], [ -70.4557005, 18.7858997 ], [ -70.4559392, 18.7860139 ], [ -70.4561618, 18.7862095 ], [ -70.4562825, 18.7863618 ], [ -70.4563496, 18.7864812 ], [ -70.4563952, 18.7866462 ], [ -70.4564032, 18.7871439 ], [ -70.4563147, 18.7875299 ], [ -70.4562154, 18.7877432 ], [ -70.4560357, 18.7881139 ], [ -70.4558319, 18.7883018 ], [ -70.4556549, 18.7883831 ], [ -70.4552686, 18.7884085 ], [ -70.454960200000016, 18.7882866 ], [ -70.454759, 18.7882409 ], [ -70.4545337, 18.7881952 ], [ -70.4543218, 18.7880962 ], [ -70.4539838, 18.7880962 ], [ -70.4537934, 18.7881419 ], [ -70.4533857, 18.7884466 ], [ -70.4532248, 18.7887437 ], [ -70.4530746, 18.7895816 ], [ -70.4530424, 18.790511 ], [ -70.4531175, 18.7920193 ], [ -70.4533106, 18.7927862 ], [ -70.4533267, 18.7932635 ], [ -70.4533964, 18.7937561 ], [ -70.4534018, 18.7941523 ], [ -70.4532784, 18.7946601 ], [ -70.4530853, 18.79514 ], [ -70.4529914, 18.7953736 ], [ -70.4529163, 18.7955691 ], [ -70.4528895, 18.7958535 ], [ -70.4529244, 18.7959348 ], [ -70.4529995, 18.796016 ], [ -70.4532757, 18.7961938 ], [ -70.45354930000002, 18.7964705 ], [ -70.4536808, 18.7965518 ], [ -70.4537666, 18.7966559 ], [ -70.453839, 18.7968159 ], [ -70.4539758, 18.7971028 ], [ -70.4541636, 18.7974913 ], [ -70.4541904, 18.7975928 ], [ -70.4541877, 18.7977325 ], [ -70.4540241, 18.7979432 ], [ -70.4538658, 18.7980956 ], [ -70.4536915, 18.798187 ], [ -70.4533723, 18.7983038 ], [ -70.4531255, 18.7984104 ], [ -70.4530183, 18.7984993 ], [ -70.4529941, 18.7986237 ], [ -70.453055800000016, 18.7987888 ], [ -70.4531899, 18.7989564 ], [ -70.4535118, 18.7990554 ], [ -70.4536861, 18.7990605 ], [ -70.4539704, 18.7990148 ], [ -70.4542735, 18.7988396 ], [ -70.4544693, 18.7987913 ], [ -70.4546464, 18.7987761 ], [ -70.4548287, 18.7987812 ], [ -70.4551077, 18.7988142 ], [ -70.4553974, 18.7988142 ], [ -70.4555744, 18.798936 ], [ -70.4555959, 18.7991392 ], [ -70.4556012, 18.7994134 ], [ -70.4555905, 18.7996064 ], [ -70.4556388, 18.799713 ], [ -70.4558373, 18.7998654 ], [ -70.4560357, 18.7998958 ], [ -70.4563952, 18.7997866 ], [ -70.4565266, 18.799746 ], [ -70.4566875, 18.7996902 ], [ -70.4569209, 18.7996597 ], [ -70.4571086, 18.7997282 ], [ -70.4573795, 18.7998679 ], [ -70.4576826, 18.7999745 ], [ -70.457983, 18.8000939 ], [ -70.4580876, 18.8002132 ], [ -70.4581359, 18.8004062 ], [ -70.4581144, 18.8006601 ], [ -70.4581225, 18.8008099 ], [ -70.4581681, 18.8008912 ], [ -70.4582244, 18.8010613 ], [ -70.4582888, 18.8013736 ], [ -70.4582968, 18.8015793 ], [ -70.4582727, 18.8018408 ], [ -70.458339800000019, 18.8022877 ], [ -70.458447, 18.8025517 ], [ -70.4585517, 18.8031459 ], [ -70.4585946, 18.803547 ], [ -70.4586375, 18.8038365 ], [ -70.4587877, 18.8040244 ], [ -70.4590935, 18.8041056 ], [ -70.4593509, 18.8040752 ], [ -70.4596782, 18.803938 ], [ -70.4598498, 18.8037502 ], [ -70.4599196, 18.8033388 ], [ -70.4600269, 18.8031611 ], [ -70.4601824, 18.8031154 ], [ -70.4603165, 18.8031662 ], [ -70.4604936, 18.8032931 ], [ -70.4606867, 18.8035521 ], [ -70.460853, 18.8039939 ], [ -70.4609603, 18.804197 ], [ -70.4610193, 18.8046084 ], [ -70.4609817, 18.8049841 ], [ -70.4610568, 18.8051771 ], [ -70.4612258, 18.8053624 ], [ -70.4614082, 18.8053929 ], [ -70.4615718, 18.8053421 ], [ -70.4616684, 18.8051873 ], [ -70.4617301, 18.8047378 ], [ -70.461773, 18.8044966 ], [ -70.4618266, 18.8044205 ], [ -70.461899, 18.804423 ], [ -70.4619956, 18.8044687 ], [ -70.4621096, 18.8046172 ], [ -70.4622625, 18.8047137 ], [ -70.4624073, 18.804795 ], [ -70.4626165, 18.8048343 ], [ -70.4629022, 18.8046998 ], [ -70.463087300000012, 18.8046211 ], [ -70.4632482, 18.8046084 ], [ -70.463580800000017, 18.8045779 ], [ -70.4639751, 18.8046794 ], [ -70.4642674, 18.8048064 ], [ -70.4645169, 18.8049257 ], [ -70.4648119, 18.8051136 ], [ -70.465225, 18.805431 ], [ -70.4655093, 18.8056722 ], [ -70.465579, 18.805921 ], [ -70.4656407, 18.8061546 ], [ -70.465616600000018, 18.8065533 ], [ -70.465571, 18.8067081 ], [ -70.4655656, 18.8068122 ], [ -70.4655951, 18.8069214 ], [ -70.4656595, 18.8071042 ], [ -70.4656702, 18.8072946 ], [ -70.4656005, 18.8080259 ], [ -70.4655737, 18.808163 ], [ -70.4654637, 18.8084245 ], [ -70.4654288, 18.8085743 ], [ -70.4654181, 18.808719 ], [ -70.4655281, 18.8088383 ], [ -70.4656515, 18.8089704 ], [ -70.4658043, 18.809176 ], [ -70.4658312, 18.8093944 ], [ -70.4658821, 18.8096991 ], [ -70.4659948, 18.8100799 ], [ -70.4660726, 18.8104125 ], [ -70.4662201, 18.8106232 ], [ -70.4664454, 18.8109051 ], [ -70.466705600000012, 18.8112148 ], [ -70.4667431, 18.8113443 ], [ -70.466719, 18.811555 ], [ -70.4667458, 18.8118572 ], [ -70.4669899, 18.8119917 ], [ -70.467419, 18.8120781 ], [ -70.4678911, 18.8122101 ], [ -70.4685509, 18.8124183 ], [ -70.4688084, 18.8125173 ], [ -70.4689613, 18.8127052 ], [ -70.4689908, 18.8129261 ], [ -70.4690123, 18.8131431 ], [ -70.468972, 18.8133653 ], [ -70.46896, 18.8135113 ], [ -70.469031, 18.8136319 ], [ -70.469192, 18.8137614 ], [ -70.4694039, 18.8138756 ], [ -70.4695299, 18.8139924 ], [ -70.4698545, 18.8142742 ], [ -70.4701012, 18.8143986 ], [ -70.4704312, 18.8145002 ], [ -70.4707798, 18.8146373 ], [ -70.4709099, 18.8147185 ], [ -70.4710132, 18.8148442 ], [ -70.4710333, 18.8149343 ], [ -70.4710226, 18.8150105 ], [ -70.4709904, 18.8150765 ], [ -70.4709086, 18.8151412 ], [ -70.4708254, 18.8152174 ], [ -70.4707235, 18.8153634 ], [ -70.4704607, 18.8156655 ], [ -70.4704446, 18.8157848 ], [ -70.4704633, 18.8159473 ], [ -70.4705036, 18.8161073 ], [ -70.4705116, 18.8162418 ], [ -70.4705358, 18.8164576 ], [ -70.4705277, 18.8165744 ], [ -70.4704875, 18.8167039 ], [ -70.4704848, 18.8169045 ], [ -70.4705036, 18.8171711 ], [ -70.4705599, 18.8175417 ], [ -70.4706752, 18.8177271 ], [ -70.4707745, 18.8178794 ], [ -70.4711017, 18.8181231 ], [ -70.471217, 18.818219599999988 ], [ -70.4713029, 18.8182425 ], [ -70.4717991, 18.8181003 ], [ -70.4722631, 18.8180419 ], [ -70.4724026, 18.8180876 ], [ -70.4725152, 18.8181587 ], [ -70.4725662, 18.8182095 ], [ -70.4726815, 18.8183592 ], [ -70.4730088, 18.8185446 ], [ -70.4731697, 18.8186284 ], [ -70.4731375, 18.8187502 ], [ -70.4730973, 18.8190473 ], [ -70.4730383, 18.8191691 ], [ -70.4730007, 18.819225 ], [ -70.4728103, 18.8192529 ], [ -70.4725742, 18.8193291 ], [ -70.4723033, 18.8196337 ], [ -70.4720324, 18.8198267 ], [ -70.4716891, 18.8198978 ], [ -70.4712331, 18.8200729 ], [ -70.4711849, 18.8203421 ], [ -70.471099, 18.8206746 ], [ -70.4710937, 18.8210453 ], [ -70.4710507, 18.8214693 ], [ -70.4711071, 18.8217739 ], [ -70.4712251, 18.8220024 ], [ -70.4713726, 18.8222639 ], [ -70.4714906, 18.8224188 ], [ -70.471673, 18.8226117 ], [ -70.4721129, 18.8228555 ], [ -70.4722551, 18.8229494 ], [ -70.4724079, 18.8230433 ], [ -70.4726279, 18.8230535 ], [ -70.4737276, 18.8229443 ], [ -70.4738751, 18.8229697 ], [ -70.4739448, 18.8230382 ], [ -70.4740199, 18.8232058 ], [ -70.4740387, 18.8234978 ], [ -70.474087, 18.8236425 ], [ -70.4741675, 18.8237161 ], [ -70.4743847, 18.8237364 ], [ -70.4746261, 18.8237364 ], [ -70.4747978, 18.8236907 ], [ -70.4749453, 18.8236323 ], [ -70.475298, 18.8233531 ], [ -70.4754066, 18.8231309 ], [ -70.4754402, 18.8230192 ], [ -70.4754911, 18.8228897 ], [ -70.4756185, 18.8227742 ], [ -70.4757553, 18.8226651 ], [ -70.4761952, 18.8225483 ], [ -70.476391, 18.8225711 ], [ -70.4770696, 18.8227691 ], [ -70.4772547, 18.8228199 ], [ -70.4773164, 18.8229062 ], [ -70.4773137, 18.8230611 ], [ -70.4772681, 18.8235333 ], [ -70.4772466, 18.82381 ], [ -70.4772386, 18.8241426 ], [ -70.4772896, 18.82446 ], [ -70.4773861, 18.8247011 ], [ -70.4774237, 18.8249042 ], [ -70.4774103, 18.825087 ], [ -70.47748540000002, 18.8253206 ], [ -70.4775444, 18.8254958 ], [ -70.4776087, 18.8256303 ], [ -70.4777455, 18.8257547 ], [ -70.4779816, 18.82594 ], [ -70.4781157, 18.8261381 ], [ -70.4782578, 18.8263564 ], [ -70.4784939, 18.8266712 ], [ -70.4788023, 18.8269276 ], [ -70.4791483, 18.8271383 ], [ -70.4791966, 18.827217 ], [ -70.4792047, 18.8272881 ], [ -70.4791617, 18.827509 ], [ -70.4791349, 18.8276562 ], [ -70.4790491, 18.8279304 ], [ -70.4790625, 18.8280954 ], [ -70.4791269, 18.8282883 ], [ -70.4791886, 18.828428 ], [ -70.4792824, 18.8285854 ], [ -70.4794756, 18.8287402 ], [ -70.4799798, 18.8290372 ], [ -70.4801622, 18.8291413 ], [ -70.4803419, 18.8291489 ], [ -70.4805565, 18.8291134 ], [ -70.4810554, 18.8287504 ], [ -70.4813209, 18.828626 ], [ -70.4815543, 18.828565 ], [ -70.4819083, 18.8285676 ], [ -70.4822919, 18.8286615 ], [ -70.4824635, 18.8287377 ], [ -70.4825681, 18.8288164 ], [ -70.4826245, 18.8289865 ], [ -70.4826674, 18.8292556 ], [ -70.482686200000018, 18.8296948 ], [ -70.4827505, 18.8299791 ], [ -70.4828793, 18.830299 ], [ -70.4830885, 18.830596 ], [ -70.4835176, 18.8309387 ], [ -70.4836625, 18.831091 ], [ -70.4836705, 18.8311799 ], [ -70.4836196, 18.831284 ], [ -70.4834774, 18.831515 ], [ -70.4834694, 18.8317206 ], [ -70.4835311, 18.8318551 ], [ -70.4835901, 18.8319846 ], [ -70.4835632, 18.832142 ], [ -70.483456, 18.8322664 ], [ -70.483456, 18.8324339 ], [ -70.4835016, 18.8325888 ], [ -70.483582, 18.8326777 ], [ -70.4836866, 18.8328224 ], [ -70.4838395, 18.8330991 ], [ -70.484097, 18.8334646 ], [ -70.4843652, 18.8338962 ], [ -70.4845476, 18.834475 ], [ -70.4847676, 18.8352848 ], [ -70.4849285, 18.8359702 ], [ -70.4850143, 18.8361022 ], [ -70.4851592, 18.8362038 ], [ -70.4853094, 18.8362571 ], [ -70.4859665, 18.8362139 ], [ -70.4864734, 18.8362063 ], [ -70.4870689, 18.8363155 ], [ -70.4873103, 18.8363434 ], [ -70.4874766, 18.8364195 ], [ -70.4875785, 18.8365287 ], [ -70.4876348, 18.8366404 ], [ -70.4876509, 18.8368029 ], [ -70.4876107, 18.8370085 ], [ -70.4875785, 18.8372877 ], [ -70.4875839, 18.8376254 ], [ -70.4875892, 18.8378005 ], [ -70.4875597, 18.8379934 ], [ -70.4874793, 18.8381737 ], [ -70.4872566, 18.8383869 ], [ -70.487026, 18.8385215 ], [ -70.4866934, 18.8387855 ], [ -70.4864708, 18.8391053 ], [ -70.4864574, 18.8392348 ], [ -70.4865029, 18.8393744 ], [ -70.486562, 18.8394658 ], [ -70.4865378, 18.8396333 ], [ -70.486452, 18.8397882 ], [ -70.4863501, 18.8399506 ], [ -70.4862776, 18.8400852 ], [ -70.4862213, 18.8403365 ], [ -70.4862401, 18.8405751 ], [ -70.4862723, 18.8408315 ], [ -70.4864547, 18.8412402 ], [ -70.48668, 18.8416768 ], [ -70.4868972, 18.841984 ], [ -70.4874444, 18.8425221 ], [ -70.4876751, 18.8427912 ], [ -70.4877394, 18.8429537 ], [ -70.487667, 18.8430831 ], [ -70.4873103, 18.8433446 ], [ -70.4870448, 18.8437025 ], [ -70.4866612, 18.844365 ], [ -70.4864332, 18.8447458 ], [ -70.4861838, 18.8450783 ], [ -70.4860041, 18.8453068 ], [ -70.485878, 18.8455378 ], [ -70.4857814, 18.845878 ], [ -70.4858163, 18.8460074 ], [ -70.4858646, 18.8460683 ], [ -70.4859343, 18.8460988 ], [ -70.486275, 18.8459744 ], [ -70.4864574, 18.8459338 ], [ -70.4865807, 18.8460125 ], [ -70.4866102, 18.8461953 ], [ -70.4865512, 18.8463932 ], [ -70.4864734, 18.846609 ], [ -70.4864091, 18.8466902 ], [ -70.4862615, 18.8467892 ], [ -70.4858565, 18.8470025 ], [ -70.4856098, 18.8472208 ], [ -70.4854971, 18.8473807 ], [ -70.4854274, 18.8475838 ], [ -70.4856366, 18.8479747 ], [ -70.4860765, 18.8486499 ], [ -70.4862213, 18.8492032 ], [ -70.4863662, 18.8496145 ], [ -70.4865003, 18.8501374 ], [ -70.486757800000021, 18.8506628 ], [ -70.487026, 18.8513913 ], [ -70.487026, 18.8515715 ], [ -70.4869777, 18.8516984 ], [ -70.4868677, 18.8517517 ], [ -70.4867283, 18.8517543 ], [ -70.4866076, 18.8517187 ], [ -70.4864708, 18.8517391 ], [ -70.4858887, 18.8520284 ], [ -70.4855159, 18.8522137 ], [ -70.4850599, 18.8524498 ], [ -70.4849151, 18.8525869 ], [ -70.48484, 18.8526884 ], [ -70.4848239, 18.8527772 ], [ -70.4848641, 18.8528813 ], [ -70.4850009, 18.8530844 ], [ -70.4853094, 18.8533179 ], [ -70.4854891, 18.8534372 ], [ -70.4856688, 18.8535819 ], [ -70.485819, 18.8537697 ], [ -70.4859692, 18.8539601 ], [ -70.4860792, 18.8542647 ], [ -70.4861087, 18.854422 ], [ -70.4861113, 18.8545337 ], [ -70.4860818, 18.8546403 ], [ -70.4860014, 18.854752 ], [ -70.4858753, 18.8548713 ], [ -70.4855239, 18.8551302 ], [ -70.4854354, 18.8553054 ], [ -70.4853764, 18.8554932 ], [ -70.485355, 18.8556734 ], [ -70.4854274, 18.856143 ], [ -70.4854596, 18.8566456 ], [ -70.4854488, 18.8571025 ], [ -70.4854274, 18.8574629 ], [ -70.4853523, 18.8578995 ], [ -70.4854542, 18.8584376 ], [ -70.485599, 18.8592701 ], [ -70.4856366, 18.8596407 ], [ -70.4856661, 18.859892 ], [ -70.485709, 18.860057 ], [ -70.4857788, 18.8601788 ], [ -70.4859531, 18.8603692 ], [ -70.4860403, 18.8604567 ], [ -70.4861234, 18.8605367 ], [ -70.4863662, 18.8607423 ], [ -70.4865217, 18.8609504 ], [ -70.4866773, 18.8612854 ], [ -70.4867792, 18.8615545 ], [ -70.4868543, 18.8618591 ], [ -70.4867478, 18.8624624 ], [ -70.4865086, 18.8627395 ], [ -70.4861355, 18.8630165 ], [ -70.4858136, 18.8632754 ], [ -70.4848319, 18.8640064 ], [ -70.4841024, 18.8648592 ], [ -70.4835874, 18.865382 ], [ -70.4833031, 18.8658744 ], [ -70.4827693, 18.8669176 ], [ -70.4824528, 18.8675445 ], [ -70.4819459, 18.868481 ], [ -70.4815811, 18.8691638 ] ] ] } },
{ "type": "Feature", "properties": { "osm_id": "way/135629386", "name": "Río Yuboa", "waterway": "river", "relation": null }, "geometry": { "type": "MultiLineString", "coordinates": [ [ [ -70.389158, 18.7690622 ], [ -70.3883426, 18.7695255 ], [ -70.387098, 18.7702894 ], [ -70.3857478, 18.7716841 ], [ -70.3845719, 18.7722367 ], [ -70.3839969, 18.7727812 ], [ -70.3838966, 18.7733043 ], [ -70.3832931, 18.7736263 ], [ -70.3826493, 18.7731793 ], [ -70.3818769, 18.7732119 ], [ -70.3811645, 18.772773 ], [ -70.3808152, 18.7730768 ], [ -70.3802804, 18.7737888 ], [ -70.3798711, 18.7741332 ], [ -70.3792418, 18.7744471 ], [ -70.3790616, 18.7748615 ], [ -70.3786239, 18.7762592 ], [ -70.3781346, 18.777982 ], [ -70.3772162, 18.7788271 ], [ -70.3762807, 18.7801192 ], [ -70.3755147, 18.7804813 ], [ -70.3748586, 18.781268 ], [ -70.374298, 18.7820126 ], [ -70.3744208, 18.7824788 ], [ -70.374747, 18.7829582 ], [ -70.3748843, 18.7835596 ], [ -70.3746585, 18.7844422 ], [ -70.3742894, 18.7847104 ], [ -70.3736114, 18.7847185 ], [ -70.3730733, 18.784941 ], [ -70.3717231, 18.7856042 ], [ -70.3712768, 18.7848323 ], [ -70.370736, 18.7846941 ], [ -70.3699464, 18.7848729 ], [ -70.369285500000018, 18.7848323 ], [ -70.36855, 18.7843478 ], [ -70.3677861, 18.7841852 ], [ -70.3669251, 18.7845885 ], [ -70.3661098, 18.7842228 ], [ -70.3656119, 18.7843041 ], [ -70.3650798, 18.7839222 ], [ -70.3639323, 18.7836571 ], [ -70.3627822, 18.7843965 ], [ -70.3604363, 18.7854255 ], [ -70.3605479, 18.7857261 ], [ -70.3607137, 18.7866474 ], [ -70.3606938, 18.7878795 ], [ -70.36013, 18.7884757 ], [ -70.3598532, 18.7886805 ], [ -70.359003, 18.7893096 ], [ -70.3586511, 18.7903822 ], [ -70.3583448, 18.7915065 ], [ -70.3580159, 18.7927792 ], [ -70.3573207, 18.7939736 ], [ -70.3565577, 18.7944204 ], [ -70.356377100000017, 18.7945262 ], [ -70.3555102, 18.7953387 ], [ -70.3549523, 18.7962813 ], [ -70.3545403, 18.7965656 ], [ -70.3543257, 18.7972725 ], [ -70.3544824, 18.7977225 ], [ -70.3548686, 18.7984131 ], [ -70.3551261, 18.7994857 ], [ -70.3552184, 18.8004739 ], [ -70.355227, 18.8013595 ], [ -70.3555016, 18.8037239 ], [ -70.3557269, 18.8044663 ], [ -70.3552892, 18.8061725 ], [ -70.3557784, 18.8076513 ], [ -70.3556733, 18.8085501 ], [ -70.355227, 18.8095575 ], [ -70.355380900000014, 18.8105467 ], [ -70.3553562, 18.8118634 ], [ -70.3561971, 18.8136665 ], [ -70.355193, 18.8145438 ], [ -70.3551363, 18.8167792 ], [ -70.3555263, 18.8177546 ], [ -70.3563841, 18.8186752 ], [ -70.3571239, 18.8192594 ], [ -70.3587073, 18.8203561 ], [ -70.3607928, 18.822988 ], [ -70.3616669, 18.8246277 ], [ -70.361681, 18.8263875 ], [ -70.3623762, 18.8279227 ], [ -70.3626202, 18.8291389 ], [ -70.3623863, 18.8307246 ], [ -70.363160400000012, 18.8314415 ], [ -70.3645003, 18.8311394 ], [ -70.3652726, 18.8324552 ], [ -70.3661223, 18.8332228 ], [ -70.3672422, 18.8346849 ], [ -70.367474, 18.8360373 ], [ -70.3663318, 18.8361227 ], [ -70.3648864, 18.8361835 ], [ -70.3647706, 18.8349773 ], [ -70.3630338, 18.8352651 ], [ -70.3621637, 18.8354672 ], [ -70.3608532, 18.8380439 ], [ -70.3608591, 18.8411551 ], [ -70.3600785, 18.8429701 ], [ -70.3568771, 18.8426969 ], [ -70.3539411, 18.8423451 ], [ -70.3516296, 18.8423771 ], [ -70.3507131, 18.8421778 ], [ -70.3496651, 18.8412977 ], [ -70.3490708, 18.8411129 ], [ -70.3486641, 18.8414642 ], [ -70.3485998, 18.8419313 ], [ -70.3494221, 18.8429223 ], [ -70.3492977, 18.8436549 ], [ -70.3486861, 18.8447292 ], [ -70.3485129, 18.8479616 ], [ -70.347713, 18.8484368 ], [ -70.345654, 18.8486835 ], [ -70.3446526, 18.8487704 ], [ -70.3432863, 18.8492267 ], [ -70.3424961, 18.8495253 ], [ -70.3425964, 18.8504218 ], [ -70.3430041, 18.850934 ], [ -70.3438217, 18.8517829 ], [ -70.3465422, 18.852448 ], [ -70.3473146, 18.8533617 ], [ -70.3478167, 18.8546408 ], [ -70.3487602, 18.8554944 ], [ -70.3491652, 18.8559381 ], [ -70.3494387, 18.8573087 ], [ -70.3487049, 18.8577108 ], [ -70.3476267, 18.8575376 ], [ -70.3470312, 18.8575473 ], [ -70.3458027, 18.858208 ], [ -70.3457067, 18.8587499 ], [ -70.3453779, 18.8594 ], [ -70.3449321, 18.8598944 ], [ -70.3448152, 18.8608617 ], [ -70.3458913, 18.861312 ], [ -70.348942, 18.861777 ], [ -70.3494906, 18.862633 ], [ -70.3494194, 18.8630121 ], [ -70.349074, 18.8634552 ], [ -70.3489484, 18.8639588 ], [ -70.3496064, 18.8656662 ], [ -70.3496451, 18.8668722 ], [ -70.3504174, 18.8677858 ], [ -70.3521167, 18.8688821 ], [ -70.354627, 18.8700515 ], [ -70.3560945, 18.8709651 ], [ -70.3564421, 18.8721711 ], [ -70.3552449, 18.8723903 ], [ -70.354318, 18.8719153 ], [ -70.3533911, 18.8710748 ], [ -70.3528118, 18.8714767 ], [ -70.3530049, 18.872098 ], [ -70.3538546, 18.8730847 ], [ -70.3544828, 18.8738244 ], [ -70.3551788, 18.8742646 ], [ -70.3557894, 18.8744659 ], [ -70.3559281, 18.8746155 ], [ -70.3560097, 18.8749548 ], [ -70.3559247, 18.8751208 ], [ -70.3556239, 18.8753062 ], [ -70.3554519, 18.8756888 ], [ -70.3556697, 18.8767024 ], [ -70.3560945, 18.8777256 ], [ -70.3566566, 18.8783738 ], [ -70.3575267, 18.8788042 ], [ -70.358537, 18.8790506 ], [ -70.358722, 18.8789698 ], [ -70.3588057, 18.878798 ], [ -70.3588174, 18.8782794 ], [ -70.3589247, 18.8777175 ], [ -70.359283, 18.8771109 ], [ -70.3599178, 18.8769582 ], [ -70.3605716, 18.877184 ], [ -70.3605351, 18.8777535 ], [ -70.3605759, 18.8781991 ], [ -70.3609777, 18.8784474 ], [ -70.3622512, 18.8781819 ], [ -70.36287870000001, 18.8782992 ], [ -70.3634362, 18.8785596 ], [ -70.3640775, 18.8788775 ], [ -70.3645714, 18.8790024 ], [ -70.3647289, 18.8791434 ], [ -70.3647577, 18.8793176 ], [ -70.3645799, 18.8797155 ], [ -70.3643664, 18.879865 ], [ -70.3639498, 18.8800297 ], [ -70.3633461, 18.8805792 ], [ -70.3631323, 18.8806542 ], [ -70.3627448, 18.8807065 ], [ -70.3618835, 18.8807314 ], [ -70.3615186, 18.8808516 ], [ -70.3609806, 18.8811592 ], [ -70.360605400000011, 18.8815567 ], [ -70.3605319, 18.8819687 ], [ -70.3605496, 18.8832053 ], [ -70.3606778, 18.8836352 ], [ -70.3608871, 18.8839448 ], [ -70.3613741, 18.8842042 ], [ -70.3630025, 18.8841486 ], [ -70.363892, 18.8843265 ], [ -70.3640988, 18.8845418 ], [ -70.3641414, 18.8847512 ], [ -70.3638816, 18.885416 ], [ -70.363409, 18.8858672 ], [ -70.3630642, 18.8861169 ], [ -70.362680600000019, 18.8862627 ], [ -70.3623233, 18.8864634 ], [ -70.3622339, 18.8867091 ], [ -70.3621871, 18.8870072 ], [ -70.3622065, 18.8873819 ], [ -70.3625915, 18.8879861 ], [ -70.362656900000019, 18.8882471 ], [ -70.3625319, 18.8884494 ], [ -70.3621047, 18.8885881 ], [ -70.3618507, 18.8885703 ], [ -70.3607406, 18.8874218 ], [ -70.3603953, 18.8874302 ], [ -70.3602498, 18.8875551 ], [ -70.3601575, 18.8885371 ], [ -70.3602498, 18.8887234 ], [ -70.361241, 18.8887521 ], [ -70.361118200000021, 18.88962 ], [ -70.3606944, 18.8903219 ], [ -70.3599166, 18.8903651 ], [ -70.3591838, 18.8908498 ], [ -70.3583255, 18.8914994 ], [ -70.3583942, 18.8917837 ], [ -70.3588609, 18.8919243 ], [ -70.3591624, 18.891614 ], [ -70.3593383, 18.8915197 ], [ -70.3595325, 18.8915303 ], [ -70.3597289, 18.8917441 ], [ -70.3599767, 18.8922816 ], [ -70.3599778, 18.8924819 ], [ -70.3596215, 18.8928881 ], [ -70.3594445, 18.8936458 ], [ -70.3596677, 18.8939219 ], [ -70.3605228, 18.893757 ], [ -70.3611268, 18.8933372 ], [ -70.3617619, 18.8934997 ], [ -70.36184, 18.8939495 ], [ -70.3618879, 18.8945545 ], [ -70.3615682, 18.8948721 ], [ -70.3607849, 18.8947511 ], [ -70.359889700000011, 18.894978 ], [ -70.3598577, 18.8961123 ], [ -70.3594101, 18.8968534 ], [ -70.3591703, 18.8977458 ], [ -70.3597618, 18.8985473 ], [ -70.3616481, 18.8999993 ], [ -70.3628311, 18.9006345 ], [ -70.3631189, 18.9015722 ], [ -70.3628151, 18.9021469 ], [ -70.3624794, 18.9021015 ], [ -70.3623355, 18.9017385 ], [ -70.3613124, 18.9009974 ], [ -70.3604972, 18.9009218 ], [ -70.3601455, 18.9011941 ], [ -70.3593302, 18.9022679 ], [ -70.3586108, 18.9029636 ], [ -70.3589465, 18.9036744 ], [ -70.3600336, 18.9040978 ], [ -70.3610407, 18.9043701 ], [ -70.3618879, 18.9051414 ], [ -70.3620967, 18.906081 ], [ -70.3621638, 18.906251 ], [ -70.3622872, 18.9064007 ], [ -70.3624535, 18.9066062 ], [ -70.3625178, 18.9068447 ], [ -70.3625152, 18.9071264 ], [ -70.3624132, 18.9074842 ], [ -70.3623033, 18.9075705 ], [ -70.3621396, 18.9076212 ], [ -70.3618392, 18.9076187 ], [ -70.3615576, 18.9077227 ], [ -70.3613699, 18.9078826 ], [ -70.3612706, 18.908111 ], [ -70.3611928, 18.9083444 ], [ -70.3610614, 18.9085525 ], [ -70.3610024, 18.908659 ], [ -70.3609782, 18.9088164 ], [ -70.3610185, 18.9090143 ], [ -70.3612036, 18.9094152 ], [ -70.3613162, 18.9096893 ], [ -70.361276, 18.9098872 ], [ -70.3611767, 18.9100496 ], [ -70.3610131, 18.9101714 ], [ -70.3608656, 18.9102982 ], [ -70.3607422, 18.9104505 ], [ -70.360651, 18.9106129 ], [ -70.360651, 18.9107296 ], [ -70.3606725, 18.9108336 ], [ -70.3607181, 18.9109123 ], [ -70.3608656, 18.9110189 ], [ -70.3609568, 18.911095 ], [ -70.3610158, 18.9112143 ], [ -70.3611177, 18.9112929 ], [ -70.3612438, 18.9113411 ], [ -70.3616247, 18.9114147 ], [ -70.3620538, 18.9114173 ], [ -70.3622738, 18.9114502 ], [ -70.3623757, 18.9115035 ], [ -70.362483, 18.9116507 ], [ -70.3625178, 18.9118385 ], [ -70.3624213, 18.9121785 ], [ -70.3624186, 18.9127291 ], [ -70.362509800000012, 18.9130869 ], [ -70.3626385, 18.9132797 ], [ -70.3629094, 18.9135385 ], [ -70.3635129, 18.9139775 ], [ -70.3636846, 18.9140587 ], [ -70.3640065, 18.9141171 ], [ -70.364264, 18.9140714 ], [ -70.364441, 18.9140739 ], [ -70.3645885, 18.9141348 ], [ -70.3647682, 18.9142566 ], [ -70.3651893, 18.9146245 ], [ -70.3653717, 18.9148986 ], [ -70.3657258, 18.9156598 ], [ -70.3659725, 18.9168371 ], [ -70.36623, 18.9174968 ], [ -70.3666055, 18.917918 ], [ -70.3670883, 18.9182834 ], [ -70.3680593, 18.9191714 ], [ -70.3690571, 18.9199022 ], [ -70.370569800000013, 18.9207446 ], [ -70.371514, 18.9214043 ], [ -70.372265, 18.9222365 ], [ -70.3725117, 18.9225207 ], [ -70.3727746, 18.9227744 ], [ -70.3729892, 18.923089 ], [ -70.3731716, 18.9235457 ], [ -70.3732252, 18.924114 ], [ -70.3731018, 18.924723 ], [ -70.372844300000011, 18.9250934 ], [ -70.3723937, 18.9256161 ], [ -70.371868, 18.9259916 ], [ -70.3716534, 18.9262199 ], [ -70.3716374, 18.9264838 ], [ -70.3717446, 18.9268695 ], [ -70.3719163, 18.9273363 ], [ -70.3722274, 18.9282294 ], [ -70.3727746, 18.9296502 ], [ -70.3731287, 18.9300866 ], [ -70.373869, 18.9306651 ], [ -70.3745127, 18.9309695 ], [ -70.3753388, 18.9310812 ], [ -70.3777206, 18.9318727 ], [ -70.3787237, 18.9320655 ], [ -70.379523, 18.9324309 ], [ -70.3799522, 18.9325324 ], [ -70.3806335, 18.932441 ], [ -70.3815454, 18.9323142 ], [ -70.3820711, 18.9322102 ], [ -70.3823662, 18.9321569 ], [ -70.382562, 18.9322076 ], [ -70.3827873, 18.9324664 ], [ -70.382916, 18.9326973 ], [ -70.3831467, 18.9348183 ], [ -70.3835981, 18.937145 ], [ -70.3835715, 18.9385733 ], [ -70.3833547, 18.9399767 ], [ -70.3825181, 18.9408675 ], [ -70.3836899, 18.9429367 ], [ -70.3844623, 18.9447266 ], [ -70.3851574, 18.9453475 ], [ -70.3859298, 18.9457493 ], [ -70.3863932, 18.9461146 ], [ -70.3870884, 18.9469182 ], [ -70.3890966, 18.9483062 ], [ -70.3904097, 18.9498038 ], [ -70.3916455, 18.9513014 ], [ -70.3922248, 18.9526894 ], [ -70.3922248, 18.9537121 ], [ -70.3918772, 18.9545887 ], [ -70.3910276, 18.9549174 ], [ -70.3899462, 18.9546983 ], [ -70.3891352, 18.9542965 ], [ -70.3881697, 18.95426 ], [ -70.3880539, 18.9547348 ], [ -70.3889035, 18.9559401 ], [ -70.3901393, 18.957255 ], [ -70.3908345, 18.9580951 ], [ -70.3911638, 18.9588096 ], [ -70.3912282, 18.9591445 ], [ -70.3912175, 18.959454 ], [ -70.3910512, 18.9598801 ], [ -70.3907561, 18.960352 ], [ -70.3904665, 18.9606513 ] ] ] } },
{ "type": "Feature", "properties": { "osm_id": "way/135629392", "name": "Río Maimón", "waterway": "river", "relation": null }, "geometry": { "type": "MultiLineString", "coordinates": [ [ [ -70.3700291, 18.733002 ], [ -70.3708477, 18.7342736 ], [ -70.3712264, 18.7347374 ], [ -70.3716674, 18.7349482 ], [ -70.3716545, 18.7354075 ], [ -70.3718015, 18.7358794 ], [ -70.3722135, 18.7361517 ], [ -70.3724098, 18.7364438 ], [ -70.3719292, 18.7367893 ], [ -70.3727188, 18.7378012 ], [ -70.3728787, 18.7388218 ], [ -70.3729162, 18.7402884 ], [ -70.3734741, 18.7415564 ], [ -70.373517, 18.7423123 ], [ -70.3731394, 18.7430601 ], [ -70.372821800000011, 18.7437428 ], [ -70.3714485, 18.7455472 ], [ -70.3711567, 18.7463925 ], [ -70.3708906, 18.7469045 ], [ -70.3706417, 18.7476604 ], [ -70.3702211, 18.7485138 ], [ -70.369483, 18.749034 ], [ -70.3691912, 18.7497329 ], [ -70.3689652, 18.7502578 ], [ -70.3682892, 18.7502121 ], [ -70.3675811, 18.7506744 ], [ -70.3671144, 18.7508217 ], [ -70.3666692, 18.7504712 ], [ -70.3655319, 18.7510401 ], [ -70.3654572, 18.7517614 ], [ -70.3653873, 18.7524676 ], [ -70.3652531, 18.7527723 ], [ -70.3651511, 18.7532142 ], [ -70.3644269, 18.7532142 ], [ -70.3639387, 18.7538238 ], [ -70.3626056, 18.7546289 ], [ -70.3621765, 18.7553908 ], [ -70.3612002, 18.7552587 ], [ -70.3603955, 18.7555026 ], [ -70.3599663, 18.7561832 ], [ -70.3593548, 18.7565083 ], [ -70.3568335, 18.7566404 ], [ -70.3552886, 18.7569451 ], [ -70.354516100000012, 18.7578798 ], [ -70.3533359, 18.7582658 ], [ -70.3520377, 18.7577985 ], [ -70.350246, 18.7587738 ], [ -70.3491517, 18.7601757 ], [ -70.3470381, 18.7611611 ], [ -70.3465338, 18.76173 ], [ -70.3453215, 18.7623598 ], [ -70.3429075, 18.7632132 ], [ -70.3408797, 18.7636297 ], [ -70.3391631, 18.7650417 ], [ -70.337768400000016, 18.7656411 ], [ -70.336717, 18.7664944 ], [ -70.3355904, 18.7664639 ], [ -70.3344424, 18.7670125 ], [ -70.3331443, 18.7684448 ], [ -70.3323718, 18.7685972 ], [ -70.3314062, 18.7695622 ], [ -70.3309897, 18.7703681 ], [ -70.3302238, 18.7722615 ], [ -70.3298483, 18.7743998 ], [ -70.3291211, 18.7752012 ], [ -70.3278905, 18.7779197 ], [ -70.3274719, 18.7791486 ], [ -70.3254763, 18.7807332 ], [ -70.3251759, 18.7820638 ], [ -70.3243069, 18.7826022 ], [ -70.321335, 18.7849485 ], [ -70.3211732, 18.78623 ], [ -70.3210241, 18.7866967 ], [ -70.3199589, 18.7870664 ], [ -70.3191463, 18.7874472 ], [ -70.3171615, 18.7878434 ], [ -70.3167189, 18.7885112 ], [ -70.3160028, 18.7904436 ], [ -70.3151525, 18.7903699 ], [ -70.3143049, 18.7906442 ], [ -70.3129102, 18.792188 ], [ -70.3119553, 18.7947679 ], [ -70.3112043, 18.7977743 ], [ -70.3107, 18.7990438 ], [ -70.3098632, 18.7996634 ], [ -70.3083361, 18.8026258 ], [ -70.3084551, 18.8029751 ], [ -70.308978, 18.8034443 ], [ -70.3097996, 18.8037202 ], [ -70.310936, 18.8043691 ], [ -70.311848, 18.8060618 ], [ -70.311848, 18.8081235 ], [ -70.3103567, 18.8108656 ], [ -70.3117193, 18.8124296 ], [ -70.310346, 18.812917 ], [ -70.3104211, 18.8151716 ], [ -70.3099383, 18.8167965 ], [ -70.3112579, 18.8188377 ], [ -70.3108502, 18.8201071 ], [ -70.3111569, 18.8222149 ], [ -70.3114273, 18.8240791 ], [ -70.3119293, 18.8245909 ], [ -70.3135217, 18.8251339 ], [ -70.3144122, 18.8253674 ], [ -70.3150575, 18.8258702 ], [ -70.315807, 18.8272461 ], [ -70.3158685, 18.8287945 ], [ -70.3166409, 18.8303663 ], [ -70.3175291, 18.8317918 ], [ -70.3177596, 18.8338669 ], [ -70.3172124, 18.8343847 ], [ -70.3165636, 18.8344235 ], [ -70.3160537, 18.8351666 ], [ -70.3155709, 18.8361516 ], [ -70.3154958, 18.837035 ], [ -70.3160461, 18.8372745 ], [ -70.3172202, 18.837216 ], [ -70.3180543, 18.8375962 ], [ -70.3189998, 18.8385002 ], [ -70.3196489, 18.8400673 ], [ -70.3202181, 18.8420072 ], [ -70.3203841, 18.8432059 ], [ -70.3203724, 18.8441188 ] ] ] } },
{ "type": "Feature", "properties": { "osm_id": "way/184939766", "name": "Río Mahoma", "waterway": "river", "relation": null }, "geometry": { "type": "MultiLineString", "coordinates": [ [ [ -70.373413, 18.660324 ], [ -70.3739601, 18.6598717 ], [ -70.3742895, 18.6596613 ], [ -70.3746682, 18.6594194 ], [ -70.3752261, 18.6590483 ], [ -70.3754783, 18.6587942 ], [ -70.375768, 18.6583622 ], [ -70.3758699, 18.6579709 ], [ -70.3759074, 18.6574372 ], [ -70.3758431, 18.6569696 ], [ -70.3756714, 18.6565274 ], [ -70.3753549, 18.6559328 ], [ -70.3751403, 18.6555008 ], [ -70.3750008, 18.6550433 ], [ -70.3749096, 18.6544741 ], [ -70.3747702, 18.6534321 ], [ -70.3747648, 18.6529188 ], [ -70.3749204, 18.6520192 ], [ -70.3750598, 18.651516 ], [ -70.3752047, 18.6512822 ], [ -70.3753817, 18.65115 ], [ -70.3757089, 18.6510585 ], [ -70.3759772, 18.6509213 ], [ -70.3762347, 18.6506722 ], [ -70.3765619, 18.6503063 ], [ -70.3770071, 18.6496862 ], [ -70.377237800000017, 18.6492847 ], [ -70.3772914, 18.6490559 ], [ -70.3772432, 18.648817 ], [ -70.3770235, 18.6484578 ], [ -70.3767411, 18.6481736 ], [ -70.3764653, 18.6479174 ], [ -70.3760196, 18.6475066 ], [ -70.3757787, 18.6471804 ], [ -70.3756017, 18.646789 ], [ -70.3755856, 18.646484 ], [ -70.3756017, 18.6462706 ], [ -70.3756875, 18.646052 ], [ -70.3759128, 18.6457419 ], [ -70.37633120000001, 18.6452997 ], [ -70.3769052, 18.6446847 ], [ -70.3772539, 18.6441561 ], [ -70.3774524, 18.6437088 ], [ -70.3775233, 18.6432694 ], [ -70.377532, 18.6428741 ], [ -70.377419, 18.6424499 ], [ -70.376828, 18.6415975 ], [ -70.3764499, 18.6414493 ], [ -70.376011, 18.6411899 ], [ -70.375094, 18.6409963 ], [ -70.37446820000001, 18.6408316 ], [ -70.373586, 18.6404816 ], [ -70.3731514, 18.6401604 ], [ -70.3730297, 18.6398927 ], [ -70.3731775, 18.6396127 ], [ -70.3734078, 18.6393451 ], [ -70.3737772, 18.6392709 ], [ -70.3740684, 18.6391103 ], [ -70.3747593, 18.638678 ], [ -70.3752287, 18.638225 ], [ -70.3753026, 18.6379903 ], [ -70.3751505, 18.6377802 ], [ -70.3749115, 18.6376979 ], [ -70.3746464, 18.6376196 ], [ -70.3742726, 18.6376114 ], [ -70.3738511, 18.6375414 ], [ -70.3735208, 18.637422 ], [ -70.3732644, 18.6371543 ], [ -70.373147, 18.6369855 ], [ -70.3730601, 18.6367755 ], [ -70.3731557, 18.6366478 ], [ -70.3734556, 18.6365613 ], [ -70.373903200000015, 18.636586 ], [ -70.3742161, 18.6366355 ], [ -70.3748245, 18.6367919 ], [ -70.3751505, 18.6369031 ], [ -70.3753417, 18.6368866 ], [ -70.3755764, 18.6367343 ], [ -70.3756546, 18.6364913 ], [ -70.3756329, 18.6361825 ], [ -70.3754416, 18.6358983 ], [ -70.3751244, 18.6356718 ], [ -70.3745855, 18.6354742 ], [ -70.37397270000001, 18.6353012 ], [ -70.3734686, 18.6351777 ], [ -70.3729993, 18.6351694 ], [ -70.3725908, 18.6351859 ], [ -70.3720258, 18.6350294 ], [ -70.371639, 18.6349388 ], [ -70.3714826, 18.6348153 ], [ -70.3714739, 18.6345188 ], [ -70.3716608, 18.6341564 ], [ -70.3719606, 18.633934 ], [ -70.3722822, 18.6338846 ], [ -70.3731514, 18.633724 ], [ -70.3735599, 18.6336128 ], [ -70.3737815, 18.6334852 ], [ -70.3739945, 18.6331763 ], [ -70.3742074, 18.6328716 ], [ -70.3741987, 18.6324515 ], [ -70.3740032, 18.6321056 ], [ -70.3738467, 18.6318297 ], [ -70.373599, 18.6317226 ], [ -70.3733296, 18.6317103 ], [ -70.3730471, 18.6318215 ], [ -70.3727733, 18.6319615 ], [ -70.3723561, 18.6322209 ], [ -70.371965, 18.6324804 ], [ -70.3717172, 18.6325627 ], [ -70.3714391, 18.6323815 ], [ -70.3714608, 18.6320809 ], [ -70.371387, 18.6316567 ], [ -70.3715999, 18.6313067 ], [ -70.3717781, 18.6311008 ], [ -70.372099700000021, 18.630656 ], [ -70.3722822, 18.6292971 ], [ -70.3721127, 18.6289099 ], [ -70.371991, 18.6286958 ], [ -70.3717607, 18.6287082 ], [ -70.3715608, 18.6289223 ], [ -70.3713826, 18.62926 ], [ -70.3712696, 18.6295894 ], [ -70.3711914, 18.6298777 ], [ -70.3709958, 18.6301166 ], [ -70.3706438, 18.6303966 ], [ -70.3704613, 18.6306519 ], [ -70.3701006, 18.6309072 ], [ -70.3697703, 18.6311955 ], [ -70.3694357, 18.6312449 ], [ -70.3691141, 18.631525 ], [ -70.3687881, 18.6316609 ], [ -70.3682971, 18.6318544 ], [ -70.3679146, 18.6319491 ], [ -70.3675192, 18.6319656 ], [ -70.3672671, 18.631978 ], [ -70.3669498, 18.6318668 ], [ -70.3667412, 18.6317103 ], [ -70.3666978, 18.6313891 ], [ -70.3666804, 18.6309608 ], [ -70.366967200000019, 18.6303678 ], [ -70.3671541, 18.629956 ], [ -70.367228, 18.6294124 ], [ -70.3673931, 18.6291653 ], [ -70.3677364, 18.6289923 ], [ -70.3682449, 18.6287905 ], [ -70.3686578, 18.6287164 ], [ -70.369214, 18.6285517 ], [ -70.3695747, 18.6283828 ], [ -70.3698138, 18.6280822 ], [ -70.3698268, 18.6276498 ], [ -70.3695052, 18.6271103 ], [ -70.3692358, 18.6262661 ], [ -70.3692792, 18.6257307 ], [ -70.369201, 18.6250718 ], [ -70.3687316, 18.624034 ], [ -70.3684839, 18.6235274 ], [ -70.3683058, 18.6232721 ], [ -70.368032, 18.6231321 ], [ -70.3677321, 18.6230085 ], [ -70.3669803, 18.6230744 ], [ -70.3660981, 18.6231156 ], [ -70.3656852, 18.6229962 ], [ -70.3653375, 18.6228067 ], [ -70.3650637, 18.6227408 ], [ -70.3648725, 18.6223702 ], [ -70.3644075, 18.6220407 ], [ -70.3641859, 18.6218183 ], [ -70.363773, 18.6212871 ], [ -70.3636122, 18.6211223 ], [ -70.3638382, 18.6203398 ], [ -70.3637991, 18.6201874 ], [ -70.3638165, 18.6197797 ], [ -70.3640207, 18.6196479 ], [ -70.3642293, 18.6192567 ], [ -70.3642771, 18.6189931 ], [ -70.3643988, 18.6188284 ], [ -70.3649725, 18.6183754 ], [ -70.365024600000012, 18.6180953 ], [ -70.3651724, 18.6179512 ], [ -70.3653288, 18.6176423 ], [ -70.3654201, 18.6172716 ], [ -70.3653636, 18.6170245 ], [ -70.3651724, 18.6167444 ], [ -70.3648421, 18.6166291 ], [ -70.3645727, 18.6166991 ], [ -70.3643814, 18.6167403 ], [ -70.3640772, 18.6166374 ], [ -70.3637817, 18.6164726 ], [ -70.3635861, 18.6162296 ], [ -70.3634775, 18.6160937 ], [ -70.363534, 18.6159455 ], [ -70.363647, 18.6158919 ], [ -70.3641077, 18.6159249 ], [ -70.3643988, 18.6160361 ], [ -70.3646683, 18.6160443 ], [ -70.3649855, 18.6159043 ], [ -70.3654158, 18.6156448 ], [ -70.3656157, 18.61513 ], [ -70.3654288, 18.6148129 ], [ -70.3652897, 18.6145163 ], [ -70.3650029, 18.6142528 ], [ -70.3645857, 18.6138903 ], [ -70.3643119, 18.6136926 ], [ -70.3638599, 18.6133549 ], [ -70.3635514, 18.6130296 ], [ -70.3633775, 18.6129595 ], [ -70.362969, 18.6126877 ], [ -70.3627387, 18.612523 ], [ -70.3625823, 18.6122141 ], [ -70.3625736, 18.6118516 ], [ -70.362604, 18.6115139 ], [ -70.3627822, 18.6112956 ], [ -70.3630951, 18.6112915 ], [ -70.3635514, 18.6112009 ], [ -70.3639164, 18.6109785 ], [ -70.3644249, 18.6105914 ], [ -70.364703, 18.6101919 ], [ -70.3649464, 18.6097965 ], [ -70.3647986, 18.6095741 ], [ -70.3645335, 18.6093846 ], [ -70.363986, 18.6094175 ], [ -70.3632819, 18.6094134 ], [ -70.3628256, 18.6094258 ], [ -70.3624736, 18.6094999 ], [ -70.3620129, 18.6095576 ], [ -70.361687, 18.6096976 ], [ -70.3611264, 18.6099159 ], [ -70.3608222, 18.6102413 ], [ -70.3605136, 18.6102866 ], [ -70.3602529, 18.6103236 ], [ -70.3599313, 18.6103154 ], [ -70.3595749, 18.6101713 ], [ -70.3593881, 18.6099859 ], [ -70.3592751, 18.6097182 ], [ -70.3593185, 18.6093516 ], [ -70.3591881, 18.6089315 ], [ -70.359235900000016, 18.6086268 ], [ -70.3591403, 18.6082726 ], [ -70.3590404, 18.6080213 ], [ -70.3589795, 18.6077495 ], [ -70.358671, 18.6072882 ], [ -70.358675300000016, 18.6069917 ], [ -70.3587058, 18.6067775 ], [ -70.3588492, 18.6065798 ], [ -70.3590708, 18.6064356 ], [ -70.3595054, 18.6063656 ], [ -70.3599009, 18.6062256 ], [ -70.3602529, 18.6061514 ], [ -70.3606266, 18.6059579 ], [ -70.360996, 18.6056901 ], [ -70.3613915, 18.6052041 ], [ -70.3615349, 18.6048952 ], [ -70.3616957, 18.6046357 ], [ -70.3618739, 18.6043392 ], [ -70.3619999, 18.6043021 ], [ -70.3624606, 18.6043392 ], [ -70.3627865, 18.604228 ], [ -70.3632298, 18.6041003 ], [ -70.3636296, 18.6040179 ], [ -70.3639425, 18.6040056 ], [ -70.364212, 18.6040509 ], [ -70.3645205, 18.6040879 ], [ -70.3646683, 18.6042609 ], [ -70.3646465, 18.6045657 ], [ -70.36472040000001, 18.6047717 ], [ -70.3648986, 18.604887 ], [ -70.3651507, 18.6049199 ], [ -70.3653593, 18.6048829 ], [ -70.3655592, 18.6047222 ], [ -70.365824300000014, 18.6045369 ], [ -70.3658938, 18.604298 ], [ -70.3658677, 18.6040138 ], [ -70.3658416, 18.6036225 ], [ -70.3658677, 18.6032971 ], [ -70.3659894, 18.602947 ], [ -70.3660763, 18.6024487 ], [ -70.3662328, 18.6020903 ], [ -70.3661806, 18.6017773 ], [ -70.3662458, 18.6015261 ], [ -70.3663284, 18.601213 ], [ -70.3662197, 18.6009123 ], [ -70.3660198, 18.6006693 ], [ -70.3657895, 18.6006735 ], [ -70.3654853, 18.6005746 ], [ -70.3651637, 18.6004181 ], [ -70.3650377, 18.6001874 ], [ -70.3650855, 18.6000186 ], [ -70.3652767, 18.5998291 ], [ -70.3653115, 18.5995284 ], [ -70.3655157, 18.5991783 ], [ -70.3659633, 18.5991042 ], [ -70.3663458, 18.598993 ], [ -70.3667369, 18.5988035 ], [ -70.3669498, 18.5986058 ], [ -70.3669238, 18.5982721 ], [ -70.3668803, 18.5979921 ], [ -70.3667108, 18.5978397 ], [ -70.3663805, 18.5976996 ], [ -70.3660242, 18.5974401 ], [ -70.365859, 18.5972012 ], [ -70.3659677, 18.596814 ], [ -70.3660676, 18.5964681 ], [ -70.366211, 18.5962951 ], [ -70.3665891, 18.5962168 ], [ -70.3670498, 18.5962539 ], [ -70.3676061, 18.596225 ], [ -70.3681363, 18.596188 ], [ -70.3684318, 18.5961138 ], [ -70.368715, 18.5959027 ], [ -70.3688625, 18.5956755 ], [ -70.3688502, 18.595425 ], [ -70.3684631, 18.5948542 ], [ -70.368039, 18.5947785 ], [ -70.3673752, 18.5945047 ], [ -70.366969600000019, 18.5942309 ], [ -70.3667729, 18.5937649 ], [ -70.3665086, 18.5935319 ], [ -70.3661522, 18.5933455 ], [ -70.3656666, 18.5931707 ], [ -70.3651627, 18.5930833 ], [ -70.364714, 18.5930309 ], [ -70.3644743, 18.5929028 ], [ -70.3644252, 18.5926173 ], [ -70.3644682, 18.5923319 ], [ -70.3645665, 18.5920465 ], [ -70.3648922, 18.591761 ], [ -70.3650766, 18.5913066 ], [ -70.3653839, 18.5909047 ], [ -70.3657158, 18.5905727 ], [ -70.3661522, 18.5902523 ], [ -70.366404200000019, 18.5901183 ], [ -70.3667115, 18.5903222 ], [ -70.3668958, 18.5906251 ], [ -70.3671847, 18.5910503 ], [ -70.3674551, 18.5912542 ], [ -70.3677931, 18.5913998 ], [ -70.3683832, 18.5916387 ], [ -70.3689486, 18.5919125 ], [ -70.369311200000013, 18.5920406 ], [ -70.3696554, 18.5919882 ], [ -70.3698643, 18.5918367 ], [ -70.3699381, 18.5916037 ], [ -70.3697906, 18.5914639 ], [ -70.3699074, 18.5913591 ], [ -70.369876600000012, 18.5910503 ], [ -70.3693788, 18.5900076 ], [ -70.3690899, 18.589693 ], [ -70.3687089, 18.5892154 ], [ -70.3685061, 18.588761 ], [ -70.3684323, 18.588394 ], [ -70.3684753, 18.5879513 ], [ -70.368881, 18.5870891 ], [ -70.3690346, 18.586827 ], [ -70.3694833, 18.5865415 ], [ -70.3700794, 18.5861163 ], [ -70.3702454, 18.5859532 ], [ -70.3702024, 18.5856444 ], [ -70.3699995, 18.5854172 ], [ -70.3696124, 18.5852832 ], [ -70.3691453, 18.5852366 ], [ -70.3688072, 18.5852541 ], [ -70.3684508, 18.5852541 ], [ -70.3680513, 18.5851667 ], [ -70.3678853, 18.5848638 ], [ -70.3676518, 18.5846482 ], [ -70.367326, 18.5846832 ], [ -70.367031, 18.5847182 ], [ -70.3667176, 18.584922 ], [ -70.3665455, 18.5851725 ], [ -70.3665455, 18.585458 ], [ -70.3666869, 18.5856735 ], [ -70.3669143, 18.585825 ], [ -70.3670433, 18.5860347 ], [ -70.3670065, 18.5862444 ], [ -70.3667483, 18.58646 ], [ -70.3663304, 18.5865066 ], [ -70.3660415, 18.5863959 ], [ -70.3659739, 18.5860638 ], [ -70.3659616, 18.5857085 ], [ -70.365851, 18.5852366 ], [ -70.3655744, 18.5849453 ], [ -70.3655253, 18.5844735 ], [ -70.3657404, 18.5839667 ], [ -70.3659371, 18.5836346 ], [ -70.3660846, 18.5835356 ], [ -70.3663673, 18.5836288 ], [ -70.3666438, 18.583722 ], [ -70.3668774, 18.5836171 ], [ -70.3672031, 18.5833666 ], [ -70.3673076, 18.5830346 ], [ -70.367449, 18.5824287 ], [ -70.3677194, 18.5820617 ], [ -70.3678915, 18.581753 ], [ -70.368082, 18.5813685 ], [ -70.3680144, 18.5810888 ], [ -70.3676518, 18.5808616 ], [ -70.3674305, 18.5806869 ], [ -70.3671417, 18.5807626 ], [ -70.3669511, 18.5808966 ], [ -70.3669819, 18.5810772 ], [ -70.366969600000019, 18.581252 ], [ -70.366865100000012, 18.5814559 ], [ -70.3668221, 18.5817937 ], [ -70.366736, 18.5820675 ], [ -70.366404200000019, 18.5820908 ], [ -70.3660784, 18.5820209 ], [ -70.365808, 18.5818112 ], [ -70.3656912, 18.5815083 ], [ -70.3656421, 18.5810306 ], [ -70.3656605, 18.5806053 ], [ -70.365556, 18.5800927 ], [ -70.3656236, 18.5798189 ], [ -70.3657711, 18.579714 ], [ -70.3659678, 18.5798247 ], [ -70.366189, 18.5799587 ], [ -70.3664841, 18.5799703 ], [ -70.3667545, 18.5799004 ], [ -70.3669143, 18.5796674 ], [ -70.366988, 18.5793761 ], [ -70.3669266, 18.5790673 ], [ -70.3665701, 18.578945 ], [ -70.366312, 18.578712 ], [ -70.3661337, 18.5784265 ], [ -70.3660969, 18.5779488 ], [ -70.3661399, 18.5776459 ], [ -70.3663058, 18.5774536 ], [ -70.3667237, 18.5775818 ], [ -70.3670679, 18.5777041 ], [ -70.3673691, 18.5775701 ], [ -70.3675166, 18.5772089 ], [ -70.3674551, 18.5768244 ], [ -70.3671663, 18.5765623 ], [ -70.3669634, 18.5762302 ], [ -70.3667545, 18.5755777 ], [ -70.3668405, 18.5750709 ], [ -70.3672646, 18.5746281 ], [ -70.3679345, 18.5741912 ], [ -70.3692866, 18.5736203 ], [ -70.3700487, 18.5733115 ], [ -70.3703191, 18.572892 ], [ -70.3701532, 18.5722453 ], [ -70.3699504, 18.5716977 ], [ -70.3701286, 18.5712433 ], [ -70.3705097, 18.571086 ], [ -70.3709829, 18.5712899 ], [ -70.3716835, 18.5715812 ], [ -70.3724334, 18.5718958 ], [ -70.3731893, 18.5720822 ], [ -70.3737073, 18.5717339 ], [ -70.3739122, 18.5713248 ], [ -70.374045, 18.5705697 ], [ -70.374014100000011, 18.5699696 ], [ -70.3745049, 18.567995 ], [ -70.374962100000019, 18.5680263 ], [ -70.3756396, 18.5688043 ], [ -70.3762841, 18.5691072 ], [ -70.3768405, 18.5687782 ], [ -70.377182, 18.5678644 ], [ -70.3765651, 18.566938 ], [ -70.3748833, 18.5658459 ], [ -70.3738499, 18.5647237 ], [ -70.3732344, 18.5641034 ], [ -70.3712947, 18.5637785 ], [ -70.3696822, 18.5631729 ], [ -70.3694107, 18.562439 ], [ -70.3698847, 18.5616369 ], [ -70.372767, 18.5593845 ], [ -70.3738439, 18.5586189 ], [ -70.3748135, 18.5578807 ], [ -70.3753947, 18.5574065 ], [ -70.376438100000016, 18.5566789 ], [ -70.3786427, 18.5562063 ], [ -70.3805826, 18.556474 ], [ -70.3822295, 18.5566589 ] ] ] } },
{ "type": "Feature", "properties": { "osm_id": "way/236765778", "waterway": "stream", "relation": null }, "geometry": { "type": "MultiLineString", "coordinates": [ [ [ -70.5689941, 18.6881314 ], [ -70.5673633, 18.6849604 ], [ -70.5636082, 18.6804682 ], [ -70.5623637, 18.6795331 ], [ -70.5609474, 18.6794111 ], [ -70.5602823, 18.6788623 ], [ -70.5595956, 18.67872 ], [ -70.5569154, 18.6766503 ] ] ] } },
{ "type": "Feature", "properties": { "osm_id": "way/236765779", "waterway": "stream", "relation": null }, "geometry": { "type": "MultiLineString", "coordinates": [ [ [ -70.5509911, 18.661766 ], [ -70.5537591, 18.6604649 ], [ -70.5541668, 18.6597534 ], [ -70.5552397, 18.6611155 ], [ -70.5563555, 18.6602616 ], [ -70.5586515, 18.6599974 ], [ -70.560089100000013, 18.660343 ], [ -70.5616555, 18.660221 ], [ -70.5629162, 18.661639 ], [ -70.563281, 18.6616898 ], [ -70.5634419, 18.6624522 ], [ -70.5638818, 18.6622692 ], [ -70.5641285, 18.6616593 ], [ -70.5649761, 18.661517 ], [ -70.5652229, 18.6618016 ], [ -70.56518, 18.6628892 ], [ -70.5661348, 18.6629909 ], [ -70.5677227, 18.662503 ], [ -70.5691818, 18.6637837 ], [ -70.5693642, 18.6644953 ], [ -70.5705551, 18.6650238 ], [ -70.5712096, 18.6645359 ], [ -70.5722074, 18.6652779 ], [ -70.5720357, 18.6659081 ], [ -70.5727331, 18.6662029 ], [ -70.5719713, 18.6667823 ], [ -70.5715636, 18.6667518 ], [ -70.5715529, 18.6670974 ], [ -70.5725614, 18.6675243 ], [ -70.5733339, 18.6689981 ], [ -70.5743531, 18.6695571 ], [ -70.5746535, 18.6701975 ], [ -70.5757479, 18.6700044 ], [ -70.5760697, 18.6703398 ], [ -70.5757371, 18.6708988 ], [ -70.5764989, 18.6718949 ], [ -70.5774538, 18.6713664 ], [ -70.5777971, 18.6719457 ] ] ] } },
{ "type": "Feature", "properties": { "osm_id": "way/236765780", "name": "Rio Ocoa", "waterway": "river", "relation": null }, "geometry": { "type": "MultiLineString", "coordinates": [ [ [ -70.5780224, 18.637008 ], [ -70.5770461, 18.6370283 ], [ -70.5762092, 18.6376586 ], [ -70.5752758, 18.6375671 ], [ -70.5737845, 18.6386346 ], [ -70.5729906, 18.6386549 ], [ -70.572776, 18.6392039 ], [ -70.5721966, 18.6395495 ], [ -70.5711774, 18.6393767 ], [ -70.5706624, 18.6398545 ], [ -70.5694286, 18.640312 ], [ -70.5689351, 18.6408711 ], [ -70.5679266, 18.6414607 ], [ -70.5667893, 18.6415421 ], [ -70.5664138, 18.6421723 ], [ -70.5660812, 18.6424773 ], [ -70.5657164, 18.6429043 ], [ -70.5651478, 18.6429856 ], [ -70.5647723, 18.6434532 ], [ -70.5642144, 18.6437887 ], [ -70.5638174, 18.6433922 ], [ -70.563281, 18.6431483 ], [ -70.5630235, 18.6436769 ], [ -70.5620472, 18.6442767 ], [ -70.5618755, 18.6447646 ], [ -70.5622725, 18.6449578 ], [ -70.5624012, 18.6456795 ], [ -70.5617467, 18.6466758 ], [ -70.5603198, 18.6470316 ], [ -70.5579487, 18.6466656 ], [ -70.5568759, 18.6468079 ], [ -70.5557171, 18.6461167 ], [ -70.553228, 18.6464928 ], [ -70.5528955, 18.6472247 ], [ -70.551790400000016, 18.6472654 ], [ -70.550975, 18.6468791 ], [ -70.5500952, 18.6472146 ], [ -70.5501596, 18.6476924 ], [ -70.5480889, 18.6488309 ], [ -70.5451707, 18.6491562 ], [ -70.5444197, 18.6495221 ], [ -70.5438403, 18.6487292 ], [ -70.5431537, 18.6490342 ], [ -70.5430678, 18.6503964 ], [ -70.5420486, 18.650437 ], [ -70.5410079, 18.6500203 ], [ -70.5402953, 18.6494525 ], [ -70.53946830000001, 18.6490393 ] ] ] } },
{ "type": "Feature", "properties": { "osm_id": "way/236765781", "name": "Río Ocoa", "waterway": "river", "relation": null }, "geometry": { "type": "MultiLineString", "coordinates": [ [ [ -70.53946830000001, 18.6490393 ], [ -70.5394898, 18.6475551 ], [ -70.5379448, 18.6466809 ], [ -70.5376766, 18.6446782 ], [ -70.5404446, 18.6429094 ], [ -70.5424617, 18.64295 ], [ -70.5426548, 18.6405305 ], [ -70.5422042, 18.6399206 ], [ -70.5416677, 18.6396359 ], [ -70.5411742, 18.638355 ], [ -70.539994, 18.639087 ], [ -70.5385993, 18.6385786 ], [ -70.538256, 18.637318 ], [ -70.5389855, 18.6355898 ], [ -70.5375264, 18.6350001 ], [ -70.5380628, 18.6332108 ], [ -70.5361704, 18.6316998 ], [ -70.5354235, 18.6309742 ], [ -70.5359385, 18.6297542 ], [ -70.5372045, 18.6282902 ], [ -70.536947, 18.6274565 ], [ -70.5350373, 18.6264805 ], [ -70.5353377, 18.6259112 ], [ -70.5357454, 18.6253215 ], [ -70.5353592, 18.6246708 ], [ -70.5339859, 18.6255655 ], [ -70.5337498, 18.6248335 ], [ -70.5344579, 18.6224747 ], [ -70.5355094, 18.622068 ], [ -70.5363891, 18.622129 ], [ -70.536711, 18.6211733 ], [ -70.5352948, 18.6196076 ], [ -70.5362604, 18.6186722 ], [ -70.5362604, 18.6175538 ], [ -70.537462, 18.6174317 ], [ -70.5373762, 18.6165777 ], [ -70.5382345, 18.6156016 ], [ -70.5381916, 18.6143205 ], [ -70.5370972, 18.612592 ], [ -70.5354235, 18.6113515 ], [ -70.5345009, 18.6109245 ], [ -70.5342005, 18.6095417 ], [ -70.5350802, 18.6074267 ], [ -70.53596, 18.6065726 ], [ -70.5369256, 18.6055558 ], [ -70.5370758, 18.6037865 ], [ -70.5361746, 18.6018749 ], [ -70.5363891, 18.6002886 ], [ -70.53596, 18.5992718 ], [ -70.5350588, 18.5992311 ], [ -70.53452230000002, 18.5997192 ], [ -70.533943, 18.5991701 ], [ -70.5325911, 18.5984786 ], [ -70.5326126, 18.5962009 ], [ -70.5336211, 18.5952043 ], [ -70.5339215, 18.5939841 ], [ -70.5327843, 18.5924181 ], [ -70.5328272, 18.5913808 ], [ -70.5323939, 18.5905406 ], [ -70.5317072, 18.5903779 ], [ -70.5298189, 18.5890762 ], [ -70.5289606, 18.5877746 ], [ -70.5279307, 18.5867983 ], [ -70.527244, 18.5859848 ], [ -70.527244, 18.5850102 ], [ -70.527033300000014, 18.5841886 ], [ -70.5270324, 18.5840603 ], [ -70.5262309, 18.5835623 ], [ -70.5251433, 18.5834492 ], [ -70.5248985, 18.582373 ], [ -70.5231241, 18.5815916 ], [ -70.5210642, 18.580778 ], [ -70.5152277, 18.576222 ], [ -70.5128245, 18.5718286 ], [ -70.5080179, 18.5679232 ], [ -70.5042414, 18.563855 ], [ -70.5022863, 18.5593739 ], [ -70.4976379, 18.5558959 ], [ -70.4977183, 18.5511616 ], [ -70.4978899, 18.5472557 ], [ -70.4992807, 18.5444942 ], [ -70.5002932, 18.5425361 ], [ -70.5020098, 18.540583 ], [ -70.5028681, 18.5384673 ], [ -70.5032114, 18.5357004 ], [ -70.5028136, 18.5330485 ], [ -70.5028911, 18.5312295 ], [ -70.5048552, 18.5290276 ], [ -70.5074006, 18.5272899 ], [ -70.5087349, 18.5257481 ], [ -70.5088641, 18.524454 ], [ -70.5087349, 18.5232683 ], [ -70.508952, 18.5219413 ], [ -70.5091826, 18.5205315 ], [ -70.5090394, 18.5185738 ], [ -70.5088519, 18.5158993 ], [ -70.5093061, 18.5137801 ], [ -70.5099735, 18.511448 ], [ -70.5097345, 18.5098202 ], [ -70.5091339, 18.5091835 ], [ -70.5091835, 18.5087062 ], [ -70.5094994, 18.508311 ], [ -70.5102556, 18.5084305 ], [ -70.5107598, 18.5087054 ], [ -70.511196, 18.5085555 ], [ -70.510936200000017, 18.5059134 ], [ -70.5121378, 18.5046111 ], [ -70.5143694, 18.5037971 ], [ -70.5153994, 18.5024948 ], [ -70.5147127, 18.5010297 ], [ -70.5136828, 18.4994018 ], [ -70.5135111, 18.4977739 ], [ -70.5132007, 18.4966689 ], [ -70.5119661, 18.4950064 ], [ -70.5107645, 18.4938669 ], [ -70.5092642, 18.4931874 ], [ -70.5077123, 18.492971 ], [ -70.5064442, 18.4917862 ], [ -70.5051436, 18.4913205 ], [ -70.5048502, 18.4908495 ], [ -70.5049863, 18.4902929 ], [ -70.5061698, 18.4888174 ], [ -70.5064895, 18.4876318 ], [ -70.5056394, 18.4862761 ], [ -70.5056147, 18.4849128 ], [ -70.5071596, 18.483936 ], [ -70.5093912, 18.483936 ], [ -70.5119661, 18.4832848 ], [ -70.5121378, 18.4816567 ], [ -70.511107800000019, 18.480517 ], [ -70.5119661, 18.4794303 ], [ -70.5117022, 18.4786196 ], [ -70.5125798, 18.478315 ], [ -70.5129424, 18.4783387 ], [ -70.5131227, 18.4781759 ], [ -70.5131785, 18.4778096 ], [ -70.5130734, 18.4775213 ], [ -70.512846200000013, 18.4764299 ], [ -70.5126823, 18.4759751 ], [ -70.5128219, 18.4755837 ], [ -70.5128037, 18.4752095 ], [ -70.5124811, 18.4733533 ], [ -70.5121786, 18.4730393 ], [ -70.5121179, 18.4720032 ], [ -70.5118023, 18.4715254 ], [ -70.5114837, 18.471393 ], [ -70.511299, 18.4714957 ] ] ] } },
{ "type": "Feature", "properties": { "osm_id": "way/236769624", "waterway": "stream", "relation": null }, "geometry": { "type": "MultiLineString", "coordinates": [ [ [ -70.5330042, 18.7137813 ], [ -70.5328754, 18.7135679 ], [ -70.5322746, 18.7134764 ], [ -70.5324785, 18.7119623 ], [ -70.5331651, 18.7114847 ], [ -70.5343185, 18.7095184 ], [ -70.533138300000019, 18.7076689 ], [ -70.5314861, 18.7065714 ], [ -70.5338035, 18.7051081 ], [ -70.5331168, 18.7008196 ], [ -70.5344901, 18.6995392 ], [ -70.5332456, 18.6965107 ], [ -70.5370436, 18.6961652 ], [ -70.5350266, 18.6941123 ], [ -70.5368505, 18.6924253 ], [ -70.5382881, 18.6941529 ], [ -70.5390606, 18.693096 ], [ -70.5410562, 18.6931367 ], [ -70.5415283, 18.692222 ], [ -70.543202, 18.6915919 ], [ -70.5448166, 18.6919527 ], [ -70.5459003, 18.6908957 ] ] ] } },
{ "type": "Feature", "properties": { "osm_id": "way/236769625", "waterway": "stream", "relation": null }, "geometry": { "type": "MultiLineString", "coordinates": [ [ [ -70.553067100000021, 18.7057839 ], [ -70.5499879, 18.7060176 ], [ -70.5475632, 18.706607 ], [ -70.54575, 18.70805 ], [ -70.5446182, 18.7076588 ], [ -70.5427782, 18.7089036 ], [ -70.5400101, 18.7090357 ], [ -70.5378, 18.7090865 ], [ -70.5367271, 18.7100722 ], [ -70.5368022, 18.7120335 ], [ -70.5345599, 18.7122672 ], [ -70.5345813, 18.7135069 ], [ -70.5330042, 18.7137813 ], [ -70.532124400000015, 18.7151125 ], [ -70.5314914, 18.7155392 ], [ -70.5315129, 18.7163217 ], [ -70.5310301, 18.7171143 ], [ -70.5311266, 18.7178256 ], [ -70.529056, 18.7179373 ], [ -70.5290453, 18.7190551 ], [ -70.528659, 18.7196241 ], [ -70.5275969, 18.7192075 ], [ -70.5267707, 18.718039 ], [ -70.5258373, 18.7173785 ], [ -70.5250327, 18.7175309 ], [ -70.5247966, 18.7178561 ], [ -70.5242924, 18.7172565 ], [ -70.5237559, 18.7170431 ] ] ] } },
{ "type": "Feature", "properties": { "osm_id": "way/236769627", "name": "Arroyo La Cigua", "waterway": "stream", "relation": null }, "geometry": { "type": "MultiLineString", "coordinates": [ [ [ -70.5776415, 18.7004131 ], [ -70.5766974, 18.7003725 ], [ -70.576118, 18.7021814 ], [ -70.5752168, 18.7027098 ], [ -70.5751953, 18.7035838 ], [ -70.5732212, 18.7060837 ], [ -70.5733714, 18.7071812 ], [ -70.5702601, 18.7109614 ], [ -70.5688868, 18.7109411 ], [ -70.5673204, 18.7119979 ], [ -70.5669127, 18.7129938 ], [ -70.5644236, 18.7145586 ], [ -70.5629859, 18.7172819 ], [ -70.5638228, 18.7189484 ], [ -70.5631361, 18.7193752 ], [ -70.5621491, 18.7188468 ], [ -70.5610333, 18.7187452 ], [ -70.5608187, 18.7200052 ], [ -70.559917500000012, 18.720655499999989 ], [ -70.5584154, 18.7205336 ], [ -70.5573211, 18.7213668 ], [ -70.5556903, 18.7207977 ], [ -70.5550251, 18.7220984 ], [ -70.5552397, 18.7235819 ], [ -70.5513773, 18.7248419 ], [ -70.5499611, 18.725858 ], [ -70.5470643, 18.7259189 ], [ -70.546506400000013, 18.7251264 ], [ -70.5449186, 18.7253296 ], [ -70.5444894, 18.7274227 ], [ -70.5423651, 18.7284795 ], [ -70.5408631, 18.7277682 ], [ -70.5380736, 18.7288656 ], [ -70.537859, 18.7304709 ], [ -70.5368453, 18.7300558 ] ] ] } },
{ "type": "Feature", "properties": { "osm_id": "way/236769628", "waterway": "stream", "relation": null }, "geometry": { "type": "MultiLineString", "coordinates": [ [ [ -70.559917500000012, 18.720655499999989 ], [ -70.5601964, 18.7225861 ], [ -70.5656681, 18.725228 ], [ -70.5660758, 18.7228706 ], [ -70.5673633, 18.7224845 ], [ -70.5686293, 18.7231755 ], [ -70.571054, 18.7251264 ], [ -70.5731783, 18.7254718 ], [ -70.5745731, 18.7255125 ], [ -70.5754957, 18.7250857 ], [ -70.5758176, 18.7240696 ], [ -70.5777273, 18.7235819 ] ] ] } },
{ "type": "Feature", "properties": { "osm_id": "way/236769629", "name": "Rio Nizao", "waterway": "stream", "relation": null }, "geometry": { "type": "MultiLineString", "coordinates": [ [ [ -70.6226464, 18.8186047 ], [ -70.6212923, 18.8187882 ], [ -70.6208374, 18.8190913 ], [ -70.6207716, 18.819382 ], [ -70.6206882, 18.8196812 ], [ -70.6202962, 18.8197831 ], [ -70.620154400000018, 18.8197408 ], [ -70.6200536, 18.8196426 ], [ -70.6198231, 18.8195417 ], [ -70.6193504, 18.8194165 ], [ -70.6190114, 18.8193923 ], [ -70.6188647, 18.8191203 ], [ -70.6186725, 18.8184255 ], [ -70.6185465, 18.8183037 ], [ -70.6179694, 18.8180368 ], [ -70.617644, 18.8173162 ], [ -70.6173033, 18.8174127 ], [ -70.6167933, 18.8171281 ], [ -70.6165968, 18.8171233 ], [ -70.6164274, 18.8168906 ], [ -70.6164525, 18.8162588 ], [ -70.6165102, 18.8158587 ], [ -70.6163264, 18.8156666 ], [ -70.6154827, 18.8156575 ], [ -70.6153001, 18.8154917 ], [ -70.6147889, 18.8152529 ], [ -70.6142922, 18.8149554 ], [ -70.6140463, 18.8147443 ], [ -70.6141542, 18.814556 ], [ -70.6139435, 18.814418 ], [ -70.6133208, 18.8143853 ], [ -70.6128998, 18.8141933 ], [ -70.6125212, 18.8136766 ], [ -70.6118607, 18.8141395 ], [ -70.61163, 18.8144816 ], [ -70.6106256, 18.8136406 ], [ -70.6102182, 18.8135616 ], [ -70.6098308, 18.813682 ], [ -70.6092122, 18.8126721 ], [ -70.6087838, 18.8120249 ], [ -70.6084215, 18.8117521 ], [ -70.6081918, 18.8117252 ], [ -70.6082807, 18.8120414 ], [ -70.6080213, 18.8123915 ], [ -70.6077617, 18.8124161 ], [ -70.6073994, 18.8122789 ], [ -70.60707, 18.8119446 ], [ -70.606861, 18.8116818 ], [ -70.6064641, 18.8113353 ], [ -70.6060084, 18.811177399999988 ], [ -70.6056781, 18.8106214 ], [ -70.6049372, 18.8107487 ], [ -70.6045266, 18.810059 ], [ -70.6035943, 18.808643 ], [ -70.6025331, 18.8084712 ], [ -70.6002517, 18.8093452 ], [ -70.5991856, 18.8086548 ], [ -70.5968854, 18.8082266 ], [ -70.5957811, 18.8087395 ], [ -70.5940898, 18.8089717 ], [ -70.5928581, 18.8084943 ], [ -70.5925948, 18.8088139 ], [ -70.5911813, 18.8084308 ], [ -70.5895782, 18.8082111 ], [ -70.5892912, 18.8078013 ], [ -70.5889485, 18.807936 ], [ -70.5886715, 18.8078381 ], [ -70.5889537, 18.8074153 ], [ -70.5886972, 18.8069215 ], [ -70.5876939, 18.8068295 ], [ -70.5870253, 18.8073012 ], [ -70.586513, 18.8072975 ], [ -70.5846133, 18.8075006 ], [ -70.583579, 18.8076272 ], [ -70.5829576, 18.8074503 ], [ -70.5819719, 18.8076882 ], [ -70.5811159, 18.8074329 ], [ -70.5804721, 18.8070287 ], [ -70.579723, 18.8070681 ], [ -70.5788215, 18.8076411 ], [ -70.578328500000012, 18.8083007 ], [ -70.5774045, 18.8085607 ], [ -70.5771053, 18.809271 ], [ -70.5765386, 18.809571 ], [ -70.5755759, 18.8095771 ], [ -70.5751524, 18.8091569 ], [ -70.5737601, 18.809292 ], [ -70.5731789, 18.8099841 ], [ -70.572617, 18.8097759 ], [ -70.5720225, 18.8093983 ], [ -70.5717571, 18.80911 ], [ -70.5718711, 18.8087238 ], [ -70.5717643, 18.8084709 ], [ -70.5710565, 18.8083549 ], [ -70.5706527, 18.8077965 ], [ -70.5702966, 18.8080629 ], [ -70.5697763, 18.8079184 ], [ -70.5693715, 18.8077858 ], [ -70.5692233, 18.8071422 ], [ -70.5688786, 18.8069522 ], [ -70.568786, 18.8067317 ], [ -70.5684954, 18.8062383 ], [ -70.5683664, 18.8055304 ], [ -70.5681482, 18.8047448 ], [ -70.5676422, 18.8043023 ], [ -70.5670038, 18.8040212 ], [ -70.5662591, 18.8042293 ], [ -70.5653476, 18.8039512 ], [ -70.5645038, 18.80376 ], [ -70.5640494, 18.803486 ], [ -70.5634828, 18.8033681 ], [ -70.5631863, 18.8030461 ], [ -70.5631347, 18.8026054 ], [ -70.563298, 18.8021448 ], [ -70.5631656, 18.801944 ], [ -70.5626534, 18.8016921 ], [ -70.5623161, 18.8010935 ], [ -70.5616591, 18.8012577 ], [ -70.5608402, 18.8013773 ], [ -70.5603968, 18.8013005 ], [ -70.5605621, 18.8010226 ], [ -70.5604821, 18.8008689 ], [ -70.5605205, 18.8005883 ], [ -70.5603902, 18.8003527 ], [ -70.5607329, 18.7995694 ], [ -70.5612751, 18.7979688 ], [ -70.561233200000018, 18.7972021 ], [ -70.5610145, 18.7970932 ], [ -70.5607781, 18.7967622 ], [ -70.5608411, 18.7960029 ], [ -70.5606209, 18.7953776 ], [ -70.5606901, 18.7949296 ] ] ] } },
{ "type": "Feature", "properties": { "osm_id": "way/236770352", "waterway": "stream", "relation": null }, "geometry": { "type": "MultiLineString", "coordinates": [ [ [ -70.577148, 18.7911597 ], [ -70.574337, 18.7924394 ], [ -70.5699382, 18.7932723 ], [ -70.5692086, 18.7920941 ], [ -70.567771, 18.7926832 ], [ -70.5658827, 18.7923582 ], [ -70.5650244, 18.7916269 ], [ -70.5635009, 18.7925613 ], [ -70.5623207, 18.7923988 ], [ -70.5622349, 18.7939223 ], [ -70.561162, 18.7943489 ], [ -70.5606901, 18.7949296 ] ] ] } },
{ "type": "Feature", "properties": { "osm_id": "way/236770354", "waterway": "stream", "relation": null }, "geometry": { "type": "MultiLineString", "coordinates": [ [ [ -70.5030227, 18.7290245 ], [ -70.5035699, 18.7296951 ], [ -70.503881, 18.7300888 ], [ -70.5042002, 18.730358 ], [ -70.5043665, 18.7304165 ], [ -70.504463, 18.7305104 ], [ -70.5044362, 18.7305968 ], [ -70.5042887, 18.7306654 ], [ -70.504114300000012, 18.7307721 ], [ -70.5039641, 18.7309728 ], [ -70.5038944, 18.7311912 ], [ -70.5039668, 18.731384299999988 ], [ -70.5040634, 18.7316002 ], [ -70.5042109, 18.7318669 ], [ -70.5042458, 18.7320828 ], [ -70.5041948, 18.7322276 ], [ -70.503875600000015, 18.7324968 ], [ -70.5038005, 18.7325603 ], [ -70.503822, 18.7327204 ], [ -70.5039293, 18.7328906 ], [ -70.5041492, 18.7332513 ], [ -70.504176, 18.7333503 ], [ -70.5041277, 18.7334443 ], [ -70.5039695, 18.733551 ], [ -70.5035591, 18.733871 ], [ -70.5034599, 18.7340488 ], [ -70.503422300000011, 18.7342394 ], [ -70.5033901, 18.7345238 ], [ -70.5035511, 18.7347474 ], [ -70.5038032, 18.7351106 ], [ -70.5044657, 18.7361317 ], [ -70.5047554, 18.737102 ], [ -70.5047286, 18.7377929 ], [ -70.5047393, 18.7382044 ], [ -70.5046749, 18.7384127 ], [ -70.504567600000016, 18.7385702 ], [ -70.5043262, 18.7386515 ], [ -70.503881, 18.7386261 ], [ -70.5036449, 18.7386159 ], [ -70.5033016, 18.7388089 ], [ -70.5016118, 18.7404955 ], [ -70.5010861, 18.7411051 ], [ -70.5005068, 18.7412829 ], [ -70.5001044, 18.7415064 ], [ -70.4998094, 18.7418366 ], [ -70.4996163, 18.7422075 ], [ -70.4994607, 18.7425275 ], [ -70.4991281, 18.7427942 ], [ -70.4989833, 18.7428653 ], [ -70.4987955, 18.7429212 ], [ -70.4985112, 18.7429517 ], [ -70.4980981, 18.7430685 ], [ -70.4976529, 18.7433352 ], [ -70.4973659, 18.7436045 ], [ -70.4972747, 18.7437797 ], [ -70.49720760000001, 18.7440032 ], [ -70.4972023, 18.7441353 ], [ -70.4971272, 18.7442242 ], [ -70.4968053, 18.7442547 ], [ -70.4963842, 18.7442521 ], [ -70.4962394, 18.7442217 ], [ -70.4960892, 18.7442191 ], [ -70.4960194, 18.7442877 ], [ -70.4959819, 18.7445011 ], [ -70.4959121, 18.7447805 ], [ -70.4956064, 18.7454078 ], [ -70.4954964, 18.7455196 ], [ -70.4953623, 18.7455424 ], [ -70.4951182, 18.745578 ], [ -70.4946542, 18.7454967 ], [ -70.4944825, 18.7454281 ], [ -70.4943001, 18.7454104 ], [ -70.4941016, 18.7455475 ], [ -70.49404, 18.7457075 ], [ -70.493938, 18.7459742 ], [ -70.4937449, 18.7463654 ], [ -70.4933748, 18.7467819 ], [ -70.4929698, 18.7470994 ], [ -70.492495, 18.7472696 ], [ -70.4922348, 18.7472772 ], [ -70.4919317, 18.7473077 ], [ -70.4917735, 18.7473432 ], [ -70.4916474, 18.7474372 ], [ -70.4915723, 18.747648 ], [ -70.4915509, 18.7479198 ], [ -70.4914489, 18.7481712 ], [ -70.4913899, 18.7483795 ], [ -70.4913202, 18.7486284 ], [ -70.4913309, 18.7488545 ], [ -70.4914194, 18.7489764 ], [ -70.491752, 18.7492075 ], [ -70.491862, 18.749365 ], [ -70.4918969, 18.7495047 ], [ -70.4919049, 18.7496545 ], [ -70.4918325, 18.7497815 ], [ -70.491626, 18.7500127 ], [ -70.4915562, 18.7501828 ], [ -70.491567, 18.7504571 ], [ -70.491685, 18.7511835 ], [ -70.4917762, 18.7515696 ], [ -70.4919344, 18.7517626 ], [ -70.4923046, 18.7519531 ], [ -70.4924387, 18.7520344 ], [ -70.492546, 18.7521868 ], [ -70.4925808, 18.7523925 ], [ -70.4926801, 18.7527201 ], [ -70.4927981, 18.7528751 ], [ -70.4932594, 18.7528801 ], [ -70.4936457, 18.7527277 ], [ -70.494225, 18.7523214 ] ] ] } },
{ "type": "Feature", "properties": { "osm_id": "way/262072684", "name": "Río Nizao", "waterway": "river", "relation": null }, "geometry": { "type": "MultiLineString", "coordinates": [ [ [ -70.5606901, 18.7949296 ], [ -70.5602608, 18.7939426 ], [ -70.5597887, 18.7941864 ], [ -70.5580721, 18.7940239 ], [ -70.5556474, 18.7898799 ], [ -70.5567203, 18.789047 ], [ -70.5556474, 18.7875437 ], [ -70.5528364, 18.7852685 ], [ -70.5516348, 18.7849435 ], [ -70.5498324, 18.7858983 ], [ -70.5489097, 18.7852888 ], [ -70.547472, 18.7856139 ], [ -70.5471072, 18.7826682 ], [ -70.5456052, 18.7823635 ], [ -70.5454765, 18.7814087 ], [ -70.5435453, 18.780718 ], [ -70.5420432, 18.7812868 ], [ -70.5404768, 18.7809008 ], [ -70.5394039, 18.7793771 ], [ -70.5382452, 18.7792349 ], [ -70.5377302, 18.7762486 ], [ -70.538374, 18.7743389 ], [ -70.5379448, 18.7724088 ], [ -70.5366144, 18.772612 ], [ -70.535327, 18.7712508 ], [ -70.5334816, 18.7702756 ], [ -70.5339966, 18.7676141 ], [ -70.5329237, 18.7672078 ], [ -70.5318938, 18.764912 ], [ -70.5336533, 18.7644244 ], [ -70.5326233, 18.763632 ], [ -70.5317865, 18.7620066 ], [ -70.5306063, 18.7614377 ], [ -70.53086380000002, 18.7598529 ], [ -70.532795, 18.7585932 ], [ -70.5330739, 18.7568662 ], [ -70.5336104, 18.7560738 ], [ -70.5351124, 18.7564192 ], [ -70.5356918, 18.7552814 ], [ -70.53758, 18.7561957 ], [ -70.5390606, 18.7546109 ], [ -70.5399833, 18.7547328 ], [ -70.5398546, 18.7560941 ], [ -70.5404339, 18.7565818 ], [ -70.5414639, 18.7558097 ], [ -70.5414853, 18.7526197 ], [ -70.5392752, 18.7517053 ], [ -70.5392967, 18.7507504 ], [ -70.537515700000014, 18.7494703 ], [ -70.5374513, 18.7483121 ], [ -70.5342326, 18.7477431 ], [ -70.5347262, 18.7452235 ], [ -70.5335675, 18.7445936 ], [ -70.5329452, 18.7435573 ], [ -70.5339108, 18.7421553 ], [ -70.5348764, 18.738457 ], [ -70.5341897, 18.7375629 ], [ -70.5325375, 18.7383961 ], [ -70.5322156, 18.7365266 ], [ -70.5307136, 18.7357341 ], [ -70.5312929, 18.7340271 ], [ -70.5302844, 18.7322592 ], [ -70.5291686, 18.7330517 ], [ -70.5289326, 18.7311822 ], [ -70.529748, 18.7300848 ], [ -70.5300325, 18.7294055 ], [ -70.5291245, 18.7289373 ], [ -70.52904860000001, 18.7284703 ], [ -70.5290676, 18.7279494 ], [ -70.5291814, 18.7260993 ], [ -70.5293142, 18.7246624 ], [ -70.5297504, 18.7233512 ], [ -70.5295418, 18.7228842 ], [ -70.528859, 18.7228662 ], [ -70.5277021, 18.7230279 ], [ -70.5265641, 18.7228482 ], [ -70.526071, 18.7227045 ], [ -70.5240885, 18.7202033 ], [ -70.5237559, 18.7170431 ], [ -70.5231958, 18.7147047 ], [ -70.5227785, 18.7131958 ], [ -70.5220389, 18.7124054 ], [ -70.5212423, 18.7121898 ], [ -70.5197819, 18.7131778 ], [ -70.5173164, 18.7144711 ], [ -70.514764, 18.7147138 ], [ -70.5132278, 18.7147677 ], [ -70.5121278, 18.7153605 ], [ -70.5121468, 18.7160431 ], [ -70.512602, 18.7165461 ], [ -70.513664, 18.7163844 ], [ -70.514233, 18.7168514 ], [ -70.5146313, 18.7178573 ], [ -70.5145934, 18.7188273 ], [ -70.5136071, 18.7192764 ], [ -70.5114261, 18.7185219 ], [ -70.5087519, 18.7182884 ], [ -70.5075002, 18.7183782 ], [ -70.5069312, 18.7188992 ], [ -70.5062864, 18.719905 ], [ -70.5056416, 18.72136 ], [ -70.5054709, 18.722779 ], [ -70.5055203, 18.7230101 ], [ -70.5059035, 18.724805 ], [ -70.5055012, 18.7253765 ], [ -70.5045893, 18.7258465 ], [ -70.5032616, 18.7262148 ], [ -70.5027788, 18.7268879 ], [ -70.5027788, 18.7277897 ], [ -70.5030227, 18.7290245 ], [ -70.5016513, 18.7297362 ], [ -70.5011202, 18.7291974 ], [ -70.4991857, 18.7285687 ], [ -70.499053, 18.7294129 ], [ -70.499584, 18.7305265 ], [ -70.4994133, 18.7309576 ], [ -70.498484, 18.7315144 ], [ -70.4977064, 18.731227 ], [ -70.4975926, 18.7309935 ], [ -70.4973081, 18.7294129 ], [ -70.4965305, 18.7291435 ], [ -70.4962081, 18.7296644 ], [ -70.495752900000014, 18.730796 ], [ -70.4949753, 18.7315503 ], [ -70.4944633, 18.7313168 ], [ -70.4934012, 18.7297003 ], [ -70.4921495, 18.7296644 ], [ -70.4910684, 18.7304547 ], [ -70.4899115, 18.7309756 ], [ -70.4892667, 18.7302212 ], [ -70.4885649, 18.7307241 ], [ -70.4879391, 18.7309756 ], [ -70.487336, 18.7301088 ], [ -70.4872287, 18.7279751 ], [ -70.4862318, 18.7274837 ], [ -70.485395, 18.7276666 ], [ -70.4856739, 18.7287233 ], [ -70.485030200000011, 18.7298207 ], [ -70.481649800000014, 18.7304137 ], [ -70.4786787, 18.7301255 ], [ -70.4765115, 18.7294955 ], [ -70.4740224, 18.7284795 ], [ -70.4710613, 18.7262034 ], [ -70.4683147, 18.722708 ], [ -70.4669084, 18.7192258 ], [ -70.466251500000013, 18.7151962 ], [ -70.4661045, 18.7142944 ], [ -70.4637435, 18.7105886 ], [ -70.4629503, 18.7041935 ], [ -70.4604397, 18.7002099 ], [ -70.4586556, 18.6960434 ], [ -70.4567919, 18.6923033 ], [ -70.4539618, 18.6885739 ], [ -70.4520283, 18.6864494 ], [ -70.4516552, 18.6854233 ], [ -70.4517624, 18.6844832 ], [ -70.4530231, 18.6828825 ], [ -70.4546055, 18.6800876 ], [ -70.456939, 18.6778262 ], [ -70.4592725, 18.6766574 ], [ -70.4606135, 18.6762509 ], [ -70.4623301, 18.6759205 ], [ -70.4631936, 18.6753077 ], [ -70.4619798, 18.6739422 ], [ -70.4610694, 18.6738344 ], [ -70.4587935, 18.6738344 ], [ -70.4576177, 18.6736188 ], [ -70.4548108, 18.6721814 ], [ -70.4542039, 18.6713908 ], [ -70.4539763, 18.6700972 ], [ -70.4541659, 18.6693785 ], [ -70.455569400000016, 18.6686598 ], [ -70.4577694, 18.6688754 ], [ -70.459097, 18.6699534 ], [ -70.4611453, 18.6711393 ], [ -70.4623591, 18.6710315 ], [ -70.4628522, 18.670528399999988 ], [ -70.4628901, 18.6695581 ], [ -70.462966, 18.6684082 ], [ -70.4631936, 18.6675098 ], [ -70.464407400000013, 18.6675098 ], [ -70.4666453, 18.6680489 ], [ -70.4705523, 18.6672583 ], [ -70.4718849, 18.6663771 ], [ -70.4723033, 18.666184 ], [ -70.4723731, 18.666029 ], [ -70.4723758, 18.6656478 ], [ -70.4723964, 18.665242 ], [ -70.4724374, 18.6649363 ], [ -70.4724669, 18.6645703 ], [ -70.4723972, 18.6641892 ], [ -70.4722175, 18.6639096 ], [ -70.4720378, 18.6636682 ], [ -70.4707934, 18.6626481 ], [ -70.4685078, 18.6617101 ], [ -70.4685936, 18.6607546 ], [ -70.4696451, 18.6588233 ], [ -70.4691841, 18.6576674 ], [ -70.467896700000011, 18.6574133 ], [ -70.4661904, 18.6578881 ], [ -70.4657827, 18.6568513 ], [ -70.465611, 18.6554689 ], [ -70.4641733, 18.6551029 ], [ -70.4606549, 18.6558377 ], [ -70.4593138, 18.6549229 ], [ -70.4593674, 18.6540081 ], [ -70.460547, 18.6508538 ], [ -70.4603273, 18.6499451 ], [ -70.4585092, 18.6492813 ], [ -70.4577045, 18.6488746 ], [ -70.4569593, 18.6482447 ], [ -70.4566875, 18.6480297 ], [ -70.457303400000015, 18.6471033 ], [ -70.4580253, 18.6464128 ], [ -70.4581083, 18.6461012 ], [ -70.4583941, 18.6458042 ], [ -70.4587891, 18.6452237 ], [ -70.458989, 18.6447255 ], [ -70.4591064, 18.6444084 ], [ -70.4589586, 18.6426666 ], [ -70.4589239, 18.6421972 ], [ -70.458876, 18.6419666 ], [ -70.4587674, 18.6416165 ], [ -70.4584762, 18.6410647 ], [ -70.4583111, 18.64083 ], [ -70.4577201, 18.6403771 ], [ -70.4571927, 18.6400787 ], [ -70.4569595, 18.6399447 ], [ -70.4562946, 18.6392035 ], [ -70.4559252, 18.6386846 ], [ -70.4557792, 18.6382516 ], [ -70.4556514, 18.6377704 ], [ -70.455621, 18.6374822 ], [ -70.4562077, 18.6364779 ], [ -70.4563728, 18.635975 ], [ -70.4564076, 18.6354355 ], [ -70.4563728, 18.6346243 ], [ -70.4561164, 18.6339118 ], [ -70.4561338, 18.633603 ], [ -70.4561121, 18.6332406 ], [ -70.456003400000014, 18.632034 ], [ -70.4558567, 18.630247 ], [ -70.454366, 18.6286605 ], [ -70.4500568, 18.6259155 ], [ -70.4450456, 18.6198238 ], [ -70.441827, 18.6173329 ], [ -70.4377501, 18.6166212 ], [ -70.4359263, 18.6165703 ], [ -70.4339415, 18.6165195 ], [ -70.4297573, 18.6148927 ], [ -70.4267136, 18.6136188 ], [ -70.425659, 18.613108 ], [ -70.4253113, 18.6134128 ], [ -70.4249549, 18.6138164 ], [ -70.4245377, 18.6138823 ], [ -70.4242075, 18.6137258 ], [ -70.4240858, 18.6133304 ], [ -70.4240858, 18.6127785 ], [ -70.4240423, 18.6123337 ], [ -70.4238772, 18.6114935 ], [ -70.4233991, 18.6095331 ], [ -70.4233644, 18.6086023 ], [ -70.4231992, 18.6079433 ], [ -70.4228776, 18.6074655 ], [ -70.422556, 18.6071525 ], [ -70.4221823, 18.6068724 ], [ -70.4207221, 18.6067324 ], [ -70.419992, 18.6063123 ], [ -70.4198008, 18.6057439 ], [ -70.419868, 18.6052608 ], [ -70.4199398, 18.6043682 ], [ -70.4200354, 18.6038328 ], [ -70.4194792, 18.6032973 ], [ -70.4193401, 18.6023747 ], [ -70.4190272, 18.6020535 ], [ -70.4186621, 18.6019299 ], [ -70.4182623, 18.6016416 ], [ -70.4180016, 18.6012215 ], [ -70.4176887, 18.6006778 ], [ -70.418271, 18.5997551 ], [ -70.4189055, 18.5984536 ], [ -70.4190533, 18.5979675 ], [ -70.4191402, 18.5977451 ], [ -70.4191923, 18.5974074 ], [ -70.4191836, 18.5971108 ], [ -70.4186013, 18.5969213 ], [ -70.4182797, 18.5968801 ], [ -70.4170368, 18.5967319 ], [ -70.4161763, 18.5972261 ], [ -70.4157156, 18.5977286 ], [ -70.414916, 18.5981241 ], [ -70.4145683, 18.5981653 ], [ -70.4142437, 18.5980652 ], [ -70.4136398, 18.598154 ], [ -70.4130112, 18.5983951 ], [ -70.412610700000016, 18.598289 ], [ -70.4126515, 18.5974647 ], [ -70.4130125, 18.5967648 ], [ -70.4135253, 18.5964024 ], [ -70.4139947, 18.5961717 ], [ -70.4144119, 18.5958834 ], [ -70.4147335, 18.5956939 ], [ -70.4149595, 18.5952408 ], [ -70.4151072, 18.59473 ], [ -70.4157591, 18.5943099 ], [ -70.4171063, 18.5944994 ], [ -70.4178538, 18.594903 ], [ -70.4185231, 18.5950513 ], [ -70.4189403, 18.5950513 ], [ -70.4191663, 18.5949689 ], [ -70.4192085, 18.5947615 ], [ -70.4192184, 18.5945818 ], [ -70.4192906, 18.5940281 ], [ -70.419036, 18.5934561 ], [ -70.418409, 18.5927908 ], [ -70.4177582, 18.5927035 ], [ -70.4171672, 18.592374 ], [ -70.4163501, 18.5921598 ], [ -70.4158026, 18.5921515 ], [ -70.4148552, 18.5921103 ], [ -70.4143858, 18.5922916 ], [ -70.414020800000017, 18.592514 ], [ -70.4136209, 18.5925305 ], [ -70.41315160000002, 18.592201 ], [ -70.4127778, 18.5917314 ], [ -70.4125573, 18.5911358 ], [ -70.412305, 18.5905586 ], [ -70.4117641, 18.5898392 ], [ -70.4116722, 18.5896368 ], [ -70.4116881, 18.5892518 ], [ -70.41179, 18.5890281 ], [ -70.4120641, 18.5888574 ], [ -70.4124525, 18.5887942 ], [ -70.4128445, 18.5887688 ], [ -70.4130533, 18.5887637 ], [ -70.4131982, 18.5887942 ], [ -70.4134367, 18.5889659 ], [ -70.4142728, 18.5892599 ], [ -70.414541200000016, 18.5893087 ], [ -70.4151333, 18.5895895 ], [ -70.4160546, 18.5892847 ], [ -70.4163304, 18.5889558 ], [ -70.416637, 18.5886338 ], [ -70.4169689, 18.588066 ], [ -70.4181553, 18.5873382 ], [ -70.4183753, 18.5870438 ], [ -70.4182395, 18.5868398 ], [ -70.4178962, 18.5867176 ], [ -70.4172349, 18.5863555 ], [ -70.416813300000015, 18.5855476 ], [ -70.416444, 18.585149 ], [ -70.4160675, 18.5851041 ], [ -70.4157617, 18.5852035 ], [ -70.4154776, 18.5858243 ], [ -70.4154288, 18.5861706 ], [ -70.4152202, 18.586393 ], [ -70.4146813, 18.5866484 ], [ -70.4143163, 18.5868296 ], [ -70.4140337, 18.5867457 ], [ -70.4138076, 18.5865239 ], [ -70.4135904, 18.5864324 ], [ -70.4132185, 18.586377 ], [ -70.4128856, 18.5862603 ], [ -70.4125692, 18.5860155 ], [ -70.4122216, 18.5857586 ], [ -70.4119087, 18.5852891 ], [ -70.4117261, 18.5848442 ], [ -70.4114828, 18.5844817 ], [ -70.41122470000002, 18.5843146 ], [ -70.4108688, 18.5842224 ], [ -70.4105006, 18.5842399 ], [ -70.4100931, 18.5846564 ], [ -70.4099994, 18.5852118 ], [ -70.4097676, 18.5858553 ], [ -70.4094472, 18.5861801 ], [ -70.4089059, 18.5862347 ], [ -70.4084309, 18.5859322 ], [ -70.4080053, 18.5855768 ], [ -70.4079062, 18.5850648 ], [ -70.4078356, 18.5839938 ], [ -70.4082842, 18.5829576 ], [ -70.4083798, 18.582455 ], [ -70.4088405, 18.5814005 ], [ -70.4096543, 18.5810223 ], [ -70.4103716, 18.5809293 ], [ -70.4109214, 18.5812405 ], [ -70.4114679, 18.5815977 ], [ -70.4135133, 18.5812619 ], [ -70.4147407, 18.5812712 ], [ -70.4152737, 18.5814385 ], [ -70.4156285, 18.5813195 ], [ -70.4159849, 18.5811877 ], [ -70.4163344, 18.5808167 ], [ -70.4166109, 18.5805684 ], [ -70.4166022, 18.5801317 ], [ -70.4160752, 18.5795999 ], [ -70.4146726, 18.5791348 ], [ -70.4126868, 18.5790309 ], [ -70.4101547, 18.5793076 ], [ -70.4076517, 18.5801671 ], [ -70.4064401, 18.5799829 ], [ -70.4053715, 18.5793667 ], [ -70.4045856, 18.5784265 ], [ -70.4044506, 18.5775081 ], [ -70.4043069, 18.5753661 ], [ -70.4035757, 18.5735187 ], [ -70.4028193, 18.5732327 ], [ -70.4003368, 18.574396 ], [ -70.3989707, 18.5744434 ], [ -70.3984594, 18.5740128 ], [ -70.3982987, 18.5729444 ], [ -70.3990368, 18.5719314 ], [ -70.4002196, 18.5708241 ], [ -70.4002817, 18.5701352 ], [ -70.3986806, 18.5676709 ], [ -70.3980568, 18.5658539 ], [ -70.3977206, 18.5649286 ], [ -70.3972846, 18.5646917 ], [ -70.3967045, 18.5647157 ], [ -70.3955654, 18.5649366 ], [ -70.3952038, 18.5646979 ], [ -70.395112, 18.5641781 ], [ -70.395349400000015, 18.5632797 ], [ -70.3951974, 18.562386 ], [ -70.3945112, 18.5622415 ], [ -70.3898643, 18.5652113 ], [ -70.3885217, 18.5654972 ], [ -70.3874821, 18.5649895 ], [ -70.3870328, 18.563894 ], [ -70.386189, 18.5627591 ], [ -70.3853273, 18.5623779 ], [ -70.3825199, 18.561689 ], [ -70.38212, 18.5612887 ], [ -70.3819527, 18.5606597 ], [ -70.3822295, 18.5566589 ], [ -70.3818966, 18.5546143 ], [ -70.380769, 18.551754 ], [ -70.3802548, 18.550169 ], [ -70.3797197, 18.5488895 ], [ -70.3780952, 18.5473193 ], [ -70.3776911, 18.547022 ] ] ] } },
{ "type": "Feature", "properties": { "osm_id": "way/394900164", "name": "Río Banilejo", "waterway": "river", "relation": null }, "geometry": { "type": "MultiLineString", "coordinates": [ [ [ -70.3826807, 18.7341867 ], [ -70.3844572, 18.7335385 ], [ -70.3852329, 18.7330625 ], [ -70.3864914, 18.7325549 ], [ -70.3874559, 18.7318676 ], [ -70.3891811, 18.7317944 ], [ -70.3903828, 18.7320464 ], [ -70.3921337, 18.7324528 ], [ -70.392903, 18.7322217 ], [ -70.3935639, 18.7316689 ], [ -70.3942677, 18.7310593 ], [ -70.3950745, 18.7302465 ], [ -70.3961248, 18.7296729 ], [ -70.3968855, 18.7296449 ], [ -70.3973436, 18.7293071 ], [ -70.3982878, 18.729112 ], [ -70.3995152, 18.7286487 ], [ -70.4003102, 18.7285638 ], [ -70.40080260000002, 18.728161 ], [ -70.4013176, 18.7276732 ], [ -70.4017897, 18.7284536 ], [ -70.4025536, 18.7291852 ], [ -70.4037123, 18.7291648 ], [ -70.4042455, 18.7288687 ], [ -70.4050169, 18.7287869 ], [ -70.405202500000016, 18.7286939 ], [ -70.4053774, 18.7280837 ], [ -70.406137, 18.727405 ], [ -70.4069953, 18.727722 ], [ -70.4077817, 18.7280436 ], [ -70.4081068, 18.7279334 ], [ -70.4082012, 18.7280065 ], [ -70.4082012, 18.7286812 ], [ -70.4081926, 18.7293559 ], [ -70.4084501, 18.7299574 ], [ -70.408948, 18.7304044 ], [ -70.4095402, 18.7306889 ], [ -70.4099833, 18.7308339 ], [ -70.410411, 18.7307177 ], [ -70.4110165, 18.7301281 ], [ -70.4114714, 18.7297623 ], [ -70.4115915, 18.7296079 ], [ -70.4114885, 18.7286162 ], [ -70.411274, 18.7278033 ], [ -70.4115143, 18.7273075 ], [ -70.4119005, 18.7271937 ], [ -70.4123383, 18.7272819 ], [ -70.4129305, 18.7272018 ], [ -70.4136429, 18.7266816 ], [ -70.4142952, 18.726267 ], [ -70.4147673, 18.7262345 ], [ -70.4151793, 18.7263076 ], [ -70.4157028, 18.7259012 ], [ -70.4164238, 18.7252915 ], [ -70.4172134, 18.7245767 ], [ -70.4179001, 18.7241378 ], [ -70.4183807, 18.7232436 ], [ -70.4187756, 18.7227396 ], [ -70.4195309, 18.7225282 ], [ -70.4207497, 18.7225445 ], [ -70.4209042, 18.7222193 ], [ -70.4210758, 18.7212439 ], [ -70.4216595, 18.7208049 ], [ -70.4222775, 18.7206749 ], [ -70.4225349, 18.7203009 ], [ -70.422432, 18.7200896 ], [ -70.4222603, 18.7196506 ], [ -70.4223515, 18.7194677 ], [ -70.4226723, 18.719358 ], [ -70.4227753, 18.7190816 ], [ -70.4223515, 18.718541 ], [ -70.4223461, 18.7181711 ], [ -70.422432, 18.717537 ], [ -70.4222603, 18.7167566 ], [ -70.4222603, 18.7165128 ], [ -70.4225178, 18.7164315 ], [ -70.422712, 18.7164599 ], [ -70.4229469, 18.7158299 ], [ -70.4231014, 18.715456 ], [ -70.4233074, 18.7150983 ], [ -70.4233589, 18.714984 ], [ -70.4231873, 18.7148539 ], [ -70.4231358, 18.7146751 ], [ -70.4240885, 18.7143255 ], [ -70.4242945, 18.7143092 ], [ -70.4243374, 18.7144312 ], [ -70.4243031, 18.7146263 ], [ -70.4244747, 18.714732 ], [ -70.4247065, 18.7147807 ], [ -70.4248524, 18.7146263 ], [ -70.4249468, 18.7145531 ], [ -70.4250069, 18.7144068 ], [ -70.4250841, 18.7142686 ], [ -70.4253759, 18.7138377 ], [ -70.4255304, 18.7137564 ], [ -70.42600250000001, 18.7140654 ], [ -70.42626, 18.7140654 ], [ -70.4263544, 18.713919 ], [ -70.4263458, 18.7137808 ], [ -70.42626, 18.7134638 ], [ -70.4259338, 18.713098 ], [ -70.4258308, 18.7127891 ], [ -70.4259253, 18.7126996 ], [ -70.4262224, 18.7127611 ], [ -70.426363, 18.712724 ], [ -70.426363, 18.7126021 ], [ -70.4263802, 18.7122363 ], [ -70.4264488, 18.7119761 ], [ -70.4264059, 18.7115859 ], [ -70.4264317, 18.7113583 ], [ -70.4265175, 18.7111307 ], [ -70.4266892, 18.7110412 ], [ -70.426981, 18.7110331 ], [ -70.4272556, 18.7111957 ], [ -70.4274187, 18.7112363 ], [ -70.427556, 18.7109193 ], [ -70.4280539, 18.7103827 ], [ -70.4283972, 18.7101551 ], [ -70.4287062, 18.7099356 ], [ -70.4290495, 18.7097405 ], [ -70.4294272, 18.7094722 ], [ -70.4294958, 18.7092284 ], [ -70.4296246, 18.7091227 ], [ -70.4295902, 18.7089438 ], [ -70.4294872, 18.7088056 ], [ -70.4298048, 18.7082284 ], [ -70.4298992, 18.7079927 ], [ -70.4301567, 18.7078626 ], [ -70.4303541, 18.7076268 ], [ -70.4304142, 18.7074886 ], [ -70.4304056, 18.7072366 ], [ -70.4305258, 18.7070903 ], [ -70.4307146, 18.7070334 ], [ -70.4309549, 18.7072529 ], [ -70.4316588, 18.7076024 ], [ -70.4318905, 18.7076024 ], [ -70.4319892, 18.7074846 ], [ -70.4323154, 18.7073301 ], [ -70.4325095, 18.7071883 ], [ -70.4325471, 18.706948 ], [ -70.4328142, 18.7068022 ], [ -70.4334494, 18.7063754 ], [ -70.4336844, 18.7062732 ], [ -70.4341135, 18.7062245 ], [ -70.4345169, 18.7061513 ], [ -70.4347315, 18.7060781 ], [ -70.434795900000012, 18.7058668 ], [ -70.4348656, 18.7055624 ], [ -70.4349246, 18.7054603 ], [ -70.4352593, 18.7052489 ], [ -70.4353108, 18.705192 ], [ -70.4354224, 18.7049034 ], [ -70.4356155, 18.704566 ], [ -70.4356027, 18.7043953 ], [ -70.4355898, 18.7042246 ], [ -70.4354235, 18.7041153 ], [ -70.4350147, 18.7038912 ], [ -70.4347369, 18.703656 ], [ -70.4348002, 18.7035295 ], [ -70.4349461, 18.703123 ], [ -70.4352121, 18.703001 ], [ -70.4358044, 18.7031392 ], [ -70.4362335, 18.7031717 ], [ -70.436594, 18.7030173 ], [ -70.4368, 18.7026758 ], [ -70.4369202, 18.702375 ], [ -70.4371948, 18.70231 ], [ -70.4375382, 18.7018222 ], [ -70.4376669, 18.7019523 ], [ -70.438036, 18.7022449 ], [ -70.438714, 18.7023506 ], [ -70.4390574, 18.7023262 ], [ -70.4393234, 18.702123 ], [ -70.4396582, 18.7017002 ], [ -70.43995, 18.701432 ], [ -70.4402161, 18.7011068 ], [ -70.4404306, 18.7007165 ], [ -70.4406366, 18.7005621 ], [ -70.44098, 18.7007165 ], [ -70.441761, 18.7012938 ], [ -70.4420528, 18.701497 ], [ -70.4421129, 18.7009442 ], [ -70.4421129, 18.7006027 ], [ -70.4420958, 18.7003588 ], [ -70.4417954, 18.7002531 ], [ -70.4417095, 18.7001068 ], [ -70.4418125, 18.6999035 ], [ -70.4421129, 18.699806 ], [ -70.4422417, 18.6994401 ], [ -70.4423018, 18.6991962 ], [ -70.4422245, 18.698993 ], [ -70.4419756, 18.6985458 ], [ -70.4421043, 18.6985052 ], [ -70.44256780000002, 18.6986434 ], [ -70.4428425, 18.6990905 ], [ -70.4431858, 18.6994645 ], [ -70.4438692, 18.6999488 ], [ -70.4444786, 18.6996642 ], [ -70.4445387, 18.6992902 ], [ -70.444547300000011, 18.698965 ], [ -70.4444561, 18.6983832 ], [ -70.444842300000019, 18.697432 ], [ -70.4452286, 18.697245 ], [ -70.4458948, 18.6967536 ], [ -70.4461094, 18.6961683 ], [ -70.4461094, 18.6957211 ], [ -70.4458466, 18.6943669 ], [ -70.4458466, 18.6937734 ], [ -70.4458423, 18.6933872 ], [ -70.4457178, 18.6930092 ], [ -70.445632, 18.6925661 ], [ -70.445662, 18.6920295 ], [ -70.4459152, 18.6917246 ], [ -70.4460998, 18.6912774 ], [ -70.4463658, 18.6907896 ], [ -70.4468422, 18.6898343 ], [ -70.4468937, 18.6888545 ], [ -70.4469881, 18.6882285 ], [ -70.4473229, 18.6876837 ], [ -70.4474344, 18.6859519 ], [ -70.4475889, 18.6850982 ], [ -70.4475546, 18.6846429 ], [ -70.4473743, 18.6843258 ], [ -70.4471769, 18.6839924 ], [ -70.4469624, 18.6838542 ], [ -70.4464731, 18.6838542 ], [ -70.4463015, 18.6834233 ], [ -70.446147, 18.6828948 ], [ -70.4460011, 18.6825695 ], [ -70.4459324, 18.682228 ], [ -70.4461212, 18.6818052 ], [ -70.4466362, 18.6814719 ], [ -70.446945200000016, 18.6812198 ], [ -70.4472027, 18.6810979 ], [ -70.4476318, 18.6811141 ], [ -70.447855, 18.6806669 ], [ -70.4484043, 18.680236 ], [ -70.448576, 18.6799107 ], [ -70.448885, 18.6796668 ], [ -70.4489365, 18.6793416 ], [ -70.449091, 18.6790733 ], [ -70.4495201, 18.6790001 ], [ -70.4495544, 18.6791952 ], [ -70.4494944, 18.6794229 ], [ -70.449242200000015, 18.6796145 ], [ -70.4493399, 18.6797806 ], [ -70.4497089, 18.679992 ], [ -70.4502068, 18.680114 ], [ -70.4504299, 18.6799839 ], [ -70.4506273, 18.6797644 ], [ -70.4505158, 18.6793578 ], [ -70.4504643, 18.6790163 ], [ -70.4505243, 18.6789188 ], [ -70.4512711, 18.6783821 ], [ -70.4515886, 18.6783252 ], [ -70.4518547, 18.6785529 ], [ -70.452404, 18.6792359 ], [ -70.4526787, 18.679927 ], [ -70.4532709, 18.6804149 ], [ -70.4536657, 18.680423 ], [ -70.4546055, 18.6800876 ] ] ] } },
{ "type": "Feature", "properties": { "osm_id": "way/394900165", "waterway": "stream", "relation": null }, "geometry": { "type": "MultiLineString", "coordinates": [ [ [ -70.4123297, 18.7303313 ], [ -70.4123211, 18.7296729 ], [ -70.4122009, 18.7288275 ], [ -70.4121924, 18.7283723 ], [ -70.4118975, 18.7280997 ], [ -70.411782, 18.7278343 ], [ -70.4117859, 18.7273754 ], [ -70.4119005, 18.7271937 ] ] ] } },
{ "type": "Feature", "properties": { "osm_id": "way/394902551", "waterway": "stream", "relation": null }, "geometry": { "type": "MultiLineString", "coordinates": [ [ [ -70.4064331, 18.7067488 ], [ -70.4067764, 18.706887 ], [ -70.407197, 18.7072285 ], [ -70.4073772, 18.7072285 ], [ -70.4075146, 18.7069846 ], [ -70.4071198, 18.7067407 ], [ -70.40699960000002, 18.7065131 ], [ -70.4071541, 18.706131 ], [ -70.4075629, 18.7057778 ], [ -70.4078118, 18.7055177 ], [ -70.4081723, 18.7053795 ], [ -70.408596, 18.7050172 ], [ -70.4093685, 18.7048058 ], [ -70.4097074, 18.7046052 ], [ -70.4099865, 18.70444 ], [ -70.4102697, 18.704431899999989 ], [ -70.4105787, 18.7043831 ], [ -70.4110594, 18.7043018 ], [ -70.411399500000016, 18.7041438 ], [ -70.4116141, 18.7041112 ], [ -70.4118748, 18.7041798 ], [ -70.4121494, 18.7043831 ], [ -70.41245840000002, 18.7044237 ], [ -70.4127642, 18.7042982 ], [ -70.4130592, 18.7040254 ], [ -70.413291, 18.7039766 ], [ -70.4135656, 18.7039603 ], [ -70.4137888, 18.7040172 ], [ -70.4138489, 18.7042368 ], [ -70.4138746, 18.7045132 ], [ -70.4141235, 18.7048709 ], [ -70.4145355, 18.7050172 ], [ -70.4146986, 18.7049522 ], [ -70.4146814, 18.7046676 ], [ -70.4145355, 18.7044888 ], [ -70.4147072, 18.7042611 ], [ -70.4150677, 18.7041961 ], [ -70.415308, 18.7042449 ], [ -70.4154968, 18.7043424 ], [ -70.4157114, 18.7045132 ], [ -70.4161749, 18.7048709 ], [ -70.4163895, 18.7049359 ], [ -70.4165697, 18.7052205 ], [ -70.416913, 18.7056595 ], [ -70.4173679, 18.7060903 ], [ -70.4177799, 18.7064155 ], [ -70.4182348, 18.7065375 ], [ -70.41858670000002, 18.7063098 ], [ -70.4192562, 18.7060659 ], [ -70.4198281, 18.7060624 ], [ -70.4201231, 18.705822 ], [ -70.4204836, 18.7057814 ], [ -70.4208956, 18.7059033 ], [ -70.4212046, 18.7060903 ], [ -70.4217056, 18.7062799 ], [ -70.4221246, 18.7063121 ], [ -70.4224484, 18.7064967 ], [ -70.4224239, 18.7067582 ], [ -70.4225006, 18.7071391 ], [ -70.4227206, 18.7076883 ], [ -70.42305850000001, 18.7084073 ], [ -70.4231615, 18.7086268 ], [ -70.4234018, 18.7087894 ], [ -70.4235048, 18.7089682 ], [ -70.4238052, 18.7090414 ], [ -70.4240885, 18.7090739 ], [ -70.4252558, 18.7085292 ], [ -70.4255476, 18.7085536 ], [ -70.4259939, 18.70883 ], [ -70.4262857, 18.7088137 ], [ -70.426569, 18.7089276 ], [ -70.4270926, 18.7093747 ], [ -70.4275646, 18.7093584 ], [ -70.4280968, 18.7092365 ], [ -70.4285946, 18.7092527 ], [ -70.4286375, 18.7093747 ], [ -70.4290581, 18.7092446 ], [ -70.429332700000018, 18.7091958 ], [ -70.4294958, 18.7092284 ] ] ] } },
{ "type": "Feature", "properties": { "osm_id": "way/394902552", "waterway": "stream", "relation": null }, "geometry": { "type": "MultiLineString", "coordinates": [ [ [ -70.4097074, 18.7046052 ], [ -70.4093685, 18.7045457 ], [ -70.4090813, 18.7047195 ], [ -70.408885900000016, 18.704723 ], [ -70.408802, 18.7047245 ], [ -70.4083815, 18.7045782 ], [ -70.4080296, 18.7041961 ], [ -70.408021, 18.7041148 ], [ -70.4075575, 18.7036677 ], [ -70.4073429, 18.7032043 ], [ -70.4068451, 18.7030173 ], [ -70.4063129, 18.7029441 ], [ -70.4059696, 18.7027815 ], [ -70.4056263, 18.7028384 ], [ -70.4051027, 18.7025945 ], [ -70.4046993, 18.7024238 ], [ -70.4042101, 18.7022449 ], [ -70.4035888, 18.7018804 ], [ -70.4028743, 18.7016293 ] ] ] } },
{ "type": "Feature", "properties": { "osm_id": "way/563847715", "waterway": "stream", "relation": null }, "geometry": { "type": "MultiLineString", "coordinates": [ [ [ -70.3859362, 18.6721288 ], [ -70.3860328, 18.6720793 ], [ -70.3861025, 18.6720208 ], [ -70.3861454, 18.6719649 ], [ -70.38614410000001, 18.671909 ], [ -70.3860864, 18.6718442 ], [ -70.3860234, 18.6717134 ], [ -70.3859523, 18.671491 ], [ -70.3858557, 18.6713043 ], [ -70.3857055, 18.6711162 ], [ -70.3856304, 18.6709587 ], [ -70.3854963, 18.6707427 ], [ -70.3853542, 18.6705902 ], [ -70.3848794, 18.6702141 ], [ -70.3846729, 18.6699931 ], [ -70.3845468, 18.6698609 ], [ -70.3843913, 18.6697263 ], [ -70.3843108, 18.6696272 ], [ -70.384241, 18.6695052 ], [ -70.3842115, 18.6693654 ], [ -70.3842276, 18.6692409 ], [ -70.3842598, 18.6691545 ], [ -70.384292, 18.6691037 ], [ -70.3843671, 18.6690808 ], [ -70.3844261, 18.6691088 ], [ -70.3844878, 18.6691748 ], [ -70.3845763, 18.6692765 ], [ -70.3846622, 18.6693654 ], [ -70.3848177, 18.6694366 ], [ -70.3850001, 18.6694544 ], [ -70.385145, 18.6694188 ], [ -70.3852254, 18.6694112 ], [ -70.3854454, 18.6694594 ], [ -70.3856385, 18.669523 ], [ -70.3857619, 18.6695458 ], [ -70.3858638, 18.6695535 ], [ -70.3859469, 18.6695255 ], [ -70.3860059, 18.6694569 ], [ -70.3860462, 18.6692511 ], [ -70.3860462, 18.6690935 ], [ -70.3860408, 18.6689893 ], [ -70.3859872, 18.6688928 ], [ -70.3858182, 18.668814 ], [ -70.3856412, 18.6687479 ], [ -70.3854963, 18.6687276 ], [ -70.3852683, 18.6687429 ], [ -70.3850162, 18.6687479 ], [ -70.3848499, 18.6687124 ], [ -70.3847238, 18.6686615 ], [ -70.3845549, 18.6686006 ], [ -70.3843778, 18.6685447 ], [ -70.3842652, 18.6684862 ], [ -70.3841364, 18.6683871 ], [ -70.3840828, 18.6683134 ], [ -70.3840345, 18.6681305 ], [ -70.3840104, 18.6680644 ], [ -70.3839541, 18.6680237 ], [ -70.3839085, 18.6679627 ], [ -70.3838655, 18.6678611 ], [ -70.383828, 18.6678077 ], [ -70.3837207, 18.6677417 ], [ -70.3836536, 18.6676781 ], [ -70.3836215, 18.6675917 ], [ -70.383583900000019, 18.6675181 ], [ -70.3834713, 18.6674469 ], [ -70.3833962, 18.6673681 ], [ -70.383321, 18.6672614 ], [ -70.3832352, 18.6671801 ], [ -70.3831413, 18.6670632 ], [ -70.3830314, 18.6669717 ], [ -70.3828248, 18.6668269 ], [ -70.3826827, 18.6667862 ], [ -70.3824145, 18.6667888 ], [ -70.3822428, 18.6667786 ], [ -70.3821194, 18.6667633 ], [ -70.3819612, 18.6666947 ], [ -70.3817895, 18.6666007 ], [ -70.3816608, 18.6664559 ], [ -70.3815776, 18.6663009 ], [ -70.3815535, 18.6660899 ], [ -70.3815293, 18.6655995 ], [ -70.3814971, 18.6652844 ], [ -70.3814194, 18.6649922 ], [ -70.381355, 18.6648448 ], [ -70.3813201, 18.6647203 ], [ -70.3813469, 18.6646466 ], [ -70.3814301, 18.6645526 ], [ -70.3816903, 18.6644026 ], [ -70.3819746, 18.6642578 ], [ -70.3820577, 18.6641739 ], [ -70.3821248, 18.6640469 ], [ -70.3821194, 18.6639579 ], [ -70.3820792, 18.663869 ], [ -70.3820255, 18.6638004 ], [ -70.3819156, 18.6637368 ], [ -70.3817815, 18.6636962 ], [ -70.3816608, 18.663686 ], [ -70.3814301, 18.6637165 ], [ -70.3812557, 18.6637267 ], [ -70.3810895, 18.6636886 ], [ -70.380856100000017, 18.6635996 ], [ -70.3804296, 18.6634421 ], [ -70.3802338, 18.6633913 ], [ -70.3799227, 18.6633582 ], [ -70.3797483, 18.6633608 ], [ -70.3796384, 18.6633379 ], [ -70.379574, 18.6632947 ], [ -70.3795204, 18.6631956 ], [ -70.3794506, 18.663099 ], [ -70.3793594, 18.6630177 ], [ -70.3792629, 18.6629796 ], [ -70.3791744, 18.662977 ], [ -70.3790912, 18.663005 ], [ -70.3790215, 18.663038 ], [ -70.3789437, 18.6630685 ], [ -70.378823, 18.6630889 ], [ -70.3787023, 18.6631143 ], [ -70.3784743, 18.6631803 ], [ -70.3783536, 18.6632057 ], [ -70.3782195, 18.663193 ], [ -70.3780746, 18.6631473 ], [ -70.3779191, 18.6631244 ], [ -70.3776991, 18.6630889 ], [ -70.3776133, 18.6630584 ], [ -70.3775194, 18.6629974 ], [ -70.3774121, 18.6628856 ], [ -70.3772888, 18.662756 ], [ -70.3771788, 18.6626416 ], [ -70.3770608, 18.6625196 ], [ -70.3770018, 18.6624205 ], [ -70.3769347, 18.662263 ], [ -70.3768945, 18.6620851 ], [ -70.3768918, 18.6618767 ], [ -70.3769293, 18.661681 ], [ -70.3769749, 18.6615082 ], [ -70.3769642, 18.6613202 ], [ -70.3769052, 18.6610407 ], [ -70.3768194, 18.6607459 ], [ -70.3767738, 18.6605858 ], [ -70.3766987, 18.6604638 ], [ -70.376637, 18.660413 ], [ -70.3765565, 18.6603774 ], [ -70.3764465, 18.6603799 ], [ -70.3763285, 18.6604206 ], [ -70.3759959, 18.6606112 ], [ -70.3756231, 18.6608374 ], [ -70.3753334, 18.661 ], [ -70.3750491, 18.6610712 ], [ -70.3748024, 18.6610712 ], [ -70.3745341, 18.6609898 ], [ -70.3743732, 18.6608679 ], [ -70.3742337, 18.6607586 ], [ -70.3740835, 18.6606214 ], [ -70.3740218, 18.6604791 ], [ -70.3739977, 18.660352 ], [ -70.3742895, 18.6596613 ] ] ] } },
{ "type": "Feature", "properties": { "osm_id": "way/673748638", "waterway": "stream", "relation": null }, "geometry": { "type": "MultiLineString", "coordinates": [ [ [ -70.4662764, 18.7671686 ], [ -70.466308600000019, 18.7659953 ], [ -70.4662174, 18.7656854 ], [ -70.4659599, 18.7653299 ], [ -70.4655361, 18.7649083 ], [ -70.4648602, 18.7643039 ], [ -70.4645276, 18.7640702 ], [ -70.4639804, 18.7638467 ], [ -70.4635245, 18.7638061 ], [ -70.4633528, 18.7638518 ], [ -70.4633045, 18.7640296 ], [ -70.4632133, 18.7642328 ], [ -70.4625964, 18.7644918 ], [ -70.4622638, 18.7644918 ], [ -70.4617167, 18.7641769 ], [ -70.4611588, 18.7638417 ], [ -70.4608476, 18.7636994 ], [ -70.4606867, 18.763862 ], [ -70.4607725, 18.7644613 ], [ -70.4607189, 18.7651927 ], [ -70.4604185, 18.7665997 ], [ -70.4602683, 18.7669451 ], [ -70.4602307, 18.767194 ], [ -70.4603273, 18.7675038 ], [ -70.4603273, 18.7676308 ], [ -70.4601824, 18.7679 ], [ -70.4600376, 18.7679711 ], [ -70.459823, 18.7680168 ], [ -70.4590666, 18.7680422 ], [ -70.4585517, 18.7681641 ], [ -70.4581225, 18.7683825 ], [ -70.4580206, 18.7685755 ], [ -70.458042, 18.7687228 ], [ -70.4580098, 18.7688345 ], [ -70.4577309, 18.7690631 ], [ -70.4570979, 18.7698707 ], [ -70.4568994, 18.770597 ], [ -70.4568189, 18.7708408 ], [ -70.4565293, 18.7709475 ], [ -70.456202, 18.7709221 ], [ -70.455907, 18.7710338 ], [ -70.4556602, 18.771303 ], [ -70.455451, 18.7717753 ], [ -70.4551238, 18.7725778 ], [ -70.455156, 18.7730299 ], [ -70.4553384, 18.7736343 ], [ -70.4555261, 18.7745942 ], [ -70.45541350000002, 18.7752189 ], [ -70.4551841, 18.7759836 ] ] ] } },
{ "type": "Feature", "properties": { "osm_id": "way/674847486", "waterway": "stream", "relation": null }, "geometry": { "type": "MultiLineString", "coordinates": [ [ [ -70.5261219, 18.7744368 ], [ -70.5261326, 18.7736038 ], [ -70.5260736, 18.7733956 ], [ -70.5257678, 18.7732381 ], [ -70.5253708, 18.7732838 ], [ -70.5249417, 18.7735581 ], [ -70.5248344, 18.7735733 ], [ -70.5247432, 18.7735378 ], [ -70.5247539, 18.7733549 ], [ -70.524872, 18.7729283 ], [ -70.5251133, 18.7725931 ], [ -70.5251455, 18.7724102 ], [ -70.5250382, 18.7721817 ], [ -70.5247271, 18.7720496 ], [ -70.524475, 18.771943 ], [ -70.5243731, 18.7718465 ], [ -70.5243141, 18.7715925 ], [ -70.5243033, 18.7709373 ], [ -70.5244482, 18.7695609 ], [ -70.5243838, 18.7690377 ], [ -70.5243409, 18.7685806 ], [ -70.5244213, 18.7683876 ], [ -70.5246627, 18.768225 ], [ -70.5249631, 18.768032 ], [ -70.525049, 18.7678949 ], [ -70.5250651, 18.7677273 ], [ -70.5250329, 18.767514 ], [ -70.5248773, 18.7672701 ], [ -70.5243409, 18.7669756 ], [ -70.52412630000002, 18.7667775 ], [ -70.5239707, 18.7665946 ], [ -70.5239278, 18.7664473 ], [ -70.5239117, 18.7662238 ], [ -70.5240405, 18.7660308 ], [ -70.5243409, 18.7659699 ], [ -70.5246681, 18.7659953 ], [ -70.5249578, 18.7659699 ], [ -70.525226, 18.7658886 ], [ -70.525386900000015, 18.7656905 ], [ -70.5254728, 18.7654467 ], [ -70.5254406, 18.7651877 ], [ -70.5253172, 18.7648956 ], [ -70.5252019, 18.7647077 ], [ -70.525188400000019, 18.764535 ], [ -70.525188400000019, 18.764342 ], [ -70.5251616, 18.7641769 ], [ -70.5250919, 18.7641261 ], [ -70.5249551, 18.7640804 ], [ -70.524424, 18.7639788 ], [ -70.5238581, 18.7639762 ], [ -70.523673, 18.7639991 ], [ -70.52354960000001, 18.763994 ], [ -70.5234477, 18.7639331 ], [ -70.5234048, 18.7638848 ], [ -70.5232707, 18.7635394 ], [ -70.5231097, 18.7630213 ], [ -70.5230373, 18.762869 ], [ -70.5229434, 18.7627394 ], [ -70.522863, 18.7627013 ], [ -70.5227047, 18.7627191 ], [ -70.5224311, 18.7629807 ], [ -70.52223, 18.7630417 ], [ -70.5220985, 18.7630417 ], [ -70.5220127, 18.7629553 ], [ -70.5219805, 18.7628283 ], [ -70.5219939, 18.7625896 ], [ -70.5221066, 18.7622645 ], [ -70.5220959, 18.7619978 ], [ -70.5220369, 18.7618023 ], [ -70.5217364, 18.7615382 ], [ -70.521605, 18.7614975 ], [ -70.5214763, 18.7614747 ], [ -70.5212389, 18.7613934 ], [ -70.5211477, 18.7613134 ], [ -70.5211048, 18.7612588 ], [ -70.5211303, 18.7611496 ], [ -70.5212188, 18.7610099 ], [ -70.5213046, 18.760921 ], [ -70.5213717, 18.7607661 ], [ -70.5213609, 18.7606036 ], [ -70.5212027, 18.7601972 ], [ -70.5210605, 18.7598289 ], [ -70.5209962, 18.7597654 ], [ -70.5209291, 18.7597223 ], [ -70.5206743, 18.7598061 ], [ -70.5204785, 18.7598086 ], [ -70.5201566, 18.7597578 ], [ -70.5200359, 18.7597528 ], [ -70.519926, 18.7598086 ], [ -70.5198348, 18.7599178 ], [ -70.5197811, 18.7602124 ], [ -70.5197436, 18.7602912 ], [ -70.5196872, 18.7602937 ], [ -70.5196229, 18.7602404 ], [ -70.5195799, 18.7600397 ], [ -70.5195451, 18.7598569 ], [ -70.5195504, 18.7596232 ], [ -70.5197918, 18.75926 ], [ -70.5199528, 18.7589908 ], [ -70.5199796, 18.758747 ], [ -70.5199045, 18.7584575 ], [ -70.5194834, 18.7574264 ], [ -70.5194271, 18.7572511 ], [ -70.5193198, 18.7571546 ], [ -70.5191052, 18.7571673 ], [ -70.5188745, 18.7574213 ], [ -70.5187082, 18.7576803 ], [ -70.5185098, 18.7578124 ], [ -70.5182818, 18.7579521 ], [ -70.5177936, 18.7581172 ], [ -70.5176836, 18.7581248 ], [ -70.5175683, 18.7580816 ], [ -70.5175066, 18.7579876 ], [ -70.5174798, 18.7577718 ], [ -70.5174905, 18.7575 ], [ -70.51752, 18.7573121 ], [ -70.5174449, 18.7570936 ], [ -70.5172384, 18.756893 ], [ -70.5170077, 18.7566644 ], [ -70.5166537, 18.7561666 ], [ -70.5164123, 18.7558314 ], [ -70.5162889, 18.7555393 ], [ -70.5162111, 18.7553158 ], [ -70.5161628, 18.7551482 ], [ -70.5160877, 18.7550161 ], [ -70.5158275, 18.7547926 ], [ -70.5154118, 18.7545793 ], [ -70.5153045, 18.7544548 ], [ -70.5152267, 18.7543202 ], [ -70.515216, 18.7541145 ], [ -70.5152723, 18.7539773 ], [ -70.5155486, 18.753764 ], [ -70.515731, 18.7536878 ], [ -70.5159831, 18.7535506 ], [ -70.5160904, 18.7535075 ], [ -70.5162889, 18.7535024 ], [ -70.5164552, 18.7535329 ], [ -70.5166, 18.7535278 ], [ -70.5168253, 18.7534389 ], [ -70.5169058, 18.753317 ], [ -70.5169487, 18.7531976 ], [ -70.5169353, 18.7530147 ], [ -70.5168709, 18.752837 ], [ -70.5167502, 18.7526871 ], [ -70.5165651, 18.7526414 ], [ -70.5163372, 18.7526414 ], [ -70.5160904, 18.7526439 ], [ -70.5159804, 18.7526058 ], [ -70.5158785, 18.7525246 ], [ -70.5158517, 18.7523849 ], [ -70.5160046, 18.7520674 ], [ -70.516114500000015, 18.7518744 ], [ -70.516136, 18.7517753 ], [ -70.5160153, 18.7515899 ], [ -70.5157927, 18.7514502 ], [ -70.5154574, 18.751275 ], [ -70.515334, 18.7510769 ], [ -70.5152535, 18.7507619 ], [ -70.5151892, 18.7501371 ], [ -70.5151409, 18.7499441 ], [ -70.5150765, 18.7498425 ], [ -70.5148083, 18.7496647 ], [ -70.513671, 18.7492482 ], [ -70.5135047, 18.7492075 ], [ -70.5134404, 18.7490043 ], [ -70.513553, 18.7486894 ], [ -70.5139822, 18.7481458 ], [ -70.5140036, 18.748029 ], [ -70.5139285, 18.7478665 ], [ -70.5137515, 18.7476328 ], [ -70.5135584, 18.7473686 ], [ -70.5133921, 18.747074 ], [ -70.5133063, 18.7467591 ], [ -70.5133438, 18.7465 ], [ -70.5133277, 18.7462155 ], [ -70.5132097, 18.7460123 ], [ -70.5129415, 18.7458447 ], [ -70.512818100000018, 18.7457583 ], [ -70.512694700000011, 18.7456009 ], [ -70.5126196, 18.7453164 ], [ -70.512579400000021, 18.7451081 ], [ -70.512579400000021, 18.744943 ], [ -70.5125847, 18.7447805 ], [ -70.5126679, 18.7446154 ], [ -70.5128288, 18.7444985 ], [ -70.5128691, 18.7444045 ], [ -70.5128449, 18.7443131 ], [ -70.5127913, 18.7441683 ], [ -70.5126035, 18.7439956 ], [ -70.512405, 18.7439245 ], [ -70.5121422, 18.7439296 ], [ -70.5119652, 18.7438483 ], [ -70.5118203, 18.7435994 ], [ -70.5118257, 18.7433047 ], [ -70.5118793, 18.7429695 ], [ -70.5118632, 18.7427917 ], [ -70.5117506, 18.7427104 ], [ -70.511182, 18.7426342 ], [ -70.5108333, 18.7426215 ], [ -70.5103746, 18.7425961 ], [ -70.5099213, 18.7426164 ], [ -70.5096209, 18.7426469 ], [ -70.5093956, 18.7426266 ], [ -70.5092642, 18.7425605 ], [ -70.5091971, 18.7424361 ], [ -70.5091408, 18.7423802 ], [ -70.5090147, 18.7423802 ], [ -70.5088216, 18.7424894 ], [ -70.5086043, 18.742558 ], [ -70.5085427, 18.7425516 ], [ -70.5084541, 18.7425199 ], [ -70.5084206, 18.7424551 ], [ -70.5084327, 18.7423713 ], [ -70.508485, 18.7422316 ], [ -70.5086339, 18.7420246 ], [ -70.5087706, 18.7417909 ], [ -70.5087626, 18.7416741 ], [ -70.50865, 18.7415623 ], [ -70.5084729, 18.7414455 ], [ -70.5083549, 18.7413032 ], [ -70.5082986, 18.7411762 ], [ -70.508269100000021, 18.7410492 ], [ -70.5082664, 18.7408537 ], [ -70.5082637, 18.7406314 ], [ -70.5081913, 18.7404803 ], [ -70.508084, 18.7404422 ], [ -70.5079418, 18.7404981 ], [ -70.5075261, 18.7408397 ], [ -70.507451, 18.7409387 ], [ -70.5074014, 18.741034 ], [ -70.5073679, 18.7410848 ], [ -70.5072968, 18.7411013 ], [ -70.5072552, 18.7410848 ], [ -70.5072297, 18.74102 ], [ -70.5072659, 18.7409426 ], [ -70.5072659, 18.7407825 ], [ -70.5072203, 18.7406479 ], [ -70.5070996, 18.7404803 ], [ -70.5068582, 18.7403101 ], [ -70.5065981, 18.7400891 ], [ -70.5064344, 18.7398554 ], [ -70.5062601, 18.7395608 ], [ -70.5060643, 18.7391188 ], [ -70.5059972, 18.7388978 ], [ -70.5059141, 18.7386921 ], [ -70.5058444, 18.7385422 ], [ -70.5057719, 18.7384203 ], [ -70.5056432, 18.7383009 ], [ -70.5053642, 18.7381434 ], [ -70.5052757, 18.7380495 ], [ -70.5051711, 18.7377751 ], [ -70.5051175, 18.7376481 ], [ -70.5050156, 18.7375135 ], [ -70.5047554, 18.737102 ] ] ] } },
{ "type": "Feature", "properties": { "osm_id": "way/674862877", "waterway": "stream", "relation": null }, "geometry": { "type": "MultiLineString", "coordinates": [ [ [ -70.5049753, 18.658286 ], [ -70.5047259, 18.6581742 ], [ -70.5044979, 18.6579353 ], [ -70.5043745, 18.6576939 ], [ -70.504294, 18.6576557 ], [ -70.5041519, 18.6576761 ], [ -70.5040017, 18.6576405 ], [ -70.5039158, 18.6574677 ], [ -70.5039078, 18.6573305 ], [ -70.5038247, 18.6572491 ], [ -70.5037147, 18.6573178 ], [ -70.503677100000019, 18.6574728 ], [ -70.5033714, 18.6579099 ], [ -70.503197, 18.6580344 ], [ -70.5030683, 18.6580522 ], [ -70.502851, 18.6580064 ], [ -70.5027062, 18.6580547 ], [ -70.502623, 18.6581665 ], [ -70.5021402, 18.6582174 ], [ -70.5017754, 18.6585045 ], [ -70.5016145, 18.6586087 ], [ -70.5014241, 18.6586062 ], [ -70.501298, 18.6586443 ], [ -70.5011076, 18.658779 ], [ -70.5008689, 18.6588578 ], [ -70.5007938, 18.6588425 ], [ -70.5007052, 18.6587561 ], [ -70.5006918, 18.658596 ], [ -70.5006436, 18.6584334 ], [ -70.5005416, 18.6583292 ], [ -70.5004022, 18.6583292 ], [ -70.500257300000015, 18.6582377 ], [ -70.5000025, 18.6578565 ], [ -70.499737, 18.6577218 ], [ -70.499517, 18.6577498 ], [ -70.4991978, 18.6577523 ], [ -70.4986936, 18.6576812 ], [ -70.498543400000017, 18.6577599 ], [ -70.4984146, 18.6579531 ], [ -70.4983717, 18.6580674 ], [ -70.4982644, 18.6580674 ], [ -70.4981276, 18.6579175 ], [ -70.4978219, 18.6577777 ], [ -70.4975, 18.6575744 ], [ -70.4974356, 18.6574702 ], [ -70.4974678, 18.6573915 ], [ -70.497612700000019, 18.6573686 ], [ -70.4977226, 18.6572898 ], [ -70.4976851, 18.6571627 ], [ -70.49761, 18.6570509 ], [ -70.4974276, 18.6569264 ], [ -70.4973257, 18.6567231 ], [ -70.497162, 18.6563749 ], [ -70.4970199, 18.6562428 ], [ -70.4968831, 18.6562148 ], [ -70.4963091, 18.6557117 ], [ -70.4959041, 18.6553305 ], [ -70.4954508, 18.6550611 ], [ -70.495373, 18.654929 ], [ -70.495314, 18.6547689 ], [ -70.4951611, 18.6546723 ], [ -70.4949841, 18.6546088 ], [ -70.4949009, 18.6545096 ], [ -70.4948419, 18.6544207 ], [ -70.4946354, 18.6543572 ], [ -70.4943001, 18.6543292 ], [ -70.4939488, 18.6542428 ], [ -70.4938361, 18.6541234 ], [ -70.4938307, 18.6539734 ], [ -70.4937288, 18.6538769 ], [ -70.4935598, 18.6538642 ], [ -70.4933989, 18.6539099 ], [ -70.493179, 18.6539709 ], [ -70.4929912, 18.6539201 ], [ -70.492841, 18.6539861 ], [ -70.4927713, 18.6541437 ], [ -70.4927981, 18.6542606 ], [ -70.4925942, 18.6545554 ], [ -70.4922295, 18.6549772 ], [ -70.4921383, 18.6552517 ], [ -70.4921383, 18.6556126 ], [ -70.4920578, 18.6556837 ], [ -70.4918003, 18.6557549 ], [ -70.4917413, 18.6558972 ], [ -70.4917413, 18.6560039 ], [ -70.4916179, 18.6560903 ], [ -70.4913068, 18.6560802 ], [ -70.4911941, 18.6559277 ], [ -70.4911512, 18.6557752 ], [ -70.4910171, 18.6557346 ], [ -70.4903734, 18.6559429 ], [ -70.4901964, 18.6559277 ], [ -70.4900247, 18.6557498 ], [ -70.489853, 18.6558006 ], [ -70.4896921, 18.6559175 ], [ -70.4897082, 18.6561259 ], [ -70.4896921, 18.6562987 ], [ -70.4895365, 18.6564461 ], [ -70.4891557, 18.6566952 ], [ -70.488689, 18.6567053 ], [ -70.4884261, 18.6568934 ], [ -70.4883242, 18.6571322 ], [ -70.488388500000013, 18.6573305 ], [ -70.488587, 18.6574474 ], [ -70.4886729, 18.6576049 ], [ -70.488646, 18.6577828 ], [ -70.4878092, 18.6588044 ], [ -70.4877073, 18.6591195 ], [ -70.487648300000018, 18.659211 ], [ -70.4874712, 18.6592059 ], [ -70.4871708, 18.6590077 ], [ -70.4869938, 18.6589874 ], [ -70.4868275, 18.659099199999989 ], [ -70.4867041, 18.6593025 ], [ -70.486452, 18.6594194 ], [ -70.4860014, 18.6595413 ], [ -70.4855776, 18.6598005 ], [ -70.4853201, 18.6599479 ], [ -70.4849982, 18.6599124 ], [ -70.4843438, 18.6598971 ], [ -70.4839548, 18.6598895 ], [ -70.4836947, 18.6599225 ], [ -70.4834184, 18.660108 ], [ -70.4832387, 18.660446 ], [ -70.4831046, 18.6605655 ], [ -70.4828927, 18.6607662 ], [ -70.4824072, 18.6617497 ], [ -70.4823348, 18.6620902 ], [ -70.4823026, 18.6623722 ], [ -70.4822624, 18.6626746 ], [ -70.4819995, 18.6630228 ], [ -70.4816669, 18.6634802 ], [ -70.4815677, 18.6637394 ], [ -70.4814979, 18.6640418 ], [ -70.4814014, 18.6642502 ], [ -70.4811466, 18.6644839 ], [ -70.48054310000002, 18.6648245 ], [ -70.4803124, 18.6648931 ], [ -70.4799959, 18.6648804 ], [ -70.4797223, 18.6649058 ], [ -70.4794487, 18.6649439 ], [ -70.4792824, 18.6650608 ], [ -70.4791671, 18.6653225 ], [ -70.4789659, 18.6656529 ], [ -70.4786575, 18.665813 ], [ -70.478185400000015, 18.6658485 ], [ -70.4773673, 18.665968 ], [ -70.4764098, 18.6659375 ], [ -70.4759324, 18.6658892 ], [ -70.4756883, 18.6658917 ], [ -70.4753879, 18.6659705 ], [ -70.4751009, 18.6660874 ], [ -70.4748219, 18.6661154 ], [ -70.4744545, 18.6660163 ], [ -70.4740709, 18.6658689 ], [ -70.4738161, 18.6656935 ], [ -70.4736176, 18.6656173 ], [ -70.4731992, 18.6655538 ], [ -70.4727137, 18.6653861 ], [ -70.4723964, 18.665242 ] ] ] } },
{ "type": "Feature", "properties": { "osm_id": "way/676482239", "waterway": "stream", "relation": null }, "geometry": { "type": "MultiLineString", "coordinates": [ [ [ -70.4004309, 18.6423821 ], [ -70.4006106, 18.6418866 ], [ -70.4006991, 18.6418179 ], [ -70.4008171, 18.6418256 ], [ -70.4009271, 18.6418713 ], [ -70.4009646, 18.641912 ], [ -70.401023600000016, 18.6420009 ], [ -70.4011202, 18.6422678 ], [ -70.4012784, 18.642433 ], [ -70.4013348, 18.6424584 ], [ -70.4014528, 18.642466 ], [ -70.4015091, 18.6424076 ], [ -70.4015467, 18.6423415 ], [ -70.4016271, 18.6421331 ], [ -70.4016486, 18.6418561 ], [ -70.401603, 18.6416349 ], [ -70.4014528, 18.6414138 ], [ -70.4012597, 18.6409462 ], [ -70.4012087, 18.6407785 ], [ -70.4011658, 18.6405624 ], [ -70.4011899, 18.6403667 ], [ -70.401383, 18.6398229 ], [ -70.4013884, 18.6397212 ], [ -70.4013696, 18.6396704 ], [ -70.4012838, 18.6395992 ], [ -70.4011846, 18.6395636 ], [ -70.4006629, 18.6394963 ], [ -70.400565, 18.639448 ], [ -70.4005086, 18.6393501 ], [ -70.400514, 18.6392637 ], [ -70.4005274, 18.639157 ], [ -70.4006615, 18.6389028 ], [ -70.4006749, 18.6387046 ], [ -70.4006106, 18.638392 ], [ -70.4004228, 18.6381048 ], [ -70.4003343, 18.6380311 ], [ -70.4002243, 18.6379904 ], [ -70.4001734, 18.6380031 ], [ -70.4000661, 18.6381709 ], [ -70.4000232, 18.6383284 ], [ -70.4000071, 18.6384835 ], [ -70.3999507, 18.63858 ], [ -70.3998622, 18.6386487 ], [ -70.3996369, 18.6386715 ], [ -70.3993633, 18.6386233 ], [ -70.3990173, 18.6384504 ], [ -70.3989422, 18.6383742 ], [ -70.3988966, 18.6382801 ], [ -70.3988698, 18.6380184 ], [ -70.3990093, 18.637599 ], [ -70.3990871, 18.6372406 ], [ -70.3991193, 18.6371695 ], [ -70.3991997, 18.6371237 ], [ -70.3993553, 18.6370602 ], [ -70.3994438, 18.6369967 ], [ -70.3996584, 18.6367044 ], [ -70.3996879, 18.6365493 ], [ -70.3997657, 18.6363943 ], [ -70.4000795, 18.6360131 ], [ -70.4001573, 18.6359317 ], [ -70.400331600000015, 18.6358326 ], [ -70.4003665, 18.6357411 ], [ -70.4003477, 18.6356801 ], [ -70.4002163, 18.6355937 ], [ -70.400058, 18.6355988 ], [ -70.3998756, 18.6356598 ], [ -70.3997898, 18.6356623 ], [ -70.3997308, 18.6355988 ], [ -70.3996772, 18.6355124 ], [ -70.3996691, 18.6354107 ], [ -70.399712, 18.6352989 ], [ -70.4001841, 18.6347474 ], [ -70.4002753, 18.6345364 ], [ -70.4002726, 18.6344322 ], [ -70.3999481, 18.6338451 ], [ -70.3999481, 18.6336392 ], [ -70.4000849, 18.6334664 ], [ -70.4002297, 18.6333724 ], [ -70.4004577, 18.6333342 ], [ -70.4007393, 18.6333927 ], [ -70.4009217, 18.6333851 ], [ -70.4011443, 18.6332885 ], [ -70.4013133, 18.6331309 ], [ -70.4013294, 18.633075 ], [ -70.401324, 18.6329098 ], [ -70.4012597, 18.6327598 ], [ -70.4011765, 18.6326937 ], [ -70.4010263, 18.6326378 ], [ -70.4009351, 18.6325768 ], [ -70.4006454, 18.6323023 ], [ -70.4005194, 18.6321219 ], [ -70.4005086, 18.6320228 ], [ -70.4005945, 18.6317178 ], [ -70.4006133, 18.6309985 ], [ -70.4006401, 18.6308917 ], [ -70.4007715, 18.6307494 ], [ -70.4011121, 18.6306706 ], [ -70.401345500000019, 18.6306986 ], [ -70.4015091, 18.6307748 ], [ -70.401742500000012, 18.6308434 ], [ -70.4020482, 18.6308383 ], [ -70.4023272, 18.630724 ], [ -70.4025176, 18.6306121 ], [ -70.4026517, 18.6304825 ], [ -70.4027322, 18.6303453 ], [ -70.4027724, 18.6301851 ], [ -70.4027483, 18.6300276 ], [ -70.40268930000002, 18.6299081 ], [ -70.4026625, 18.6298141 ], [ -70.4026839, 18.6297073 ], [ -70.4027537, 18.6295319 ], [ -70.4027027, 18.6293311 ], [ -70.4026115, 18.6292066 ], [ -70.4025257, 18.6291456 ], [ -70.4020804, 18.629049 ], [ -70.4019825, 18.628988 ], [ -70.4019088, 18.6289169 ], [ -70.4018913, 18.6288279 ], [ -70.4019249, 18.6287555 ], [ -70.4020965, 18.6286881 ], [ -70.4021421, 18.6286373 ], [ -70.4021502, 18.628561 ], [ -70.402118, 18.628256 ], [ -70.4021663, 18.6281543 ], [ -70.4022843, 18.6281289 ], [ -70.4024586, 18.6281467 ], [ -70.4029065, 18.6283729 ], [ -70.4030138, 18.6283933 ], [ -70.4031158, 18.6283424 ], [ -70.4031587, 18.6282408 ], [ -70.4031318, 18.6280323 ], [ -70.4030836, 18.6279358 ], [ -70.4029495, 18.627768 ], [ -70.4025954, 18.627524 ], [ -70.4024935, 18.6274833 ], [ -70.4022843, 18.6274681 ], [ -70.4019463, 18.6276104 ], [ -70.4016781, 18.6276384 ], [ -70.4013884, 18.6275875 ], [ -70.4011953, 18.6275698 ], [ -70.4009914, 18.6275088 ], [ -70.4007581, 18.62743 ], [ -70.4005355, 18.6273537 ], [ -70.4004711, 18.6272673 ], [ -70.4004496, 18.6270589 ], [ -70.4005516, 18.6267971 ], [ -70.4007286, 18.626609 ], [ -70.4008412, 18.6265582 ], [ -70.4010612, 18.6265327 ], [ -70.4013991, 18.6265836 ], [ -70.4015225, 18.6265734 ], [ -70.401603, 18.6264921 ], [ -70.4016566, 18.6262836 ], [ -70.4016459, 18.626182 ], [ -70.4014474, 18.6259126 ], [ -70.4013616, 18.6257143 ], [ -70.401345500000019, 18.6256126 ], [ -70.401426, 18.6254627 ], [ -70.4014367, 18.6253839 ], [ -70.4014206, 18.6253229 ], [ -70.4013053, 18.625267 ], [ -70.4011256, 18.6252873 ], [ -70.4010183, 18.6253229 ], [ -70.4009311, 18.6253496 ], [ -70.4008426, 18.6253419 ], [ -70.400793, 18.6252873 ], [ -70.4008064, 18.6251882 ], [ -70.4008627, 18.6250102 ], [ -70.4008359, 18.6248984 ], [ -70.4007527, 18.6248399 ], [ -70.4006213, 18.6248196 ], [ -70.4002646, 18.6247586 ], [ -70.399873, 18.6246722 ], [ -70.3996262, 18.6245222 ], [ -70.399527, 18.6243773 ], [ -70.3994894, 18.6242808 ], [ -70.3995109, 18.6240723 ], [ -70.3995913, 18.623991 ], [ -70.3998274, 18.6239707 ], [ -70.3999454, 18.6240063 ], [ -70.4004282, 18.6243214 ], [ -70.4006884, 18.6244434 ], [ -70.4008654, 18.6244688 ], [ -70.401345500000019, 18.6244129 ], [ -70.4014581, 18.6244384 ], [ -70.4016459, 18.6245451 ], [ -70.4018068, 18.6247027 ], [ -70.4019088, 18.6247535 ], [ -70.402295, 18.6249162 ], [ -70.4024291, 18.6249467 ], [ -70.4025257, 18.6248908 ], [ -70.4026598, 18.624601 ], [ -70.402729500000021, 18.6245578 ], [ -70.4028422, 18.6244714 ], [ -70.4028529, 18.6243977 ], [ -70.4027349, 18.6240978 ], [ -70.4027188, 18.6239961 ], [ -70.4027188, 18.6237877 ], [ -70.4027724, 18.6236962 ], [ -70.4028636, 18.623625 ], [ -70.4030782, 18.6235386 ], [ -70.4034108, 18.6234877 ], [ -70.4036307, 18.6234216 ], [ -70.4037327, 18.6233657 ], [ -70.4037863, 18.6232691 ], [ -70.4037863, 18.6231573 ], [ -70.403679, 18.6229794 ], [ -70.4035986, 18.6229082 ], [ -70.4035074, 18.6228625 ], [ -70.4028368, 18.6223236 ], [ -70.4026383, 18.6222067 ], [ -70.402531, 18.6221863 ], [ -70.4022092, 18.6222728 ], [ -70.4021072, 18.6222473 ], [ -70.4019409, 18.6221203 ], [ -70.4017478, 18.6218407 ], [ -70.4017317, 18.6217339 ], [ -70.401742500000012, 18.6214238 ], [ -70.40178, 18.6213272 ], [ -70.401898, 18.6211544 ], [ -70.4019839, 18.6210781 ], [ -70.4022253, 18.6208926 ], [ -70.4023942, 18.6207223 ], [ -70.402531, 18.6204528 ], [ -70.4025793, 18.6203308 ], [ -70.4027242, 18.6199343 ], [ -70.4027832, 18.6197361 ], [ -70.4028904, 18.6191158 ], [ -70.402928, 18.6190193 ], [ -70.4030514, 18.6188413 ], [ -70.40324990000002, 18.6187498 ], [ -70.4033572, 18.6187346 ], [ -70.4034805, 18.6187346 ], [ -70.4035878, 18.6187702 ], [ -70.4039902, 18.6189938 ], [ -70.4042155, 18.6190498 ], [ -70.4044461, 18.6190803 ], [ -70.4046822, 18.6190803 ], [ -70.4049075, 18.6190243 ], [ -70.405004, 18.6189633 ], [ -70.4055619, 18.6183228 ], [ -70.4056102, 18.6182262 ], [ -70.405637, 18.6181245 ], [ -70.4056317, 18.6179161 ], [ -70.4054976, 18.6175094 ], [ -70.4054734, 18.6174128 ], [ -70.4054949, 18.6173238 ], [ -70.4055727, 18.6172095 ], [ -70.4057014, 18.6170315 ], [ -70.4057497, 18.6169299 ], [ -70.4057819, 18.6167163 ], [ -70.405857, 18.6165689 ], [ -70.4060608, 18.6164622 ], [ -70.4061681, 18.6164266 ], [ -70.4062915, 18.6164215 ], [ -70.4064041, 18.6164418 ], [ -70.4066804, 18.6165359 ], [ -70.406954, 18.6165638 ], [ -70.4072437, 18.6165638 ], [ -70.4074341, 18.6165282 ], [ -70.4077292, 18.6163351 ], [ -70.407874, 18.6161622 ], [ -70.4079437, 18.6159589 ], [ -70.4079866, 18.6156386 ], [ -70.4079384, 18.6154251 ], [ -70.407890100000017, 18.6152878 ], [ -70.4077935, 18.6151353 ], [ -70.4077292, 18.6150438 ], [ -70.4067931, 18.6142736 ], [ -70.4066992, 18.6141643 ], [ -70.4066509, 18.6139609 ], [ -70.406616, 18.6137703 ], [ -70.4066053, 18.6135873 ], [ -70.4066429, 18.6134043 ], [ -70.4066885, 18.6131907 ], [ -70.406718, 18.6130128 ], [ -70.4066831, 18.6127561 ], [ -70.4066187, 18.6126137 ], [ -70.4065275, 18.6125476 ], [ -70.406431, 18.6125171 ], [ -70.4063103, 18.6125298 ], [ -70.4060662, 18.6127256 ], [ -70.4059589, 18.6127307 ], [ -70.4058623, 18.6127002 ], [ -70.4055619, 18.6123773 ], [ -70.4054734, 18.6122757 ], [ -70.40535, 18.6121231 ], [ -70.4052615, 18.6119884 ], [ -70.4051958, 18.6115893 ], [ -70.405177, 18.6113212 ], [ -70.4052012, 18.6111737 ], [ -70.4053058, 18.6109094 ], [ -70.4055123, 18.6104391 ], [ -70.4057296, 18.6100476 ], [ -70.4057765, 18.6099155 ], [ -70.4057926, 18.6097769 ], [ -70.40578720000002, 18.6096905 ], [ -70.4057685, 18.6096536 ], [ -70.4057188, 18.6096397 ], [ -70.405637, 18.609613 ], [ -70.4054774, 18.6095278 ], [ -70.405397, 18.6094744 ], [ -70.4053219, 18.6094503 ], [ -70.4052441, 18.6094592 ], [ -70.4049316, 18.6094897 ], [ -70.404772, 18.6094643 ], [ -70.4046071, 18.6093956 ], [ -70.4045427, 18.6093257 ], [ -70.404485, 18.6090893 ], [ -70.404423300000019, 18.6086051 ], [ -70.4043576, 18.6082454 ], [ -70.4043187, 18.6081157 ], [ -70.4042597, 18.6080331 ], [ -70.404202, 18.6079924 ], [ -70.4039848, 18.6079937 ], [ -70.4038453, 18.6079823 ], [ -70.4035892, 18.6078933 ], [ -70.4035007, 18.6078577 ], [ -70.4034524, 18.6078183 ], [ -70.4034269, 18.6077141 ], [ -70.4034349, 18.6074752 ], [ -70.4034644, 18.6073773 ], [ -70.4035409, 18.6070621 ], [ -70.4035127, 18.6069528 ], [ -70.4034282, 18.6068498 ], [ -70.4033062, 18.6068002 ], [ -70.403109, 18.606799 ], [ -70.4029991, 18.6067685 ], [ -70.402877, 18.6066681 ], [ -70.4028462, 18.6066299 ], [ -70.4028516, 18.6065918 ], [ -70.402877, 18.6065422 ], [ -70.4028878, 18.6064291 ], [ -70.4028167, 18.6062321 ], [ -70.4027697, 18.605997 ], [ -70.40280460000001, 18.6058267 ], [ -70.4029065, 18.6057453 ], [ -70.4030299, 18.6057301 ], [ -70.4034859, 18.605758 ], [ -70.4037166, 18.6057809 ], [ -70.4038346, 18.6057504 ], [ -70.4039955, 18.6056233 ], [ -70.4040492, 18.6055165 ], [ -70.4040706, 18.6053182 ], [ -70.4039767, 18.605181 ], [ -70.4039258, 18.605031 ], [ -70.4039151, 18.6046243 ], [ -70.4039472, 18.6043548 ], [ -70.4039875, 18.603882 ], [ -70.4040545, 18.6035642 ], [ -70.4040438, 18.6033609 ], [ -70.4040116, 18.6032541 ], [ -70.403958, 18.6031575 ], [ -70.4038775, 18.6030762 ], [ -70.4036576, 18.6030457 ], [ -70.4033196, 18.6030457 ], [ -70.4028824, 18.6030609 ], [ -70.4023567, 18.6030736 ], [ -70.4014769, 18.6032617 ], [ -70.4012543, 18.6032872 ], [ -70.4011363, 18.6032668 ], [ -70.4010558, 18.6032007 ], [ -70.4009914, 18.6031143 ], [ -70.4009646, 18.6030126 ], [ -70.4010397, 18.6024457 ], [ -70.4011041, 18.6021407 ], [ -70.4010692, 18.6018255 ], [ -70.4009861, 18.601523 ], [ -70.4010183, 18.6013653 ], [ -70.4011497, 18.6010298 ], [ -70.4011551, 18.6009179 ], [ -70.40108, 18.6007247 ], [ -70.4007688, 18.6003587 ], [ -70.4007232, 18.6001934 ], [ -70.400734, 18.6000867 ], [ -70.4007715, 18.6000282 ], [ -70.4009378, 18.6000002 ], [ -70.4010451, 18.6000206 ], [ -70.4013348, 18.6002138 ], [ -70.4015118, 18.6002773 ], [ -70.401654, 18.6002519 ], [ -70.401742500000012, 18.6001629 ], [ -70.4017961, 18.6000409 ], [ -70.40178, 18.5999138 ], [ -70.4016137, 18.5996291 ], [ -70.4013401, 18.5993494 ], [ -70.4012865, 18.599263 ], [ -70.4012597, 18.5991461 ], [ -70.401265, 18.5989376 ], [ -70.4013348, 18.5988512 ], [ -70.4014367, 18.5988105 ], [ -70.4017773, 18.5988563 ], [ -70.4022467, 18.598897 ], [ -70.40259, 18.5989325 ], [ -70.403126500000013, 18.5989325 ], [ -70.4032338, 18.5989122 ], [ -70.4034269, 18.5988105 ], [ -70.4035369, 18.59878 ], [ -70.4036468, 18.5988003 ], [ -70.4043335, 18.5990164 ], [ -70.4045427, 18.5990088 ], [ -70.4047304, 18.5988919 ], [ -70.4051837, 18.598597 ], [ -70.4053581, 18.5985156 ], [ -70.405722900000015, 18.5985105 ], [ -70.4058462, 18.5984851 ], [ -70.406549, 18.597936 ], [ -70.4066938, 18.5977682 ], [ -70.4068869, 18.5974073 ], [ -70.40699960000002, 18.5971124 ], [ -70.4070962, 18.5968073 ], [ -70.4071391, 18.5962175 ], [ -70.4071498, 18.5958184 ], [ -70.4072276, 18.5955438 ], [ -70.4073644, 18.5952922 ], [ -70.4075092, 18.5951295 ], [ -70.4076648, 18.5949719 ], [ -70.4078472, 18.5948397 ], [ -70.4080671, 18.5947685 ], [ -70.4082924, 18.5947532 ], [ -70.4084104, 18.5947736 ], [ -70.4086384, 18.5949286 ], [ -70.4090381, 18.5952464 ], [ -70.4092017, 18.5953354 ], [ -70.409317, 18.5953151 ], [ -70.4094243, 18.5952134 ], [ -70.4094484, 18.5951142 ], [ -70.4094163, 18.5948219 ], [ -70.4095075, 18.5945244 ], [ -70.4096308, 18.5942448 ], [ -70.409765, 18.594016 ], [ -70.4099634, 18.5937694 ], [ -70.4101378, 18.5933804 ], [ -70.41017, 18.5932788 ], [ -70.4101914, 18.5930754 ], [ -70.4101968, 18.5926534 ], [ -70.4101485, 18.59245 ], [ -70.4100949, 18.5923585 ], [ -70.4099983, 18.5922975 ], [ -70.409891, 18.5922822 ], [ -70.4097784, 18.5922975 ], [ -70.4096818, 18.5923432 ], [ -70.4094511, 18.5923534 ], [ -70.4093707, 18.5922873 ], [ -70.4091132, 18.5919619 ], [ -70.4089952, 18.591667 ], [ -70.4089898, 18.5915653 ], [ -70.4090166, 18.5914636 ], [ -70.4092258, 18.5912043 ], [ -70.4096764, 18.5908636 ], [ -70.4097462, 18.5907772 ], [ -70.4097569, 18.5906755 ], [ -70.4095209, 18.5904569 ], [ -70.409494, 18.5902484 ], [ -70.4095155, 18.590045 ], [ -70.4096496, 18.5898671 ], [ -70.4097408, 18.5898061 ], [ -70.4099554, 18.589745 ], [ -70.4104328, 18.5897959 ], [ -70.4109049, 18.5896993 ], [ -70.4115003, 18.5896891 ], [ -70.4116722, 18.5896368 ] ] ] } },
{ "type": "Feature", "properties": { "osm_id": "way/676694791", "name": "Río Mahoma", "waterway": "river", "relation": null }, "geometry": { "type": "MultiLineString", "coordinates": [ [ [ -70.3732091, 18.6604918 ], [ -70.373413, 18.660324 ] ] ] } },
{ "type": "Feature", "properties": { "osm_id": "way/676694792", "name": "Río Mahoma", "waterway": "river", "relation": null }, "geometry": { "type": "MultiLineString", "coordinates": [ [ [ -70.3343815, 18.7015832 ], [ -70.3345478, 18.7016848 ], [ -70.3348535, 18.7017814 ], [ -70.3350359, 18.7017763 ], [ -70.3351298, 18.7017458 ], [ -70.335237100000015, 18.7017026 ], [ -70.335331, 18.7016848 ], [ -70.3354114, 18.7016747 ], [ -70.3355777, 18.701695 ], [ -70.3356555, 18.701761 ], [ -70.3356984, 18.7018195 ], [ -70.335795, 18.7018957 ], [ -70.3359076, 18.7019211 ], [ -70.3359827, 18.701949 ], [ -70.3360337, 18.7020253 ], [ -70.3360713, 18.7021167 ], [ -70.3361088, 18.7022158 ], [ -70.3362134, 18.7023174 ], [ -70.3363717, 18.7024063 ], [ -70.3365272, 18.7024851 ], [ -70.336664, 18.7025969 ], [ -70.3367204, 18.7026833 ], [ -70.3367311, 18.7027798 ], [ -70.3367069, 18.702978 ], [ -70.336715, 18.7031177 ], [ -70.3367633, 18.7032193 ], [ -70.3368545, 18.7032879 ], [ -70.3370476, 18.70342 ], [ -70.3372031, 18.7035471 ], [ -70.3372622, 18.7036512 ], [ -70.3373721, 18.7038087 ], [ -70.337458, 18.7039154 ], [ -70.3375599, 18.704012 ], [ -70.3376484, 18.7040603 ], [ -70.3377852, 18.7040857 ], [ -70.3379461, 18.7041009 ], [ -70.3381607, 18.7041847 ], [ -70.33840210000001, 18.7042864 ], [ -70.3385416, 18.7043931 ], [ -70.338656900000018, 18.7045176 ], [ -70.3387186, 18.7046192 ], [ -70.3387481, 18.7047335 ], [ -70.3387454, 18.7049215 ], [ -70.3387454, 18.7051933 ], [ -70.3387052, 18.7055058 ], [ -70.3386676, 18.7058081 ], [ -70.338681, 18.7059809 ], [ -70.3386301, 18.7061587 ], [ -70.3385496, 18.7063036 ], [ -70.3384504, 18.7064763 ], [ -70.3383458, 18.706644 ], [ -70.3383243, 18.7067329 ], [ -70.3383592, 18.7068244 ], [ -70.3385228, 18.7069158 ], [ -70.3386167, 18.7070505 ], [ -70.338724, 18.707302 ], [ -70.3387561, 18.7075738 ], [ -70.3388178, 18.7076246 ], [ -70.339011, 18.7076449 ], [ -70.3391182, 18.7076881 ], [ -70.3391746, 18.7077313 ], [ -70.3392121, 18.7078075 ], [ -70.339255, 18.7079219 ], [ -70.3392819, 18.7080057 ], [ -70.3393248, 18.7080463 ], [ -70.3394374, 18.7080387 ], [ -70.3395823, 18.70796 ], [ -70.3397298, 18.7078533 ], [ -70.3397995, 18.7078406 ], [ -70.3399336, 18.707866 ], [ -70.3401026, 18.7079854 ], [ -70.3402957, 18.7081403 ], [ -70.3404272, 18.7082318 ], [ -70.3404835, 18.7082978 ], [ -70.340521, 18.7083893 ], [ -70.3405398, 18.708496 ], [ -70.3405774, 18.7086256 ], [ -70.3406578, 18.7087551 ], [ -70.3408241, 18.7089762 ], [ -70.341036, 18.7092124 ], [ -70.3410789, 18.709314 ], [ -70.341129900000013, 18.7095071 ], [ -70.3413069, 18.7098679 ], [ -70.3414276, 18.7100305 ], [ -70.3416905, 18.7102718 ], [ -70.3419104, 18.7104954 ], [ -70.3420982, 18.7106452 ], [ -70.3422511, 18.710724 ], [ -70.3423825, 18.7107392 ], [ -70.34253, 18.7107316 ], [ -70.3426346, 18.7107697 ], [ -70.3426829, 18.710818 ], [ -70.342707, 18.710884 ], [ -70.342699, 18.7109501 ], [ -70.3426588, 18.7110162 ], [ -70.3423879, 18.7112499 ], [ -70.3423557, 18.7112981 ], [ -70.3423342, 18.7113617 ], [ -70.3423771, 18.7114125 ], [ -70.3424844, 18.7114302 ], [ -70.3427419, 18.711476 ], [ -70.3429753, 18.7115573 ], [ -70.343289100000021, 18.7117072 ], [ -70.3433964, 18.7117707 ], [ -70.3434849, 18.7118596 ], [ -70.3435627, 18.711979 ], [ -70.3436565, 18.7120882 ], [ -70.3437853, 18.7121695 ], [ -70.3439516, 18.7122152 ], [ -70.344142, 18.7122584 ], [ -70.3442198, 18.7123067 ], [ -70.3443137, 18.7123982 ], [ -70.3444344, 18.7124896 ], [ -70.3445578, 18.7125328 ], [ -70.344708, 18.712543 ], [ -70.3448957, 18.7125328 ], [ -70.3450325, 18.7125531 ], [ -70.345268600000011, 18.7125988 ], [ -70.3455797, 18.7126115 ], [ -70.3457299, 18.7126395 ], [ -70.3458479, 18.7126852 ], [ -70.345915, 18.7127538 ], [ -70.345974, 18.712858 ], [ -70.3459954, 18.712952 ], [ -70.345960600000012, 18.713018 ], [ -70.3457782, 18.7131247 ], [ -70.345746, 18.7131958 ], [ -70.3457782, 18.7133534 ], [ -70.3458345, 18.7134219 ], [ -70.345974, 18.7135464 ], [ -70.3460759, 18.7136684 ], [ -70.3461349, 18.713803 ], [ -70.3461644, 18.7139503 ], [ -70.3461188, 18.7142958 ], [ -70.3461456, 18.7144076 ], [ -70.3462234, 18.7144483 ], [ -70.3464246, 18.7144762 ], [ -70.3466123, 18.714494 ], [ -70.3468403, 18.7145651 ], [ -70.3470039, 18.7146464 ], [ -70.3470951, 18.7147379 ], [ -70.3471836, 18.7148979 ], [ -70.3472722, 18.7149487 ], [ -70.3473848, 18.7149614 ], [ -70.3476477, 18.7149309 ], [ -70.347797900000018, 18.7149716 ], [ -70.3479373, 18.7150427 ], [ -70.3480205, 18.7151418 ], [ -70.3481171, 18.7153476 ], [ -70.3482619, 18.715566 ], [ -70.3484255, 18.7156956 ], [ -70.3485864, 18.7157921 ], [ -70.3487313, 18.7158175 ], [ -70.3489405, 18.7158125 ], [ -70.3491014, 18.7157744 ], [ -70.3492409, 18.715754 ], [ -70.3494126, 18.7157718 ], [ -70.3495681, 18.7158506 ], [ -70.3497237, 18.7159369 ], [ -70.3498793, 18.7159573 ], [ -70.3501743, 18.7159166 ], [ -70.350405, 18.7159522 ], [ -70.3507859, 18.7159877 ], [ -70.3510487, 18.7159319 ], [ -70.3516281, 18.7156778 ], [ -70.3521913, 18.715373 ], [ -70.3528994, 18.7149462 ], [ -70.3530335, 18.7148192 ], [ -70.3531086, 18.7146566 ], [ -70.3531301, 18.7143975 ], [ -70.3532803, 18.7138487 ], [ -70.3533447, 18.7136252 ], [ -70.3534198, 18.7134982 ], [ -70.3536344, 18.7133762 ], [ -70.353967, 18.7132086 ], [ -70.3543049, 18.7130968 ], [ -70.3545731, 18.7129952 ], [ -70.3549004, 18.7128224 ], [ -70.3552169, 18.7125684 ], [ -70.355404600000014, 18.7123753 ], [ -70.3555334, 18.7120552 ], [ -70.3555709, 18.7116386 ], [ -70.3556246, 18.7113642 ], [ -70.355764, 18.7111965 ], [ -70.3559089, 18.711039 ], [ -70.3561771, 18.7108714 ], [ -70.3563863, 18.7107342 ], [ -70.3565955, 18.7104496 ], [ -70.3568798, 18.7101549 ], [ -70.3571454, 18.709939 ], [ -70.3574377, 18.7097332 ], [ -70.3575826, 18.7095681 ], [ -70.3576952, 18.7093852 ], [ -70.3577462, 18.7091769 ], [ -70.3578562, 18.7088187 ], [ -70.3580171, 18.708529 ], [ -70.3582048, 18.7083106 ], [ -70.3584677, 18.7081175 ], [ -70.3588271, 18.7079498 ], [ -70.3591812, 18.7077466 ], [ -70.3592697, 18.7076449 ], [ -70.3593099, 18.7075154 ], [ -70.3592643, 18.7073629 ], [ -70.3591302, 18.7071978 ], [ -70.358891500000013, 18.7069438 ], [ -70.3583336, 18.7063798 ], [ -70.358119, 18.7060546 ], [ -70.3580171, 18.7058412 ], [ -70.358001, 18.7056633 ], [ -70.358001, 18.7055363 ], [ -70.3580815, 18.70514 ], [ -70.358119, 18.7046116 ], [ -70.358119, 18.7040882 ], [ -70.3581351, 18.7034988 ], [ -70.3582263, 18.7031075 ], [ -70.3583604, 18.7027976 ], [ -70.3585643, 18.7025689 ], [ -70.3587681, 18.7024165 ], [ -70.3590953, 18.7021218 ], [ -70.3591704, 18.7018982 ], [ -70.35909, 18.7015832 ], [ -70.35909, 18.7013596 ], [ -70.3591543, 18.7010192 ], [ -70.3593314, 18.7006076 ], [ -70.3595567, 18.7000385 ], [ -70.3595889, 18.699759 ], [ -70.3595245, 18.6993983 ], [ -70.3593797, 18.6991036 ], [ -70.3592724, 18.6987733 ], [ -70.3592241, 18.6983109 ], [ -70.359267, 18.697757 ], [ -70.3592134, 18.6973708 ], [ -70.3590846, 18.6970914 ], [ -70.3589022, 18.6968424 ], [ -70.3587252, 18.6965273 ], [ -70.358634, 18.6961666 ], [ -70.358575, 18.6957448 ], [ -70.3583443, 18.6946625 ], [ -70.3581566, 18.6939867 ], [ -70.358119, 18.6935852 ], [ -70.3581351, 18.6933718 ], [ -70.3581941, 18.6932397 ], [ -70.3583121, 18.693133 ], [ -70.3586179, 18.6929704 ], [ -70.3594869, 18.6924673 ], [ -70.3600448, 18.6921472 ], [ -70.3605437, 18.6918423 ], [ -70.3607529, 18.6916238 ], [ -70.3608227, 18.6914053 ], [ -70.360769, 18.6909327 ], [ -70.360769, 18.6907294 ], [ -70.360828, 18.690516 ], [ -70.3610051, 18.690206 ], [ -70.361048, 18.6898554 ], [ -70.360989, 18.68952 ], [ -70.3607959, 18.6890017 ], [ -70.3606322, 18.6886841 ], [ -70.3604633, 18.6884377 ], [ -70.3604043, 18.6882928 ], [ -70.3603989, 18.6881429 ], [ -70.3604794, 18.6879041 ], [ -70.3606027, 18.6875687 ], [ -70.3607583, 18.6871622 ], [ -70.360871, 18.686842 ], [ -70.3609139, 18.6865676 ], [ -70.3608924, 18.6860798 ], [ -70.3607315, 18.6855259 ], [ -70.3606403, 18.6852718 ], [ -70.3605491, 18.6851549 ], [ -70.3603613, 18.6850431 ], [ -70.3596371, 18.6847636 ], [ -70.3588808, 18.6843114 ], [ -70.35856960000001, 18.6840166 ], [ -70.3583926, 18.683788 ], [ -70.3582799, 18.6835339 ], [ -70.358237, 18.6831324 ], [ -70.3581405, 18.6823244 ], [ -70.3580922, 18.6818061 ], [ -70.3581137, 18.681618 ], [ -70.3582531, 18.6813945 ], [ -70.358516, 18.6811454 ], [ -70.3588432, 18.6809066 ], [ -70.3592134, 18.6807694 ], [ -70.3595138, 18.6807135 ], [ -70.3597605, 18.6807135 ], [ -70.360168200000018, 18.6807033 ], [ -70.3604472, 18.6805864 ], [ -70.3607154, 18.6803476 ], [ -70.3610694, 18.6799309 ], [ -70.3614718, 18.6793566 ], [ -70.3617078, 18.6789044 ], [ -70.3619653, 18.6782945 ], [ -70.3622174, 18.6774763 ], [ -70.3623891, 18.676897 ], [ -70.3625071, 18.6765006 ], [ -70.3626627, 18.6758857 ], [ -70.3627217, 18.6753978 ], [ -70.3627002, 18.6748846 ], [ -70.3626359, 18.6743611 ], [ -70.3626895, 18.6735124 ], [ -70.3627431, 18.6727755 ], [ -70.3629202, 18.6720386 ], [ -70.3631991, 18.6713271 ], [ -70.3634137, 18.6709993 ], [ -70.363529, 18.6708697 ], [ -70.3636712, 18.6708316 ], [ -70.3638429, 18.6708697 ], [ -70.3640413, 18.6709561 ], [ -70.364331, 18.6711086 ], [ -70.3647709, 18.6713932 ], [ -70.3651142, 18.6717083 ], [ -70.3657848, 18.6724452 ], [ -70.3661227, 18.6726535 ], [ -70.3663856, 18.672745 ], [ -70.3666645, 18.6727552 ], [ -70.3669703, 18.6727044 ], [ -70.3672707, 18.6725519 ], [ -70.3675282, 18.6722876 ], [ -70.367673, 18.6720081 ], [ -70.3677589, 18.6717947 ], [ -70.3677321, 18.6715253 ], [ -70.3675443, 18.6712001 ], [ -70.3669703, 18.6706156 ], [ -70.3663963, 18.6699753 ], [ -70.3662676, 18.6697618 ], [ -70.3662568, 18.6695433 ], [ -70.3663212, 18.6690351 ], [ -70.3663909, 18.6686082 ], [ -70.366407, 18.6681711 ], [ -70.3663319, 18.6677391 ], [ -70.3662032, 18.6672004 ], [ -70.3661013, 18.6667583 ], [ -70.366128100000012, 18.6665397 ], [ -70.3662086, 18.6663517 ], [ -70.3663802, 18.6661281 ], [ -70.3669274, 18.6655182 ], [ -70.3676999, 18.6647914 ], [ -70.3681719, 18.6644001 ], [ -70.3686225, 18.6641206 ], [ -70.369041, 18.6639071 ], [ -70.3700388, 18.6634649 ], [ -70.3708434, 18.6630787 ], [ -70.3714228, 18.6627331 ], [ -70.3718519, 18.662418 ], [ -70.3721631, 18.662108 ], [ -70.3725654, 18.6615794 ], [ -70.372839, 18.6611576 ], [ -70.3730267, 18.6607713 ], [ -70.3732091, 18.6604918 ] ] ] } },
{ "type": "Feature", "properties": { "osm_id": "way/676694793", "waterway": "stream", "relation": null }, "geometry": { "type": "MultiLineString", "coordinates": [ [ [ -70.3858665, 18.6721746 ], [ -70.3859362, 18.6721288 ] ] ] } },
{ "type": "Feature", "properties": { "osm_id": "way/676694794", "waterway": "stream", "relation": null }, "geometry": { "type": "MultiLineString", "coordinates": [ [ [ -70.3860086, 18.6825175 ], [ -70.3859013, 18.6824286 ], [ -70.385837, 18.6823549 ], [ -70.3857592, 18.6821389 ], [ -70.3857592, 18.6819509 ], [ -70.3858423, 18.6818467 ], [ -70.3860247, 18.68174 ], [ -70.3861481, 18.6816485 ], [ -70.386309, 18.6815291 ], [ -70.3864217, 18.6814148 ], [ -70.3864592, 18.6813335 ], [ -70.3864726, 18.6812242 ], [ -70.3864351, 18.6811505 ], [ -70.3863895, 18.68112 ], [ -70.3863573, 18.6810972 ], [ -70.3862581, 18.6810921 ], [ -70.3861856, 18.6810794 ], [ -70.3861186, 18.6810794 ], [ -70.3860167, 18.6810743 ], [ -70.3859561, 18.6810781 ], [ -70.385896, 18.6810819 ], [ -70.3857699, 18.6810692 ], [ -70.3856935, 18.6810451 ], [ -70.3855768, 18.68096 ], [ -70.3854695, 18.6809066 ], [ -70.385364900000013, 18.680825299999988 ], [ -70.3852254, 18.6807364 ], [ -70.3850511, 18.6805382 ], [ -70.384925, 18.6803832 ], [ -70.3848043, 18.6801977 ], [ -70.3846836, 18.6799538 ], [ -70.384638, 18.6796463 ], [ -70.3847104, 18.6794634 ], [ -70.3848258, 18.6792957 ], [ -70.3849089, 18.6791305 ], [ -70.3849277, 18.6789882 ], [ -70.3848821, 18.678734099999989 ], [ -70.3848982, 18.678635 ], [ -70.3849545, 18.6785003 ], [ -70.3849733, 18.6783326 ], [ -70.3849465, 18.6781903 ], [ -70.3849465, 18.6780785 ], [ -70.3849062, 18.6780049 ], [ -70.3848285, 18.677982 ], [ -70.3846648, 18.6780226 ], [ -70.384541500000012, 18.6780836 ], [ -70.384469, 18.6780938 ], [ -70.3844154, 18.6780506 ], [ -70.3844288, 18.6779744 ], [ -70.3845361, 18.6778804 ], [ -70.3846836, 18.677733 ], [ -70.3847721, 18.6775831 ], [ -70.3848016, 18.6774636 ], [ -70.3847909, 18.6773518 ], [ -70.3848124, 18.67724 ], [ -70.3849223, 18.6769936 ], [ -70.3849599, 18.6768614 ], [ -70.3849652, 18.6766505 ], [ -70.3849518, 18.6764168 ], [ -70.3848901, 18.6762389 ], [ -70.3847641, 18.6760178 ], [ -70.3846997, 18.6758959 ], [ -70.3846782, 18.6758146 ], [ -70.3846675, 18.6756799 ], [ -70.3846809, 18.675535 ], [ -70.3847373, 18.6753915 ], [ -70.3848204, 18.6752962 ], [ -70.384917, 18.6752263 ], [ -70.3850484, 18.6751895 ], [ -70.3851517, 18.675192 ], [ -70.3853233, 18.6752416 ], [ -70.3854085, 18.675307 ], [ -70.3854351, 18.6753943 ], [ -70.3854507, 18.6754944 ], [ -70.3855044, 18.6755757 ], [ -70.3856063, 18.6756113 ], [ -70.3857404, 18.6756113 ], [ -70.385858400000018, 18.6755757 ], [ -70.3859174, 18.6755096 ], [ -70.3859389, 18.6754156 ], [ -70.3859147, 18.6753191 ], [ -70.3859389, 18.6752123 ], [ -70.3859925, 18.6750624 ], [ -70.3860489, 18.6748566 ], [ -70.386073, 18.6747168 ], [ -70.3861079, 18.6744602 ], [ -70.3861481, 18.6742874 ], [ -70.3861535, 18.6740892 ], [ -70.3861079, 18.6738961 ], [ -70.3860703, 18.6737259 ], [ -70.3860649, 18.6735505 ], [ -70.3860945, 18.673365 ], [ -70.3860837, 18.6731719 ], [ -70.3860381, 18.6730665 ], [ -70.3859764, 18.6729763 ], [ -70.3858906, 18.6729191 ], [ -70.3858427, 18.6728869 ], [ -70.3857404, 18.6728289 ], [ -70.3855982, 18.6727501 ], [ -70.3855446, 18.6727107 ], [ -70.3855231, 18.6726599 ], [ -70.3855392, 18.6726015 ], [ -70.3856143, 18.672496 ], [ -70.3857216, 18.6723969 ], [ -70.3858665, 18.6721746 ] ] ] } },
{ "type": "Feature", "properties": { "osm_id": "relation/19108495", "name": "Ocoa", "waterway": "river", "relation": true }, "geometry": { "type": "MultiLineString", "coordinates": [ [ [ -70.5780224, 18.637008 ], [ -70.5770461, 18.6370283 ], [ -70.5762092, 18.6376586 ], [ -70.5752758, 18.6375671 ], [ -70.5737845, 18.6386346 ], [ -70.5729906, 18.6386549 ], [ -70.572776, 18.6392039 ], [ -70.5721966, 18.6395495 ], [ -70.5711774, 18.6393767 ], [ -70.5706624, 18.6398545 ], [ -70.5694286, 18.640312 ], [ -70.5689351, 18.6408711 ], [ -70.5679266, 18.6414607 ], [ -70.5667893, 18.6415421 ], [ -70.5664138, 18.6421723 ], [ -70.5660812, 18.6424773 ], [ -70.5657164, 18.6429043 ], [ -70.5651478, 18.6429856 ], [ -70.5647723, 18.6434532 ], [ -70.5642144, 18.6437887 ], [ -70.5638174, 18.6433922 ], [ -70.563281, 18.6431483 ], [ -70.5630235, 18.6436769 ], [ -70.5620472, 18.6442767 ], [ -70.5618755, 18.6447646 ], [ -70.5622725, 18.6449578 ], [ -70.5624012, 18.6456795 ], [ -70.5617467, 18.6466758 ], [ -70.5603198, 18.6470316 ], [ -70.5579487, 18.6466656 ], [ -70.5568759, 18.6468079 ], [ -70.5557171, 18.6461167 ], [ -70.553228, 18.6464928 ], [ -70.5528955, 18.6472247 ], [ -70.551790400000016, 18.6472654 ], [ -70.550975, 18.6468791 ], [ -70.5500952, 18.6472146 ], [ -70.5501596, 18.6476924 ], [ -70.5480889, 18.6488309 ], [ -70.5451707, 18.6491562 ], [ -70.5444197, 18.6495221 ], [ -70.5438403, 18.6487292 ], [ -70.5431537, 18.6490342 ], [ -70.5430678, 18.6503964 ], [ -70.5420486, 18.650437 ], [ -70.5410079, 18.6500203 ], [ -70.5402953, 18.6494525 ], [ -70.53946830000001, 18.6490393 ] ], [ [ -70.53946830000001, 18.6490393 ], [ -70.5394898, 18.6475551 ], [ -70.5379448, 18.6466809 ], [ -70.5376766, 18.6446782 ], [ -70.5404446, 18.6429094 ], [ -70.5424617, 18.64295 ], [ -70.5426548, 18.6405305 ], [ -70.5422042, 18.6399206 ], [ -70.5416677, 18.6396359 ], [ -70.5411742, 18.638355 ], [ -70.539994, 18.639087 ], [ -70.5385993, 18.6385786 ], [ -70.538256, 18.637318 ], [ -70.5389855, 18.6355898 ], [ -70.5375264, 18.6350001 ], [ -70.5380628, 18.6332108 ], [ -70.5361704, 18.6316998 ], [ -70.5354235, 18.6309742 ], [ -70.5359385, 18.6297542 ], [ -70.5372045, 18.6282902 ], [ -70.536947, 18.6274565 ], [ -70.5350373, 18.6264805 ], [ -70.5353377, 18.6259112 ], [ -70.5357454, 18.6253215 ], [ -70.5353592, 18.6246708 ], [ -70.5339859, 18.6255655 ], [ -70.5337498, 18.6248335 ], [ -70.5344579, 18.6224747 ], [ -70.5355094, 18.622068 ], [ -70.5363891, 18.622129 ], [ -70.536711, 18.6211733 ], [ -70.5352948, 18.6196076 ], [ -70.5362604, 18.6186722 ], [ -70.5362604, 18.6175538 ], [ -70.537462, 18.6174317 ], [ -70.5373762, 18.6165777 ], [ -70.5382345, 18.6156016 ], [ -70.5381916, 18.6143205 ], [ -70.5370972, 18.612592 ], [ -70.5354235, 18.6113515 ], [ -70.5345009, 18.6109245 ], [ -70.5342005, 18.6095417 ], [ -70.5350802, 18.6074267 ], [ -70.53596, 18.6065726 ], [ -70.5369256, 18.6055558 ], [ -70.5370758, 18.6037865 ], [ -70.5361746, 18.6018749 ], [ -70.5363891, 18.6002886 ], [ -70.53596, 18.5992718 ], [ -70.5350588, 18.5992311 ], [ -70.53452230000002, 18.5997192 ], [ -70.533943, 18.5991701 ], [ -70.5325911, 18.5984786 ], [ -70.5326126, 18.5962009 ], [ -70.5336211, 18.5952043 ], [ -70.5339215, 18.5939841 ], [ -70.5327843, 18.5924181 ], [ -70.5328272, 18.5913808 ], [ -70.5323939, 18.5905406 ], [ -70.5317072, 18.5903779 ], [ -70.5298189, 18.5890762 ], [ -70.5289606, 18.5877746 ], [ -70.5279307, 18.5867983 ], [ -70.527244, 18.5859848 ], [ -70.527244, 18.5850102 ], [ -70.527033300000014, 18.5841886 ], [ -70.5270324, 18.5840603 ], [ -70.5262309, 18.5835623 ], [ -70.5251433, 18.5834492 ], [ -70.5248985, 18.582373 ], [ -70.5231241, 18.5815916 ], [ -70.5210642, 18.580778 ], [ -70.5152277, 18.576222 ], [ -70.5128245, 18.5718286 ], [ -70.5080179, 18.5679232 ], [ -70.5042414, 18.563855 ], [ -70.5022863, 18.5593739 ], [ -70.4976379, 18.5558959 ], [ -70.4977183, 18.5511616 ], [ -70.4978899, 18.5472557 ], [ -70.4992807, 18.5444942 ], [ -70.5002932, 18.5425361 ], [ -70.5020098, 18.540583 ], [ -70.5028681, 18.5384673 ], [ -70.5032114, 18.5357004 ], [ -70.5028136, 18.5330485 ], [ -70.5028911, 18.5312295 ], [ -70.5048552, 18.5290276 ], [ -70.5074006, 18.5272899 ], [ -70.5087349, 18.5257481 ], [ -70.5088641, 18.524454 ], [ -70.5087349, 18.5232683 ], [ -70.508952, 18.5219413 ], [ -70.5091826, 18.5205315 ], [ -70.5090394, 18.5185738 ], [ -70.5088519, 18.5158993 ], [ -70.5093061, 18.5137801 ], [ -70.5099735, 18.511448 ], [ -70.5097345, 18.5098202 ], [ -70.5091339, 18.5091835 ], [ -70.5091835, 18.5087062 ], [ -70.5094994, 18.508311 ], [ -70.5102556, 18.5084305 ], [ -70.5107598, 18.5087054 ], [ -70.511196, 18.5085555 ], [ -70.510936200000017, 18.5059134 ], [ -70.5121378, 18.5046111 ], [ -70.5143694, 18.5037971 ], [ -70.5153994, 18.5024948 ], [ -70.5147127, 18.5010297 ], [ -70.5136828, 18.4994018 ], [ -70.5135111, 18.4977739 ], [ -70.5132007, 18.4966689 ], [ -70.5119661, 18.4950064 ], [ -70.5107645, 18.4938669 ], [ -70.5092642, 18.4931874 ], [ -70.5077123, 18.492971 ], [ -70.5064442, 18.4917862 ], [ -70.5051436, 18.4913205 ], [ -70.5048502, 18.4908495 ], [ -70.5049863, 18.4902929 ], [ -70.5061698, 18.4888174 ], [ -70.5064895, 18.4876318 ], [ -70.5056394, 18.4862761 ], [ -70.5056147, 18.4849128 ], [ -70.5071596, 18.483936 ], [ -70.5093912, 18.483936 ], [ -70.5119661, 18.4832848 ], [ -70.5121378, 18.4816567 ], [ -70.511107800000019, 18.480517 ], [ -70.5119661, 18.4794303 ], [ -70.5117022, 18.4786196 ], [ -70.5125798, 18.478315 ], [ -70.5129424, 18.4783387 ], [ -70.5131227, 18.4781759 ], [ -70.5131785, 18.4778096 ], [ -70.5130734, 18.4775213 ], [ -70.512846200000013, 18.4764299 ], [ -70.5126823, 18.4759751 ], [ -70.5128219, 18.4755837 ], [ -70.5128037, 18.4752095 ], [ -70.5124811, 18.4733533 ], [ -70.5121786, 18.4730393 ], [ -70.5121179, 18.4720032 ], [ -70.5118023, 18.4715254 ], [ -70.5114837, 18.471393 ], [ -70.511299, 18.4714957 ] ], [ [ -70.511299, 18.4714957 ], [ -70.5112682, 18.4718017 ], [ -70.5109344, 18.4722967 ], [ -70.5100354, 18.4733032 ], [ -70.509581, 18.473592 ], [ -70.5091319, 18.473661 ], [ -70.5087434, 18.4735862 ], [ -70.508469600000012, 18.4731814 ], [ -70.5083186, 18.472314 ], [ -70.5080882, 18.4717622 ], [ -70.5079119, 18.4709497 ], [ -70.5075114, 18.470138 ], [ -70.5069897, 18.4695912 ], [ -70.505812, 18.4692112 ], [ -70.5057695, 18.4690213 ], [ -70.5058848, 18.4686471 ], [ -70.5058302, 18.4682326 ], [ -70.5050997, 18.4674918 ], [ -70.5045617, 18.4670985 ], [ -70.5043644, 18.4676316 ], [ -70.5042643, 18.4681808 ], [ -70.5039245, 18.4686356 ], [ -70.5032219, 18.4697516 ], [ -70.502747, 18.4702129 ], [ -70.5024921, 18.4701611 ], [ -70.5020612, 18.4696545 ], [ -70.5013093, 18.4690122 ], [ -70.5007431, 18.4683791 ], [ -70.5006532, 18.4679333 ], [ -70.5006471, 18.4676512 ], [ -70.5011266, 18.4669604 ], [ -70.5016917, 18.4665824 ], [ -70.5023707, 18.4657112 ], [ -70.5024193, 18.4654406 ], [ -70.5020566, 18.4646408 ], [ -70.5017153, 18.4636675 ], [ -70.5017396, 18.4625334 ], [ -70.5016846, 18.4618192 ], [ -70.50137, 18.4609072 ], [ -70.5014914, 18.4599804 ], [ -70.5017584, 18.4593701 ], [ -70.5020922, 18.4592204 ], [ -70.5024807, 18.4592607 ], [ -70.5026324, 18.4591341 ], [ -70.5025595, 18.4587568 ], [ -70.502599, 18.4576661 ], [ -70.5026263, 18.4572343 ], [ -70.5025191, 18.456781 ], [ -70.5018707, 18.4558699 ], [ -70.5012759, 18.4552193 ], [ -70.5005194, 18.4557017 ], [ -70.5002684, 18.4557518 ], [ -70.4999892, 18.4557461 ], [ -70.4990789, 18.4555964 ], [ -70.4984173, 18.455464 ], [ -70.4980471, 18.4552913 ], [ -70.4980046, 18.4550034 ], [ -70.4981867, 18.454894 ], [ -70.4985202, 18.4548489 ], [ -70.4986237, 18.4547156 ], [ -70.4985873, 18.4539959 ], [ -70.4987208, 18.4536447 ], [ -70.498739, 18.4531842 ], [ -70.4986297, 18.4529481 ], [ -70.4983202, 18.4529021 ], [ -70.4980616, 18.4530001 ], [ -70.4977133, 18.4538059 ], [ -70.4975798, 18.4542377 ], [ -70.4968636, 18.4547156 ], [ -70.4965166, 18.4539771 ], [ -70.4962385, 18.4530287 ], [ -70.4965177, 18.4518658 ], [ -70.4966155, 18.4508643 ], [ -70.4970214, 18.4504265 ], [ -70.4975919, 18.4501386 ], [ -70.4978893, 18.4498392 ], [ -70.4982788, 18.4494115 ], [ -70.498635, 18.4483571 ], [ -70.4985191, 18.447779 ], [ -70.4983449, 18.4472145 ], [ -70.4980928, 18.4468252 ], [ -70.4979667, 18.4466979 ], [ -70.4977602, 18.4465885 ], [ -70.4974625, 18.4465962 ], [ -70.4968344, 18.4466929 ], [ -70.4959336, 18.4469142 ], [ -70.4957163, 18.4469346 ], [ -70.4956225, 18.4469015 ], [ -70.4955635, 18.4468353 ], [ -70.4955232, 18.4466903 ], [ -70.4953891, 18.4463901 ], [ -70.4952711, 18.4462781 ], [ -70.4949573, 18.4461356 ], [ -70.4947588, 18.4460262 ], [ -70.4945764, 18.4458354 ], [ -70.494149, 18.4451705 ], [ -70.4940519, 18.4442608 ], [ -70.4943493, 18.4431323 ], [ -70.494865, 18.4422337 ], [ -70.4952657, 18.4409445 ], [ -70.4954867, 18.4391585 ], [ -70.495903, 18.4387201 ], [ -70.4962823, 18.438085 ], [ -70.4964566, 18.4377415 ], [ -70.4964915, 18.437459 ], [ -70.4964861, 18.43723 ], [ -70.4965344, 18.4370468 ], [ -70.4966283, 18.4368458 ], [ -70.4967195, 18.4366956 ], [ -70.4968026, 18.4363369 ], [ -70.4969555, 18.4357414 ], [ -70.4970065, 18.4353674 ], [ -70.4970011, 18.4349501 ], [ -70.4971084, 18.4343776 ], [ -70.4970709, 18.4338025 ], [ -70.497044, 18.4335073 ], [ -70.4970735, 18.4331536 ], [ -70.4971755, 18.4325556 ], [ -70.4971433, 18.4319347 ], [ -70.4970628, 18.4313393 ], [ -70.4968938, 18.4306497 ], [ -70.4968455, 18.4303062 ], [ -70.4967678, 18.4299728 ], [ -70.4963332, 18.4292527 ], [ -70.4961294, 18.4289982 ], [ -70.4960167, 18.4288812 ], [ -70.4958129, 18.4285275 ], [ -70.495625100000012, 18.4283901 ], [ -70.4954723, 18.4283366 ], [ -70.4952416, 18.4282756 ], [ -70.4950699, 18.4281789 ], [ -70.4946059, 18.4278328 ], [ -70.4942679, 18.4276139 ], [ -70.4934016, 18.4269625 ], [ -70.4922161, 18.42625 ], [ -70.4915616, 18.4257716 ], [ -70.4912692, 18.4255273 ], [ -70.4910225, 18.4253593 ], [ -70.4903787, 18.4250998 ], [ -70.4892147, 18.4247334 ], [ -70.4884655, 18.4245842 ], [ -70.4880149, 18.4246199 ], [ -70.487558, 18.4244952 ], [ -70.4872138, 18.4243586 ], [ -70.4868195, 18.424032 ], [ -70.4865315, 18.4238539 ], [ -70.4853111, 18.4237648 ], [ -70.4848166, 18.4236223 ], [ -70.4844144, 18.4233115 ], [ -70.4840405, 18.4233788 ], [ -70.48364620000001, 18.4233194 ], [ -70.4815996, 18.422399 ], [ -70.4812053, 18.4223396 ], [ -70.4807609, 18.4221734 ], [ -70.4801788, 18.4216924 ], [ -70.4792963, 18.4209739 ], [ -70.4783035, 18.4208906 ], [ -70.4777065, 18.4204157 ], [ -70.4770494, 18.4193112 ], [ -70.4731707, 18.4163583 ], [ -70.4724873, 18.4157759 ], [ -70.4711773, 18.4133359 ], [ -70.4699642, 18.4106044 ], [ -70.469141, 18.4092608 ], [ -70.4684973, 18.4079069 ], [ -70.4680628, 18.4066318 ], [ -70.4680198, 18.4064511 ], [ -70.4679957, 18.4063188 ], [ -70.4680467, 18.4061508 ], [ -70.4682478, 18.405848 ], [ -70.4684356, 18.40568 ], [ -70.4688433, 18.4053364 ], [ -70.4691276, 18.4052295 ], [ -70.4692885, 18.4051048 ], [ -70.4693824, 18.4049241 ], [ -70.4695487, 18.4043362 ], [ -70.4696426, 18.4041912 ], [ -70.4698223, 18.4039901 ], [ -70.4699886, 18.4038628 ], [ -70.4703641, 18.4032749 ], [ -70.4708684, 18.4020279 ], [ -70.4712224, 18.400903 ], [ -70.471469200000016, 18.3999918 ], [ -70.4724616, 18.3973449 ], [ -70.4729283, 18.3963574 ], [ -70.4733306, 18.3953495 ], [ -70.4735291, 18.3949779 ], [ -70.4738027, 18.3944587 ], [ -70.4739851, 18.3938479 ], [ -70.4740924, 18.3930487 ], [ -70.4740602, 18.392672 ], [ -70.4738832, 18.3922444 ], [ -70.4735291, 18.391883 ], [ -70.4728478, 18.3912161 ], [ -70.472703, 18.3909667 ], [ -70.4726279, 18.3906155 ], [ -70.4726923, 18.3898417 ], [ -70.4725689, 18.3893556 ], [ -70.4724401, 18.3889203 ], [ -70.4724026, 18.388732 ], [ -70.4723677, 18.3884698 ], [ -70.4724669, 18.3879175 ], [ -70.472644, 18.3874415 ], [ -70.4727405, 18.3872634 ], [ -70.4728559, 18.3870648 ], [ -70.473116, 18.3867212 ], [ -70.4732662, 18.3865303 ], [ -70.473446, 18.3862249 ], [ -70.473682, 18.3859984 ], [ -70.4738241, 18.3858838 ], [ -70.4740655, 18.3858024 ], [ -70.4742453, 18.3857235 ], [ -70.4743391, 18.3856446 ], [ -70.4746771, 18.3851482 ], [ -70.4751813, 18.3845577 ], [ -70.4754043, 18.3842459 ], [ -70.475691, 18.383845 ], [ -70.4758573, 18.3835651 ], [ -70.4759592, 18.3832036 ], [ -70.476045, 18.3827913 ], [ -70.4762542, 18.3822924 ], [ -70.4765332, 18.3819055 ], [ -70.4768872, 18.3816357 ], [ -70.4771608, 18.3815237 ], [ -70.4773217, 18.3815033 ], [ -70.4774773, 18.3814728 ], [ -70.4778099, 18.3811775 ], [ -70.4779172, 18.3810044 ], [ -70.4779279, 18.3807499 ], [ -70.4779011, 18.380531 ], [ -70.4778367, 18.3803223 ], [ -70.4778689, 18.3799965 ], [ -70.478121, 18.379523 ], [ -70.4782766, 18.3791412 ], [ -70.4783034, 18.3788256 ], [ -70.4783517, 18.3784692 ], [ -70.4783732, 18.3782962 ], [ -70.4784161, 18.3781511 ], [ -70.4785985, 18.3779143 ], [ -70.4792261, 18.3774969 ], [ -70.4796392, 18.3773849 ], [ -70.4804009, 18.3774714 ], [ -70.4807925, 18.3774969 ], [ -70.4813558, 18.3775733 ], [ -70.4818815, 18.3774918 ], [ -70.4821873, 18.3772118 ], [ -70.4825091, 18.3769064 ], [ -70.4827345, 18.3763464 ], [ -70.4833138, 18.3750635 ], [ -70.4840434, 18.3742998 ], [ -70.4845154, 18.3736075 ], [ -70.4845369, 18.3728845 ], [ -70.484376, 18.3721922 ], [ -70.4843035, 18.3719631 ], [ -70.4842553, 18.3717722 ], [ -70.484266, 18.3716652 ], [ -70.4843518, 18.3715532 ], [ -70.4845718, 18.3713496 ], [ -70.4850197, 18.3708787 ], [ -70.4857175, 18.3700248 ], [ -70.486785, 18.3686894 ], [ -70.4875775, 18.3666939 ], [ -70.4880789, 18.3655888 ], [ -70.4888229, 18.363977 ], [ -70.4893566, 18.3627643 ], [ -70.4891463, 18.3610912 ], [ -70.4894698, 18.3592491 ], [ -70.4903432, 18.3576987 ], [ -70.4907799, 18.3570847 ], [ -70.4911519, 18.3559948 ], [ -70.4913945, 18.3552733 ], [ -70.4912327, 18.3545671 ], [ -70.4915239, 18.3536614 ], [ -70.4920414, 18.3525715 ], [ -70.4916694, 18.3517579 ], [ -70.491119500000011, 18.3515123 ], [ -70.4901168, 18.3492096 ], [ -70.489858, 18.3479507 ], [ -70.4896639, 18.3459704 ], [ -70.4892434, 18.3443891 ], [ -70.4880303, 18.3422552 ], [ -70.4875613, 18.3406279 ], [ -70.4869467, 18.3387396 ], [ -70.4877392, 18.3375114 ], [ -70.4888229, 18.3363599 ], [ -70.4891302, 18.3352852 ], [ -70.488968400000019, 18.3346097 ], [ -70.4882891, 18.3339496 ], [ -70.4880627, 18.3321379 ], [ -70.4883053, 18.3313703 ], [ -70.4882244, 18.3303877 ], [ -70.4870437, 18.3290827 ], [ -70.4865046, 18.3269509 ], [ -70.4869872, 18.3222383 ], [ -70.4875734, 18.3187612 ], [ -70.49158850000002, 18.3109437 ], [ -70.4920253, 18.3060206 ], [ -70.4925105, 18.3037019 ], [ -70.4927693, 18.3018285 ], [ -70.4935132, 18.2983428 ], [ -70.494791, 18.2967304 ], [ -70.4959717, 18.2940431 ], [ -70.4972009, 18.291801 ], [ -70.5003709, 18.2890368 ], [ -70.5021662, 18.2878697 ], [ -70.504514, 18.2876102 ], [ -70.5053187, 18.2874268 ], [ -70.5059946, 18.2876 ], [ -70.5067456, 18.2878648 ], [ -70.5074322, 18.2885677 ], [ -70.5087197, 18.2892401 ], [ -70.5092132, 18.2894234 ], [ -70.5096209, 18.28978 ], [ -70.5104309, 18.2904981 ], [ -70.510913700000017, 18.2907171 ], [ -70.5113375, 18.2908037 ], [ -70.5118445, 18.2907019 ], [ -70.511992, 18.2905643 ], [ -70.5121905, 18.290437 ], [ -70.5126411, 18.289999 ], [ -70.5133331, 18.2896526 ], [ -70.5145715, 18.2892518 ], [ -70.5155905, 18.2888065 ], [ -70.5165447, 18.2866719 ], [ -70.518809, 18.2845526 ], [ -70.5225601, 18.2818219 ], [ -70.5239846, 18.2810358 ], [ -70.527759, 18.2813329 ], [ -70.5285295, 18.2817576 ], [ -70.5293705, 18.2818036 ], [ -70.5306159, 18.2808361 ], [ -70.5326214, 18.2806979 ], [ -70.5361959, 18.2807747 ], [ -70.5382014, 18.2808054 ], [ -70.5398835, 18.2818741 ], [ -70.5410156, 18.2829184 ], [ -70.5424713, 18.2835019 ], [ -70.5440887, 18.2838398 ], [ -70.5453987, 18.2831487 ], [ -70.5461751, 18.2828876 ], [ -70.5480512, 18.2827648 ], [ -70.5493128, 18.2831641 ], [ -70.5506714, 18.2830412 ], [ -70.5528548, 18.2826726 ], [ -70.5539385, 18.282473 ], [ -70.5560249, 18.2822426 ], [ -70.5573673, 18.281828 ], [ -70.5586612, 18.2810908 ], [ -70.559567, 18.280323 ], [ -70.5611196, 18.2791711 ], [ -70.5616534, 18.2789254 ], [ -70.5623974, 18.2788333 ], [ -70.5642088, 18.2790022 ], [ -70.5655189, 18.279294 ], [ -70.565988, 18.2795858 ], [ -70.5668128, 18.2797701 ], [ -70.5680097, 18.2797547 ], [ -70.5685919, 18.2794936 ], [ -70.5686728, 18.2789868 ], [ -70.5692065, 18.2784186 ], [ -70.56951380000001, 18.2785261 ], [ -70.5714062, 18.2790176 ], [ -70.572603, 18.2794783 ], [ -70.5732823, 18.2795704 ], [ -70.5740102, 18.2793708 ], [ -70.5748188, 18.2791865 ], [ -70.5751747, 18.2789561 ], [ -70.5757246, 18.2786336 ], [ -70.5758054, 18.27848 ], [ -70.5762098, 18.2783725 ], [ -70.5779404, 18.2784033 ], [ -70.578910800000017, 18.2787411 ], [ -70.5791858, 18.2793247 ], [ -70.5794445, 18.2797547 ], [ -70.5797518, 18.279939 ], [ -70.5798327, 18.280538 ], [ -70.5802209, 18.2808451 ], [ -70.5814824, 18.2812598 ], [ -70.5830351, 18.2814594 ], [ -70.5842356, 18.2806343 ], [ -70.5843775, 18.2802308 ], [ -70.5849436, 18.2800004 ], [ -70.5859302, 18.2800926 ], [ -70.58758, 18.2806608 ], [ -70.5889547, 18.2813212 ], [ -70.5923512, 18.2812751 ] ] ] } }
]
}
